id,nombre,apellido,email,genero,valor_tx,numero_identificacion,tipo_identificacion
1,Nevile,Cranfield,ncranfield0@boston.com,Male,$932254.01,223093045,CC
2,Town,Cassley,tcassley1@seattletimes.com,Male,$233529.02,833698696,PP
3,Elmer,Trelease,etrelease2@youtu.be,Male,$412667.40,711933689,CC
4,Shel,Leyrroyd,sleyrroyd3@1688.com,Female,$290029.50,227746696,CC
5,Joli,Makiver,jmakiver4@reverbnation.com,Female,$592435.65,751439153,PP
6,Lorrin,Sutherns,lsutherns5@zimbio.com,Female,$957588.58,549253880,PP
7,Corella,Vickerman,cvickerman6@kickstarter.com,Female,$317499.61,523412730,PP
8,Scarlett,Diable,sdiable7@linkedin.com,Female,$729432.96,664406657,CC
9,Sisely,Zukierman,szukierman8@biglobe.ne.jp,Female,$122074.29,242059220,PP
10,Marcella,Merkle,mmerkle9@xing.com,Female,$182421.04,138268282,PP
11,Lyda,Gooderham,lgooderhama@jugem.jp,Female,$114152.82,442151855,IT
12,Dana,Angier,dangierb@hhs.gov,Male,$403255.81,728586502,PP
13,Analise,Hallgate,ahallgatec@t.co,Female,$651965.01,105775012,PP
14,Javier,Jouanot,jjouanotd@bigcartel.com,Male,$820140.83,720667341,IT
15,Norina,O' Driscoll,nodriscolle@baidu.com,Female,$341196.27,8678355,PP
16,Dame,Scouller,dscoullerf@flavors.me,Male,$818998.49,140599697,IT
17,Paulita,Darrel,pdarrelg@ucoz.com,Female,$994518.71,1005441318,CC
18,Kahlil,Kenny,kkennyh@epa.gov,Male,$997617.88,768219475,IT
19,Skelly,Pachmann,spachmanni@cbslocal.com,Male,$140913.72,552467512,IT
20,Oralee,Grahl,ograhlj@php.net,Female,$721971.87,642773297,PP
21,Theodora,Bidgood,tbidgoodk@unesco.org,Female,$924795.16,707944010,CC
22,Kayla,Aynscombe,kaynscombel@lycos.com,Female,$772602.53,464932848,PP
23,Urson,Ferdinand,uferdinandm@wunderground.com,Male,$115892.14,433096576,IT
24,Catina,Hadwick,chadwickn@elpais.com,Female,$641360.09,974179370,PP
25,Addy,Elce,aelceo@yandex.ru,Male,$219388.40,427309657,PP
26,Noel,Kitchingham,nkitchinghamp@jiathis.com,Male,$320319.95,315234322,CC
27,Hunter,Sawford,hsawfordq@microsoft.com,Male,$298381.44,374633806,IT
28,Stanislas,Cotgrove,scotgrover@scientificamerican.com,Male,$255851.96,585079875,PP
29,Morley,Becarra,mbecarras@drupal.org,Male,$197524.52,77156363,IT
30,Staffard,de Mendoza,sdemendozat@msu.edu,Male,$128527.71,828102289,CC
31,Artemis,Waddell,awaddellu@economist.com,Male,$341196.84,399756494,PP
32,Charlean,Winnett,cwinnettv@home.pl,Female,$308997.00,706359784,PP
33,Vaughn,Diffley,vdiffleyw@wp.com,Male,$664490.12,804476997,CC
34,Kora,Mallinar,kmallinarx@mozilla.com,Female,$148483.54,505708051,CC
35,Ezri,Guilloton,eguillotony@list-manage.com,Male,$156160.08,599337396,CC
36,Dare,Petrushka,dpetrushkaz@drupal.org,Male,$242214.87,264020359,PP
37,Blaine,McGookin,bmcgookin10@jiathis.com,Male,$198502.43,459143739,PP
38,Gregor,Kellogg,gkellogg11@cnn.com,Male,$577215.06,755642223,PP
39,Christen,Gilling,cgilling12@moonfruit.com,Female,$504490.90,153670243,IT
40,Saxon,Ghilardi,sghilardi13@biblegateway.com,Male,$776848.64,824085404,PP
41,Brody,Jerrans,bjerrans14@state.gov,Male,$780366.44,907464607,CC
42,Audrie,Potticary,apotticary15@livejournal.com,Female,$978536.26,120752028,IT
43,Friedrick,Avramchik,favramchik16@meetup.com,Male,$347018.35,257260129,CC
44,Mirabella,Joy,mjoy17@amazonaws.com,Female,$439723.20,524999168,PP
45,Bat,Fenny,bfenny18@paginegialle.it,Male,$532185.45,585968641,IT
46,Kristen,Kiehl,kkiehl19@dell.com,Female,$731062.91,612848315,PP
47,Shayna,Trippett,strippett1a@thetimes.co.uk,Female,$387472.23,702404986,CC
48,Jimmie,Harrop,jharrop1b@businessinsider.com,Male,$270932.29,67018172,PP
49,Seana,Bernollet,sbernollet1c@newyorker.com,Female,$472653.35,121082513,CC
50,Tarah,Brownsall,tbrownsall1d@php.net,Female,$232174.50,122290918,IT
51,Fran,Truin,ftruin1e@cam.ac.uk,Male,$898598.81,385317973,PP
52,Fiann,Climie,fclimie1f@discovery.com,Female,$708341.51,632623443,CC
53,Heloise,Kaman,hkaman1g@sakura.ne.jp,Female,$155788.11,1000477340,PP
54,Arnoldo,Boast,aboast1h@nih.gov,Male,$679683.60,1039993436,CC
55,Erena,Hardesty,ehardesty1i@wix.com,Female,$335534.18,642620888,PP
56,Rafe,O'Growgane,rogrowgane1j@soundcloud.com,Male,$520137.51,875989530,IT
57,Corrianne,Kernar,ckernar1k@eepurl.com,Female,$333706.41,384256166,CC
58,Guillermo,Hovy,ghovy1l@wikispaces.com,Male,$807339.37,924531643,CC
59,Fair,Martinello,fmartinello1m@vimeo.com,Male,$827680.88,1000523778,IT
60,Diena,Aire,daire1n@hibu.com,Female,$676426.64,1046325739,CC
61,Panchito,Shanley,pshanley1o@alibaba.com,Male,$944707.22,77892686,IT
62,Olimpia,Broadstock,obroadstock1p@so-net.ne.jp,Female,$243531.73,807538690,PP
63,Josephine,Windley,jwindley1q@cnbc.com,Female,$452007.66,474616550,PP
64,Zedekiah,Bardsley,zbardsley1r@irs.gov,Male,$237121.71,37653445,PP
65,Markus,Dallewater,mdallewater1s@eepurl.com,Male,$775574.90,933453058,IT
66,Felicle,Rhule,frhule1t@sogou.com,Female,$225714.93,324762734,PP
67,Cathyleen,Daspar,cdaspar1u@slashdot.org,Female,$237575.00,747345819,CC
68,Cheryl,Child,cchild1v@cbsnews.com,Female,$172747.76,824839564,IT
69,Ximenez,Duffin,xduffin1w@meetup.com,Male,$823259.42,147328429,PP
70,Lilly,Petracco,lpetracco1x@delicious.com,Female,$501659.82,182271118,PP
71,Marrissa,Thorley,mthorley1y@netvibes.com,Female,$206937.41,184276308,IT
72,Tabitha,Mealand,tmealand1z@wix.com,Female,$357436.82,8508273,PP
73,Abbie,Charters,acharters20@zimbio.com,Male,$277547.02,946790374,PP
74,Tova,Luckwell,tluckwell21@examiner.com,Female,$238964.12,302031960,CC
75,Zebulen,Barrs,zbarrs22@google.com.au,Male,$455560.88,931905484,CC
76,Coletta,Sowthcote,csowthcote23@cbslocal.com,Female,$721457.85,935631315,IT
77,Tedie,Coggell,tcoggell24@myspace.com,Male,$286808.70,756275008,CC
78,Waylon,Glowinski,wglowinski25@facebook.com,Male,$870825.05,807241714,PP
79,Sofia,Perillo,sperillo26@sogou.com,Female,$423418.39,145138034,IT
80,Arleyne,Strowan,astrowan27@netscape.com,Female,$218395.00,766449268,CC
81,Emery,Tace,etace28@youtu.be,Male,$492224.97,745667103,PP
82,Cassondra,Hargate,chargate29@guardian.co.uk,Female,$524282.15,650731540,PP
83,Catherine,Guy,cguy2a@unc.edu,Female,$285072.09,505534186,CC
84,Caldwell,Bolderoe,cbolderoe2b@redcross.org,Male,$447206.50,133080220,PP
85,Redd,Pidgeley,rpidgeley2c@virginia.edu,Male,$526438.94,352800723,CC
86,Robbin,McIver,rmciver2d@cmu.edu,Female,$526868.77,998259333,CC
87,Lanae,Dellenty,ldellenty2e@technorati.com,Female,$437146.20,586145008,CC
88,Wade,Dewey,wdewey2f@washington.edu,Male,$908714.15,935703076,PP
89,Orsola,Ende,oende2g@list-manage.com,Female,$519096.53,720675482,IT
90,Terrell,Hug,thug2h@cam.ac.uk,Male,$422103.16,686142392,CC
91,Hubey,Yakubovics,hyakubovics2i@cbc.ca,Male,$628508.67,369468543,PP
92,Seka,Leith-Harvey,sleithharvey2j@bloglovin.com,Female,$309432.66,831461532,PP
93,Myriam,Beecker,mbeecker2k@timesonline.co.uk,Female,$756273.50,727053335,IT
94,Genny,Povlsen,gpovlsen2l@livejournal.com,Female,$353428.80,158515190,IT
95,Nani,Fenwick,nfenwick2m@nifty.com,Female,$222104.52,641164528,CC
96,Celisse,Dewane,cdewane2n@walmart.com,Female,$645653.54,1016733028,PP
97,Uta,Allington,uallington2o@ibm.com,Female,$996113.89,654876248,IT
98,Levy,Hiddy,lhiddy2p@slate.com,Male,$167156.70,850411652,CC
99,Janey,Erswell,jerswell2q@reference.com,Female,$141778.41,292241498,IT
100,Julius,Webburn,jwebburn2r@sogou.com,Male,$875257.19,806965990,CC
101,Birk,Leebetter,bleebetter2s@merriam-webster.com,Male,$528925.61,636327165,CC
102,Luther,Kas,lkas2t@dailymotion.com,Male,$811296.32,733615629,PP
103,Tamar,Cornew,tcornew2u@nasa.gov,Female,$858740.96,28253699,PP
104,Elana,Hanton,ehanton2v@amazon.com,Female,$743454.15,94093267,CC
105,Cully,Baser,cbaser2w@gnu.org,Male,$888829.70,278071890,CC
106,Blane,Dickey,bdickey2x@free.fr,Male,$260391.61,86753617,IT
107,Falkner,Mila,fmila2y@123-reg.co.uk,Male,$491249.27,422464682,CC
108,Ellery,Cesaric,ecesaric2z@fc2.com,Male,$421155.81,655417215,CC
109,Lydia,Kellet,lkellet30@flavors.me,Female,$464042.53,162335927,PP
110,Clarence,Skones,cskones31@latimes.com,Male,$248830.00,34171887,CC
111,Barri,Climer,bclimer32@usnews.com,Male,$153051.72,55269654,IT
112,Eloise,Mutimer,emutimer33@cloudflare.com,Female,$578219.50,863770581,IT
113,Demetre,Wigginton,dwigginton34@blog.com,Male,$174842.07,837653797,IT
114,Becki,Sleath,bsleath35@spiegel.de,Female,$929091.05,908682136,IT
115,Viola,Wibrow,vwibrow36@over-blog.com,Female,$456181.37,860842740,IT
116,Zilvia,Jonuzi,zjonuzi37@issuu.com,Female,$179676.65,395518859,CC
117,Agosto,Biernat,abiernat38@auda.org.au,Male,$795273.88,616253813,PP
118,Bridgette,Frangione,bfrangione39@huffingtonpost.com,Female,$822446.49,243849152,PP
119,Shoshana,Robottom,srobottom3a@lulu.com,Female,$443693.42,280087376,CC
120,Melinda,Bengle,mbengle3b@spiegel.de,Female,$551811.67,525680945,IT
121,Bent,de la Tremoille,bdelatremoille3c@yandex.ru,Male,$359461.89,694169555,IT
122,Fair,Camerello,fcamerello3d@cbslocal.com,Male,$626313.81,936600372,IT
123,Ailis,Willder,awillder3e@comcast.net,Female,$767713.37,711624344,IT
124,Woody,Shreve,wshreve3f@skype.com,Male,$305473.87,862134949,PP
125,Ely,Rumgay,erumgay3g@ezinearticles.com,Male,$268286.13,753672793,CC
126,Cullin,Stockhill,cstockhill3h@hhs.gov,Male,$652509.38,708719077,IT
127,Clemmie,Maddern,cmaddern3i@prweb.com,Female,$242267.54,670148998,CC
128,Goddard,Feldmus,gfeldmus3j@unc.edu,Male,$885344.65,339044651,IT
129,Delmore,Bowdrey,dbowdrey3k@ycombinator.com,Male,$923410.21,992410980,PP
130,Mae,Skelhorn,mskelhorn3l@ox.ac.uk,Female,$161304.85,349300507,PP
131,Marjie,Huggen,mhuggen3m@indiegogo.com,Female,$860366.89,843898673,PP
132,Theresita,Franck,tfranck3n@hud.gov,Female,$732342.99,691702041,CC
133,Haze,Reeks,hreeks3o@ning.com,Male,$218534.50,854887610,CC
134,Farrah,Laurand,flaurand3p@soup.io,Female,$925104.99,679319266,PP
135,Sheppard,Hawksley,shawksley3q@ibm.com,Male,$183673.40,37134029,CC
136,Bennie,Clapham,bclapham3r@goo.ne.jp,Male,$479356.78,826649627,IT
137,Tiphany,Latek,tlatek3s@redcross.org,Female,$833159.72,968220990,CC
138,Kinsley,Taylder,ktaylder3t@cocolog-nifty.com,Male,$532100.30,894018191,IT
139,Pris,Rentoll,prentoll3u@cmu.edu,Female,$598347.02,254404426,CC
140,Sharla,Suggate,ssuggate3v@lulu.com,Female,$385614.07,438889647,CC
141,Clayborne,Seares,cseares3w@nyu.edu,Male,$958909.94,102235610,IT
142,Evered,Life,elife3x@tinypic.com,Male,$965549.87,430296144,IT
143,Hally,Macallam,hmacallam3y@hp.com,Female,$913392.88,388709169,IT
144,Rodney,Fishby,rfishby3z@latimes.com,Male,$227178.75,628411648,PP
145,Adrian,Clemencon,aclemencon40@hubpages.com,Male,$887917.24,595769464,PP
146,Theodoric,Jewar,tjewar41@techcrunch.com,Male,$338464.81,594131096,IT
147,Marlene,Curdell,mcurdell42@adobe.com,Female,$810891.93,527699067,CC
148,Jason,Warlton,jwarlton43@wsj.com,Male,$427431.70,833065786,PP
149,Verge,Crayke,vcrayke44@cyberchimps.com,Male,$413092.58,544513951,PP
150,Erhard,Louisot,elouisot45@wufoo.com,Male,$458461.35,430091400,CC
151,David,Frosch,dfrosch46@usda.gov,Male,$842689.55,256857679,PP
152,Creigh,Madison,cmadison47@reverbnation.com,Male,$908048.05,141779529,PP
153,Emili,Chalkly,echalkly48@biglobe.ne.jp,Female,$242305.28,980328148,IT
154,Malchy,Doone,mdoone49@trellian.com,Male,$202722.38,937401621,CC
155,Pincas,McClurg,pmcclurg4a@mtv.com,Male,$183734.98,1030698228,CC
156,Bobbee,Aland,baland4b@hhs.gov,Female,$828308.31,46639088,CC
157,Yvonne,Blackesland,yblackesland4c@smugmug.com,Female,$493848.41,313540315,PP
158,Emmit,Petran,epetran4d@histats.com,Male,$523163.01,916463816,PP
159,Adolf,Adamski,aadamski4e@addtoany.com,Male,$611320.76,411536196,CC
160,Jacky,Bellhouse,jbellhouse4f@nytimes.com,Female,$576327.51,628988588,PP
161,Dasya,Grandham,dgrandham4g@redcross.org,Female,$380750.84,98945371,PP
162,Sydney,Franciskiewicz,sfranciskiewicz4h@histats.com,Male,$441143.46,793283431,IT
163,Greta,Rudderham,grudderham4i@who.int,Female,$960858.72,337729207,PP
164,Yetta,Wildin,ywildin4j@timesonline.co.uk,Female,$826078.88,820029822,PP
165,Culley,Marns,cmarns4k@google.it,Male,$218588.30,659506376,CC
166,Earvin,Wyldbore,ewyldbore4l@etsy.com,Male,$305133.07,821477724,IT
167,Auguste,Chopy,achopy4m@ebay.com,Female,$715586.31,282251286,PP
168,Sascha,Ingle,single4n@sciencedaily.com,Female,$485043.84,153009818,PP
169,Remington,Goodbar,rgoodbar4o@bravesites.com,Male,$287993.32,347300324,IT
170,Nathan,Scattergood,nscattergood4p@biglobe.ne.jp,Male,$302926.84,478771006,PP
171,Dory,Bauer,dbauer4q@mapy.cz,Male,$287299.03,849764431,CC
172,Darlene,Cantera,dcantera4r@booking.com,Female,$500125.29,911355673,PP
173,Karly,Garvie,kgarvie4s@google.cn,Female,$867747.38,1049244817,PP
174,Sander,Rizzello,srizzello4t@nydailynews.com,Male,$531515.51,509686717,CC
175,Beulah,Zelake,bzelake4u@hp.com,Female,$412367.66,824531467,CC
176,Stan,Rawlingson,srawlingson4v@mit.edu,Male,$603369.22,400460277,CC
177,York,Bridgstock,ybridgstock4w@imgur.com,Male,$383371.01,110150014,CC
178,Giffard,Castelletti,gcastelletti4x@latimes.com,Male,$707886.75,283115929,IT
179,Annabel,Proffitt,aproffitt4y@biglobe.ne.jp,Female,$483635.48,1024040660,PP
180,Belita,Mohammed,bmohammed4z@nhs.uk,Female,$927196.94,22326981,CC
181,Neal,Leupold,nleupold50@over-blog.com,Male,$908342.36,459098042,PP
182,Kimble,Smaleman,ksmaleman51@surveymonkey.com,Male,$788959.04,515716259,PP
183,Harrison,Staig,hstaig52@icq.com,Male,$647968.24,511575821,IT
184,Justine,Boundley,jboundley53@lulu.com,Female,$183827.87,448053871,CC
185,Christabella,Avraam,cavraam54@hubpages.com,Female,$208381.42,812585354,IT
186,Nessy,Pymer,npymer55@dedecms.com,Female,$493675.31,316656863,PP
187,Rustie,Peter,rpeter56@google.it,Male,$117300.06,529834998,IT
188,Lawton,Pullan,lpullan57@smugmug.com,Male,$946193.59,94523804,CC
189,Brose,Drain,bdrain58@nature.com,Male,$215273.43,425267299,IT
190,Shaine,Yakovlev,syakovlev59@yahoo.co.jp,Male,$574655.79,731795709,PP
191,Kean,Frobisher,kfrobisher5a@newsvine.com,Male,$869994.31,50657095,CC
192,Meier,Marran,mmarran5b@lycos.com,Male,$954783.48,718900578,IT
193,Gibbie,Simcock,gsimcock5c@squarespace.com,Male,$519631.53,918542269,CC
194,Chaddy,McKall,cmckall5d@mashable.com,Male,$672614.57,580347628,PP
195,Janeta,Lorenzini,jlorenzini5e@issuu.com,Female,$937571.03,198488537,CC
196,Blair,Salway,bsalway5f@oaic.gov.au,Male,$224986.37,340121602,CC
197,Leonanie,Lehr,llehr5g@dot.gov,Female,$491181.13,459680686,CC
198,Reeta,Blei,rblei5h@nbcnews.com,Female,$632358.38,713954689,PP
199,Dick,Handforth,dhandforth5i@wikispaces.com,Male,$624868.45,618624707,CC
200,Isaiah,Noore,inoore5j@soup.io,Male,$829582.04,1019620021,PP
201,Johann,O'Dea,jodea5k@ft.com,Male,$881590.14,301592919,PP
202,Rafa,Jump,rjump5l@wix.com,Female,$491167.06,123230540,CC
203,Mari,Patel,mpatel5m@bluehost.com,Female,$119160.68,624475029,PP
204,Theobald,Paulton,tpaulton5n@odnoklassniki.ru,Male,$628146.53,454578354,IT
205,Farrand,Slidders,fslidders5o@yelp.com,Female,$792084.61,1028511164,PP
206,Fergus,Mozzetti,fmozzetti5p@blinklist.com,Male,$326065.34,469266280,IT
207,Carlen,Bromehead,cbromehead5q@cisco.com,Female,$217190.69,147128704,CC
208,Julita,Whitebrook,jwhitebrook5r@chron.com,Female,$297727.18,962180246,CC
209,Corbett,Kenwell,ckenwell5s@smh.com.au,Male,$506070.72,848837467,CC
210,Ebenezer,Vaan,evaan5t@who.int,Male,$694294.55,951498617,CC
211,Marcus,Frantz,mfrantz5u@twitpic.com,Male,$645222.99,839166133,CC
212,Cori,Keers,ckeers5v@mediafire.com,Male,$642244.68,73475578,IT
213,Bevan,Lochrie,blochrie5w@soundcloud.com,Male,$173605.00,749770460,PP
214,Adela,Haydock,ahaydock5x@usgs.gov,Female,$145540.51,291503020,PP
215,Dirk,Beartup,dbeartup5y@ihg.com,Male,$626223.59,949839737,CC
216,Wilbur,McMeeking,wmcmeeking5z@naver.com,Male,$811371.36,801690644,IT
217,Ina,Cadge,icadge60@jiathis.com,Female,$414564.08,359563169,IT
218,Whitaker,Dries,wdries61@china.com.cn,Male,$634827.95,461118839,PP
219,Gabriella,Writer,gwriter62@cdbaby.com,Female,$222478.35,872795311,CC
220,Jule,Fowlston,jfowlston63@t-online.de,Male,$141083.73,853955412,IT
221,Sophey,Tease,stease64@princeton.edu,Female,$646166.92,52293391,PP
222,Tremain,Dubber,tdubber65@icq.com,Male,$743863.57,802110249,PP
223,Winslow,Cawdell,wcawdell66@issuu.com,Male,$322126.70,265457477,IT
224,Gregoire,Agnolo,gagnolo67@uol.com.br,Male,$458596.98,332042680,CC
225,Paige,Goney,pgoney68@imgur.com,Male,$557706.78,18125028,PP
226,Ariella,Giamo,agiamo69@nbcnews.com,Female,$248611.11,174888217,CC
227,Pattie,Kraut,pkraut6a@mashable.com,Female,$959070.25,688605961,IT
228,Reece,Minshull,rminshull6b@geocities.jp,Male,$889623.33,852195912,CC
229,Bren,Abercromby,babercromby6c@amazon.com,Female,$444065.24,170406610,PP
230,Robbi,Coldtart,rcoldtart6d@howstuffworks.com,Female,$533577.99,829132921,IT
231,Bert,Antwis,bantwis6e@ox.ac.uk,Male,$531907.17,572287221,PP
232,Stephannie,Wittke,swittke6f@loc.gov,Female,$907002.41,272484775,CC
233,Pansie,Dutton,pdutton6g@bbb.org,Female,$301260.48,543738349,CC
234,Hildegarde,Brenstuhl,hbrenstuhl6h@123-reg.co.uk,Female,$892291.40,249521470,CC
235,Araldo,Gercke,agercke6i@usgs.gov,Male,$531376.77,409515615,IT
236,Karine,Mattaus,kmattaus6j@blogspot.com,Female,$125977.53,189186767,IT
237,Eda,Doole,edoole6k@instagram.com,Female,$776209.46,523002523,CC
238,Mordecai,Gamlen,mgamlen6l@illinois.edu,Male,$168424.92,371974344,CC
239,Tiebout,McKeachie,tmckeachie6m@sphinn.com,Male,$508754.23,551176335,PP
240,Aura,Jackett,ajackett6n@sina.com.cn,Female,$543335.64,471229217,CC
241,Alvan,Greste,agreste6o@businessinsider.com,Male,$745971.27,873163753,CC
242,Cinnamon,Revel,crevel6p@free.fr,Female,$741492.75,698359363,PP
243,Rob,Wesker,rwesker6q@wordpress.org,Male,$379701.02,281094399,CC
244,Karolina,Bloys,kbloys6r@theguardian.com,Female,$373442.45,456292615,CC
245,Edwina,Drabble,edrabble6s@google.ca,Female,$470068.02,903148748,IT
246,Kellby,Revey,krevey6t@businessweek.com,Male,$109470.07,632940485,IT
247,Emmit,Gilardengo,egilardengo6u@oaic.gov.au,Male,$818553.83,823642541,CC
248,Creight,Normavell,cnormavell6v@biblegateway.com,Male,$154818.76,1048256028,IT
249,Modesta,Eggerton,meggerton6w@cnbc.com,Female,$716153.10,777445797,CC
250,Ciro,Leavold,cleavold6x@illinois.edu,Male,$389867.87,979807659,IT
251,Nikolos,Gauvin,ngauvin6y@ebay.co.uk,Male,$913476.82,857733320,PP
252,Wade,Thirlaway,wthirlaway6z@storify.com,Male,$255118.11,376023622,PP
253,Gardner,Mongenot,gmongenot70@list-manage.com,Male,$777008.89,71070578,CC
254,Jabez,Duberry,jduberry71@squarespace.com,Male,$603735.76,155307486,CC
255,Juliet,Dawdry,jdawdry72@google.de,Female,$686145.46,534179927,IT
256,Claybourne,Penchen,cpenchen73@elpais.com,Male,$409423.85,924613676,PP
257,Rab,Aveyard,raveyard74@miibeian.gov.cn,Male,$926265.43,758672670,PP
258,Dannie,Romagnosi,dromagnosi75@ibm.com,Male,$223425.01,568318327,IT
259,Billy,Bleeze,bbleeze76@1und1.de,Female,$242085.63,938536246,IT
260,Nathalia,McClymont,nmcclymont77@virginia.edu,Female,$901072.33,641581877,PP
261,Quinlan,Ingle,qingle78@wiley.com,Male,$902357.84,570181839,PP
262,Saundra,Skym,sskym79@woothemes.com,Female,$367369.98,129268307,IT
263,Burlie,Gallanders,bgallanders7a@wikipedia.org,Male,$847905.37,686620141,CC
264,Casey,Gurko,cgurko7b@alexa.com,Male,$386383.91,275510050,CC
265,Clem,Guslon,cguslon7c@slashdot.org,Female,$355556.98,148832626,IT
266,Gayelord,Caseley,gcaseley7d@ted.com,Male,$606503.20,100311881,CC
267,Rosmunda,Petrusch,rpetrusch7e@kickstarter.com,Female,$280145.61,826550919,PP
268,Jimmy,Lumsdaine,jlumsdaine7f@weibo.com,Male,$973131.82,1042535895,CC
269,Case,Crumb,ccrumb7g@oracle.com,Male,$860227.29,780396602,IT
270,Dennison,Hiom,dhiom7h@deviantart.com,Male,$781619.95,456923034,PP
271,Nappie,Blaxter,nblaxter7i@cbsnews.com,Male,$161648.64,822506987,CC
272,Zarah,Carvill,zcarvill7j@umich.edu,Female,$406907.63,512007321,PP
273,Manny,Northover,mnorthover7k@dot.gov,Male,$336453.33,169232548,IT
274,Eula,Harrald,eharrald7l@zimbio.com,Female,$856018.12,651237942,IT
275,Winnifred,Denidge,wdenidge7m@bizjournals.com,Female,$559866.06,509342608,CC
276,Shelley,Lowdwell,slowdwell7n@hhs.gov,Male,$673406.31,538652539,PP
277,Alvira,Servant,aservant7o@vimeo.com,Female,$354829.97,419852884,PP
278,Lezlie,Baldini,lbaldini7p@chron.com,Female,$238099.94,302406561,IT
279,Liv,Pinnington,lpinnington7q@e-recht24.de,Female,$680280.33,599424987,PP
280,Patrizio,Trood,ptrood7r@hc360.com,Male,$153621.13,800429980,CC
281,Elladine,Whal,ewhal7s@kickstarter.com,Female,$600041.92,509507625,PP
282,Raye,Kubas,rkubas7t@ebay.co.uk,Female,$566014.54,727394526,PP
283,Rudolfo,Birdwhistell,rbirdwhistell7u@ted.com,Male,$948279.39,795293693,CC
284,Myca,Eagling,meagling7v@businesswire.com,Male,$960359.11,684821632,CC
285,Berne,Lippiett,blippiett7w@house.gov,Male,$947421.23,576854694,IT
286,Goldy,Maidment,gmaidment7x@behance.net,Female,$880472.30,1039914868,CC
287,Valencia,Maso,vmaso7y@bravesites.com,Female,$671921.24,352997570,PP
288,Mathilde,Stroobant,mstroobant7z@pinterest.com,Female,$877717.74,437444437,PP
289,Christa,Filippov,cfilippov80@weebly.com,Female,$226786.90,953016710,PP
290,Dani,Stennes,dstennes81@senate.gov,Male,$807607.62,527700629,CC
291,Pandora,Yegoshin,pyegoshin82@gov.uk,Female,$979670.63,243351132,PP
292,Meade,Britee,mbritee83@uol.com.br,Female,$303043.73,848840208,PP
293,Ludvig,Northeast,lnortheast84@xrea.com,Male,$545457.66,829704799,PP
294,Dall,Monahan,dmonahan85@si.edu,Male,$992199.12,85916566,IT
295,Irvin,Harm,iharm86@sphinn.com,Male,$892531.76,405380391,PP
296,Gaynor,Hensmans,ghensmans87@mediafire.com,Female,$989024.44,991475352,CC
297,Malinda,Shadbolt,mshadbolt88@ed.gov,Female,$191810.78,642365336,IT
298,Melisenda,Spadelli,mspadelli89@xing.com,Female,$321924.44,326402057,PP
299,Leeland,Gonsalo,lgonsalo8a@mail.ru,Male,$538480.23,1041047375,CC
300,Kessiah,Kydd,kkydd8b@yolasite.com,Female,$964745.73,27271207,IT
301,Amalita,Waple,awaple8c@ca.gov,Female,$826879.13,361730202,CC
302,Richy,Grinstead,rgrinstead8d@buzzfeed.com,Male,$702925.10,219343356,CC
303,Leandra,Simoneschi,lsimoneschi8e@skyrock.com,Female,$650627.55,258918877,CC
304,Sheba,Pond,spond8f@behance.net,Female,$372046.41,619916499,PP
305,Horatio,Luty,hluty8g@cyberchimps.com,Male,$675347.89,906031723,CC
306,Adan,Slimmon,aslimmon8h@ameblo.jp,Female,$914496.47,304353743,IT
307,Cross,Bullas,cbullas8i@ted.com,Male,$345962.11,72173880,PP
308,Ludvig,Dumbelton,ldumbelton8j@rambler.ru,Male,$556937.46,390826892,IT
309,Nessy,Alekhov,nalekhov8k@liveinternet.ru,Female,$738427.40,458361189,CC
310,Archy,Ikins,aikins8l@yellowpages.com,Male,$645787.08,904568366,IT
311,Merv,Henderson,mhenderson8m@dmoz.org,Male,$829078.03,155463714,IT
312,Morena,Aimeric,maimeric8n@apple.com,Female,$895497.14,210749213,CC
313,Darbee,Amery,damery8o@oakley.com,Male,$866629.17,558596626,IT
314,Dell,Werndly,dwerndly8p@reference.com,Female,$143107.57,124019026,PP
315,Edee,Pester,epester8q@adobe.com,Female,$940945.54,793434239,CC
316,Web,Haveline,whaveline8r@4shared.com,Male,$846068.93,1029698408,IT
317,Reginauld,Idiens,ridiens8s@cbsnews.com,Male,$908414.38,62409826,PP
318,Cob,Etchingham,cetchingham8t@admin.ch,Male,$762346.09,425404351,PP
319,Ebony,MacKnockiter,emacknockiter8u@omniture.com,Female,$667750.27,782622772,CC
320,Jacquenette,Madre,jmadre8v@geocities.jp,Female,$680467.65,734168363,IT
321,Holmes,Worgen,hworgen8w@va.gov,Male,$729428.51,541034281,IT
322,Nevins,Barsby,nbarsby8x@so-net.ne.jp,Male,$875417.09,523105979,CC
323,Korella,Upham,kupham8y@weibo.com,Female,$530347.72,662467560,CC
324,Lindon,Kivlehan,lkivlehan8z@imageshack.us,Male,$541453.65,824067834,CC
325,Linus,Mitchenson,lmitchenson90@princeton.edu,Male,$984547.49,514897823,IT
326,Florinda,Gyves,fgyves91@dell.com,Female,$703948.59,320012519,CC
327,Seymour,Chaffey,schaffey92@cam.ac.uk,Male,$584954.61,86662115,CC
328,Dolley,Maier,dmaier93@mashable.com,Female,$933198.63,667670289,IT
329,Anica,Mertin,amertin94@apache.org,Female,$222870.10,285839079,IT
330,Tully,Le feuvre,tlefeuvre95@studiopress.com,Male,$159422.82,31772410,IT
331,Gerry,Reolfo,greolfo96@sogou.com,Female,$680668.00,795013263,CC
332,Dasha,Nussey,dnussey97@blogspot.com,Female,$684177.08,15454891,PP
333,Brockie,Hender,bhender98@google.de,Male,$555584.17,491233506,CC
334,Esther,Birts,ebirts99@ustream.tv,Female,$497260.84,129524841,CC
335,Gran,Ewbach,gewbach9a@chronoengine.com,Male,$267472.25,509167634,CC
336,Giusto,Ebden,gebden9b@youtu.be,Male,$232230.25,202550141,IT
337,Ingelbert,Buckeridge,ibuckeridge9c@xrea.com,Male,$152155.40,827666637,CC
338,Sholom,Darycott,sdarycott9d@hatena.ne.jp,Male,$207387.30,896909226,CC
339,Chicky,Camocke,ccamocke9e@economist.com,Male,$788384.94,729283627,PP
340,Gregg,Tollet,gtollet9f@utexas.edu,Male,$423014.90,40914754,CC
341,Glen,Musicka,gmusicka9g@gmpg.org,Female,$436140.11,247518926,IT
342,Sander,Tomczak,stomczak9h@creativecommons.org,Male,$469832.17,499546094,IT
343,Cairistiona,Winchester,cwinchester9i@cpanel.net,Female,$185902.59,440415763,CC
344,Torre,Dearle,tdearle9j@desdev.cn,Male,$140005.23,691642817,IT
345,Chane,Lesor,clesor9k@alibaba.com,Male,$148545.78,862916573,CC
346,Morris,Braam,mbraam9l@princeton.edu,Male,$584454.49,686519621,IT
347,Graham,Duncombe,gduncombe9m@deliciousdays.com,Male,$295496.70,497556195,PP
348,Morna,Tilney,mtilney9n@nba.com,Female,$508188.23,99979197,PP
349,Casper,Verrill,cverrill9o@last.fm,Male,$363940.52,84409822,PP
350,Onfroi,Halloway,ohalloway9p@google.com,Male,$239371.78,901421102,PP
351,Lemuel,Happs,lhapps9q@ihg.com,Male,$305219.93,917684943,IT
352,Manda,Manifield,mmanifield9r@ycombinator.com,Female,$665969.17,602132446,CC
353,Micky,Donovin,mdonovin9s@house.gov,Male,$744846.33,980658929,PP
354,Brigham,McCawley,bmccawley9t@bbb.org,Male,$538894.89,430641848,CC
355,Mavra,Mc Cahey,mmccahey9u@sbwire.com,Female,$606853.05,526765277,CC
356,Lewiss,Warland,lwarland9v@woothemes.com,Male,$512670.13,444158322,CC
357,Brockie,Dalloway,bdalloway9w@timesonline.co.uk,Male,$294110.37,635189517,PP
358,Heath,Mengo,hmengo9x@scribd.com,Male,$579360.74,1032905623,IT
359,Swen,Drinkwater,sdrinkwater9y@weibo.com,Male,$712170.70,952924188,PP
360,Bryan,Neljes,bneljes9z@printfriendly.com,Male,$155307.78,950973344,IT
361,Karney,Jacobson,kjacobsona0@blogspot.com,Male,$255763.61,406670462,PP
362,Kristina,Giacovetti,kgiacovettia1@forbes.com,Female,$115387.56,850049110,CC
363,Danika,Washbrook,dwashbrooka2@technorati.com,Female,$247427.92,742822417,CC
364,Ibrahim,Thoumas,ithoumasa3@cargocollective.com,Male,$468683.56,664787066,IT
365,Iolanthe,Parvin,iparvina4@squidoo.com,Female,$475646.04,708148448,IT
366,Chadwick,Crabb,ccrabba5@cafepress.com,Male,$292464.58,148612342,CC
367,Fernando,Studholme,fstudholmea6@freewebs.com,Male,$190529.41,996155349,CC
368,Mitch,Attewill,mattewilla7@wunderground.com,Male,$896669.99,440423864,IT
369,Pietra,Mulvin,pmulvina8@ucsd.edu,Female,$473186.52,877727069,IT
370,Dodie,Wanklyn,dwanklyna9@amazonaws.com,Female,$433991.12,614062271,CC
371,Marigold,Jacomb,mjacombaa@columbia.edu,Female,$426138.44,740832573,PP
372,Shannon,McCurrie,smccurrieab@discuz.net,Female,$704709.92,128206510,PP
373,Ermin,Bertwistle,ebertwistleac@google.ru,Male,$576078.06,747613075,PP
374,Haleigh,Mayling,hmaylingad@jigsy.com,Male,$287197.47,38415620,CC
375,Christin,Matzl,cmatzlae@pbs.org,Female,$382886.35,185825306,PP
376,Lou,O'Conor,loconoraf@php.net,Female,$537383.87,252330310,CC
377,Shoshanna,Silber,ssilberag@fda.gov,Female,$527610.88,282925097,CC
378,Garland,Limprecht,glimprechtah@g.co,Female,$716884.69,497285068,PP
379,Candra,Brinklow,cbrinklowai@privacy.gov.au,Female,$183384.47,634613270,PP
380,Barris,Huitt,bhuittaj@symantec.com,Male,$811737.72,555772775,IT
381,Dilan,Napoleone,dnapoleoneak@blogspot.com,Male,$183672.60,1021881197,CC
382,Merv,Booij,mbooijal@narod.ru,Male,$751176.01,222112991,CC
383,Sal,MacInnes,smacinnesam@statcounter.com,Male,$526033.91,895884494,IT
384,Reinaldo,Petow,rpetowan@cbsnews.com,Male,$504355.86,837171580,CC
385,Ludwig,Keward,lkewardao@stumbleupon.com,Male,$497660.59,393654398,CC
386,Annetta,Desson,adessonap@last.fm,Female,$707226.23,113549145,IT
387,Lonnie,Gorst,lgorstaq@irs.gov,Male,$342691.03,210900478,PP
388,Ingrim,Biaggi,ibiaggiar@dmoz.org,Male,$407105.80,525148126,IT
389,Lauritz,O'Haire,lohaireas@bloglines.com,Male,$685832.66,917961189,PP
390,Aubert,Khalid,akhalidat@alexa.com,Male,$907626.36,1049454411,PP
391,Hobard,d'Escoffier,hdescoffierau@cbc.ca,Male,$339785.56,1013551530,IT
392,Giacopo,Kennermann,gkennermannav@epa.gov,Male,$187850.11,45619113,IT
393,Ekaterina,Maciaszek,emaciaszekaw@netlog.com,Female,$915989.27,801243954,PP
394,Iolanthe,Maddrell,imaddrellax@ca.gov,Female,$763646.26,57825266,CC
395,Millie,Rawcliff,mrawcliffay@slate.com,Female,$653139.57,816240655,IT
396,Rayshell,Esland,reslandaz@zimbio.com,Female,$582767.29,369921813,PP
397,Frederik,Wilkins,fwilkinsb0@npr.org,Male,$864739.80,145238812,PP
398,Ashbey,Glen,aglenb1@tuttocitta.it,Male,$607465.54,1031631562,PP
399,Lucias,Jocelyn,ljocelynb2@go.com,Male,$256105.42,334639542,PP
400,Lydie,Risborough,lrisboroughb3@hhs.gov,Female,$368704.45,695312187,IT
401,Elsy,Dunkirk,edunkirkb4@eventbrite.com,Female,$258410.02,188224434,CC
402,Loree,Druitt,ldruittb5@google.co.jp,Female,$489993.04,1023279969,IT
403,Olin,Rozalski,orozalskib6@bandcamp.com,Male,$248214.90,692145156,CC
404,Roxane,Cumo,rcumob7@marketwatch.com,Female,$174759.26,990089533,PP
405,Ariel,Nutt,anuttb8@constantcontact.com,Male,$796703.51,824049646,IT
406,Martin,O' Connell,moconnellb9@census.gov,Male,$395764.62,538198711,IT
407,Jodee,Docherty,jdochertyba@imageshack.us,Female,$645737.98,851690463,CC
408,Salvador,Scholfield,sscholfieldbb@google.com.au,Male,$748711.81,184852495,IT
409,Torrence,Giddons,tgiddonsbc@howstuffworks.com,Male,$479331.56,554086158,CC
410,Cassey,Skitral,cskitralbd@craigslist.org,Female,$532042.24,120588961,PP
411,Cull,Nussii,cnussiibe@samsung.com,Male,$887096.82,304280819,IT
412,Yoshiko,Egiloff,yegiloffbf@dyndns.org,Female,$381006.11,133216173,CC
413,Nickey,Glastonbury,nglastonburybg@topsy.com,Male,$602712.11,485089123,IT
414,Jock,MacKain,jmackainbh@marriott.com,Male,$391824.92,785313634,CC
415,Maggie,Jeaneau,mjeaneaubi@shareasale.com,Female,$310228.04,201873862,CC
416,Sybil,Birley,sbirleybj@toplist.cz,Female,$732206.42,985560260,IT
417,Ella,Robben,erobbenbk@vimeo.com,Female,$947071.55,884060337,PP
418,Haroun,Pilbeam,hpilbeambl@vk.com,Male,$294478.73,646711355,IT
419,Tracey,Downs,tdownsbm@nih.gov,Male,$475198.00,54496414,PP
420,Anna-diana,Troutbeck,atroutbeckbn@ovh.net,Female,$982595.18,1024717501,CC
421,Chicky,Duffyn,cduffynbo@ft.com,Male,$983933.79,397801925,IT
422,Dolorita,Fonzone,dfonzonebp@google.ru,Female,$184062.66,43462874,CC
423,Moshe,Cecchetelli,mcecchetellibq@cornell.edu,Male,$601238.91,666017336,IT
424,Vernice,Kubera,vkuberabr@surveymonkey.com,Female,$414253.47,237114764,CC
425,Prent,Trask,ptraskbs@ucoz.com,Male,$543520.21,562833758,CC
426,Annalee,Sammons,asammonsbt@washingtonpost.com,Female,$975078.57,424983726,CC
427,Gertrud,Marshallsay,gmarshallsaybu@webeden.co.uk,Female,$593362.12,811124432,IT
428,Kennedy,Fannin,kfanninbv@paypal.com,Male,$688132.84,386607681,CC
429,Rance,Scotchford,rscotchfordbw@wsj.com,Male,$926215.06,405621073,IT
430,Humberto,Corteney,hcorteneybx@yahoo.com,Male,$276616.46,760242499,PP
431,Ernst,Larmett,elarmettby@blog.com,Male,$308692.64,691090540,CC
432,Marie-jeanne,Pedley,mpedleybz@usa.gov,Female,$259217.72,918768197,IT
433,Rabi,Zamudio,rzamudioc0@mashable.com,Male,$668476.87,710671429,IT
434,Revkah,Swinyard,rswinyardc1@nature.com,Female,$588152.71,513149267,PP
435,Kaila,Mathieu,kmathieuc2@census.gov,Female,$788213.91,962972503,IT
436,Chelsie,Inglese,cinglesec3@zdnet.com,Female,$940189.14,88521256,PP
437,Rabbi,Brunelli,rbrunellic4@mozilla.org,Male,$781424.38,272602854,PP
438,Marjie,Neary,mnearyc5@aboutads.info,Female,$572861.16,406151816,IT
439,Lucky,Skechley,lskechleyc6@rediff.com,Female,$895855.28,650549375,PP
440,Dacia,Hitcham,dhitchamc7@printfriendly.com,Female,$568231.67,307322746,PP
441,Janaya,Redhouse,jredhousec8@ucsd.edu,Female,$743238.93,271125530,IT
442,Tucky,Sinisbury,tsinisburyc9@amazon.co.jp,Male,$972845.58,368250832,PP
443,Donall,Bathoe,dbathoeca@gnu.org,Male,$219056.25,478600354,PP
444,Helge,Waudby,hwaudbycb@hatena.ne.jp,Female,$758703.03,27068012,CC
445,Marylee,Roney,mroneycc@usatoday.com,Female,$974887.50,526279346,PP
446,Millicent,Bottoms,mbottomscd@instagram.com,Female,$173405.38,326385294,CC
447,Tadeo,Brusby,tbrusbyce@umn.edu,Male,$367898.07,753407810,IT
448,Shelden,Burnyeat,sburnyeatcf@soup.io,Male,$399725.27,450263064,CC
449,Edgardo,Clelle,eclellecg@telegraph.co.uk,Male,$416705.98,775760245,CC
450,Redd,Ferrieroi,rferrieroich@baidu.com,Male,$290223.05,294455605,PP
451,Elisabeth,Dussy,edussyci@hubpages.com,Female,$802481.35,507324830,PP
452,Christiano,Elstub,celstubcj@about.com,Male,$271786.28,640750999,PP
453,Miran,Lowensohn,mlowensohnck@pen.io,Female,$238007.69,18281330,CC
454,Emile,Sanford,esanfordcl@eepurl.com,Male,$848284.67,609961854,CC
455,Rodney,Craiker,rcraikercm@fotki.com,Male,$351692.36,20379013,IT
456,Jerrilee,Henstone,jhenstonecn@domainmarket.com,Female,$419537.13,162799654,CC
457,Bartolomeo,Borwick,bborwickco@technorati.com,Male,$619836.05,937407953,PP
458,Ignacio,Samsin,isamsincp@springer.com,Male,$867602.29,865165288,CC
459,Jody,Gert,jgertcq@sbwire.com,Female,$312029.33,606205225,CC
460,Michal,Chittie,mchittiecr@virginia.edu,Male,$954024.27,366323321,PP
461,Truman,Dorsey,tdorseycs@intel.com,Male,$546894.53,163860206,PP
462,Mar,Druitt,mdruittct@imageshack.us,Male,$687979.37,241500780,CC
463,Westbrooke,Bettenay,wbettenaycu@merriam-webster.com,Male,$788505.19,270415195,CC
464,Zarla,Orro,zorrocv@edublogs.org,Female,$907428.20,225471484,CC
465,Welby,Queste,wquestecw@rambler.ru,Male,$202081.78,788085005,CC
466,Antonius,Ivons,aivonscx@plala.or.jp,Male,$409802.06,985154306,PP
467,Kendell,Hazel,khazelcy@foxnews.com,Male,$267157.32,432963551,PP
468,Gerty,Devoy,gdevoycz@slate.com,Female,$655848.68,692019756,CC
469,Tally,Penk,tpenkd0@google.com,Male,$285346.60,593665116,CC
470,Georgie,MacClancey,gmacclanceyd1@hc360.com,Male,$765918.45,1015741659,CC
471,Prisca,Clemmensen,pclemmensend2@walmart.com,Female,$656879.37,645643759,CC
472,Derk,Jakubiak,djakubiakd3@feedburner.com,Male,$307884.09,984928360,CC
473,Brooke,Emmitt,bemmittd4@google.fr,Female,$309456.76,496580043,IT
474,Balduin,Deevey,bdeeveyd5@wired.com,Male,$702234.89,964300031,PP
475,Rosie,Lambal,rlambald6@zdnet.com,Female,$920173.01,645054979,PP
476,Hobie,Orhtmann,horhtmannd7@lycos.com,Male,$374072.62,597732584,IT
477,Banky,Feasby,bfeasbyd8@craigslist.org,Male,$332467.27,918510560,CC
478,Nertie,Gahagan,ngahagand9@mashable.com,Female,$429008.23,92157403,IT
479,Brena,Del Castello,bdelcastelloda@cnn.com,Female,$160460.64,603364235,CC
480,Trixi,Leaton,tleatondb@quantcast.com,Female,$299408.28,511128063,IT
481,Neall,Bartoletti,nbartolettidc@rediff.com,Male,$259419.35,734093459,PP
482,Tristan,Trowler,ttrowlerdd@reference.com,Male,$663182.55,527535131,PP
483,Joeann,Jagielski,jjagielskide@smugmug.com,Female,$704273.84,1028720468,CC
484,Willyt,Ewenson,wewensondf@blogs.com,Female,$309504.34,335249320,PP
485,Everett,Di Biasi,edibiasidg@phpbb.com,Male,$524258.77,86145477,PP
486,Bryon,Brend,bbrenddh@bloglines.com,Male,$470104.26,692774030,CC
487,Liana,Ochterlonie,lochterloniedi@guardian.co.uk,Female,$857976.77,269392292,IT
488,Maude,Jandl,mjandldj@t.co,Female,$420097.90,326684726,CC
489,Dov,Moggle,dmoggledk@stanford.edu,Male,$125226.21,891134800,PP
490,Miranda,Cammish,mcammishdl@google.nl,Female,$749591.67,534226194,PP
491,Aron,Grimsey,agrimseydm@gizmodo.com,Male,$894550.66,289731286,CC
492,Dugald,Rigolle,drigolledn@google.es,Male,$916308.18,809511274,IT
493,Winfield,Nunnerley,wnunnerleydo@examiner.com,Male,$695012.10,868061793,CC
494,Ursula,Strelitzki,ustrelitzkidp@bluehost.com,Female,$303325.91,315676734,CC
495,Josepha,Dionisii,jdionisiidq@springer.com,Female,$964427.71,1033238658,CC
496,Cynthea,Toone,ctoonedr@domainmarket.com,Female,$473335.66,458569488,CC
497,Lynett,Readmire,lreadmireds@i2i.jp,Female,$140453.57,63018160,CC
498,Roxanna,Pocknell,rpocknelldt@opensource.org,Female,$101463.29,811940986,CC
499,Prince,Moncaster,pmoncasterdu@de.vu,Male,$169252.26,908707259,CC
500,Morgun,Battlestone,mbattlestonedv@desdev.cn,Male,$432829.66,612377098,IT
501,Gregorio,Albone,galbonedw@meetup.com,Male,$837239.42,581484577,PP
502,Ali,Goundrill,agoundrilldx@bizjournals.com,Female,$810327.38,279951417,PP
503,Natassia,Lillie,nlilliedy@state.tx.us,Female,$781444.39,421762002,PP
504,Edie,St Pierre,estpierredz@bbc.co.uk,Female,$104042.76,1020182015,CC
505,Cilka,Ussher,cusshere0@live.com,Female,$237371.64,321266036,CC
506,Chicky,Yorston,cyorstone1@webnode.com,Female,$927870.01,321828729,IT
507,Nancey,Dykas,ndykase2@prweb.com,Female,$384825.47,231517368,IT
508,Reinaldos,Mullineux,rmullineuxe3@youku.com,Male,$120255.03,796950409,IT
509,Marie-ann,Florence,mflorencee4@ustream.tv,Female,$779680.58,12298497,IT
510,Grissel,Easterby,geasterbye5@elpais.com,Female,$864362.60,139495181,CC
511,Rabi,Rapkins,rrapkinse6@cdbaby.com,Male,$678852.89,396750448,IT
512,Verina,Harses,vharsese7@nature.com,Female,$951904.99,781804487,IT
513,Vonnie,Artois,vartoise8@163.com,Female,$121158.30,485621372,CC
514,Ray,Fitzsymon,rfitzsymone9@imgur.com,Female,$543096.25,77414420,PP
515,Karie,Weall,kweallea@engadget.com,Female,$595306.46,815106621,IT
516,Lilly,Finessy,lfinessyeb@gmpg.org,Female,$372485.17,351205609,IT
517,Nanete,Desport,ndesportec@theatlantic.com,Female,$338536.12,1043019297,PP
518,Vyky,Clardge,vclardgeed@slashdot.org,Female,$370291.19,748179863,CC
519,Trenton,Hellen,thellenee@cbc.ca,Male,$426647.44,506073561,IT
520,Thayne,Tapner,ttapneref@bloomberg.com,Male,$903825.31,278263030,PP
521,Markos,Boarder,mboardereg@ftc.gov,Male,$107810.95,231602807,PP
522,Marta,Ambrose,mambroseeh@house.gov,Female,$710161.38,846046719,PP
523,Paco,Reynoollds,preynoolldsei@google.com.hk,Male,$142310.94,183765548,CC
524,Spense,Nornasell,snornasellej@tiny.cc,Male,$564874.64,85843576,IT
525,Marty,MacKaig,mmackaigek@imgur.com,Male,$367060.01,199457018,CC
526,Lyle,Bim,lbimel@amazon.co.uk,Male,$599653.40,177443791,CC
527,Cleveland,Kuzma,ckuzmaem@toplist.cz,Male,$474567.35,600726248,PP
528,Barret,Glennie,bglennieen@prnewswire.com,Male,$469149.59,799361006,CC
529,Verney,Hatterslay,vhatterslayeo@yale.edu,Male,$904768.25,707359005,CC
530,Rube,Brinklow,rbrinklowep@bbc.co.uk,Male,$895371.43,261052901,IT
531,Nathanial,Lace,nlaceeq@epa.gov,Male,$627985.84,623806015,PP
532,Pail,Treadaway,ptreadawayer@patch.com,Male,$383956.82,142702379,PP
533,Beatrix,Wims,bwimses@phpbb.com,Female,$538507.51,444763891,CC
534,Vikki,Shakesby,vshakesbyet@wp.com,Female,$433501.25,62592239,IT
535,Frazer,Sabate,fsabateeu@moonfruit.com,Male,$690148.62,980406900,IT
536,Barb,Seemmonds,bseemmondsev@booking.com,Female,$562048.09,946975674,IT
537,Shae,Broady,sbroadyew@foxnews.com,Male,$556403.09,670683132,CC
538,Ossie,Cranna,ocrannaex@tuttocitta.it,Male,$233104.43,366164438,CC
539,Tess,Sarney,tsarneyey@yelp.com,Female,$918073.98,609882829,CC
540,Quintina,Karys,qkarysez@prlog.org,Female,$362884.74,758380587,PP
541,Elberta,Franzotto,efranzottof0@sina.com.cn,Female,$635059.96,19200718,PP
542,Benedick,Tookey,btookeyf1@ifeng.com,Male,$730167.42,405657241,PP
543,Nicoli,Hayward,nhaywardf2@webs.com,Female,$334889.33,129034496,PP
544,Kyle,Garriock,kgarriockf3@cargocollective.com,Male,$651227.43,891527577,CC
545,William,Habbeshaw,whabbeshawf4@umich.edu,Male,$317364.34,261068847,IT
546,Marcia,Backwell,mbackwellf5@wisc.edu,Female,$991012.83,529193827,IT
547,Koren,Uwins,kuwinsf6@soup.io,Female,$563729.66,990285821,PP
548,Ring,Kubiak,rkubiakf7@craigslist.org,Male,$230978.98,139239110,CC
549,Cele,Caress,ccaressf8@google.com.au,Female,$582739.11,415278217,IT
550,Koralle,Lehrmann,klehrmannf9@tripadvisor.com,Female,$700582.33,967499556,IT
551,Chelsae,Johnstone,cjohnstonefa@lulu.com,Female,$580365.50,741981132,IT
552,Theodor,Doward,tdowardfb@feedburner.com,Male,$191325.08,56146470,IT
553,Stearne,Pervoe,spervoefc@moonfruit.com,Male,$425494.69,551240354,CC
554,Aldridge,Brikner,abriknerfd@elegantthemes.com,Male,$640914.49,503033627,IT
555,Moritz,Paolicchi,mpaolicchife@istockphoto.com,Male,$863896.41,1010260070,CC
556,Basilius,Trippick,btrippickff@reddit.com,Male,$991645.04,223508262,CC
557,Der,Augustus,daugustusfg@discuz.net,Male,$629952.30,1048147064,CC
558,Dore,Connell,dconnellfh@topsy.com,Female,$457325.56,291892451,IT
559,Gabrila,Elphick,gelphickfi@pen.io,Female,$801160.39,36886902,CC
560,Evania,Vigar,evigarfj@people.com.cn,Female,$547254.78,683690761,PP
561,Hakim,Millson,hmillsonfk@yellowbook.com,Male,$304714.66,690371216,CC
562,Bernardine,Adame,badamefl@globo.com,Female,$841937.77,512348609,CC
563,Pamela,Brooksby,pbrooksbyfm@nasa.gov,Female,$999554.43,269173334,PP
564,Giovanni,Agerskow,gagerskowfn@huffingtonpost.com,Male,$344494.73,39717526,IT
565,Daniel,Vuitton,dvuittonfo@bizjournals.com,Male,$142835.66,467266633,CC
566,Mignon,Blaylock,mblaylockfp@cnbc.com,Female,$810930.44,848895242,CC
567,Melisande,Vaneschi,mvaneschifq@studiopress.com,Female,$781111.66,118312681,PP
568,Vin,Ariss,varissfr@51.la,Female,$465596.67,521299864,PP
569,Ham,Verdie,hverdiefs@creativecommons.org,Male,$949474.69,766700014,IT
570,Umberto,Comerford,ucomerfordft@reuters.com,Male,$930996.42,660110660,CC
571,Myrilla,Speed,mspeedfu@odnoklassniki.ru,Female,$198837.85,994933371,CC
572,Emmeline,Bleythin,ebleythinfv@cisco.com,Female,$114432.49,900891454,PP
573,Marve,Evered,meveredfw@ning.com,Male,$297091.37,209130360,CC
574,Blake,Couroy,bcouroyfx@wordpress.org,Female,$177906.34,918472215,CC
575,Tibold,Sterke,tsterkefy@moonfruit.com,Male,$405220.38,709587519,CC
576,Graeme,Scholl,gschollfz@bbc.co.uk,Male,$892868.76,160479307,CC
577,Neall,Coneley,nconeleyg0@wikia.com,Male,$748319.47,57702642,CC
578,Antony,Swindle,aswindleg1@mozilla.org,Male,$767999.01,496587794,CC
579,Jefferson,Roskell,jroskellg2@fda.gov,Male,$677006.77,401614750,PP
580,Lisbeth,Churchin,lchurching3@whitehouse.gov,Female,$255031.95,473689264,IT
581,Bianka,Thirlaway,bthirlawayg4@gnu.org,Female,$113765.34,859177205,IT
582,Miguela,Le Barr,mlebarrg5@amazon.co.jp,Female,$252447.09,146607609,IT
583,Barth,Whiteley,bwhiteleyg6@kickstarter.com,Male,$297827.34,226708500,CC
584,Lothaire,Osmond,losmondg7@bing.com,Male,$421529.70,425327317,PP
585,Bogey,Matkovic,bmatkovicg8@nasa.gov,Male,$209325.87,100839327,IT
586,Lukas,Gauden,lgaudeng9@sfgate.com,Male,$892332.19,616266570,CC
587,Roman,Mosley,rmosleyga@canalblog.com,Male,$923427.58,736741987,PP
588,Venita,Sunderland,vsunderlandgb@discovery.com,Female,$691307.16,518048011,IT
589,Delcine,Dobbins,ddobbinsgc@freewebs.com,Female,$840757.76,727984067,IT
590,Renate,Frankema,rfrankemagd@flavors.me,Female,$712276.18,274284007,IT
591,Monika,Trood,mtroodge@hud.gov,Female,$241142.12,379163906,IT
592,Paten,Marunchak,pmarunchakgf@hc360.com,Male,$504392.25,652961922,IT
593,Berkie,Ballentime,bballentimegg@fastcompany.com,Male,$669186.24,116288568,CC
594,Delilah,Dellenty,ddellentygh@ucoz.ru,Female,$600528.47,610116831,CC
595,Rena,De L'Isle,rdelislegi@ovh.net,Female,$653728.22,97845782,CC
596,Byran,Letcher,bletchergj@vkontakte.ru,Male,$735197.41,19106434,CC
597,Kissee,Blainey,kblaineygk@imageshack.us,Female,$773966.40,40809619,PP
598,Arthur,Helm,ahelmgl@purevolume.com,Male,$489821.18,311188652,PP
599,Verile,Scotchmor,vscotchmorgm@canalblog.com,Female,$380482.10,166635822,PP
600,Frans,Densun,fdensungn@mozilla.com,Male,$329717.35,129943947,CC
601,Franny,Klainer,fklainergo@cbc.ca,Male,$750972.09,174799786,CC
602,Carry,Donnelly,cdonnellygp@princeton.edu,Female,$712923.90,796071216,PP
603,Lin,Veneur,lveneurgq@google.fr,Male,$779789.70,368197893,CC
604,Nichol,Staves,nstavesgr@theglobeandmail.com,Female,$963262.69,213408217,IT
605,Nels,Andrys,nandrysgs@yellowpages.com,Male,$604305.37,734726069,PP
606,Karalynn,Ludlom,kludlomgt@histats.com,Female,$878320.56,401367293,PP
607,Ali,Keary,akearygu@usda.gov,Male,$888391.14,233388519,IT
608,Vivienne,Bradie,vbradiegv@alibaba.com,Female,$206219.01,862730598,PP
609,Mikaela,Ducker,mduckergw@vk.com,Female,$226248.98,236001784,IT
610,Corbett,Granville,cgranvillegx@sohu.com,Male,$592037.99,212347574,CC
611,Peria,Hedau,phedaugy@t.co,Female,$806998.80,978186838,CC
612,Leoine,Whisby,lwhisbygz@cocolog-nifty.com,Female,$390578.01,165095900,IT
613,Ebenezer,Glazer,eglazerh0@usatoday.com,Male,$645044.94,548368286,CC
614,Brandie,Speck,bspeckh1@abc.net.au,Female,$947322.59,289022599,PP
615,Danna,Donwell,ddonwellh2@ask.com,Female,$949046.34,615297808,PP
616,Osmund,Gounot,ogounoth3@oaic.gov.au,Male,$928186.65,488254879,IT
617,Hale,Schistl,hschistlh4@newsvine.com,Male,$376126.57,455288529,CC
618,Myrilla,Tredgold,mtredgoldh5@webeden.co.uk,Female,$264489.40,118586677,IT
619,Genni,Adlem,gadlemh6@cloudflare.com,Female,$212909.63,45854684,CC
620,Adel,Bullimore,abullimoreh7@sina.com.cn,Female,$338789.53,506241300,IT
621,Reider,MacRanald,rmacranaldh8@rambler.ru,Male,$277204.14,711990765,PP
622,Meade,Leggen,mleggenh9@wikimedia.org,Male,$910902.15,1006621011,CC
623,Nev,Pogue,npogueha@plala.or.jp,Male,$479732.14,690641706,IT
624,Hieronymus,Link,hlinkhb@wiley.com,Male,$602354.11,850965114,IT
625,Guthrey,Kusick,gkusickhc@pagesperso-orange.fr,Male,$284618.11,406693185,IT
626,Harwilll,Skipping,hskippinghd@is.gd,Male,$771046.51,70982222,PP
627,Saundra,Barz,sbarzhe@loc.gov,Male,$997295.89,464805007,CC
628,Isidoro,Smales,ismaleshf@instagram.com,Male,$459488.42,1008948743,PP
629,Auberta,Dilgarno,adilgarnohg@ebay.co.uk,Female,$886047.90,327169656,CC
630,Catharina,Crickett,ccricketthh@blogs.com,Female,$622278.35,842486161,IT
631,Alexine,Douglass,adouglasshi@rambler.ru,Female,$588352.02,796940737,IT
632,Evelin,Dwyr,edwyrhj@acquirethisname.com,Male,$672606.25,374340123,CC
633,Lamar,Dymidowicz,ldymidowiczhk@nasa.gov,Male,$145564.82,370635640,PP
634,Wang,Spencers,wspencershl@scribd.com,Male,$777280.26,927116946,PP
635,Reilly,Cantero,rcanterohm@flavors.me,Male,$795023.08,120865991,PP
636,Stormie,Zambonini,szamboninihn@nydailynews.com,Female,$389422.82,447325046,PP
637,Walton,Kinch,wkinchho@ning.com,Male,$878364.69,647136861,PP
638,Bear,Cradock,bcradockhp@intel.com,Male,$904980.99,777301302,PP
639,Merl,Steffens,msteffenshq@booking.com,Female,$981945.35,935582450,PP
640,Kele,Baxstair,kbaxstairhr@about.com,Male,$621958.99,96812665,IT
641,Gaynor,Blackesland,gblackeslandhs@sourceforge.net,Female,$556969.33,868147710,CC
642,Dehlia,Derby,dderbyht@eventbrite.com,Female,$381199.82,618642666,CC
643,Peggy,Mees,pmeeshu@taobao.com,Female,$268134.02,158012080,IT
644,Manya,Mattys,mmattyshv@simplemachines.org,Female,$517037.01,64446707,CC
645,Kirbee,Frickey,kfrickeyhw@sphinn.com,Female,$807782.01,27730731,PP
646,Wallis,Goodby,wgoodbyhx@alexa.com,Male,$239113.21,10436103,CC
647,Yovonnda,Kippax,ykippaxhy@baidu.com,Female,$741962.91,360663075,PP
648,Gavan,Sinclair,gsinclairhz@nasa.gov,Male,$682691.37,982544175,CC
649,Rip,Lumpkin,rlumpkini0@youku.com,Male,$673977.80,708318424,CC
650,Aleksandr,Tiler,atileri1@thetimes.co.uk,Male,$267627.33,824396007,CC
651,Stefan,McAvinchey,smcavincheyi2@uiuc.edu,Male,$834998.18,377997369,IT
652,Thayne,Gouldstraw,tgouldstrawi3@ucoz.com,Male,$433150.91,536027589,IT
653,Meridel,Shank,mshanki4@goo.ne.jp,Female,$326706.58,1015966627,IT
654,Eddi,Petegree,epetegreei5@weibo.com,Female,$247432.52,540337335,CC
655,Isahella,Gwatkin,igwatkini6@elegantthemes.com,Female,$209904.84,1039929011,IT
656,Berkly,De Gregario,bdegregarioi7@auda.org.au,Male,$324148.12,492969010,IT
657,Mikel,Luckin,mluckini8@cpanel.net,Male,$833036.54,77408768,PP
658,Stacey,Smout,ssmouti9@admin.ch,Female,$769249.57,437282964,CC
659,Janeta,Myrtle,jmyrtleia@com.com,Female,$973406.61,263173951,CC
660,Skylar,Crosetti,scrosettiib@youku.com,Male,$248132.25,912138269,CC
661,Corenda,Bromidge,cbromidgeic@craigslist.org,Female,$533080.19,1021075314,IT
662,Mel,Hawking,mhawkingid@webeden.co.uk,Female,$580120.42,81620117,CC
663,Simmonds,Gethin,sgethinie@oakley.com,Male,$676532.00,803067568,CC
664,Alexandre,Skea,askeaif@cdbaby.com,Male,$805543.96,391285998,PP
665,Kimberlee,Walburn,kwalburnig@nymag.com,Female,$768801.79,272484439,IT
666,Lanny,Valencia,lvalenciaih@omniture.com,Female,$131708.47,446405650,CC
667,Mendy,Girardeau,mgirardeauii@xrea.com,Male,$233779.69,279989941,IT
668,Carlota,Duguid,cduguidij@oakley.com,Female,$690829.97,216485695,IT
669,Catha,Degan,cdeganik@cdc.gov,Female,$361184.09,830573425,IT
670,Normie,Portriss,nportrissil@blogtalkradio.com,Male,$870534.25,203337490,IT
671,Conney,Bettenson,cbettensonim@blogs.com,Male,$563795.46,969634162,IT
672,Erl,Kibble,ekibblein@virginia.edu,Male,$770550.29,531248542,IT
673,Sharai,Bridgeman,sbridgemanio@ebay.co.uk,Female,$509924.00,414812519,CC
674,Eleonora,Dadley,edadleyip@ifeng.com,Female,$658292.46,864671169,PP
675,Benjamen,Hows,bhowsiq@canalblog.com,Male,$512671.21,828628519,IT
676,Brade,Mathieson,bmathiesonir@thetimes.co.uk,Male,$745545.48,355717204,PP
677,Brant,Sowter,bsowteris@usatoday.com,Male,$903951.06,862002918,PP
678,Melinde,Beagley,mbeagleyit@goodreads.com,Female,$699823.00,389917888,IT
679,Brnaby,McLaughlan,bmclaughlaniu@yandex.ru,Male,$423574.80,877329838,IT
680,Melisent,Linsey,mlinseyiv@skyrock.com,Female,$179036.01,651995397,PP
681,Brinna,Glowinski,bglowinskiiw@economist.com,Female,$996240.12,327839871,CC
682,Cherilyn,Goodyear,cgoodyearix@google.it,Female,$384905.75,404914448,CC
683,Barris,Soanes,bsoanesiy@who.int,Male,$150667.37,420363737,PP
684,Karen,Langran,klangraniz@slate.com,Female,$359730.57,45367487,IT
685,Karissa,Jurzyk,kjurzykj0@php.net,Female,$568927.27,712594323,CC
686,Lonnard,Haberjam,lhaberjamj1@rediff.com,Male,$415700.59,111055280,CC
687,Lon,Prestidge,lprestidgej2@deliciousdays.com,Male,$164028.91,726636714,PP
688,Marlowe,Rosengren,mrosengrenj3@bloglines.com,Male,$777947.54,920197585,PP
689,Nanette,Lidierth,nlidierthj4@ow.ly,Female,$974254.16,858774198,IT
690,Germain,Saltman,gsaltmanj5@pagesperso-orange.fr,Male,$817780.85,770292423,IT
691,Merrel,MacHostie,mmachostiej6@icio.us,Male,$145708.17,922573572,IT
692,Urbain,Thormwell,uthormwellj7@omniture.com,Male,$337188.29,248294584,PP
693,Abbie,O'Gaven,aogavenj8@imdb.com,Male,$971275.58,983989872,CC
694,Vinita,Bate,vbatej9@desdev.cn,Female,$385892.35,933752190,CC
695,Diana,Fisher,dfisherja@wisc.edu,Female,$557120.41,618141863,CC
696,Selia,McCaughey,smccaugheyjb@taobao.com,Female,$471650.09,376113726,PP
697,Yuma,Goodinge,ygoodingejc@myspace.com,Male,$756799.30,365312620,CC
698,Susanne,Hanford,shanfordjd@cnet.com,Female,$643188.52,1006657828,CC
699,Christophorus,Jedryka,cjedrykaje@behance.net,Male,$360643.76,439844880,IT
700,Brigida,Steele,bsteelejf@twitpic.com,Female,$558680.97,577169882,IT
701,Jaquenetta,Kirkness,jkirknessjg@washington.edu,Female,$899859.42,496128575,PP
702,Felisha,Pacitti,fpacittijh@home.pl,Female,$144657.65,576299329,IT
703,Christin,Nana,cnanaji@nytimes.com,Female,$186352.61,132281029,IT
704,Shurlocke,Mynett,smynettjj@homestead.com,Male,$725604.04,147804678,IT
705,Pepito,Menier,pmenierjk@360.cn,Male,$539675.83,988558190,CC
706,Farley,Wasiel,fwasieljl@apple.com,Male,$959149.30,581821246,PP
707,Redd,Adenot,radenotjm@example.com,Male,$242540.16,866025489,CC
708,Ediva,Bollins,ebollinsjn@geocities.jp,Female,$999312.76,682627220,PP
709,Lian,De Rye Barrett,lderyebarrettjo@yale.edu,Female,$959644.01,677492459,IT
710,Leslie,Glanfield,lglanfieldjp@linkedin.com,Male,$834344.51,1042373658,IT
711,Carlen,Coltan,ccoltanjq@homestead.com,Female,$192119.78,559733637,PP
712,Stanford,Drawmer,sdrawmerjr@stumbleupon.com,Male,$178214.39,236323133,PP
713,Kellyann,Wickersham,kwickershamjs@weibo.com,Female,$223675.82,94549987,IT
714,Janene,Hinz,jhinzjt@icq.com,Female,$541803.94,92761090,PP
715,Faulkner,Ivakhno,fivakhnoju@buzzfeed.com,Male,$276529.00,948369767,CC
716,Ethyl,Hamley,ehamleyjv@techcrunch.com,Female,$443357.01,199319037,PP
717,Geneva,Haycock,ghaycockjw@icq.com,Female,$993966.16,600456187,PP
718,Juliane,Leechman,jleechmanjx@cornell.edu,Female,$362065.00,343294881,CC
719,Berky,Beamont,bbeamontjy@goo.ne.jp,Male,$191382.85,322070092,IT
720,Carol-jean,Rudolfer,crudolferjz@bizjournals.com,Female,$419331.09,567869552,CC
721,Zebulen,Jertz,zjertzk0@netvibes.com,Male,$896160.39,253420043,IT
722,Sherie,Grishelyov,sgrishelyovk1@jimdo.com,Female,$918682.50,320022381,IT
723,Jae,Bryson,jbrysonk2@angelfire.com,Male,$880529.93,446889918,IT
724,Christa,Pentony,cpentonyk3@ifeng.com,Female,$400492.22,501004921,IT
725,Abigail,Frichley,africhleyk4@deliciousdays.com,Female,$466421.92,515623517,PP
726,Elia,Bamforth,ebamforthk5@amazon.co.uk,Male,$573606.46,239096841,CC
727,Elysia,Offiler,eoffilerk6@reddit.com,Female,$187903.47,974336084,PP
728,Mathian,Whiffin,mwhiffink7@opera.com,Male,$450541.93,5982137,IT
729,Jacintha,Checkley,jcheckleyk8@nymag.com,Female,$468403.76,343301032,CC
730,Enrico,Dunham,edunhamk9@illinois.edu,Male,$863418.58,953737956,IT
731,Nanete,Fairlem,nfairlemka@wunderground.com,Female,$939778.98,578603489,CC
732,Taddeo,Thexton,tthextonkb@bizjournals.com,Male,$290392.96,769777795,CC
733,Bren,Titt,btittkc@taobao.com,Female,$751911.63,1008161615,PP
734,Simmonds,Favell,sfavellkd@tripadvisor.com,Male,$297370.22,497882989,PP
735,Adi,Benford,abenfordke@ustream.tv,Female,$190942.27,435361012,PP
736,Darrel,Helstrip,dhelstripkf@toplist.cz,Male,$583058.13,819358189,IT
737,Bethany,Planque,bplanquekg@go.com,Female,$197325.99,635667919,CC
738,Modestia,Tomkins,mtomkinskh@usa.gov,Female,$322392.72,706046510,IT
739,Artus,Clace,aclaceki@163.com,Male,$666305.03,23086900,IT
740,Ellary,Ions,eionskj@businessweek.com,Male,$365287.76,189021735,CC
741,Tami,Fenix,tfenixkk@t-online.de,Female,$922832.00,868153813,PP
742,Yehudi,Willshire,ywillshirekl@surveymonkey.com,Male,$110856.89,370320075,PP
743,Jakie,Offiler,joffilerkm@kickstarter.com,Male,$554018.08,554932898,CC
744,Nathalia,Aubury,nauburykn@gizmodo.com,Female,$252863.82,910114256,PP
745,Eba,Duxbury,eduxburyko@spotify.com,Female,$789120.21,427068223,PP
746,Denys,Sweeney,dsweeneykp@woothemes.com,Female,$131939.15,477854945,CC
747,Saidee,Cocks,scockskq@mit.edu,Female,$371602.08,378352918,IT
748,Lorna,Masterson,lmastersonkr@wikispaces.com,Female,$140820.71,470837303,IT
749,Thoma,Portugal,tportugalks@technorati.com,Male,$297786.16,665765205,PP
750,Ted,Selcraig,tselcraigkt@spiegel.de,Male,$569498.94,986014997,CC
751,Tracey,Richings,trichingsku@msu.edu,Male,$162965.59,144945081,CC
752,Shandra,Bowes,sboweskv@wp.com,Female,$634304.01,414754861,CC
753,Rita,Swainger,rswaingerkw@networksolutions.com,Female,$292213.60,76900621,CC
754,Aldon,Colliard,acolliardkx@com.com,Male,$788893.67,524546069,IT
755,Kit,Myers,kmyersky@tinypic.com,Female,$247875.97,1007322987,IT
756,Matelda,Goymer,mgoymerkz@java.com,Female,$761682.68,111072683,PP
757,Allyce,Blaxill,ablaxilll0@unicef.org,Female,$289230.67,816532867,CC
758,Cordelia,Riding,cridingl1@bloglovin.com,Female,$539470.34,309154641,CC
759,Vilma,Butt Gow,vbuttgowl2@joomla.org,Female,$982380.09,280670265,CC
760,Brittaney,Milborn,bmilbornl3@furl.net,Female,$462074.39,982389499,IT
761,Worthy,Blackwell,wblackwelll4@simplemachines.org,Male,$230308.54,982628647,IT
762,Moll,Criple,mcriplel5@mit.edu,Female,$506748.04,819289344,IT
763,Kurtis,Fahy,kfahyl6@parallels.com,Male,$371306.58,847583834,IT
764,Emory,Manuely,emanuelyl7@fc2.com,Male,$273307.71,831043174,IT
765,Brod,Bulpitt,bbulpittl8@ebay.co.uk,Male,$895212.55,337642230,IT
766,Eryn,Crimin,ecriminl9@addthis.com,Female,$388419.43,846489101,PP
767,Madelina,Sibary,msibaryla@scientificamerican.com,Female,$710015.64,1046979627,IT
768,Sascha,Breydin,sbreydinlb@senate.gov,Male,$427331.38,19624950,CC
769,Britte,Clelland,bclellandlc@seesaa.net,Female,$954557.18,144371976,PP
770,Ram,Fernley,rfernleyld@bandcamp.com,Male,$994825.00,673266133,IT
771,Brynne,Crommett,bcrommettle@youtube.com,Female,$257786.08,338786039,CC
772,Lisle,Manchester,lmanchesterlf@cnn.com,Male,$441543.42,952424599,PP
773,Kilian,Bierling,kbierlinglg@apache.org,Male,$545356.32,285284818,CC
774,Gerick,Cammock,gcammocklh@usatoday.com,Male,$311952.09,460587930,PP
775,Jehu,Rikkard,jrikkardli@army.mil,Male,$913271.64,436819811,CC
776,Boote,McNiff,bmcnifflj@mail.ru,Male,$827710.32,404792904,IT
777,Auria,Hargey,ahargeylk@soundcloud.com,Female,$540468.30,814881244,PP
778,Kristine,Newcomb,knewcombll@netlog.com,Female,$276203.12,980828635,CC
779,Patricio,Staining,pstaininglm@amazonaws.com,Male,$435638.51,969210945,IT
780,Minni,Jickles,mjicklesln@delicious.com,Female,$743761.06,969909731,IT
781,Emmanuel,Reek,ereeklo@tamu.edu,Male,$522814.80,914701478,PP
782,Loralee,Arsmith,larsmithlp@aboutads.info,Female,$825849.75,314410937,IT
783,Roland,Brimman,rbrimmanlq@hao123.com,Male,$206661.01,105484506,PP
784,Reyna,Lanchbury,rlanchburylr@histats.com,Female,$246483.79,380385125,PP
785,Osmond,Ibell,oibellls@addthis.com,Male,$344453.89,239277097,PP
786,Nappy,Soro,nsorolt@wikia.com,Male,$625869.19,937915593,CC
787,Afton,Regina,areginalu@shop-pro.jp,Female,$185698.56,945394071,PP
788,Modesty,Durnan,mdurnanlv@zdnet.com,Female,$790796.20,992306608,PP
789,Peterus,O'Hartnett,pohartnettlw@disqus.com,Male,$786214.11,85365409,PP
790,Nick,Croxley,ncroxleylx@photobucket.com,Male,$750042.87,448359661,CC
791,Wallis,Treagus,wtreagusly@bbb.org,Female,$883434.37,992349837,CC
792,Ailina,Fitter,afitterlz@nasa.gov,Female,$576646.21,101705681,PP
793,Gallagher,Baggiani,gbaggianim0@g.co,Male,$232345.40,915333078,PP
794,Maxie,Tour,mtourm1@arizona.edu,Male,$717872.44,279199973,PP
795,Leonanie,Junkinson,ljunkinsonm2@dyndns.org,Female,$176436.71,483271933,IT
796,Ursala,Ziem,uziemm3@creativecommons.org,Female,$141234.00,179258738,IT
797,Lowe,Farran,lfarranm4@oaic.gov.au,Male,$850535.70,179587609,CC
798,Paten,Epinay,pepinaym5@google.it,Male,$474261.64,247240733,IT
799,Markus,Eleshenar,meleshenarm6@reddit.com,Male,$241771.03,738619328,PP
800,Fielding,Bartod,fbartodm7@zimbio.com,Male,$668517.63,881159505,IT
801,Korrie,Mallalieu,kmallalieum8@webeden.co.uk,Female,$454930.66,203900464,CC
802,Kyla,Dressel,kdresselm9@ycombinator.com,Female,$161872.67,916740706,CC
803,Raviv,Duinkerk,rduinkerkma@columbia.edu,Male,$673174.54,324549965,CC
804,Carver,Thomasson,cthomassonmb@unesco.org,Male,$984366.72,7454193,PP
805,Michele,Crone,mcronemc@auda.org.au,Male,$128002.90,37536268,IT
806,Melisent,Bourdice,mbourdicemd@hhs.gov,Female,$749666.76,97318261,PP
807,Darill,Carles,dcarlesme@craigslist.org,Male,$751735.79,617053001,CC
808,Hermann,Filkov,hfilkovmf@zimbio.com,Male,$558492.84,487002511,IT
809,Stanwood,Merricks,smerricksmg@ycombinator.com,Male,$315694.34,402896448,PP
810,Sondra,Disley,sdisleymh@google.fr,Female,$264066.03,513762606,CC
811,Loy,Challes,lchallesmi@wired.com,Male,$834394.36,991504580,CC
812,Sherwynd,Probets,sprobetsmj@github.com,Male,$949900.99,352589747,IT
813,Alexandros,Clair,aclairmk@wisc.edu,Male,$976480.84,967275558,PP
814,Gertrud,Rycraft,grycraftml@omniture.com,Female,$362066.39,338377784,IT
815,Karola,Berggren,kberggrenmm@google.de,Female,$835014.87,540292490,CC
816,Blaine,Balassa,bbalassamn@meetup.com,Male,$695501.74,641985732,CC
817,Ingeberg,Sherlock,isherlockmo@cyberchimps.com,Female,$832724.93,314140115,IT
818,Tabor,Romand,tromandmp@seesaa.net,Male,$240313.80,141889789,CC
819,Maggy,Antonnikov,mantonnikovmq@livejournal.com,Female,$354068.82,567212828,PP
820,Victoir,Larsen,vlarsenmr@addthis.com,Male,$888730.31,886345475,CC
821,Baxy,Pattenden,bpattendenms@telegraph.co.uk,Male,$467274.18,1002717194,PP
822,Kariotta,Mc Mechan,kmcmechanmt@mail.ru,Female,$788364.79,517164154,CC
823,Mel,Masse,mmassemu@alexa.com,Male,$539151.11,988642303,IT
824,Camile,Boother,cboothermv@php.net,Female,$518057.04,609487808,CC
825,Borg,Ginnally,bginnallymw@yale.edu,Male,$491224.16,920281596,CC
826,Budd,Probert,bprobertmx@about.me,Male,$797923.34,707229870,IT
827,Aaren,Slaymaker,aslaymakermy@forbes.com,Female,$292765.19,308815687,IT
828,Lishe,Growcott,lgrowcottmz@w3.org,Female,$856038.45,138222707,CC
829,Valaree,Arton,vartonn0@aol.com,Female,$524353.22,931744032,IT
830,Evvy,Rymill,erymilln1@1und1.de,Female,$769473.35,547313954,CC
831,Maryl,Pfeuffer,mpfeuffern2@technorati.com,Female,$415287.93,1036103962,IT
832,Daile,Furphy,dfurphyn3@seattletimes.com,Female,$330604.56,380041983,PP
833,Gregory,Bedinn,gbedinnn4@miitbeian.gov.cn,Male,$877228.82,878535561,PP
834,Claude,Sphinxe,csphinxen5@phpbb.com,Female,$179421.86,172891831,IT
835,Nikos,Guidera,nguideran6@latimes.com,Male,$511178.78,429266440,PP
836,Falito,Farguhar,ffarguharn7@prlog.org,Male,$132754.85,386434293,PP
837,Annabal,Klemke,aklemken8@people.com.cn,Female,$472809.95,838087434,PP
838,Loleta,Legen,llegenn9@plala.or.jp,Female,$246159.52,774344683,IT
839,Maris,Sanday,msandayna@com.com,Female,$273104.92,486032747,IT
840,Germana,Brimilcombe,gbrimilcombenb@xrea.com,Female,$828006.93,421137175,PP
841,Janie,Doiley,jdoileync@taobao.com,Female,$251108.17,344166421,PP
842,Viole,Callway,vcallwaynd@slashdot.org,Female,$405850.41,698998701,CC
843,Jose,McKern,jmckernne@umn.edu,Male,$888931.45,1019379027,PP
844,Ethan,Jaffra,ejaffranf@paginegialle.it,Male,$257505.84,453450724,PP
845,Yalonda,McAw,ymcawng@flickr.com,Female,$346167.82,385170358,CC
846,Jarid,Blaske,jblaskenh@constantcontact.com,Male,$439616.35,240842529,CC
847,Lacey,Punch,lpunchni@sohu.com,Female,$823021.21,86322560,CC
848,Desdemona,Girardy,dgirardynj@samsung.com,Female,$838947.61,839693112,IT
849,Dehlia,Jachimiak,djachimiaknk@liveinternet.ru,Female,$782075.62,801909014,IT
850,Abie,Coleby,acolebynl@de.vu,Male,$221959.94,278919779,PP
851,Yolande,Kirkhouse,ykirkhousenm@fotki.com,Female,$890586.63,790999349,IT
852,Carlin,Tern,cternnn@adobe.com,Male,$785252.45,958075640,IT
853,Alyosha,Strutt,astruttno@google.es,Male,$390627.99,1015707583,CC
854,Tomkin,Waszczykowski,twaszczykowskinp@jugem.jp,Male,$127782.35,234161365,IT
855,Massimiliano,Grimsley,mgrimsleynq@flavors.me,Male,$606419.86,86961199,IT
856,Drud,Wiley,dwileynr@washington.edu,Male,$270158.09,934629509,PP
857,Janice,Goroni,jgoronins@instagram.com,Female,$124533.09,704994224,IT
858,Rhodie,Cockill,rcockillnt@chronoengine.com,Female,$176602.82,913965516,IT
859,Meggi,McAllaster,mmcallasternu@booking.com,Female,$124967.55,755055534,CC
860,Molli,Figgs,mfiggsnv@admin.ch,Female,$538598.25,993764150,IT
861,Base,Innis,binnisnw@cam.ac.uk,Male,$990488.08,522983255,IT
862,Amata,Caunter,acaunternx@berkeley.edu,Female,$777186.50,783248944,PP
863,Rosa,Skirvin,rskirvinny@simplemachines.org,Female,$111392.55,747707202,PP
864,Kristofer,Sprague,kspraguenz@hubpages.com,Male,$757815.71,902609570,CC
865,Egbert,Jeanequin,ejeanequino0@xrea.com,Male,$825929.49,520059194,PP
866,Isiahi,Adin,iadino1@vk.com,Male,$867431.36,451283710,PP
867,Wood,Bubeer,wbubeero2@sphinn.com,Male,$589223.21,397592861,IT
868,Rodney,Pavinese,rpavineseo3@nih.gov,Male,$932149.24,135932244,IT
869,Herold,Vidgeon,hvidgeono4@dion.ne.jp,Male,$181615.74,327322512,PP
870,Ingmar,Crotty,icrottyo5@amazon.de,Male,$793691.32,519052464,IT
871,Ingeborg,Baswall,ibaswallo6@github.com,Female,$502181.01,336752306,IT
872,Benny,Swanborough,bswanborougho7@behance.net,Male,$355594.11,73675336,IT
873,Diann,Pendrigh,dpendrigho8@walmart.com,Female,$177948.22,559448700,PP
874,Jacquie,Lissett,jlissetto9@meetup.com,Female,$626856.11,709952804,CC
875,Fletcher,Thominga,fthomingaoa@google.com.br,Male,$976911.17,1034709994,IT
876,Ingram,Redmille,iredmilleob@psu.edu,Male,$699485.61,758325929,IT
877,Stephan,Danett,sdanettoc@nhs.uk,Male,$849181.86,900884551,IT
878,Harlin,Ellery,helleryod@cpanel.net,Male,$775475.61,534896706,CC
879,Jewel,Seton,jsetonoe@infoseek.co.jp,Female,$719935.98,578750206,PP
880,Rachele,Hinze,rhinzeof@comsenz.com,Female,$739265.82,79422350,CC
881,Tammie,Vint,tvintog@sohu.com,Male,$912515.58,978337488,CC
882,Bronson,Bowry,bbowryoh@parallels.com,Male,$985259.07,340351450,PP
883,Ariel,La Torre,alatorreoi@vinaora.com,Female,$675095.17,794834978,CC
884,Celia,Matterdace,cmatterdaceoj@umn.edu,Female,$138725.12,197877296,IT
885,Giorgi,Elwill,gelwillok@sohu.com,Male,$349420.96,1020832404,CC
886,Glen,Handlin,ghandlinol@google.fr,Female,$573107.53,910204027,IT
887,Granny,Burleigh,gburleighom@biglobe.ne.jp,Male,$804116.06,592709359,PP
888,Morten,Perez,mperezon@naver.com,Male,$360686.00,472973190,CC
889,Betty,Hellwig,bhellwigoo@statcounter.com,Female,$859139.54,167677900,PP
890,Rosemonde,Hardesty,rhardestyop@hhs.gov,Female,$880889.26,629275100,CC
891,Fidelio,Erington,feringtonoq@list-manage.com,Male,$686747.36,296596752,CC
892,Kerri,Gore,kgoreor@cam.ac.uk,Female,$443873.58,600182229,IT
893,Teodoro,Basillon,tbasillonos@cnbc.com,Male,$339109.83,805146749,IT
894,Jon,MacAndie,jmacandieot@rambler.ru,Male,$658139.39,850255209,PP
895,Mendel,Prydden,mpryddenou@phpbb.com,Male,$287759.11,456769137,CC
896,Onida,Guillain,oguillainov@privacy.gov.au,Female,$971493.93,767702885,CC
897,Berke,Farrington,bfarringtonow@jigsy.com,Male,$224417.72,758732347,IT
898,Brose,Skyner,bskynerox@bloglovin.com,Male,$514087.23,35116847,CC
899,Mac,Dukelow,mdukelowoy@51.la,Male,$372383.82,564131815,PP
900,Alon,Sharple,asharpleoz@bluehost.com,Male,$734935.55,213134385,IT
901,Barbra,Cargen,bcargenp0@studiopress.com,Female,$338545.98,378780004,IT
902,Ruperta,Dudmesh,rdudmeshp1@prnewswire.com,Female,$809157.37,993385024,PP
903,Alaine,Roft,aroftp2@blogger.com,Female,$732089.76,709768667,IT
904,Chane,Freebury,cfreeburyp3@surveymonkey.com,Male,$849861.12,215974658,CC
905,Marline,Skalls,mskallsp4@reuters.com,Female,$691560.48,1026556494,CC
906,Dannie,Wanley,dwanleyp5@hp.com,Male,$610724.35,799415458,IT
907,Mavra,Ratcliff,mratcliffp6@army.mil,Female,$955848.13,506751369,CC
908,Filmer,Prott,fprottp7@globo.com,Male,$414774.71,818482093,PP
909,Arvie,Jarrell,ajarrellp8@twitpic.com,Male,$693894.39,264943250,CC
910,Sandi,Allatt,sallattp9@cyberchimps.com,Female,$986934.37,991936940,CC
911,Ogden,Beton,obetonpa@china.com.cn,Male,$684953.65,371830150,PP
912,Romona,Foale,rfoalepb@wunderground.com,Female,$700220.36,657799997,IT
913,Rodolphe,Autin,rautinpc@mediafire.com,Male,$277996.98,515553390,CC
914,Dalton,Joscelin,djoscelinpd@com.com,Male,$413502.92,924240646,IT
915,Daria,Absolem,dabsolempe@slate.com,Female,$508111.77,435299443,IT
916,Dierdre,Lamplough,dlamploughpf@ovh.net,Female,$565392.18,655599739,IT
917,Belinda,Pescod,bpescodpg@weather.com,Female,$240157.18,282848206,IT
918,Delila,Bickell,dbickellph@de.vu,Female,$783556.58,854463813,IT
919,Kendricks,Laxen,klaxenpi@answers.com,Male,$489937.09,24906341,IT
920,Howard,Nurden,hnurdenpj@yahoo.co.jp,Male,$522083.13,39625144,IT
921,Irvin,Fearby,ifearbypk@auda.org.au,Male,$653572.67,459803847,PP
922,Doug,Hallbord,dhallbordpl@photobucket.com,Male,$152545.98,891098066,IT
923,Noell,Jiroutek,njiroutekpm@ftc.gov,Female,$690685.98,688324531,CC
924,Debra,Hockey,dhockeypn@nationalgeographic.com,Female,$794864.31,692493654,IT
925,Pete,Loughlan,ploughlanpo@msn.com,Male,$550437.91,526328682,CC
926,Elissa,Halshaw,ehalshawpp@comcast.net,Female,$462913.88,540684005,IT
927,Brennen,Borrill,bborrillpq@oracle.com,Male,$575430.37,795627764,IT
928,Lancelot,Coward,lcowardpr@addthis.com,Male,$149677.35,590823939,CC
929,Bettine,Drage,bdrageps@chicagotribune.com,Female,$698561.28,175168469,PP
930,Nobie,Wardingley,nwardingleypt@va.gov,Male,$577456.04,181153455,CC
931,Huntlee,Epps,heppspu@chronoengine.com,Male,$990192.92,132139866,IT
932,Taffy,Gledhill,tgledhillpv@foxnews.com,Female,$592897.07,809735514,PP
933,Kilian,Petrie,kpetriepw@bloomberg.com,Male,$240250.07,521312367,CC
934,Nicol,Bernardot,nbernardotpx@storify.com,Female,$735341.06,164078600,PP
935,Tamas,Comellini,tcomellinipy@skyrock.com,Male,$774745.06,612702772,PP
936,Hector,Rimell,hrimellpz@lycos.com,Male,$613579.61,136596815,IT
937,Celestina,Sighart,csighartq0@comcast.net,Female,$179157.41,446158790,CC
938,Urban,Kasting,ukastingq1@army.mil,Male,$880225.14,528802264,CC
939,Robbert,Reford,rrefordq2@adobe.com,Male,$287785.73,180970261,IT
940,Lucais,Warr,lwarrq3@skype.com,Male,$924914.48,1042034748,CC
941,Isidro,Beauman,ibeaumanq4@yale.edu,Male,$776396.20,108567846,PP
942,Erick,Rowe,eroweq5@latimes.com,Male,$700491.10,868102252,CC
943,Biron,Belfield,bbelfieldq6@japanpost.jp,Male,$519668.11,752918588,IT
944,Justinian,Okey,jokeyq7@clickbank.net,Male,$739395.10,1024631659,PP
945,Alyssa,Broek,abroekq8@tamu.edu,Female,$922462.66,843007261,CC
946,Binni,Phythean,bphytheanq9@jimdo.com,Female,$941059.48,330774928,PP
947,Valry,Robson,vrobsonqa@51.la,Female,$120216.72,1035970840,IT
948,Yuma,Brambell,ybrambellqb@mail.ru,Male,$624176.39,861386391,PP
949,Loralee,Massinger,lmassingerqc@i2i.jp,Female,$219991.28,998751598,IT
950,Beltran,Harteley,bharteleyqd@yelp.com,Male,$641956.08,498937157,IT
951,Erskine,Fery,eferyqe@psu.edu,Male,$280897.21,981896828,IT
952,Celestine,Kilmister,ckilmisterqf@tripod.com,Female,$573949.91,856924780,CC
953,Karita,McQuie,kmcquieqg@gov.uk,Female,$905251.81,16329572,PP
954,Armando,Matresse,amatresseqh@soup.io,Male,$687452.21,460402793,CC
955,Bryce,Betjeman,bbetjemanqi@mail.ru,Male,$724111.74,1027453556,CC
956,Bertina,Benjefield,bbenjefieldqj@google.com.au,Female,$567253.19,28878574,PP
957,Eleanora,Katt,ekattqk@house.gov,Female,$840248.60,1049790673,CC
958,Benjamin,La Croce,blacroceql@hud.gov,Male,$351305.03,371001483,PP
959,Prudi,O'Hanley,pohanleyqm@vkontakte.ru,Female,$200487.18,997184605,IT
960,Thorvald,Renneke,trennekeqn@slate.com,Male,$499886.79,870306281,IT
961,Duffie,Delmonti,ddelmontiqo@si.edu,Male,$607553.17,546530215,CC
962,Charyl,Slowly,cslowlyqp@spotify.com,Female,$462075.27,874362721,IT
963,Charline,Riall,criallqq@mozilla.com,Female,$655786.93,778007023,CC
964,Odelia,Pococke,opocockeqr@reverbnation.com,Female,$579856.16,41558974,PP
965,Elicia,Considine,econsidineqs@fotki.com,Female,$142750.80,70700860,CC
966,Bartie,Topping,btoppingqt@themeforest.net,Male,$299651.95,71542968,IT
967,Archibaldo,Jackalin,ajackalinqu@businessinsider.com,Male,$270453.72,340739332,PP
968,Nancey,Crisford,ncrisfordqv@ustream.tv,Female,$556448.20,931395417,PP
969,Alysia,Monni,amonniqw@icio.us,Female,$959481.14,401399816,PP
970,Marybelle,Schulze,mschulzeqx@uol.com.br,Female,$552080.28,791286735,IT
971,Matty,Philipeaux,mphilipeauxqy@pcworld.com,Male,$611427.27,684651058,CC
972,Otes,Alsobrook,oalsobrookqz@chron.com,Male,$185735.62,730736120,PP
973,Adan,Sibbert,asibbertr0@biblegateway.com,Male,$355411.48,19106068,IT
974,Inesita,Esson,iessonr1@wisc.edu,Female,$482487.12,167332089,CC
975,Dorey,Kubecka,dkubeckar2@utexas.edu,Male,$469707.12,1017462607,PP
976,Laurice,Mingaud,lmingaudr3@vk.com,Female,$177156.84,58961518,CC
977,Nicolle,Odam,nodamr4@tuttocitta.it,Female,$804369.93,441229411,IT
978,Laurel,Guyers,lguyersr5@gov.uk,Female,$899415.42,239760549,PP
979,Hillard,Eskrigge,heskrigger6@globo.com,Male,$593071.96,213995590,PP
980,Dominik,Gieves,dgievesr7@buzzfeed.com,Male,$923328.44,96553097,CC
981,Leah,Poltun,lpoltunr8@merriam-webster.com,Female,$976279.93,101830422,PP
982,Charil,Frowen,cfrowenr9@amazon.com,Female,$705875.11,639460480,PP
983,Martie,Bramble,mbramblera@tumblr.com,Male,$889903.05,490962611,PP
984,Evvy,Cristofolo,ecristofolorb@altervista.org,Female,$778628.21,69588853,PP
985,Sydelle,Haughton,shaughtonrc@china.com.cn,Female,$577402.56,517534106,IT
986,Maje,Cadagan,mcadaganrd@booking.com,Male,$578624.72,516969109,CC
987,Reinold,Tute,rtutere@si.edu,Male,$389205.69,329297761,CC
988,Herc,Lannen,hlannenrf@friendfeed.com,Male,$194484.49,694622903,CC
989,Ian,Kropp,ikropprg@domainmarket.com,Male,$353054.15,296142044,IT
990,Karleen,Chaloner,kchalonerrh@scribd.com,Female,$870855.40,857380397,PP
991,Rene,Willgrass,rwillgrassri@printfriendly.com,Male,$285467.71,248755916,CC
992,Constancy,Starmore,cstarmorerj@vinaora.com,Female,$166144.25,1005613418,PP
993,Jeannette,Gipp,jgipprk@businessweek.com,Female,$515328.26,350066434,PP
994,Clare,Fley,cfleyrl@aol.com,Male,$564633.47,315209351,IT
995,Audi,Idale,aidalerm@marriott.com,Female,$753851.12,644535324,CC
996,Mano,Darke,mdarkern@fotki.com,Male,$666421.64,384010279,PP
997,Bernardo,McTeer,bmcteerro@ask.com,Male,$187572.74,765173685,IT
998,Stanleigh,Vsanelli,svsanellirp@craigslist.org,Male,$699695.60,423622142,IT
999,Roxanne,Chicchetto,rchicchettorq@chicagotribune.com,Female,$696669.51,734027641,IT
1000,Jeana,Swinley,jswinleyrr@prweb.com,Female,$212836.81,280486022,IT
