id,nombre,apellido,email,genero,valor_tx,numero_identificacion,tipo_identificacion
1,Dominique,Cavie,dcavie0@51.la,Female,$828202.86,209759985,IT
2,Alla,Marrable,amarrable1@geocities.com,Female,$226850.82,623300009,IT
3,Corena,Parmenter,cparmenter2@gravatar.com,Female,$939427.49,73699067,PP
4,Gun,Huston,ghuston3@a8.net,Male,$940955.51,327339661,PP
5,Kara,Leere,kleere4@stanford.edu,Female,$629772.99,507038800,PP
6,Grove,Hyland,ghyland5@ucoz.com,Male,$502786.98,274029089,IT
7,Petunia,Godbolt,pgodbolt6@narod.ru,Female,$436713.28,117828399,CC
8,Benton,Perl,bperl7@4shared.com,Male,$179029.30,548266503,CC
9,Tore,Veltman,tveltman8@home.pl,Male,$880409.11,736208671,IT
10,Britni,D'Ambrosi,bdambrosi9@last.fm,Female,$581137.60,995483722,IT
11,Theodoric,Povall,tpovalla@google.com.au,Male,$366656.95,144354229,PP
12,Nathanil,Gorse,ngorseb@smh.com.au,Male,$689630.25,528842063,CC
13,Erroll,Chape,echapec@google.it,Male,$133421.69,891152573,CC
14,Carlynn,Krolak,ckrolakd@mac.com,Female,$527298.26,733863138,CC
15,Gawen,Pude,gpudee@blog.com,Male,$723570.52,771435475,CC
16,Thaddus,Stockdale,tstockdalef@sphinn.com,Male,$886961.70,894086174,IT
17,Caressa,Busson,cbussong@g.co,Female,$598574.72,996029713,CC
18,Truda,Richemont,trichemonth@hibu.com,Female,$748025.56,506564703,IT
19,Shalna,Woodrooffe,swoodrooffei@theglobeandmail.com,Female,$200645.92,989404664,PP
20,Elmo,Reightley,ereightleyj@huffingtonpost.com,Male,$101330.98,825040357,IT
21,Jobye,Falla,jfallak@google.pl,Female,$518176.86,206655540,PP
22,Griffith,Palatini,gpalatinil@ifeng.com,Male,$189995.95,1038351467,PP
23,Rafael,Burley,rburleym@nasa.gov,Male,$577045.75,840872585,IT
24,Kathye,Keyson,kkeysonn@a8.net,Female,$344013.79,769189511,IT
25,Erminia,Betjes,ebetjeso@indiatimes.com,Female,$272489.04,77252239,IT
26,Dill,Likely,dlikelyp@amazon.co.uk,Male,$515652.12,820204728,PP
27,Patten,Honsch,phonschq@japanpost.jp,Male,$115247.91,174640199,PP
28,Erek,Brenton,ebrentonr@123-reg.co.uk,Male,$816603.57,455200064,PP
29,Angelita,Haggar,ahaggars@angelfire.com,Female,$352560.15,550145705,CC
30,Pat,Attryde,pattrydet@unblog.fr,Male,$559491.02,82548097,CC
31,Georgetta,Saddler,gsaddleru@wisc.edu,Female,$207204.26,820310933,CC
32,Tonya,Duran,tduranv@mlb.com,Female,$986937.00,577388864,CC
33,Bald,Tooher,btooherw@ustream.tv,Male,$243487.89,585285717,IT
34,Mariel,Veschambes,mveschambesx@msn.com,Female,$160504.26,226375974,PP
35,Madelene,Tuffield,mtuffieldy@princeton.edu,Female,$306520.32,636759783,CC
36,Otto,Balogh,obaloghz@google.nl,Male,$694426.51,1046739085,IT
37,Ellary,Lum,elum10@dot.gov,Male,$494356.32,624336571,CC
38,Cly,Maass,cmaass11@vk.com,Male,$971798.72,844500029,CC
39,Ulberto,O' Cloney,uocloney12@drupal.org,Male,$858744.74,1012047406,PP
40,Perren,O'Donohue,podonohue13@weibo.com,Male,$692070.68,340149352,IT
41,Keeley,Goodluck,kgoodluck14@amazon.com,Female,$349554.39,642180179,IT
42,Quentin,Renol,qrenol15@huffingtonpost.com,Female,$455560.55,263197509,PP
43,Natka,Allinson,nallinson16@reddit.com,Female,$425693.03,661974770,CC
44,Marya,Kitcat,mkitcat17@yale.edu,Female,$659945.68,18694671,PP
45,Gilligan,Bussons,gbussons18@craigslist.org,Female,$407179.12,191812997,IT
46,Lester,Assender,lassender19@patch.com,Male,$164256.51,69995244,PP
47,Rowe,Barratt,rbarratt1a@fastcompany.com,Female,$671245.41,686615521,PP
48,Corliss,McAlarney,cmcalarney1b@google.com.au,Female,$206380.24,400630220,IT
49,Dru,Harrington,dharrington1c@wisc.edu,Male,$678785.94,625603322,PP
50,Bidget,Spragg,bspragg1d@ihg.com,Female,$450022.33,521815254,IT
51,Cleavland,Pankethman,cpankethman1e@bravesites.com,Male,$867491.37,248162327,CC
52,Caldwell,Giacopazzi,cgiacopazzi1f@i2i.jp,Male,$486474.18,40281101,IT
53,Kiele,Chappell,kchappell1g@amazonaws.com,Female,$600291.94,480157265,CC
54,Inga,Cuxon,icuxon1h@prweb.com,Female,$223272.75,33081602,CC
55,Dorie,Jagger,djagger1i@reddit.com,Male,$327578.52,134158340,PP
56,Jerrie,Bremley,jbremley1j@digg.com,Male,$683630.82,695949177,CC
57,Kelsi,Learned,klearned1k@lulu.com,Female,$691442.48,121605840,IT
58,Sheena,Lindsey,slindsey1l@list-manage.com,Female,$216170.79,744654665,IT
59,Herby,Roney,hroney1m@addthis.com,Male,$569130.08,412196908,CC
60,Mirabella,Poinsett,mpoinsett1n@nih.gov,Female,$326932.22,897227288,PP
61,Yank,Tripony,ytripony1o@reuters.com,Male,$602984.43,860725413,CC
62,Alix,Lakey,alakey1p@soundcloud.com,Female,$381859.24,247558696,CC
63,Martainn,Boissier,mboissier1q@vistaprint.com,Male,$365880.16,373724394,PP
64,Nathalia,Vennard,nvennard1r@noaa.gov,Female,$179782.25,494705959,CC
65,Haleigh,Tallquist,htallquist1s@smh.com.au,Male,$386168.01,45080723,IT
66,Ilsa,Gallehawk,igallehawk1t@chronoengine.com,Female,$970008.08,212309856,IT
67,Kerrill,Rubinfajn,krubinfajn1u@nationalgeographic.com,Female,$738928.23,120580289,CC
68,Bren,Foley,bfoley1v@mtv.com,Female,$255599.41,215696309,PP
69,Emlyn,Mallinson,emallinson1w@aboutads.info,Male,$789893.54,801073411,IT
70,Cori,Heak,cheak1x@census.gov,Male,$551497.32,102366038,IT
71,Kenyon,Erdely,kerdely1y@independent.co.uk,Male,$602918.78,787177279,PP
72,Mame,Goodhay,mgoodhay1z@google.de,Female,$321111.28,736580048,PP
73,Alford,Krzysztof,akrzysztof20@mtv.com,Male,$505159.42,260495816,CC
74,Cammi,Chidgey,cchidgey21@stumbleupon.com,Female,$542954.67,933681710,PP
75,Dody,Van Giffen,dvangiffen22@google.com,Female,$379761.05,292219871,CC
76,Brucie,Ruxton,bruxton23@yandex.ru,Male,$793976.81,153585616,IT
77,Thorndike,Roke,troke24@chicagotribune.com,Male,$390802.02,595059029,IT
78,Kacy,Riach,kriach25@yelp.com,Female,$338805.54,14977001,CC
79,Kippie,Cockling,kcockling26@usgs.gov,Male,$727867.75,1020103178,PP
80,Derby,Jupe,djupe27@fema.gov,Male,$521964.22,122561204,IT
81,Giorgi,Ravenshear,gravenshear28@xing.com,Male,$232268.33,339943706,PP
82,Adriano,McPartling,amcpartling29@4shared.com,Male,$436807.94,595110464,CC
83,Kandy,Bentall,kbentall2a@state.tx.us,Female,$315224.61,329287460,CC
84,Gerick,Meddows,gmeddows2b@hud.gov,Male,$506692.81,715481099,CC
85,Gabie,Rarity,grarity2c@123-reg.co.uk,Female,$618301.55,506778645,PP
86,Shayla,Gniewosz,sgniewosz2d@smh.com.au,Female,$610628.95,248682924,PP
87,Shea,Hambly,shambly2e@trellian.com,Male,$970138.49,564256324,IT
88,Bailie,Brimicombe,bbrimicombe2f@mediafire.com,Male,$935906.34,101147922,CC
89,Edsel,Mertin,emertin2g@cnet.com,Male,$486719.03,454638193,PP
90,Annabela,MacVay,amacvay2h@wufoo.com,Female,$282960.24,223223511,IT
91,Kelly,Elven,kelven2i@salon.com,Male,$944257.26,927006442,IT
92,Kat,Bennetto,kbennetto2j@myspace.com,Female,$160011.99,312551357,IT
93,Shelbi,Bernadot,sbernadot2k@kickstarter.com,Female,$784125.51,74028601,IT
94,Jemimah,Apedaile,japedaile2l@alibaba.com,Female,$539941.96,314670343,PP
95,Lucina,De Mico,ldemico2m@mashable.com,Female,$778414.77,1018331617,IT
96,Gabriell,Spleving,gspleving2n@narod.ru,Female,$728814.91,601002174,IT
97,Nikki,Dawber,ndawber2o@cam.ac.uk,Female,$380719.14,467930630,PP
98,Renata,Philpot,rphilpot2p@over-blog.com,Female,$325361.76,741509555,PP
99,Giovanni,Schoolcroft,gschoolcroft2q@indiatimes.com,Male,$442610.90,672850298,PP
100,Marta,Londing,mlonding2r@businesswire.com,Female,$645736.66,334312181,IT
101,Jerrie,Willoughley,jwilloughley2s@toplist.cz,Male,$324382.04,872674068,PP
102,Ramonda,Winterbottom,rwinterbottom2t@t-online.de,Female,$643990.86,421959762,IT
103,Ammamaria,Klasing,aklasing2u@usatoday.com,Female,$396981.49,838081162,IT
104,Morton,Burns,mburns2v@cbc.ca,Male,$920786.46,378781566,CC
105,Dwight,Grishankov,dgrishankov2w@digg.com,Male,$988755.32,881804363,CC
106,Ulrikaumeko,Keasey,ukeasey2x@hp.com,Female,$414392.51,446128931,CC
107,Malorie,Shea,mshea2y@fema.gov,Female,$530619.33,556315831,IT
108,Hilton,Deveral,hdeveral2z@163.com,Male,$160147.27,142644301,IT
109,Hasty,Judson,hjudson30@google.com.br,Male,$811083.02,416125537,CC
110,Corrina,Greggersen,cgreggersen31@webeden.co.uk,Female,$584370.93,278004520,CC
111,Charyl,Yitzovitz,cyitzovitz32@unicef.org,Female,$540717.17,306798206,CC
112,Cassey,Abrahamoff,cabrahamoff33@over-blog.com,Female,$285403.74,822304878,PP
113,Adelaide,Lau,alau34@jalbum.net,Female,$692480.67,48679529,PP
114,Ludovico,MacCaughan,lmaccaughan35@tiny.cc,Male,$938986.02,214515087,IT
115,Cleon,Bramham,cbramham36@cbc.ca,Male,$547033.86,903872265,IT
116,Rutter,Waldren,rwaldren37@amazon.co.uk,Male,$351679.66,1030456182,IT
117,Katherina,Ginie,kginie38@feedburner.com,Female,$712515.99,648808500,CC
118,Giffard,Fontell,gfontell39@sciencedaily.com,Male,$756043.02,968262203,PP
119,Alexio,Rintoul,arintoul3a@jugem.jp,Male,$420792.01,209135077,CC
120,Margit,Sutherel,msutherel3b@de.vu,Female,$880703.99,265450200,IT
121,Maddie,Derham,mderham3c@creativecommons.org,Male,$679676.96,253940134,CC
122,Gregg,Melrose,gmelrose3d@ft.com,Male,$385150.06,222708523,IT
123,Sasha,Janaszewski,sjanaszewski3e@drupal.org,Female,$874500.83,685206939,CC
124,Cleavland,Gilyatt,cgilyatt3f@miitbeian.gov.cn,Male,$493596.44,996241424,PP
125,Corney,Louth,clouth3g@psu.edu,Male,$216063.92,1007003089,IT
126,Northrup,Franchyonok,nfranchyonok3h@earthlink.net,Male,$413139.57,111482379,PP
127,Dane,Waleran,dwaleran3i@facebook.com,Male,$199883.05,984097675,PP
128,Hyacinth,Avieson,havieson3j@google.com,Female,$994914.08,223399806,PP
129,Avril,Galton,agalton3k@sbwire.com,Female,$543787.83,406096724,CC
130,Elora,Faircliff,efaircliff3l@geocities.jp,Female,$970262.34,692172189,PP
131,Archer,Rothert,arothert3m@oaic.gov.au,Male,$741523.23,304791653,PP
132,Georg,O' Hogan,gohogan3n@jugem.jp,Male,$970348.43,345538688,IT
133,Osbourn,Gaven,ogaven3o@yahoo.com,Male,$585493.17,843334396,IT
134,Suellen,Wimbridge,swimbridge3p@ucla.edu,Female,$281783.39,354811774,IT
135,Herb,Lay,hlay3q@paypal.com,Male,$781426.72,564074039,IT
136,Rawley,Twelvetree,rtwelvetree3r@yelp.com,Male,$644733.30,702752552,IT
137,Gwendolen,Seabert,gseabert3s@psu.edu,Female,$409438.24,438857529,PP
138,Gaby,Dillway,gdillway3t@deviantart.com,Male,$579165.48,677057873,PP
139,Ingeberg,Leitch,ileitch3u@blog.com,Female,$332978.06,153045254,CC
140,Lyn,Reboul,lreboul3v@deviantart.com,Male,$986577.84,528470746,CC
141,Alon,Blethin,ablethin3w@devhub.com,Male,$907222.13,768822262,PP
142,Kaila,Jenicek,kjenicek3x@intel.com,Female,$171992.56,495275129,CC
143,Damita,Huggin,dhuggin3y@so-net.ne.jp,Female,$178958.43,225259664,CC
144,Anne-corinne,Managh,amanagh3z@cargocollective.com,Female,$641559.63,936995748,IT
145,Arliene,Mingay,amingay40@ted.com,Female,$551764.76,356391864,PP
146,Dorie,Hardern,dhardern41@cdbaby.com,Female,$151218.43,178239344,PP
147,Perri,Scinelli,pscinelli42@deviantart.com,Female,$211931.98,20196027,IT
148,Darlene,Densell,ddensell43@homestead.com,Female,$703512.25,951982235,CC
149,Glynda,Dadge,gdadge44@wufoo.com,Female,$244574.19,892307877,CC
150,Amandie,Arnold,aarnold45@hp.com,Female,$572510.27,589606214,IT
151,Ella,Ingleton,eingleton46@exblog.jp,Female,$345118.28,950756234,CC
152,Constantia,Kennifeck,ckennifeck47@amazon.co.jp,Female,$348763.51,53351135,CC
153,Lutero,Marquez,lmarquez48@wordpress.com,Male,$980391.31,237950531,IT
154,Arte,Christoffe,achristoffe49@t.co,Male,$137160.86,23567468,PP
155,Dalila,Nash,dnash4a@angelfire.com,Female,$834741.90,431138121,IT
156,Baird,McComiskey,bmccomiskey4b@usda.gov,Male,$710762.78,246582267,CC
157,Walsh,Bernardy,wbernardy4c@feedburner.com,Male,$520799.56,544667093,IT
158,Norina,Fumagall,nfumagall4d@exblog.jp,Female,$411686.49,893012176,CC
159,Sarena,Seston,sseston4e@springer.com,Female,$705123.73,798248036,CC
160,Julio,Trengove,jtrengove4f@whitehouse.gov,Male,$854952.50,794506547,IT
161,Kienan,Martinson,kmartinson4g@cisco.com,Male,$609298.80,492419639,PP
162,Nichole,Gormally,ngormally4h@about.me,Male,$271662.67,202735422,IT
163,Georgianne,Adacot,gadacot4i@eepurl.com,Female,$126089.39,786126697,CC
164,Robb,Westwood,rwestwood4j@digg.com,Male,$140352.99,264598499,PP
165,Mitchael,Pointer,mpointer4k@meetup.com,Male,$211989.88,277023500,PP
166,Walther,Beardsdale,wbeardsdale4l@mit.edu,Male,$429167.34,584115664,PP
167,Augustin,Butterley,abutterley4m@virginia.edu,Male,$447205.78,908764524,CC
168,Burton,Pesek,bpesek4n@dedecms.com,Male,$798545.36,407745240,CC
169,Edlin,Ades,eades4o@time.com,Male,$319113.90,416691904,IT
170,Miner,Slatten,mslatten4p@baidu.com,Male,$159987.97,702062469,IT
171,Augie,Korbmaker,akorbmaker4q@mit.edu,Male,$365185.28,869653956,PP
172,Leontine,Thaim,lthaim4r@sciencedirect.com,Female,$742966.41,666548548,CC
173,Filbert,Eldon,feldon4s@gravatar.com,Male,$587212.09,503539858,IT
174,Ernestus,MacDougal,emacdougal4t@e-recht24.de,Male,$262004.69,935520589,CC
175,Elijah,MacNeilley,emacneilley4u@creativecommons.org,Male,$893506.31,179183976,PP
176,Haley,Poplee,hpoplee4v@reference.com,Female,$363335.84,624037200,CC
177,Brandyn,Horney,bhorney4w@goo.gl,Male,$883602.79,531613498,IT
178,Maible,Coronas,mcoronas4x@alexa.com,Female,$772303.63,486824119,PP
179,Doe,Smeed,dsmeed4y@storify.com,Female,$408133.06,835711915,CC
180,Nikaniki,Sleath,nsleath4z@europa.eu,Female,$235733.90,239415177,CC
181,Lauralee,Grolmann,lgrolmann50@yellowbook.com,Female,$508677.75,212970629,PP
182,Kaitlynn,Beggan,kbeggan51@yellowpages.com,Female,$536857.45,526177394,IT
183,Ekaterina,Sancroft,esancroft52@pcworld.com,Female,$420338.59,921722182,CC
184,Lilia,Shilton,lshilton53@jigsy.com,Female,$249019.62,582649614,CC
185,Priscilla,Yekel,pyekel54@unicef.org,Female,$524719.81,609897638,IT
186,Harlene,Longina,hlongina55@trellian.com,Female,$202307.55,457623790,IT
187,Camile,Neljes,cneljes56@moonfruit.com,Female,$121434.92,967494105,CC
188,Tremayne,Comellini,tcomellini57@rediff.com,Male,$514458.08,122444583,IT
189,Bev,Armin,barmin58@mlb.com,Female,$865176.94,619352262,IT
190,Jennie,Muzzillo,jmuzzillo59@virginia.edu,Female,$211443.27,107089962,IT
191,Ray,Keyden,rkeyden5a@google.com.au,Male,$684221.28,828278743,PP
192,Lucky,Buesnel,lbuesnel5b@php.net,Female,$781982.07,890327947,CC
193,Harland,Ingerson,hingerson5c@psu.edu,Male,$814992.25,595756672,IT
194,Berkley,Falco,bfalco5d@tamu.edu,Male,$280226.25,617163064,PP
195,Kean,Lancaster,klancaster5e@netvibes.com,Male,$592089.95,875208096,CC
196,Tyson,Klainman,tklainman5f@fda.gov,Male,$780507.58,238340104,PP
197,Allard,Gulc,agulc5g@g.co,Male,$737955.12,953785994,CC
198,Holmes,Lutman,hlutman5h@freewebs.com,Male,$614633.64,830266575,CC
199,Berkie,Mouser,bmouser5i@addtoany.com,Male,$967453.79,936683115,CC
200,Wells,Bolus,wbolus5j@webeden.co.uk,Male,$204382.73,432974152,IT
201,Pepillo,Overton,poverton5k@nhs.uk,Male,$904798.25,191337769,IT
202,Wally,Skuse,wskuse5l@jiathis.com,Female,$849165.68,969094347,CC
203,Lucille,Lebourn,llebourn5m@myspace.com,Female,$135874.33,394407729,IT
204,Brigid,Danielovitch,bdanielovitch5n@networksolutions.com,Female,$597004.40,331644629,CC
205,Cris,Sicily,csicily5o@ameblo.jp,Male,$114735.24,799790428,IT
206,Fergus,Crutchfield,fcrutchfield5p@ovh.net,Male,$844152.70,282167472,PP
207,Anet,Wither,awither5q@theatlantic.com,Female,$493375.13,318245208,PP
208,Riane,McKerton,rmckerton5r@china.com.cn,Female,$728845.48,980297691,CC
209,Siusan,Madgwick,smadgwick5s@blogs.com,Female,$762192.20,6263533,CC
210,Sandy,Rabbage,srabbage5t@cpanel.net,Female,$195176.91,505288053,IT
211,Nickola,Fanti,nfanti5u@unblog.fr,Male,$318169.97,565703812,IT
212,Ivar,Allsup,iallsup5v@sakura.ne.jp,Male,$382410.13,853176735,PP
213,Eward,Freshwater,efreshwater5w@cnbc.com,Male,$387776.15,832016052,PP
214,Danny,Richley,drichley5x@hp.com,Female,$921217.93,492488538,PP
215,Reid,Collins,rcollins5y@zimbio.com,Male,$844186.89,979630703,IT
216,Clevey,Van Der Hoog,cvanderhoog5z@diigo.com,Male,$604621.23,675901418,PP
217,Vernon,Neasam,vneasam60@geocities.jp,Male,$530129.43,440392595,PP
218,Merline,Smitherham,msmitherham61@dot.gov,Female,$119737.19,586757265,PP
219,Kelsi,Alanbrooke,kalanbrooke62@patch.com,Female,$429391.13,892918598,IT
220,Druci,Jannequin,djannequin63@upenn.edu,Female,$330433.65,827280871,PP
221,Broddie,Jordison,bjordison64@ifeng.com,Male,$423269.84,63144895,PP
222,Andromache,Crassweller,acrassweller65@shareasale.com,Female,$746588.10,282071986,PP
223,Jaquenette,Baggot,jbaggot66@paginegialle.it,Female,$419649.14,65431205,CC
224,Emile,Keneford,ekeneford67@weibo.com,Male,$493374.73,318919778,CC
225,Zebedee,Copeland,zcopeland68@studiopress.com,Male,$691861.23,688235575,CC
226,Mill,Roughley,mroughley69@businessweek.com,Male,$571141.05,680791437,CC
227,Drucill,Randall,drandall6a@google.nl,Female,$600801.98,635707931,IT
228,Dominga,Edmett,dedmett6b@ucla.edu,Female,$367742.70,605882712,CC
229,Brandon,Quantick,bquantick6c@github.io,Male,$475379.76,229312669,CC
230,Kari,Hollindale,khollindale6d@bloglines.com,Female,$555882.09,754921378,CC
231,Milton,Farnill,mfarnill6e@webeden.co.uk,Male,$391982.34,987879340,PP
232,Julius,Habben,jhabben6f@prlog.org,Male,$981750.96,230397275,PP
233,Barris,Norcliffe,bnorcliffe6g@barnesandnoble.com,Male,$486107.65,493089037,IT
234,Aldon,O'Cullen,aocullen6h@noaa.gov,Male,$470525.15,981377970,CC
235,Briano,Labusch,blabusch6i@boston.com,Male,$100853.64,995023121,IT
236,Rodolfo,La Wille,rlawille6j@feedburner.com,Male,$735701.77,127167682,PP
237,Nadine,McKissack,nmckissack6k@bluehost.com,Female,$157686.90,27901271,CC
238,Alastair,Cockshtt,acockshtt6l@microsoft.com,Male,$841351.58,147045506,CC
239,Jolynn,Jarlmann,jjarlmann6m@gravatar.com,Female,$645972.56,646728891,IT
240,Katherina,Colmore,kcolmore6n@tinyurl.com,Female,$215563.30,1010685992,IT
241,Akim,MacVaugh,amacvaugh6o@webmd.com,Male,$357557.52,285819860,CC
242,Lenore,Mattisssen,lmattisssen6p@unblog.fr,Female,$717839.52,104154346,PP
243,Odelia,Tunnock,otunnock6q@adobe.com,Female,$198505.00,528617341,CC
244,Kennie,Cullerne,kcullerne6r@businessinsider.com,Male,$951913.90,846827993,PP
245,August,Baily,abaily6s@gizmodo.com,Male,$801661.20,742137327,PP
246,Angeline,Hamel,ahamel6t@archive.org,Female,$336436.40,521648380,CC
247,Augustine,Jacquest,ajacquest6u@ibm.com,Male,$929355.89,183309261,PP
248,Norene,Huggon,nhuggon6v@addthis.com,Female,$349043.98,567077385,PP
249,Clark,Dumper,cdumper6w@msn.com,Male,$409429.36,598926574,PP
250,Emmanuel,Briar,ebriar6x@illinois.edu,Male,$463353.03,647513446,IT
251,Nikola,Braunfeld,nbraunfeld6y@wunderground.com,Male,$543339.03,336440883,CC
252,Jammal,Gajownik,jgajownik6z@admin.ch,Male,$780517.69,8793292,PP
253,Julissa,Christou,jchristou70@mlb.com,Female,$421669.01,494166654,CC
254,Glen,Healey,ghealey71@theglobeandmail.com,Female,$548801.48,882585404,CC
255,Collie,Jorry,cjorry72@google.com,Female,$410944.48,881022971,IT
256,Roy,Holtham,rholtham73@abc.net.au,Male,$666001.85,860510885,PP
257,Celestia,Windley,cwindley74@dagondesign.com,Female,$174673.14,511775736,IT
258,Cyb,Godly,cgodly75@wiley.com,Female,$553747.79,71779169,IT
259,Berky,Corain,bcorain76@google.it,Male,$918540.46,661367192,CC
260,Angelia,Chivrall,achivrall77@imdb.com,Female,$496810.11,341442160,IT
261,Lamar,Dumpleton,ldumpleton78@bbc.co.uk,Male,$595710.75,991573796,PP
262,Murielle,Kulas,mkulas79@nifty.com,Female,$478507.80,426181141,PP
263,Cammy,Massow,cmassow7a@weibo.com,Female,$290794.18,43340917,CC
264,Abbye,Kingsman,akingsman7b@slashdot.org,Female,$874138.36,986609800,IT
265,Gray,Winterson,gwinterson7c@ca.gov,Male,$766017.69,114955867,CC
266,Hugh,Ayre,hayre7d@clickbank.net,Male,$146587.02,949895965,PP
267,Aland,Boorer,aboorer7e@w3.org,Male,$950811.86,1020435040,IT
268,Andras,Fibbit,afibbit7f@skype.com,Male,$704459.12,174337087,PP
269,Ella,Scurry,escurry7g@uol.com.br,Female,$588313.21,433942800,CC
270,Renato,Gland,rgland7h@noaa.gov,Male,$950081.24,1003631757,IT
271,Etheline,Coltman,ecoltman7i@de.vu,Female,$570967.68,358574542,IT
272,Caryl,Randalston,crandalston7j@is.gd,Male,$238621.80,746697491,IT
273,Pavlov,Cars,pcars7k@dion.ne.jp,Male,$330950.22,815494731,CC
274,Christean,Greendale,cgreendale7l@live.com,Female,$473316.91,206997306,IT
275,Pattie,Mazella,pmazella7m@mail.ru,Female,$694250.00,252872272,PP
276,Riordan,Abramsky,rabramsky7n@desdev.cn,Male,$951985.90,538499948,PP
277,Rayshell,Venner,rvenner7o@csmonitor.com,Female,$999954.69,170609263,PP
278,Oliy,Jolin,ojolin7p@addthis.com,Female,$896039.01,965406469,IT
279,Bartolomeo,Barajas,bbarajas7q@timesonline.co.uk,Male,$367224.99,185412634,CC
280,Gayla,Mosco,gmosco7r@sciencedirect.com,Female,$704561.43,677295827,CC
281,Heinrick,Tapsfield,htapsfield7s@who.int,Male,$711287.02,381289970,PP
282,Petronia,Andrassy,pandrassy7t@archive.org,Female,$831216.04,1032337917,CC
283,Gracia,Le Frank,glefrank7u@bluehost.com,Female,$986318.80,709258924,CC
284,Pattie,Winterburn,pwinterburn7v@wufoo.com,Male,$185697.58,508763125,CC
285,Wileen,Coneau,wconeau7w@blogger.com,Female,$983774.76,727273615,PP
286,Burk,Berling,bberling7x@themeforest.net,Male,$563891.78,831731508,IT
287,Goldi,Blenkharn,gblenkharn7y@cocolog-nifty.com,Female,$273349.89,382340449,IT
288,Eliot,Drinkall,edrinkall7z@unicef.org,Male,$235267.57,875254603,PP
289,Fawn,Trusler,ftrusler80@gmpg.org,Female,$724881.82,632144942,CC
290,Dorene,Bradwell,dbradwell81@macromedia.com,Female,$606720.39,224337591,IT
291,Udall,Bowell,ubowell82@smh.com.au,Male,$464266.42,471644856,PP
292,Brenn,Batten,bbatten83@istockphoto.com,Female,$221267.66,233267378,IT
293,Cleon,Tweedie,ctweedie84@1und1.de,Male,$340780.29,574696094,PP
294,Ninnetta,Farrimond,nfarrimond85@joomla.org,Female,$250123.98,669099419,PP
295,Pren,Elwel,pelwel86@archive.org,Male,$391534.88,775862651,PP
296,Aube,Spores,aspores87@dropbox.com,Male,$403549.22,154210237,IT
297,Stephi,Jacobi,sjacobi88@dagondesign.com,Female,$864046.57,599967677,CC
298,Buiron,West,bwest89@whitehouse.gov,Male,$507725.55,823039237,PP
299,Broddy,Blaze,bblaze8a@census.gov,Male,$225096.39,913537319,CC
300,Mayne,Kays,mkays8b@naver.com,Male,$798596.25,286690832,PP
301,Maurine,Skoyles,mskoyles8c@ft.com,Female,$786533.99,163070113,PP
302,Madeleine,Ambrogini,mambrogini8d@tamu.edu,Female,$313563.37,588248786,CC
303,Jedediah,Stathers,jstathers8e@netscape.com,Male,$791106.99,518866553,CC
304,Francyne,Blundan,fblundan8f@flickr.com,Female,$829195.05,934669069,IT
305,Sergei,Billanie,sbillanie8g@adobe.com,Male,$471561.21,154391845,CC
306,Claiborne,Quirk,cquirk8h@weibo.com,Male,$597095.53,555504749,CC
307,Hodge,Bernardes,hbernardes8i@furl.net,Male,$227328.67,1013579601,IT
308,Tam,Whipple,twhipple8j@weather.com,Male,$383157.40,618403491,CC
309,Noami,Siddle,nsiddle8k@furl.net,Female,$619238.49,821830264,CC
310,Meredith,Dwerryhouse,mdwerryhouse8l@blinklist.com,Male,$518286.75,366530468,IT
311,Susanna,Hauch,shauch8m@cbslocal.com,Female,$131852.13,478527303,PP
312,Catina,Gerritsma,cgerritsma8n@google.com.au,Female,$528682.19,268089171,CC
313,Spencer,Le Marchant,slemarchant8o@fc2.com,Male,$851382.90,824987139,CC
314,Fania,Macrae,fmacrae8p@aol.com,Female,$352238.31,44616541,CC
315,Rory,Causey,rcausey8q@edublogs.org,Male,$914628.19,640864253,PP
316,Del,O' Hogan,dohogan8r@intel.com,Male,$591531.50,60133133,CC
317,Nappy,Castagnet,ncastagnet8s@answers.com,Male,$549554.37,789582245,PP
318,Fitz,McGucken,fmcgucken8t@springer.com,Male,$656531.48,63196234,IT
319,Land,Files,lfiles8u@msu.edu,Male,$163459.21,225867527,IT
320,Kelsey,Lardge,klardge8v@netvibes.com,Female,$227065.31,444673832,PP
321,Jess,Hickin,jhickin8w@eventbrite.com,Female,$637383.69,771379705,CC
322,Kirstyn,Skippings,kskippings8x@skype.com,Female,$628288.56,316057622,CC
323,Adrianne,Found,afound8y@pinterest.com,Female,$545132.86,205054907,IT
324,Janeen,Eakly,jeakly8z@fc2.com,Female,$205172.86,770138287,PP
325,Drake,Saltmarsh,dsaltmarsh90@tripadvisor.com,Male,$523548.70,229850894,IT
326,Cullan,Sheasby,csheasby91@bravesites.com,Male,$866087.15,84256419,CC
327,Waite,Bruford,wbruford92@europa.eu,Male,$939528.76,725682524,PP
328,Guntar,McGuigan,gmcguigan93@forbes.com,Male,$647564.16,122374352,CC
329,Josias,Blowick,jblowick94@fotki.com,Male,$962725.97,489203454,PP
330,Sheila-kathryn,Colmer,scolmer95@opera.com,Female,$656384.42,18423182,CC
331,Nat,Comelini,ncomelini96@hubpages.com,Female,$798560.41,119905594,IT
332,Huntington,Fury,hfury97@va.gov,Male,$319439.61,757481748,PP
333,Titos,Croster,tcroster98@java.com,Male,$899540.09,913845398,IT
334,Audra,Sellstrom,asellstrom99@unicef.org,Female,$512062.93,200085690,PP
335,Hamilton,Corcut,hcorcut9a@edublogs.org,Male,$357820.24,826860978,IT
336,Eddi,Ibarra,eibarra9b@reverbnation.com,Female,$140466.08,266780650,PP
337,Katha,Drable,kdrable9c@loc.gov,Female,$678199.85,636594187,IT
338,Jesselyn,Barensky,jbarensky9d@squidoo.com,Female,$397246.63,924857220,IT
339,Anson,Kneller,akneller9e@deliciousdays.com,Male,$772168.38,101003796,CC
340,Wally,O'Dempsey,wodempsey9f@toplist.cz,Female,$300305.72,276077126,CC
341,Leticia,Greber,lgreber9g@sphinn.com,Female,$670764.84,482703543,IT
342,Demetria,Stanlick,dstanlick9h@desdev.cn,Female,$347962.15,932345686,IT
343,Francklyn,Muzzollo,fmuzzollo9i@bing.com,Male,$951966.04,47937977,IT
344,Hendrik,Yushkov,hyushkov9j@geocities.jp,Male,$431376.25,369745142,IT
345,Curcio,Spradbrow,cspradbrow9k@seesaa.net,Male,$990557.76,644509995,IT
346,Lona,Cufley,lcufley9l@multiply.com,Female,$211251.61,93334883,IT
347,Nedi,Gurdon,ngurdon9m@sun.com,Female,$290185.19,450884125,CC
348,Radcliffe,Rounsefull,rrounsefull9n@japanpost.jp,Male,$179187.18,136502553,CC
349,Ebenezer,Tripe,etripe9o@multiply.com,Male,$118029.15,432440752,PP
350,Aileen,Hubbuck,ahubbuck9p@sogou.com,Female,$926708.29,746606827,PP
351,Lissie,Kyteley,lkyteley9q@skype.com,Female,$427135.97,889340845,CC
352,Hallie,Bumphries,hbumphries9r@google.com.au,Female,$299422.34,322263119,IT
353,Mord,Kirk,mkirk9s@tmall.com,Male,$798164.74,610290582,PP
354,Clayson,Gavin,cgavin9t@walmart.com,Male,$754342.99,411129119,CC
355,Elmer,Woollin,ewoollin9u@amazon.co.uk,Male,$593077.26,532685810,PP
356,Ethe,Lace,elace9v@facebook.com,Male,$912661.44,30334911,PP
357,Erv,Roderham,eroderham9w@posterous.com,Male,$684393.08,735372191,IT
358,Penny,Schwier,pschwier9x@storify.com,Male,$867509.15,193643836,PP
359,Alyce,Hildrew,ahildrew9y@homestead.com,Female,$964200.68,194546777,PP
360,Ephrem,Somerlie,esomerlie9z@skyrock.com,Male,$669327.57,584492470,IT
361,Efren,Mordanti,emordantia0@list-manage.com,Male,$278890.98,122975311,CC
362,Ware,Goby,wgobya1@tripadvisor.com,Male,$498028.13,66596829,IT
363,Gwennie,Fairney,gfairneya2@google.pl,Female,$124865.19,790907680,IT
364,Beverlee,Gergus,bgergusa3@omniture.com,Female,$221064.71,106710189,PP
365,Sara,Foresight,sforesighta4@fc2.com,Female,$662277.21,303018591,PP
366,Gisele,Sargison,gsargisona5@google.com.br,Female,$913260.00,504578769,IT
367,Clarita,Capun,ccapuna6@scientificamerican.com,Female,$657994.86,600239070,PP
368,Dewitt,Tippell,dtippella7@theglobeandmail.com,Male,$810968.65,862561358,PP
369,Georgina,Heys,gheysa8@senate.gov,Female,$653234.52,264286479,IT
370,Livia,Sesons,lsesonsa9@ed.gov,Female,$452214.59,292886709,IT
371,Armin,Curgenven,acurgenvenaa@sogou.com,Male,$304703.67,167705897,IT
372,Boigie,Ogley,bogleyab@usa.gov,Male,$947099.74,934060119,CC
373,Biddie,Cavanaugh,bcavanaughac@opera.com,Female,$948339.02,610308956,PP
374,Federica,Huxter,fhuxterad@discuz.net,Female,$376819.26,773079144,CC
375,Bonita,Rapi,brapiae@deliciousdays.com,Female,$688836.92,804564877,IT
376,Marsha,Briat,mbriataf@java.com,Female,$613223.66,137422850,CC
377,Maurise,De Normanville,mdenormanvilleag@hatena.ne.jp,Female,$110751.99,221428207,PP
378,Ignatius,Penman,ipenmanah@mtv.com,Male,$196552.18,1007510627,PP
379,Martie,McGrouther,mmcgroutherai@nsw.gov.au,Male,$428718.73,415892397,CC
380,Liliane,Sharma,lsharmaaj@yahoo.co.jp,Female,$441342.78,158965505,IT
381,Creight,Ferryman,cferrymanak@bbb.org,Male,$692427.62,288803801,CC
382,Tedi,Nouch,tnouchal@opera.com,Female,$452957.65,388824790,PP
383,Ingmar,Rany,iranyam@kickstarter.com,Male,$464063.10,1039554209,CC
384,Garvy,Heinle,gheinlean@telegraph.co.uk,Male,$135589.69,924140404,IT
385,Peterus,Dunphy,pdunphyao@newyorker.com,Male,$428738.32,618806914,PP
386,Jaquenette,De Coursey,jdecourseyap@wufoo.com,Female,$909323.86,1046834684,PP
387,Burch,Fernihough,bfernihoughaq@sitemeter.com,Male,$842648.06,110658416,CC
388,Nolan,Tabour,ntabourar@tripadvisor.com,Male,$808702.77,560407554,IT
389,Cirstoforo,Way,cwayas@wisc.edu,Male,$820267.18,565783435,PP
390,Darcie,Taylot,dtaylotat@theguardian.com,Female,$255704.47,9423474,CC
391,Helaina,Rizon,hrizonau@sohu.com,Female,$677541.76,664391932,PP
392,Kelsey,Andrini,kandriniav@constantcontact.com,Male,$876778.45,31988877,CC
393,Julissa,Dabes,jdabesaw@miitbeian.gov.cn,Female,$987722.95,573353487,CC
394,Anders,Ovill,aovillax@hexun.com,Male,$658642.29,857907283,IT
395,Ozzie,Giacobillo,ogiacobilloay@printfriendly.com,Male,$210381.40,233614547,CC
396,Angela,McCory,amccoryaz@freewebs.com,Female,$248139.81,465696699,IT
397,Adrian,Darker,adarkerb0@upenn.edu,Male,$346945.06,533358534,PP
398,Karim,Fooks,kfooksb1@pcworld.com,Male,$169217.62,872433005,PP
399,Pippy,Twigger,ptwiggerb2@oracle.com,Female,$393105.51,573434078,CC
400,Inessa,Claessens,iclaessensb3@baidu.com,Female,$475352.66,449728059,IT
401,Caril,Dellenbrook,cdellenbrookb4@moonfruit.com,Female,$498874.36,612543695,CC
402,Darcy,End,dendb5@usatoday.com,Female,$246414.23,452847460,CC
403,Stepha,Hartwell,shartwellb6@whitehouse.gov,Female,$672006.08,680927027,PP
404,Dante,MacGowan,dmacgowanb7@dell.com,Male,$509227.68,195164752,CC
405,Blondell,Di Pietro,bdipietrob8@domainmarket.com,Female,$661715.00,681715437,CC
406,Giles,Gaffney,ggaffneyb9@soup.io,Male,$911566.54,124688589,IT
407,Gayleen,Brennon,gbrennonba@opensource.org,Female,$954409.98,636350392,PP
408,Erinna,Blais,eblaisbb@nbcnews.com,Female,$826459.35,461164755,CC
409,Kimberley,Foxley,kfoxleybc@jugem.jp,Female,$852959.05,471226451,IT
410,Tait,Rean,treanbd@oaic.gov.au,Male,$124533.39,524838284,CC
411,Helyn,Heathwood,hheathwoodbe@fema.gov,Female,$337824.69,323774530,CC
412,Griselda,Merkle,gmerklebf@biglobe.ne.jp,Female,$482957.68,42816703,IT
413,Gerhardt,Schubuser,gschubuserbg@guardian.co.uk,Male,$750159.61,651001773,IT
414,Cathryn,Buxey,cbuxeybh@icio.us,Female,$757692.96,425615172,CC
415,Brande,Stallion,bstallionbi@ox.ac.uk,Female,$672544.59,692086075,CC
416,Zabrina,Mantrup,zmantrupbj@auda.org.au,Female,$168160.67,593925338,IT
417,Jobina,Gant,jgantbk@state.tx.us,Female,$910968.21,272549775,PP
418,Rhea,Lawlings,rlawlingsbl@bloglines.com,Female,$401355.63,964350052,PP
419,Haven,Bouda,hboudabm@archive.org,Male,$929416.66,948379816,IT
420,Xylina,Tozer,xtozerbn@engadget.com,Female,$589836.62,282824757,PP
421,Krishnah,Maryon,kmaryonbo@washington.edu,Male,$999599.41,315727109,IT
422,Benji,Haulkham,bhaulkhambp@list-manage.com,Male,$621393.68,827652500,IT
423,Morgan,Gerholz,mgerholzbq@paginegialle.it,Male,$618646.46,715588306,PP
424,Paton,Matuszyk,pmatuszykbr@g.co,Male,$181712.10,801900332,CC
425,Mariellen,Rallinshaw,mrallinshawbs@csmonitor.com,Female,$353508.01,919344438,IT
426,Northrup,Gricks,ngricksbt@gnu.org,Male,$546589.53,286505992,CC
427,Rosalia,Arnason,rarnasonbu@businessinsider.com,Female,$237121.46,953540559,IT
428,Giraud,Kiffe,gkiffebv@freewebs.com,Male,$399578.32,353448148,IT
429,Maynord,Duthie,mduthiebw@cpanel.net,Male,$571946.95,815712429,PP
430,Nicola,Diment,ndimentbx@wufoo.com,Male,$168417.05,105484947,PP
431,North,Frye,nfryeby@de.vu,Male,$337203.37,906648302,CC
432,Arny,Burstowe,aburstowebz@ebay.co.uk,Male,$986279.60,513854685,IT
433,Harcourt,Goane,hgoanec0@ocn.ne.jp,Male,$901574.79,359176495,IT
434,Malchy,Rouzet,mrouzetc1@europa.eu,Male,$691685.68,909336583,CC
435,Sandro,Goldster,sgoldsterc2@nationalgeographic.com,Male,$942124.72,605872306,CC
436,Karolina,Dunkinson,kdunkinsonc3@google.es,Female,$444584.28,635635365,CC
437,Meredithe,Jeffery,mjefferyc4@weather.com,Female,$878208.12,785782668,PP
438,Gualterio,Heersma,gheersmac5@phpbb.com,Male,$188752.28,362752226,CC
439,Evangeline,Copello,ecopelloc6@cmu.edu,Female,$986213.35,392541321,PP
440,Sylvan,Ochterlony,sochterlonyc7@about.com,Male,$522175.27,928645686,IT
441,Cordell,Jansema,cjansemac8@mysql.com,Male,$152758.36,429928407,CC
442,Rice,Cowin,rcowinc9@nationalgeographic.com,Male,$747493.13,929410842,PP
443,Al,Pluvier,apluvierca@dot.gov,Male,$359010.41,359135126,PP
444,Nara,Cock,ncockcb@hatena.ne.jp,Female,$445000.25,608895949,IT
445,Ronnie,Burthom,rburthomcc@rambler.ru,Female,$353631.89,28029756,CC
446,Mayer,Sarfatti,msarfatticd@typepad.com,Male,$725130.77,987247105,PP
447,Mignon,Urwin,murwince@bravesites.com,Female,$422250.13,1001150509,CC
448,Nickola,Gally,ngallycf@fda.gov,Male,$135592.67,256595311,PP
449,Reece,Franklen,rfranklencg@youtube.com,Male,$741078.53,717557947,IT
450,Kathlin,Conklin,kconklinch@vkontakte.ru,Female,$438755.86,798829196,IT
451,Grove,Gothard,ggothardci@pagesperso-orange.fr,Male,$872675.01,201419620,CC
452,Sandor,Tregien,stregiencj@surveymonkey.com,Male,$168694.85,301892365,IT
453,Gayelord,Antal,gantalck@time.com,Male,$780142.05,211165317,IT
454,Beale,Lurcock,blurcockcl@forbes.com,Male,$124477.60,652877511,PP
455,Jeffy,Potkins,jpotkinscm@slashdot.org,Male,$115825.96,912892017,IT
456,Leta,Pawlett,lpawlettcn@cnn.com,Female,$334156.11,343577006,CC
457,Maud,Ebbings,mebbingsco@google.ru,Female,$967859.20,484886088,CC
458,Carlina,Bendley,cbendleycp@youtu.be,Female,$298660.54,541837634,IT
459,Dorey,Toomey,dtoomeycq@eepurl.com,Male,$146627.37,932837915,PP
460,Port,MacGeaney,pmacgeaneycr@etsy.com,Male,$267709.00,991285387,CC
461,Cthrine,Braim,cbraimcs@hp.com,Female,$230253.28,761402367,CC
462,Ozzy,Saturley,osaturleyct@princeton.edu,Male,$434386.10,487363453,CC
463,Mandel,Ealles,meallescu@shareasale.com,Male,$278579.14,706383119,CC
464,Ira,Campes,icampescv@histats.com,Male,$881370.06,33473905,PP
465,Danya,Bernardeschi,dbernardeschicw@umn.edu,Male,$976380.58,999323683,CC
466,Joellen,Viste,jvistecx@census.gov,Female,$601094.30,169362431,PP
467,Quintus,Sinden,qsindency@sciencedirect.com,Male,$256727.90,592789198,IT
468,Ricardo,Strood,rstroodcz@archive.org,Male,$797390.10,714073328,CC
469,Stacy,Risso,srissod0@reference.com,Female,$254923.27,418206230,CC
470,Eadmund,MacArthur,emacarthurd1@cafepress.com,Male,$205954.19,149617868,IT
471,Brig,Every,beveryd2@bizjournals.com,Male,$159887.17,872117189,CC
472,Cherry,Huntress,chuntressd3@nasa.gov,Female,$781961.01,709198119,PP
473,Lettie,Tulip,ltulipd4@zdnet.com,Female,$502235.98,895674037,PP
474,Gabriell,Antyshev,gantyshevd5@imdb.com,Female,$889895.26,856810176,PP
475,Anthea,Keneleyside,akeneleysided6@ox.ac.uk,Female,$328913.57,932263502,PP
476,Beale,Bunnell,bbunnelld7@baidu.com,Male,$295503.47,218416573,IT
477,Hughie,Lote,hloted8@irs.gov,Male,$250236.70,559374520,CC
478,Bordy,Richmond,brichmondd9@mashable.com,Male,$805963.89,572722943,PP
479,Misti,Goulden,mgouldenda@oaic.gov.au,Female,$525303.81,747898154,IT
480,Ferrel,Sieur,fsieurdb@vinaora.com,Male,$518306.00,217840385,IT
481,Mildrid,Luchetti,mluchettidc@nifty.com,Female,$786114.63,853186759,PP
482,Maury,Tanfield,mtanfielddd@jimdo.com,Male,$566241.43,1049936105,IT
483,Lynnelle,Benny,lbennyde@naver.com,Female,$421347.11,180604984,PP
484,Baxter,Pawfoot,bpawfootdf@marketwatch.com,Male,$538558.42,228381669,IT
485,Marleah,Espinos,mespinosdg@weibo.com,Female,$552309.21,91066929,IT
486,Dall,Ipsley,dipsleydh@about.me,Male,$872622.11,72712363,CC
487,Audrie,Dettmar,adettmardi@webeden.co.uk,Female,$483660.64,141371524,PP
488,Carroll,Bennet,cbennetdj@a8.net,Female,$193816.49,771949921,PP
489,Karlotte,De Biaggi,kdebiaggidk@addtoany.com,Female,$676784.94,620607953,CC
490,Vivyanne,Odney,vodneydl@t.co,Female,$892319.43,14288747,CC
491,Hynda,Stopps,hstoppsdm@merriam-webster.com,Female,$343807.07,81412751,PP
492,Bellanca,Bever,bbeverdn@cnet.com,Female,$592243.84,128009129,CC
493,Ina,Eldridge,ieldridgedo@cpanel.net,Female,$561951.71,150365617,IT
494,Bucky,Kynge,bkyngedp@tmall.com,Male,$553539.68,905497115,CC
495,Kary,Melbury,kmelburydq@rediff.com,Female,$426204.26,405714236,IT
496,Alta,Bambury,abamburydr@live.com,Female,$945489.50,847641644,CC
497,Joelle,Tofpik,jtofpikds@dmoz.org,Female,$669629.56,929838379,PP
498,Clarey,Trevallion,ctrevalliondt@umn.edu,Female,$229789.22,555144783,PP
499,Bridgette,Giacobbo,bgiacobbodu@toplist.cz,Female,$483723.47,777548190,IT
500,Charlton,Balazin,cbalazindv@myspace.com,Male,$411566.10,791428708,IT
501,Bar,Counter,bcounterdw@usa.gov,Male,$646301.24,385191846,IT
502,Dana,Hinchon,dhinchondx@google.cn,Female,$826293.98,61122236,IT
503,Rosmunda,Botterell,rbotterelldy@liveinternet.ru,Female,$192607.52,85750116,CC
504,Griffie,Froschauer,gfroschauerdz@multiply.com,Male,$427100.33,751112866,IT
505,Georgie,Meharg,gmeharge0@dion.ne.jp,Male,$628391.41,86110215,IT
506,Tandie,Whitechurch,twhitechurche1@nps.gov,Female,$131696.71,460465856,PP
507,Neill,Cristoferi,ncristoferie2@bloglines.com,Male,$895141.98,1004265077,PP
508,Jeanine,Botly,jbotlye3@51.la,Female,$281155.29,332950500,CC
509,Thedrick,Boomes,tboomese4@apache.org,Male,$700002.47,810763972,PP
510,Madeline,MacShirie,mmacshiriee5@linkedin.com,Female,$112142.81,585443217,PP
511,Goddard,Dibdale,gdibdalee6@smh.com.au,Male,$845093.23,122679805,IT
512,Kingston,Barkhouse,kbarkhousee7@icio.us,Male,$962965.64,868590153,IT
513,Barbie,Canet,bcanete8@unc.edu,Female,$571474.06,901012764,CC
514,Brear,Braikenridge,bbraikenridgee9@ox.ac.uk,Female,$388483.53,1038493997,PP
515,Pamella,Ord,pordea@tmall.com,Female,$506468.66,122541000,IT
516,Abdel,Miebes,amiebeseb@discuz.net,Male,$592093.50,519052493,IT
517,Keeley,Summerill,ksummerillec@irs.gov,Female,$934666.65,732673685,CC
518,Vivyan,Brecknall,vbrecknalled@jiathis.com,Female,$595213.45,985805696,IT
519,Loren,Betchley,lbetchleyee@aboutads.info,Male,$913762.02,808908716,PP
520,Raviv,Provost,rprovostef@bigcartel.com,Male,$235776.24,324145644,IT
521,Appolonia,Nutbrown,anutbrowneg@theglobeandmail.com,Female,$700088.65,108481460,IT
522,Jarrod,Pickton,jpicktoneh@networkadvertising.org,Male,$670511.96,647681928,CC
523,Base,Fideler,bfidelerei@youtube.com,Male,$315410.47,850665324,IT
524,Gordy,Gingles,gginglesej@goo.ne.jp,Male,$867892.53,308204851,IT
525,Antonia,Daenen,adaenenek@admin.ch,Female,$586119.78,10147328,PP
526,Heinrick,Cannop,hcannopel@t-online.de,Male,$189566.59,642455087,IT
527,Gusella,Wigg,gwiggem@angelfire.com,Female,$331969.64,771041848,IT
528,Butch,Adame,badameen@techcrunch.com,Male,$520422.36,126186323,IT
529,Gage,Bladge,gbladgeeo@noaa.gov,Male,$448556.14,139765845,IT
530,Karlotta,Geany,kgeanyep@sitemeter.com,Female,$475544.55,79412985,CC
531,Lindy,Fairnington,lfairningtoneq@fc2.com,Male,$806188.46,356038343,IT
532,Claribel,Barbery,cbarberyer@nymag.com,Female,$193041.57,677824553,IT
533,Roselle,Probey,rprobeyes@naver.com,Female,$992206.73,970112336,PP
534,Melitta,Trafford,mtraffordet@blogtalkradio.com,Female,$186117.89,363535088,IT
535,Sarita,Lepere,slepereeu@vimeo.com,Female,$600997.01,738644094,PP
536,Hollis,Marklow,hmarklowev@google.com.hk,Male,$274412.78,462410177,CC
537,Doroteya,Hebburn,dhebburnew@hugedomains.com,Female,$651759.54,985002819,CC
538,Forester,Jorat,fjoratex@unblog.fr,Male,$537754.01,992979730,PP
539,Donovan,Hebblethwaite,dhebblethwaiteey@mashable.com,Male,$132348.64,187887030,PP
540,Roosevelt,Latter,rlatterez@ameblo.jp,Male,$845259.88,569641855,PP
541,Clayton,Beelby,cbeelbyf0@dedecms.com,Male,$695303.64,376474194,CC
542,Ethan,Geraudel,egeraudelf1@ebay.com,Male,$591908.28,891179833,IT
543,Falkner,Bowdler,fbowdlerf2@last.fm,Male,$716887.54,981470156,IT
544,Lee,Josefsohn,ljosefsohnf3@tripadvisor.com,Female,$627228.36,1042047121,CC
545,Myrna,McBeith,mmcbeithf4@wordpress.com,Female,$212189.23,745499678,IT
546,Ralph,Yashunin,ryashuninf5@linkedin.com,Male,$864224.75,53205467,CC
547,Desiri,Battelle,dbattellef6@dell.com,Female,$979959.80,37512159,IT
548,Eloise,Looks,elooksf7@tumblr.com,Female,$454004.97,629932604,PP
549,Franky,Durtnel,fdurtnelf8@china.com.cn,Female,$271655.16,917056246,PP
550,Rachelle,Domerq,rdomerqf9@mayoclinic.com,Female,$713519.19,295764831,IT
551,Elyssa,Snugg,esnuggfa@squidoo.com,Female,$940999.51,45391267,IT
552,Tiffani,Huish,thuishfb@multiply.com,Female,$925944.50,512840915,CC
553,Hadrian,Sibbald,hsibbaldfc@blog.com,Male,$684344.66,360466958,IT
554,Timi,Addy,taddyfd@wsj.com,Female,$635650.44,1041802752,IT
555,Dee dee,Bygrave,dbygravefe@geocities.jp,Female,$538666.53,941892620,IT
556,Ad,Rouchy,arouchyff@gravatar.com,Male,$849844.76,996005923,CC
557,Idalina,Syplus,isyplusfg@blogspot.com,Female,$311288.05,442719245,CC
558,Gerianne,Norwood,gnorwoodfh@google.ru,Female,$476811.53,209670945,IT
559,Katti,Gorler,kgorlerfi@macromedia.com,Female,$864208.84,220718130,IT
560,Filmer,Gauler,fgaulerfj@ca.gov,Male,$627161.84,390586659,PP
561,Zorine,Maciaszczyk,zmaciaszczykfk@cnet.com,Female,$603756.17,822336808,PP
562,Saul,Tilbury,stilburyfl@typepad.com,Male,$967283.26,520875463,PP
563,Melvyn,Moden,mmodenfm@bbc.co.uk,Male,$394290.44,191849651,IT
564,D'arcy,Tee,dteefn@paypal.com,Male,$318832.52,881990142,IT
565,Karina,Gilby,kgilbyfo@altervista.org,Female,$439185.81,811024065,IT
566,Patty,Allom,pallomfp@gov.uk,Male,$147772.80,1023952038,CC
567,Briney,Fairhurst,bfairhurstfq@yellowpages.com,Female,$436551.00,22576944,CC
568,Vitia,Machin,vmachinfr@php.net,Female,$468553.30,183238875,IT
569,Fraser,Suston,fsustonfs@usatoday.com,Male,$520859.54,915098325,PP
570,Sidnee,Kornyakov,skornyakovft@amazon.co.jp,Male,$720795.05,840976365,IT
571,Cathyleen,Broadhead,cbroadheadfu@google.es,Female,$234571.52,772248996,IT
572,Tracey,Edgar,tedgarfv@bbb.org,Female,$101835.05,144037410,CC
573,Tad,Cappel,tcappelfw@free.fr,Male,$218664.25,294820578,IT
574,Leigh,Baldock,lbaldockfx@webmd.com,Male,$624386.40,819865522,CC
575,Lilas,Newcom,lnewcomfy@cmu.edu,Female,$966453.99,785883204,IT
576,Otis,Handman,ohandmanfz@umich.edu,Male,$824478.04,369869530,IT
577,Ferdy,Hickenbottom,fhickenbottomg0@npr.org,Male,$927223.54,333699651,PP
578,Skylar,Mielnik,smielnikg1@harvard.edu,Male,$596463.95,867734359,IT
579,Tanney,Deavin,tdeaving2@upenn.edu,Male,$854213.02,371224336,PP
580,Bentley,Sheldrick,bsheldrickg3@reddit.com,Male,$440059.43,666324282,PP
581,Alika,McGurk,amcgurkg4@moonfruit.com,Female,$236809.34,234874145,CC
582,Rem,Shubotham,rshubothamg5@vinaora.com,Male,$215984.54,71529636,IT
583,Bernhard,Smickle,bsmickleg6@zimbio.com,Male,$334486.94,24574567,IT
584,Myca,Nelane,mnelaneg7@va.gov,Male,$287001.91,918146231,IT
585,Matthieu,Surby,msurbyg8@sitemeter.com,Male,$154291.67,69986534,PP
586,Deloris,Deschelle,ddeschelleg9@instagram.com,Female,$703986.36,1030959967,PP
587,Lionello,Clarke,lclarkega@netscape.com,Male,$560955.05,338912968,IT
588,Lora,Shipp,lshippgb@google.fr,Female,$617901.27,996905477,IT
589,Godfry,McGurgan,gmcgurgangc@blogspot.com,Male,$404260.16,1032399173,CC
590,Clari,Lohrensen,clohrensengd@reddit.com,Female,$272712.49,779738943,IT
591,Cecelia,Willatt,cwillattge@acquirethisname.com,Female,$989013.09,886423628,PP
592,Fredelia,Hagley,fhagleygf@wired.com,Female,$122269.35,99218449,IT
593,Harwilll,Tonry,htonrygg@fastcompany.com,Male,$878508.00,328339887,CC
594,Bendite,Mousdall,bmousdallgh@cargocollective.com,Female,$906806.93,606513171,CC
595,Walt,Tingey,wtingeygi@ftc.gov,Male,$926879.20,226680349,PP
596,Ambrose,Ricson,aricsongj@last.fm,Male,$890615.85,1041300777,PP
597,Stearn,Clingoe,sclingoegk@csmonitor.com,Male,$246871.72,932632560,IT
598,Miller,Gottschalk,mgottschalkgl@usa.gov,Male,$405213.29,237441095,CC
599,Imogen,Rabidge,irabidgegm@home.pl,Female,$694990.51,154524175,IT
600,Marion,Lazarus,mlazarusgn@wunderground.com,Male,$544004.27,274883713,PP
601,Freeland,Peerless,fpeerlessgo@buzzfeed.com,Male,$239033.82,215976506,IT
602,Reginald,Anders,randersgp@cbsnews.com,Male,$976924.52,807532314,PP
603,Engelbert,Yeliashev,eyeliashevgq@histats.com,Male,$272418.05,664235975,CC
604,Tarrance,Drakers,tdrakersgr@house.gov,Male,$978816.93,989434539,PP
605,Hanny,Rowthorn,hrowthorngs@howstuffworks.com,Female,$870247.39,315402194,CC
606,Dru,Douthwaite,ddouthwaitegt@liveinternet.ru,Female,$208536.13,829920057,CC
607,Lorenzo,Rustich,lrustichgu@chronoengine.com,Male,$686179.15,110846323,CC
608,Dario,Golsby,dgolsbygv@soup.io,Male,$797492.45,102754969,IT
609,Raff,Rimbault,rrimbaultgw@bravesites.com,Male,$867872.91,602708823,CC
610,Lura,Waterdrinker,lwaterdrinkergx@skyrock.com,Female,$406971.47,210798746,CC
611,Adolf,Firpi,afirpigy@springer.com,Male,$762670.74,555536921,PP
612,Vale,Crutch,vcrutchgz@mail.ru,Female,$360281.02,940341750,CC
613,Cleon,Farfoot,cfarfooth0@feedburner.com,Male,$321106.71,373322673,PP
614,Gunilla,Shottin,gshottinh1@flickr.com,Female,$992614.33,845362501,PP
615,Andriana,Warr,awarrh2@eventbrite.com,Female,$877513.03,34009021,CC
616,Ashlan,Lamanby,alamanbyh3@ed.gov,Female,$509163.67,304964894,PP
617,Amaleta,Lees,aleesh4@answers.com,Female,$421990.53,405516705,PP
618,Evelyn,Southam,esouthamh5@purevolume.com,Male,$353462.60,612893156,CC
619,Fancy,Jurisch,fjurischh6@pbs.org,Female,$335873.23,574299878,CC
620,Donnajean,Foard,dfoardh7@who.int,Female,$672004.46,608729665,IT
621,Francklyn,Iacofo,fiacofoh8@tinyurl.com,Male,$814268.03,62171842,CC
622,Torr,Blacktin,tblacktinh9@drupal.org,Male,$470749.30,517570709,IT
623,Theobald,Rubinshtein,trubinshteinha@wufoo.com,Male,$327308.56,420058288,CC
624,Massimo,Lipsett,mlipsetthb@biblegateway.com,Male,$141265.01,978627820,CC
625,Nikolaus,Ballinger,nballingerhc@adobe.com,Male,$549710.03,374412907,IT
626,Abelard,Predohl,apredohlhd@blogspot.com,Male,$284558.00,425410053,IT
627,Yasmeen,Heggs,yheggshe@cargocollective.com,Female,$143071.94,300013818,IT
628,Lyn,Harkes,lharkeshf@reddit.com,Female,$187196.38,184743887,PP
629,Julia,Yateman,jyatemanhg@dot.gov,Female,$565884.31,186192944,IT
630,Early,Stigers,estigershh@newyorker.com,Male,$687021.12,272482712,PP
631,Cleveland,Patrono,cpatronohi@time.com,Male,$982651.10,302557586,CC
632,Shelley,Ingerith,singerithhj@virginia.edu,Female,$606754.91,119581595,PP
633,Adamo,Dows,adowshk@ted.com,Male,$355970.96,309158729,CC
634,Rutter,Dundin,rdundinhl@shop-pro.jp,Male,$840661.96,394882510,PP
635,Wait,Manifold,wmanifoldhm@paginegialle.it,Male,$332385.42,357894814,IT
636,Carlee,Tuley,ctuleyhn@google.es,Female,$182724.36,800997304,PP
637,Byrann,Delepine,bdelepineho@4shared.com,Male,$846009.61,797277876,IT
638,Laurie,Challoner,lchallonerhp@aboutads.info,Female,$735204.74,467393795,PP
639,Mick,Vian,mvianhq@pcworld.com,Male,$631469.96,762498286,PP
640,Mackenzie,Jevon,mjevonhr@ihg.com,Male,$319365.55,908811412,IT
641,Meredith,Sifleet,msifleeths@prweb.com,Female,$483223.51,325704337,CC
642,Elle,Malshinger,emalshingerht@cnbc.com,Female,$391371.07,203179602,CC
643,Casandra,Tomasutti,ctomasuttihu@berkeley.edu,Female,$939634.73,296097877,CC
644,Tandy,Mabey,tmabeyhv@ehow.com,Female,$385351.51,965588097,PP
645,Goldina,Lednor,glednorhw@columbia.edu,Female,$760889.25,766961996,PP
646,Florance,Agastina,fagastinahx@yahoo.co.jp,Female,$844667.54,236051585,PP
647,Cherye,Maureen,cmaureenhy@over-blog.com,Female,$426654.93,489325850,CC
648,Jaquelyn,Bolle,jbollehz@virginia.edu,Female,$867078.85,718152606,IT
649,Christal,McClymont,cmcclymonti0@hexun.com,Female,$956973.03,998014512,CC
650,Brittani,Wrathall,bwrathalli1@domainmarket.com,Female,$773057.54,576660407,IT
651,Elisha,Beastall,ebeastalli2@wunderground.com,Male,$431851.72,159340759,CC
652,Talbert,Cisland,tcislandi3@t-online.de,Male,$221463.37,179688742,PP
653,Chucho,Maulkin,cmaulkini4@twitpic.com,Male,$949816.09,317373666,CC
654,Vinni,Backshill,vbackshilli5@sphinn.com,Female,$277252.17,728311645,CC
655,Arvin,Tomasian,atomasiani6@digg.com,Male,$496864.87,293716264,CC
656,Maxie,Marrows,mmarrowsi7@hud.gov,Female,$132914.88,545840814,PP
657,Tommie,Rushmer,trushmeri8@illinois.edu,Male,$386509.35,276210122,IT
658,Moises,Cullinan,mcullinani9@umn.edu,Male,$938456.45,243913659,PP
659,Siana,Suttell,ssuttellia@dell.com,Female,$320847.27,795660637,PP
660,Karlan,Heugel,kheugelib@symantec.com,Male,$750558.49,310930424,IT
661,Herta,Whipp,hwhippic@dailymotion.com,Female,$869474.07,304589027,PP
662,Marv,Woolmore,mwoolmoreid@un.org,Male,$663404.96,238980700,IT
663,Ardelis,Fidian,afidianie@bravesites.com,Female,$958163.55,214420157,IT
664,Adora,Goundry,agoundryif@meetup.com,Female,$139614.57,550387982,CC
665,Neysa,McCallister,nmccallisterig@naver.com,Female,$447831.33,670959873,PP
666,Allix,Lamblot,alamblotih@dell.com,Female,$952983.04,460395332,CC
667,Gareth,Kiff,gkiffii@reverbnation.com,Male,$238841.86,281993756,PP
668,Katy,McCraine,kmccraineij@alibaba.com,Female,$988249.24,347342345,IT
669,Sascha,Whitsey,swhitseyik@ycombinator.com,Male,$376789.28,960151303,CC
670,Jackie,Gouny,jgounyil@furl.net,Male,$519781.78,1021233222,CC
671,Shaina,Monan,smonanim@ibm.com,Female,$737074.86,961642996,PP
672,Nathaniel,Battrum,nbattrumin@theguardian.com,Male,$841667.37,453271408,PP
673,Kaitlin,Rootes,krootesio@newsvine.com,Female,$470241.32,146432535,PP
674,Cirstoforo,Dunkerley,cdunkerleyip@webmd.com,Male,$673952.83,930699441,PP
675,Sibby,Beaves,sbeavesiq@uol.com.br,Female,$375728.19,1006868756,PP
676,Tine,Dobeson,tdobesonir@wsj.com,Female,$434759.27,652361624,IT
677,Kalle,Chaudron,kchaudronis@360.cn,Male,$108539.91,969983926,CC
678,Palm,Mair,pmairit@elpais.com,Male,$836936.88,590612305,IT
679,Kaspar,Binyon,kbinyoniu@java.com,Male,$962352.04,569405159,PP
680,Shepherd,Canner,scanneriv@msn.com,Male,$614331.90,181940668,IT
681,Dorthy,Conningham,dconninghamiw@boston.com,Female,$580483.29,805064430,CC
682,Hilary,Lightbody,hlightbodyix@exblog.jp,Female,$860369.34,361977931,IT
683,Worthington,Pyke,wpykeiy@wikia.com,Male,$693823.31,857026922,CC
684,Christalle,Mintrim,cmintrimiz@dion.ne.jp,Female,$476331.72,445652159,CC
685,Jean,Toplis,jtoplisj0@amazon.de,Male,$777624.99,452143387,PP
686,Frederico,Killingback,fkillingbackj1@skype.com,Male,$247011.00,174644362,CC
687,Deeyn,Calway,dcalwayj2@china.com.cn,Female,$779085.73,333867311,PP
688,Darill,Jonin,djoninj3@oaic.gov.au,Male,$368819.52,294479246,CC
689,Adolphe,Haycroft,ahaycroftj4@topsy.com,Male,$355698.53,313008276,CC
690,Donnell,Walkington,dwalkingtonj5@discovery.com,Male,$421133.93,725930262,IT
691,Frayda,McLae,fmclaej6@xrea.com,Female,$264721.62,782482672,PP
692,Madalyn,Moles,mmolesj7@ning.com,Female,$672107.57,737877251,IT
693,Fara,Nare,fnarej8@google.com,Female,$851391.76,37248874,IT
694,Josephina,Stembridge,jstembridgej9@umn.edu,Female,$428668.83,869148362,IT
695,Aguistin,Farnill,afarnillja@tamu.edu,Male,$342405.30,294572073,PP
696,Lanny,Kernes,lkernesjb@miibeian.gov.cn,Female,$547260.78,616785495,IT
697,Garv,Trivett,gtrivettjc@blogger.com,Male,$819468.34,627109595,CC
698,Anton,Wilderspoon,awilderspoonjd@xing.com,Male,$175768.51,1022212588,IT
699,Caesar,Forsey,cforseyje@ning.com,Male,$545825.84,400743258,PP
700,Zolly,Yekel,zyekeljf@engadget.com,Male,$124836.38,171979411,PP
701,Kerwinn,Medwell,kmedwelljg@bizjournals.com,Male,$542521.63,457781309,PP
702,Emmott,Peeter,epeeterjh@bloglovin.com,Male,$857335.40,493613365,CC
703,Horatius,Valdes,hvaldesji@ebay.co.uk,Male,$502421.94,749884430,CC
704,Kenn,Goulder,kgoulderjj@vinaora.com,Male,$370491.01,213142496,CC
705,Godfree,Crimpe,gcrimpejk@qq.com,Male,$971881.46,709646204,PP
706,Esme,Sidebotham,esidebothamjl@yolasite.com,Female,$569351.24,190092804,PP
707,Neil,Kurt,nkurtjm@house.gov,Male,$923117.99,98247268,IT
708,Jillana,Christoforou,jchristoforoujn@nba.com,Female,$176644.71,106161396,IT
709,Stevy,Cavil,scaviljo@dmoz.org,Male,$547759.71,244884229,IT
710,Fons,Eusden,feusdenjp@abc.net.au,Male,$705390.38,347186357,IT
711,Hercule,Meany,hmeanyjq@dropbox.com,Male,$481140.96,1008598208,CC
712,Nickolaus,McGowan,nmcgowanjr@trellian.com,Male,$419964.66,982562470,CC
713,Joelly,Weaben,jweabenjs@tripadvisor.com,Female,$407488.75,698720080,IT
714,Torr,Cowterd,tcowterdjt@dailymail.co.uk,Male,$233558.05,742813298,IT
715,Othello,Ivanyushin,oivanyushinju@columbia.edu,Male,$980758.86,848031761,PP
716,Charo,Gautrey,cgautreyjv@yale.edu,Female,$643371.87,820147089,CC
717,Fidole,Kingscote,fkingscotejw@amazon.com,Male,$459669.51,489776788,CC
718,Shadow,Markwell,smarkwelljx@amazon.co.uk,Male,$596695.87,560614428,PP
719,Kristos,Loffhead,kloffheadjy@europa.eu,Male,$917313.39,736629314,IT
720,Marjorie,Gillani,mgillanijz@vinaora.com,Female,$900360.00,798827022,IT
721,Theodor,Josiah,tjosiahk0@amazon.de,Male,$861586.32,202156412,CC
722,Bernardina,Corthes,bcorthesk1@redcross.org,Female,$825997.12,1035234763,CC
723,Lonnard,Losel,lloselk2@mapquest.com,Male,$205217.96,208569852,PP
724,Caryl,Pennini,cpenninik3@jiathis.com,Male,$532508.79,753034481,IT
725,Vergil,Daftor,vdaftork4@quantcast.com,Male,$219249.98,997396029,IT
726,Frasier,Pallister,fpallisterk5@jigsy.com,Male,$511936.79,396510001,CC
727,Almeda,Creeboe,acreeboek6@360.cn,Female,$386059.68,421687237,IT
728,Thatch,Woodcroft,twoodcroftk7@fda.gov,Male,$577937.21,124104430,PP
729,Wilfrid,Braisher,wbraisherk8@patch.com,Male,$648552.49,875815215,CC
730,Adrian,Gritland,agritlandk9@google.com.hk,Male,$669483.54,443187536,PP
731,Brice,D'Hooghe,bdhoogheka@addthis.com,Male,$757187.87,174868317,PP
732,Annabella,Jolin,ajolinkb@t.co,Female,$567611.45,649795121,PP
733,Adolph,Bisterfeld,abisterfeldkc@hao123.com,Male,$882910.42,428310252,IT
734,Andy,Rea,areakd@cloudflare.com,Male,$459280.27,135201803,PP
735,Rodolph,Torpie,rtorpieke@artisteer.com,Male,$620122.35,407829311,PP
736,Lewie,Carff,lcarffkf@imageshack.us,Male,$749334.05,493718951,CC
737,Kerk,Frise,kfrisekg@businessweek.com,Male,$866849.64,343036793,CC
738,Filberte,Botger,fbotgerkh@quantcast.com,Male,$136768.78,45453931,IT
739,Mason,Hatrick,mhatrickki@themeforest.net,Male,$612369.90,576967487,PP
740,Calli,Bonavia,cbonaviakj@usnews.com,Female,$455038.36,328882589,CC
741,Alyda,Hames,ahameskk@ocn.ne.jp,Female,$395806.55,903538310,IT
742,Grata,Tesmond,gtesmondkl@hp.com,Female,$712528.74,992948359,CC
743,Jonah,Foale,jfoalekm@godaddy.com,Male,$116313.62,515949716,CC
744,Fletch,Diego,fdiegokn@youtu.be,Male,$525409.61,756202504,PP
745,Alla,Amaya,aamayako@taobao.com,Female,$263181.50,236710430,IT
746,Humbert,Nason,hnasonkp@time.com,Male,$897870.67,1030139207,CC
747,Chrotoem,Gillani,cgillanikq@posterous.com,Male,$387048.87,1004513173,PP
748,Court,Jacquemet,cjacquemetkr@jigsy.com,Male,$149350.48,989236082,IT
749,Buiron,Gammidge,bgammidgeks@scribd.com,Male,$684730.71,491358888,PP
750,Hakim,Jurca,hjurcakt@webs.com,Male,$444658.67,110465264,CC
751,Aviva,Parramore,aparramoreku@netvibes.com,Female,$536549.29,530791811,IT
752,Winthrop,Ambrosch,wambroschkv@vimeo.com,Male,$154864.12,275875207,PP
753,Nisse,Cassell,ncassellkw@joomla.org,Female,$125217.65,651670551,PP
754,Ruby,Dumphy,rdumphykx@wired.com,Female,$486651.97,970883774,PP
755,Perry,Kornel,pkornelky@google.co.jp,Male,$513645.43,875456748,PP
756,Rosco,Reinger,rreingerkz@ovh.net,Male,$508846.94,555148527,IT
757,Rollins,Peterson,rpetersonl0@go.com,Male,$952671.27,14133312,IT
758,Byram,Richfield,brichfieldl1@gizmodo.com,Male,$945679.54,456098189,PP
759,Baron,Humm,bhumml2@wikia.com,Male,$943334.14,846594406,IT
760,Petronia,Lathey,platheyl3@engadget.com,Female,$846707.38,1018548178,IT
761,Goldy,Tylor,gtylorl4@mediafire.com,Female,$945246.88,113532216,CC
762,Lukas,Balint,lbalintl5@latimes.com,Male,$972749.47,826569877,CC
763,Jethro,Widdall,jwiddalll6@nydailynews.com,Male,$137687.70,206150410,CC
764,Glori,Eastlake,geastlakel7@comsenz.com,Female,$393322.02,74008992,CC
765,Rozamond,Coast,rcoastl8@oakley.com,Female,$432329.49,616786102,IT
766,Ari,Barrabeale,abarrabealel9@webmd.com,Male,$293565.21,13009760,CC
767,Gerhardine,Muzzollo,gmuzzollola@list-manage.com,Female,$569410.77,606627716,CC
768,Frazer,Campione,fcampionelb@spotify.com,Male,$690972.05,133157095,IT
769,Thekla,Frisdick,tfrisdicklc@amazonaws.com,Female,$637558.51,680830164,CC
770,Abraham,Aries,aariesld@bizjournals.com,Male,$335398.96,650446455,IT
771,Raimundo,Loker,rlokerle@webeden.co.uk,Male,$623633.72,307172186,IT
772,Elspeth,Satterthwaite,esatterthwaitelf@uiuc.edu,Female,$278406.76,310637140,IT
773,Colleen,Nickels,cnickelslg@purevolume.com,Female,$547795.06,258294332,CC
774,Lizzie,Stobbart,lstobbartlh@newsvine.com,Female,$570036.77,979692114,IT
775,Maressa,Filon,mfilonli@bizjournals.com,Female,$274589.85,1036648392,IT
776,Goldi,Cheverton,gchevertonlj@ifeng.com,Female,$635860.83,838539055,PP
777,Lowe,Vidyapin,lvidyapinlk@yandex.ru,Male,$666867.33,1029950675,PP
778,Alvira,Brockie,abrockiell@shareasale.com,Female,$140792.56,656025027,IT
779,Mayor,Cockton,mcocktonlm@sitemeter.com,Male,$460845.21,203970076,CC
780,Ruddie,Knibbs,rknibbsln@nbcnews.com,Male,$996447.75,756206839,CC
781,Parnell,Neem,pneemlo@twitter.com,Male,$436767.77,532986408,PP
782,Gypsy,Fenich,gfenichlp@youtu.be,Female,$352452.25,93190058,CC
783,Bartie,Rushman,brushmanlq@globo.com,Male,$899857.31,122980777,PP
784,Rhody,Noke,rnokelr@miibeian.gov.cn,Female,$247500.01,876311812,CC
785,Nobe,Cowton,ncowtonls@trellian.com,Male,$769965.68,538859033,CC
786,Ferdinande,Barkway,fbarkwaylt@infoseek.co.jp,Female,$701864.33,938444477,PP
787,Dalli,Corbert,dcorbertlu@ebay.com,Male,$539466.64,951938496,CC
788,Aguie,Gerleit,agerleitlv@creativecommons.org,Male,$343881.25,656744148,IT
789,Alysia,Greggor,agreggorlw@privacy.gov.au,Female,$325868.25,744820790,PP
790,Ben,Astles,bastleslx@lycos.com,Male,$738103.67,292670554,CC
791,Englebert,Tofpik,etofpikly@creativecommons.org,Male,$766709.44,288188016,CC
792,Salomone,Delea,sdelealz@google.es,Male,$398178.48,950333898,PP
793,Daisie,Tardiff,dtardiffm0@behance.net,Female,$617472.98,184813570,CC
794,Nixie,Cannell,ncannellm1@google.nl,Female,$446489.49,410968115,CC
795,Gale,Dominelli,gdominellim2@vinaora.com,Male,$101723.54,584739537,CC
796,Hunter,Jaqueme,hjaquemem3@who.int,Male,$574242.58,942981250,PP
797,Carlie,Davidowich,cdavidowichm4@boston.com,Female,$567252.12,658260574,CC
798,Yorke,Alcoran,yalcoranm5@time.com,Male,$269962.07,890599953,CC
799,Kari,Mulrean,kmulreanm6@godaddy.com,Female,$895328.03,21661544,CC
800,Darren,Eastment,deastmentm7@ucla.edu,Male,$975294.21,29545380,IT
801,Morey,Wooddisse,mwooddissem8@webeden.co.uk,Male,$978139.18,1048176529,IT
802,Yancy,Feuell,yfeuellm9@home.pl,Male,$641923.81,589509652,CC
803,Teddy,Baise,tbaisema@timesonline.co.uk,Female,$358867.11,823048076,IT
804,Ahmed,Pim,apimmb@cbsnews.com,Male,$934619.06,467278722,PP
805,Duff,Rea,dreamc@wordpress.com,Male,$578310.66,515276274,IT
806,Gamaliel,Allsupp,gallsuppmd@nba.com,Male,$986452.23,670793749,IT
807,Shae,Chalcraft,schalcraftme@plala.or.jp,Male,$460742.22,837694974,IT
808,Roxine,Verlinden,rverlindenmf@meetup.com,Female,$310381.50,594069109,CC
809,Ravid,Pauncefort,rpauncefortmg@scribd.com,Male,$185905.13,413821645,PP
810,Ephraim,Kohn,ekohnmh@ibm.com,Male,$881261.97,590908000,PP
811,Barney,Tolliday,btollidaymi@si.edu,Male,$422689.98,609532462,IT
812,Freedman,Byrd,fbyrdmj@networksolutions.com,Male,$613700.44,386030338,PP
813,Munroe,Scalia,mscaliamk@etsy.com,Male,$859580.90,786630785,CC
814,Valentijn,Hane,vhaneml@cornell.edu,Male,$632164.53,559646834,PP
815,Neila,Forrestill,nforrestillmm@netlog.com,Female,$413047.92,684324179,PP
816,Virgina,Acuna,vacunamn@oracle.com,Female,$522313.23,974612911,CC
817,Trudey,Macourek,tmacourekmo@patch.com,Female,$388741.92,386697392,IT
818,Jeremy,Obington,jobingtonmp@w3.org,Male,$704379.39,338500644,IT
819,Pamella,Kinloch,pkinlochmq@examiner.com,Female,$408177.80,373327595,PP
820,Durante,Gras,dgrasmr@ca.gov,Male,$498360.68,577626897,IT
821,Corbett,Earry,cearryms@about.com,Male,$444496.70,653059627,IT
822,Glenine,Kime,gkimemt@addtoany.com,Female,$745511.72,646863866,CC
823,Mariska,Yantsurev,myantsurevmu@weather.com,Female,$723854.85,279864448,PP
824,Kelwin,Dregan,kdreganmv@soundcloud.com,Male,$736582.83,12571764,CC
825,Viki,Muckian,vmuckianmw@facebook.com,Female,$946895.21,189251383,PP
826,Edithe,Stratford,estratfordmx@ovh.net,Female,$546220.87,231798084,CC
827,Cosmo,Poundsford,cpoundsfordmy@usnews.com,Male,$410320.42,481501875,IT
828,Rafaela,Peppard,rpeppardmz@nydailynews.com,Female,$602177.92,168973341,CC
829,Hamlen,Espina,hespinan0@networkadvertising.org,Male,$333916.03,966243215,CC
830,Chrissy,Handrick,chandrickn1@slashdot.org,Male,$928137.45,932448597,CC
831,Warren,Drugan,wdrugann2@prlog.org,Male,$210337.83,1003639707,IT
832,Lanette,Backshall,lbackshalln3@usda.gov,Female,$988279.77,172889977,CC
833,Dulcia,Juris,djurisn4@wunderground.com,Female,$319371.19,432501959,CC
834,Alisha,Smetoun,asmetounn5@blogspot.com,Female,$162184.91,81343240,PP
835,Grete,Asty,gastyn6@goodreads.com,Female,$570643.75,908694577,PP
836,Ab,Ivett,aivettn7@etsy.com,Male,$454506.42,710840327,PP
837,Burgess,Drable,bdrablen8@blogs.com,Male,$450462.39,11393934,CC
838,Cal,Johnys,cjohnysn9@amazon.co.uk,Male,$834474.59,742026488,CC
839,Dynah,Hoodspeth,dhoodspethna@surveymonkey.com,Female,$697629.58,871024354,PP
840,Laina,Sopp,lsoppnb@woothemes.com,Female,$874056.00,463638019,CC
841,Rockie,Crapper,rcrappernc@naver.com,Male,$270606.70,229364416,CC
842,Ingaborg,Irlam,iirlamnd@slate.com,Female,$542794.74,995770280,IT
843,Reggie,Giffin,rgiffinne@creativecommons.org,Female,$207895.96,400784897,PP
844,Jonas,Scotchmur,jscotchmurnf@weibo.com,Male,$749179.89,180482164,CC
845,Odie,Stilldale,ostilldaleng@google.ca,Male,$302188.33,577857968,CC
846,Darrelle,Flew,dflewnh@webnode.com,Female,$631015.45,900835490,PP
847,Brantley,Wastie,bwastieni@samsung.com,Male,$964332.88,253315884,IT
848,Marquita,Haddinton,mhaddintonnj@paypal.com,Female,$996842.39,194649760,CC
849,Karolina,Christer,kchristernk@fotki.com,Female,$672048.64,594968703,IT
850,Loria,Brinsden,lbrinsdennl@npr.org,Female,$600843.90,430418643,IT
851,Nathanial,Balharry,nbalharrynm@shutterfly.com,Male,$352250.73,313586658,PP
852,Normand,Hardacre,nhardacrenn@acquirethisname.com,Male,$575675.66,936678374,IT
853,Charlot,McCart,cmccartno@tmall.com,Female,$154682.49,602206791,CC
854,Ryun,McFaul,rmcfaulnp@npr.org,Male,$758554.69,13718425,CC
855,Way,Delhanty,wdelhantynq@google.ca,Male,$742215.23,396307995,CC
856,Darn,Nottingam,dnottingamnr@theglobeandmail.com,Male,$478409.91,323402185,PP
857,Alonzo,Vettore,avettorens@wikimedia.org,Male,$705569.43,287289750,IT
858,Ginelle,Trevorrow,gtrevorrownt@tiny.cc,Female,$984879.96,719450113,PP
859,Niven,O'Hanley,nohanleynu@netvibes.com,Male,$791310.62,850280496,PP
860,Manolo,Digg,mdiggnv@adobe.com,Male,$582313.15,460999137,IT
861,Montague,Biswell,mbiswellnw@nbcnews.com,Male,$111756.91,517457339,CC
862,Chelsea,Myner,cmynernx@wikia.com,Female,$744957.17,112975692,IT
863,Mariquilla,Probate,mprobateny@imdb.com,Female,$306716.54,24652475,CC
864,Boony,Melson,bmelsonnz@jalbum.net,Male,$236806.05,202655259,PP
865,Cassy,Shrigley,cshrigleyo0@sogou.com,Female,$924840.43,726934459,PP
866,Leonore,Butte,lbutteo1@youku.com,Female,$985249.36,977900640,IT
867,Sherill,Groundwator,sgroundwatoro2@reddit.com,Female,$979370.19,857801438,PP
868,Rose,Duckhouse,rduckhouseo3@4shared.com,Female,$566049.49,704597438,PP
869,Jaclyn,Coward,jcowardo4@salon.com,Female,$217569.47,952648448,IT
870,Erica,Davana,edavanao5@google.de,Female,$767522.01,375592961,IT
871,Clayborne,Brugmann,cbrugmanno6@businessweek.com,Male,$692615.55,348862349,CC
872,Jan,Streather,jstreathero7@hexun.com,Female,$768924.19,631956489,IT
873,Joye,Bolan,jbolano8@hugedomains.com,Female,$302846.30,523010993,PP
874,Cointon,Ginity,cginityo9@usnews.com,Male,$820316.38,17888832,PP
875,Svend,Temprell,stemprelloa@netlog.com,Male,$785753.59,800327515,PP
876,Wilhelmine,Pheasey,wpheaseyob@deviantart.com,Female,$563531.75,344063612,CC
877,Christophorus,Bompas,cbompasoc@goodreads.com,Male,$357439.33,787899249,CC
878,Lila,Stroulger,lstroulgerod@dailymotion.com,Female,$558873.22,970912790,PP
879,Leila,Cullon,lcullonoe@pinterest.com,Female,$488672.83,747916466,PP
880,Solomon,Gahan,sgahanof@yandex.ru,Male,$433555.78,105554449,CC
881,Tait,Antonnikov,tantonnikovog@posterous.com,Male,$101468.93,430597907,IT
882,Delphinia,Lovegrove,dlovegroveoh@lycos.com,Female,$452321.80,130028440,PP
883,Aldric,Salvador,asalvadoroi@chicagotribune.com,Male,$562767.75,854823384,CC
884,Cherice,Zammitt,czammittoj@constantcontact.com,Female,$971219.10,549524792,CC
885,Lionel,Aylesbury,laylesburyok@goo.gl,Male,$538192.89,344664417,CC
886,Phylis,Autie,pautieol@netlog.com,Female,$281651.10,447186252,PP
887,Aldon,Peachman,apeachmanom@goo.gl,Male,$686971.77,602432267,IT
888,Ginnifer,Jeffryes,gjeffryeson@thetimes.co.uk,Female,$335778.46,821538889,CC
889,Bruce,Duggan,bdugganoo@google.com.br,Male,$353509.67,384289024,PP
890,Edyth,Coldicott,ecoldicottop@instagram.com,Female,$254131.31,136660595,PP
891,Marys,Dyer,mdyeroq@barnesandnoble.com,Female,$903578.92,39527410,PP
892,Gennifer,Janiszewski,gjaniszewskior@va.gov,Female,$492643.96,33209814,CC
893,Merl,Mougeot,mmougeotos@theguardian.com,Female,$911558.96,402277213,IT
894,Vonnie,Lepick,vlepickot@mysql.com,Female,$795236.20,96014592,PP
895,Karol,Lemery,klemeryou@intel.com,Female,$799323.20,223060566,CC
896,Yalonda,Angier,yangierov@netlog.com,Female,$836594.18,290420738,IT
897,Amble,Skews,askewsow@disqus.com,Male,$573687.15,868830032,IT
898,Urbain,Rule,uruleox@youtu.be,Male,$287575.71,284458105,PP
899,Amalee,Trevor,atrevoroy@sogou.com,Female,$677883.85,687319493,PP
900,Dore,Peres,dperesoz@nbcnews.com,Female,$408966.82,916531922,PP
901,Malinde,Hegden,mhegdenp0@php.net,Female,$373941.78,362632839,CC
902,Pauli,Ewell,pewellp1@twitpic.com,Female,$538711.04,341615598,CC
903,Scott,Cridge,scridgep2@eepurl.com,Male,$915838.90,949829886,PP
904,Paxon,Darnell,pdarnellp3@stanford.edu,Male,$243485.78,890679151,IT
905,Wittie,Conelly,wconellyp4@time.com,Male,$881435.92,818848038,IT
906,Lorens,Towey,ltoweyp5@shareasale.com,Male,$664961.88,428965409,CC
907,Arron,Chesser,achesserp6@salon.com,Male,$455175.31,472723385,CC
908,Martina,Hawkwood,mhawkwoodp7@mozilla.org,Female,$970103.38,530569863,IT
909,Jamima,Coger,jcogerp8@lycos.com,Female,$625594.07,64711594,PP
910,Faye,Marjot,fmarjotp9@multiply.com,Female,$306329.41,214057581,PP
911,Mariele,Leates,mleatespa@marriott.com,Female,$332282.23,770960307,PP
912,Andeee,Atyeo,aatyeopb@umn.edu,Female,$363208.87,811122450,IT
913,Addia,MacCarroll,amaccarrollpc@go.com,Female,$826837.89,80475739,CC
914,Breanne,Bixley,bbixleypd@home.pl,Female,$585105.78,1015611369,IT
915,Edwin,Uwins,euwinspe@github.io,Male,$271278.53,710500294,CC
916,Ronnie,Moncarr,rmoncarrpf@weebly.com,Male,$562381.34,957363792,IT
917,Anjela,Menear,amenearpg@reuters.com,Female,$859449.60,512763637,IT
918,Wait,Inns,winnsph@yolasite.com,Male,$596501.15,496044445,IT
919,Maitilde,McLenahan,mmclenahanpi@dyndns.org,Female,$925409.11,242759552,PP
920,Erica,Kevis,ekevispj@mtv.com,Female,$664481.87,442521549,PP
921,Vinni,Myerscough,vmyerscoughpk@thetimes.co.uk,Female,$938378.93,813611114,CC
922,Holmes,Goschalk,hgoschalkpl@nyu.edu,Male,$528687.88,1046681834,PP
923,Nona,McQuillen,nmcquillenpm@cyberchimps.com,Female,$163248.50,253798445,IT
924,Viviana,Sefton,vseftonpn@weebly.com,Female,$420760.51,8142938,IT
925,Jacquetta,Heersema,jheersemapo@usatoday.com,Female,$558197.81,404724708,IT
926,Mace,Shotboulte,mshotboultepp@weebly.com,Male,$377958.83,816684011,IT
927,Jobye,MacParlan,jmacparlanpq@youtube.com,Female,$176700.68,205252051,PP
928,Wilton,Ayre,wayrepr@newsvine.com,Male,$121350.81,739218983,PP
929,Kayley,Cartmer,kcartmerps@reference.com,Female,$933943.63,978545356,IT
930,Bastian,Whorf,bwhorfpt@nasa.gov,Male,$196196.27,368940785,CC
931,Lars,Ramelet,lrameletpu@exblog.jp,Male,$731820.08,381780865,PP
932,Faulkner,Fellow,ffellowpv@gnu.org,Male,$845521.94,798949224,CC
933,Phillipp,Keyes,pkeyespw@latimes.com,Male,$775185.51,567877844,PP
934,Mabelle,Schreiner,mschreinerpx@freewebs.com,Female,$947858.11,423168021,PP
935,Devy,Bartolomeo,dbartolomeopy@prnewswire.com,Male,$522350.09,6142493,PP
936,Tadeas,Mannion,tmannionpz@telegraph.co.uk,Male,$825270.03,1048802011,IT
937,Coralie,Waywell,cwaywellq0@weather.com,Female,$926338.65,595692659,CC
938,Yuma,Jeary,yjearyq1@comsenz.com,Male,$993961.24,400779038,CC
939,Lorelei,Guillem,lguillemq2@webeden.co.uk,Female,$781020.52,445962458,CC
940,Stanwood,Boomes,sboomesq3@tinyurl.com,Male,$854506.79,104725826,CC
941,Bancroft,Mattersley,bmattersleyq4@nydailynews.com,Male,$516912.11,920792838,CC
942,Veronique,Wilden,vwildenq5@huffingtonpost.com,Female,$484669.89,578099739,CC
943,Eadith,Horrod,ehorrodq6@ibm.com,Female,$863256.87,864513528,IT
944,Neale,Routh,nrouthq7@behance.net,Male,$304583.35,405252018,IT
945,Rivi,Simants,rsimantsq8@youku.com,Female,$872062.97,744474046,PP
946,Cecil,Kinney,ckinneyq9@netscape.com,Female,$339749.73,455488853,PP
947,Al,Casiroli,acasiroliqa@live.com,Male,$132698.40,672490939,CC
948,Lucia,Jesty,ljestyqb@freewebs.com,Female,$479282.61,602637962,PP
949,Brantley,Topaz,btopazqc@ucoz.com,Male,$451477.45,218370621,IT
950,Cosme,Muzzall,cmuzzallqd@theguardian.com,Male,$680490.08,359329467,CC
951,Odilia,Shouler,oshoulerqe@bizjournals.com,Female,$455089.78,27886000,PP
952,Brok,Chattington,bchattingtonqf@google.com.au,Male,$922116.04,147757462,IT
953,Brandy,Kareman,bkaremanqg@globo.com,Male,$266409.11,146070948,PP
954,Anica,Longmate,alongmateqh@blinklist.com,Female,$284589.01,269804708,PP
955,Milli,Durtnel,mdurtnelqi@mapy.cz,Female,$713552.08,1036085940,CC
956,Alfons,Askie,aaskieqj@rediff.com,Male,$793847.21,707051706,IT
957,Kiah,Skull,kskullqk@mapquest.com,Female,$349109.61,511321597,PP
958,Kerby,Evenden,kevendenql@quantcast.com,Male,$125439.47,596156487,PP
959,Karalynn,Sinnott,ksinnottqm@e-recht24.de,Female,$547393.50,1040280879,PP
960,Dannye,Shrimpling,dshrimplingqn@mapy.cz,Female,$628167.52,815541499,IT
961,Kial,Scoles,kscolesqo@typepad.com,Female,$359403.65,599231294,IT
962,Dirk,Lawrey,dlawreyqp@constantcontact.com,Male,$709469.15,406401792,CC
963,Kat,Estcot,kestcotqq@opensource.org,Female,$613273.37,421355645,IT
964,Nananne,Mosconi,nmosconiqr@google.com,Female,$393686.86,277831432,IT
965,Dede,Isherwood,disherwoodqs@google.com.br,Female,$740762.62,192317246,IT
966,Tom,Pauncefort,tpauncefortqt@stanford.edu,Male,$126125.78,186431759,CC
967,Clarice,Enbury,cenburyqu@home.pl,Female,$189371.62,181908663,IT
968,Haslett,Crunkhurn,hcrunkhurnqv@yellowbook.com,Male,$158244.98,560353218,PP
969,Burt,Walhedd,bwalheddqw@google.com.br,Male,$674802.24,657928488,PP
970,Garrick,Paulsson,gpaulssonqx@mail.ru,Male,$718301.51,980972709,CC
971,Joscelin,Ickovic,jickovicqy@w3.org,Female,$430523.76,55079047,PP
972,Teodorico,Lassen,tlassenqz@google.cn,Male,$990522.05,308949186,IT
973,Gwyneth,Oneal,gonealr0@cnbc.com,Female,$521648.37,452077417,PP
974,Thedric,Higginbottam,thigginbottamr1@barnesandnoble.com,Male,$337696.31,438367533,PP
975,Robby,Elliman,rellimanr2@netvibes.com,Female,$563578.15,142847589,CC
976,Tadeo,Bredes,tbredesr3@sun.com,Male,$187557.50,666585620,IT
977,Tom,Capenor,tcapenorr4@delicious.com,Male,$682202.24,104447519,CC
978,Ingmar,McKinstry,imckinstryr5@youtu.be,Male,$401646.36,455428846,PP
979,Stephani,Pasterfield,spasterfieldr6@vistaprint.com,Female,$116212.79,668806442,CC
980,Tomi,Scantlebury,tscantleburyr7@discuz.net,Female,$284111.32,914433634,PP
981,Linoel,Kleiner,lkleinerr8@tinyurl.com,Male,$891991.75,416796837,IT
982,Jacques,Chessman,jchessmanr9@unblog.fr,Male,$362013.39,429592928,IT
983,Sigfrid,Battson,sbattsonra@ucoz.ru,Male,$276953.18,986099030,IT
984,Pembroke,Bartens,pbartensrb@accuweather.com,Male,$902274.98,1026032556,IT
985,Laureen,Feehery,lfeeheryrc@xrea.com,Female,$268654.16,536196103,IT
986,Fritz,Stockney,fstockneyrd@google.de,Male,$745375.44,458601446,PP
987,Leonardo,Mothersole,lmothersolere@eepurl.com,Male,$607609.28,972567829,PP
988,Shepherd,Fransewich,sfransewichrf@gov.uk,Male,$573279.32,285407295,IT
989,Gabriella,Malcher,gmalcherrg@jimdo.com,Female,$325631.67,679128657,CC
990,Alfonso,Horney,ahorneyrh@mediafire.com,Male,$439845.15,374913150,CC
991,Perren,Castillo,pcastillori@123-reg.co.uk,Male,$999963.68,917857449,IT
992,Rozella,Rosenblatt,rrosenblattrj@aboutads.info,Female,$327369.36,380380629,CC
993,Reinhard,Cow,rcowrk@canalblog.com,Male,$583617.92,283034469,PP
994,Carmine,Sprade,cspraderl@angelfire.com,Female,$423143.06,431327738,IT
995,Jule,Rook,jrookrm@mtv.com,Male,$462139.72,491724876,PP
996,Barb,Blankau,bblankaurn@odnoklassniki.ru,Female,$277001.08,427771802,IT
997,Nannette,Fever,nfeverro@boston.com,Female,$573106.85,934637504,CC
998,Thaxter,Yakovlev,tyakovlevrp@hp.com,Male,$130796.87,567572674,PP
999,Annalise,Reck,areckrq@prweb.com,Female,$187111.10,92505346,IT
1000,Gladys,Bonsul,gbonsulrr@washingtonpost.com,Female,$221885.99,441729448,IT
