id,nombre,apellido,email,genero,valor_tx,numero_identificacion,tipo_identificacion
1,Cal,Hodgins,chodgins0@oakley.com,Female,$121560.79,719027574,PP
2,Alis,Collaton,acollaton1@paginegialle.it,Female,$656687.93,313732851,CC
3,Maryjane,Aylmer,maylmer2@sourceforge.net,Female,$822627.93,398710389,PP
4,Renado,Grisenthwaite,rgrisenthwaite3@sourceforge.net,Male,$647615.81,603854535,IT
5,Waite,Stave,wstave4@businessinsider.com,Male,$996902.86,995105757,CC
6,Leann,Witchard,lwitchard5@oaic.gov.au,Female,$782726.37,257275131,PP
7,Emmit,Bester,ebester6@squidoo.com,Male,$777285.03,734914223,PP
8,Stacy,Visco,svisco7@taobao.com,Male,$403554.54,252358981,CC
9,Daisy,Van Arsdall,dvanarsdall8@soundcloud.com,Female,$239357.24,579999613,PP
10,Fax,Teml,fteml9@mozilla.org,Male,$461268.08,386948827,IT
11,Dorey,Darbishire,ddarbishirea@wufoo.com,Male,$685019.12,388531688,IT
12,Cello,Opfer,copferb@alexa.com,Male,$873180.04,661940279,IT
13,Marina,Mosten,mmostenc@hao123.com,Female,$390616.67,754674492,CC
14,Pancho,Keilty,pkeiltyd@geocities.jp,Male,$230758.27,305010896,CC
15,Alfi,Cousin,acousine@4shared.com,Female,$581311.04,899086224,PP
16,Wit,Guillard,wguillardf@howstuffworks.com,Male,$764130.58,1024125416,CC
17,Bunni,Canner,bcannerg@sciencedaily.com,Female,$960484.95,452613786,IT
18,Ethelda,Alebrooke,ealebrookeh@linkedin.com,Female,$548090.36,244210246,PP
19,Dill,Dayne,ddaynei@cbc.ca,Male,$808250.40,256610212,CC
20,Sarene,Trumper,strumperj@trellian.com,Female,$822803.33,395665839,PP
21,Coralie,Blindmann,cblindmannk@ucsd.edu,Female,$581200.87,993666436,CC
22,Rebbecca,Sharman,rsharmanl@com.com,Female,$646988.27,186341477,IT
23,Manolo,Di Ruggiero,mdiruggierom@google.cn,Male,$674331.23,347128288,CC
24,Brad,Jardin,bjardinn@cocolog-nifty.com,Male,$797129.16,841905769,CC
25,Ellissa,Lassen,elasseno@dailymail.co.uk,Female,$349821.18,213899606,CC
26,Dewie,Mobius,dmobiusp@yahoo.com,Male,$277545.81,660785088,PP
27,Ninette,Adamczyk,nadamczykq@nationalgeographic.com,Female,$398074.25,728478108,IT
28,Jorry,Schultze,jschultzer@arizona.edu,Female,$931430.01,481821875,CC
29,Rhys,Bhatia,rbhatias@deliciousdays.com,Male,$313082.28,947744088,PP
30,Andriette,Chazelas,achazelast@sakura.ne.jp,Female,$661638.23,85763876,CC
31,Tamqrah,Yoselevitch,tyoselevitchu@seattletimes.com,Female,$738088.15,478280134,PP
32,Heath,Emmens,hemmensv@redcross.org,Female,$589680.32,20370853,IT
33,Care,Sangwine,csangwinew@pcworld.com,Male,$380976.44,979908575,CC
34,Petronia,Blunderfield,pblunderfieldx@state.gov,Female,$956975.63,552679711,IT
35,Terrie,Cregeen,tcregeeny@tuttocitta.it,Female,$725410.21,493387615,IT
36,Murray,Rushmer,mrushmerz@desdev.cn,Male,$988506.40,786349965,IT
37,Geoff,Kimm,gkimm10@elpais.com,Male,$668905.57,341744399,PP
38,Ilario,Mackilpatrick,imackilpatrick11@fc2.com,Male,$415039.51,35181908,CC
39,Rustin,Eliez,reliez12@cam.ac.uk,Male,$778391.60,463802512,CC
40,Zorina,Theml,ztheml13@altervista.org,Female,$837922.02,323398653,PP
41,Frayda,Swayland,fswayland14@dagondesign.com,Female,$308437.65,458359266,PP
42,Leilah,McIlvenna,lmcilvenna15@fema.gov,Female,$177173.85,707613942,CC
43,Rheta,Maton,rmaton16@pbs.org,Female,$798828.23,484995884,IT
44,Ulick,Bogart,ubogart17@ning.com,Male,$978919.60,696860390,CC
45,Olav,Twizell,otwizell18@blinklist.com,Male,$381454.34,982747962,CC
46,Norri,Bulter,nbulter19@prlog.org,Female,$882333.04,1018478970,IT
47,Christopher,Petre,cpetre1a@java.com,Male,$457910.57,952899005,IT
48,Lucas,Benedito,lbenedito1b@angelfire.com,Male,$970577.65,592621945,IT
49,Karylin,Pinel,kpinel1c@dmoz.org,Female,$445740.77,142395928,CC
50,Bay,Troyes,btroyes1d@diigo.com,Male,$224369.34,261922457,IT
51,Martguerita,Derisly,mderisly1e@nifty.com,Female,$340644.02,86469792,CC
52,Erinn,Finker,efinker1f@nytimes.com,Female,$964591.28,447924039,IT
53,Jeramey,Scrivin,jscrivin1g@tuttocitta.it,Male,$581077.47,155948691,CC
54,Pall,Pitone,ppitone1h@army.mil,Male,$620364.09,777937062,CC
55,Ingrim,Jillitt,ijillitt1i@plala.or.jp,Male,$164700.94,235865974,PP
56,Merilee,Grahlman,mgrahlman1j@cafepress.com,Female,$596104.71,211099387,IT
57,Stephen,Mungane,smungane1k@thetimes.co.uk,Male,$310522.13,565865798,CC
58,Granny,Maunsell,gmaunsell1l@timesonline.co.uk,Male,$859192.31,350075465,PP
59,Hortense,Shavel,hshavel1m@histats.com,Female,$358731.92,911784347,IT
60,Irene,Kuller,ikuller1n@mozilla.org,Female,$919370.27,749729755,IT
61,Clea,Uppett,cuppett1o@free.fr,Female,$814005.25,45109298,CC
62,Osborn,O'Glassane,ooglassane1p@si.edu,Male,$530514.79,329042535,PP
63,Catie,Linnane,clinnane1q@scribd.com,Female,$236246.97,625184478,IT
64,Cornall,Gricks,cgricks1r@washington.edu,Male,$921977.83,94725916,CC
65,Aleece,Nockells,anockells1s@princeton.edu,Female,$201513.66,295707901,IT
66,Peadar,Seiler,pseiler1t@dailymotion.com,Male,$148141.18,784835098,IT
67,Jeremie,Etock,jetock1u@weebly.com,Male,$869246.10,934063573,CC
68,Emili,Jury,ejury1v@cocolog-nifty.com,Female,$338473.02,998667701,IT
69,Tana,Peepall,tpeepall1w@unc.edu,Female,$825587.51,444858708,CC
70,Maridel,Spering,mspering1x@pen.io,Female,$569727.65,256186569,CC
71,Borg,Schimoni,bschimoni1y@discovery.com,Male,$173726.78,906508771,CC
72,Yankee,Braunroth,ybraunroth1z@dell.com,Male,$348168.24,886053977,PP
73,Staci,Olford,solford20@army.mil,Female,$353773.59,42912317,CC
74,Conn,Fibbens,cfibbens21@yelp.com,Male,$969464.92,741426641,PP
75,Wanda,Veel,wveel22@parallels.com,Female,$231461.11,272388414,IT
76,Misty,Cicchetto,mcicchetto23@ftc.gov,Female,$300192.61,664649720,PP
77,Archibaldo,Krook,akrook24@tuttocitta.it,Male,$525602.77,261367297,CC
78,Owen,Sandells,osandells25@linkedin.com,Male,$249085.91,998774434,CC
79,Rafe,Upwood,rupwood26@webmd.com,Male,$916562.31,824899713,PP
80,Veronike,Hartzog,vhartzog27@mtv.com,Female,$724040.46,76130432,PP
81,Jenny,Buncom,jbuncom28@multiply.com,Female,$921835.56,803525528,CC
82,Verene,Hallmark,vhallmark29@biblegateway.com,Female,$920663.43,364820471,IT
83,Wilton,Lippatt,wlippatt2a@msn.com,Male,$904698.90,444776068,PP
84,Mateo,Sambells,msambells2b@guardian.co.uk,Male,$306383.40,425969439,PP
85,Kaine,Campa,kcampa2c@oracle.com,Male,$809849.51,984303244,PP
86,Richie,Whitloe,rwhitloe2d@google.ru,Male,$175689.12,112537175,CC
87,Wilhelm,Fackrell,wfackrell2e@tuttocitta.it,Male,$910534.35,846635739,IT
88,Audi,Bromwich,abromwich2f@independent.co.uk,Female,$363615.39,254340827,PP
89,Reynard,Blackaby,rblackaby2g@wikia.com,Male,$459337.80,154791799,CC
90,Sonya,Reiners,sreiners2h@taobao.com,Female,$394915.31,193735859,PP
91,Codi,Hullins,chullins2i@altervista.org,Female,$969475.37,235235908,PP
92,Hollis,Epsly,hepsly2j@howstuffworks.com,Male,$195459.34,797432955,IT
93,Mae,Von Welldun,mvonwelldun2k@tamu.edu,Female,$188393.63,522476484,IT
94,Redd,Southouse,rsouthouse2l@nsw.gov.au,Male,$443270.61,815849715,PP
95,Colby,Hufton,chufton2m@java.com,Male,$702957.66,1041745329,PP
96,Janaye,Garrettson,jgarrettson2n@sina.com.cn,Female,$100396.77,361813126,CC
97,Townie,Lack,tlack2o@geocities.jp,Male,$548029.03,756928224,PP
98,Almeda,Quiddihy,aquiddihy2p@opensource.org,Female,$737993.46,332607934,PP
99,Clarine,Lyster,clyster2q@plala.or.jp,Female,$890707.67,798851147,CC
100,Joyce,Van Hault,jvanhault2r@dagondesign.com,Female,$645464.70,708461523,IT
101,Bradly,Fidelus,bfidelus2s@wikispaces.com,Male,$320698.57,713570833,CC
102,Carver,Biscomb,cbiscomb2t@wp.com,Male,$700857.22,763963721,IT
103,Conway,Cadagan,ccadagan2u@twitpic.com,Male,$319074.58,880266771,IT
104,Ulick,Silburn,usilburn2v@amazon.co.jp,Male,$298878.54,626662812,PP
105,Aland,Griffithe,agriffithe2w@skyrock.com,Male,$753119.57,949107747,IT
106,Fabiano,Moughtin,fmoughtin2x@dot.gov,Male,$356666.37,539507463,CC
107,Sully,McKernan,smckernan2y@nhs.uk,Male,$125704.76,814114656,CC
108,Garnet,Giacobini,ggiacobini2z@techcrunch.com,Female,$653413.87,13718247,CC
109,Ivette,Winterson,iwinterson30@photobucket.com,Female,$556913.31,295153063,CC
110,Alissa,Grout,agrout31@ask.com,Female,$909983.52,435772264,CC
111,Heath,Applin,happlin32@furl.net,Female,$922200.88,106244171,IT
112,Billie,Goggins,bgoggins33@ebay.co.uk,Male,$374846.07,913665090,CC
113,Nikola,Sloy,nsloy34@quantcast.com,Male,$311609.42,566132309,IT
114,Byram,Stollenbeck,bstollenbeck35@wufoo.com,Male,$298702.08,928391082,IT
115,Bobina,Trott,btrott36@ed.gov,Female,$410018.82,44520336,CC
116,Nolly,Ebunoluwa,nebunoluwa37@nationalgeographic.com,Male,$502269.29,627059934,PP
117,Fitz,Enderwick,fenderwick38@mail.ru,Male,$254177.89,690087392,IT
118,Cherey,Pratley,cpratley39@elegantthemes.com,Female,$945340.18,78869146,CC
119,Dido,Sandyford,dsandyford3a@soundcloud.com,Female,$649834.25,848075743,IT
120,Rip,Skace,rskace3b@pagesperso-orange.fr,Male,$789122.05,295233562,CC
121,Wilton,Betonia,wbetonia3c@seesaa.net,Male,$489244.72,587441569,IT
122,Rania,Almak,ralmak3d@ucla.edu,Female,$181650.55,397094108,PP
123,Kore,MacCracken,kmaccracken3e@sina.com.cn,Female,$790153.26,846267186,IT
124,Norrie,Swettenham,nswettenham3f@goo.ne.jp,Male,$514774.36,98136197,IT
125,Hadrian,Havvock,hhavvock3g@linkedin.com,Male,$484745.13,407034016,PP
126,Kit,Havvock,khavvock3h@youtube.com,Female,$803802.89,417456216,PP
127,Rhianon,Bladder,rbladder3i@slashdot.org,Female,$476016.64,640325983,IT
128,Ashlie,Lemme,alemme3j@t.co,Female,$183569.05,105573476,PP
129,Leonhard,Prisley,lprisley3k@yellowpages.com,Male,$925797.88,592608816,CC
130,Caitrin,McCafferty,cmccafferty3l@jiathis.com,Female,$490100.59,273259724,CC
131,Otes,Zorzetti,ozorzetti3m@bravesites.com,Male,$504986.71,88333664,PP
132,Orella,Poker,opoker3n@rediff.com,Female,$171819.12,431095727,CC
133,Dosi,Townes,dtownes3o@apache.org,Female,$638168.01,143529109,PP
134,Jenelle,Kitchenside,jkitchenside3p@youku.com,Female,$734347.22,73287035,PP
135,Haze,Hirth,hhirth3q@epa.gov,Male,$563596.44,901073347,PP
136,Carry,Gove,cgove3r@mediafire.com,Female,$392503.11,362279841,PP
137,Starla,Topliss,stopliss3s@bizjournals.com,Female,$137168.84,616355332,CC
138,Killie,Tarn,ktarn3t@furl.net,Male,$287185.76,149370518,PP
139,Ban,Frostdyke,bfrostdyke3u@cocolog-nifty.com,Male,$330308.20,421579546,CC
140,Roch,Dando,rdando3v@slashdot.org,Female,$799407.01,282672982,IT
141,Harman,Gregr,hgregr3w@tamu.edu,Male,$765763.76,74528618,PP
142,Alford,Pietraszek,apietraszek3x@discuz.net,Male,$291909.47,791756857,IT
143,Veronike,Iban,viban3y@newyorker.com,Female,$308523.75,1008380480,IT
144,Auberta,Brundall,abrundall3z@admin.ch,Female,$958423.93,597803838,IT
145,Marquita,O' Hogan,mohogan40@liveinternet.ru,Female,$568483.70,952189712,IT
146,Lorie,Dudden,ldudden41@amazonaws.com,Female,$339496.65,305163638,CC
147,Kermy,Sammonds,ksammonds42@theguardian.com,Male,$312243.11,931255924,PP
148,Karoly,Fairlem,kfairlem43@soundcloud.com,Male,$933689.90,831631146,CC
149,Evelin,Ecclestone,eecclestone44@irs.gov,Male,$772023.82,293781261,CC
150,Timmie,Burgon,tburgon45@hhs.gov,Female,$913743.32,388243167,IT
151,Demetris,Everett,deverett46@soup.io,Female,$925338.04,906828723,IT
152,Chrysler,Govan,cgovan47@samsung.com,Female,$631237.62,53801211,IT
153,Reynolds,Krystof,rkrystof48@constantcontact.com,Male,$464209.48,694127665,PP
154,Alic,McColm,amccolm49@joomla.org,Male,$955216.48,229469097,IT
155,Jarret,Rainger,jrainger4a@twitpic.com,Male,$852077.74,215076940,IT
156,Lidia,Caselli,lcaselli4b@diigo.com,Female,$464012.25,617728009,IT
157,Waverley,Dunstall,wdunstall4c@si.edu,Male,$823049.28,880152122,CC
158,Arie,Farnorth,afarnorth4d@newsvine.com,Male,$174313.87,110616023,PP
159,Marlee,Gilchriest,mgilchriest4e@shinystat.com,Female,$101972.10,693736262,PP
160,Pearline,Spark,pspark4f@smugmug.com,Female,$250821.36,561297053,CC
161,Valerie,McCarron,vmccarron4g@chron.com,Female,$136717.69,521057601,PP
162,Paolina,Huzzey,phuzzey4h@angelfire.com,Female,$782429.71,867137428,PP
163,Marjorie,Sarle,msarle4i@stanford.edu,Female,$101917.97,172093894,IT
164,Hettie,Wisker,hwisker4j@ebay.com,Female,$371763.21,789956248,CC
165,Phoebe,Basill,pbasill4k@bandcamp.com,Female,$712159.03,209561334,CC
166,Billy,Orrum,borrum4l@bing.com,Female,$938287.83,652982906,PP
167,Clevie,Valenti,cvalenti4m@usatoday.com,Male,$588115.93,806168666,IT
168,Kessiah,Kurth,kkurth4n@wufoo.com,Female,$248616.51,583442376,PP
169,Major,Wessell,mwessell4o@feedburner.com,Male,$847058.22,692472092,IT
170,Eyde,Girvin,egirvin4p@sourceforge.net,Female,$194493.80,96126417,PP
171,Karlyn,Malim,kmalim4q@seattletimes.com,Female,$429258.89,924674459,CC
172,Alon,Dwire,adwire4r@meetup.com,Male,$992893.04,641467494,CC
173,Celestyn,Laffin,claffin4s@jalbum.net,Female,$535653.66,191867849,IT
174,Dill,Jovis,djovis4t@seesaa.net,Male,$704599.73,283503534,IT
175,Tim,Pauling,tpauling4u@clickbank.net,Male,$493451.48,957684089,IT
176,John,Bateup,jbateup4v@live.com,Male,$327998.28,524597636,CC
177,Hercules,Merryweather,hmerryweather4w@blogspot.com,Male,$409826.90,411713798,CC
178,Elayne,Linzey,elinzey4x@addthis.com,Female,$169665.80,50623983,PP
179,Michaela,Burd,mburd4y@harvard.edu,Female,$780537.03,196780070,CC
180,Angele,Ector,aector4z@com.com,Female,$790721.32,451135973,PP
181,Kerrin,McCloch,kmccloch50@nbcnews.com,Female,$383782.47,564521030,PP
182,Filip,Lougheid,flougheid51@nhs.uk,Male,$671103.03,647794917,IT
183,Lib,Coath,lcoath52@marketwatch.com,Female,$136684.02,993830912,CC
184,Vallie,Gillmor,vgillmor53@fda.gov,Female,$152084.99,618992867,CC
185,Sheridan,Littley,slittley54@goodreads.com,Male,$739841.07,407423939,CC
186,Fay,Lemonby,flemonby55@samsung.com,Female,$356736.37,948964732,CC
187,Hilliard,Leynham,hleynham56@over-blog.com,Male,$280411.32,840023422,CC
188,Camala,Sargeant,csargeant57@addtoany.com,Female,$607914.34,883167124,PP
189,Kele,Fryatt,kfryatt58@tiny.cc,Male,$879490.39,284257075,CC
190,Kendall,Bogace,kbogace59@sciencedirect.com,Male,$630780.59,455522894,CC
191,Michele,Roskams,mroskams5a@illinois.edu,Male,$959901.85,682241842,IT
192,Tudor,De Ruggero,tderuggero5b@va.gov,Male,$637255.73,431698373,CC
193,Dorothea,Heers,dheers5c@privacy.gov.au,Female,$736823.83,790421174,IT
194,Malachi,Rump,mrump5d@imageshack.us,Male,$584177.40,426185955,PP
195,Edvard,Coxhead,ecoxhead5e@privacy.gov.au,Male,$159758.38,243140316,CC
196,Rebeca,Chiese,rchiese5f@yolasite.com,Female,$779330.19,495717988,CC
197,Huey,Itchingham,hitchingham5g@va.gov,Male,$668431.53,951140181,PP
198,Keenan,Meir,kmeir5h@surveymonkey.com,Male,$175461.71,989433867,PP
199,Wylie,Corcut,wcorcut5i@virginia.edu,Male,$759669.06,204423690,CC
200,Dodi,Blockwell,dblockwell5j@github.io,Female,$798820.52,425471718,CC
201,Denis,Beevor,dbeevor5k@thetimes.co.uk,Male,$237281.42,598327915,CC
202,Nelie,Squirrel,nsquirrel5l@paginegialle.it,Female,$398200.21,957871804,IT
203,Hedwig,Rubery,hrubery5m@discuz.net,Female,$385818.93,794953961,CC
204,Bat,Sheldon,bsheldon5n@usda.gov,Male,$369191.73,245863976,IT
205,Clemmie,Beamand,cbeamand5o@sphinn.com,Female,$974654.73,84785070,IT
206,Chanda,Farron,cfarron5p@wisc.edu,Female,$298227.22,667260841,IT
207,Lisette,Alkins,lalkins5q@infoseek.co.jp,Female,$688811.40,1020552927,IT
208,Andreana,Bluett,abluett5r@nytimes.com,Female,$895582.78,161845445,IT
209,Codi,Gash,cgash5s@bizjournals.com,Male,$549587.74,364346080,PP
210,Teena,Gude,tgude5t@drupal.org,Female,$893993.79,630860829,CC
211,Katrinka,Tinto,ktinto5u@scribd.com,Female,$632836.00,595519260,IT
212,Dario,Glassopp,dglassopp5v@yolasite.com,Male,$260420.30,1034267366,CC
213,Hamil,Doniso,hdoniso5w@pen.io,Male,$565284.28,871815514,PP
214,Rouvin,Figgess,rfiggess5x@plala.or.jp,Male,$467182.68,9012732,CC
215,Inness,Hadlow,ihadlow5y@elegantthemes.com,Male,$329566.64,873256434,CC
216,Korrie,Spurrier,kspurrier5z@bluehost.com,Female,$824790.74,900887603,PP
217,Jard,Innott,jinnott60@npr.org,Male,$799626.83,198316189,PP
218,Eugenius,Cordon,ecordon61@cmu.edu,Male,$702281.27,255577566,IT
219,Mortie,Slyde,mslyde62@seesaa.net,Male,$152203.27,872269278,IT
220,Lawton,Roseburgh,lroseburgh63@addthis.com,Male,$543870.99,1018092955,CC
221,Liesa,Greenrodd,lgreenrodd64@blog.com,Female,$257613.80,727722036,PP
222,Eamon,Duffrie,eduffrie65@stanford.edu,Male,$476398.26,607101435,PP
223,Demetre,Figurski,dfigurski66@taobao.com,Male,$842893.86,220929114,CC
224,Malvin,Speirs,mspeirs67@wix.com,Male,$789278.53,975697662,CC
225,Anderson,Seaton,aseaton68@google.fr,Male,$836273.61,426240518,CC
226,Egbert,O'Heffernan,eoheffernan69@vistaprint.com,Male,$792624.66,572630317,CC
227,Lon,Ewer,lewer6a@washingtonpost.com,Male,$639170.51,576741676,CC
228,Roobbie,Goshawk,rgoshawk6b@patch.com,Female,$847313.71,651873775,PP
229,Reagen,Klimes,rklimes6c@technorati.com,Male,$133582.43,769157369,CC
230,Jermain,Pisculli,jpisculli6d@timesonline.co.uk,Male,$172098.44,958373379,IT
231,Jae,Triebner,jtriebner6e@pen.io,Male,$293597.72,655594620,CC
232,Norrie,Lawman,nlawman6f@reverbnation.com,Female,$849823.11,975959288,CC
233,Price,Elcum,pelcum6g@deliciousdays.com,Male,$964908.96,863173877,CC
234,Ree,Woodall,rwoodall6h@ehow.com,Female,$600641.15,18110594,PP
235,Niccolo,Di Matteo,ndimatteo6i@time.com,Male,$832873.05,144601165,CC
236,Lindon,Troppmann,ltroppmann6j@g.co,Male,$601430.64,118358287,PP
237,Ulberto,Dupree,udupree6k@pcworld.com,Male,$804426.16,139605211,PP
238,Luther,Wantling,lwantling6l@sfgate.com,Male,$268906.38,300990819,PP
239,Haily,Crittal,hcrittal6m@plala.or.jp,Female,$518576.88,411169145,CC
240,Casie,Dunthorn,cdunthorn6n@nature.com,Female,$461612.26,690793203,PP
241,Lief,Morstatt,lmorstatt6o@woothemes.com,Male,$177005.78,59639096,CC
242,Sky,Hembrow,shembrow6p@chron.com,Male,$687910.98,187188831,IT
243,Clarance,Goding,cgoding6q@eventbrite.com,Male,$873853.75,753768964,CC
244,Lydie,Prewett,lprewett6r@oracle.com,Female,$704557.44,720748294,IT
245,Minta,Davern,mdavern6s@webnode.com,Female,$757862.14,723057530,IT
246,Charil,Woollcott,cwoollcott6t@si.edu,Female,$767870.64,394115588,CC
247,Rodney,Lamboll,rlamboll6u@seattletimes.com,Male,$443632.30,1039559890,PP
248,Euphemia,Urion,eurion6v@slashdot.org,Female,$919888.38,119725891,CC
249,Gertrude,MacMaster,gmacmaster6w@un.org,Female,$662437.62,211754713,PP
250,Jordan,Kermannes,jkermannes6x@uiuc.edu,Male,$894977.08,280938068,IT
251,Artie,Yaakov,ayaakov6y@yandex.ru,Male,$181957.42,982027484,IT
252,Rene,Probat,rprobat6z@state.gov,Male,$403951.00,303778520,PP
253,Stesha,Hrinchenko,shrinchenko70@phpbb.com,Female,$946027.26,442056592,PP
254,Mariya,Taig,mtaig71@vinaora.com,Female,$945295.90,197581687,CC
255,Earvin,Deavall,edeavall72@bluehost.com,Male,$112341.48,228024055,IT
256,Damita,Papaminas,dpapaminas73@irs.gov,Female,$427816.34,957808838,PP
257,Ermengarde,Pegg,epegg74@geocities.com,Female,$901304.31,186263017,IT
258,Aksel,Sparshett,asparshett75@webmd.com,Male,$685890.39,861113306,PP
259,Em,Skells,eskells76@symantec.com,Male,$919790.82,166741360,IT
260,Konrad,Choppin,kchoppin77@google.ru,Male,$275734.19,385495848,CC
261,Kendricks,Dennehy,kdennehy78@cbc.ca,Male,$768870.72,499474993,CC
262,Iggy,Caveau,icaveau79@is.gd,Male,$520126.41,329200169,PP
263,Dennison,Jelleman,djelleman7a@mit.edu,Male,$728640.34,845374408,CC
264,Serge,Chestney,schestney7b@ocn.ne.jp,Male,$315291.20,172370107,PP
265,Vyky,Fahey,vfahey7c@drupal.org,Female,$864995.27,1031161753,CC
266,Barny,Gaul,bgaul7d@spotify.com,Male,$331096.91,543967536,PP
267,Franchot,Wegener,fwegener7e@etsy.com,Male,$310450.45,490550361,IT
268,Reube,St. John,rstjohn7f@linkedin.com,Male,$308772.07,950731281,IT
269,Jaymee,Latch,jlatch7g@china.com.cn,Female,$751609.33,376390192,IT
270,Shae,Lethlay,slethlay7h@usda.gov,Female,$318357.72,972399989,IT
271,Kaleena,Mithun,kmithun7i@nbcnews.com,Female,$204932.53,564076653,IT
272,Lonny,Woolens,lwoolens7j@multiply.com,Male,$498359.34,183636929,IT
273,Gaye,Edelmann,gedelmann7k@jimdo.com,Female,$351471.46,339389600,PP
274,Frasquito,McGiffin,fmcgiffin7l@youtu.be,Male,$895929.96,971841842,IT
275,Ingra,Colisbe,icolisbe7m@cdbaby.com,Male,$158094.45,713975042,CC
276,Lauryn,Pitkeathly,lpitkeathly7n@dell.com,Female,$301759.56,871918891,CC
277,Ravi,Maynell,rmaynell7o@cnn.com,Male,$171630.18,348892646,IT
278,Noelyn,Dickson,ndickson7p@yahoo.com,Female,$570927.09,737497412,IT
279,Fayth,McGiven,fmcgiven7q@unicef.org,Female,$761976.48,371616156,CC
280,Eberto,Cuddehay,ecuddehay7r@thetimes.co.uk,Male,$181192.82,5578434,IT
281,Billye,Drakes,bdrakes7s@edublogs.org,Female,$246473.65,610858382,CC
282,Kayla,Pantin,kpantin7t@eepurl.com,Female,$581895.85,440156347,PP
283,Iggy,Gwatkins,igwatkins7u@jugem.jp,Male,$436736.23,921281304,CC
284,Parry,Joret,pjoret7v@weather.com,Male,$571126.08,490910005,CC
285,Gwenore,Skoggins,gskoggins7w@oaic.gov.au,Female,$306872.22,480910263,IT
286,Titos,Sheerman,tsheerman7x@washingtonpost.com,Male,$518716.70,828438669,IT
287,Polly,Schubart,pschubart7y@hhs.gov,Female,$792853.92,5950493,PP
288,Karola,Gavini,kgavini7z@wunderground.com,Female,$125851.69,190200921,IT
289,Celka,Rohloff,crohloff80@npr.org,Female,$116939.63,672952822,IT
290,Florry,Ormerod,formerod81@newyorker.com,Female,$646194.90,435695087,IT
291,Patty,Fluck,pfluck82@slashdot.org,Male,$285451.59,741085258,IT
292,Misty,Zannini,mzannini83@reverbnation.com,Female,$677837.32,322274623,PP
293,Blinnie,Spere,bspere84@ed.gov,Female,$302412.22,829263519,IT
294,Damara,Ziemecki,dziemecki85@google.it,Female,$963871.48,242491685,IT
295,Jerrilee,Cullinan,jcullinan86@liveinternet.ru,Female,$470050.24,1040702543,IT
296,Kath,Casazza,kcasazza87@hibu.com,Female,$666227.10,337026951,CC
297,Ber,Wakenshaw,bwakenshaw88@google.com.au,Male,$289817.58,152539938,IT
298,Goran,Smurthwaite,gsmurthwaite89@mayoclinic.com,Male,$587023.48,634579924,CC
299,Shamus,Monier,smonier8a@technorati.com,Male,$188949.95,99901910,IT
300,Lefty,Coom,lcoom8b@berkeley.edu,Male,$400568.50,408663693,CC
301,Walliw,Guiett,wguiett8c@vkontakte.ru,Female,$992529.23,744796261,PP
302,Francklyn,McGiff,fmcgiff8d@ehow.com,Male,$229268.35,364108798,CC
303,Cornelius,Cyseley,ccyseley8e@prlog.org,Male,$899550.62,121686336,CC
304,Babbette,Ortmann,bortmann8f@chicagotribune.com,Female,$174136.24,860244677,IT
305,Giuditta,Mathiot,gmathiot8g@psu.edu,Female,$128381.92,996841020,PP
306,Yoshiko,Rodgman,yrodgman8h@4shared.com,Female,$388155.52,25160921,PP
307,Robers,Inworth,rinworth8i@ehow.com,Male,$445183.00,114496741,IT
308,Lana,Locksley,llocksley8j@wix.com,Female,$598902.77,131193679,IT
309,Shelley,Housin,shousin8k@yolasite.com,Male,$395399.41,349497291,IT
310,Morgen,Dye,mdye8l@sohu.com,Female,$652394.26,1004055362,IT
311,Eustacia,Snowling,esnowling8m@infoseek.co.jp,Female,$411526.04,963168560,IT
312,Penn,Argent,pargent8n@pen.io,Male,$790519.15,633033925,IT
313,Zara,Bahl,zbahl8o@cnbc.com,Female,$384747.29,121390533,IT
314,Biddy,Gudge,bgudge8p@elegantthemes.com,Female,$442627.37,583138174,IT
315,Salaidh,Vinter,svinter8q@cornell.edu,Female,$151685.84,979587610,IT
316,Magnum,Cleaver,mcleaver8r@istockphoto.com,Male,$762207.38,433620216,CC
317,Legra,Guttridge,lguttridge8s@hugedomains.com,Female,$558006.85,613944069,IT
318,Sal,Grigsby,sgrigsby8t@japanpost.jp,Female,$735575.29,623733405,CC
319,Asa,Tubbles,atubbles8u@i2i.jp,Male,$432418.93,618939336,IT
320,Gelya,O'Fergus,gofergus8v@mit.edu,Female,$191572.35,17798954,IT
321,Saxon,Crighten,scrighten8w@godaddy.com,Male,$303965.26,795178629,CC
322,Aron,Tarplee,atarplee8x@jiathis.com,Male,$295402.69,552165630,CC
323,Vito,Alsina,valsina8y@jugem.jp,Male,$679257.03,288999696,IT
324,Lyndel,Stevani,lstevani8z@w3.org,Female,$306573.40,885194000,IT
325,Izzy,Spare,ispare90@amazon.com,Male,$401482.49,510731061,PP
326,Spike,Serrell,sserrell91@tiny.cc,Male,$799313.96,36172862,PP
327,Linn,Bunton,lbunton92@ucla.edu,Male,$691013.95,735200698,PP
328,Rene,Cadwaladr,rcadwaladr93@1688.com,Female,$858739.02,26067510,IT
329,Boyce,Raatz,braatz94@live.com,Male,$805851.18,434431883,CC
330,Carroll,Outright,coutright95@ucoz.ru,Male,$611531.19,989643081,PP
331,Prentice,Boler,pboler96@typepad.com,Male,$853339.58,616010976,IT
332,Alayne,Oager,aoager97@tripadvisor.com,Female,$567100.51,850670646,IT
333,Torr,Dowd,tdowd98@dailymotion.com,Male,$248206.85,791614834,IT
334,Rollie,Scripture,rscripture99@jugem.jp,Male,$978543.10,363802690,CC
335,Shandee,Cavil,scavil9a@parallels.com,Female,$104217.30,275891034,IT
336,Christie,MacCrackan,cmaccrackan9b@wsj.com,Male,$538294.97,706829311,PP
337,Caleb,Milburne,cmilburne9c@hud.gov,Male,$611081.16,621944488,IT
338,Berk,Goring,bgoring9d@godaddy.com,Male,$836948.10,24531894,CC
339,Lesya,Noke,lnoke9e@google.nl,Female,$739298.02,524864943,CC
340,Tanner,Grinishin,tgrinishin9f@berkeley.edu,Male,$464855.71,760846131,PP
341,Noe,Koppke,nkoppke9g@answers.com,Male,$255067.18,632712320,CC
342,Sibylle,Gillhespy,sgillhespy9h@hao123.com,Female,$913664.52,828053123,PP
343,Jerrine,Jeroch,jjeroch9i@nbcnews.com,Female,$693524.11,1045794670,CC
344,Ned,Caras,ncaras9j@artisteer.com,Male,$383093.85,487316919,CC
345,Adolf,Dransfield,adransfield9k@tiny.cc,Male,$196531.22,685370387,CC
346,Marjory,Burris,mburris9l@ebay.co.uk,Female,$476465.54,74199908,CC
347,Engracia,Gabrieli,egabrieli9m@wikimedia.org,Female,$355651.33,11945793,CC
348,Wendeline,Niezen,wniezen9n@topsy.com,Female,$583124.55,1009066798,IT
349,Cammie,Zanetti,czanetti9o@discovery.com,Female,$328818.63,337923487,PP
350,Opaline,Coultas,ocoultas9p@princeton.edu,Female,$534679.08,943174748,PP
351,Quincy,Canfield,qcanfield9q@discovery.com,Male,$126906.27,947871593,CC
352,Dacie,Hobgen,dhobgen9r@geocities.com,Female,$315682.92,304458213,PP
353,Johny,Trusler,jtrusler9s@archive.org,Male,$139221.23,832596703,CC
354,Lenna,McKearnen,lmckearnen9t@stanford.edu,Female,$851559.45,929170176,PP
355,Malissa,Barthelemy,mbarthelemy9u@craigslist.org,Female,$903276.93,696549244,CC
356,Joshua,Corgenvin,jcorgenvin9v@auda.org.au,Male,$432075.31,233444384,CC
357,Lanny,Seers,lseers9w@techcrunch.com,Male,$934764.93,387372376,PP
358,Kelvin,Lubman,klubman9x@tinyurl.com,Male,$250205.43,46379193,IT
359,Laney,Seally,lseally9y@fastcompany.com,Male,$576396.31,571056478,PP
360,Celinda,Temperley,ctemperley9z@1und1.de,Female,$846445.74,985241410,PP
361,Kathe,Cloke,kclokea0@exblog.jp,Female,$286284.17,24649732,PP
362,Gui,Elsip,gelsipa1@cafepress.com,Female,$138572.32,206640047,IT
363,Janean,Maxfield,jmaxfielda2@tamu.edu,Female,$363073.94,508506732,CC
364,Marj,Avrahamov,mavrahamova3@wix.com,Female,$341950.38,1039426633,CC
365,Aurea,Gerrit,agerrita4@t-online.de,Female,$953423.89,450678248,CC
366,Gordan,Mirfin,gmirfina5@typepad.com,Male,$227904.12,386389700,PP
367,Krissie,Millsap,kmillsapa6@washington.edu,Female,$957886.22,537502059,IT
368,Cassius,Blowers,cblowersa7@theguardian.com,Male,$504704.81,486848487,CC
369,Lonnie,Locket,llocketa8@ibm.com,Male,$603223.56,672376891,IT
370,Ainslie,Risebarer,arisebarera9@sfgate.com,Female,$784405.70,473656321,IT
371,Milissent,Trustey,mtrusteyaa@mit.edu,Female,$995672.46,239608551,PP
372,Hilde,Dowrey,hdowreyab@gizmodo.com,Female,$512472.67,211152083,PP
373,Emlen,Haresnaip,eharesnaipac@tripadvisor.com,Male,$220134.25,805756533,CC
374,Alvin,Cluer,acluerad@washington.edu,Male,$285041.07,800153755,CC
375,Ema,Harbor,eharborae@globo.com,Female,$279358.09,956758642,IT
376,Walton,Flawith,wflawithaf@youtube.com,Male,$738447.48,463966610,PP
377,Clotilda,Royden,croydenag@wisc.edu,Female,$413958.82,172544985,PP
378,Grannie,Mathelon,gmathelonah@creativecommons.org,Male,$994013.26,720120023,IT
379,Charla,Fowgies,cfowgiesai@squidoo.com,Female,$791882.36,263170275,CC
380,Thorvald,Hearmon,thearmonaj@bloomberg.com,Male,$996037.20,604546198,PP
381,Diego,Jirek,djirekak@angelfire.com,Male,$727831.07,1040916289,CC
382,Jacobo,Germon,jgermonal@sitemeter.com,Male,$462571.43,769957864,IT
383,Desiree,Clare,dclaream@skype.com,Female,$150719.58,256212363,CC
384,Kylen,Strand,kstrandan@imgur.com,Female,$303531.12,125320992,PP
385,Akim,Nelius,aneliusao@woothemes.com,Male,$775480.41,285527724,IT
386,Gabbie,Morrel,gmorrelap@uol.com.br,Male,$225952.62,76971144,CC
387,Charita,Biasotti,cbiasottiaq@loc.gov,Female,$113035.05,615491118,CC
388,Ruddy,Wiltshear,rwiltshearar@over-blog.com,Male,$618662.47,407557447,PP
389,Theobald,Brookzie,tbrookzieas@hubpages.com,Male,$131892.91,136466878,IT
390,Merola,Benettini,mbenettiniat@mozilla.org,Female,$198075.14,430283545,PP
391,Charlean,Cardenas,ccardenasau@chicagotribune.com,Female,$885557.10,567658699,IT
392,Ferris,Fitzsymon,ffitzsymonav@rakuten.co.jp,Male,$194980.89,555287309,CC
393,Petronilla,Truggian,ptruggianaw@sciencedirect.com,Female,$816966.03,803467506,IT
394,Nance,Cockett,ncockettax@privacy.gov.au,Female,$628816.13,840911735,CC
395,Bonny,Parnby,bparnbyay@mediafire.com,Female,$155258.52,277911148,IT
396,Mollee,Doby,mdobyaz@theatlantic.com,Female,$530250.25,697898648,CC
397,Alene,MacBrearty,amacbreartyb0@xing.com,Female,$727707.32,432459407,PP
398,Dyanna,Zamorano,dzamoranob1@ucla.edu,Female,$773396.03,1004171699,CC
399,Odie,Salthouse,osalthouseb2@hugedomains.com,Male,$128145.22,763820928,IT
400,Hendrik,Faccini,hfaccinib3@gov.uk,Male,$456133.83,352889951,IT
401,Bunnie,Bills,bbillsb4@bizjournals.com,Female,$710698.03,90428615,IT
402,Kipp,Milam,kmilamb5@moonfruit.com,Female,$481576.60,793072557,CC
403,Rivi,Riglesford,rriglesfordb6@theguardian.com,Female,$724669.75,307045323,CC
404,Bartlet,Kuhlmey,bkuhlmeyb7@ezinearticles.com,Male,$351414.17,643191877,PP
405,Trevor,Tierney,ttierneyb8@altervista.org,Male,$476872.25,987813711,IT
406,Jarrid,Quixley,jquixleyb9@state.gov,Male,$967153.22,478967302,CC
407,Amalee,O'Geaney,aogeaneyba@latimes.com,Female,$840650.51,12353079,CC
408,Sacha,Rutherford,srutherfordbb@netlog.com,Female,$655258.95,411021605,IT
409,Launce,Hallowes,lhallowesbc@cloudflare.com,Male,$831789.18,167516117,IT
410,Sydelle,Durrett,sdurrettbd@examiner.com,Female,$911895.64,783532707,IT
411,Jewel,Stener,jstenerbe@bloglovin.com,Female,$969598.46,309409464,CC
412,Nerte,Bisiker,nbisikerbf@disqus.com,Female,$526074.89,832756213,IT
413,Gerick,Andrich,gandrichbg@ted.com,Male,$691333.67,97017158,IT
414,Hiram,Mudie,hmudiebh@weather.com,Male,$220949.56,310298192,PP
415,Alena,Walhedd,awalheddbi@prnewswire.com,Female,$311210.63,931568989,CC
416,Rosalind,Catley,rcatleybj@guardian.co.uk,Female,$814865.62,255160874,CC
417,Eugen,Bosnell,ebosnellbk@blogs.com,Male,$181364.78,978034379,CC
418,Keelia,Ayton,kaytonbl@mayoclinic.com,Female,$968292.96,198084706,PP
419,Berti,Espasa,bespasabm@theguardian.com,Female,$545497.35,190332660,CC
420,Kellia,Spilling,kspillingbn@hubpages.com,Female,$229806.33,434496748,CC
421,Virge,Laise,vlaisebo@macromedia.com,Male,$781249.95,195471967,CC
422,Nicolette,Le Cornu,nlecornubp@answers.com,Female,$853315.17,91828256,PP
423,Bent,Boniface,bbonifacebq@opera.com,Male,$381047.96,856188375,CC
424,Edlin,Coule,ecoulebr@wufoo.com,Male,$850729.48,915465633,IT
425,Ronna,Trangmar,rtrangmarbs@e-recht24.de,Female,$306239.68,462848826,IT
426,Norry,Ovesen,novesenbt@1688.com,Male,$419826.42,162548903,CC
427,Remington,Walter,rwalterbu@noaa.gov,Male,$372833.30,785143341,PP
428,Tammie,Harkin,tharkinbv@wix.com,Male,$836268.64,867654659,PP
429,Rudd,Gatiss,rgatissbw@delicious.com,Male,$753424.71,621618772,PP
430,Barny,Marley,bmarleybx@lulu.com,Male,$383728.38,496706670,IT
431,Tedman,Swindley,tswindleyby@vinaora.com,Male,$982823.30,423700889,CC
432,Helenka,Creser,hcreserbz@myspace.com,Female,$605633.51,42653108,PP
433,Gianni,Cochern,gcochernc0@examiner.com,Male,$583223.30,764735703,PP
434,Zerk,Klimke,zklimkec1@de.vu,Male,$428051.52,733375704,PP
435,Damian,Jancso,djancsoc2@mozilla.org,Male,$499236.47,699482776,PP
436,Lew,Beldon,lbeldonc3@fastcompany.com,Male,$164982.03,908119323,CC
437,Levon,Corre,lcorrec4@cdbaby.com,Male,$434241.63,945063213,IT
438,Pauly,Prestidge,pprestidgec5@ask.com,Male,$642529.63,933214031,PP
439,Morry,Timeby,mtimebyc6@buzzfeed.com,Male,$972071.87,570715524,CC
440,Dana,Rosander,drosanderc7@engadget.com,Male,$493163.49,540265143,PP
441,Corrie,Ryam,cryamc8@mayoclinic.com,Male,$156874.05,873800889,CC
442,Kerrie,Rolfs,krolfsc9@europa.eu,Female,$308418.26,1016510958,PP
443,Darryl,Grimme,dgrimmeca@adobe.com,Female,$761094.99,22280572,IT
444,Anselma,Ainger,aaingercb@house.gov,Female,$816055.48,837625152,IT
445,Geno,Vinden,gvindencc@blogger.com,Male,$541726.14,748135758,CC
446,Arlen,Bigby,abigbycd@digg.com,Female,$405347.93,547821247,CC
447,Papageno,Jellis,pjellisce@nature.com,Male,$601452.07,707492829,PP
448,Faye,Morrissey,fmorrisseycf@house.gov,Female,$768423.34,390647898,IT
449,Florenza,Lovitt,flovittcg@webnode.com,Female,$671502.45,630795749,IT
450,Ram,Inns,rinnsch@so-net.ne.jp,Male,$729209.92,630647016,CC
451,Rogers,Tchir,rtchirci@wordpress.org,Male,$382812.99,787150181,IT
452,Dory,Nashe,dnashecj@europa.eu,Female,$107191.81,542916107,PP
453,Remington,Tomaskunas,rtomaskunasck@netscape.com,Male,$940832.76,775688482,IT
454,Odo,Pawling,opawlingcl@meetup.com,Male,$762707.41,231374399,PP
455,Mersey,Jime,mjimecm@phpbb.com,Female,$355370.97,306088886,PP
456,Bert,Starbucke,bstarbuckecn@stumbleupon.com,Female,$873743.90,652116493,IT
457,Corine,Lumbly,clumblyco@hp.com,Female,$555283.59,452551327,PP
458,Faber,Gaunter,fgauntercp@nature.com,Male,$498896.82,883539388,IT
459,Cale,Klainer,cklainercq@cnet.com,Male,$755923.96,761447660,PP
460,Sly,Litherborough,slitherboroughcr@wix.com,Male,$731066.84,956147528,PP
461,Granny,Romaint,gromaintcs@tuttocitta.it,Male,$740448.81,736820714,IT
462,Stacy,Blaske,sblaskect@thetimes.co.uk,Male,$394967.35,577582428,PP
463,Eolande,Catherall,ecatherallcu@surveymonkey.com,Female,$330012.29,496139016,CC
464,Gilbertina,Malcolmson,gmalcolmsoncv@usgs.gov,Female,$411526.36,862604482,CC
465,Godfree,Raubenheimer,graubenheimercw@princeton.edu,Male,$545700.30,437744312,PP
466,Nancey,Pirson,npirsoncx@blog.com,Female,$493106.85,1014602058,PP
467,Ilsa,Percifull,ipercifullcy@wisc.edu,Female,$682034.99,822463669,IT
468,Lonni,Grunguer,lgrunguercz@liveinternet.ru,Female,$429295.66,652989381,PP
469,Lawton,Gimeno,lgimenod0@ca.gov,Male,$795490.65,814314310,IT
470,Mommy,Lemin,mlemind1@yelp.com,Female,$617151.56,630826583,PP
471,Mel,Habershaw,mhabershawd2@about.me,Male,$126454.64,70955319,PP
472,Ethelda,Okeshott,eokeshottd3@taobao.com,Female,$549519.13,1035752366,CC
473,Armand,Berrane,aberraned4@un.org,Male,$985596.10,1028603880,IT
474,Phyllida,Benning,pbenningd5@gov.uk,Female,$502806.19,312069380,PP
475,Daniella,Scrammage,dscrammaged6@patch.com,Female,$731489.54,818784945,IT
476,Manny,Potte,mpotted7@gravatar.com,Male,$179127.75,345191119,CC
477,Jeffie,Seman,jsemand8@who.int,Male,$675347.43,937794025,IT
478,Rollie,Diter,rditerd9@skype.com,Male,$989859.34,186413375,IT
479,Deane,Cuseck,dcuseckda@t.co,Male,$951021.25,709196633,IT
480,Damon,Biggam,dbiggamdb@ifeng.com,Male,$331245.66,315323621,IT
481,Ines,Chatenier,ichatenierdc@intel.com,Female,$518705.73,310523604,PP
482,Lutero,Stimpson,lstimpsondd@sakura.ne.jp,Male,$747569.07,170760195,CC
483,Aldin,Kedie,akediede@nasa.gov,Male,$407736.21,544408219,PP
484,Tobi,Warboy,twarboydf@sogou.com,Female,$449803.23,927342770,IT
485,Lyda,Grason,lgrasondg@bravesites.com,Female,$579161.84,337366081,IT
486,Hussein,de Keep,hdekeepdh@netvibes.com,Male,$823340.46,237782273,CC
487,Hedvig,Hatherley,hhatherleydi@statcounter.com,Female,$581300.61,6875403,PP
488,Loralee,Jephcote,ljephcotedj@ebay.com,Female,$109020.61,142572704,IT
489,Charleen,Michelin,cmichelindk@bing.com,Female,$745930.48,707162178,IT
490,Marj,Jeratt,mjerattdl@si.edu,Female,$879794.59,79648563,PP
491,Amandie,Camus,acamusdm@stanford.edu,Female,$375882.46,947018055,PP
492,Myles,Lally,mlallydn@addthis.com,Male,$410883.35,217538984,CC
493,Britney,MacAlister,bmacalisterdo@earthlink.net,Female,$556871.53,20048824,IT
494,Guthry,Woolhouse,gwoolhousedp@huffingtonpost.com,Male,$204588.05,545056182,CC
495,Rees,Gecks,rgecksdq@parallels.com,Male,$669412.06,925577458,CC
496,Davidde,Michiel,dmichieldr@smh.com.au,Male,$280561.22,872055966,CC
497,Brandise,Cahan,bcahands@wired.com,Female,$915943.07,6169912,PP
498,Meyer,Cookes,mcookesdt@fema.gov,Male,$925482.85,123377636,IT
499,Angeline,Faulconbridge,afaulconbridgedu@twitpic.com,Female,$831695.83,566221269,IT
500,Zackariah,Delwater,zdelwaterdv@cam.ac.uk,Male,$786763.94,905126037,IT
501,Kermy,Sagerson,ksagersondw@kickstarter.com,Male,$438900.91,750058444,PP
502,Boris,Beat,bbeatdx@csmonitor.com,Male,$609516.81,1025127145,IT
503,Bernadene,Dumbar,bdumbardy@qq.com,Female,$310025.41,797174248,PP
504,Neel,Gladwin,ngladwindz@hud.gov,Male,$813314.09,726049227,PP
505,Isaac,Gansbuhler,igansbuhlere0@cbsnews.com,Male,$550284.28,277758622,PP
506,Lincoln,Astill,lastille1@scientificamerican.com,Male,$954100.10,452932282,CC
507,Gerek,Battey,gbatteye2@ebay.co.uk,Male,$744241.11,147339515,PP
508,Norbert,Schoolcroft,nschoolcrofte3@netscape.com,Male,$333373.21,730005708,PP
509,Rivkah,Cluitt,rcluitte4@yolasite.com,Female,$604875.55,638863214,CC
510,Simona,Rhule,srhulee5@chronoengine.com,Female,$820344.57,495805947,PP
511,Mikaela,Dossetter,mdossettere6@earthlink.net,Female,$449227.68,666553381,PP
512,Mechelle,Stathor,mstathore7@live.com,Female,$316786.76,643941310,CC
513,Dyanne,Doull,ddoulle8@cdbaby.com,Female,$289265.81,910504034,PP
514,Stewart,Eidler,seidlere9@forbes.com,Male,$937554.50,169215617,CC
515,Case,Fellenor,cfellenorea@ca.gov,Male,$880949.75,88906566,CC
516,Burlie,Meltetal,bmeltetaleb@usda.gov,Male,$752399.01,230747740,CC
517,Emmalee,Giovanazzi,egiovanazziec@dell.com,Female,$554061.25,16790068,PP
518,Vere,Mowlam,vmowlamed@ucla.edu,Female,$655643.36,338246982,IT
519,Boothe,Procter,bprocteree@t-online.de,Male,$380841.34,635581489,PP
520,Terencio,Burvill,tburvillef@marketwatch.com,Male,$958921.97,389825731,CC
521,Bernardo,Pettitt,bpettitteg@issuu.com,Male,$949565.15,547499569,PP
522,Franchot,Thebeaud,fthebeaudeh@ucoz.ru,Male,$169014.22,632457353,PP
523,Euphemia,Murfett,emurfettei@icq.com,Female,$788620.30,353627948,CC
524,Kaye,Wederell,kwederellej@army.mil,Female,$854085.99,201332937,CC
525,Serge,Monnelly,smonnellyek@cloudflare.com,Male,$982168.78,961961742,CC
526,Elias,Riseborough,eriseboroughel@drupal.org,Male,$559781.06,988118179,IT
527,Zebadiah,Kynder,zkynderem@fda.gov,Male,$234514.61,365983795,PP
528,Chester,Heads,cheadsen@ocn.ne.jp,Male,$668792.58,773735798,PP
529,Meta,Moat,mmoateo@forbes.com,Female,$717114.91,877367917,IT
530,Reeva,Joysey,rjoyseyep@msu.edu,Female,$126605.04,146736337,CC
531,Reinhard,Nixon,rnixoneq@domainmarket.com,Male,$374072.11,446880256,PP
532,Krystalle,Andryunin,kandryuniner@illinois.edu,Female,$234035.23,145251793,CC
533,Kareem,Davoren,kdavorenes@stanford.edu,Male,$788388.35,703749640,IT
534,Jan,Nottle,jnottleet@furl.net,Female,$409859.50,346789713,CC
535,Richard,Dank,rdankeu@slashdot.org,Male,$597437.18,428207576,IT
536,Clayson,Van Salzberger,cvansalzbergerev@state.gov,Male,$879790.47,851232209,PP
537,Fawne,Fonzone,ffonzoneew@hugedomains.com,Female,$355716.21,991509025,IT
538,Albie,Girodin,agirodinex@4shared.com,Male,$355007.81,200446115,CC
539,Katrinka,Menhci,kmenhciey@blogger.com,Female,$116936.36,280279264,IT
540,Thornton,Eidler,teidlerez@noaa.gov,Male,$656064.63,125501595,IT
541,Willard,Kirsop,wkirsopf0@amazon.co.jp,Male,$475956.23,482756717,CC
542,Shae,Baldoni,sbaldonif1@cloudflare.com,Female,$879235.23,982278350,CC
543,Randolph,Cuolahan,rcuolahanf2@macromedia.com,Male,$902023.85,780689227,PP
544,Candis,Breissan,cbreissanf3@bravesites.com,Female,$384872.03,607195316,PP
545,Ivette,Chalfant,ichalfantf4@timesonline.co.uk,Female,$167886.89,428458704,PP
546,Willy,Allan,wallanf5@gmpg.org,Male,$129061.48,248471083,IT
547,Andrei,Tiner,atinerf6@networkadvertising.org,Female,$124628.06,516583893,IT
548,Damita,Argyle,dargylef7@hatena.ne.jp,Female,$433135.50,1013743133,IT
549,Immanuel,Kollach,ikollachf8@ning.com,Male,$814226.19,234950270,IT
550,Dana,Cavell,dcavellf9@discovery.com,Male,$699100.80,718156620,IT
551,Robbie,Verheyden,rverheydenfa@time.com,Female,$654052.36,562244681,IT
552,Jorey,Whipple,jwhipplefb@sciencedirect.com,Female,$395971.15,954695238,PP
553,Cristi,Chiene,cchienefc@virginia.edu,Female,$575954.99,226454708,PP
554,Lebbie,Brodbin,lbrodbinfd@ebay.co.uk,Female,$162996.23,249588411,CC
555,Rosamond,Osgerby,rosgerbyfe@time.com,Female,$575159.96,350111766,IT
556,Myrlene,Kobpa,mkobpaff@statcounter.com,Female,$352279.24,266516366,PP
557,Dalli,Rousby,drousbyfg@sitemeter.com,Male,$193880.84,541586632,PP
558,Dav,Ashbridge,dashbridgefh@bloomberg.com,Male,$446746.15,960061730,IT
559,Philip,Franchi,pfranchifi@com.com,Male,$747260.50,163238852,PP
560,Godfrey,Louca,gloucafj@zdnet.com,Male,$968906.20,591871278,IT
561,Gian,Kidds,gkiddsfk@github.com,Male,$954346.53,50826069,PP
562,Danya,Land,dlandfl@ow.ly,Male,$334894.98,921133130,IT
563,Stefania,Ratray,sratrayfm@auda.org.au,Female,$325708.24,244659230,CC
564,Richie,Cockman,rcockmanfn@webeden.co.uk,Male,$159501.87,295330758,IT
565,Zackariah,O'Brollachain,zobrollachainfo@yellowbook.com,Male,$896485.08,568968417,IT
566,Cleopatra,Iles,cilesfp@imageshack.us,Female,$344291.83,475727294,PP
567,Tamma,McEneny,tmcenenyfq@discuz.net,Female,$419154.86,191157289,CC
568,Farrand,Birtles,fbirtlesfr@youku.com,Female,$249339.14,46456625,CC
569,Gaby,Onions,gonionsfs@examiner.com,Female,$289093.85,943890906,IT
570,Skippy,Smallcomb,ssmallcombft@omniture.com,Male,$589975.59,642415527,IT
571,Branden,Dinjes,bdinjesfu@flickr.com,Male,$701022.67,595555714,CC
572,Trace,Soule,tsoulefv@alibaba.com,Male,$179143.61,233137084,PP
573,George,Leechman,gleechmanfw@comcast.net,Male,$689375.51,211181903,IT
574,Irina,Fleetham,ifleethamfx@facebook.com,Female,$328598.26,809604868,CC
575,Hamel,Comberbach,hcomberbachfy@youtube.com,Male,$121392.42,1011988263,IT
576,Edita,Heball,eheballfz@google.ru,Female,$930047.88,172749614,PP
577,Byrann,Pixton,bpixtong0@google.co.jp,Male,$456949.72,728895005,PP
578,Lynnet,Magarrell,lmagarrellg1@patch.com,Female,$242367.67,355896292,PP
579,Leroy,Chapleo,lchapleog2@apache.org,Male,$655874.52,572899413,CC
580,Steffen,Kunes,skunesg3@ftc.gov,Male,$584566.74,293870043,CC
581,Crissie,Easton,ceastong4@yahoo.com,Female,$641444.15,394710744,CC
582,Ginnie,Coughtrey,gcoughtreyg5@lycos.com,Female,$318533.94,346772440,PP
583,Frazer,Cathel,fcathelg6@columbia.edu,Male,$278536.24,601654726,IT
584,Huey,Finlater,hfinlaterg7@google.com.hk,Male,$314420.86,682310271,PP
585,Devlen,Taks,dtaksg8@shop-pro.jp,Male,$825800.50,385945563,CC
586,Mara,Bird,mbirdg9@si.edu,Female,$552799.73,410331459,PP
587,Cart,Goroni,cgoroniga@archive.org,Male,$927867.52,747020921,IT
588,Brantley,Comrie,bcomriegb@google.de,Male,$278309.45,670988877,IT
589,Brunhilda,Espina,bespinagc@nbcnews.com,Female,$630705.54,468152710,CC
590,Ninette,Ragsdall,nragsdallgd@themeforest.net,Female,$326096.17,824303113,IT
591,Stacy,Digginson,sdigginsonge@dyndns.org,Female,$291807.53,857664049,IT
592,Lalo,Breton,lbretongf@ebay.com,Male,$728620.61,506665117,PP
593,Ange,Fludgate,afludgategg@live.com,Female,$745931.05,311583415,PP
594,Bathsheba,Darton,bdartongh@twitter.com,Female,$354630.59,885514688,CC
595,Thalia,Skyrm,tskyrmgi@mashable.com,Female,$356069.83,959413293,IT
596,Abel,Rizziello,arizziellogj@desdev.cn,Male,$389326.02,849125684,CC
597,Wren,Abadam,wabadamgk@twitpic.com,Female,$357508.17,400390764,IT
598,Emmye,Hedney,ehedneygl@forbes.com,Female,$558093.43,373741460,IT
599,Tamqrah,Duff,tduffgm@salon.com,Female,$918935.88,207965463,PP
600,Nathan,Sich,nsichgn@trellian.com,Male,$328310.18,838260076,CC
601,Sancho,Knivett,sknivettgo@springer.com,Male,$651390.05,596863776,IT
602,Meryl,Parnby,mparnbygp@livejournal.com,Female,$550643.52,615182308,CC
603,Ashley,Eglese,aeglesegq@census.gov,Female,$617818.75,21710664,CC
604,Viole,Paulin,vpaulingr@vk.com,Female,$914516.91,266220875,IT
605,Foster,Plumptre,fplumptregs@salon.com,Male,$270550.41,185092001,CC
606,Johannah,Froude,jfroudegt@slashdot.org,Female,$702805.40,462237588,IT
607,Irita,Mellem,imellemgu@cocolog-nifty.com,Female,$836818.48,131060108,CC
608,Grover,Pithcock,gpithcockgv@g.co,Male,$830286.23,249465482,IT
609,Alastair,Presnail,apresnailgw@yandex.ru,Male,$784081.75,84049836,PP
610,Job,Wynch,jwynchgx@github.io,Male,$120776.17,173207275,PP
611,Gottfried,Delgadillo,gdelgadillogy@free.fr,Male,$964187.39,795990008,CC
612,Prissie,Smallthwaite,psmallthwaitegz@slashdot.org,Female,$975985.70,487882977,CC
613,Gloria,Carolan,gcarolanh0@harvard.edu,Female,$347179.10,691341677,IT
614,Kipper,Brinsford,kbrinsfordh1@gov.uk,Male,$803176.89,364759372,PP
615,Vasilis,Bramall,vbramallh2@irs.gov,Male,$243182.25,592923163,IT
616,Otto,Moorman,omoormanh3@msu.edu,Male,$970753.83,368773220,CC
617,Corney,Mant,cmanth4@samsung.com,Male,$662204.02,201405491,PP
618,Clemence,Rubke,crubkeh5@ezinearticles.com,Female,$529620.45,530746341,PP
619,Darcie,Vasishchev,dvasishchevh6@networkadvertising.org,Female,$829625.21,274907417,IT
620,Graham,Wanklyn,gwanklynh7@taobao.com,Male,$197094.71,771511094,PP
621,Rodrique,Skermer,rskermerh8@canalblog.com,Male,$948336.21,1048939223,IT
622,Nani,Tippell,ntippellh9@tinypic.com,Female,$437543.64,507921083,PP
623,Elsie,Gloy,egloyha@technorati.com,Female,$315305.42,66472159,IT
624,Chucho,Done,cdonehb@marriott.com,Male,$566061.26,354321681,IT
625,Emilee,Evason,eevasonhc@ifeng.com,Female,$917908.16,424970348,IT
626,Bliss,Messager,bmessagerhd@jimdo.com,Female,$373949.69,887893045,PP
627,Orion,Wordington,owordingtonhe@stanford.edu,Male,$191265.08,683950634,IT
628,Brittney,Ulster,bulsterhf@nasa.gov,Female,$422456.50,548096465,CC
629,Lesley,Jaffa,ljaffahg@auda.org.au,Male,$634110.42,134076590,IT
630,Elwyn,Sarle,esarlehh@reuters.com,Male,$787433.09,966398703,CC
631,Rube,Ghent,rghenthi@mozilla.org,Male,$265156.47,25677832,CC
632,Marcella,Addison,maddisonhj@chronoengine.com,Female,$157098.72,479126660,IT
633,Cleopatra,Hurry,churryhk@bloomberg.com,Female,$755103.87,658919627,IT
634,Anatola,Church,achurchhl@delicious.com,Female,$886801.52,239123447,PP
635,Jacinthe,Ruddock,jruddockhm@loc.gov,Female,$425300.73,352803799,PP
636,Sholom,Yeld,syeldhn@ustream.tv,Male,$499004.92,817839295,IT
637,Dmitri,Carlens,dcarlensho@alibaba.com,Male,$981181.02,783948304,IT
638,Gaelan,Coldbathe,gcoldbathehp@hhs.gov,Male,$834239.89,234250125,IT
639,Lianna,Sawdon,lsawdonhq@about.com,Female,$886006.97,122100746,IT
640,Pippo,Brydell,pbrydellhr@example.com,Male,$605708.78,168604386,PP
641,Winna,Sustin,wsustinhs@godaddy.com,Female,$734605.84,710689998,PP
642,Philippa,Leggett,pleggettht@goodreads.com,Female,$875061.59,919682516,IT
643,Irene,Larmor,ilarmorhu@mac.com,Female,$228418.06,627274201,CC
644,Lyn,O'Keenan,lokeenanhv@cornell.edu,Male,$279501.15,321419413,CC
645,Karena,Tidbold,ktidboldhw@slideshare.net,Female,$277020.42,997014566,CC
646,Carlos,Tanguy,ctanguyhx@gizmodo.com,Male,$113629.37,560137233,IT
647,Gustavus,Crampsy,gcrampsyhy@sfgate.com,Male,$402875.34,974099241,CC
648,Ame,Peddel,apeddelhz@bravesites.com,Female,$904296.09,224385852,PP
649,Luella,Astman,lastmani0@amazon.de,Female,$802593.91,910476513,CC
650,Remy,Leaburn,rleaburni1@nature.com,Female,$484151.47,729379182,CC
651,Britt,Konert,bkonerti2@guardian.co.uk,Female,$423498.19,127097880,IT
652,Elsworth,D'Alesco,edalescoi3@businesswire.com,Male,$136197.39,75369601,IT
653,Paxton,Scapelhorn,pscapelhorni4@cnet.com,Male,$936402.13,813730142,CC
654,Stephan,Buckhurst,sbuckhursti5@rediff.com,Male,$811734.92,914835728,IT
655,Bel,Lumbers,blumbersi6@hibu.com,Female,$962531.89,167846154,CC
656,Chery,Delwater,cdelwateri7@cam.ac.uk,Female,$396584.09,348563566,IT
657,Rolph,Engley,rengleyi8@vkontakte.ru,Male,$713855.48,508957957,PP
658,Clayson,Portlock,cportlocki9@booking.com,Male,$738234.05,659629237,IT
659,Yale,Rubery,yruberyia@ovh.net,Male,$333220.25,268435986,PP
660,Curran,Jaffra,cjaffraib@eventbrite.com,Male,$690694.09,599099026,IT
661,Tymothy,Stroton,tstrotonic@redcross.org,Male,$492187.90,584752930,CC
662,Terza,Rake,trakeid@macromedia.com,Female,$275306.56,278341797,IT
663,Shane,Yuryev,syuryevie@merriam-webster.com,Female,$443552.68,137341374,CC
664,Isaiah,Mengo,imengoif@chron.com,Male,$614463.90,340594602,IT
665,Karita,Ryrie,kryrieig@java.com,Female,$908365.24,847242194,IT
666,Britni,Derr,bderrih@prlog.org,Female,$761092.13,644343806,PP
667,Gwendolyn,Spohrmann,gspohrmannii@digg.com,Female,$815434.00,924038158,PP
668,Janel,Tessier,jtessierij@mozilla.org,Female,$552526.58,588066822,PP
669,Garrik,Casse,gcasseik@elegantthemes.com,Male,$296220.60,536759234,CC
670,Sharia,Menichini,smenichiniil@apache.org,Female,$610583.65,975166146,PP
671,Olivier,Dumphrey,odumphreyim@china.com.cn,Male,$774713.59,681718819,CC
672,Shari,Eagan,seaganin@soundcloud.com,Female,$891409.31,1038121864,PP
673,Ave,Griffith,agriffithio@youtube.com,Male,$597686.45,455718161,CC
674,Bran,O'Cannon,bocannonip@oaic.gov.au,Male,$261590.98,207560337,IT
675,Marleen,Clail,mclailiq@utexas.edu,Female,$361765.03,174788287,IT
676,Erwin,Spiller,espillerir@mayoclinic.com,Male,$369877.92,757981446,CC
677,Early,Matthiae,ematthiaeis@jiathis.com,Male,$812679.70,50887389,IT
678,Sholom,Spilisy,sspilisyit@wunderground.com,Male,$858493.05,427081292,CC
679,Yanaton,McCormack,ymccormackiu@rambler.ru,Male,$862344.63,538653304,CC
680,Jorgan,Flaubert,jflaubertiv@163.com,Male,$270745.48,693974965,PP
681,Robbie,Beetham,rbeethamiw@toplist.cz,Male,$627619.21,192314898,IT
682,Rudiger,Vasser,rvasserix@example.com,Male,$895740.48,861404242,IT
683,Gherardo,Lalonde,glalondeiy@furl.net,Male,$359473.93,468958754,CC
684,Sophi,Hambers,shambersiz@123-reg.co.uk,Female,$783005.31,10211725,CC
685,Avictor,Buret,aburetj0@sourceforge.net,Male,$763801.22,863968256,PP
686,Brigitte,Ganderton,bgandertonj1@bizjournals.com,Female,$653403.46,51710810,CC
687,Stu,Innwood,sinnwoodj2@usgs.gov,Male,$464624.03,871843912,PP
688,Ginni,Janek,gjanekj3@dot.gov,Female,$788353.94,264068944,IT
689,Ann,Strowlger,astrowlgerj4@yahoo.com,Female,$124893.26,629215161,PP
690,Lainey,Bonehill,lbonehillj5@hao123.com,Female,$824406.51,295487652,CC
691,Claretta,Timberlake,ctimberlakej6@adobe.com,Female,$270182.15,584139227,PP
692,Emelen,Membry,emembryj7@spiegel.de,Male,$580266.86,991390591,CC
693,Friedrich,Kennefick,fkennefickj8@360.cn,Male,$283211.98,161234927,CC
694,Ashien,Snarie,asnariej9@icq.com,Female,$568441.85,100954521,PP
695,Di,Kingzeth,dkingzethja@hhs.gov,Female,$431458.58,747189537,CC
696,Ingamar,Pryde,iprydejb@github.com,Male,$494033.63,687923490,CC
697,Richmound,Boylan,rboylanjc@marketwatch.com,Male,$789964.29,715967035,CC
698,Sallie,Kennan,skennanjd@businessinsider.com,Female,$678450.42,1011141741,CC
699,Natalina,Wavish,nwavishje@alexa.com,Female,$613753.46,26041369,IT
700,Devon,Tupper,dtupperjf@oakley.com,Female,$358705.65,262886942,IT
701,Andy,Goulder,agoulderjg@i2i.jp,Male,$250824.63,197173807,CC
702,Orlan,Chinge de Hals,ochingedehalsjh@etsy.com,Male,$847850.79,847628339,PP
703,Farlee,Moss,fmossji@dyndns.org,Male,$883047.29,876014933,CC
704,Haydon,Follos,hfollosjj@home.pl,Male,$545686.27,26991483,PP
705,Lucy,Markos,lmarkosjk@ucoz.ru,Female,$744606.36,798299268,CC
706,Ashla,Allsworth,aallsworthjl@wikimedia.org,Female,$543837.02,1001277240,CC
707,Tarra,Fearnall,tfearnalljm@goo.ne.jp,Female,$260587.92,856304487,PP
708,Waite,Lyptratt,wlyptrattjn@google.com.au,Male,$557205.45,40885516,PP
709,Giordano,Mackilpatrick,gmackilpatrickjo@wix.com,Male,$339916.36,279906644,PP
710,Dominic,Drewitt,ddrewittjp@sitemeter.com,Male,$169891.84,459223137,PP
711,Millie,Lynthal,mlynthaljq@cbsnews.com,Female,$710323.57,784696109,CC
712,Priscilla,Creggan,pcregganjr@unesco.org,Female,$115370.65,450729602,PP
713,Nikolaus,Jaulme,njaulmejs@imgur.com,Male,$866569.88,237177055,PP
714,Flossie,Raith,fraithjt@xrea.com,Female,$547886.10,913916998,PP
715,Idalia,Cholonin,icholoninju@miibeian.gov.cn,Female,$795211.45,576250484,IT
716,Blanch,Halt,bhaltjv@home.pl,Female,$102953.68,883502998,IT
717,Kylynn,Sailor,ksailorjw@youtu.be,Female,$374281.07,841904170,IT
718,Budd,Piccard,bpiccardjx@blogger.com,Male,$928618.85,323909262,PP
719,Therine,Mulder,tmulderjy@bluehost.com,Female,$300260.96,619447413,IT
720,Christoffer,Yurinov,cyurinovjz@webmd.com,Male,$973851.55,262116315,CC
721,Bernie,Tapscott,btapscottk0@hao123.com,Male,$680217.49,77276442,PP
722,Levy,Braybrooks,lbraybrooksk1@paypal.com,Male,$125517.25,111483995,PP
723,Laura,Railton,lrailtonk2@phpbb.com,Female,$368312.39,170815888,PP
724,Micky,Colvill,mcolvillk3@bing.com,Male,$216674.82,993983235,PP
725,Cyrille,Halm,chalmk4@answers.com,Male,$211485.78,993600220,PP
726,Nanice,Muck,nmuckk5@multiply.com,Female,$896408.98,318949177,PP
727,Ty,Argue,targuek6@cam.ac.uk,Male,$319623.56,298999024,IT
728,Anet,De Vile,adevilek7@slashdot.org,Female,$202658.19,94786897,IT
729,Myrta,Tolmie,mtolmiek8@newyorker.com,Female,$553125.19,690162392,IT
730,Gwenore,McElhargy,gmcelhargyk9@t-online.de,Female,$187321.09,515442579,CC
731,Rosie,Anthonsen,ranthonsenka@businessweek.com,Female,$147525.59,998628722,PP
732,Aloysius,Kolis,akoliskb@vinaora.com,Male,$729713.76,871962059,PP
733,Rosaline,Clearie,rcleariekc@instagram.com,Female,$935374.97,768484590,CC
734,Mildred,Shrubshall,mshrubshallkd@phoca.cz,Female,$643009.95,31448590,IT
735,Cherey,Matczak,cmatczakke@princeton.edu,Female,$618254.14,560117299,CC
736,Stesha,Orteu,sorteukf@123-reg.co.uk,Female,$185753.40,294378685,CC
737,Homere,Macoun,hmacounkg@shop-pro.jp,Male,$577018.77,95713622,IT
738,Heida,Cicculini,hcicculinikh@google.cn,Female,$659046.02,134469896,CC
739,Myrtia,Paley,mpaleyki@cnn.com,Female,$419193.46,244705665,IT
740,Dalston,Craufurd,dcraufurdkj@weibo.com,Male,$732435.14,193947665,PP
741,Teresita,Lamerton,tlamertonkk@last.fm,Female,$677425.47,640194862,IT
742,Caryl,Wattinham,cwattinhamkl@cnn.com,Female,$557979.64,337939635,IT
743,Bernhard,Rubi,brubikm@w3.org,Male,$993120.73,698773099,CC
744,Vincents,Crompton,vcromptonkn@free.fr,Male,$217134.71,188205204,PP
745,Gasparo,Curnok,gcurnokko@technorati.com,Male,$685272.05,799659045,CC
746,Reynold,Craigheid,rcraigheidkp@xing.com,Male,$348688.35,55901215,CC
747,Ada,Hakewell,ahakewellkq@nifty.com,Female,$975645.97,549424364,CC
748,Rudolfo,Boncore,rboncorekr@mapy.cz,Male,$329297.32,66497338,IT
749,Arluene,Uphill,auphillks@nationalgeographic.com,Female,$858061.30,44391770,IT
750,Cassey,Linham,clinhamkt@flickr.com,Female,$599410.41,581504365,CC
751,Rafaelia,Goldsbrough,rgoldsbroughku@livejournal.com,Female,$393517.12,610039240,CC
752,Udale,Zanassi,uzanassikv@sourceforge.net,Male,$879917.10,1020000366,IT
753,Pablo,Garrique,pgarriquekw@com.com,Male,$261779.70,226823086,CC
754,Demetre,Lorkings,dlorkingskx@yahoo.com,Male,$588476.87,214472011,PP
755,Engracia,Samples,esamplesky@seattletimes.com,Female,$865057.59,236996238,PP
756,Lanette,Slevin,lslevinkz@virginia.edu,Female,$280365.36,687820647,CC
757,Kelwin,Blodgett,kblodgettl0@washingtonpost.com,Male,$800237.90,597148118,IT
758,Kaja,Barczynski,kbarczynskil1@mlb.com,Female,$165517.89,270725040,CC
759,Cobbie,Khidr,ckhidrl2@timesonline.co.uk,Male,$706470.35,620256296,CC
760,Darnall,Floyde,dfloydel3@nifty.com,Male,$401600.58,88001542,PP
761,Nikolaus,Oakland,noaklandl4@census.gov,Male,$625819.46,688188447,PP
762,Patrick,Claybourne,pclaybournel5@epa.gov,Male,$928510.44,758716861,PP
763,Honoria,Penswick,hpenswickl6@shinystat.com,Female,$448918.67,87498372,IT
764,Carlen,Skingle,cskinglel7@army.mil,Female,$899469.94,1044822919,CC
765,Catherin,Sekulla,csekullal8@dedecms.com,Female,$446827.59,917085558,CC
766,Vallie,Babalola,vbabalolal9@slashdot.org,Female,$935512.64,352754976,CC
767,Amity,Fallanche,afallanchela@uol.com.br,Female,$522458.41,235367540,PP
768,Reina,Klauber,rklauberlb@yellowbook.com,Female,$683796.27,625967870,CC
769,Alexandra,Medgwick,amedgwicklc@china.com.cn,Female,$487912.76,56715972,PP
770,Ynez,Carvell,ycarvellld@aboutads.info,Female,$376651.20,508787652,IT
771,Christoph,Wolfendale,cwolfendalele@trellian.com,Male,$585839.19,827453608,PP
772,Kari,Gouch,kgouchlf@google.pl,Female,$579490.83,623066445,IT
773,Hildegaard,Haberjam,hhaberjamlg@virginia.edu,Female,$531121.06,348739628,PP
774,Culver,Enrique,cenriquelh@mtv.com,Male,$338062.00,779776747,CC
775,Rickie,Bulle,rbulleli@disqus.com,Female,$402038.69,172625337,IT
776,Davey,Spinas,dspinaslj@aol.com,Male,$533022.12,216225569,IT
777,Corie,Gepp,cgepplk@rediff.com,Female,$836838.56,285671411,IT
778,Daniel,Illidge,dillidgell@loc.gov,Male,$124843.28,120106513,IT
779,Lind,Demanche,ldemanchelm@yellowbook.com,Male,$701571.47,285146839,IT
780,Gigi,Gainseford,ggainsefordln@nasa.gov,Female,$444928.10,927602250,CC
781,Frederique,Canizares,fcanizareslo@cnbc.com,Female,$357931.49,654008571,IT
782,Bernadene,Tremellier,btremellierlp@163.com,Female,$106128.69,26842407,CC
783,Evangelina,Culy,eculylq@clickbank.net,Female,$204462.31,155234788,CC
784,Marcus,Hanshawe,mhanshawelr@usgs.gov,Male,$612963.03,434374015,PP
785,Sandy,Pirot,spirotls@ebay.com,Male,$105860.02,539992617,CC
786,Abbott,Pratley,apratleylt@hatena.ne.jp,Male,$602902.36,955600727,IT
787,Brittani,Murrum,bmurrumlu@bizjournals.com,Female,$262807.83,444842325,IT
788,Bren,Luxford,bluxfordlv@bizjournals.com,Male,$996413.20,37435984,IT
789,Jermayne,Eley,jeleylw@ucoz.ru,Male,$564822.64,937110682,PP
790,Rudolf,Mayou,rmayoulx@aol.com,Male,$700099.88,200198619,PP
791,Walton,Castello,wcastelloly@list-manage.com,Male,$397397.28,951217072,IT
792,Clareta,Bullan,cbullanlz@cam.ac.uk,Female,$365808.63,862053494,CC
793,Ruttger,O'Devey,rodeveym0@instagram.com,Male,$614575.18,403746689,PP
794,Celine,Pechacek,cpechacekm1@addthis.com,Female,$331041.36,241332776,CC
795,Nikki,Bavidge,nbavidgem2@webmd.com,Male,$284544.56,941179637,IT
796,Breena,Tatteshall,btatteshallm3@dmoz.org,Female,$320061.43,546516168,CC
797,Reggie,Keays,rkeaysm4@a8.net,Male,$937834.25,1034801343,IT
798,Marty,Carabine,mcarabinem5@infoseek.co.jp,Female,$845796.19,242349149,PP
799,Jenelle,Kite,jkitem6@weebly.com,Female,$975888.88,311152939,IT
800,Joane,Malone,jmalonem7@va.gov,Female,$868957.90,778497552,IT
801,Ellene,Hardware,ehardwarem8@symantec.com,Female,$413326.65,622067874,PP
802,Jillene,Coppo,jcoppom9@flickr.com,Female,$370241.68,46380029,IT
803,Troy,Petrasch,tpetraschma@liveinternet.ru,Male,$521840.64,508888560,IT
804,Brian,Ricart,bricartmb@tamu.edu,Male,$453744.11,448897798,PP
805,Corbet,Van Hove,cvanhovemc@businesswire.com,Male,$300821.59,524138380,CC
806,Amanda,Bettison,abettisonmd@irs.gov,Female,$501605.70,1037702251,IT
807,Giraud,Corck,gcorckme@bluehost.com,Male,$357486.11,967071091,CC
808,Wilhelm,Hinsche,whinschemf@abc.net.au,Male,$866166.92,231589646,CC
809,Samaria,Belly,sbellymg@themeforest.net,Female,$227971.81,867594401,IT
810,Lena,Pellissier,lpellissiermh@aboutads.info,Female,$524668.59,186212054,CC
811,Teriann,Sharple,tsharplemi@youtu.be,Female,$863106.96,792040226,CC
812,Cosette,Langer,clangermj@google.pl,Female,$520662.54,1043194708,IT
813,Dav,Chsteney,dchsteneymk@aol.com,Male,$233470.21,118739448,CC
814,Hertha,Sivell,hsivellml@cyberchimps.com,Female,$530391.10,1004927412,CC
815,Hatty,Danaher,hdanahermm@ameblo.jp,Female,$212410.93,773933431,PP
816,Harli,Henningham,hhenninghammn@live.com,Female,$834957.05,85881032,PP
817,Vita,Dayes,vdayesmo@t-online.de,Female,$799008.83,93225087,CC
818,Melisenda,Corkett,mcorkettmp@twitpic.com,Female,$332627.85,19859150,CC
819,Garrard,Kane,gkanemq@sogou.com,Male,$485007.65,709219299,CC
820,Gregoor,Mulbery,gmulberymr@vimeo.com,Male,$447002.87,490140922,CC
821,Jerrold,Ratt,jrattms@163.com,Male,$209250.68,456051185,IT
822,Gar,Gligori,ggligorimt@uiuc.edu,Male,$689575.49,520071054,IT
823,Reiko,Torra,rtorramu@narod.ru,Female,$523761.33,195630324,PP
824,Gerome,Petrushka,gpetrushkamv@cocolog-nifty.com,Male,$122887.25,831309890,PP
825,Dick,Berrigan,dberriganmw@wikia.com,Male,$103078.30,624387431,PP
826,Odilia,Flanne,oflannemx@yahoo.com,Female,$368504.79,896354104,CC
827,Chico,Jurkiewicz,cjurkiewiczmy@un.org,Male,$924100.50,208548513,PP
828,Krysta,Falvey,kfalveymz@cbc.ca,Female,$645214.94,990962586,CC
829,Garrick,Vlasenko,gvlasenkon0@baidu.com,Male,$923769.94,550988039,CC
830,Bone,Lyne,blynen1@bbb.org,Male,$336544.98,779842635,PP
831,Concordia,Rippen,crippenn2@weibo.com,Female,$891656.19,83545266,PP
832,Addy,Dunkerly,adunkerlyn3@infoseek.co.jp,Female,$376102.17,901065646,PP
833,Zorana,Chilles,zchillesn4@google.pl,Female,$421356.37,893346533,CC
834,Kennith,Hollerin,khollerinn5@printfriendly.com,Male,$788632.51,350170000,IT
835,Egbert,Bolt,eboltn6@a8.net,Male,$135397.38,320317228,CC
836,Lelah,Nowill,lnowilln7@wordpress.com,Female,$516522.58,941885700,PP
837,Vonnie,Potzold,vpotzoldn8@mysql.com,Female,$297420.81,913029562,IT
838,Jules,Muirden,jmuirdenn9@miitbeian.gov.cn,Male,$132114.38,931549228,IT
839,Lamond,Saice,lsaicena@goo.gl,Male,$585263.60,105556360,CC
840,Jamey,Ashling,jashlingnb@marriott.com,Male,$396905.00,249612120,PP
841,Derick,Lapish,dlapishnc@1688.com,Male,$870033.34,741310553,PP
842,Ralf,Baswall,rbaswallnd@businessinsider.com,Male,$487264.30,356845683,PP
843,Rudolfo,Loakes,rloakesne@webmd.com,Male,$552335.32,580347718,CC
844,Boigie,Gatman,bgatmannf@dailymail.co.uk,Male,$511316.98,285605173,PP
845,Miran,Biddwell,mbiddwellng@patch.com,Female,$938880.05,148505028,CC
846,Kendell,Petrasso,kpetrassonh@phpbb.com,Male,$662686.52,625704802,PP
847,Arabel,Benzie,abenzieni@youtube.com,Female,$824811.49,547126941,PP
848,Patrick,Robiou,probiounj@prweb.com,Male,$632478.17,619436650,IT
849,Rance,Parkey,rparkeynk@github.io,Male,$784096.54,499668109,PP
850,Katerina,Vitall,kvitallnl@upenn.edu,Female,$753233.41,978506770,CC
851,Olva,Edyson,oedysonnm@oaic.gov.au,Female,$195865.40,16889303,IT
852,Bat,Crowder,bcrowdernn@twitter.com,Male,$918515.26,621803410,IT
853,Marcos,Best,mbestno@flavors.me,Male,$899544.03,1027143346,PP
854,Alameda,Sweed,asweednp@discovery.com,Female,$749008.87,970568488,PP
855,Mike,Toppas,mtoppasnq@army.mil,Male,$658753.56,356254490,CC
856,Olga,Bartolijn,obartolijnnr@merriam-webster.com,Female,$602397.07,141579595,CC
857,Benson,Seally,bseallyns@geocities.jp,Male,$869834.81,826821334,IT
858,Calhoun,Gatchell,cgatchellnt@histats.com,Male,$588507.68,20405472,CC
859,Otis,Giottini,ogiottininu@statcounter.com,Male,$938899.01,812991691,CC
860,Heall,Deason,hdeasonnv@mediafire.com,Male,$146880.43,428353838,IT
861,Hayden,Collimore,hcollimorenw@purevolume.com,Male,$786186.91,543625220,IT
862,Roscoe,Fairbourne,rfairbournenx@cocolog-nifty.com,Male,$798083.97,389126338,CC
863,Layney,McLoney,lmcloneyny@psu.edu,Female,$660165.00,662898326,CC
864,Diahann,Filyashin,dfilyashinnz@eepurl.com,Female,$260963.41,581217260,CC
865,Frederigo,Bowser,fbowsero0@google.it,Male,$682034.02,77429628,CC
866,Zollie,Creak,zcreako1@guardian.co.uk,Male,$364121.96,374998413,PP
867,Inger,Wyon,iwyono2@nymag.com,Male,$402637.25,408750268,CC
868,Emeline,Stuchburie,estuchburieo3@reddit.com,Female,$162599.76,96284968,PP
869,Kennan,Puig,kpuigo4@sfgate.com,Male,$533216.12,451670309,PP
870,Bryant,Mawne,bmawneo5@techcrunch.com,Male,$159846.66,864669482,PP
871,Demetre,Chataignier,dchataigniero6@senate.gov,Male,$907991.09,492193361,IT
872,Foss,Lorkings,florkingso7@t-online.de,Male,$378226.63,337931937,CC
873,Briney,Ranklin,branklino8@aboutads.info,Female,$380954.92,590464744,IT
874,Etheline,Pridgeon,epridgeono9@tumblr.com,Female,$540940.17,837629554,PP
875,Jermaine,Lahrs,jlahrsoa@youku.com,Female,$889277.27,157500352,CC
876,Wells,Cours,wcoursob@un.org,Male,$586863.62,783870971,PP
877,Cammy,Cartmail,ccartmailoc@comsenz.com,Female,$678442.11,85572759,CC
878,Brien,Plampin,bplampinod@rambler.ru,Male,$299411.71,193071949,IT
879,Templeton,Wimlett,twimlettoe@360.cn,Male,$858548.73,756768106,IT
880,Dorella,Badger,dbadgerof@youtube.com,Female,$666221.23,267968226,CC
881,Waring,Jain,wjainog@goo.ne.jp,Male,$967308.14,512104568,IT
882,Franklin,Sollars,fsollarsoh@ihg.com,Male,$144420.52,455657640,IT
883,Paulo,Flemming,pflemmingoi@skyrock.com,Male,$495708.92,282753592,CC
884,Augusta,Dawber,adawberoj@vimeo.com,Female,$888358.40,26703828,IT
885,Padgett,Coldman,pcoldmanok@arizona.edu,Male,$989037.46,492594243,PP
886,Jerri,Nestoruk,jnestorukol@booking.com,Male,$197272.89,912087382,CC
887,Raquela,Snelgrove,rsnelgroveom@devhub.com,Female,$725128.02,519643003,IT
888,Trueman,Scolding,tscoldingon@tumblr.com,Male,$677565.07,1020468395,IT
889,Montgomery,Torricella,mtorricellaoo@yellowbook.com,Male,$787787.93,691067362,IT
890,Katya,Lurriman,klurrimanop@instagram.com,Female,$799897.44,503660609,IT
891,Lilith,Miko,lmikooq@dmoz.org,Female,$722164.61,579611114,PP
892,Addi,Crampin,acrampinor@amazon.de,Female,$491981.90,814572928,PP
893,Drusy,Nutbeam,dnutbeamos@imdb.com,Female,$130869.59,907708129,PP
894,Norry,Perroni,nperroniot@umich.edu,Male,$798158.28,519054315,IT
895,Pippy,Geistbeck,pgeistbeckou@nbcnews.com,Female,$844568.35,669041892,CC
896,Chic,Lossman,clossmanov@surveymonkey.com,Male,$950789.57,1002405423,IT
897,Freeland,Furminger,ffurmingerow@geocities.jp,Male,$183237.14,464956239,IT
898,Sheffy,Blackleech,sblackleechox@sbwire.com,Male,$517709.00,352496494,PP
899,Nickolaus,Mila,nmilaoy@java.com,Male,$209620.32,1032612646,PP
900,Del,Avis,davisoz@howstuffworks.com,Male,$817168.77,494552732,CC
901,Farra,Laverick,flaverickp0@sohu.com,Female,$730490.93,935054642,PP
902,Renaldo,Stanton,rstantonp1@bbb.org,Male,$186204.80,721026295,CC
903,Orson,Hargreaves,ohargreavesp2@so-net.ne.jp,Male,$411019.12,899196919,CC
904,Vicki,Kiddle,vkiddlep3@tuttocitta.it,Female,$569834.33,343046614,IT
905,Abelard,Worrill,aworrillp4@cnn.com,Male,$170010.73,1015109408,CC
906,Alon,Accomb,aaccombp5@admin.ch,Male,$115329.60,697449859,CC
907,Hallsy,Siddons,hsiddonsp6@dagondesign.com,Male,$749816.45,329209715,CC
908,Bourke,Node,bnodep7@livejournal.com,Male,$722066.94,472743225,IT
909,Julita,Wadeson,jwadesonp8@google.fr,Female,$474726.35,450251902,IT
910,Hilda,Jansens,hjansensp9@macromedia.com,Female,$978051.17,169744289,PP
911,Aurlie,Weavill,aweavillpa@wordpress.org,Female,$923917.15,143741424,PP
912,Alfonse,Halfhide,ahalfhidepb@mlb.com,Male,$637127.76,599845448,IT
913,Kinny,Greenside,kgreensidepc@prnewswire.com,Male,$855232.84,536731191,IT
914,Gav,Inkster,ginksterpd@addtoany.com,Male,$883004.74,97072854,PP
915,Bessy,Burbank,bburbankpe@mail.ru,Female,$729740.51,679182302,PP
916,Buckie,Dinwoodie,bdinwoodiepf@elpais.com,Male,$755776.66,344128611,IT
917,Ariella,Hehl,ahehlpg@ted.com,Female,$256445.23,792440708,CC
918,Humfrey,Labbet,hlabbetph@pinterest.com,Male,$178162.32,825576426,PP
919,Jens,Callard,jcallardpi@xing.com,Male,$420964.31,995668267,CC
920,Darrel,Goggey,dgoggeypj@nytimes.com,Male,$677769.29,773200491,IT
921,Tabina,Alderwick,talderwickpk@homestead.com,Female,$696526.46,717857508,CC
922,Gib,Annes,gannespl@microsoft.com,Male,$214725.98,982444807,IT
923,Waldo,Birdall,wbirdallpm@cocolog-nifty.com,Male,$309541.47,315089210,IT
924,Tucker,Ridges,tridgespn@redcross.org,Male,$283146.31,502633386,CC
925,Amalea,Franzen,afranzenpo@mlb.com,Female,$175082.49,450921804,CC
926,Lauraine,Denson,ldensonpp@cdbaby.com,Female,$474792.53,664727749,IT
927,Shae,Canavan,scanavanpq@sogou.com,Male,$145577.60,481353225,IT
928,Noelyn,Antonoyev,nantonoyevpr@examiner.com,Female,$916143.36,913022144,IT
929,Roderich,Alberti,ralbertips@i2i.jp,Male,$477778.74,555560719,IT
930,Gan,Leeburne,gleeburnept@umn.edu,Male,$719883.29,144595554,CC
931,Darryl,Guion,dguionpu@icio.us,Female,$898025.24,208888364,IT
932,Bengt,Cusick,bcusickpv@istockphoto.com,Male,$564905.22,328260041,CC
933,Amanda,Deftie,adeftiepw@addtoany.com,Female,$586890.31,284008964,CC
934,Bradford,Loveday,blovedaypx@state.tx.us,Male,$253785.04,386994315,CC
935,Mattias,Carrick,mcarrickpy@wp.com,Male,$958695.89,470381308,IT
936,Caron,Armfield,carmfieldpz@earthlink.net,Female,$287124.57,826627237,CC
937,Orel,Soper,osoperq0@loc.gov,Female,$553349.09,225865893,CC
938,Adriane,Brusby,abrusbyq1@tuttocitta.it,Female,$466647.88,501024354,PP
939,Abby,Summerlad,asummerladq2@techcrunch.com,Male,$548991.85,683269836,CC
940,Karon,Buxsey,kbuxseyq3@bluehost.com,Female,$185434.84,164777398,CC
941,Auberta,Bassham,abasshamq4@gnu.org,Female,$462625.08,23756888,CC
942,Tana,Sifleet,tsifleetq5@nifty.com,Female,$911280.32,247578045,IT
943,Hildagard,Strognell,hstrognellq6@sphinn.com,Female,$232499.73,441968652,CC
944,Ingram,Shurmore,ishurmoreq7@eepurl.com,Male,$287806.57,522669239,IT
945,Bonny,Siaskowski,bsiaskowskiq8@dropbox.com,Female,$717004.94,749706139,IT
946,Carlie,Cominetti,ccominettiq9@earthlink.net,Female,$719191.78,39197166,CC
947,Laurene,Hutchcraft,lhutchcraftqa@flavors.me,Female,$650573.17,909831722,IT
948,Perry,Fredi,pfrediqb@miitbeian.gov.cn,Male,$634192.68,396152675,CC
949,Jay,Pasquale,jpasqualeqc@archive.org,Male,$807492.20,313189897,PP
950,Marv,Tweedell,mtweedellqd@irs.gov,Male,$109915.40,792006332,IT
951,Vassily,Tonbridge,vtonbridgeqe@ed.gov,Male,$721280.25,315659000,IT
952,Veradis,Raffels,vraffelsqf@hugedomains.com,Female,$370336.37,962811397,IT
953,Rollin,Kordes,rkordesqg@reference.com,Male,$786511.86,681939781,IT
954,Modesty,Austick,maustickqh@time.com,Female,$581686.47,599236142,PP
955,Ephraim,Mullane,emullaneqi@i2i.jp,Male,$668014.33,321856730,IT
956,Ingemar,Walworth,iwalworthqj@hud.gov,Male,$321867.55,1040451067,CC
957,Barbara,Ibbison,bibbisonqk@java.com,Female,$745335.95,492763709,IT
958,Hermione,Godbald,hgodbaldql@kickstarter.com,Female,$985468.33,649727730,IT
959,Yancey,Ablott,yablottqm@economist.com,Male,$120722.84,1014263406,IT
960,Jeno,Terne,jterneqn@springer.com,Male,$735420.38,126018469,PP
961,Minda,Choat,mchoatqo@sohu.com,Female,$330908.89,830918585,CC
962,Welch,Colbourn,wcolbournqp@webeden.co.uk,Male,$168646.37,83937176,CC
963,Ginny,Sartain,gsartainqq@nyu.edu,Female,$759198.70,346999607,PP
964,Audi,Barbera,abarberaqr@twitter.com,Female,$143088.41,762608256,CC
965,Mariel,Gutch,mgutchqs@dell.com,Female,$691114.62,696493093,IT
966,Augustine,Cail,acailqt@naver.com,Female,$131317.86,739201056,PP
967,Culley,Summersby,csummersbyqu@amazon.de,Male,$231273.72,41341057,CC
968,Rosabel,Soigne,rsoigneqv@cornell.edu,Female,$611184.60,562589584,CC
969,Dominique,Hauger,dhaugerqw@sun.com,Male,$380390.35,638681524,IT
970,Wynnie,Le Ball,wleballqx@wikia.com,Female,$144743.90,844514623,PP
971,Merralee,Jowling,mjowlingqy@people.com.cn,Female,$893526.08,666254014,IT
972,Doloritas,Syphas,dsyphasqz@paypal.com,Female,$946333.61,167763400,PP
973,Arny,Zmitrichenko,azmitrichenkor0@amazon.com,Male,$905001.95,772398630,CC
974,Courtney,Howlett,chowlettr1@go.com,Female,$102099.55,328255306,CC
975,Mead,Belchambers,mbelchambersr2@washington.edu,Female,$227352.11,111973391,CC
976,Rowena,Dybell,rdybellr3@reddit.com,Female,$284540.71,756004781,CC
977,Stanwood,Klaessen,sklaessenr4@nydailynews.com,Male,$637043.12,244794387,PP
978,Ainslee,Danilenko,adanilenkor5@guardian.co.uk,Female,$316269.83,94792290,IT
979,Gino,Platfoot,gplatfootr6@zimbio.com,Male,$583573.75,873954756,IT
980,Derwin,Meininger,dmeiningerr7@smugmug.com,Male,$133839.88,437277497,PP
981,Marvin,Yedy,myedyr8@psu.edu,Male,$377530.42,519059785,PP
982,Lowe,Revie,lrevier9@sbwire.com,Male,$819284.62,819799659,IT
983,Giffard,Spadeck,gspadeckra@ucla.edu,Male,$694249.71,544376687,CC
984,Stephanus,Ankers,sankersrb@mapquest.com,Male,$492128.14,1010121134,PP
985,Melany,Nevison,mnevisonrc@symantec.com,Female,$887770.90,263937492,IT
986,Richie,Burrell,rburrellrd@abc.net.au,Male,$843959.61,942894662,PP
987,Margit,De Fraine,mdefrainere@cbsnews.com,Female,$370742.95,606222991,CC
988,Nicolas,Pentony,npentonyrf@networksolutions.com,Male,$713689.17,115408432,IT
989,Maye,Chaudret,mchaudretrg@illinois.edu,Female,$785834.26,906561016,PP
990,Zarah,Knutton,zknuttonrh@hatena.ne.jp,Female,$925563.65,777667792,IT
991,Madelyn,Simmonett,msimmonettri@vistaprint.com,Female,$292550.93,302242424,IT
992,Ginny,Winscum,gwinscumrj@pinterest.com,Female,$980031.58,232399168,IT
993,Matthias,Dalyell,mdalyellrk@is.gd,Male,$422348.37,229061713,CC
994,Madelyn,Kybird,mkybirdrl@lycos.com,Female,$752726.96,829206215,PP
995,Andres,Valentinetti,avalentinettirm@nhs.uk,Male,$322042.79,469172880,IT
996,Arlette,Bugbee,abugbeern@buzzfeed.com,Female,$431113.89,187339854,IT
997,Verge,Wilshin,vwilshinro@goo.gl,Male,$996279.73,614946369,PP
998,Wakefield,Arnolds,warnoldsrp@home.pl,Male,$285012.64,205857007,IT
999,Brandtr,Verey,bvereyrq@miitbeian.gov.cn,Male,$310626.27,952291014,PP
1000,Beale,Towsey,btowseyrr@mtv.com,Male,$270515.18,113593684,PP
