id,nombre,apellido,email,genero,valor_tx,numero_identificacion,tipo_identificacion
1,Nathalie,Chesterton,nchesterton0@wikispaces.com,Female,$245548.80,602861105,IT
2,Lyndsay,Chaffe,lchaffe1@tuttocitta.it,Female,$345778.44,696093216,PP
3,Modestia,Petcher,mpetcher2@unblog.fr,Female,$496971.53,482918656,PP
4,Ariel,Burdon,aburdon3@theatlantic.com,Female,$475806.35,51019046,IT
5,Fraser,Chisolm,fchisolm4@newyorker.com,Male,$256991.41,1025995363,PP
6,Todd,Andrzejczak,tandrzejczak5@yolasite.com,Male,$915896.92,109712232,PP
7,Freddie,Leed,fleed6@nhs.uk,Male,$277881.28,917965223,CC
8,Jerrold,Finder,jfinder7@tmall.com,Male,$819971.56,635883616,CC
9,Farrand,Barock,fbarock8@jugem.jp,Female,$539480.40,548924315,CC
10,Elinore,Revie,erevie9@archive.org,Female,$589163.35,282149224,IT
11,Charlena,Edgeson,cedgesona@smugmug.com,Female,$492792.96,693095605,CC
12,Jay,Fontenot,jfontenotb@bizjournals.com,Male,$805638.93,615718882,CC
13,Ariel,Mellsop,amellsopc@uol.com.br,Male,$215768.86,150611232,IT
14,Jenda,Skittreal,jskittreald@github.com,Female,$498007.35,798843157,CC
15,Eric,Weathey,eweatheye@sfgate.com,Male,$239453.54,730948280,CC
16,Guillermo,Ricson,gricsonf@nifty.com,Male,$413558.61,966973577,PP
17,Lewie,Laurens,llaurensg@networkadvertising.org,Male,$803887.45,192514632,PP
18,Zaccaria,Perrottet,zperrotteth@slideshare.net,Male,$348528.35,432690293,IT
19,Jose,Dessent,jdessenti@nature.com,Male,$548432.93,327261901,PP
20,Anneliese,Gillion,agillionj@last.fm,Female,$329806.79,888396623,PP
21,Raquela,Portwain,rportwaink@si.edu,Female,$423687.43,406868739,IT
22,Daffie,Mays,dmaysl@shareasale.com,Female,$118767.03,837078518,CC
23,Cordie,Bavester,cbavesterm@sohu.com,Male,$901224.93,674868331,CC
24,Hadria,Laba,hlaban@va.gov,Female,$583996.31,346825586,PP
25,Lynna,Stowte,lstowteo@globo.com,Female,$707450.98,1044721368,PP
26,Eugene,Pettegree,epettegreep@123-reg.co.uk,Male,$602517.10,668752458,IT
27,Tobe,Pawlicki,tpawlickiq@slideshare.net,Female,$141534.18,76762193,PP
28,Vania,Pietrusiak,vpietrusiakr@dyndns.org,Female,$997490.78,823789893,PP
29,Tymothy,Jopke,tjopkes@devhub.com,Male,$927322.22,586323345,IT
30,Moises,Kilty,mkiltyt@edublogs.org,Male,$873244.81,490338533,PP
31,Caz,Backshill,cbackshillu@rediff.com,Male,$309493.51,607997498,IT
32,Micky,Didsbury,mdidsburyv@house.gov,Male,$403826.14,456473411,IT
33,Maribeth,Lamshead,mlamsheadw@freewebs.com,Female,$298596.59,557029669,PP
34,Israel,Spilsbury,ispilsburyx@geocities.com,Male,$931350.86,480806641,PP
35,Cirillo,Bolton,cboltony@youku.com,Male,$117259.00,568494288,CC
36,Bern,Bullier,bbullierz@ca.gov,Male,$531956.78,274822248,CC
37,Ethelind,Crandon,ecrandon10@github.io,Female,$169902.62,81715930,PP
38,Augustina,Eason,aeason11@printfriendly.com,Female,$291811.94,634661233,CC
39,Vaughn,Hayth,vhayth12@gov.uk,Male,$305599.34,872371843,CC
40,Joshuah,Stigell,jstigell13@samsung.com,Male,$397385.93,143789963,CC
41,Marie,O'Finan,mofinan14@scientificamerican.com,Female,$606795.42,309028585,IT
42,York,Iczokvitz,yiczokvitz15@earthlink.net,Male,$734683.35,928278870,CC
43,Hoyt,Ullyatt,hullyatt16@e-recht24.de,Male,$431776.24,289763911,IT
44,Ramon,Jinkinson,rjinkinson17@examiner.com,Male,$408194.22,922153007,IT
45,Maddy,Boswood,mboswood18@wunderground.com,Male,$456006.16,455190930,CC
46,Jameson,Ackrill,jackrill19@cnet.com,Male,$433924.35,126108625,PP
47,Rodina,Baudins,rbaudins1a@diigo.com,Female,$443543.34,727829746,IT
48,Mathe,Adamczewski,madamczewski1b@tiny.cc,Male,$938462.12,937559627,PP
49,Jacklin,Folbige,jfolbige1c@blogs.com,Female,$746469.44,345929650,PP
50,Englebert,Gatecliffe,egatecliffe1d@cocolog-nifty.com,Male,$231033.86,530804365,IT
51,Lazar,McBrady,lmcbrady1e@examiner.com,Male,$730431.16,190453426,PP
52,Patricio,Drust,pdrust1f@surveymonkey.com,Male,$299728.39,381841151,PP
53,Marcelia,Camilli,mcamilli1g@nsw.gov.au,Female,$686658.42,459912907,PP
54,Marsh,Roxbrough,mroxbrough1h@bloglines.com,Male,$664815.40,663391147,PP
55,Morley,Kolis,mkolis1i@opera.com,Male,$565464.75,815937934,CC
56,Elbert,Maker,emaker1j@patch.com,Male,$814666.64,357760517,IT
57,Spense,MacPadene,smacpadene1k@instagram.com,Male,$500543.86,924565888,CC
58,Myrtice,Serot,mserot1l@ed.gov,Female,$900968.47,547617329,CC
59,Steffen,Vanin,svanin1m@51.la,Male,$246168.25,188452375,IT
60,Reina,Showen,rshowen1n@photobucket.com,Female,$373269.64,624502408,PP
61,Fulvia,O'Hdirscoll,fohdirscoll1o@bandcamp.com,Female,$358538.04,955199260,CC
62,Agnese,Pedder,apedder1p@mysql.com,Female,$850129.18,951623255,PP
63,Hollyanne,Havile,hhavile1q@digg.com,Female,$893282.93,554421219,IT
64,Dudley,Storch,dstorch1r@parallels.com,Male,$249260.70,743838891,CC
65,Bank,Sedgeworth,bsedgeworth1s@phoca.cz,Male,$452975.67,394694205,IT
66,Cristi,Iczokvitz,ciczokvitz1t@columbia.edu,Female,$428872.36,256719940,PP
67,Carmela,Sword,csword1u@g.co,Female,$624252.78,33908371,IT
68,Trudy,Drinkwater,tdrinkwater1v@amazon.de,Female,$661863.96,436525014,IT
69,Christian,Thunderman,cthunderman1w@narod.ru,Male,$253440.51,103378666,CC
70,Pavel,Kennelly,pkennelly1x@oracle.com,Male,$174264.98,73247801,PP
71,Fanny,Coatsworth,fcoatsworth1y@tmall.com,Female,$766292.45,864052297,IT
72,Fredi,Bricham,fbricham1z@yellowbook.com,Female,$297952.27,113319739,CC
73,Moritz,Ghidoli,mghidoli20@cyberchimps.com,Male,$132151.69,305716116,IT
74,Sig,Pitford,spitford21@sogou.com,Male,$231388.88,208610615,PP
75,Dev,McFeat,dmcfeat22@trellian.com,Male,$558780.86,426994730,IT
76,Dimitry,Sweeney,dsweeney23@amazon.co.jp,Male,$208171.63,624884577,CC
77,Myrvyn,Ellard,mellard24@rediff.com,Male,$167200.46,582642789,CC
78,Faunie,Klaiser,fklaiser25@xinhuanet.com,Female,$191466.69,299305124,CC
79,Dov,Champkin,dchampkin26@creativecommons.org,Male,$239300.74,701183077,CC
80,Raimundo,Hynde,rhynde27@amazon.com,Male,$869219.07,95717088,PP
81,Filmore,Bernaciak,fbernaciak28@oracle.com,Male,$554681.86,512974339,IT
82,Dyane,Desport,ddesport29@vkontakte.ru,Female,$497101.62,123608302,CC
83,Mickie,Hucker,mhucker2a@noaa.gov,Female,$982529.15,546088109,IT
84,Candi,Abbets,cabbets2b@umn.edu,Female,$166970.61,18521715,PP
85,Clemmie,Wackett,cwackett2c@addtoany.com,Female,$243043.00,592196938,PP
86,Valina,Pendlington,vpendlington2d@unicef.org,Female,$884754.16,832382818,IT
87,Babette,Drawmer,bdrawmer2e@dailymail.co.uk,Female,$894757.52,915167147,PP
88,Tulley,McAllester,tmcallester2f@mayoclinic.com,Male,$976824.32,723171906,CC
89,Stevana,Shakspeare,sshakspeare2g@163.com,Female,$157925.42,776325381,IT
90,Brigida,Valsler,bvalsler2h@shareasale.com,Female,$856253.47,400962974,CC
91,Marlane,Sleite,msleite2i@yale.edu,Female,$613371.49,676604400,PP
92,Aubrey,Bing,abing2j@networksolutions.com,Male,$446751.20,604212372,IT
93,Herschel,Weich,hweich2k@acquirethisname.com,Male,$365689.95,476398007,CC
94,Darlene,Hardington,dhardington2l@edublogs.org,Female,$205869.93,616340958,CC
95,Danila,Saltmarsh,dsaltmarsh2m@intel.com,Female,$979076.23,997414028,CC
96,Heddie,Tolomei,htolomei2n@surveymonkey.com,Female,$583839.78,952505047,PP
97,Reggi,Reichelt,rreichelt2o@4shared.com,Female,$837498.69,588499835,PP
98,See,Cayley,scayley2p@facebook.com,Male,$906634.36,539285694,IT
99,Rosabel,Calcott,rcalcott2q@hostgator.com,Female,$164191.09,319685992,CC
100,Levy,Clacey,lclacey2r@ocn.ne.jp,Male,$210122.66,891308270,CC
101,Lana,Fevier,lfevier2s@sourceforge.net,Female,$163221.03,463045680,CC
102,Barret,Huddart,bhuddart2t@clickbank.net,Male,$615671.03,930679882,IT
103,Agatha,Goldis,agoldis2u@bloomberg.com,Female,$672275.72,550731822,PP
104,Bird,Romagosa,bromagosa2v@over-blog.com,Female,$536483.72,303488368,CC
105,Myrwyn,Nornasell,mnornasell2w@canalblog.com,Male,$349515.75,416825036,PP
106,Florie,Gash,fgash2x@goo.ne.jp,Female,$182408.74,804877047,PP
107,Jaimie,Keepence,jkeepence2y@tripod.com,Male,$432201.33,116316335,PP
108,Sawyere,Nevison,snevison2z@twitpic.com,Male,$214352.91,203147282,CC
109,Orson,Dusting,odusting30@mapy.cz,Male,$204264.67,66443823,CC
110,Coralie,Lippett,clippett31@oakley.com,Female,$918875.92,45145022,CC
111,Tootsie,Watts,twatts32@mozilla.org,Female,$207403.65,642461443,PP
112,Tarrah,Bault,tbault33@fema.gov,Female,$494107.89,496334565,PP
113,Ebonee,Pepperrall,epepperrall34@bigcartel.com,Female,$697755.30,368928213,IT
114,Niels,Lamasna,nlamasna35@archive.org,Male,$131480.91,789066435,PP
115,Ellie,Gatteridge,egatteridge36@irs.gov,Female,$720196.04,994237690,CC
116,Hayden,Pleass,hpleass37@uiuc.edu,Male,$122483.50,606421714,IT
117,Zilvia,Doghartie,zdoghartie38@timesonline.co.uk,Female,$969529.36,736975000,PP
118,Harry,Lodeke,hlodeke39@epa.gov,Male,$634459.06,185948521,CC
119,Godfry,Gerner,ggerner3a@europa.eu,Male,$891302.46,470758001,IT
120,Myrtle,Norewood,mnorewood3b@paypal.com,Female,$151649.48,976199409,CC
121,Rockwell,Mathe,rmathe3c@is.gd,Male,$765743.41,782780166,PP
122,Kerk,Burge,kburge3d@pcworld.com,Male,$463314.86,683815925,IT
123,Juanita,Traynor,jtraynor3e@ucoz.ru,Female,$138442.85,416877270,IT
124,Kelbee,Thews,kthews3f@macromedia.com,Male,$267856.50,454071188,IT
125,Evan,Hoggins,ehoggins3g@wikipedia.org,Male,$923166.87,1029663148,IT
126,Carmencita,Goldthorpe,cgoldthorpe3h@msu.edu,Female,$606747.64,819840821,CC
127,Ophelia,Sudron,osudron3i@cbsnews.com,Female,$683307.96,705557058,PP
128,Cynthy,Theyer,ctheyer3j@moonfruit.com,Female,$901692.91,809793024,PP
129,Benjie,Cornilleau,bcornilleau3k@miibeian.gov.cn,Male,$853598.62,477985867,PP
130,Mead,Writer,mwriter3l@toplist.cz,Female,$743066.09,708663738,CC
131,Leigh,Davidoff,ldavidoff3m@pcworld.com,Male,$352988.94,768632110,IT
132,Devi,Lemmanbie,dlemmanbie3n@ebay.co.uk,Female,$130371.67,208988991,IT
133,Britteny,Grose,bgrose3o@imdb.com,Female,$143243.54,610433999,CC
134,Jodi,Petrescu,jpetrescu3p@merriam-webster.com,Female,$114983.46,901800805,CC
135,Harald,Mertin,hmertin3q@ucoz.com,Male,$942545.92,543931180,PP
136,Hall,Rodliff,hrodliff3r@elpais.com,Male,$416615.13,364618608,IT
137,Juliet,Birden,jbirden3s@techcrunch.com,Female,$742050.95,125137899,PP
138,Whitney,Christon,wchriston3t@discuz.net,Female,$808069.23,573695033,IT
139,Reine,McComas,rmccomas3u@webmd.com,Female,$785602.80,779358557,IT
140,Cesar,Roome,croome3v@soundcloud.com,Male,$499551.67,512120078,IT
141,Berton,Bittlestone,bbittlestone3w@cam.ac.uk,Male,$782335.89,326031042,IT
142,Gaby,Baggott,gbaggott3x@constantcontact.com,Female,$999019.26,462403189,PP
143,Arnaldo,McJarrow,amcjarrow3y@google.nl,Male,$946184.90,566492002,IT
144,Ibrahim,Filipputti,ifilipputti3z@plala.or.jp,Male,$643109.03,376626061,CC
145,Christopher,Codman,ccodman40@theglobeandmail.com,Male,$409647.77,459041603,IT
146,Jess,Bim,jbim41@google.fr,Male,$857424.44,629880117,CC
147,Dulcinea,todor,dtodor42@dion.ne.jp,Female,$359221.22,616432071,PP
148,Halie,Kenny,hkenny43@de.vu,Female,$196982.79,484478254,IT
149,Ansley,Sheehy,asheehy44@chron.com,Female,$542621.56,455571107,PP
150,Stanislas,Newcomen,snewcomen45@facebook.com,Male,$506824.28,98232899,IT
151,Benn,Wilkin,bwilkin46@nih.gov,Male,$351447.37,961720076,CC
152,Freddi,Caplin,fcaplin47@canalblog.com,Female,$421957.51,602074743,PP
153,Thibaud,Chatainier,tchatainier48@is.gd,Male,$837935.99,178209730,IT
154,Patrizia,Tolossi,ptolossi49@cornell.edu,Female,$631824.46,376169631,CC
155,Cheslie,Dono,cdono4a@amazon.co.uk,Female,$209884.12,213478310,PP
156,Wain,Quiney,wquiney4b@shinystat.com,Male,$294497.11,983280703,IT
157,Petronia,Whewell,pwhewell4c@china.com.cn,Female,$488942.05,741729818,IT
158,Sabine,McKune,smckune4d@skype.com,Female,$444721.04,983923710,IT
159,Robers,Tambling,rtambling4e@bing.com,Male,$356506.68,887781759,IT
160,Antonius,Isgar,aisgar4f@toplist.cz,Male,$536451.63,292321974,CC
161,Lanie,Bensusan,lbensusan4g@nih.gov,Male,$407118.78,335779502,IT
162,Denise,Billany,dbillany4h@etsy.com,Female,$345425.03,176664582,IT
163,Di,Ralestone,dralestone4i@java.com,Female,$597517.96,196226747,CC
164,Sylvia,Deverill,sdeverill4j@elegantthemes.com,Female,$585718.21,733005375,PP
165,Edgar,Baish,ebaish4k@last.fm,Male,$595228.84,552073871,CC
166,Ted,Hrinchenko,thrinchenko4l@tinyurl.com,Female,$665179.99,6854611,IT
167,Leland,Ecclesall,lecclesall4m@huffingtonpost.com,Male,$683629.19,955714059,PP
168,Alanna,Revening,arevening4n@typepad.com,Female,$441016.93,278806200,IT
169,Dicky,MacAndie,dmacandie4o@irs.gov,Male,$143876.61,907645826,PP
170,Lettie,Conkling,lconkling4p@addthis.com,Female,$857854.23,678911929,PP
171,Adiana,Greep,agreep4q@skyrock.com,Female,$301744.86,886031199,IT
172,Joe,Jaggi,jjaggi4r@mozilla.com,Male,$569311.16,997846289,IT
173,Kenna,McLeoid,kmcleoid4s@aboutads.info,Female,$496197.51,624211314,IT
174,Gael,Woolland,gwoolland4t@youtube.com,Female,$908134.39,226660850,IT
175,Elmira,Davenell,edavenell4u@tmall.com,Female,$386659.98,999358421,PP
176,Scott,Foresight,sforesight4v@squidoo.com,Male,$399839.60,584191419,CC
177,Mellisent,Densun,mdensun4w@privacy.gov.au,Female,$818863.33,607641963,CC
178,Zedekiah,Allcott,zallcott4x@comcast.net,Male,$305846.96,629894982,IT
179,Latisha,Dalgarno,ldalgarno4y@icio.us,Female,$949193.43,859851248,PP
180,Cristabel,Mugglestone,cmugglestone4z@canalblog.com,Female,$880049.23,321925303,IT
181,Bronny,Bramley,bbramley50@google.nl,Male,$968831.82,116462494,CC
182,Nevins,Rouf,nrouf51@nytimes.com,Male,$874665.28,902040376,IT
183,Shane,Graddon,sgraddon52@reference.com,Male,$412725.84,285197694,IT
184,Glenna,Paulusch,gpaulusch53@kickstarter.com,Female,$215897.66,781614351,CC
185,Charlotte,Badam,cbadam54@arizona.edu,Female,$447793.65,1041232483,PP
186,Ware,Huggan,whuggan55@friendfeed.com,Male,$733872.23,833616306,PP
187,Guglielmo,Reast,greast56@google.it,Male,$157195.23,98098457,PP
188,Sergent,Neate,sneate57@dagondesign.com,Male,$303964.97,770283895,PP
189,Davina,Coraini,dcoraini58@patch.com,Female,$708825.32,665793734,IT
190,Celene,Carme,ccarme59@timesonline.co.uk,Female,$656074.70,916479407,PP
191,Gussy,Looks,glooks5a@pbs.org,Female,$617140.17,896354261,CC
192,Dorena,Lumber,dlumber5b@squidoo.com,Female,$669547.33,1034224393,CC
193,Augy,Warfield,awarfield5c@furl.net,Male,$993041.90,985162684,PP
194,Napoleon,Idwal Evans,nidwalevans5d@typepad.com,Male,$236938.19,388210857,CC
195,Chip,Ghidoni,cghidoni5e@youtu.be,Male,$688699.80,208122692,CC
196,Loise,Lumsdale,llumsdale5f@mozilla.com,Female,$483017.81,463585988,CC
197,Geri,Marquand,gmarquand5g@independent.co.uk,Female,$819049.95,363875900,CC
198,Royal,Grigoriev,rgrigoriev5h@deliciousdays.com,Male,$493161.00,158620754,IT
199,Isac,Prentice,iprentice5i@shinystat.com,Male,$520188.84,43622577,IT
200,Shelton,Woolam,swoolam5j@instagram.com,Male,$279606.19,217243393,IT
201,Gregoire,Derrick,gderrick5k@studiopress.com,Male,$534689.48,996108413,CC
202,Willdon,Bartrop,wbartrop5l@amazon.com,Male,$394005.55,167296605,PP
203,Giraldo,Garnul,ggarnul5m@over-blog.com,Male,$388643.57,130254161,PP
204,Ryan,Messruther,rmessruther5n@europa.eu,Male,$929436.78,626498337,IT
205,Elfrida,Engeham,eengeham5o@buzzfeed.com,Female,$108671.33,697481255,IT
206,Tadeo,Delamar,tdelamar5p@about.com,Male,$153217.30,580036014,CC
207,Katrine,Maffione,kmaffione5q@blinklist.com,Female,$625053.19,691311203,CC
208,Roslyn,Ruoff,rruoff5r@slashdot.org,Female,$703616.64,976818362,PP
209,Ashia,Boice,aboice5s@ehow.com,Female,$530612.73,828644386,IT
210,Bartholomeo,Oxlee,boxlee5t@typepad.com,Male,$583579.14,265172785,IT
211,Fowler,Pioli,fpioli5u@bloglovin.com,Male,$955584.10,596832053,PP
212,Randee,Kumar,rkumar5v@prlog.org,Female,$897684.27,167117005,CC
213,Westbrook,O'Geneay,wogeneay5w@so-net.ne.jp,Male,$456721.08,195871685,PP
214,Kariotta,Cockshtt,kcockshtt5x@mashable.com,Female,$335747.50,377278604,IT
215,Anatollo,Rosenschein,arosenschein5y@ftc.gov,Male,$890261.48,963786696,IT
216,Arnie,Knutsen,aknutsen5z@bbb.org,Male,$514245.45,508404020,CC
217,Antonetta,Spight,aspight60@hao123.com,Female,$247564.48,336082729,PP
218,Brook,Coxhell,bcoxhell61@example.com,Male,$521497.30,114109890,IT
219,Rip,Spindler,rspindler62@skype.com,Male,$337198.05,416286433,PP
220,Jourdain,Chessell,jchessell63@imageshack.us,Male,$810595.22,991810526,PP
221,Elvina,Quartermain,equartermain64@discuz.net,Female,$256306.49,745856524,IT
222,Freeland,Colegrove,fcolegrove65@dion.ne.jp,Male,$402863.88,953954779,PP
223,Danit,Plank,dplank66@ucoz.ru,Female,$379841.17,371938522,CC
224,Aurlie,Dunbobin,adunbobin67@adobe.com,Female,$219982.28,821656395,IT
225,Gerry,Pascall,gpascall68@macromedia.com,Male,$995554.15,807184396,CC
226,Madelina,Janout,mjanout69@amazon.com,Female,$111527.07,501953067,PP
227,Maggy,Elgee,melgee6a@va.gov,Female,$389748.14,683826165,PP
228,Roseline,Tantrum,rtantrum6b@dailymail.co.uk,Female,$234543.84,281176952,PP
229,Cassaundra,Downe,cdowne6c@studiopress.com,Female,$394469.48,1026802892,IT
230,Welsh,Joutapaitis,wjoutapaitis6d@blogger.com,Male,$843592.15,287547947,IT
231,Nat,Kingshott,nkingshott6e@pen.io,Female,$114209.55,582045968,CC
232,Nye,Fassman,nfassman6f@linkedin.com,Male,$915348.97,1032639470,CC
233,Mallorie,Pinke,mpinke6g@ycombinator.com,Female,$703177.31,928827230,PP
234,Caril,Christophers,cchristophers6h@adobe.com,Female,$993860.37,11051118,PP
235,Helena,Banger,hbanger6i@geocities.jp,Female,$798740.21,557770694,IT
236,Benoite,Bullier,bbullier6j@state.tx.us,Female,$675164.08,849202657,PP
237,Merwin,Kennaird,mkennaird6k@paypal.com,Male,$454541.20,491109150,IT
238,Patin,Arendt,parendt6l@studiopress.com,Male,$968947.44,146593735,IT
239,Demott,Harborow,dharborow6m@networkadvertising.org,Male,$769052.18,583474589,CC
240,Doralyn,Borrel,dborrel6n@xrea.com,Female,$497401.13,486324495,CC
241,Thane,Londesborough,tlondesborough6o@wikia.com,Male,$907339.15,74943775,CC
242,Arnaldo,Dovey,adovey6p@un.org,Male,$616533.04,760296426,CC
243,Henrietta,Digan,hdigan6q@yahoo.com,Female,$834106.03,515974272,IT
244,Sven,Amery,samery6r@wp.com,Male,$983974.60,312944460,PP
245,Paton,Holberry,pholberry6s@nymag.com,Male,$223879.01,895517892,PP
246,Adolph,Willmer,awillmer6t@ovh.net,Male,$670627.70,1036869131,IT
247,Meryl,Kilford,mkilford6u@delicious.com,Female,$373711.30,153521934,PP
248,Natale,Pesterfield,npesterfield6v@senate.gov,Male,$480838.15,666134767,IT
249,Edwin,Humphrey,ehumphrey6w@baidu.com,Male,$778697.96,1012576097,PP
250,Albrecht,Verrell,averrell6x@constantcontact.com,Male,$248320.83,352447251,PP
251,Jaye,Fardell,jfardell6y@is.gd,Male,$200201.02,184686503,PP
252,Urson,Van Hove,uvanhove6z@facebook.com,Male,$971784.82,337030228,CC
253,Thane,Lethlay,tlethlay70@tumblr.com,Male,$590772.47,77900212,PP
254,Cullin,Cleary,ccleary71@example.com,Male,$535897.57,88648936,CC
255,Frederik,Baldack,fbaldack72@altervista.org,Male,$479872.05,96735300,CC
256,Townie,Gilbeart,tgilbeart73@google.fr,Male,$513220.50,187576409,CC
257,Kiah,McNerlin,kmcnerlin74@walmart.com,Female,$123047.36,988460061,CC
258,Dev,Peart,dpeart75@ibm.com,Male,$813651.23,108521860,PP
259,Kelwin,Welham,kwelham76@umich.edu,Male,$939974.14,46566964,PP
260,Dew,Wooddisse,dwooddisse77@mozilla.com,Male,$575446.02,859329795,IT
261,Pennie,Ryott,pryott78@europa.eu,Male,$219978.52,365239082,IT
262,Tiphanie,Spilsbury,tspilsbury79@columbia.edu,Female,$877852.02,829136198,PP
263,Thom,Kielty,tkielty7a@networkadvertising.org,Male,$145974.34,850951316,IT
264,Shirlene,Shiels,sshiels7b@icio.us,Female,$503152.01,925666800,PP
265,Angelica,Minger,aminger7c@bigcartel.com,Female,$522271.57,488467050,PP
266,Delia,Biggam,dbiggam7d@wsj.com,Female,$890383.53,591260689,PP
267,Timotheus,Melody,tmelody7e@gnu.org,Male,$587116.48,141589299,PP
268,Willow,Robinett,wrobinett7f@youtube.com,Female,$333693.39,526409485,PP
269,Jordain,Gitsham,jgitsham7g@networkadvertising.org,Female,$555757.92,473417138,IT
270,Sam,Poskitt,sposkitt7h@rediff.com,Female,$135897.50,117731406,IT
271,Natalie,Brennans,nbrennans7i@ifeng.com,Female,$672045.59,424246613,CC
272,Kiley,Kahler,kkahler7j@imgur.com,Female,$220104.46,127738135,CC
273,Bennett,Crinson,bcrinson7k@jalbum.net,Male,$883449.08,1016099826,PP
274,Misty,Sellick,msellick7l@java.com,Female,$511225.43,856009848,PP
275,Job,Rehor,jrehor7m@howstuffworks.com,Male,$127496.44,915223733,CC
276,Elbert,Bangley,ebangley7n@wunderground.com,Male,$238264.44,183042984,CC
277,Godard,Laughton,glaughton7o@mysql.com,Male,$335153.31,999477073,PP
278,Shaine,Bullene,sbullene7p@nytimes.com,Male,$146215.53,91862981,CC
279,April,Diehn,adiehn7q@tinyurl.com,Female,$380005.82,709228856,CC
280,El,Castelluzzi,ecastelluzzi7r@theglobeandmail.com,Male,$633319.74,698490033,CC
281,Kara,Grannell,kgrannell7s@paginegialle.it,Female,$497802.75,108214596,PP
282,Nicole,Glison,nglison7t@slate.com,Female,$546681.77,133190903,PP
283,Abbie,Janowski,ajanowski7u@illinois.edu,Male,$941077.23,218424401,CC
284,Lorelei,Lavielle,llavielle7v@apache.org,Female,$399291.18,452512348,IT
285,Clair,Whyler,cwhyler7w@google.de,Male,$851967.31,247413516,PP
286,Dene,Webbe,dwebbe7x@sun.com,Male,$657953.64,260374030,PP
287,Kiri,Sloyan,ksloyan7y@constantcontact.com,Female,$926430.08,573082874,CC
288,Jabez,Syphus,jsyphus7z@vimeo.com,Male,$193382.37,995773196,CC
289,Sasha,Fauguel,sfauguel80@bluehost.com,Male,$492229.13,262546606,CC
290,Chryste,Petry,cpetry81@paginegialle.it,Female,$496701.31,894705520,PP
291,Gussy,Pontefract,gpontefract82@intel.com,Female,$863175.16,395061371,CC
292,Bordie,Nudd,bnudd83@hc360.com,Male,$827801.45,676443016,IT
293,Christy,Ovell,covell84@indiatimes.com,Male,$348366.05,81178683,CC
294,Karia,Smails,ksmails85@unesco.org,Female,$929634.10,31155997,PP
295,Samuele,Hughson,shughson86@shutterfly.com,Male,$993556.31,424852351,PP
296,Fiann,Gwillym,fgwillym87@phpbb.com,Female,$618476.79,485921535,CC
297,Barrett,Dooher,bdooher88@yahoo.co.jp,Male,$512765.09,856459121,PP
298,Tristan,MacNeillie,tmacneillie89@flavors.me,Male,$111746.71,579472234,PP
299,Evangelin,Beckhouse,ebeckhouse8a@eepurl.com,Female,$406823.59,609357419,IT
300,Brigitta,Cicetti,bcicetti8b@cbslocal.com,Female,$828289.78,728696279,CC
301,Keri,Blowick,kblowick8c@nifty.com,Female,$604453.66,187463890,IT
302,Gilles,Talby,gtalby8d@reddit.com,Male,$550150.72,663933444,CC
303,Kippie,Telfer,ktelfer8e@domainmarket.com,Female,$178538.04,1009487127,IT
304,Dale,Kenewell,dkenewell8f@imageshack.us,Female,$602222.70,460301633,CC
305,Wyatan,Stigell,wstigell8g@telegraph.co.uk,Male,$766333.27,910597974,CC
306,Desirae,Cockshutt,dcockshutt8h@mit.edu,Female,$841112.05,789881947,CC
307,Roselia,Pomfrey,rpomfrey8i@webnode.com,Female,$251285.05,791292503,CC
308,Brandea,Crittal,bcrittal8j@simplemachines.org,Female,$990498.14,267708999,PP
309,Carie,Hatfull,chatfull8k@house.gov,Female,$996169.99,274607119,PP
310,Jamison,Romushkin,jromushkin8l@skyrock.com,Male,$314304.16,374841191,IT
311,Jeth,Fiddian,jfiddian8m@google.pl,Male,$295128.26,665311919,IT
312,Doti,Lehr,dlehr8n@clickbank.net,Female,$974189.69,122167447,PP
313,Randell,Burnet,rburnet8o@mac.com,Male,$779572.08,856675076,CC
314,Tracy,McGready,tmcgready8p@google.co.jp,Female,$533208.35,418573722,CC
315,Kristofer,Leggen,kleggen8q@cnbc.com,Male,$612951.88,259444937,PP
316,Rik,Bicheno,rbicheno8r@google.ru,Male,$564970.96,669248290,PP
317,Joshuah,Tellenbroker,jtellenbroker8s@hexun.com,Male,$111983.38,765461478,CC
318,Hunfredo,Sedgeman,hsedgeman8t@time.com,Male,$413208.22,493411913,IT
319,Danila,Cargill,dcargill8u@dedecms.com,Female,$155978.48,322838666,CC
320,Sullivan,Maddison,smaddison8v@cbc.ca,Male,$872378.31,159139509,PP
321,Emmy,Janousek,ejanousek8w@wp.com,Female,$328501.17,1032092276,PP
322,Danette,Camelin,dcamelin8x@about.com,Female,$975704.89,1013302613,IT
323,Shepherd,Crumly,scrumly8y@uol.com.br,Male,$644506.62,840828952,PP
324,Adria,Duley,aduley8z@123-reg.co.uk,Female,$887262.14,738608845,CC
325,Kyle,Crole,kcrole90@newsvine.com,Male,$231747.05,492914504,IT
326,Monte,Grise,mgrise91@umn.edu,Male,$927393.97,928459721,PP
327,Judah,MacRorie,jmacrorie92@istockphoto.com,Male,$907372.28,215994714,PP
328,Bartel,Regelous,bregelous93@joomla.org,Male,$366323.33,839956214,IT
329,Pennie,Melody,pmelody94@clickbank.net,Male,$897346.56,881456968,PP
330,Charley,Tuffield,ctuffield95@cnbc.com,Male,$562484.59,450134319,CC
331,Alic,Fiddler,afiddler96@moonfruit.com,Male,$173086.79,866743816,CC
332,Skippy,Haylock,shaylock97@sakura.ne.jp,Male,$635558.78,967967517,CC
333,Diena,Seale,dseale98@usda.gov,Female,$790404.92,535799323,CC
334,Fifi,Edwin,fedwin99@go.com,Female,$521190.58,441103461,CC
335,Joela,Louisot,jlouisot9a@xinhuanet.com,Female,$522969.33,15552924,CC
336,Mignonne,Hallan,mhallan9b@edublogs.org,Female,$173490.33,370894694,CC
337,Augie,Ayce,aayce9c@e-recht24.de,Male,$300232.37,110459221,PP
338,Luther,Minchell,lminchell9d@bluehost.com,Male,$690199.68,724889085,IT
339,Nikolas,Rivalland,nrivalland9e@storify.com,Male,$130321.21,1019070149,CC
340,Lammond,Beamson,lbeamson9f@naver.com,Male,$423529.71,248702984,IT
341,Holly-anne,McIntee,hmcintee9g@dmoz.org,Female,$471053.59,658904218,CC
342,Nata,Browell,nbrowell9h@spotify.com,Female,$597594.75,197915779,CC
343,Tanya,Sailor,tsailor9i@over-blog.com,Female,$687432.40,389206649,IT
344,Ddene,Bernot,dbernot9j@forbes.com,Female,$702824.77,632899338,PP
345,Jaime,Hablet,jhablet9k@discovery.com,Male,$197190.78,928682932,PP
346,Taylor,Gammet,tgammet9l@dmoz.org,Male,$675930.29,60148236,IT
347,Banky,Forsythe,bforsythe9m@yellowbook.com,Male,$266222.32,314078722,IT
348,Calypso,Cattemull,ccattemull9n@springer.com,Female,$641890.00,219617780,PP
349,Ransell,Poser,rposer9o@umn.edu,Male,$285514.83,588937032,IT
350,Werner,Gingle,wgingle9p@google.it,Male,$541239.85,987067972,IT
351,Cammy,Dykes,cdykes9q@g.co,Male,$998289.32,951281970,IT
352,Pippo,Laurie,plaurie9r@constantcontact.com,Male,$727524.50,92179028,CC
353,Audy,Pim,apim9s@illinois.edu,Female,$645000.91,784146662,IT
354,Prinz,Reeds,preeds9t@homestead.com,Male,$560773.06,264268513,CC
355,Samson,Maunton,smaunton9u@aboutads.info,Male,$794231.97,1024283857,PP
356,Elvera,Gerraty,egerraty9v@yandex.ru,Female,$712590.32,821593325,IT
357,Lara,Dodgson,ldodgson9w@angelfire.com,Female,$851312.58,76700921,IT
358,Vaughan,Lidstone,vlidstone9x@java.com,Male,$184417.24,624441077,PP
359,Alisa,Peperell,apeperell9y@google.com,Female,$513365.91,108098197,CC
360,Elinor,Whiteoak,ewhiteoak9z@samsung.com,Female,$393609.61,1013179256,PP
361,Skipp,Randalson,srandalsona0@desdev.cn,Male,$879646.19,279534442,PP
362,Meredithe,MacDonald,mmacdonalda1@github.com,Female,$441667.58,973375789,PP
363,Pepito,Ludvigsen,pludvigsena2@sogou.com,Male,$568460.92,316834387,PP
364,Nikki,Turfitt,nturfitta3@about.com,Male,$691506.71,720960474,PP
365,Marina,Baudacci,mbaudaccia4@admin.ch,Female,$194561.86,653618761,IT
366,Caressa,Mintoft,cmintofta5@clickbank.net,Female,$725654.57,798591807,IT
367,Georges,Maggiori,gmaggioria6@time.com,Male,$872595.26,240331737,CC
368,Lenore,Krochmann,lkrochmanna7@tamu.edu,Female,$235430.01,799500765,CC
369,Michelle,Kneaphsey,mkneaphseya8@spotify.com,Female,$531005.94,1002821339,PP
370,Dan,Weildish,dweildisha9@utexas.edu,Male,$384449.48,716595590,IT
371,Jonah,Neely,jneelyaa@comcast.net,Male,$560729.00,50794038,IT
372,Gunar,Seint,gseintab@addtoany.com,Male,$391035.35,398012824,PP
373,Roseann,Ofield,rofieldac@google.cn,Female,$179221.64,383942606,PP
374,Annora,Hunnaball,ahunnaballad@acquirethisname.com,Female,$745182.63,776787743,CC
375,Torr,Stive,tstiveae@pagesperso-orange.fr,Male,$203508.26,156917040,PP
376,Elvis,Griffitts,egriffittsaf@senate.gov,Male,$376485.53,566360177,IT
377,Fae,Mullenger,fmullengerag@cloudflare.com,Female,$867630.39,198819286,IT
378,Anna-maria,Oakes,aoakesah@va.gov,Female,$778323.12,914690728,CC
379,Myrna,Ingram,mingramai@1und1.de,Female,$964477.08,477530377,CC
380,Roseanne,Stickney,rstickneyaj@fema.gov,Female,$414879.72,864179477,IT
381,Ulrick,Gillio,ugillioak@360.cn,Male,$414314.78,529006629,IT
382,Johnette,McKerley,jmckerleyal@feedburner.com,Female,$573554.71,853985068,IT
383,Sharity,Ashness,sashnessam@gnu.org,Female,$453012.79,844055373,PP
384,Carlos,Headington,cheadingtonan@shop-pro.jp,Male,$660562.23,953696678,IT
385,Dulcine,Farn,dfarnao@51.la,Female,$619791.38,998813821,PP
386,Morgan,Stockau,mstockauap@amazon.co.uk,Female,$485372.48,821951725,IT
387,Wilmer,Dewing,wdewingaq@slashdot.org,Male,$163280.55,367189959,PP
388,Selma,Maccaig,smaccaigar@acquirethisname.com,Female,$720770.61,984796681,CC
389,Bibbie,De Cruz,bdecruzas@apache.org,Female,$953993.18,918166329,PP
390,Leigh,Gaskall,lgaskallat@washington.edu,Male,$931971.17,162744682,PP
391,Hildagard,McLay,hmclayau@slate.com,Female,$130281.04,668425051,IT
392,Leta,Wrangle,lwrangleav@yelp.com,Female,$831495.79,643789240,PP
393,Fan,Dilgarno,fdilgarnoaw@shutterfly.com,Female,$768429.59,700012468,PP
394,Tiffy,Sillars,tsillarsax@cafepress.com,Female,$566857.46,158271627,CC
395,Analiese,O' Finan,aofinanay@blogs.com,Female,$119775.71,597188697,CC
396,Elihu,Reisenstein,ereisensteinaz@rediff.com,Male,$127565.27,755019078,PP
397,Xymenes,Stapylton,xstapyltonb0@geocities.jp,Male,$448713.52,1018747280,IT
398,Nelly,Surphliss,nsurphlissb1@github.io,Female,$739167.38,796257946,CC
399,Auberta,Gaffer,agafferb2@pagesperso-orange.fr,Female,$247184.67,937332973,IT
400,Foss,Raddon,fraddonb3@nbcnews.com,Male,$604785.18,859403585,PP
401,Brunhilda,Drewson,bdrewsonb4@pen.io,Female,$383149.92,934638006,CC
402,Thalia,McGowing,tmcgowingb5@senate.gov,Female,$445368.68,34418858,IT
403,Vassili,Stammirs,vstammirsb6@eventbrite.com,Male,$817034.00,971766343,IT
404,Poul,Spenceley,pspenceleyb7@vk.com,Male,$285256.55,1009780923,IT
405,Alisun,Goves,agovesb8@moonfruit.com,Female,$314083.82,205647173,CC
406,Leonhard,Pirelli,lpirellib9@state.tx.us,Male,$528599.75,480480149,PP
407,Rebeka,Goldthorp,rgoldthorpba@reddit.com,Female,$920135.88,687924447,PP
408,Lenora,Lofting,lloftingbb@fda.gov,Female,$388635.69,105019711,CC
409,Gayla,McEllen,gmcellenbc@deliciousdays.com,Female,$696339.70,652252340,PP
410,Arley,Fumagallo,afumagallobd@go.com,Male,$451410.05,307775948,IT
411,Fidelia,Stille,fstillebe@nsw.gov.au,Female,$287982.74,895249466,IT
412,Marilyn,Deedes,mdeedesbf@techcrunch.com,Female,$617502.43,189556306,PP
413,Kristy,Sabben,ksabbenbg@toplist.cz,Female,$492693.99,334459404,PP
414,Lily,Waind,lwaindbh@desdev.cn,Female,$126625.04,960584660,PP
415,Barton,Gillise,bgillisebi@businesswire.com,Male,$147958.75,386327721,PP
416,Hendrik,Townes,htownesbj@amazon.de,Male,$561811.16,382717295,PP
417,Cynde,Crumpton,ccrumptonbk@accuweather.com,Female,$943104.38,518363461,CC
418,Randie,Viccary,rviccarybl@vinaora.com,Female,$793181.14,950929385,PP
419,Normie,Huegett,nhuegettbm@friendfeed.com,Male,$340994.01,470246975,IT
420,Dory,Briddle,dbriddlebn@bandcamp.com,Male,$209188.95,657112145,PP
421,Vladamir,Cummins,vcumminsbo@sitemeter.com,Male,$372167.68,90160643,CC
422,Merle,Alves,malvesbp@businesswire.com,Female,$585365.76,895066912,CC
423,Lorilee,Egdell,legdellbq@ifeng.com,Female,$869169.09,589036925,PP
424,Hunt,Fatharly,hfatharlybr@telegraph.co.uk,Male,$397069.03,640106344,PP
425,Russ,Cumpsty,rcumpstybs@ovh.net,Male,$167634.24,122240386,PP
426,Cosme,Teresi,cteresibt@admin.ch,Male,$500540.95,270294784,PP
427,Elvis,Nott,enottbu@facebook.com,Male,$197859.04,384691519,IT
428,Augustine,Whitfield,awhitfieldbv@examiner.com,Male,$417978.94,220314867,PP
429,Glen,Espinay,gespinaybw@china.com.cn,Male,$811424.55,758889035,PP
430,Carena,Lovett,clovettbx@tamu.edu,Female,$996851.09,212727603,PP
431,Blinni,Idwal Evans,bidwalevansby@mozilla.com,Female,$655315.86,129270099,IT
432,Wren,Stanex,wstanexbz@intel.com,Female,$503170.61,20455666,IT
433,Dion,Eyton,deytonc0@creativecommons.org,Male,$723070.08,24035516,IT
434,Jayne,Ilyinski,jilyinskic1@sitemeter.com,Female,$760077.00,1011531251,PP
435,Emili,Lunbech,elunbechc2@drupal.org,Female,$402180.09,295184658,PP
436,Brook,Boarleyson,bboarleysonc3@skyrock.com,Male,$589203.07,1006527819,PP
437,Pegeen,Colvin,pcolvinc4@acquirethisname.com,Female,$401069.66,981803011,PP
438,Abelard,Mc Carrick,amccarrickc5@dmoz.org,Male,$378218.49,693027566,PP
439,Analise,Leaf,aleafc6@usatoday.com,Female,$661108.78,977320785,PP
440,Marshal,Malafe,mmalafec7@barnesandnoble.com,Male,$415589.79,483966948,PP
441,Sidney,Chree,schreec8@discuz.net,Male,$765677.54,944446070,IT
442,Bing,Moscon,bmosconc9@exblog.jp,Male,$968408.54,542341539,PP
443,Antonin,Strutt,astruttca@java.com,Male,$156796.00,945031255,PP
444,Giacobo,Triggol,gtriggolcb@mapy.cz,Male,$272612.53,331184374,PP
445,Bartie,Rearden,breardencc@fotki.com,Male,$459417.98,803618617,PP
446,Ainslee,Pizey,apizeycd@rakuten.co.jp,Female,$303137.68,871777634,IT
447,Dicky,Danford,ddanfordce@unc.edu,Male,$223429.19,654176204,CC
448,Delly,Sorel,dsorelcf@clickbank.net,Female,$937526.55,909875147,CC
449,Bekki,McGlynn,bmcglynncg@cpanel.net,Female,$932985.26,316789973,IT
450,Flss,Duckit,fduckitch@unc.edu,Female,$487143.99,442336520,PP
451,Jillane,Caudle,jcaudleci@google.com,Female,$987080.48,758093922,IT
452,Dena,Whapham,dwhaphamcj@zimbio.com,Female,$690392.47,406875528,IT
453,Peder,Peizer,ppeizerck@jiathis.com,Male,$523153.35,812536181,IT
454,Loralee,Thackwray,lthackwraycl@dion.ne.jp,Female,$634480.14,348456543,PP
455,Keane,Goodread,kgoodreadcm@si.edu,Male,$392380.27,172678248,IT
456,Krishna,Turtle,kturtlecn@ihg.com,Male,$104768.46,643671972,CC
457,Worth,Corton,wcortonco@wordpress.org,Male,$975855.68,444543583,PP
458,Kimball,Northey,knortheycp@prnewswire.com,Male,$804691.75,323132940,CC
459,Johnette,Murrum,jmurrumcq@yahoo.com,Female,$546792.92,634922669,CC
460,Ashien,Devereux,adevereuxcr@chron.com,Female,$754174.23,152735350,IT
461,Giulietta,Ayliff,gayliffcs@geocities.com,Female,$802022.87,72765780,CC
462,Adora,Sylvaine,asylvainect@tumblr.com,Female,$357114.69,221550045,IT
463,Merle,Walhedd,mwalheddcu@hibu.com,Female,$204762.56,185110764,IT
464,Yancy,Karolyi,ykarolyicv@wufoo.com,Male,$694589.22,492492245,CC
465,Raimondo,Nutman,rnutmancw@ibm.com,Male,$255129.35,515998247,CC
466,Sheryl,King,skingcx@hexun.com,Female,$891459.84,27499283,IT
467,Cam,Doggrell,cdoggrellcy@marriott.com,Male,$137075.56,215036674,PP
468,Bartholemy,Braiden,bbraidencz@digg.com,Male,$306417.63,193853459,PP
469,Minnie,Hassey,mhasseyd0@marketwatch.com,Female,$488767.07,480113205,PP
470,Bertie,Vasilyevski,bvasilyevskid1@loc.gov,Male,$499938.22,360977049,PP
471,Mata,Iredell,miredelld2@prweb.com,Male,$463665.78,982286779,CC
472,Frazier,Hegdonne,fhegdonned3@discovery.com,Male,$285569.12,462267371,PP
473,Eva,Guerriero,eguerrierod4@dedecms.com,Female,$500198.74,979425462,PP
474,Micaela,Clayden,mclaydend5@utexas.edu,Female,$197509.01,34473211,IT
475,De witt,Stobbie,dstobbied6@weibo.com,Male,$632315.62,920480926,CC
476,Justis,Ryott,jryottd7@google.com,Male,$896568.41,600151347,CC
477,Remus,Ferrulli,rferrullid8@php.net,Male,$811159.43,115111104,CC
478,Erena,Shilvock,eshilvockd9@amazon.co.jp,Female,$775134.83,403308637,PP
479,Jacinda,Aves,javesda@ameblo.jp,Female,$482004.76,729417809,PP
480,Aldwin,Titterrell,atitterrelldb@quantcast.com,Male,$970707.60,370586848,PP
481,York,Davenhall,ydavenhalldc@vkontakte.ru,Male,$656916.21,641456746,PP
482,Kaela,Sallings,ksallingsdd@epa.gov,Female,$473894.39,704102511,CC
483,Juieta,MacRonald,jmacronaldde@marriott.com,Female,$773827.17,881213259,PP
484,Glenn,Lovekin,glovekindf@un.org,Male,$329738.18,472634073,CC
485,Marcus,McArt,mmcartdg@360.cn,Male,$466066.40,246352050,PP
486,Othilia,Dawidowitsch,odawidowitschdh@elegantthemes.com,Female,$884973.33,660615830,CC
487,Reinhold,Rabb,rrabbdi@microsoft.com,Male,$547812.78,582603182,CC
488,Jacobo,Flasby,jflasbydj@eepurl.com,Male,$738970.64,913313741,IT
489,Evangelia,Gribbon,egribbondk@miibeian.gov.cn,Female,$118403.44,264055974,CC
490,Paulo,Larne,plarnedl@ucoz.ru,Male,$756030.49,972323296,PP
491,Nester,Birtwistle,nbirtwistledm@yolasite.com,Male,$357091.72,565324555,PP
492,Major,Whitchurch,mwhitchurchdn@squidoo.com,Male,$339350.82,235428241,CC
493,Cacilie,Haggas,chaggasdo@soup.io,Female,$605736.84,993679731,PP
494,Hernando,Backes,hbackesdp@istockphoto.com,Male,$950786.65,876974926,PP
495,Bobbie,Bouts,bboutsdq@dot.gov,Female,$547735.66,104803784,CC
496,Ephrayim,Shearsby,eshearsbydr@home.pl,Male,$304191.08,927265664,IT
497,Tabbie,Anslow,tanslowds@qq.com,Female,$969278.44,420777840,IT
498,Hildagarde,Mountjoy,hmountjoydt@tumblr.com,Female,$152566.40,188363291,CC
499,Lilith,Loney,lloneydu@people.com.cn,Female,$736832.11,324340412,IT
500,Odie,Sumption,osumptiondv@hc360.com,Male,$450211.87,513920157,CC
501,Dottie,Pole,dpoledw@google.co.jp,Female,$673295.39,568324703,PP
502,Heath,Harron,hharrondx@plala.or.jp,Male,$288263.10,419233309,PP
503,Marsh,Curwood,mcurwooddy@scientificamerican.com,Male,$995012.10,1021525722,CC
504,Burlie,Barten,bbartendz@barnesandnoble.com,Male,$315534.58,226278357,IT
505,Torrence,Scotchmoor,tscotchmoore0@adobe.com,Male,$909548.12,582792799,IT
506,Mal,Kitteridge,mkitteridgee1@yolasite.com,Male,$729428.25,166783696,IT
507,Corbet,Inns,cinnse2@hugedomains.com,Male,$519630.82,250528915,CC
508,Barbette,Crighton,bcrightone3@artisteer.com,Female,$322474.81,220689460,IT
509,Zane,Heavens,zheavense4@yahoo.com,Male,$206328.62,488758119,PP
510,Juliann,Hardiker,jhardikere5@ifeng.com,Female,$469037.52,210889979,IT
511,Elenore,Venner,evennere6@cnn.com,Female,$880420.59,203025540,PP
512,Danni,Grand,dgrande7@studiopress.com,Female,$447443.98,287162594,CC
513,Logan,Brito,lbritoe8@salon.com,Male,$134433.40,432340084,PP
514,Gabey,Derry,gderrye9@google.pl,Female,$274505.50,1007546761,PP
515,Bill,Lampert,blampertea@digg.com,Female,$296658.42,270412187,PP
516,Nicole,Ricardet,nricardeteb@soundcloud.com,Female,$167939.20,1021732401,IT
517,Emlen,Lube,elubeec@cdc.gov,Male,$998145.17,80791865,PP
518,Chen,Lethebridge,clethebridgeed@archive.org,Male,$752889.08,916140469,CC
519,Barny,McCrachen,bmccrachenee@quantcast.com,Male,$613828.20,229666809,PP
520,Martina,Eburne,meburneef@imdb.com,Female,$690396.52,973586222,PP
521,Ossie,Eggers,oeggerseg@europa.eu,Male,$426596.42,172744269,PP
522,Boonie,Gullick,bgullickeh@si.edu,Male,$343517.82,630865637,PP
523,Raymond,Ambrosoli,rambrosoliei@bravesites.com,Male,$292713.55,389860901,PP
524,Stanislaus,Yockney,syockneyej@usda.gov,Male,$528814.86,391754950,PP
525,Lazar,Elfleet,lelfleetek@netscape.com,Male,$822374.99,489424680,PP
526,Kaylee,Abys,kabysel@newsvine.com,Female,$613300.27,25188307,CC
527,Faith,Woolen,fwoolenem@4shared.com,Female,$736903.46,238676044,PP
528,Mindy,Tomeo,mtomeoen@tumblr.com,Female,$237720.42,988581480,PP
529,Dar,Van Leeuwen,dvanleeuweneo@w3.org,Male,$794919.77,22739645,PP
530,Dell,Denyukhin,ddenyukhinep@ow.ly,Male,$897922.23,558744574,PP
531,Clarence,Hurl,churleq@msn.com,Male,$385235.19,323845506,PP
532,Dreddy,Lanmeid,dlanmeider@sakura.ne.jp,Female,$718904.55,536626427,IT
533,Brynn,Tagg,btagges@gravatar.com,Female,$516503.03,730811735,PP
534,Abbe,Extance,aextanceet@ebay.com,Male,$830586.22,986470536,IT
535,Irving,O'Cannavan,iocannavaneu@netscape.com,Male,$651951.44,168057028,IT
536,Renaud,Crosston,rcrosstonev@parallels.com,Male,$941530.04,795531165,CC
537,Bryn,Negri,bnegriew@google.com,Male,$166168.52,19730468,IT
538,Ginnie,Twaits,gtwaitsex@apple.com,Female,$840185.41,368961081,IT
539,Sayres,MacGillespie,smacgillespieey@usa.gov,Male,$740977.53,813490184,IT
540,Estella,Pregel,epregelez@independent.co.uk,Female,$782058.59,545937802,PP
541,Jere,Livzey,jlivzeyf0@networkadvertising.org,Female,$819149.37,354110176,IT
542,Cully,Teal,ctealf1@upenn.edu,Male,$891850.93,706194176,CC
543,Larisa,MacCaffrey,lmaccaffreyf2@livejournal.com,Female,$977229.47,890986761,IT
544,Tessa,Collelton,tcolleltonf3@symantec.com,Female,$341479.29,104549432,CC
545,Maximilian,Cortez,mcortezf4@gov.uk,Male,$138296.37,879178900,PP
546,Luther,Leyre,lleyref5@blogs.com,Male,$808073.05,374253194,CC
547,Kassey,Daulby,kdaulbyf6@forbes.com,Female,$100842.92,276324504,CC
548,Khalil,Duddell,kduddellf7@bandcamp.com,Male,$648840.44,415315657,CC
549,Matias,Yurinov,myurinovf8@wiley.com,Male,$808869.10,970181664,PP
550,Filberte,Boustead,fbousteadf9@ucsd.edu,Male,$833733.23,846244495,CC
551,Madelaine,Kitchen,mkitchenfa@smh.com.au,Female,$495430.68,12501999,CC
552,Tye,Kybird,tkybirdfb@w3.org,Male,$343076.48,702953980,CC
553,Vernen,Dugood,vdugoodfc@squarespace.com,Male,$688394.61,481302011,PP
554,Marius,Flamank,mflamankfd@dedecms.com,Male,$815250.48,871007935,CC
555,Llewellyn,Sommerville,lsommervillefe@google.it,Male,$514325.92,83503467,IT
556,Bamby,O'Moylan,bomoylanff@who.int,Female,$761004.55,947090827,CC
557,Yvonne,Hubbuck,yhubbuckfg@bravesites.com,Female,$723522.31,202974574,CC
558,Angeline,Crimin,acriminfh@fotki.com,Female,$837145.99,802900015,PP
559,Faythe,Dewdney,fdewdneyfi@google.fr,Female,$266620.06,766985675,CC
560,Aron,Champley,achampleyfj@constantcontact.com,Male,$500757.22,778695197,PP
561,Silvano,Routledge,sroutledgefk@squidoo.com,Male,$531212.71,991902931,CC
562,Alexandr,Jorgesen,ajorgesenfl@msn.com,Male,$846113.17,972650000,CC
563,Zuzana,Whiterod,zwhiterodfm@tiny.cc,Female,$796837.52,743566459,CC
564,Estell,Hourigan,ehouriganfn@nbcnews.com,Female,$811874.23,771118107,PP
565,Waite,Dyte,wdytefo@fema.gov,Male,$797149.65,140774929,CC
566,Ransell,Spellar,rspellarfp@vimeo.com,Male,$869931.39,514062850,PP
567,Devy,Grimsdike,dgrimsdikefq@va.gov,Male,$483796.04,608417127,PP
568,Sibelle,Scorthorne,sscorthornefr@bluehost.com,Female,$884686.71,423231027,CC
569,Anselm,Iacovacci,aiacovaccifs@sun.com,Male,$537208.35,918175042,IT
570,Vittorio,Connal,vconnalft@ihg.com,Male,$448300.88,245371212,CC
571,Elvis,Itzkin,eitzkinfu@vk.com,Male,$562821.33,736215964,IT
572,Isadore,Manchett,imanchettfv@fema.gov,Male,$133875.64,113869937,IT
573,Yvor,Bielby,ybielbyfw@reddit.com,Male,$713833.70,251352829,IT
574,Perceval,Adamsson,padamssonfx@123-reg.co.uk,Male,$812951.45,411128384,IT
575,Cello,Blackey,cblackeyfy@vk.com,Male,$338298.44,875911540,PP
576,Clara,Johannesson,cjohannessonfz@chicagotribune.com,Female,$994385.48,37901993,PP
577,Eloisa,Kynton,ekyntong0@baidu.com,Female,$736154.32,644148066,PP
578,Muire,Birrane,mbirraneg1@sitemeter.com,Female,$233846.57,346648804,PP
579,Sanders,Mertin,smerting2@buzzfeed.com,Male,$758744.72,343143689,PP
580,Joshia,Foulkes,jfoulkesg3@springer.com,Male,$174698.85,677221520,CC
581,Enos,Anthill,eanthillg4@infoseek.co.jp,Male,$559936.01,480443505,IT
582,Shell,Aitchison,saitchisong5@dailymail.co.uk,Male,$752919.75,232585649,PP
583,Kriste,Rutherforth,krutherforthg6@reddit.com,Female,$344552.95,243056682,IT
584,Delila,Bitchener,dbitchenerg7@prlog.org,Female,$716422.89,969133646,CC
585,Bertrand,Bumphries,bbumphriesg8@purevolume.com,Male,$869342.92,560905715,CC
586,Rhetta,Mardling,rmardlingg9@gizmodo.com,Female,$310879.09,939521497,PP
587,Louise,Scoines,lscoinesga@apache.org,Female,$346881.93,700141781,CC
588,Quinn,Gierek,qgierekgb@studiopress.com,Male,$232651.79,426292869,IT
589,Candie,Devon,cdevongc@house.gov,Female,$631718.39,836026088,IT
590,Jonathon,Josskowitz,jjosskowitzgd@printfriendly.com,Male,$123885.29,509008936,PP
591,Odell,Wharf,owharfge@histats.com,Male,$387270.00,258328855,PP
592,Ignatius,Sim,isimgf@bravesites.com,Male,$461597.59,184856662,IT
593,Jamison,Gradwell,jgradwellgg@walmart.com,Male,$432761.57,143079903,IT
594,Lucy,Tinsley,ltinsleygh@ftc.gov,Female,$727307.29,838204488,PP
595,Gratiana,McCuffie,gmccuffiegi@springer.com,Female,$606170.51,840735979,PP
596,Valentina,Cominotti,vcominottigj@mtv.com,Female,$417996.88,79387454,IT
597,Sloan,Beekmann,sbeekmanngk@desdev.cn,Male,$345975.56,851352180,PP
598,Catherin,Le Port,cleportgl@unesco.org,Female,$892606.00,548907702,PP
599,Gates,Tinwell,gtinwellgm@unicef.org,Female,$384617.40,549735796,CC
600,Gloriana,Mobley,gmobleygn@xing.com,Female,$829915.09,704278127,IT
601,Izzy,Daughtrey,idaughtreygo@nature.com,Male,$114550.21,923094565,CC
602,Johnathon,Pacheco,jpachecogp@w3.org,Male,$443235.82,543947219,CC
603,Kristos,Tofts,ktoftsgq@sourceforge.net,Male,$485240.00,935938438,PP
604,Norton,Loxdale,nloxdalegr@un.org,Male,$783917.21,880868645,PP
605,Linoel,Poxton,lpoxtongs@digg.com,Male,$889395.87,102476523,IT
606,Eveline,O'Growgane,eogrowganegt@dot.gov,Female,$722587.62,95081250,PP
607,Elna,Bruckner,ebrucknergu@businessinsider.com,Female,$318311.99,43378882,IT
608,Lorenzo,Rowan,lrowangv@indiatimes.com,Male,$938959.42,201187098,CC
609,Joya,Coult,jcoultgw@sciencedaily.com,Female,$327235.52,987046943,IT
610,Blinni,Whitefoot,bwhitefootgx@sitemeter.com,Female,$838630.61,839124461,CC
611,Joyous,Edger,jedgergy@hugedomains.com,Female,$477135.73,542078136,IT
612,Chloette,Matthensen,cmatthensengz@ocn.ne.jp,Female,$554284.21,637216858,CC
613,Dunstan,Messum,dmessumh0@e-recht24.de,Male,$783573.42,545420125,CC
614,Alard,Pennycuick,apennycuickh1@bloomberg.com,Male,$475805.77,65479064,CC
615,Agace,McGrory,amcgroryh2@amazon.co.uk,Female,$927762.31,880172475,CC
616,Kayle,Pollicott,kpollicotth3@flickr.com,Female,$140426.35,880951223,CC
617,Cody,Yesinov,cyesinovh4@bbc.co.uk,Male,$610275.82,1011281328,IT
618,Giselle,Gruczka,ggruczkah5@samsung.com,Female,$508838.11,826596933,PP
619,Duffy,Brockhouse,dbrockhouseh6@howstuffworks.com,Male,$157913.75,988775751,IT
620,Annabella,Swyer-Sexey,aswyersexeyh7@sitemeter.com,Female,$914047.52,858906836,IT
621,Corbet,Veeler,cveelerh8@wiley.com,Male,$732537.24,484284350,CC
622,Adele,Labbet,alabbeth9@comcast.net,Female,$814869.25,793967639,IT
623,Marcie,Dreakin,mdreakinha@apple.com,Female,$522868.12,672007747,PP
624,Holmes,Axon,haxonhb@mapy.cz,Male,$833439.23,842327231,CC
625,Cherilynn,Casier,ccasierhc@google.nl,Female,$745684.42,1035685671,PP
626,Dawn,Gainsford,dgainsfordhd@tamu.edu,Female,$316980.94,369189881,CC
627,Thia,Gunther,tguntherhe@zdnet.com,Female,$436821.60,548714169,IT
628,Elvin,Mawdsley,emawdsleyhf@jigsy.com,Male,$529255.84,579552545,CC
629,Layne,Cheasman,lcheasmanhg@cafepress.com,Female,$566332.88,436525426,PP
630,Salvatore,Burridge,sburridgehh@cloudflare.com,Male,$337318.89,52313975,PP
631,Christophorus,Glossop,cglossophi@go.com,Male,$352488.55,390919516,IT
632,Griff,Skamell,gskamellhj@taobao.com,Male,$537139.27,958574157,CC
633,Kitty,Maber,kmaberhk@deliciousdays.com,Female,$579243.26,292759168,PP
634,Muhammad,Hughesdon,mhughesdonhl@vinaora.com,Male,$436164.85,240584208,IT
635,Myrtle,Dean,mdeanhm@answers.com,Female,$634634.21,469514368,PP
636,Lexi,Cridge,lcridgehn@shutterfly.com,Female,$491884.92,930783863,IT
637,Lenette,Hannaford,lhannafordho@vinaora.com,Female,$406905.60,178352101,PP
638,Eamon,Gunner,egunnerhp@a8.net,Male,$608646.97,11711710,IT
639,Beniamino,Rickersy,brickersyhq@paypal.com,Male,$796161.97,45631742,CC
640,Kimmie,Culver,kculverhr@hatena.ne.jp,Female,$368886.01,913499311,PP
641,Shela,Risbie,srisbiehs@tripod.com,Female,$156323.35,716275933,PP
642,Frederica,Mildenhall,fmildenhallht@tinypic.com,Female,$963784.85,983728338,PP
643,Paolina,Rudgley,prudgleyhu@odnoklassniki.ru,Female,$319249.15,152143526,PP
644,Sergeant,Carverhill,scarverhillhv@stumbleupon.com,Male,$571874.35,39334113,IT
645,Ashia,Moro,amorohw@businessinsider.com,Female,$131797.00,402301137,IT
646,Barn,Micah,bmicahhx@sohu.com,Male,$515124.68,442794184,PP
647,Travers,Westcarr,twestcarrhy@google.nl,Male,$271690.25,650872478,IT
648,Georg,Longman,glongmanhz@amazon.co.uk,Male,$765420.22,625914168,IT
649,Marianne,Maddinon,mmaddinoni0@house.gov,Female,$167523.80,926134376,PP
650,Ulrike,Lias,uliasi1@youtu.be,Female,$600615.73,379141924,CC
651,Cicily,Tootin,ctootini2@arizona.edu,Female,$748448.69,350112624,CC
652,Ulrika,Winney,uwinneyi3@squidoo.com,Female,$603731.87,839318874,PP
653,Ainsley,Marflitt,amarflitti4@army.mil,Female,$867179.06,737406118,IT
654,Erena,Wethey,ewetheyi5@alexa.com,Female,$564057.10,790814901,PP
655,Pauletta,Merner,pmerneri6@phpbb.com,Female,$291723.73,202689601,CC
656,Rafferty,Whyffen,rwhyffeni7@blog.com,Male,$113225.46,615074833,PP
657,Laraine,Cargon,lcargoni8@cbsnews.com,Female,$529794.17,337417022,PP
658,Betsey,Philippet,bphilippeti9@hatena.ne.jp,Female,$930493.74,234531248,PP
659,Manda,Mc Meekin,mmcmeekinia@tuttocitta.it,Female,$643135.00,227567356,PP
660,Marthena,Ibbotson,mibbotsonib@domainmarket.com,Female,$678925.10,878632280,CC
661,Jozef,Slayford,jslayfordic@meetup.com,Male,$411047.17,409878151,CC
662,Lars,Hush,lhushid@elegantthemes.com,Male,$968361.12,450207784,CC
663,Bunny,Filochov,bfilochovie@vistaprint.com,Female,$724017.90,845176196,IT
664,Kenton,Brendel,kbrendelif@qq.com,Male,$111142.31,874323614,IT
665,Cecil,Hordle,chordleig@illinois.edu,Male,$426619.96,36135432,CC
666,Rutger,Hurl,rhurlih@ihg.com,Male,$850765.02,678157677,PP
667,Delmer,Millbank,dmillbankii@apple.com,Male,$227247.91,581711697,CC
668,Rey,Annott,rannottij@usda.gov,Female,$912911.99,213093548,CC
669,Monte,Tupper,mtupperik@shinystat.com,Male,$572657.67,174718290,PP
670,Estelle,Gosdin,egosdinil@angelfire.com,Female,$703649.96,474480788,PP
671,Culver,Callinan,ccallinanim@cpanel.net,Male,$850657.11,1029457930,IT
672,Jolee,Faithfull,jfaithfullin@hexun.com,Female,$574709.92,796044511,PP
673,Hattie,Larvin,hlarvinio@pagesperso-orange.fr,Female,$340029.67,179063713,PP
674,Benjy,Sprankling,bspranklingip@uol.com.br,Male,$170789.53,290085431,IT
675,Sophi,Smowton,ssmowtoniq@imgur.com,Female,$815796.95,577399944,CC
676,Arabella,Btham,abthamir@amazonaws.com,Female,$299853.12,417069577,CC
677,Stanly,Lepper,slepperis@google.ru,Male,$428091.09,547426576,PP
678,Richart,Rowland,rrowlandit@wiley.com,Male,$533020.18,1039042122,PP
679,Wynn,Jerrolt,wjerroltiu@naver.com,Male,$505919.47,152720934,IT
680,Cynthia,Pickhaver,cpickhaveriv@samsung.com,Female,$858798.56,795859429,PP
681,Delmore,Whittek,dwhittekiw@so-net.ne.jp,Male,$910741.43,987885509,PP
682,Jorge,Sage,jsageix@census.gov,Male,$841584.18,39331843,CC
683,Englebert,Thoma,ethomaiy@shop-pro.jp,Male,$655250.58,658537176,PP
684,Aurea,Brogi,abrogiiz@g.co,Female,$602401.23,721892025,PP
685,Ian,Lunck,ilunckj0@miibeian.gov.cn,Male,$155301.94,319628796,PP
686,Jeniece,Bye,jbyej1@histats.com,Female,$192851.34,430258005,PP
687,Delinda,Pipes,dpipesj2@arstechnica.com,Female,$134239.99,87040763,PP
688,Philomena,Wickman,pwickmanj3@fda.gov,Female,$791430.47,221212746,IT
689,Carlin,Darey,cdareyj4@ebay.com,Male,$101265.17,447259172,IT
690,Bel,Frontczak,bfrontczakj5@phpbb.com,Female,$117641.29,974156036,PP
691,Deeyn,Gladdor,dgladdorj6@wikipedia.org,Female,$162787.26,751298118,CC
692,Lisbeth,Ert,lertj7@ustream.tv,Female,$706333.72,509566017,IT
693,Berthe,Defond,bdefondj8@eepurl.com,Female,$524703.20,420891247,CC
694,Lori,Wolseley,lwolseleyj9@com.com,Female,$264272.63,27275485,PP
695,Marshal,Cannings,mcanningsja@g.co,Male,$541870.75,706843136,PP
696,Ruggiero,McKelvey,rmckelveyjb@sina.com.cn,Male,$718886.20,570639070,IT
697,Adena,Dauney,adauneyjc@freewebs.com,Female,$644593.75,489093423,IT
698,Alexine,Ruffy,aruffyjd@is.gd,Female,$625580.95,777032300,IT
699,Conn,Duff,cduffje@dailymotion.com,Male,$919817.47,953898612,PP
700,Eziechiele,Harle,eharlejf@amazon.co.uk,Male,$638613.58,619044052,PP
701,Quinton,McQuilliam,qmcquilliamjg@admin.ch,Male,$342526.51,789751093,PP
702,Gannie,Ellcock,gellcockjh@microsoft.com,Male,$840410.78,693057785,PP
703,Shaun,Carrabott,scarrabottji@nba.com,Female,$758108.94,696144511,IT
704,Davis,Maylin,dmaylinjj@constantcontact.com,Male,$656277.88,281680279,CC
705,Magdalene,Mobberley,mmobberleyjk@examiner.com,Female,$657529.45,95935422,CC
706,Peggy,Odcroft,podcroftjl@cpanel.net,Female,$612095.96,444095788,PP
707,Manny,Savell,msavelljm@harvard.edu,Male,$392398.01,472634058,PP
708,Wendy,Japp,wjappjn@stanford.edu,Female,$447810.97,969955894,IT
709,Mel,Ruckman,mruckmanjo@cdc.gov,Male,$545705.23,198272205,IT
710,Ernestus,Dulake,edulakejp@edublogs.org,Male,$763296.36,833280101,IT
711,Toni,Kausche,tkauschejq@github.com,Female,$259316.44,458648354,IT
712,Joshua,Rugiero,jrugierojr@paginegialle.it,Male,$882081.57,542796240,IT
713,Kipp,Ricardot,kricardotjs@w3.org,Female,$935487.63,547009205,PP
714,Lorette,Hugenin,lhugeninjt@narod.ru,Female,$122954.15,629963018,IT
715,Collin,Osmint,cosmintju@livejournal.com,Male,$446718.01,658616210,CC
716,Bethanne,Tolussi,btolussijv@apple.com,Female,$506276.63,359679094,PP
717,Lonni,McKie,lmckiejw@cafepress.com,Female,$555706.88,29164788,PP
718,Anica,O' Dooley,aodooleyjx@theglobeandmail.com,Female,$262678.18,136320247,IT
719,Frederich,Grimmert,fgrimmertjy@printfriendly.com,Male,$422855.48,672873659,PP
720,Waiter,Vautier,wvautierjz@wiley.com,Male,$146480.87,320155068,PP
721,Riley,Santer,rsanterk0@chicagotribune.com,Male,$801487.09,522601172,IT
722,Patton,Woodrough,pwoodroughk1@nature.com,Male,$452921.46,26894392,PP
723,Chuck,Pouck,cpouckk2@miitbeian.gov.cn,Male,$218050.71,176716181,CC
724,Justis,Moss,jmossk3@histats.com,Male,$829576.52,964163240,PP
725,Jacinta,Petroff,jpetroffk4@liveinternet.ru,Female,$384763.51,68220021,IT
726,Katya,Orrobin,korrobink5@sitemeter.com,Female,$175016.49,591829762,PP
727,Bobina,Wolver,bwolverk6@sciencedaily.com,Female,$349825.01,43316129,IT
728,Ernie,Stoddart,estoddartk7@cpanel.net,Male,$163121.39,919695288,IT
729,Yorgos,Cradock,ycradockk8@biblegateway.com,Male,$109568.03,408882781,PP
730,Tannie,Coudray,tcoudrayk9@paginegialle.it,Male,$523906.64,877571057,CC
731,Lana,Afonso,lafonsoka@hud.gov,Female,$108171.53,20401832,CC
732,Martyn,Worland,mworlandkb@shareasale.com,Male,$928166.23,658908668,IT
733,Eziechiele,MacTague,emactaguekc@vistaprint.com,Male,$366442.53,970726474,CC
734,Crystie,Le Moucheux,clemoucheuxkd@dot.gov,Female,$879712.09,374876864,IT
735,Meredith,Fullegar,mfullegarke@pen.io,Female,$651062.05,919651448,IT
736,Alidia,Hussey,ahusseykf@pcworld.com,Female,$554602.25,612992459,IT
737,Binnie,Tewkesbury,btewkesburykg@senate.gov,Female,$410601.31,874334033,IT
738,Tani,Silverlock,tsilverlockkh@about.me,Female,$578266.11,553640576,CC
739,Jerrie,McGuiness,jmcguinesski@vkontakte.ru,Male,$117585.87,561984112,CC
740,Willabella,Swayland,wswaylandkj@samsung.com,Female,$256819.68,827747713,PP
741,Nevsa,Beazer,nbeazerkk@ted.com,Female,$338096.96,485872403,IT
742,Amalee,Machon,amachonkl@printfriendly.com,Female,$202653.70,172010516,PP
743,Barby,Wolfinger,bwolfingerkm@nationalgeographic.com,Female,$529627.19,1021400011,CC
744,Chaddy,Able,cablekn@example.com,Male,$179959.46,458755491,IT
745,Walsh,Huxstep,whuxstepko@nasa.gov,Male,$966195.79,650545713,IT
746,Dale,Bragg,dbraggkp@de.vu,Male,$347021.67,643288466,PP
747,Kylynn,Presdie,kpresdiekq@mapquest.com,Female,$535691.36,632705529,PP
748,Estelle,Dubique,edubiquekr@mail.ru,Female,$374699.61,385712424,CC
749,Wallace,Josefsson,wjosefssonks@unesco.org,Male,$650937.94,625652351,CC
750,Rafaellle,Coke,rcokekt@huffingtonpost.com,Male,$420489.30,8418652,IT
751,Cirillo,Starkings,cstarkingsku@telegraph.co.uk,Male,$275258.72,25628727,PP
752,Roxi,Spat,rspatkv@cam.ac.uk,Female,$332076.05,604915105,IT
753,Zared,Dunthorne,zdunthornekw@xinhuanet.com,Male,$239126.79,904087059,PP
754,Meta,Santoro,msantorokx@miitbeian.gov.cn,Female,$780641.94,121224024,IT
755,Maggy,Tucsell,mtucsellky@statcounter.com,Female,$389524.00,574288875,CC
756,Marcille,O'Kinneally,mokinneallykz@clickbank.net,Female,$340967.58,269767730,PP
757,Berty,Effnert,beffnertl0@about.me,Male,$463633.25,371633646,IT
758,Lesya,Elrick,lelrickl1@sfgate.com,Female,$194993.35,692609560,CC
759,Betta,Krimmer,bkrimmerl2@rediff.com,Female,$924726.83,743338379,CC
760,Justis,Lackie,jlackiel3@seesaa.net,Male,$704847.98,229592917,CC
761,Bernardina,Jenne,bjennel4@examiner.com,Female,$902374.04,837002827,PP
762,Mozelle,Kindleysides,mkindleysidesl5@businessweek.com,Female,$489509.41,740069685,IT
763,Mackenzie,Patey,mpateyl6@aol.com,Male,$237458.34,739636043,PP
764,Cristin,Arran,carranl7@jigsy.com,Female,$196362.07,681211380,IT
765,Xenos,Dalrymple,xdalrymplel8@pinterest.com,Male,$809706.67,423740653,PP
766,Samantha,Searchfield,ssearchfieldl9@squidoo.com,Female,$867554.82,138334535,CC
767,Gardie,Berndt,gberndtla@examiner.com,Male,$408214.60,227525485,IT
768,Gunilla,Sheavills,gsheavillslb@amazon.co.jp,Female,$210328.32,899563022,CC
769,Elizabet,Dufoure,edufourelc@slate.com,Female,$112362.48,205250184,IT
770,Cristobal,McLinden,cmclindenld@wikia.com,Male,$185159.61,520035406,IT
771,Shelagh,Doorey,sdooreyle@people.com.cn,Female,$754218.15,831838445,IT
772,Haily,Jacobowits,hjacobowitslf@bbc.co.uk,Male,$286667.59,632772613,CC
773,Koenraad,Cousins,kcousinslg@dailymotion.com,Male,$920561.07,648831335,IT
774,Harley,Geroldini,hgeroldinilh@imgur.com,Male,$359963.56,357868915,PP
775,Gabbie,Lorman,glormanli@purevolume.com,Male,$271764.30,595374270,IT
776,Camile,Burniston,cburnistonlj@msn.com,Female,$183456.43,528993199,CC
777,Lorianna,Dorow,ldorowlk@webeden.co.uk,Female,$653147.54,156927925,CC
778,Onida,Ortes,oortesll@twitter.com,Female,$214986.27,725132919,IT
779,Eleonora,Robson,erobsonlm@ezinearticles.com,Female,$228809.78,222974255,PP
780,Starla,Naismith,snaismithln@who.int,Female,$524197.49,971795219,PP
781,Millie,Domico,mdomicolo@t.co,Female,$263835.97,161959516,PP
782,Gregoor,Bahls,gbahlslp@histats.com,Male,$878280.49,301204916,PP
783,Jeannette,Waith,jwaithlq@pbs.org,Female,$331087.54,176736718,PP
784,Netty,Zottoli,nzottolilr@skyrock.com,Female,$252232.14,278905819,IT
785,Sinclair,Sidebottom,ssidebottomls@sbwire.com,Male,$595797.33,475883369,IT
786,Schuyler,Eliaz,seliazlt@naver.com,Male,$452123.59,101729057,PP
787,Emmet,Marty,emartylu@goo.gl,Male,$704853.57,238844247,IT
788,Hyacinthe,Penketh,hpenkethlv@hao123.com,Female,$901262.15,470777735,CC
789,Moll,Yeldham,myeldhamlw@people.com.cn,Female,$552802.57,782753622,CC
790,Cristi,Barkess,cbarkesslx@kickstarter.com,Female,$721334.51,391392549,CC
791,Harland,Sharnock,hsharnockly@columbia.edu,Male,$360713.48,391535349,PP
792,Enos,Engeham,eengehamlz@springer.com,Male,$868370.15,64424311,PP
793,Waring,Beavers,wbeaversm0@jigsy.com,Male,$298911.46,987765318,PP
794,Sylvan,Forst,sforstm1@toplist.cz,Male,$391731.44,470875818,CC
795,Aguste,Pattle,apattlem2@sciencedaily.com,Male,$420626.60,112066556,IT
796,Roseline,Turrell,rturrellm3@wired.com,Female,$550093.95,69675772,CC
797,Duane,Dunphy,ddunphym4@un.org,Male,$928964.05,23806759,IT
798,Devon,Holmyard,dholmyardm5@biblegateway.com,Female,$981044.70,1046962428,IT
799,Pierce,Orr,porrm6@accuweather.com,Male,$429579.92,839704198,CC
800,Wes,Cayette,wcayettem7@psu.edu,Male,$269441.58,269357282,CC
801,Evy,Hubeaux,ehubeauxm8@mail.ru,Female,$935906.52,301390032,CC
802,Lorne,Rosi,lrosim9@over-blog.com,Male,$106658.34,744707362,PP
803,Bink,Guerreiro,bguerreiroma@oaic.gov.au,Male,$999044.59,136754281,IT
804,Burk,Gloyens,bgloyensmb@php.net,Male,$517235.69,346338734,PP
805,Dot,Milroy,dmilroymc@lulu.com,Female,$274710.43,731435698,CC
806,Mychal,Cyseley,mcyseleymd@whitehouse.gov,Male,$945724.89,354070973,IT
807,Ninnetta,Spino,nspinome@phpbb.com,Female,$434198.24,718320709,CC
808,Fredericka,Dykas,fdykasmf@tumblr.com,Female,$684739.23,446790775,CC
809,Kristin,Tiffin,ktiffinmg@theglobeandmail.com,Female,$158419.75,689268347,CC
810,Faydra,Brumbye,fbrumbyemh@miibeian.gov.cn,Female,$411293.90,471762875,CC
811,Emlynn,Leaning,eleaningmi@diigo.com,Female,$149099.38,634534431,CC
812,Peggi,Oakwood,poakwoodmj@w3.org,Female,$794280.40,606249527,PP
813,Ky,Baird,kbairdmk@1688.com,Male,$903712.62,661601176,PP
814,Kimball,Hubbold,khubboldml@aol.com,Male,$255649.25,270477192,PP
815,Marty,Blyden,mblydenmm@networkadvertising.org,Male,$186506.61,14802818,IT
816,Hanna,Fawdrie,hfawdriemn@behance.net,Female,$639986.59,788536464,IT
817,Susann,Betty,sbettymo@thetimes.co.uk,Female,$153483.55,558462600,PP
818,Nevsa,Buney,nbuneymp@oaic.gov.au,Female,$524119.88,327385005,CC
819,Lira,Pittham,lpitthammq@dyndns.org,Female,$670802.49,19961176,CC
820,Ray,Kneal,rknealmr@wunderground.com,Female,$619727.64,1032508295,IT
821,Rodney,Wressell,rwressellms@etsy.com,Male,$593609.49,835892886,IT
822,Madge,Forge,mforgemt@angelfire.com,Female,$947849.35,314740192,CC
823,Jeannine,McAulay,jmcaulaymu@list-manage.com,Female,$146477.98,683322162,PP
824,Dominica,Kerr,dkerrmv@disqus.com,Female,$416275.20,117630209,CC
825,Florian,Cashford,fcashfordmw@ebay.co.uk,Male,$757588.30,902838361,IT
826,Burk,Neissen,bneissenmx@bloglines.com,Male,$177040.92,824354112,CC
827,Pru,Jacobsson,pjacobssonmy@tmall.com,Female,$734513.85,895354062,CC
828,Latisha,Allwell,lallwellmz@pbs.org,Female,$380477.20,31032087,PP
829,Flor,O'Towey,fotoweyn0@diigo.com,Female,$710450.34,471192366,IT
830,Quinton,Bloxsum,qbloxsumn1@weather.com,Male,$222438.24,770146535,PP
831,Cal,Reichelt,creicheltn2@taobao.com,Male,$370702.62,579217998,CC
832,Iain,Routhorn,irouthornn3@wufoo.com,Male,$898561.86,307204086,IT
833,Belva,Colegrove,bcolegroven4@bloomberg.com,Female,$423081.78,468797785,IT
834,Coral,Golagley,cgolagleyn5@un.org,Female,$866929.87,154152580,PP
835,Sancho,Mableson,smablesonn6@typepad.com,Male,$859228.24,662623106,CC
836,Nolie,Berrigan,nberrigann7@mac.com,Female,$354851.68,432679918,PP
837,Horst,Berzins,hberzinsn8@twitter.com,Male,$785446.30,260450274,CC
838,Dana,Gamwell,dgamwelln9@ibm.com,Female,$154592.99,45031411,PP
839,Bar,Van der Merwe,bvandermerwena@fastcompany.com,Male,$867935.08,814615407,PP
840,Jourdan,Webburn,jwebburnnb@princeton.edu,Female,$824915.14,138771690,IT
841,Sapphira,Delacroix,sdelacroixnc@sogou.com,Female,$991205.68,520723224,PP
842,Bennett,Legging,bleggingnd@dion.ne.jp,Male,$459836.90,1007334094,PP
843,Glenn,Klaas,gklaasne@printfriendly.com,Male,$653582.58,1022640557,CC
844,Orbadiah,Dunbar,odunbarnf@myspace.com,Male,$229475.95,292808479,IT
845,Holden,Dumphrey,hdumphreyng@eventbrite.com,Male,$629346.64,1004358243,CC
846,Tudor,Letterick,tlettericknh@earthlink.net,Male,$286707.36,822500499,PP
847,Tybalt,Weldon,tweldonni@diigo.com,Male,$265750.53,906316415,PP
848,Maxi,Raeburn,mraeburnnj@bloglovin.com,Female,$594656.48,158196452,PP
849,Nannie,Vasyukov,nvasyukovnk@webeden.co.uk,Female,$970647.15,1030019007,IT
850,Nester,Brasher,nbrashernl@epa.gov,Male,$542182.74,198473153,CC
851,Anastassia,Dutnell,adutnellnm@a8.net,Female,$768210.89,939096108,CC
852,Paton,Seaborne,pseabornenn@com.com,Male,$245336.17,281829268,IT
853,Cesare,Sims,csimsno@purevolume.com,Male,$294626.35,1037659208,CC
854,Perren,Cleever,pcleevernp@senate.gov,Male,$820104.85,787873291,CC
855,Sarine,Glede,sgledenq@is.gd,Female,$702041.84,628028933,IT
856,Mart,Redfield,mredfieldnr@yandex.ru,Male,$487990.64,40107850,CC
857,Caddric,Cuming,ccumingns@hexun.com,Male,$946897.13,359183258,CC
858,Wells,Folca,wfolcant@ow.ly,Male,$210538.41,542508405,IT
859,Arman,Kirkbright,akirkbrightnu@weather.com,Male,$159583.09,76315587,IT
860,Rebeka,Gitsham,rgitshamnv@etsy.com,Female,$612443.87,14773243,PP
861,Glad,Lamanby,glamanbynw@icio.us,Female,$934808.06,684845055,CC
862,Ginevra,Cabrer,gcabrernx@g.co,Female,$826534.07,532418077,PP
863,Rube,Martinets,rmartinetsny@cnn.com,Male,$107934.32,981126103,PP
864,Arron,Lilburn,alilburnnz@apple.com,Male,$427770.92,142309574,CC
865,Jackelyn,Melbourne,jmelbourneo0@hhs.gov,Female,$492189.97,798305114,IT
866,Lydia,Willshire,lwillshireo1@cnn.com,Female,$922166.37,759501545,IT
867,Dorolice,Tonn,dtonno2@microsoft.com,Female,$623502.22,303023807,CC
868,Melloney,Baines,mbaineso3@histats.com,Female,$951867.14,669155081,PP
869,Tamarah,Beldom,tbeldomo4@surveymonkey.com,Female,$386697.67,11803584,CC
870,Granger,Theurer,gtheurero5@nasa.gov,Male,$248698.99,861792435,IT
871,Marla,Luter,mlutero6@acquirethisname.com,Female,$949946.76,113438827,CC
872,Doralyn,Bartol,dbartolo7@google.com.hk,Female,$468923.82,228234830,IT
873,Corinne,Easthope,ceasthopeo8@cocolog-nifty.com,Female,$873227.11,170208556,PP
874,Alissa,Ludlamme,aludlammeo9@archive.org,Female,$152743.12,907094384,IT
875,Jenelle,Constable,jconstableoa@surveymonkey.com,Female,$720940.41,745697498,PP
876,Abdul,Lichfield,alichfieldob@sogou.com,Male,$791680.70,930484988,IT
877,Agnes,Garr,agarroc@harvard.edu,Female,$614789.47,707983689,CC
878,Dee,Fairlamb,dfairlambod@mit.edu,Female,$501504.91,188276509,IT
879,Elnora,Bugdale,ebugdaleoe@lycos.com,Female,$328479.32,134074141,CC
880,Patrica,Portingale,pportingaleof@360.cn,Female,$196627.19,299554157,IT
881,Bronny,Kindleside,bkindlesideog@addtoany.com,Male,$709250.95,360820149,PP
882,Linn,Deverall,ldeveralloh@altervista.org,Female,$472933.28,86977440,IT
883,Edy,Batchelour,ebatchelouroi@scribd.com,Female,$677238.99,266586271,CC
884,Aila,Palatini,apalatinioj@feedburner.com,Female,$429369.83,113160247,PP
885,Cary,Spyvye,cspyvyeok@wufoo.com,Male,$909765.00,1021883810,CC
886,Clemente,Klewer,cklewerol@delicious.com,Male,$700729.07,128855007,CC
887,Phineas,Breckwell,pbreckwellom@biglobe.ne.jp,Male,$507702.89,42083960,IT
888,Weston,Spira,wspiraon@irs.gov,Male,$875979.44,1012398455,CC
889,Lucila,Thirsk,lthirskoo@redcross.org,Female,$588214.91,917853947,PP
890,El,Shaxby,eshaxbyop@wordpress.com,Male,$239557.35,730468503,IT
891,Thatch,Pennock,tpennockoq@reference.com,Male,$532477.58,323469367,CC
892,Inger,Champley,ichampleyor@ftc.gov,Male,$464056.19,840049037,CC
893,Sylas,Pavluk,spavlukos@springer.com,Male,$320188.92,707509401,PP
894,Howie,Fearey,hfeareyot@hao123.com,Male,$662617.80,47085774,IT
895,Jessy,Maidstone,jmaidstoneou@java.com,Female,$185749.93,922077767,CC
896,Ellwood,Frearson,efrearsonov@pinterest.com,Male,$509990.11,165733668,IT
897,Mervin,Trow,mtrowow@twitter.com,Male,$979772.75,211963120,IT
898,Stuart,Lewry,slewryox@ask.com,Male,$556409.17,608863146,CC
899,Moise,Elsmore,melsmoreoy@fastcompany.com,Male,$222963.21,354267268,PP
900,Viki,Bresner,vbresneroz@taobao.com,Female,$824073.19,23457207,CC
901,Ramon,Thaxton,rthaxtonp0@stanford.edu,Male,$414562.98,163792532,PP
902,Sutherland,Rosendale,srosendalep1@people.com.cn,Male,$449264.35,50150452,PP
903,Ilene,Clarson,iclarsonp2@gov.uk,Female,$448552.86,284416010,IT
904,Glenine,Manon,gmanonp3@cam.ac.uk,Female,$603746.32,776330009,CC
905,Matt,Lanning,mlanningp4@tripod.com,Male,$500849.94,935704537,IT
906,Joshia,Simmill,jsimmillp5@guardian.co.uk,Male,$909095.68,873217907,PP
907,Tamarra,Kupper,tkupperp6@simplemachines.org,Female,$258828.80,381422676,CC
908,Charmion,O'Hoolahan,cohoolahanp7@nih.gov,Female,$981301.27,44335281,PP
909,Francis,Pealing,fpealingp8@ebay.co.uk,Male,$330882.74,28566632,PP
910,Lindi,Yanshin,lyanshinp9@surveymonkey.com,Female,$988341.83,157448259,IT
911,Clarie,Meconi,cmeconipa@yale.edu,Female,$328930.87,888333661,CC
912,Hale,Tanby,htanbypb@constantcontact.com,Male,$175014.48,446645786,IT
913,Danni,Cafferky,dcafferkypc@tinyurl.com,Female,$599273.45,131920917,CC
914,Fernande,Tucsell,ftucsellpd@ustream.tv,Female,$468613.84,418433821,PP
915,Paulie,Younglove,pyounglovepe@newsvine.com,Male,$630754.56,153177290,PP
916,Mahalia,Pavek,mpavekpf@blog.com,Female,$387049.08,1043804243,IT
917,Aubrette,Roseman,arosemanpg@dagondesign.com,Female,$810630.10,556465241,CC
918,Alley,Tarpey,atarpeyph@themeforest.net,Male,$905302.46,427539772,IT
919,Goober,Duffet,gduffetpi@goodreads.com,Male,$461414.95,393091053,PP
920,Falito,Blenkin,fblenkinpj@nps.gov,Male,$344775.83,331107632,PP
921,Leon,Rosenthal,lrosenthalpk@blogger.com,Male,$448382.24,35296670,PP
922,Bev,Rosedale,brosedalepl@youtu.be,Male,$399582.48,801465203,IT
923,Herman,Othen,hothenpm@freewebs.com,Male,$891607.64,624081637,PP
924,Gavin,Tyas,gtyaspn@guardian.co.uk,Male,$548770.33,938281940,IT
925,Tremain,Willas,twillaspo@edublogs.org,Male,$767409.91,325496283,IT
926,Natalina,Compfort,ncompfortpp@hostgator.com,Female,$901068.37,236160445,IT
927,Cort,Beamson,cbeamsonpq@nbcnews.com,Male,$830698.23,120979933,CC
928,Bevon,Glenister,bglenisterpr@sourceforge.net,Male,$230492.37,861706490,IT
929,Allie,Barber,abarberps@ovh.net,Female,$888427.72,216355764,PP
930,Kerry,Jirusek,kjirusekpt@amazon.com,Female,$283295.18,940687150,CC
931,Tremaine,Symes,tsymespu@mashable.com,Male,$984357.46,942889312,CC
932,Darbie,Cottee,dcotteepv@blogspot.com,Female,$402341.32,312612519,PP
933,Max,Cromblehome,mcromblehomepw@globo.com,Male,$309173.47,812665648,IT
934,Esme,McGurgan,emcgurganpx@prlog.org,Female,$406222.95,166936280,CC
935,May,Denmead,mdenmeadpy@usa.gov,Female,$160260.27,300588145,PP
936,Camel,Turgoose,cturgoosepz@nationalgeographic.com,Female,$390151.46,803725918,CC
937,Tristan,Andrusyak,tandrusyakq0@typepad.com,Male,$919506.28,1005654143,PP
938,Saxon,Toun,stounq1@histats.com,Male,$460108.70,243966727,PP
939,Yvor,Odhams,yodhamsq2@lulu.com,Male,$379424.29,912414075,IT
940,Alexandros,Whight,awhightq3@latimes.com,Male,$233263.85,729075508,CC
941,Nev,Clears,nclearsq4@mapy.cz,Male,$741356.17,913474377,IT
942,Allie,Jorn,ajornq5@instagram.com,Male,$624248.33,219829689,IT
943,Basia,Gaskill,bgaskillq6@wix.com,Female,$168327.83,300345405,PP
944,Ingram,Abson,iabsonq7@zimbio.com,Male,$463642.72,39082403,CC
945,Eb,Josuweit,ejosuweitq8@jalbum.net,Male,$928533.72,834148138,IT
946,Glyn,Feria,gferiaq9@xinhuanet.com,Female,$515956.88,637067662,IT
947,Becca,Lythgoe,blythgoeqa@wisc.edu,Female,$218903.19,386466057,CC
948,Stafford,Boig,sboigqb@eepurl.com,Male,$742713.67,82183402,IT
949,Humberto,Simmill,hsimmillqc@joomla.org,Male,$936471.78,12587547,PP
950,Hilary,Chazerand,hchazerandqd@yandex.ru,Male,$533189.66,641122068,PP
951,Carmencita,Kesper,ckesperqe@newyorker.com,Female,$227293.38,587857851,IT
952,Xymenes,Runnacles,xrunnaclesqf@1688.com,Male,$115551.63,432637973,IT
953,Toinette,Pearton,tpeartonqg@amazon.com,Female,$145241.11,782653835,CC
954,Heriberto,Ashbee,hashbeeqh@networkadvertising.org,Male,$678444.86,331394220,CC
955,Eldredge,De la Zenne,edelazenneqi@redcross.org,Male,$401655.89,584259419,PP
956,Beverlie,Gwyllt,bgwylltqj@bbc.co.uk,Female,$763743.41,596720354,PP
957,Gregorio,Benwell,gbenwellqk@live.com,Male,$582356.12,233694685,CC
958,Halsey,McCumesky,hmccumeskyql@sciencedaily.com,Male,$713520.62,311088583,CC
959,Nickolai,Havick,nhavickqm@japanpost.jp,Male,$759619.58,870936510,CC
960,Kingsley,Dring,kdringqn@printfriendly.com,Male,$561124.48,490511989,CC
961,Damian,Elton,deltonqo@csmonitor.com,Male,$520337.15,553874996,CC
962,Kally,Shuttleworth,kshuttleworthqp@symantec.com,Female,$508358.23,391477051,PP
963,Rosemonde,Larose,rlaroseqq@php.net,Female,$303913.55,877756275,PP
964,Drud,Goodley,dgoodleyqr@kickstarter.com,Male,$565307.50,905292772,PP
965,Nicolas,Moreno,nmorenoqs@ed.gov,Male,$339943.82,818226372,IT
966,Melitta,Futty,mfuttyqt@paypal.com,Female,$969530.99,173965793,CC
967,Manuel,Dedden,mdeddenqu@360.cn,Male,$952535.04,303339071,PP
968,Clarissa,Stooke,cstookeqv@eventbrite.com,Female,$448484.14,152287998,IT
969,Blisse,Pessler,bpesslerqw@ibm.com,Female,$915220.01,324742609,CC
970,Johnath,Wallege,jwallegeqx@privacy.gov.au,Female,$239032.64,678418904,IT
971,Joseph,Ilyunin,jilyuninqy@google.nl,Male,$814405.74,797218176,IT
972,Julina,Waitland,jwaitlandqz@sciencedirect.com,Female,$732050.07,533868653,PP
973,Elsinore,Lemmers,elemmersr0@163.com,Female,$901435.10,736731955,PP
974,Theo,Sange,tsanger1@ucla.edu,Male,$693738.19,541249485,CC
975,Tracy,Gallard,tgallardr2@rediff.com,Female,$649504.46,569563846,IT
976,Juliane,Ivie,jivier3@etsy.com,Female,$634529.33,791125568,IT
977,Kin,Garnham,kgarnhamr4@cbc.ca,Male,$163201.02,826894884,IT
978,Millisent,Gleeson,mgleesonr5@com.com,Female,$760317.94,837051907,PP
979,Candis,Putley,cputleyr6@cisco.com,Female,$196285.43,937056712,PP
980,Prescott,Drury,pdruryr7@altervista.org,Male,$912550.97,21178866,PP
981,Elnora,Albiston,ealbistonr8@spotify.com,Female,$796774.38,324865848,PP
982,Arleyne,Caze,acazer9@twitter.com,Female,$753520.91,559316257,IT
983,Tracie,Walls,twallsra@marriott.com,Male,$472271.76,834898731,PP
984,Carilyn,Rames,cramesrb@ihg.com,Female,$318764.49,805332353,PP
985,Geoffry,Fido,gfidorc@mediafire.com,Male,$662833.46,50823333,IT
986,Chase,Treagus,ctreagusrd@wired.com,Male,$108872.04,28830948,PP
987,Sam,O'Dea,sodeare@123-reg.co.uk,Female,$574758.18,256876533,IT
988,Bev,Durbyn,bdurbynrf@example.com,Female,$211833.93,714316974,IT
989,Immanuel,Brugh,ibrughrg@weather.com,Male,$876544.73,288661754,IT
990,Alexia,Aery,aaeryrh@economist.com,Female,$855204.27,288147471,PP
991,Bronnie,Kahn,bkahnri@go.com,Male,$546665.84,104891000,CC
992,Lucky,Provis,lprovisrj@typepad.com,Female,$865576.32,789345781,CC
993,Geoffrey,Harridge,gharridgerk@cnet.com,Male,$423984.89,110648057,IT
994,Stephani,Artindale,sartindalerl@adobe.com,Female,$404302.82,867296541,IT
995,Rici,Ayers,rayersrm@icio.us,Female,$368289.11,682530769,CC
996,Tatum,Brazil,tbrazilrn@usda.gov,Female,$520283.45,335114966,IT
997,Benedicto,Iacobacci,biacobacciro@psu.edu,Male,$553404.75,821282178,IT
998,Jillana,Viggars,jviggarsrp@addtoany.com,Female,$741197.76,811574115,IT
999,Conny,Josuweit,cjosuweitrq@unicef.org,Male,$619000.98,321427528,IT
1000,Fitz,Scoble,fscoblerr@g.co,Male,$392269.63,699952915,IT
