id,nombre,apellido,email,genero,valor_tx,numero_identificacion,tipo_identificacion
1,Guthrie,Wessing,gwessing0@webnode.com,Male,$546376.70,112008988,CC
2,Mora,Goshawke,mgoshawke1@springer.com,Female,$119685.73,547726940,IT
3,Salvatore,Norridge,snorridge2@chicagotribune.com,Male,$839056.18,791524644,IT
4,Vanessa,Ellin,vellin3@phpbb.com,Female,$846744.84,305089869,IT
5,Amalee,Howman,ahowman4@taobao.com,Female,$594618.03,30654564,PP
6,Rosalinda,Wibrew,rwibrew5@telegraph.co.uk,Female,$626306.23,979473461,PP
7,Lukas,Carff,lcarff6@hhs.gov,Male,$865306.31,670279094,PP
8,Corrie,Hawe,chawe7@dyndns.org,Female,$596769.94,215868043,PP
9,Paulette,Rosellini,prosellini8@webeden.co.uk,Female,$616248.84,690690699,CC
10,North,Eadington,neadington9@surveymonkey.com,Male,$965903.01,333114607,PP
11,Tracy,Kmicicki,tkmicickia@sciencedirect.com,Female,$722416.52,513472008,PP
12,Curcio,Le Breton De La Vieuville,clebretondelavieuvilleb@bing.com,Male,$483416.69,58091799,PP
13,Anabelle,Clancy,aclancyc@aol.com,Female,$540608.78,14399734,CC
14,Jerome,Ducaen,jducaend@ebay.co.uk,Male,$757547.34,278206621,PP
15,Averell,McGauhy,amcgauhye@soup.io,Male,$118424.08,323603498,CC
16,Duky,Whimp,dwhimpf@illinois.edu,Male,$765915.23,884773811,CC
17,Jermaine,Oxenford,joxenfordg@networksolutions.com,Female,$363555.03,785270617,IT
18,Mary,McKinless,mmckinlessh@jalbum.net,Female,$262270.15,1008401933,IT
19,Dorthy,Burnes,dburnesi@ow.ly,Female,$464791.37,351791159,PP
20,Lorita,Sanger,lsangerj@opera.com,Female,$391693.23,569547262,CC
21,Jared,Whitwood,jwhitwoodk@theglobeandmail.com,Male,$229684.54,332786986,CC
22,Kinny,Melladew,kmelladewl@posterous.com,Male,$249003.96,1003340440,IT
23,Anny,Haliburn,ahaliburnm@github.io,Female,$807718.34,987949336,IT
24,Seward,Gorrissen,sgorrissenn@taobao.com,Male,$769936.85,748349423,IT
25,Alie,Gronauer,agronauero@surveymonkey.com,Female,$388514.99,697556130,PP
26,Cinnamon,Lack,clackp@icq.com,Female,$609817.14,531770450,IT
27,Barney,D'Alesio,bdalesioq@scientificamerican.com,Male,$249319.63,779893424,CC
28,Coleen,Brunsen,cbrunsenr@dmoz.org,Female,$643822.21,682151871,PP
29,Hugh,Woodley,hwoodleys@ihg.com,Male,$261962.44,43435531,CC
30,Vonni,Fossord,vfossordt@ox.ac.uk,Female,$461646.29,704924166,CC
31,Krystal,Dimitriev,kdimitrievu@dropbox.com,Female,$415154.52,135092464,IT
32,Pia,Monnoyer,pmonnoyerv@bandcamp.com,Female,$626541.36,407713773,PP
33,Melva,Smythin,msmythinw@ed.gov,Female,$382768.56,206783602,IT
34,Cherianne,Shawyers,cshawyersx@army.mil,Female,$326118.64,273402340,CC
35,Symon,Kerrich,skerrichy@opensource.org,Male,$304322.36,602149194,PP
36,Geraldine,Badger,gbadgerz@unicef.org,Female,$480227.45,951125687,CC
37,Eal,Llewellen,ellewellen10@blogtalkradio.com,Male,$558386.31,792722979,PP
38,Hillel,Creavin,hcreavin11@wufoo.com,Male,$931369.39,345570234,CC
39,Berri,Densumbe,bdensumbe12@dedecms.com,Female,$797801.67,896494774,PP
40,Bryn,Bretelle,bbretelle13@yahoo.co.jp,Male,$936189.71,362547291,IT
41,Lorry,Parysiak,lparysiak14@homestead.com,Female,$519161.53,608391172,PP
42,Shelbi,Coltart,scoltart15@bloglovin.com,Female,$906910.07,601155828,IT
43,Morley,Dorken,mdorken16@ifeng.com,Male,$890321.67,500870902,IT
44,Aaron,Frany,afrany17@cdc.gov,Male,$898023.11,401595763,PP
45,Albrecht,Stuchberry,astuchberry18@bravesites.com,Male,$837518.28,29165011,IT
46,Charmian,Castagne,ccastagne19@prnewswire.com,Female,$234665.54,455084614,IT
47,Dacie,Surmon,dsurmon1a@furl.net,Female,$184743.37,705055584,CC
48,Kimberly,Bagg,kbagg1b@prlog.org,Female,$692519.79,570854158,CC
49,Xymenes,Borsi,xborsi1c@un.org,Male,$287163.64,979574881,PP
50,Kirk,Cowley,kcowley1d@weibo.com,Male,$609225.60,727150486,IT
51,Oralle,Pre,opre1e@mapquest.com,Female,$550225.20,74988151,CC
52,Berkie,Covolini,bcovolini1f@addtoany.com,Male,$486046.57,106740048,PP
53,Paolina,Houson,phouson1g@soup.io,Female,$108949.03,601201499,CC
54,Sileas,Planks,splanks1h@gizmodo.com,Female,$650285.80,646434722,PP
55,Crosby,Cornner,ccornner1i@hud.gov,Male,$995821.64,442103483,CC
56,Genevra,Ferrillio,gferrillio1j@jalbum.net,Female,$501630.69,1015040912,PP
57,Chase,Jakoubec,cjakoubec1k@gravatar.com,Male,$181577.17,1012398530,PP
58,Don,Sherston,dsherston1l@dailymail.co.uk,Male,$264092.23,175787174,IT
59,Cicely,Klimuk,cklimuk1m@scribd.com,Female,$156243.71,865778069,PP
60,Winnifred,Sloley,wsloley1n@moonfruit.com,Female,$158493.97,516346789,CC
61,Bartholomeo,Hiom,bhiom1o@1688.com,Male,$847882.20,988342439,PP
62,Horten,Swayte,hswayte1p@telegraph.co.uk,Male,$503688.82,123084974,CC
63,Jayne,Matchett,jmatchett1q@dion.ne.jp,Female,$303192.25,566035145,PP
64,Felipe,Goodfellowe,fgoodfellowe1r@yelp.com,Male,$671145.81,378214450,CC
65,Dirk,Vanin,dvanin1s@google.co.uk,Male,$211206.30,350096130,CC
66,Clarita,Wilber,cwilber1t@nydailynews.com,Female,$710412.83,452133389,CC
67,Gaylord,Tummons,gtummons1u@nifty.com,Male,$679540.48,432974997,PP
68,Matilde,Adrienne,madrienne1v@cmu.edu,Female,$393338.10,593342290,IT
69,Hadley,Outerbridge,houterbridge1w@meetup.com,Male,$569499.02,697571704,PP
70,Jermaine,Riccardo,jriccardo1x@cnet.com,Male,$127363.17,834378247,IT
71,Marge,Conville,mconville1y@linkedin.com,Female,$281029.78,624467687,PP
72,Ellis,Sherel,esherel1z@github.com,Male,$784062.89,808021422,IT
73,Kimberlyn,McGonagle,kmcgonagle20@apache.org,Female,$288407.10,927527678,PP
74,Sabra,Portam,sportam21@dedecms.com,Female,$940673.90,15883214,CC
75,Quentin,Lismer,qlismer22@utexas.edu,Female,$569418.02,83704647,IT
76,Jaime,Maskelyne,jmaskelyne23@vimeo.com,Male,$119578.94,94052178,PP
77,Darbie,Blunsen,dblunsen24@biblegateway.com,Female,$894754.43,734956111,PP
78,Catlaina,Aslott,caslott25@apple.com,Female,$970054.47,12743426,PP
79,Ezra,Baselio,ebaselio26@dell.com,Male,$984260.18,144381254,PP
80,Benton,Hugnin,bhugnin27@vkontakte.ru,Male,$611470.56,958934685,PP
81,Talbot,Bungey,tbungey28@rediff.com,Male,$622658.51,350579888,IT
82,Donia,Mumberson,dmumberson29@privacy.gov.au,Female,$582136.55,535524351,CC
83,Leroy,Lochrie,llochrie2a@deliciousdays.com,Male,$365552.46,106152528,IT
84,Veronika,Thormwell,vthormwell2b@ovh.net,Female,$590645.38,268383135,CC
85,Jerri,Cockill,jcockill2c@netscape.com,Male,$875565.85,875991769,CC
86,Pren,Rough,prough2d@cam.ac.uk,Male,$739928.64,925115852,CC
87,Irv,Brocklehurst,ibrocklehurst2e@miitbeian.gov.cn,Male,$525192.10,723492042,IT
88,Olvan,Daubeny,odaubeny2f@51.la,Male,$555821.40,27453968,PP
89,Gabriel,Chatt,gchatt2g@miitbeian.gov.cn,Male,$575196.84,930570769,PP
90,Christie,Benner,cbenner2h@qq.com,Female,$561254.01,561978673,IT
91,Gerik,Becaris,gbecaris2i@wikimedia.org,Male,$433898.24,947945131,CC
92,Erma,Loxton,eloxton2j@51.la,Female,$534807.15,687570273,CC
93,Aile,Lasseter,alasseter2k@mlb.com,Female,$265710.18,579315081,CC
94,Lesly,Pynner,lpynner2l@google.fr,Female,$829840.89,711227341,CC
95,Jaquith,Bussy,jbussy2m@behance.net,Female,$678839.36,471404549,IT
96,Pooh,Ingolotti,pingolotti2n@state.gov,Male,$299577.86,98194783,PP
97,Lavinie,Riggeard,lriggeard2o@a8.net,Female,$536208.43,985117174,CC
98,Dorelle,Cluett,dcluett2p@bluehost.com,Female,$929160.70,173368113,PP
99,Dewitt,Matthieson,dmatthieson2q@craigslist.org,Male,$558629.38,547325080,PP
100,Corrina,McCrillis,cmccrillis2r@illinois.edu,Female,$563178.59,993984377,CC
101,Nikola,Vahey,nvahey2s@squidoo.com,Male,$953478.30,512544324,CC
102,Shalna,Crunkhorn,scrunkhorn2t@nih.gov,Female,$363960.21,780123341,IT
103,Hettie,Antoshin,hantoshin2u@g.co,Female,$193181.13,739459942,IT
104,Correna,Studders,cstudders2v@columbia.edu,Female,$620541.85,309790571,CC
105,Mariya,Robbert,mrobbert2w@ustream.tv,Female,$422279.11,348940842,CC
106,Culley,Cantwell,ccantwell2x@icio.us,Male,$897833.36,556033944,CC
107,Galina,Ferroni,gferroni2y@sogou.com,Female,$493600.44,1028490546,CC
108,Field,Impy,fimpy2z@google.pl,Male,$870892.48,384791977,IT
109,Myrtice,Caras,mcaras30@google.com.hk,Female,$801903.80,876173467,PP
110,Markus,Adenet,madenet31@list-manage.com,Male,$755240.34,24559776,IT
111,Heriberto,Birth,hbirth32@vk.com,Male,$914066.26,475716316,PP
112,Marylee,Della Scala,mdellascala33@pinterest.com,Female,$964578.86,192039519,IT
113,Merilee,Bonnavant,mbonnavant34@wix.com,Female,$297530.79,958247410,CC
114,Nolan,Yerby,nyerby35@wisc.edu,Male,$628013.91,851826003,CC
115,Walsh,Patrie,wpatrie36@aol.com,Male,$605695.15,384646781,CC
116,Gussie,Pentony,gpentony37@mac.com,Female,$166377.58,538858086,PP
117,Wyn,Farnie,wfarnie38@cyberchimps.com,Male,$738819.30,385182212,PP
118,Saraann,Duns,sduns39@1688.com,Female,$782885.70,508055092,CC
119,Shurlocke,Scrivenor,sscrivenor3a@noaa.gov,Male,$972276.40,501611432,CC
120,Madelle,Cluelow,mcluelow3b@fc2.com,Female,$461790.95,192279030,CC
121,Tyrone,Kelner,tkelner3c@cam.ac.uk,Male,$880340.43,892587267,CC
122,Loria,Tollemache,ltollemache3d@newyorker.com,Female,$463477.23,820104445,CC
123,Sylvia,Uzelli,suzelli3e@yellowpages.com,Female,$719585.36,843573281,PP
124,Tressa,Persehouse,tpersehouse3f@hugedomains.com,Female,$290773.46,658416095,CC
125,Josselyn,Dillestone,jdillestone3g@usatoday.com,Female,$976947.64,711179585,IT
126,Rycca,Ottley,rottley3h@php.net,Female,$637552.99,131694859,PP
127,Zorah,Blunn,zblunn3i@cmu.edu,Female,$522264.98,583786676,IT
128,Crista,Taaffe,ctaaffe3j@bbc.co.uk,Female,$144945.83,332685310,PP
129,Nil,Switzer,nswitzer3k@whitehouse.gov,Male,$311504.55,192309736,PP
130,Shaughn,Cordova,scordova3l@arstechnica.com,Male,$287979.75,717735628,PP
131,Cathlene,Laffin,claffin3m@addthis.com,Female,$936428.52,612864937,IT
132,Frederigo,Keming,fkeming3n@webs.com,Male,$420756.08,749248592,CC
133,Dorthea,Newport,dnewport3o@msu.edu,Female,$411519.41,981163989,PP
134,Ken,Roelofsen,kroelofsen3p@nasa.gov,Male,$387159.33,598190783,PP
135,Louisa,Rushforth,lrushforth3q@feedburner.com,Female,$107088.70,919626412,PP
136,Dorry,Petrowsky,dpetrowsky3r@scientificamerican.com,Female,$944817.14,565445845,IT
137,Audry,Haliday,ahaliday3s@biglobe.ne.jp,Female,$154202.30,45068598,PP
138,Berrie,Papez,bpapez3t@gravatar.com,Female,$292240.61,900895359,CC
139,Traver,Hilliam,thilliam3u@webnode.com,Male,$473755.18,90939197,CC
140,Ernest,Cubbon,ecubbon3v@elpais.com,Male,$659855.25,177328484,CC
141,Kalina,Crumby,kcrumby3w@tiny.cc,Female,$316405.85,206859604,PP
142,Benedicta,Hornig,bhornig3x@hp.com,Female,$423341.17,484527749,CC
143,Shane,MacAindreis,smacaindreis3y@intel.com,Female,$996072.33,478337695,IT
144,Mindy,Pilipets,mpilipets3z@wired.com,Female,$785475.61,1002623155,CC
145,Selene,Greenman,sgreenman40@google.com.hk,Female,$768565.93,941055942,PP
146,Dallis,Barnwall,dbarnwall41@gmpg.org,Male,$270705.24,199317857,CC
147,Belva,Riolfo,briolfo42@unc.edu,Female,$600259.58,425906420,CC
148,Lelah,State,lstate43@usa.gov,Female,$376678.15,42991576,CC
149,Tamarra,Coling,tcoling44@meetup.com,Female,$985430.63,997114861,IT
150,Dallon,Harsant,dharsant45@microsoft.com,Male,$760734.47,458654765,PP
151,Cornelle,Dovidaitis,cdovidaitis46@google.com.au,Female,$401624.13,667208147,PP
152,Bruno,Matysik,bmatysik47@cam.ac.uk,Male,$459373.49,719794326,CC
153,Caroljean,Craft,ccraft48@over-blog.com,Female,$806283.31,93909949,CC
154,Jayson,Tupling,jtupling49@amazon.co.jp,Male,$574293.47,1000689928,PP
155,Ferdy,Le Conte,fleconte4a@infoseek.co.jp,Male,$974130.37,693585255,CC
156,Cynthia,Davet,cdavet4b@skyrock.com,Female,$737855.03,899653984,IT
157,Lindsay,Witherop,lwitherop4c@clickbank.net,Female,$346189.70,1013813989,CC
158,Louis,Breckenridge,lbreckenridge4d@google.co.uk,Male,$751674.77,28428205,PP
159,Cari,Issac,cissac4e@mayoclinic.com,Female,$579434.38,869057822,CC
160,Denise,Callis,dcallis4f@devhub.com,Female,$899773.06,13872653,CC
161,Tobias,Krinks,tkrinks4g@trellian.com,Male,$732441.01,583601296,PP
162,Cilka,Gadaud,cgadaud4h@aboutads.info,Female,$479924.65,1030492120,PP
163,Blake,Dublin,bdublin4i@ox.ac.uk,Male,$754961.00,234824569,PP
164,Marianna,Grosier,mgrosier4j@sfgate.com,Female,$351908.92,1044972774,CC
165,Aurel,Sparshett,asparshett4k@devhub.com,Female,$907480.54,656104347,CC
166,Lou,Sandiland,lsandiland4l@ezinearticles.com,Male,$477373.01,294673429,CC
167,Linus,Falconar,lfalconar4m@huffingtonpost.com,Male,$821963.01,179936002,PP
168,Vinson,Whitecross,vwhitecross4n@nsw.gov.au,Male,$139438.30,28812425,CC
169,Miner,Butterfill,mbutterfill4o@apache.org,Male,$941983.92,373910753,CC
170,Cathlene,Cheesman,ccheesman4p@is.gd,Female,$394872.59,542203998,CC
171,Jillene,Vannuccini,jvannuccini4q@cloudflare.com,Female,$140296.22,973286247,CC
172,Jayme,Pumphrey,jpumphrey4r@unicef.org,Male,$521238.27,310001413,PP
173,Mitzi,Skalls,mskalls4s@biblegateway.com,Female,$347604.34,963696441,CC
174,Yancey,Sherrock,ysherrock4t@biglobe.ne.jp,Male,$976125.25,694307565,CC
175,Ernestine,Ravenshear,eravenshear4u@eventbrite.com,Female,$147610.31,66288079,IT
176,Jenna,Bramwell,jbramwell4v@fastcompany.com,Female,$484791.39,18827950,CC
177,Ford,Hullock,fhullock4w@miitbeian.gov.cn,Male,$408602.42,396868225,CC
178,Candra,Plan,cplan4x@discuz.net,Female,$372807.26,706510370,PP
179,Vasili,Opy,vopy4y@forbes.com,Male,$142881.20,769673396,PP
180,Gregg,Francescone,gfrancescone4z@google.es,Male,$154529.86,325655495,CC
181,Corbett,Vallery,cvallery50@w3.org,Male,$722158.65,318893150,IT
182,Bendicty,Ganiclef,bganiclef51@opensource.org,Male,$682223.96,103383616,PP
183,Darcy,Beart,dbeart52@google.it,Male,$140452.52,12142096,IT
184,Judye,Reen,jreen53@linkedin.com,Female,$695494.11,819241308,IT
185,Murvyn,Beirne,mbeirne54@nsw.gov.au,Male,$821510.64,640849542,CC
186,Terrijo,Penddreth,tpenddreth55@rambler.ru,Female,$528391.21,93861790,IT
187,Arabela,Clotworthy,aclotworthy56@gov.uk,Female,$506341.52,24852522,CC
188,Gav,Floodgate,gfloodgate57@csmonitor.com,Male,$621240.57,917093816,CC
189,Ezra,Leftley,eleftley58@google.com.hk,Male,$632917.90,81213644,IT
190,Reidar,Sarfatti,rsarfatti59@pagesperso-orange.fr,Male,$729011.38,905671152,PP
191,Almira,Ashbey,aashbey5a@taobao.com,Female,$692654.21,552827376,IT
192,Rollins,Huckett,rhuckett5b@fastcompany.com,Male,$988701.91,381909646,PP
193,Bogey,Doore,bdoore5c@guardian.co.uk,Male,$301521.84,147089202,PP
194,Kary,Wimms,kwimms5d@mac.com,Female,$390667.95,847431584,IT
195,Albina,Keeri,akeeri5e@myspace.com,Female,$700296.01,701988439,PP
196,Margette,Sibborn,msibborn5f@fotki.com,Female,$145514.99,591448067,CC
197,Demetris,Chartman,dchartman5g@nydailynews.com,Female,$311147.59,935080083,PP
198,Averill,Somerbell,asomerbell5h@indiatimes.com,Male,$797611.03,769915142,IT
199,Berta,Bayston,bbayston5i@economist.com,Female,$630783.90,299592993,CC
200,Dermot,Fuentes,dfuentes5j@nature.com,Male,$832093.16,1023785661,IT
201,Jed,Jonah,jjonah5k@usa.gov,Male,$641546.10,421503885,IT
202,Bambie,Burdoun,bburdoun5l@bloglines.com,Female,$864566.21,439473840,PP
203,Bay,Bluschke,bbluschke5m@mail.ru,Male,$132296.07,964624359,IT
204,Elsa,Gawkroge,egawkroge5n@nytimes.com,Female,$573032.13,660132190,IT
205,Konstanze,Treweek,ktreweek5o@blogspot.com,Female,$803980.96,711249291,IT
206,Giffie,Benini,gbenini5p@addthis.com,Male,$493866.63,209214886,CC
207,Fayth,Wardesworth,fwardesworth5q@indiatimes.com,Female,$645324.46,497382808,PP
208,Boone,Spawell,bspawell5r@blogtalkradio.com,Male,$647332.89,29021410,PP
209,Arliene,Eakly,aeakly5s@google.co.jp,Female,$605342.85,72642798,CC
210,Syman,Teresia,steresia5t@naver.com,Male,$594068.68,521759201,PP
211,Delbert,Bitten,dbitten5u@ask.com,Male,$238040.35,587693413,PP
212,Kaitlin,Goodswen,kgoodswen5v@imdb.com,Female,$964883.10,662780248,PP
213,Stillmann,Haysman,shaysman5w@eepurl.com,Male,$188460.83,30767124,IT
214,Melitta,Cayton,mcayton5x@yandex.ru,Female,$205882.81,533945215,IT
215,Caz,Culy,cculy5y@blogtalkradio.com,Male,$341830.81,275415314,IT
216,Ado,Gourlay,agourlay5z@surveymonkey.com,Male,$685056.89,562069934,CC
217,Elli,Meriott,emeriott60@nationalgeographic.com,Female,$450093.27,668899607,PP
218,Humfrid,le Keux,hlekeux61@drupal.org,Male,$895112.01,785922177,IT
219,Shaina,Benedito,sbenedito62@cocolog-nifty.com,Female,$732437.69,963209056,CC
220,Angelika,Pidduck,apidduck63@behance.net,Female,$187805.73,339642616,PP
221,Braden,Shapland,bshapland64@umich.edu,Male,$676581.10,379181648,IT
222,Conni,Canape,ccanape65@narod.ru,Female,$319988.15,716914006,PP
223,Sterne,Paprotny,spaprotny66@msu.edu,Male,$358682.36,959064203,CC
224,Jessee,Verlinde,jverlinde67@hatena.ne.jp,Male,$924749.60,725014416,IT
225,Kendricks,Aleksahkin,kaleksahkin68@pinterest.com,Male,$354036.53,127808141,PP
226,Mort,Polo,mpolo69@oracle.com,Male,$578844.69,787450247,IT
227,Aimee,Strutt,astrutt6a@house.gov,Female,$154476.04,640036748,PP
228,Lenard,Darbon,ldarbon6b@clickbank.net,Male,$278119.09,522939532,CC
229,Nonna,MacGiany,nmacgiany6c@chron.com,Female,$785752.51,68327984,IT
230,Dalia,Waudby,dwaudby6d@skype.com,Female,$460226.30,193655561,IT
231,Thomasa,Strahan,tstrahan6e@yandex.ru,Female,$328271.43,774990171,CC
232,Regine,Fosserd,rfosserd6f@nsw.gov.au,Female,$473784.12,371320808,IT
233,Phaedra,Exall,pexall6g@unc.edu,Female,$689906.87,494566546,IT
234,Cristabel,Gribble,cgribble6h@linkedin.com,Female,$867211.16,135493651,PP
235,Murdoch,Mossom,mmossom6i@google.com.au,Male,$649551.17,638487899,PP
236,Grethel,Di Carlo,gdicarlo6j@ifeng.com,Female,$788286.50,252558805,CC
237,Emery,Harower,eharower6k@answers.com,Male,$645063.98,585535679,PP
238,Hailey,Farbrother,hfarbrother6l@freewebs.com,Male,$121346.47,491162687,CC
239,Guendolen,Sallans,gsallans6m@scientificamerican.com,Female,$738358.38,1039474404,CC
240,Moishe,Andriss,mandriss6n@bloglines.com,Male,$895142.97,177718957,PP
241,Darell,Dewitt,ddewitt6o@mozilla.com,Female,$458759.71,6652691,CC
242,Jodi,Matthis,jmatthis6p@theatlantic.com,Female,$854897.06,110845127,PP
243,Honey,Powdrell,hpowdrell6q@princeton.edu,Female,$229811.75,981457895,IT
244,Mitzi,Bone,mbone6r@ustream.tv,Female,$810739.77,578435689,CC
245,Melinde,McCullough,mmccullough6s@moonfruit.com,Female,$485165.15,958743160,IT
246,Debi,Strang,dstrang6t@google.cn,Female,$283625.76,170360023,PP
247,Charmion,Karpinski,ckarpinski6u@mail.ru,Female,$645843.80,40874209,IT
248,Glennis,Gilstin,ggilstin6v@g.co,Female,$396536.05,566676552,PP
249,Joey,Loverock,jloverock6w@amazon.co.jp,Male,$170751.81,298079762,IT
250,Carmencita,Brokenshaw,cbrokenshaw6x@de.vu,Female,$413172.71,74927849,IT
251,Meggy,Jeduch,mjeduch6y@mapquest.com,Female,$182806.36,338598815,IT
252,Ann-marie,Mechic,amechic6z@elpais.com,Female,$992974.52,693292085,PP
253,Erie,Schole,eschole70@ycombinator.com,Male,$555985.07,708727263,CC
254,Carol,Bisco,cbisco71@google.fr,Female,$747504.28,211069075,IT
255,Bonnibelle,Fessby,bfessby72@deviantart.com,Female,$451752.06,643695915,CC
256,Eddie,Davenell,edavenell73@washingtonpost.com,Male,$304775.14,129989911,IT
257,Kathie,Jedrachowicz,kjedrachowicz74@webnode.com,Female,$108550.72,805499277,IT
258,Edouard,Cawse,ecawse75@wikimedia.org,Male,$474449.75,431539008,IT
259,Wilfred,Finder,wfinder76@webmd.com,Male,$713385.33,409929370,IT
260,Linette,Stock,lstock77@ezinearticles.com,Female,$774359.57,775069851,IT
261,Emmalee,Lawles,elawles78@tripod.com,Female,$393890.28,965633980,CC
262,Hervey,Saban,hsaban79@live.com,Male,$823089.51,502395210,CC
263,Robinett,Corteney,rcorteney7a@google.it,Female,$135384.86,459090179,CC
264,Dulciana,Gluyas,dgluyas7b@phpbb.com,Female,$116913.29,896037309,PP
265,Susann,Vassar,svassar7c@howstuffworks.com,Female,$809508.50,483099513,CC
266,Fernando,Courtese,fcourtese7d@cdc.gov,Male,$889761.93,362889556,CC
267,Verney,Assard,vassard7e@sciencedaily.com,Male,$532383.87,180649386,PP
268,Ailee,Divell,adivell7f@loc.gov,Female,$219721.81,607575240,CC
269,Leonard,Neagle,lneagle7g@technorati.com,Male,$386423.18,68631144,IT
270,Doretta,Persehouse,dpersehouse7h@hostgator.com,Female,$696083.79,769578460,PP
271,Selby,Swadlinge,sswadlinge7i@360.cn,Male,$498047.81,521398443,IT
272,Corly,McGowing,cmcgowing7j@bbc.co.uk,Female,$766834.80,712923281,IT
273,Anton,Beatey,abeatey7k@linkedin.com,Male,$695395.62,678555455,PP
274,Olivero,Doylend,odoylend7l@nytimes.com,Male,$358831.29,207479812,IT
275,Jeannette,Mawford,jmawford7m@blogtalkradio.com,Female,$539247.88,211035108,IT
276,Kerrill,Orcott,korcott7n@newsvine.com,Female,$828945.52,303336815,PP
277,Gabby,Blakeman,gblakeman7o@jimdo.com,Male,$722370.86,404877063,IT
278,Ulrich,Skelhorn,uskelhorn7p@imdb.com,Male,$590240.64,167665140,CC
279,Nani,Widdowson,nwiddowson7q@comsenz.com,Female,$126920.58,670375294,CC
280,Salomon,Chelam,schelam7r@howstuffworks.com,Male,$867806.28,960217117,PP
281,Tam,Reekie,treekie7s@wiley.com,Male,$846602.15,95839327,CC
282,Lizette,Naden,lnaden7t@tmall.com,Female,$611441.20,528822216,PP
283,Cart,Cristoferi,ccristoferi7u@oracle.com,Male,$190452.08,622317952,PP
284,Cristal,Belf,cbelf7v@nbcnews.com,Female,$724403.85,691409660,IT
285,Marji,Bradmore,mbradmore7w@slashdot.org,Female,$899243.45,822970287,CC
286,Faith,Flatley,fflatley7x@discuz.net,Female,$154907.89,330450641,PP
287,Maryanne,Pepis,mpepis7y@hp.com,Female,$242442.66,580126724,PP
288,Welch,Watt,wwatt7z@fda.gov,Male,$580229.24,261426934,CC
289,Geno,O'Gleasane,gogleasane80@themeforest.net,Male,$771083.02,836236065,IT
290,Bee,Tuft,btuft81@live.com,Female,$844876.44,245132792,PP
291,Sutherland,O'Dyvoie,sodyvoie82@cisco.com,Male,$337625.49,740348512,CC
292,Kristan,Benedick,kbenedick83@smh.com.au,Female,$331477.09,953421657,CC
293,Letta,O'Crigan,locrigan84@wikispaces.com,Female,$375885.13,314365536,IT
294,Rusty,Barringer,rbarringer85@shutterfly.com,Male,$196270.51,559515370,CC
295,Orsa,Baggaley,obaggaley86@weibo.com,Female,$167372.31,89995355,PP
296,Idell,Huddles,ihuddles87@dailymotion.com,Female,$505534.71,880859529,IT
297,Augustin,Prynne,aprynne88@dell.com,Male,$379600.63,667189215,CC
298,Patrizio,Braley,pbraley89@loc.gov,Male,$218862.31,537657513,CC
299,Huntley,Gribble,hgribble8a@msu.edu,Male,$521203.95,205607272,IT
300,Benton,Schuricke,bschuricke8b@i2i.jp,Male,$675330.82,207550103,IT
301,Nap,Vyse,nvyse8c@taobao.com,Male,$121505.52,300229735,PP
302,Coralie,Haslegrave,chaslegrave8d@wordpress.com,Female,$442902.00,229499359,CC
303,Lancelot,Drynan,ldrynan8e@who.int,Male,$283664.98,854833237,CC
304,Simona,Pennaman,spennaman8f@pcworld.com,Female,$567628.25,669287462,CC
305,Bear,Gossage,bgossage8g@alexa.com,Male,$422379.16,957698438,PP
306,Harbert,Newick,hnewick8h@delicious.com,Male,$323459.61,479647624,IT
307,Clark,Copo,ccopo8i@myspace.com,Male,$220452.94,787665119,CC
308,Sabine,Saffrin,ssaffrin8j@edublogs.org,Female,$555950.39,235393080,IT
309,Florette,Barendtsen,fbarendtsen8k@dagondesign.com,Female,$122166.51,399398297,PP
310,Tucker,Sayre,tsayre8l@odnoklassniki.ru,Male,$761575.94,501969817,CC
311,Ninette,Fitzackerley,nfitzackerley8m@gizmodo.com,Female,$868479.79,339207751,IT
312,Modestia,Beedom,mbeedom8n@hibu.com,Female,$403349.76,716309955,IT
313,Ardelia,Posse,aposse8o@barnesandnoble.com,Female,$172734.50,749244162,CC
314,Sheeree,Sysland,ssysland8p@gmpg.org,Female,$179966.45,533413501,CC
315,Weston,Gipp,wgipp8q@uiuc.edu,Male,$333642.14,408396355,PP
316,Gardener,Kainz,gkainz8r@statcounter.com,Male,$551690.76,7038556,CC
317,Eryn,Espinazo,eespinazo8s@parallels.com,Female,$166154.70,514903070,PP
318,Emelyne,Lickorish,elickorish8t@buzzfeed.com,Female,$151854.34,656120490,IT
319,Phylis,Folkerd,pfolkerd8u@yahoo.co.jp,Female,$106486.16,419353848,PP
320,Trumann,Henworth,thenworth8v@cloudflare.com,Male,$126378.16,482489904,PP
321,Leeland,Dumberell,ldumberell8w@list-manage.com,Male,$496859.02,1032807392,IT
322,Brigitte,Revington,brevington8x@360.cn,Female,$897433.86,545777771,CC
323,Heida,Dick,hdick8y@mit.edu,Female,$527473.83,715048647,IT
324,Sofie,Howen,showen8z@cdbaby.com,Female,$691122.58,314882576,CC
325,Danny,Rattry,drattry90@google.com.br,Female,$217629.87,877650478,CC
326,Kit,Halfacree,khalfacree91@chicagotribune.com,Male,$127813.13,251384030,IT
327,Haley,Ticehurst,hticehurst92@aol.com,Male,$932387.09,438691078,IT
328,Nicolette,Samber,nsamber93@reference.com,Female,$583805.09,858197493,CC
329,Beatrice,Burniston,bburniston94@upenn.edu,Female,$485866.42,917440047,PP
330,Giralda,Harrema,gharrema95@cdc.gov,Female,$832372.67,75071733,PP
331,Guthry,D'orsay,gdorsay96@feedburner.com,Male,$291967.73,270666960,CC
332,Seward,McEvon,smcevon97@auda.org.au,Male,$292443.60,1021339667,IT
333,Rosanne,Buche,rbuche98@opensource.org,Female,$871219.57,445163627,CC
334,Marie,Kynder,mkynder99@feedburner.com,Female,$873239.26,752912332,PP
335,Jessalyn,Keech,jkeech9a@bbb.org,Female,$836773.53,382476020,IT
336,Nani,Gavozzi,ngavozzi9b@mashable.com,Female,$206020.29,399009458,IT
337,Remus,Quinnet,rquinnet9c@a8.net,Male,$874259.01,701634319,IT
338,Terri,Drover,tdrover9d@google.com.br,Female,$565418.68,584298102,PP
339,Linell,Severy,lsevery9e@mozilla.com,Female,$336555.64,181678129,CC
340,Oralla,McMurraya,omcmurraya9f@cnet.com,Female,$305896.87,559383191,PP
341,Carri,Fisbburne,cfisbburne9g@miibeian.gov.cn,Female,$663667.53,257710387,PP
342,Ludvig,Ambler,lambler9h@spiegel.de,Male,$407555.85,254048901,CC
343,Helen-elizabeth,Dyshart,hdyshart9i@surveymonkey.com,Female,$232672.12,919946117,CC
344,Lemmie,Hugin,lhugin9j@vkontakte.ru,Male,$856819.20,304507234,IT
345,Darrell,Auckland,dauckland9k@umich.edu,Male,$145324.10,514959898,IT
346,Cathi,Van den Broek,cvandenbroek9l@ucoz.ru,Female,$479809.35,540161380,IT
347,Gerianne,Gebhard,ggebhard9m@chronoengine.com,Female,$914743.61,788224769,IT
348,Velvet,Jachimczak,vjachimczak9n@columbia.edu,Female,$527589.33,811862392,IT
349,Shae,Barnson,sbarnson9o@sphinn.com,Female,$447197.22,190954853,CC
350,Matti,McNeish,mmcneish9p@prweb.com,Female,$334774.04,383368764,IT
351,Willamina,MacDaid,wmacdaid9q@google.com.hk,Female,$916639.12,685297870,CC
352,Dyane,Cadwallader,dcadwallader9r@tmall.com,Female,$109117.61,395249519,PP
353,Devonna,Codlin,dcodlin9s@nature.com,Female,$452794.99,891082388,CC
354,Lew,Newvell,lnewvell9t@newsvine.com,Male,$495245.20,291078163,CC
355,Edgar,Mullis,emullis9u@examiner.com,Male,$539462.55,197130626,IT
356,Hadrian,Sheffield,hsheffield9v@ameblo.jp,Male,$274258.97,65615841,IT
357,Pebrook,Scothron,pscothron9w@deviantart.com,Male,$372074.81,542580696,IT
358,Micah,Stennings,mstennings9x@forbes.com,Male,$230965.61,824543869,PP
359,Amandy,Monksfield,amonksfield9y@google.ca,Female,$914256.59,496855441,IT
360,Elva,Isles,eisles9z@is.gd,Female,$955570.55,307763976,CC
361,Joan,Longrigg,jlongrigga0@yandex.ru,Female,$538617.03,315489739,PP
362,Eda,Ghirardi,eghirardia1@bloglines.com,Female,$196988.24,579921147,CC
363,Wat,Filyushkin,wfilyushkina2@addthis.com,Male,$682842.79,240529097,PP
364,Alfred,Emblen,aemblena3@clickbank.net,Male,$286840.75,145683484,PP
365,Marcellus,Wilshaw,mwilshawa4@earthlink.net,Male,$756687.46,971971773,PP
366,Aguistin,Demchen,ademchena5@cornell.edu,Male,$178402.03,250682533,IT
367,Silvie,Duffit,sduffita6@example.com,Female,$701681.07,884793057,CC
368,Baryram,Crannage,bcrannagea7@marketwatch.com,Male,$789399.46,753176925,IT
369,Cecile,Bowles,cbowlesa8@hibu.com,Female,$301905.38,548644887,CC
370,Kasey,Sibbering,ksibberinga9@edublogs.org,Female,$614808.14,264405612,IT
371,Merrily,Suerz,msuerzaa@springer.com,Female,$649912.43,917632579,IT
372,Sella,Outridge,soutridgeab@google.de,Female,$121211.62,751540327,IT
373,Sandi,Izachik,sizachikac@telegraph.co.uk,Female,$802800.36,751877828,IT
374,Horatius,Uglow,huglowad@artisteer.com,Male,$803367.99,389478451,PP
375,Louisa,Robard,lrobardae@taobao.com,Female,$885661.28,971576772,PP
376,Gerrard,Kingman,gkingmanaf@japanpost.jp,Male,$240945.57,363381156,IT
377,Job,Bennit,jbennitag@t-online.de,Male,$442874.49,1042533840,IT
378,Reggi,Mitchelson,rmitchelsonah@ucla.edu,Female,$823170.87,399616993,IT
379,Elladine,Luppitt,eluppittai@salon.com,Female,$217849.50,244650200,PP
380,Roanna,Sustins,rsustinsaj@oakley.com,Female,$886242.02,247592422,CC
381,Adella,Fagence,afagenceak@naver.com,Female,$590964.38,206032304,CC
382,Auroora,Catherine,acatherineal@java.com,Female,$312006.89,512805249,PP
383,Dionne,Ibbeson,dibbesonam@w3.org,Female,$337929.03,898949645,CC
384,Merrill,Pattrick,mpattrickan@imdb.com,Male,$109378.96,1046285543,IT
385,Guillermo,Hoyt,ghoytao@godaddy.com,Male,$582089.09,321251840,IT
386,Peadar,Kennifick,pkennifickap@ovh.net,Male,$351177.94,522463034,CC
387,Inger,Harrill,iharrillaq@tiny.cc,Male,$607983.13,295207796,PP
388,Jillane,Lazenby,jlazenbyar@pinterest.com,Female,$979819.98,377056198,CC
389,Ferdy,Garrie,fgarrieas@columbia.edu,Male,$516502.42,160379533,PP
390,Benjamen,Wailes,bwailesat@printfriendly.com,Male,$350591.72,191474179,PP
391,Dyanna,Ramshaw,dramshawau@scribd.com,Female,$351111.25,530962222,PP
392,Burg,Jannaway,bjannawayav@forbes.com,Male,$241552.88,556978775,PP
393,Fawne,Lehrmann,flehrmannaw@xing.com,Female,$270301.93,745485356,IT
394,Alessandra,Suett,asuettax@stumbleupon.com,Female,$111482.52,448280723,CC
395,Shoshanna,Devorill,sdevorillay@wunderground.com,Female,$634126.77,24102126,CC
396,Garey,Lemmanbie,glemmanbieaz@ocn.ne.jp,Male,$749608.36,1031838454,CC
397,Ingemar,McIlheran,imcilheranb0@tuttocitta.it,Male,$334793.52,408903617,CC
398,Georg,Attree,gattreeb1@ning.com,Male,$307703.69,950251451,CC
399,Tamarah,Edgett,tedgettb2@dailymail.co.uk,Female,$475192.26,665719180,CC
400,Anselm,Eassom,aeassomb3@wp.com,Male,$511854.73,421627387,PP
401,Wheeler,Thiese,wthieseb4@example.com,Male,$912823.62,910931493,IT
402,Marina,Camel,mcamelb5@redcross.org,Female,$397215.57,479856762,IT
403,Ibby,Lodin,ilodinb6@ovh.net,Female,$749513.36,941083569,PP
404,Kleon,Migheli,kmighelib7@cbsnews.com,Male,$368809.47,708152188,IT
405,Genni,Malin,gmalinb8@plala.or.jp,Female,$205991.08,937205704,PP
406,Kevyn,Sargeant,ksargeantb9@topsy.com,Female,$124825.25,727823024,IT
407,Domeniga,McGonigal,dmcgonigalba@domainmarket.com,Female,$610378.74,262961445,PP
408,Salomo,Storr,sstorrbb@angelfire.com,Male,$870990.55,979757910,PP
409,Flossi,Brokenbrow,fbrokenbrowbc@usgs.gov,Female,$628223.87,368253883,IT
410,Kit,Midson,kmidsonbd@pinterest.com,Male,$489249.93,536318985,PP
411,Corena,Kuhwald,ckuhwaldbe@nasa.gov,Female,$289532.10,987738738,IT
412,Callean,Bandy,cbandybf@ovh.net,Male,$686791.62,182689214,IT
413,Cristal,Proctor,cproctorbg@163.com,Female,$588911.42,239382291,PP
414,Nanette,Sofe,nsofebh@pbs.org,Female,$668576.92,651698656,CC
415,Kylynn,Coffey,kcoffeybi@mapquest.com,Female,$266233.45,77740350,PP
416,Estele,Meegin,emeeginbj@google.pl,Female,$976053.62,197051387,IT
417,Irving,Grist,igristbk@purevolume.com,Male,$649716.11,373516583,IT
418,Fons,Penniell,fpenniellbl@xinhuanet.com,Male,$488577.64,497147041,IT
419,Francklin,Cauldwell,fcauldwellbm@yellowbook.com,Male,$499341.37,373041946,IT
420,Dasha,Galliford,dgallifordbn@flickr.com,Female,$203469.56,710986165,PP
421,Dani,Sandys,dsandysbo@flickr.com,Female,$892106.90,687821256,IT
422,Elmore,Beville,ebevillebp@soundcloud.com,Male,$915247.92,959184112,IT
423,Judd,Vasenin,jvaseninbq@desdev.cn,Male,$397231.02,779477269,IT
424,Olav,Eddison,oeddisonbr@microsoft.com,Male,$509440.45,1018723047,PP
425,Gilberte,Picard,gpicardbs@multiply.com,Female,$897345.94,80177032,PP
426,Gabe,Gilluley,ggilluleybt@taobao.com,Male,$507246.48,909836251,PP
427,Letitia,Rubenczyk,lrubenczykbu@omniture.com,Female,$676603.10,838202080,IT
428,Jarvis,Summerbell,jsummerbellbv@state.gov,Male,$931092.73,423337206,CC
429,Pancho,Fort,pfortbw@addthis.com,Male,$449577.21,377741801,CC
430,Claire,Petrazzi,cpetrazzibx@odnoklassniki.ru,Male,$155839.23,852928150,CC
431,Jeremy,Try,jtryby@webnode.com,Male,$682998.90,387693615,CC
432,Sophia,Cossans,scossansbz@unblog.fr,Female,$176658.56,68525039,IT
433,Paul,Bernaert,pbernaertc0@time.com,Male,$930196.95,316842390,CC
434,Enoch,Benitti,ebenittic1@ucoz.com,Male,$368305.54,568399000,PP
435,Francoise,Elkins,felkinsc2@adobe.com,Female,$491124.75,310969873,IT
436,Titos,Hassey,thasseyc3@cisco.com,Male,$826299.47,615962271,IT
437,Lars,Henmarsh,lhenmarshc4@ed.gov,Male,$727226.82,28247450,IT
438,Heath,Rieger,hriegerc5@livejournal.com,Male,$142105.92,837215145,PP
439,Hubert,Johnke,hjohnkec6@scientificamerican.com,Male,$634460.30,28145533,IT
440,Marla,Milington,mmilingtonc7@gmpg.org,Female,$311228.51,1035068861,PP
441,Werner,Allery,walleryc8@smugmug.com,Male,$360993.47,757289032,IT
442,Gabriell,Birrel,gbirrelc9@tuttocitta.it,Female,$872366.06,443247029,CC
443,Emeline,Langfield,elangfieldca@homestead.com,Female,$120531.91,868172253,CC
444,Sophi,Gasperi,sgaspericb@istockphoto.com,Female,$204694.45,907084643,CC
445,Gaultiero,Sarfass,gsarfasscc@lulu.com,Male,$482998.03,330365656,CC
446,Gearard,Neaverson,gneaversoncd@cloudflare.com,Male,$586004.16,256431598,IT
447,Nathalie,Pee,npeece@amazon.co.uk,Female,$634164.07,559169808,IT
448,Kingsley,Cobello,kcobellocf@domainmarket.com,Male,$249430.07,617031579,CC
449,Nolie,Bulford,nbulfordcg@fotki.com,Female,$114896.92,1015536764,IT
450,Laurel,Goning,lgoningch@timesonline.co.uk,Female,$902542.83,271355816,PP
451,Archaimbaud,Buffy,abuffyci@wix.com,Male,$213365.75,974873351,IT
452,Balduin,O'Shavlan,boshavlancj@marketwatch.com,Male,$649153.93,644091188,IT
453,Moreen,Humby,mhumbyck@theatlantic.com,Female,$182357.33,982922564,CC
454,Sarge,Origin,sorigincl@miitbeian.gov.cn,Male,$724172.84,1012375221,CC
455,Alexi,Cains,acainscm@mapy.cz,Female,$851602.53,85907405,IT
456,Lizbeth,Geraldez,lgeraldezcn@nasa.gov,Female,$458629.46,502847140,CC
457,Angele,Sifleet,asifleetco@prlog.org,Female,$192351.73,280109181,IT
458,Sutherlan,Bonnet,sbonnetcp@ed.gov,Male,$291555.62,380043613,CC
459,Alexia,Axton,aaxtoncq@networkadvertising.org,Female,$600040.21,525492745,CC
460,Randene,Davitashvili,rdavitashvilicr@sphinn.com,Female,$302629.30,256994339,CC
461,Rebeca,Kirdsch,rkirdschcs@marketwatch.com,Female,$983054.90,958538063,PP
462,Alyson,Chastey,achasteyct@fotki.com,Female,$607773.22,770175589,PP
463,Boothe,Domenge,bdomengecu@ask.com,Male,$656160.72,508752059,PP
464,Dani,McClenaghan,dmcclenaghancv@printfriendly.com,Male,$454186.51,663549855,CC
465,Urbanus,Manneville,umannevillecw@gov.uk,Male,$127426.69,608679698,PP
466,Marion,Langcastle,mlangcastlecx@sciencedaily.com,Female,$702836.12,350833751,PP
467,Joanna,Hattoe,jhattoecy@biglobe.ne.jp,Female,$810720.25,581394380,CC
468,Gisella,Duffus,gduffuscz@exblog.jp,Female,$989139.40,1004654728,PP
469,Garwin,Linnett,glinnettd0@shinystat.com,Male,$513857.24,346715119,CC
470,Vonni,Bowry,vbowryd1@census.gov,Female,$317818.48,631038805,PP
471,Angil,Tavener,atavenerd2@mail.ru,Female,$537275.81,785153374,CC
472,Carlyn,Breitling,cbreitlingd3@cnbc.com,Female,$136914.09,829727008,PP
473,Dari,Skipworth,dskipworthd4@tinyurl.com,Female,$762424.66,527327256,IT
474,Tracy,Orrocks,torrocksd5@livejournal.com,Male,$549434.16,506319473,IT
475,Merline,Tander,mtanderd6@last.fm,Female,$159291.21,312113766,IT
476,Emelda,Capaldo,ecapaldod7@ask.com,Female,$936027.94,971768933,IT
477,Fionnula,O'Doherty,fodohertyd8@smh.com.au,Female,$639643.57,237445755,CC
478,Dunc,Neath,dneathd9@blog.com,Male,$553775.07,798346527,PP
479,Burk,Imlen,bimlenda@tinypic.com,Male,$561072.87,574203665,IT
480,Willy,Hugli,whuglidb@google.com,Male,$542528.89,775637141,PP
481,Grant,Peterkin,gpeterkindc@vistaprint.com,Male,$944184.76,762535918,IT
482,Derick,Heineke,dheinekedd@sphinn.com,Male,$973018.05,209467809,PP
483,Consolata,Hibbart,chibbartde@multiply.com,Female,$416534.07,324965172,PP
484,Papagena,Francillo,pfrancillodf@twitpic.com,Female,$217422.45,147348465,CC
485,Johny,Wase,jwasedg@domainmarket.com,Male,$929028.49,799891934,CC
486,Charmane,Mapam,cmapamdh@admin.ch,Female,$700907.37,258418961,PP
487,Bonnie,Ferrari,bferraridi@squidoo.com,Female,$549072.17,148088011,PP
488,Cybil,MacGee,cmacgeedj@sun.com,Female,$643526.29,1042544543,PP
489,Bobby,Cust,bcustdk@php.net,Male,$229007.25,420492348,IT
490,Thomas,Wooster,twoosterdl@wikia.com,Male,$411110.65,944193405,PP
491,Edgard,MacDonogh,emacdonoghdm@blogs.com,Male,$826336.62,361354512,PP
492,Bentlee,Bellanger,bbellangerdn@slashdot.org,Male,$714397.05,555313257,PP
493,Kimberley,Doerffer,kdoerfferdo@facebook.com,Female,$707942.86,676692362,PP
494,Ewen,Purdom,epurdomdp@com.com,Male,$982328.67,821115327,IT
495,Sada,Cotillard,scotillarddq@oracle.com,Female,$163330.05,1032608523,PP
496,Kizzie,Gianelli,kgianellidr@multiply.com,Female,$528644.00,799583970,PP
497,Nata,Rubbens,nrubbensds@unblog.fr,Female,$814742.88,544839414,IT
498,Murvyn,Uvedale,muvedaledt@gizmodo.com,Male,$709923.89,835279378,CC
499,Kirk,Cullin,kcullindu@yahoo.co.jp,Male,$146003.61,113608227,PP
500,Julienne,D'Aubney,jdaubneydv@tuttocitta.it,Female,$720716.67,516534580,CC
501,Dallon,Heasley,dheasleydw@flickr.com,Male,$924928.25,338883884,PP
502,Dian,McClifferty,dmccliffertydx@twitter.com,Female,$294296.23,74030857,CC
503,Lorin,Skarman,lskarmandy@theguardian.com,Male,$126404.75,1001606072,PP
504,Yehudi,Lambole,ylamboledz@meetup.com,Male,$406736.79,177100856,IT
505,Jermaine,Posselow,jposselowe0@free.fr,Male,$869689.57,897062060,PP
506,Desirae,Shatford,dshatforde1@walmart.com,Female,$606652.65,649143836,PP
507,Jeanna,O'Neary,jonearye2@delicious.com,Female,$625400.00,306985837,PP
508,Sanderson,Eggleton,seggletone3@japanpost.jp,Male,$381563.33,877905617,CC
509,Emeline,Souley,esouleye4@csmonitor.com,Female,$331919.36,226993548,PP
510,Dolores,Stairmond,dstairmonde5@marriott.com,Female,$546787.12,102029631,CC
511,Christoforo,Marsh,cmarshe6@xing.com,Male,$244299.52,325955878,CC
512,Clemmy,Boteman,cbotemane7@home.pl,Female,$482359.74,430922753,CC
513,Derrik,Shorie,dshoriee8@yellowpages.com,Male,$284104.81,407714811,IT
514,Oliver,Ayrton,oayrtone9@nature.com,Male,$725412.39,792137741,IT
515,Davy,Gallegos,dgallegosea@amazon.co.jp,Male,$675377.22,259880331,IT
516,Bettye,McCromley,bmccromleyeb@sourceforge.net,Female,$242165.73,565512468,CC
517,Carey,Gladding,cgladdingec@cisco.com,Male,$667930.40,213567329,PP
518,Brynne,Worcester,bworcestered@seesaa.net,Female,$226921.14,524511282,PP
519,Mano,Wilcox,mwilcoxee@flickr.com,Male,$260029.65,684327683,IT
520,Josephina,Bowart,jbowartef@walmart.com,Female,$314322.68,766131528,PP
521,Gunther,Andrivel,gandriveleg@webmd.com,Male,$442212.32,459475061,PP
522,Fidole,Widger,fwidgereh@dell.com,Male,$605468.61,110979451,IT
523,Ferdinande,Proctor,fproctorei@phoca.cz,Female,$581353.59,813596290,PP
524,Heddi,Pickin,hpickinej@adobe.com,Female,$791033.73,864257310,PP
525,Dara,Tague,dtagueek@cbc.ca,Female,$519122.88,64495679,PP
526,Foss,Caulton,fcaultonel@pbs.org,Male,$147890.53,206866251,CC
527,Jasmina,Woliter,jwoliterem@amazon.co.jp,Female,$885961.39,960551517,PP
528,Carl,Leith-Harvey,cleithharveyen@google.nl,Male,$834650.87,295412075,PP
529,Aldis,Cansdale,acansdaleeo@chron.com,Male,$471191.03,944018977,CC
530,Tripp,Dykas,tdykasep@networksolutions.com,Male,$312068.26,519764583,PP
531,Dana,Cabera,dcaberaeq@angelfire.com,Female,$497062.87,700421736,CC
532,Shea,Philipet,sphilipeter@goodreads.com,Female,$405933.76,686098570,IT
533,Latia,Beazer,lbeazeres@histats.com,Female,$968637.24,251293736,CC
534,Roger,Larchier,rlarchieret@ihg.com,Male,$636618.57,20784647,CC
535,Farly,Dibson,fdibsoneu@cbslocal.com,Male,$758737.68,209415999,CC
536,Manda,O'Sheilds,mosheildsev@epa.gov,Female,$279037.67,180635369,IT
537,Leandra,Allin,lallinew@psu.edu,Female,$595122.49,641958162,CC
538,Pablo,Benion,pbenionex@blogger.com,Male,$627248.43,870508776,PP
539,Marcelline,Teodorski,mteodorskiey@ed.gov,Female,$250843.96,361743816,IT
540,Farah,Ransley,fransleyez@smugmug.com,Female,$255651.36,700458392,CC
541,Dillie,Ludwig,dludwigf0@nba.com,Male,$866265.10,594481285,CC
542,Calhoun,Jeffree,cjeffreef1@squarespace.com,Male,$873891.60,736572632,PP
543,Jennica,Ulrik,julrikf2@bigcartel.com,Female,$467862.93,994613997,PP
544,Dario,Hunnicutt,dhunnicuttf3@deviantart.com,Male,$240760.54,658876693,IT
545,Whitaker,Markus,wmarkusf4@cbc.ca,Male,$439913.34,49837644,CC
546,Hetty,Vanderson,hvandersonf5@nymag.com,Female,$350830.72,208075323,CC
547,Domini,Chalice,dchalicef6@mit.edu,Female,$592574.24,152405266,IT
548,Andrey,Shawell,ashawellf7@epa.gov,Male,$623775.20,239816923,PP
549,Ginni,Trathen,gtrathenf8@about.com,Female,$807768.33,387529839,IT
550,Clerkclaude,Gosz,cgoszf9@oracle.com,Male,$858652.53,164333301,CC
551,Yorke,Felten,yfeltenfa@i2i.jp,Male,$547464.19,645810042,CC
552,Ev,Cornwall,ecornwallfb@usda.gov,Male,$505993.43,411176828,PP
553,Collen,Copes,ccopesfc@gnu.org,Female,$328191.05,1027886803,IT
554,Prissie,Coxon,pcoxonfd@umn.edu,Female,$808283.81,443649375,PP
555,Thaxter,Pilmore,tpilmorefe@newyorker.com,Male,$814867.38,916167556,IT
556,Winslow,Bresner,wbresnerff@google.it,Male,$457116.06,201235806,PP
557,Clifford,Moreing,cmoreingfg@nytimes.com,Male,$360884.45,420839421,IT
558,Jobie,Lillicrap,jlillicrapfh@liveinternet.ru,Female,$869107.48,680835123,PP
559,Cornall,Hollyman,chollymanfi@w3.org,Male,$919004.11,206066108,IT
560,Mace,Dymott,mdymottfj@shinystat.com,Male,$141841.97,1016047214,CC
561,Jenda,Scullard,jscullardfk@usgs.gov,Female,$503519.37,33739359,IT
562,Kristofer,Greenhaugh,kgreenhaughfl@dedecms.com,Male,$854733.37,1013415805,IT
563,Brandi,Scudamore,bscudamorefm@cbc.ca,Female,$343781.84,691707763,PP
564,Almeda,Chantillon,achantillonfn@myspace.com,Female,$854578.30,483273513,IT
565,Nicko,Chace,nchacefo@yelp.com,Male,$692296.15,75621733,PP
566,Adorne,Mc Harg,amchargfp@uiuc.edu,Female,$878655.27,673011488,PP
567,Hakeem,Lempke,hlempkefq@purevolume.com,Male,$656402.93,530426865,IT
568,Charlot,Pentecust,cpentecustfr@edublogs.org,Female,$664335.44,688322363,IT
569,Townie,Cinnamond,tcinnamondfs@phpbb.com,Male,$607888.16,6949912,IT
570,Cymbre,Gimert,cgimertft@gmpg.org,Female,$373852.12,927259156,IT
571,Carce,Bechley,cbechleyfu@newyorker.com,Male,$349161.25,853705443,PP
572,Damien,Ellens,dellensfv@illinois.edu,Male,$628151.98,603826755,IT
573,Ryan,Miko,rmikofw@spotify.com,Male,$834911.68,374774292,IT
574,Janifer,Evason,jevasonfx@msn.com,Female,$961621.27,174666006,IT
575,Garth,Hebner,ghebnerfy@ask.com,Male,$210730.44,774856713,IT
576,Ardath,Marchbank,amarchbankfz@sakura.ne.jp,Female,$918836.29,440808491,CC
577,Ellerey,Quinet,equinetg0@pinterest.com,Male,$453726.15,177862853,IT
578,Camellia,Orleton,corletong1@purevolume.com,Female,$549542.90,86948739,PP
579,Murdock,Wanden,mwandeng2@aol.com,Male,$670668.82,678099515,PP
580,Hugibert,Checchi,hchecchig3@utexas.edu,Male,$333562.77,298267469,PP
581,Trace,Canceller,tcancellerg4@usgs.gov,Male,$219489.69,272431482,IT
582,Jaquelyn,Spilling,jspillingg5@seesaa.net,Female,$718538.88,30107983,CC
583,Jarvis,Daughton,jdaughtong6@adobe.com,Male,$315294.73,962521277,CC
584,Leona,Harbison,lharbisong7@marriott.com,Female,$340038.86,644722286,PP
585,Andreana,Dahlback,adahlbackg8@webnode.com,Female,$794700.30,255249575,CC
586,Cherianne,Durand,cdurandg9@economist.com,Female,$517890.94,531464337,IT
587,Lilla,Dorow,ldorowga@telegraph.co.uk,Female,$713201.35,747922891,CC
588,Florrie,Kuhnwald,fkuhnwaldgb@over-blog.com,Female,$961043.73,199984750,PP
589,Augustus,Quartermain,aquartermaingc@amazon.co.uk,Male,$308577.57,321984539,CC
590,Romola,Cockrill,rcockrillgd@mediafire.com,Female,$976311.22,670084249,CC
591,Barbabra,Laxen,blaxenge@hhs.gov,Female,$834196.37,435628196,CC
592,Jamesy,Loftie,jloftiegf@hexun.com,Male,$524699.84,440103327,CC
593,Danella,Ellif,dellifgg@ustream.tv,Female,$508704.95,920063305,PP
594,Floyd,Simanenko,fsimanenkogh@cornell.edu,Male,$631774.28,1026238956,IT
595,Yehudi,Jecks,yjecksgi@pinterest.com,Male,$824698.90,52456527,CC
596,Fritz,Casey,fcaseygj@google.ca,Male,$949777.72,268030550,CC
597,Verena,Daveridge,vdaveridgegk@toplist.cz,Female,$160221.71,768920732,IT
598,Gusti,Stoggell,gstoggellgl@imgur.com,Female,$312409.00,253132717,CC
599,Aila,Flancinbaum,aflancinbaumgm@shareasale.com,Female,$230940.79,569567688,IT
600,Beverlee,Manuaud,bmanuaudgn@timesonline.co.uk,Female,$641434.84,405066503,PP
601,Casey,Walas,cwalasgo@symantec.com,Female,$590514.30,829574616,IT
602,Minta,Hayden,mhaydengp@oracle.com,Female,$949983.82,502990141,CC
603,Millisent,Onge,mongegq@parallels.com,Female,$363230.39,107167972,CC
604,Fifi,Ballard,fballardgr@dagondesign.com,Female,$283809.23,402096008,CC
605,Mirilla,MacIlurick,mmacilurickgs@mayoclinic.com,Female,$844296.34,717980758,PP
606,Ruperta,Taveriner,rtaverinergt@yahoo.com,Female,$492438.49,508395024,PP
607,Natassia,Heddy,nheddygu@networkadvertising.org,Female,$991213.61,902416016,CC
608,Zora,Sultana,zsultanagv@nydailynews.com,Female,$925658.53,686729546,PP
609,Ichabod,Skoggings,iskoggingsgw@columbia.edu,Male,$522992.03,437131027,IT
610,Benedicto,Lloyd,blloydgx@photobucket.com,Male,$849520.76,1033387879,CC
611,Court,Deane,cdeanegy@trellian.com,Male,$778308.83,638827314,PP
612,Bondon,Keal,bkealgz@sfgate.com,Male,$117550.23,266405666,PP
613,Mitchell,MacScherie,mmacscherieh0@earthlink.net,Male,$905916.87,606980031,PP
614,Charita,Keri,ckerih1@google.ca,Female,$733013.93,276233359,CC
615,Englebert,Trangmar,etrangmarh2@blogspot.com,Male,$492382.02,1005433199,PP
616,Candie,Keyser,ckeyserh3@columbia.edu,Female,$200012.54,781555948,IT
617,Claudio,Stannis,cstannish4@unc.edu,Male,$726309.42,293844823,IT
618,Kacey,Simonetti,ksimonettih5@theglobeandmail.com,Female,$348308.52,692431049,CC
619,Lawry,O'Scannill,loscannillh6@huffingtonpost.com,Male,$965153.89,292050833,PP
620,Nevin,Pensom,npensomh7@ow.ly,Male,$969097.40,344928586,CC
621,Niki,Bruineman,nbruinemanh8@nydailynews.com,Male,$976839.89,332022595,CC
622,Hi,Bineham,hbinehamh9@liveinternet.ru,Male,$805378.29,432374136,CC
623,Jacki,Hansie,jhansieha@wikipedia.org,Female,$527455.34,166033435,IT
624,Benn,Dorran,bdorranhb@apple.com,Male,$209541.08,314926654,PP
625,Claire,Preshous,cpreshoushc@newsvine.com,Male,$439193.60,558197655,IT
626,Bradney,Ingree,bingreehd@cam.ac.uk,Male,$939639.86,378385198,PP
627,Ann-marie,Glendzer,aglendzerhe@mozilla.com,Female,$640711.72,863981722,IT
628,Aeriel,Gloyens,agloyenshf@photobucket.com,Female,$421906.58,309085464,IT
629,Art,Giffin,agiffinhg@mtv.com,Male,$240623.83,941313744,IT
630,Evonne,Algie,ealgiehh@fema.gov,Female,$464200.79,320993914,IT
631,Burty,Ashmole,bashmolehi@opera.com,Male,$351207.04,1012330506,IT
632,Justino,Jaine,jjainehj@gov.uk,Male,$621595.34,171284070,PP
633,Ximenes,Doley,xdoleyhk@cyberchimps.com,Male,$153380.29,924171864,PP
634,Verney,Woolbrook,vwoolbrookhl@simplemachines.org,Male,$643665.98,702569242,CC
635,Lizzy,Eves,leveshm@chronoengine.com,Female,$591760.03,648068204,IT
636,Zed,Suttill,zsuttillhn@edublogs.org,Male,$843845.46,210694379,IT
637,Raphaela,Boules,rboulesho@ucsd.edu,Female,$675971.43,284388450,CC
638,Melvyn,Whitchurch,mwhitchurchhp@printfriendly.com,Male,$918749.86,1019666106,IT
639,Cris,Drynan,cdrynanhq@cam.ac.uk,Male,$285522.61,1034797910,PP
640,Glendon,Del Castello,gdelcastellohr@domainmarket.com,Male,$749158.96,177169237,IT
641,Lory,Padbery,lpadberyhs@creativecommons.org,Female,$762592.89,1035379890,CC
642,Faustina,Devoy,fdevoyht@reference.com,Female,$141321.07,511639356,CC
643,Gayleen,Dahmke,gdahmkehu@gnu.org,Female,$152312.54,1029693037,IT
644,Ediva,MacGeffen,emacgeffenhv@bigcartel.com,Female,$771297.88,972230901,IT
645,Arri,Catton,acattonhw@github.com,Male,$335759.03,331967668,IT
646,Marylee,Rowler,mrowlerhx@nih.gov,Female,$468111.85,730623632,PP
647,Aurora,Aldington,aaldingtonhy@sohu.com,Female,$221468.43,173719907,CC
648,Gabrila,Lidgley,glidgleyhz@sun.com,Female,$896346.23,172074706,CC
649,Giulia,Niemiec,gniemieci0@spotify.com,Female,$250815.22,751493622,CC
650,Jone,Pryce,jprycei1@huffingtonpost.com,Male,$760614.56,517403256,PP
651,Donella,Jeremiah,djeremiahi2@nyu.edu,Female,$311079.68,31231464,CC
652,Blithe,Durnin,bdurnini3@forbes.com,Female,$100574.76,1012336275,IT
653,Cloe,Tumioto,ctumiotoi4@printfriendly.com,Female,$273032.47,215077841,IT
654,Prentiss,Biggin,pbiggini5@europa.eu,Male,$935979.93,77325681,IT
655,Ebeneser,Arlet,earleti6@edublogs.org,Male,$991342.14,678563706,PP
656,Dacey,Dyzart,ddyzarti7@redcross.org,Female,$302362.59,723217593,PP
657,Gale,Brownbill,gbrownbilli8@bbb.org,Male,$660204.70,564964628,PP
658,Windham,Ashpole,washpolei9@oracle.com,Male,$974459.45,509831069,PP
659,Balduin,Seal,bsealia@webmd.com,Male,$256505.75,749809320,PP
660,Korey,Kermath,kkermathib@lulu.com,Male,$333200.54,897588511,IT
661,Delainey,Pole,dpoleic@seesaa.net,Male,$353269.35,335026885,PP
662,Mayor,Barosch,mbaroschid@aboutads.info,Male,$224840.72,757311809,CC
663,Sully,Masurel,smasurelie@yahoo.co.jp,Male,$710704.15,969809048,CC
664,Junina,Dewis,jdewisif@purevolume.com,Female,$498055.02,125163481,CC
665,Alano,Yurinov,ayurinovig@chron.com,Male,$193482.46,345572022,CC
666,Wendye,Lossman,wlossmanih@nbcnews.com,Female,$414034.98,557246672,CC
667,Trenton,Cranmere,tcranmereii@cbsnews.com,Male,$558756.41,941186372,CC
668,Kimberley,Schrieves,kschrievesij@nhs.uk,Female,$331432.51,53166167,PP
669,Corinne,Voden,cvodenik@unc.edu,Female,$612239.23,703224123,CC
670,Sheppard,Traynor,straynoril@archive.org,Male,$201098.46,388042805,CC
671,Elton,Rickardsson,erickardssonim@live.com,Male,$843850.46,27692194,PP
672,Jaynell,Flecknell,jflecknellin@ycombinator.com,Female,$552383.22,968161750,CC
673,Benji,Morrill,bmorrillio@accuweather.com,Male,$151001.78,217397624,CC
674,Sada,Butterly,sbutterlyip@yellowbook.com,Female,$910501.02,297291568,CC
675,Peta,Mourant,pmourantiq@shutterfly.com,Female,$923895.97,370787355,IT
676,Barry,Handrik,bhandrikir@prweb.com,Female,$604399.59,715207895,IT
677,Kameko,Plumbe,kplumbeis@naver.com,Female,$601550.79,988124865,IT
678,Cobbie,Sadat,csadatit@unicef.org,Male,$941748.21,163613809,PP
679,Blaine,Lys,blysiu@tripod.com,Male,$850321.03,710682755,PP
680,Demetri,Hunston,dhunstoniv@theglobeandmail.com,Male,$688983.70,59969857,IT
681,Kimberley,Alcalde,kalcaldeiw@xinhuanet.com,Female,$298633.97,420610358,IT
682,Nanci,Dysert,ndysertix@163.com,Female,$871476.99,634310143,CC
683,Putnam,Giannini,pgianniniiy@prweb.com,Male,$872449.38,916359306,CC
684,Anastasie,Camsey,acamseyiz@who.int,Female,$336842.59,990287110,CC
685,Orlan,Doick,odoickj0@vk.com,Male,$882259.66,36646713,CC
686,Fay,Penhalurick,fpenhalurickj1@java.com,Female,$964420.13,747606321,IT
687,Vergil,Moens,vmoensj2@paginegialle.it,Male,$355469.52,64943591,PP
688,Page,Tadgell,ptadgellj3@boston.com,Female,$228980.91,623513334,PP
689,Jacquie,Ricardet,jricardetj4@msn.com,Female,$657205.93,397918500,CC
690,Miof mela,Milley,mmilleyj5@ocn.ne.jp,Female,$887023.76,529407393,IT
691,Lilla,Crolly,lcrollyj6@nytimes.com,Female,$978747.03,965518117,IT
692,Alfie,Bertolin,abertolinj7@google.ca,Female,$511117.63,816625701,CC
693,Wendeline,Commins,wcomminsj8@liveinternet.ru,Female,$558723.30,626465988,IT
694,Raddy,Brisson,rbrissonj9@twitter.com,Male,$372916.48,363828449,PP
695,Adoree,McIlwraith,amcilwraithja@xinhuanet.com,Female,$714512.13,898340211,PP
696,Callida,Teresa,cteresajb@virginia.edu,Female,$714909.30,734131433,PP
697,Elaina,Hasty,ehastyjc@tripadvisor.com,Female,$325855.00,735399123,IT
698,Bancroft,Chanders,bchandersjd@fc2.com,Male,$823020.01,284128591,PP
699,Jackie,Kike,jkikeje@behance.net,Male,$370580.90,120308217,IT
700,Melita,Rummings,mrummingsjf@creativecommons.org,Female,$676225.16,269891232,IT
701,Rosaline,Bortolutti,rbortoluttijg@bigcartel.com,Female,$664454.63,693761424,PP
702,Reade,Kerswill,rkerswilljh@nationalgeographic.com,Male,$790726.02,77143912,CC
703,Jessie,Forlonge,jforlongeji@unc.edu,Male,$239919.02,14377944,IT
704,Sherlock,McRavey,smcraveyjj@dmoz.org,Male,$950299.27,735602519,CC
705,Yulma,Sellen,ysellenjk@sina.com.cn,Male,$214911.86,714663581,PP
706,Arnold,Wales,awalesjl@merriam-webster.com,Male,$734541.18,470348715,PP
707,Cirstoforo,Bodimeade,cbodimeadejm@t-online.de,Male,$115419.70,856127773,PP
708,Anny,Mogford,amogfordjn@microsoft.com,Female,$658225.64,85210072,CC
709,Jayme,Garraway,jgarrawayjo@unblog.fr,Male,$891754.31,537990479,IT
710,Chelsie,Minerdo,cminerdojp@engadget.com,Female,$206707.78,676188074,CC
711,Gavan,McCrudden,gmccruddenjq@icq.com,Male,$733078.82,55520351,PP
712,Arvie,Wellsman,awellsmanjr@hubpages.com,Male,$817673.12,290695922,CC
713,Amby,Gut,agutjs@google.it,Male,$402185.23,306296706,IT
714,Rudiger,Gianninotti,rgianninottijt@opera.com,Male,$393774.47,12599763,PP
715,Kliment,Handscomb,khandscombju@meetup.com,Male,$553020.34,565331747,IT
716,Minni,Pellew,mpellewjv@techcrunch.com,Female,$492228.53,574229532,IT
717,Mathilda,Swyer-Sexey,mswyersexeyjw@edublogs.org,Female,$789961.67,957183798,IT
718,Kim,O'Reilly,koreillyjx@paypal.com,Female,$459502.66,855487573,CC
719,Gunther,Michelle,gmichellejy@foxnews.com,Male,$423591.08,102839787,IT
720,Batsheva,Casham,bcashamjz@xrea.com,Female,$663637.34,310542169,CC
721,Augie,McQuirter,amcquirterk0@si.edu,Male,$801481.00,353540523,IT
722,Davidde,Twidle,dtwidlek1@sohu.com,Male,$142371.62,331905300,CC
723,Tara,Thunnercliff,tthunnercliffk2@cpanel.net,Female,$963494.40,95547499,IT
724,Jessie,Riedel,jriedelk3@printfriendly.com,Female,$421190.06,605860822,CC
725,Portie,Hache,phachek4@163.com,Male,$372569.86,802362897,IT
726,Mada,Critoph,mcritophk5@vimeo.com,Female,$874422.55,552169540,IT
727,Marci,Skehan,mskehank6@google.co.jp,Female,$309646.59,634684033,IT
728,Nerti,Robion,nrobionk7@va.gov,Female,$587985.72,627652073,PP
729,Janina,Staning,jstaningk8@mozilla.org,Female,$305559.76,316690771,IT
730,Waite,Ferriman,wferrimank9@pagesperso-orange.fr,Male,$677612.23,455853852,PP
731,Aleda,Skate,askateka@histats.com,Female,$668118.45,833195814,CC
732,Edmon,Capehorn,ecapehornkb@hexun.com,Male,$135725.00,41369715,CC
733,Preston,Jovic,pjovickc@squidoo.com,Male,$230510.24,25042090,PP
734,Samuele,Dumphry,sdumphrykd@weebly.com,Male,$737299.44,241184394,CC
735,Winifred,Stuttard,wstuttardke@ucoz.com,Female,$385321.05,468046324,PP
736,Christa,Keuneke,ckeunekekf@wiley.com,Female,$220874.50,637237994,PP
737,Margalo,Youthed,myouthedkg@privacy.gov.au,Female,$620515.37,775989472,IT
738,Aimil,Furley,afurleykh@nyu.edu,Female,$377184.26,5553324,CC
739,Steffen,Rosthorn,srosthornki@mail.ru,Male,$397431.01,99988021,CC
740,Uriel,Larkins,ularkinskj@thetimes.co.uk,Male,$922694.35,506846410,CC
741,Heath,Clurow,hclurowkk@nsw.gov.au,Male,$938280.89,148195184,IT
742,Cody,Upton,cuptonkl@ask.com,Male,$837501.09,546016800,CC
743,Livvyy,Frenchum,lfrenchumkm@histats.com,Female,$435949.72,481299699,PP
744,Natalee,Mortel,nmortelkn@phpbb.com,Female,$417757.85,905321518,CC
745,Cheri,Skates,cskatesko@blogtalkradio.com,Female,$118707.89,645721056,PP
746,Rosetta,Huws,rhuwskp@qq.com,Female,$118084.33,588874866,IT
747,Natka,Janda,njandakq@dion.ne.jp,Female,$620752.90,711249698,PP
748,Ellene,Spurier,espurierkr@weather.com,Female,$502297.47,310561290,IT
749,Masha,Eger,megerks@digg.com,Female,$188199.62,94448548,IT
750,Con,Teresa,cteresakt@barnesandnoble.com,Female,$333920.70,589117183,PP
751,Grayce,Challis,gchallisku@exblog.jp,Female,$619473.23,514592968,CC
752,Ermina,Prall,eprallkv@bbc.co.uk,Female,$250956.60,628568884,PP
753,Dela,Greatrex,dgreatrexkw@360.cn,Female,$453782.60,15497414,PP
754,Madison,Blann,mblannkx@trellian.com,Male,$415041.75,49703009,PP
755,Calla,O'Doran,codoranky@hibu.com,Female,$663503.54,693267055,CC
756,Mersey,Fretwell,mfretwellkz@jalbum.net,Female,$936599.53,777621276,PP
757,Justus,Constable,jconstablel0@mozilla.com,Male,$630434.74,1040197601,CC
758,Nate,Jaegar,njaegarl1@nifty.com,Male,$746882.71,575591833,CC
759,Trenna,Iuorio,tiuoriol2@example.com,Female,$453273.18,197698587,PP
760,Denise,Bischoff,dbischoffl3@loc.gov,Female,$429486.60,670450123,IT
761,Dominik,Gillian,dgillianl4@people.com.cn,Male,$956197.78,801435733,IT
762,Amity,Lube,alubel5@wikispaces.com,Female,$654808.79,566460094,IT
763,Zorah,Boam,zboaml6@artisteer.com,Female,$299321.36,978723633,CC
764,Sylvan,Alves,salvesl7@ovh.net,Male,$879545.43,306280941,IT
765,Pablo,Ondracek,pondracekl8@abc.net.au,Male,$595521.30,479758383,CC
766,Dierdre,Hayworth,dhayworthl9@taobao.com,Female,$144178.59,741955157,CC
767,Olly,Oliver-Paull,ooliverpaullla@rambler.ru,Male,$321458.94,862889780,PP
768,Kerri,Sweetnam,ksweetnamlb@cam.ac.uk,Female,$890145.74,418040625,PP
769,Valerie,Gallaway,vgallawaylc@w3.org,Female,$186242.43,907784968,IT
770,Kaela,Boatswain,kboatswainld@sbwire.com,Female,$227860.60,244495162,IT
771,Nananne,Ottam,nottamle@tripadvisor.com,Female,$110423.94,100441470,CC
772,Halimeda,Childerhouse,hchilderhouself@macromedia.com,Female,$395660.68,489744813,CC
773,Dwain,Tzarkov,dtzarkovlg@wix.com,Male,$961855.31,826412195,CC
774,Bernarr,Cleobury,bcleoburylh@ucla.edu,Male,$936216.71,253667594,CC
775,Rowan,Ganny,rgannyli@bing.com,Male,$638707.45,151370002,IT
776,Tim,Mulleary,tmullearylj@ihg.com,Male,$425674.95,753706769,PP
777,Irita,Doncom,idoncomlk@dell.com,Female,$687097.29,1042259413,PP
778,Basile,Hamp,bhampll@disqus.com,Male,$915042.69,1010817876,CC
779,Channa,Camock,ccamocklm@geocities.com,Female,$124722.43,828159506,IT
780,Linell,Hamprecht,lhamprechtln@slate.com,Female,$217860.86,66278701,PP
781,Bonny,Davidovich,bdavidovichlo@parallels.com,Female,$822268.99,300796704,PP
782,Halley,Handling,hhandlinglp@apple.com,Female,$734728.68,423576466,IT
783,Consuela,MacBrearty,cmacbreartylq@multiply.com,Female,$122048.15,290129025,PP
784,Selina,Bagguley,sbagguleylr@quantcast.com,Female,$994782.87,130290839,IT
785,Norene,Cuddihy,ncuddihyls@wix.com,Female,$379696.87,560375336,PP
786,Stormie,Casement,scasementlt@blogspot.com,Female,$505311.59,714516132,IT
787,Kane,Mugglestone,kmugglestonelu@list-manage.com,Male,$100058.51,196930979,CC
788,Alwyn,Hallett,ahallettlv@ning.com,Male,$875476.93,967830560,PP
789,Grace,Gehringer,ggehringerlw@earthlink.net,Male,$363956.61,966439605,CC
790,Vern,Degue,vdeguelx@answers.com,Male,$238670.51,952223620,IT
791,Hollyanne,Ubsdale,hubsdalely@unesco.org,Female,$565979.11,1013676199,PP
792,Joana,Spillman,jspillmanlz@shutterfly.com,Female,$907572.62,985066115,CC
793,Vevay,Purdie,vpurdiem0@baidu.com,Female,$390428.81,486357193,CC
794,Reginald,Massimo,rmassimom1@altervista.org,Male,$951909.21,1017928083,PP
795,Diego,Winckworth,dwinckworthm2@uol.com.br,Male,$912226.42,283417031,PP
796,Arielle,Pygott,apygottm3@webeden.co.uk,Female,$316200.49,114333743,PP
797,Linet,Quilligan,lquilliganm4@wikipedia.org,Female,$535286.50,324772902,PP
798,Zelma,Ioannidis,zioannidism5@usatoday.com,Female,$384959.06,325578569,IT
799,Joleen,L'Hommee,jlhommeem6@nasa.gov,Female,$217626.39,118801198,IT
800,Ingra,Houdmont,ihoudmontm7@jugem.jp,Male,$408381.47,550460465,CC
801,Abby,Inglesant,ainglesantm8@nba.com,Male,$125222.17,240282293,PP
802,Raoul,Frodsham,rfrodshamm9@nba.com,Male,$985595.29,44091382,IT
803,Willy,Ashmore,washmorema@cloudflare.com,Female,$463758.83,1041676572,PP
804,Rorie,Cristea,rcristeamb@nih.gov,Female,$394798.34,324708280,CC
805,Claudina,Ivantyev,civantyevmc@census.gov,Female,$409922.77,418786187,CC
806,Madeleine,Hulles,mhullesmd@sfgate.com,Female,$992216.74,317094611,IT
807,Bari,Gleeton,bgleetonme@ebay.com,Female,$700065.61,870950973,IT
808,Teddie,Chettle,tchettlemf@ihg.com,Male,$387835.29,69507395,CC
809,Zacharia,Wormstone,zwormstonemg@naver.com,Male,$770550.41,484598731,PP
810,Curcio,Scandrite,cscandritemh@people.com.cn,Male,$490529.08,94461580,PP
811,Roley,Hindenberger,rhindenbergermi@theglobeandmail.com,Male,$100661.24,377948498,IT
812,Rance,Lawley,rlawleymj@bigcartel.com,Male,$376972.85,288350510,PP
813,Dael,Abbey,dabbeymk@diigo.com,Male,$388149.43,621334785,CC
814,Kelley,Featherstone,kfeatherstoneml@tumblr.com,Male,$140246.03,922645379,IT
815,Mildred,Oehm,moehmmm@mail.ru,Female,$490458.35,289971595,CC
816,Mariska,McGavigan,mmcgaviganmn@tinypic.com,Female,$804712.92,309556831,IT
817,Michaella,Laurentin,mlaurentinmo@vinaora.com,Female,$374350.92,19299467,PP
818,Augustine,Shankle,ashanklemp@unesco.org,Male,$930939.25,354007936,CC
819,Shayla,Bolesma,sbolesmamq@oaic.gov.au,Female,$999780.10,828572587,IT
820,Barby,Vanstone,bvanstonemr@wikipedia.org,Female,$136678.40,278608571,PP
821,Koenraad,Abyss,kabyssms@arstechnica.com,Male,$453388.24,349092587,CC
822,Robbie,Cormack,rcormackmt@kickstarter.com,Male,$164012.53,64471901,IT
823,Rorie,Horley,rhorleymu@guardian.co.uk,Female,$180977.15,779711327,CC
824,Luci,Candlish,lcandlishmv@t.co,Female,$736441.31,39928043,PP
825,Hermann,Androlli,handrollimw@businessinsider.com,Male,$217419.76,1040700581,PP
826,Gerti,Matelyunas,gmatelyunasmx@sphinn.com,Female,$626972.64,735274163,PP
827,Hasheem,Labin,hlabinmy@nyu.edu,Male,$152929.51,139557385,IT
828,Tish,Webb,twebbmz@sun.com,Female,$293422.86,252249697,PP
829,Roseanne,Garroway,rgarrowayn0@addthis.com,Female,$694261.07,183501316,PP
830,Worth,Haygreen,whaygreenn1@newyorker.com,Male,$189562.44,50832978,CC
831,Talbot,Saye,tsayen2@fema.gov,Male,$279428.93,11117999,IT
832,Aubree,Castellanos,acastellanosn3@fastcompany.com,Female,$679591.33,11646373,CC
833,Fransisco,Spon,fsponn4@amazon.co.jp,Male,$289730.39,216625693,PP
834,Gretta,Rosenfelt,grosenfeltn5@goodreads.com,Female,$326343.61,975019092,IT
835,Yul,Noquet,ynoquetn6@usgs.gov,Male,$549056.27,548138228,CC
836,Gennie,Andri,gandrin7@geocities.com,Female,$400347.40,849238202,PP
837,Bernard,Fillingham,bfillinghamn8@macromedia.com,Male,$198661.76,507249048,IT
838,Linus,Duchesne,lduchesnen9@alexa.com,Male,$852622.88,403491000,IT
839,Tabbi,Eakin,teakinna@netlog.com,Female,$511514.94,598981510,IT
840,Augy,Grafhom,agrafhomnb@blogtalkradio.com,Male,$727365.42,250036975,IT
841,Staci,Peppett,speppettnc@sun.com,Female,$799712.87,266744808,CC
842,Skippy,Le Brom,slebromnd@infoseek.co.jp,Male,$712157.97,402084135,PP
843,Ramon,Splain,rsplainne@rakuten.co.jp,Male,$572520.95,36505159,CC
844,Erie,O'Dooghaine,eodooghainenf@adobe.com,Male,$857287.36,384736936,IT
845,Gabbie,Wickersham,gwickershamng@tinypic.com,Male,$899569.05,397911141,PP
846,Grissel,Durtnall,gdurtnallnh@linkedin.com,Female,$718412.93,471302242,IT
847,Wylma,Giacomo,wgiacomoni@wordpress.org,Female,$418255.90,481357625,CC
848,Tomi,Etock,tetocknj@vistaprint.com,Female,$119101.13,123247600,IT
849,Bailey,Troake,btroakenk@studiopress.com,Male,$426887.64,572404810,CC
850,Davis,Loyndon,dloyndonnl@npr.org,Male,$902805.22,14009153,IT
851,Augustine,Hitscher,ahitschernm@vistaprint.com,Male,$609266.84,566924850,PP
852,Nestor,Petren,npetrennn@liveinternet.ru,Male,$935206.54,1001784818,PP
853,Verene,Antonetti,vantonettino@bbb.org,Female,$307132.46,758911735,IT
854,Traver,Oxlee,toxleenp@dailymotion.com,Male,$424677.43,332842115,IT
855,Evita,Bakes,ebakesnq@blinklist.com,Female,$712039.51,330944368,PP
856,Kamila,Beeres,kbeeresnr@so-net.ne.jp,Female,$730738.88,759682237,IT
857,Brent,Duffree,bduffreens@blogger.com,Male,$512712.82,917192989,IT
858,Rip,McEnery,rmcenerynt@ow.ly,Male,$397652.15,93221985,CC
859,Miles,Maund,mmaundnu@guardian.co.uk,Male,$455297.62,618562226,PP
860,Nickolai,Whiskerd,nwhiskerdnv@globo.com,Male,$410937.64,828926372,IT
861,Kassi,Hambright,khambrightnw@mail.ru,Female,$488138.14,420057500,IT
862,Normy,Creffield,ncreffieldnx@ameblo.jp,Male,$722671.56,423060472,CC
863,Nicky,Crates,ncratesny@msn.com,Female,$942351.50,696014759,IT
864,Grethel,Mosby,gmosbynz@imgur.com,Female,$280486.60,941117070,PP
865,Horatio,Fradson,hfradsono0@simplemachines.org,Male,$493791.52,433854789,PP
866,Giusto,Orro,gorroo1@harvard.edu,Male,$467755.54,517282555,IT
867,Rinaldo,Dovington,rdovingtono2@diigo.com,Male,$200930.81,670556680,PP
868,Tyler,Flancinbaum,tflancinbaumo3@bigcartel.com,Male,$366210.09,211728332,IT
869,Zora,Deviney,zdevineyo4@com.com,Female,$851272.39,787634264,CC
870,Suki,Arzu,sarzuo5@bandcamp.com,Female,$940477.16,664309302,PP
871,Kendall,Wasylkiewicz,kwasylkiewiczo6@google.nl,Male,$747789.66,991712809,PP
872,Winnie,Teeney,wteeneyo7@sina.com.cn,Male,$741535.32,243608303,PP
873,Selinda,Nowakowska,snowakowskao8@digg.com,Female,$544058.67,319300336,CC
874,Glyn,Hardinge,ghardingeo9@marketwatch.com,Male,$934004.91,148976695,PP
875,Sydel,Branthwaite,sbranthwaiteoa@bizjournals.com,Female,$764496.42,21010967,PP
876,Douglas,Coghlin,dcoghlinob@vinaora.com,Male,$690667.44,982292797,PP
877,Zack,Nekrews,znekrewsoc@washingtonpost.com,Male,$156847.93,722080767,PP
878,Alejandro,Cammidge,acammidgeod@newsvine.com,Male,$485272.89,363888519,IT
879,Celestia,Durber,cdurberoe@sciencedaily.com,Female,$297225.63,426463513,IT
880,Chloe,Whetson,cwhetsonof@adobe.com,Female,$661877.00,876243829,IT
881,Mahmoud,Trinke,mtrinkeog@tmall.com,Male,$969200.37,157116286,CC
882,Jacky,Jillins,jjillinsoh@hubpages.com,Male,$613021.30,810406605,IT
883,Belvia,Stamps,bstampsoi@dyndns.org,Female,$572802.74,879026768,CC
884,Valencia,Trowbridge,vtrowbridgeoj@ted.com,Female,$982771.49,406786195,PP
885,Klarrisa,Hennington,khenningtonok@archive.org,Female,$493995.79,55892332,PP
886,Nathanil,Thicking,nthickingol@phpbb.com,Male,$399224.50,304351040,CC
887,Kermy,Tremblet,ktrembletom@exblog.jp,Male,$151475.69,229761586,PP
888,Kristina,Craisford,kcraisfordon@cbc.ca,Female,$455522.08,272706968,PP
889,Maury,Suscens,msuscensoo@usnews.com,Male,$605002.42,401123566,CC
890,Antony,Critchell,acritchellop@amazon.co.jp,Male,$253023.29,315448674,PP
891,Esta,Maudling,emaudlingoq@techcrunch.com,Female,$141287.76,405651226,CC
892,Roosevelt,McKoy,rmckoyor@umich.edu,Male,$784581.29,884285797,PP
893,Ransell,McKiddin,rmckiddinos@zdnet.com,Male,$140782.26,766826460,IT
894,Gwenneth,Herculeson,gherculesonot@yolasite.com,Female,$534357.89,677762908,CC
895,Dene,Grason,dgrasonou@feedburner.com,Male,$891164.89,519395375,CC
896,Temple,Cafferky,tcafferkyov@ask.com,Male,$489413.70,43035055,PP
897,Regan,Cammell,rcammellow@goodreads.com,Male,$685715.21,704554606,IT
898,Cleavland,Mandel,cmandelox@t.co,Male,$580737.57,348284234,IT
899,Holly,Illingsworth,hillingsworthoy@hostgator.com,Male,$291472.67,331279794,PP
900,Fredek,Larter,flarteroz@senate.gov,Male,$685096.85,995528403,CC
901,Theresina,Dorkin,tdorkinp0@github.io,Female,$411915.29,363786261,IT
902,Latia,Kryszkiecicz,lkryszkieciczp1@uiuc.edu,Female,$410256.16,735677293,PP
903,Nady,Belamy,nbelamyp2@ebay.com,Female,$775077.67,907692174,CC
904,Wendeline,Bagnell,wbagnellp3@sbwire.com,Female,$557294.13,828920988,PP
905,Violante,Strowger,vstrowgerp4@webnode.com,Female,$175747.49,1002299286,PP
906,Glenda,Noor,gnoorp5@skype.com,Female,$115411.80,839759643,IT
907,Klara,Breston,kbrestonp6@google.nl,Female,$380518.85,865729719,IT
908,Terra,Pett,tpettp7@usatoday.com,Female,$862895.73,780230713,PP
909,Tandi,Kimbling,tkimblingp8@1688.com,Female,$547798.28,203212141,IT
910,Emmye,Forrest,eforrestp9@toplist.cz,Female,$832841.24,537422469,CC
911,Rebekah,Chaney,rchaneypa@google.co.uk,Female,$755169.32,114737415,IT
912,Stepha,Bryns,sbrynspb@themeforest.net,Female,$900818.63,576842210,CC
913,Illa,Spowage,ispowagepc@blinklist.com,Female,$977737.29,1009926743,IT
914,Evvy,Hamm,ehammpd@a8.net,Female,$682674.19,676531112,IT
915,Mirna,Petrolli,mpetrollipe@edublogs.org,Female,$405439.29,569972785,CC
916,Joshia,Siley,jsileypf@jiathis.com,Male,$491242.06,496254830,IT
917,Sullivan,Napoleone,snapoleonepg@bloomberg.com,Male,$404164.49,674825766,IT
918,Langston,Foulsham,lfoulshamph@ehow.com,Male,$129263.93,40820297,PP
919,Mace,McKiernan,mmckiernanpi@pagesperso-orange.fr,Male,$971440.24,936747965,PP
920,Tiler,Trippick,ttrippickpj@redcross.org,Male,$340313.39,974369892,IT
921,Chad,Bernat,cbernatpk@wufoo.com,Male,$615220.65,64552213,CC
922,Chelsy,Gerrad,cgerradpl@typepad.com,Female,$448954.86,113841347,IT
923,Darcy,Hincham,dhinchampm@hatena.ne.jp,Male,$852611.45,195269598,PP
924,Hettie,Armin,harminpn@blinklist.com,Female,$545465.45,835023414,PP
925,Vinny,Laxson,vlaxsonpo@livejournal.com,Male,$353189.55,64372505,CC
926,Englebert,Esmond,eesmondpp@wikimedia.org,Male,$399706.35,665087490,CC
927,Lay,Antonovic,lantonovicpq@sbwire.com,Male,$246933.20,463871612,CC
928,Breena,Stener,bstenerpr@wikispaces.com,Female,$972092.60,648303074,CC
929,Desmond,Clem,dclemps@meetup.com,Male,$747652.71,168796774,IT
930,Jeramey,Ponten,jpontenpt@independent.co.uk,Male,$713364.45,995367532,PP
931,Latia,Arstall,larstallpu@about.me,Female,$428716.36,1035899418,PP
932,Kalina,Paoli,kpaolipv@google.it,Female,$579828.88,973464323,PP
933,Yulma,Strass,ystrasspw@vk.com,Male,$486738.22,288875702,PP
934,Cort,Dubble,cdubblepx@is.gd,Male,$958134.68,675256076,CC
935,Elaine,Hartle,ehartlepy@state.tx.us,Female,$882911.02,102663705,PP
936,Curt,Thomsen,cthomsenpz@ucoz.ru,Male,$435323.86,110325832,CC
937,Sophia,Hayer,shayerq0@techcrunch.com,Female,$783695.79,841110425,IT
938,Annabelle,Sinnat,asinnatq1@latimes.com,Female,$767186.36,995622335,IT
939,Benn,Giovanetti,bgiovanettiq2@unblog.fr,Male,$418687.77,260890997,IT
940,Marcelle,Raikes,mraikesq3@cornell.edu,Female,$999136.55,418788904,IT
941,Kalle,Manville,kmanvilleq4@eventbrite.com,Male,$830594.41,10510499,PP
942,Sandie,Peckett,speckettq5@list-manage.com,Female,$294501.61,257642033,IT
943,Leshia,McCandie,lmccandieq6@uol.com.br,Female,$896514.25,622809045,CC
944,Maxy,Gonzalez,mgonzalezq7@drupal.org,Male,$757572.70,219750205,CC
945,Mirabella,Philcock,mphilcockq8@free.fr,Female,$781022.22,293655335,CC
946,Symon,Klimochkin,sklimochkinq9@webmd.com,Male,$211178.60,877005282,PP
947,Cam,Everson,ceversonqa@sun.com,Female,$712835.41,406730739,CC
948,Morie,Hastewell,mhastewellqb@hud.gov,Male,$507196.10,755357558,CC
949,Cacilia,Hyams,chyamsqc@census.gov,Female,$741724.52,803777169,CC
950,Major,Wytchard,mwytchardqd@odnoklassniki.ru,Male,$147290.01,242748575,PP
951,Saraann,Karpenya,skarpenyaqe@plala.or.jp,Female,$313619.62,800239560,CC
952,Julianne,Kenwood,jkenwoodqf@joomla.org,Female,$568017.49,435324433,IT
953,Bari,Woodyatt,bwoodyattqg@etsy.com,Female,$291090.12,52211635,CC
954,Ephraim,MacCaughey,emaccaugheyqh@princeton.edu,Male,$996539.56,300364533,IT
955,Adler,De Castri,adecastriqi@uiuc.edu,Male,$880019.96,398345843,CC
956,Alastair,Corrin,acorrinqj@yellowpages.com,Male,$372527.29,52152183,IT
957,Marie-ann,McElwee,mmcelweeqk@washingtonpost.com,Female,$767720.80,290033308,PP
958,Rouvin,Klagge,rklaggeql@bravesites.com,Male,$687969.74,416990939,IT
959,Nick,Thomton,nthomtonqm@nature.com,Male,$870545.51,248889398,CC
960,Granny,Fawlo,gfawloqn@thetimes.co.uk,Male,$460906.80,205061404,CC
961,Beaufort,Stickells,bstickellsqo@businessweek.com,Male,$340487.49,852578640,IT
962,Lanie,Dickie,ldickieqp@samsung.com,Male,$579795.54,1038846412,IT
963,Darren,Harpur,dharpurqq@dell.com,Male,$843023.09,31395371,IT
964,Arturo,Morcomb,amorcombqr@cloudflare.com,Male,$460914.54,738374351,CC
965,Keeley,Sandiland,ksandilandqs@wix.com,Female,$787895.78,841892698,PP
966,Gianna,Jendrassik,gjendrassikqt@foxnews.com,Female,$895685.06,136133428,PP
967,Gannon,Drain,gdrainqu@ox.ac.uk,Male,$616969.29,780007457,CC
968,Zared,Tregidga,ztregidgaqv@bigcartel.com,Male,$465406.11,384729917,PP
969,Lynn,Madle,lmadleqw@ow.ly,Female,$517039.26,184722573,CC
970,Tam,Vamplers,tvamplersqx@java.com,Male,$340781.14,164510854,PP
971,Susi,Khalid,skhalidqy@wsj.com,Female,$354799.46,35780057,PP
972,Maurie,Rushmare,mrushmareqz@mit.edu,Male,$532420.73,307489274,IT
973,Pryce,Cratchley,pcratchleyr0@surveymonkey.com,Male,$152505.49,320545599,IT
974,Audrye,Glowacz,aglowaczr1@oakley.com,Female,$519931.72,944026443,IT
975,Cesar,Cassell,ccassellr2@vimeo.com,Male,$237857.01,489343886,PP
976,Jacquette,Musto,jmustor3@howstuffworks.com,Female,$851511.07,389965810,CC
977,Conni,Peacocke,cpeacocker4@un.org,Female,$767309.94,139820007,CC
978,Neddy,Tavener,ntavenerr5@sun.com,Male,$817296.80,683775245,CC
979,Weylin,Bailey,wbaileyr6@godaddy.com,Male,$479380.52,527064938,IT
980,Errol,Ruddell,eruddellr7@shinystat.com,Male,$297387.88,702675127,PP
981,Javier,Inderwick,jinderwickr8@businesswire.com,Male,$239994.57,699743465,CC
982,Roderick,Chezelle,rchezeller9@sourceforge.net,Male,$295672.61,58438927,IT
983,Ruddie,Measor,rmeasorra@cargocollective.com,Male,$574338.80,674048414,PP
984,Kyla,Reggiani,kreggianirb@webnode.com,Female,$428132.61,330348032,PP
985,Quintilla,Jelly,qjellyrc@vistaprint.com,Female,$461001.28,756712905,CC
986,Ware,Kinsett,wkinsettrd@drupal.org,Male,$610607.93,683764760,PP
987,Garnet,Weddeburn,gweddeburnre@free.fr,Female,$933392.13,405308755,CC
988,Marguerite,Dunphy,mdunphyrf@360.cn,Female,$958122.33,727291434,CC
989,Teresina,Longland,tlonglandrg@rambler.ru,Female,$629436.33,389414975,IT
990,Libbi,Lynds,llyndsrh@unicef.org,Female,$249735.42,465829001,PP
991,Cissy,Charnick,ccharnickri@msn.com,Female,$692554.73,519184637,IT
992,Lane,Barnwille,lbarnwillerj@privacy.gov.au,Female,$290520.86,260088298,PP
993,Robby,Jellico,rjellicork@mashable.com,Female,$197756.32,188249457,CC
994,Jamal,Shirtliff,jshirtliffrl@hc360.com,Male,$566785.52,369264734,CC
995,Mendy,Payley,mpayleyrm@tripadvisor.com,Male,$788471.47,317615428,PP
996,Kaleb,Calladine,kcalladinern@thetimes.co.uk,Male,$845359.47,506538805,PP
997,Ellswerth,Meah,emeahro@gmpg.org,Male,$194454.53,566295588,CC
998,Cly,Illes,cillesrp@statcounter.com,Male,$217588.23,491218804,IT
999,Tobe,Tranfield,ttranfieldrq@smugmug.com,Male,$896798.81,979813302,IT
1000,Garreth,McTrustrie,gmctrustrierr@livejournal.com,Male,$204517.07,961459366,IT
