id,nombre,apellido,email,genero,valor_tx,numero_identificacion,tipo_identificacion
1,Iolanthe,Von Welldun,ivonwelldun0@deviantart.com,Female,$521654.79,87140437,CC
2,Kori,Carlile,kcarlile1@tmall.com,Female,$502260.25,681649459,CC
3,Roma,Doumerc,rdoumerc2@usda.gov,Male,$910111.26,333346579,CC
4,Ralf,Chance,rchance3@purevolume.com,Male,$778592.16,610641437,CC
5,Cobb,Grierson,cgrierson4@bloglovin.com,Male,$734115.12,864744694,CC
6,Pooh,Weighell,pweighell5@artisteer.com,Female,$925254.23,665680501,CC
7,Oates,Gallety,ogallety6@1und1.de,Male,$396472.73,716412288,PP
8,Grissel,Trinke,gtrinke7@mac.com,Female,$662170.60,794167146,PP
9,Lorin,Kubczak,lkubczak8@deliciousdays.com,Male,$872390.11,1040458682,IT
10,Meggi,Samarth,msamarth9@123-reg.co.uk,Female,$167308.43,833849453,IT
11,Ameline,Arnaldo,aarnaldoa@godaddy.com,Female,$256920.48,525106609,CC
12,Melantha,Kemmis,mkemmisb@msn.com,Female,$453633.81,686986094,IT
13,Petrina,Sapshed,psapshedc@bluehost.com,Female,$190631.07,449536591,CC
14,Saul,Iacobucci,siacobuccid@wikimedia.org,Male,$758525.49,852218563,PP
15,Chantalle,Titchener,ctitchenere@chicagotribune.com,Female,$906171.07,947965951,IT
16,Tristan,Hardage,thardagef@deviantart.com,Male,$597655.24,42020154,PP
17,Holt,Danher,hdanherg@discuz.net,Male,$426143.48,357961656,CC
18,Herby,Risbridge,hrisbridgeh@facebook.com,Male,$303888.99,1042454287,IT
19,Aubry,Weatherup,aweatherupi@com.com,Female,$392638.08,212371013,PP
20,Thorin,Saberton,tsabertonj@upenn.edu,Male,$497365.83,225928998,PP
21,Yettie,Jury,yjuryk@ihg.com,Female,$214320.25,904604603,PP
22,Alexis,Luebbert,aluebbertl@paypal.com,Female,$364302.77,907610464,PP
23,Marni,Munson,mmunsonm@chron.com,Female,$213758.83,148946608,CC
24,Regan,Boxe,rboxen@weather.com,Female,$736958.79,827447299,IT
25,Boot,Westhofer,bwesthofero@dropbox.com,Male,$298356.60,179907694,CC
26,Austine,Benini,abeninip@livejournal.com,Female,$674171.56,987343402,CC
27,Farleigh,Stace,fstaceq@hhs.gov,Male,$305701.07,326255615,CC
28,Tann,Tejada,ttejadar@parallels.com,Male,$402010.04,720393168,PP
29,Clark,Catherall,ccatheralls@github.com,Male,$225597.66,217728753,IT
30,Merle,Baddam,mbaddamt@discovery.com,Male,$888878.16,965392018,PP
31,Linoel,Vanin,lvaninu@csmonitor.com,Male,$679589.86,304082700,IT
32,Agneta,Strick,astrickv@themeforest.net,Female,$374754.86,88083310,IT
33,Florry,Conneely,fconneelyw@drupal.org,Female,$129298.91,386708827,CC
34,Delainey,Pargiter,dpargiterx@ovh.net,Male,$366918.17,1017387167,CC
35,Mylo,Pasek,mpaseky@quantcast.com,Male,$180814.12,348363061,CC
36,Bendicty,Battelle,bbattellez@hatena.ne.jp,Male,$342265.61,366042108,PP
37,Paula,Skerratt,pskerratt10@tmall.com,Female,$604313.63,447401535,PP
38,Rowe,Boocock,rboocock11@yahoo.com,Female,$999989.91,392846270,PP
39,Glenda,Pullin,gpullin12@google.com,Female,$836885.02,836684043,CC
40,Yolanda,Renforth,yrenforth13@edublogs.org,Female,$603119.54,533639065,CC
41,Claudelle,Girard,cgirard14@huffingtonpost.com,Female,$854908.80,951655974,CC
42,Bibi,Appleyard,bappleyard15@ucoz.com,Female,$319992.51,1043680776,CC
43,Gretna,Tibbs,gtibbs16@dedecms.com,Female,$554920.10,22578438,CC
44,Neddy,Rowell,nrowell17@state.gov,Male,$351115.34,933948807,IT
45,Odelinda,Anstead,oanstead18@angelfire.com,Female,$631891.36,475288865,IT
46,Benn,Clelle,bclelle19@de.vu,Male,$821680.08,480078979,CC
47,Cathryn,Kiddell,ckiddell1a@simplemachines.org,Female,$366509.96,1042198306,CC
48,Grantham,Spennock,gspennock1b@t-online.de,Male,$131512.41,529258193,IT
49,Herc,Pocknoll,hpocknoll1c@abc.net.au,Male,$421962.30,500189241,CC
50,Roseanna,Kiezler,rkiezler1d@oakley.com,Female,$531749.92,940672324,IT
51,Abbey,Mullany,amullany1e@zimbio.com,Female,$751207.94,882319834,IT
52,Inger,Waitland,iwaitland1f@networksolutions.com,Male,$674462.83,812044298,CC
53,Judas,Laight,jlaight1g@youtu.be,Male,$497778.81,162315582,IT
54,Wang,Duke,wduke1h@cnbc.com,Male,$112309.25,741392942,PP
55,Kirby,Logesdale,klogesdale1i@nhs.uk,Male,$758322.73,954849963,PP
56,Milty,Dommersen,mdommersen1j@amazon.com,Male,$872847.37,156166388,IT
57,Aloysia,Kemer,akemer1k@google.pl,Female,$889644.90,142452701,CC
58,Tory,Gilkes,tgilkes1l@tripod.com,Female,$302555.34,608518403,IT
59,Trina,Klesel,tklesel1m@businessinsider.com,Female,$145050.87,370761781,CC
60,Brodie,Auston,bauston1n@google.com.hk,Male,$546613.42,208419763,IT
61,Barb,Gilfether,bgilfether1o@elpais.com,Female,$522260.79,520803940,CC
62,Kissee,Titcomb,ktitcomb1p@seesaa.net,Female,$941799.21,282882519,CC
63,Timmie,Gladdolph,tgladdolph1q@odnoklassniki.ru,Female,$744410.24,165718858,CC
64,Gretal,Mabbett,gmabbett1r@wordpress.org,Female,$413390.42,498932214,IT
65,Harper,Gather,hgather1s@flavors.me,Male,$850462.29,548503941,IT
66,Jose,Mossbee,jmossbee1t@ask.com,Male,$401430.55,241876957,PP
67,Avram,Fillary,afillary1u@admin.ch,Male,$714188.49,1027592394,IT
68,Karlotta,Spenclay,kspenclay1v@gizmodo.com,Female,$745107.12,265913340,IT
69,Eleanore,Smithyman,esmithyman1w@phpbb.com,Female,$727907.22,712942068,CC
70,Charissa,Cocks,ccocks1x@skype.com,Female,$315824.00,609794156,IT
71,Barnaby,Papes,bpapes1y@i2i.jp,Male,$331372.21,56605665,CC
72,Margarita,Gulliford,mgulliford1z@ucla.edu,Female,$688093.87,571705661,PP
73,Anetta,Chimes,achimes20@washington.edu,Female,$170995.80,122557680,PP
74,Bayard,Dearnaly,bdearnaly21@canalblog.com,Male,$542568.01,200258419,IT
75,Dickie,Cattellion,dcattellion22@sphinn.com,Male,$912418.62,790598062,CC
76,Rudyard,Nertney,rnertney23@abc.net.au,Male,$886612.17,963425440,CC
77,Hermina,Le Prevost,hleprevost24@eventbrite.com,Female,$727191.77,54881751,PP
78,Ruttger,Kondrachenko,rkondrachenko25@google.es,Male,$665156.83,464188810,IT
79,Wildon,Adams,wadams26@cloudflare.com,Male,$658811.79,59371717,PP
80,Allissa,Bendel,abendel27@miibeian.gov.cn,Female,$692330.90,96915777,CC
81,Tove,MacCall,tmaccall28@slideshare.net,Female,$692552.96,588175939,PP
82,Sibley,Randales,srandales29@plala.or.jp,Female,$434706.22,799956928,PP
83,Atlante,Pasby,apasby2a@engadget.com,Female,$629924.37,1005306822,IT
84,Tory,Risebarer,trisebarer2b@themeforest.net,Female,$385836.41,80975392,IT
85,Olenolin,Salazar,osalazar2c@si.edu,Male,$264162.50,93451679,PP
86,Beitris,Deavin,bdeavin2d@dot.gov,Female,$222738.54,922116870,PP
87,Bettine,Delafont,bdelafont2e@studiopress.com,Female,$568886.85,506065038,IT
88,Cherlyn,Doman,cdoman2f@sfgate.com,Female,$612599.62,617919943,IT
89,Edan,Letterick,eletterick2g@patch.com,Male,$774529.50,67756530,PP
90,Georg,Kynastone,gkynastone2h@mediafire.com,Male,$700025.88,577539214,PP
91,Sonnie,Balm,sbalm2i@biglobe.ne.jp,Female,$484568.39,542537175,PP
92,Brocky,Warrior,bwarrior2j@discuz.net,Male,$730387.35,443293298,PP
93,Melisa,Hincham,mhincham2k@acquirethisname.com,Female,$292385.71,644683041,IT
94,Reuben,Sandey,rsandey2l@nba.com,Male,$272530.41,1048415518,IT
95,Allen,Megahey,amegahey2m@paypal.com,Male,$355353.10,691963290,CC
96,Una,Murrigan,umurrigan2n@craigslist.org,Female,$550721.28,817710278,PP
97,Maire,Joddens,mjoddens2o@eventbrite.com,Female,$164072.48,788955943,PP
98,Rodrique,Ditty,rditty2p@wordpress.com,Male,$529533.77,858166875,CC
99,Kally,Jarville,kjarville2q@hubpages.com,Female,$234451.03,610394688,IT
100,Erskine,Stoffersen,estoffersen2r@dell.com,Male,$113682.18,778587619,IT
101,Gusella,Loudon,gloudon2s@mlb.com,Female,$966347.94,508669523,IT
102,Kippy,Wickrath,kwickrath2t@taobao.com,Female,$628079.86,960866114,CC
103,Marietta,Chandlar,mchandlar2u@amazonaws.com,Male,$852125.94,815743949,CC
104,Rosemarie,Sapey,rsapey2v@oakley.com,Female,$212409.30,340250947,IT
105,Stevena,Naseby,snaseby2w@unicef.org,Female,$201924.13,249874733,IT
106,Kristen,Lowfill,klowfill2x@ovh.net,Female,$639963.76,333126114,PP
107,Jard,Fullom,jfullom2y@github.io,Male,$364081.33,197652655,IT
108,Dennison,Druce,ddruce2z@adobe.com,Male,$916717.26,610093108,PP
109,Lek,Johannes,ljohannes30@house.gov,Male,$253361.20,16423091,CC
110,Gladi,Standring,gstandring31@msn.com,Female,$541242.88,226414451,CC
111,Sue,Pablos,spablos32@tiny.cc,Female,$194374.93,1004401865,PP
112,Ophelie,Searchfield,osearchfield33@printfriendly.com,Female,$418599.27,276492702,IT
113,Sandra,Hartley,shartley34@slashdot.org,Female,$903393.26,536054008,PP
114,El,Ibell,eibell35@arstechnica.com,Male,$375270.97,830904008,PP
115,Ainsley,Renad,arenad36@themeforest.net,Female,$180440.25,952964608,CC
116,Myca,Cheson,mcheson37@cnbc.com,Male,$313704.18,421823080,IT
117,Bentley,Hassell,bhassell38@exblog.jp,Male,$706018.30,639879879,IT
118,Arnaldo,Gasker,agasker39@facebook.com,Male,$812669.27,440935483,IT
119,Ansel,Chandler,achandler3a@independent.co.uk,Male,$978997.92,529731115,IT
120,Hort,Redington,hredington3b@yahoo.com,Male,$693085.87,405244157,IT
121,Clemmy,Nelius,cnelius3c@chron.com,Female,$368690.58,907374925,CC
122,Adda,Fenge,afenge3d@baidu.com,Female,$675923.10,1028101727,CC
123,Kinny,Bake,kbake3e@skype.com,Male,$871360.95,917493079,CC
124,Cyndia,D' Angelo,cdangelo3f@taobao.com,Female,$815701.81,760401330,PP
125,Saraann,Biles,sbiles3g@elegantthemes.com,Female,$187906.68,689799399,PP
126,Derward,Girke,dgirke3h@weather.com,Male,$300059.27,1045817444,IT
127,Xenos,Brouard,xbrouard3i@army.mil,Male,$319918.72,802956586,PP
128,Kailey,Rubica,krubica3j@hibu.com,Female,$161672.85,840459270,PP
129,Luther,Davidovich,ldavidovich3k@alibaba.com,Male,$490347.77,624010500,CC
130,Milzie,Ertelt,mertelt3l@opensource.org,Female,$990137.91,140918094,CC
131,Dilan,Allen,dallen3m@amazon.co.uk,Male,$283266.50,787186331,IT
132,Veriee,Silberschatz,vsilberschatz3n@bandcamp.com,Female,$791779.65,962348265,CC
133,Grier,Halston,ghalston3o@slate.com,Female,$524751.37,930586711,PP
134,Fielding,Whipp,fwhipp3p@house.gov,Male,$659748.60,695190410,PP
135,Pail,Brevitt,pbrevitt3q@elegantthemes.com,Male,$985808.53,1015682089,CC
136,Eadmund,Sebire,esebire3r@dmoz.org,Male,$889633.80,114010769,PP
137,Sydney,Sealey,ssealey3s@elegantthemes.com,Male,$687300.46,455226288,CC
138,Costa,Cheasman,ccheasman3t@google.es,Male,$704128.97,530763620,PP
139,Nevile,Escudier,nescudier3u@cisco.com,Male,$174475.74,436868213,IT
140,Bettine,Rounce,brounce3v@princeton.edu,Female,$257321.21,50478686,PP
141,Ross,Dehmel,rdehmel3w@vimeo.com,Male,$618147.43,456216429,IT
142,Drucie,Gulk,dgulk3x@oaic.gov.au,Female,$864805.45,155897328,IT
143,Pat,Aubray,paubray3y@cnet.com,Male,$885579.32,669748043,CC
144,Zedekiah,Clymo,zclymo3z@behance.net,Male,$786109.93,703254306,PP
145,Tyson,Lorroway,tlorroway40@ehow.com,Male,$543755.56,523034639,CC
146,Jeth,Aspray,jaspray41@infoseek.co.jp,Male,$577499.90,444088324,PP
147,Hewie,Glendzer,hglendzer42@tuttocitta.it,Male,$383123.63,895109097,PP
148,Andrew,Whitticks,awhitticks43@hexun.com,Male,$820548.72,616974941,IT
149,Timmy,Mullender,tmullender44@ed.gov,Male,$809596.38,807062601,IT
150,Jeniece,Spoors,jspoors45@ebay.com,Female,$646665.17,186079206,PP
151,Chad,Draxford,cdraxford46@jiathis.com,Female,$521151.41,585045576,CC
152,Rodrigo,Pigne,rpigne47@histats.com,Male,$495755.16,554010347,IT
153,Georgie,Elliff,gelliff48@weibo.com,Male,$365107.76,372426895,PP
154,Logan,Braisted,lbraisted49@eventbrite.com,Male,$987519.68,28439386,IT
155,Arliene,Dalli,adalli4a@forbes.com,Female,$693997.34,949883928,PP
156,Jecho,Patek,jpatek4b@trellian.com,Male,$473799.80,51496059,IT
157,Corby,Brion,cbrion4c@godaddy.com,Male,$283269.50,513884437,PP
158,Hyacintha,Effaunt,heffaunt4d@loc.gov,Female,$319870.38,994276099,IT
159,Reeta,Shillaker,rshillaker4e@bloomberg.com,Female,$346759.05,813801794,CC
160,Fred,Dreger,fdreger4f@illinois.edu,Female,$948822.98,344063435,PP
161,Terrance,Backhurst,tbackhurst4g@liveinternet.ru,Male,$776874.99,672050682,CC
162,Bink,Mackrell,bmackrell4h@guardian.co.uk,Male,$927448.18,768243034,IT
163,Rhody,Dwire,rdwire4i@cocolog-nifty.com,Female,$543138.00,174683904,IT
164,Leyla,Pristnor,lpristnor4j@usnews.com,Female,$787683.61,467510532,PP
165,Karrie,Barendtsen,kbarendtsen4k@nature.com,Female,$181924.16,568744256,IT
166,Joyous,Elener,jelener4l@dropbox.com,Female,$901610.53,1001816802,PP
167,Ingmar,Danton,idanton4m@comsenz.com,Male,$812781.90,287678633,PP
168,Shermie,Lovering,slovering4n@newsvine.com,Male,$830722.04,505485892,IT
169,Darius,Benediktovich,dbenediktovich4o@economist.com,Male,$422358.07,902555161,CC
170,Gregg,Vertey,gvertey4p@globo.com,Male,$873920.66,373344743,IT
171,Ginger,Semrad,gsemrad4q@alibaba.com,Female,$688447.27,88374263,PP
172,Correy,Ales0,cales4r@chron.com,Male,$733028.99,433888841,CC
173,Ave,Twallin,atwallin4s@ask.com,Male,$297118.66,229437001,IT
174,Benn,Alforde,balforde4t@quantcast.com,Male,$302156.76,537491444,IT
175,Roseann,De Laspee,rdelaspee4u@mit.edu,Female,$234024.74,167752452,CC
176,Kali,Wretham,kwretham4v@123-reg.co.uk,Female,$887265.50,732959372,CC
177,Mordy,Fansy,mfansy4w@gmpg.org,Male,$767630.45,15736942,IT
178,Melly,Garforth,mgarforth4x@google.co.jp,Female,$605561.75,858115885,CC
179,Lucina,Greep,lgreep4y@instagram.com,Female,$339424.39,521155595,IT
180,Isabeau,Fabbro,ifabbro4z@odnoklassniki.ru,Female,$827000.58,793167206,IT
181,Stan,Booler,sbooler50@technorati.com,Male,$377870.89,26827536,IT
182,Kerk,Hurring,khurring51@sciencedirect.com,Male,$604440.17,952423459,PP
183,Amie,Bruhnke,abruhnke52@studiopress.com,Female,$969997.67,344795914,IT
184,Ellette,Tasseler,etasseler53@utexas.edu,Female,$819776.32,259561021,IT
185,Zea,Phythean,zphythean54@360.cn,Female,$277832.54,171685218,PP
186,Dacia,Basham,dbasham55@i2i.jp,Female,$730327.53,668023470,CC
187,Vince,Corck,vcorck56@foxnews.com,Male,$442137.19,915519871,PP
188,Feliza,Ritmeier,fritmeier57@economist.com,Female,$283981.40,522007112,IT
189,Caressa,Beatey,cbeatey58@t-online.de,Female,$979141.72,723032769,CC
190,Dunn,Arnolds,darnolds59@miibeian.gov.cn,Male,$842801.55,212021864,IT
191,Rollie,Findlay,rfindlay5a@cdc.gov,Male,$218267.44,530798676,IT
192,Wildon,Proger,wproger5b@myspace.com,Male,$502760.86,624795861,CC
193,Reina,Dennerly,rdennerly5c@vkontakte.ru,Female,$140975.05,699281579,IT
194,Bobbee,Burland,bburland5d@networkadvertising.org,Female,$718549.67,693402221,PP
195,Adan,Wolton,awolton5e@constantcontact.com,Male,$972196.76,846809454,CC
196,Bethanne,Fernely,bfernely5f@ocn.ne.jp,Female,$523248.78,306383857,IT
197,Gayle,Greveson,ggreveson5g@disqus.com,Male,$247942.12,401823827,CC
198,Cayla,McCullough,cmccullough5h@ox.ac.uk,Female,$410649.67,298990774,IT
199,Ransom,Hirtz,rhirtz5i@fc2.com,Male,$765991.22,617151767,IT
200,Aundrea,Sellek,asellek5j@sourceforge.net,Female,$156241.20,430570702,PP
201,Roland,Agar,ragar5k@facebook.com,Male,$270350.94,843477463,CC
202,Keriann,Maggiore,kmaggiore5l@reference.com,Female,$954152.02,825014987,CC
203,Edmund,Maccrie,emaccrie5m@patch.com,Male,$662900.16,50109619,CC
204,Abraham,Paullin,apaullin5n@mail.ru,Male,$633801.31,975696810,CC
205,Fredric,Niemetz,fniemetz5o@mashable.com,Male,$345124.54,650630002,PP
206,Elwin,Erricker,eerricker5p@mozilla.org,Male,$870466.02,712316558,IT
207,Almeta,Dilleston,adilleston5q@zimbio.com,Female,$794444.35,379197757,CC
208,Salomo,Caseley,scaseley5r@microsoft.com,Male,$863631.42,74722330,IT
209,Shirline,Reis,sreis5s@java.com,Female,$159229.60,391443183,CC
210,Denys,Sandeson,dsandeson5t@state.tx.us,Male,$726725.42,80864550,IT
211,Gussie,Donnachie,gdonnachie5u@cafepress.com,Female,$223985.12,403360287,IT
212,Bethanne,Eckart,beckart5v@t.co,Female,$490271.23,824147111,CC
213,Kristin,Tours,ktours5w@hexun.com,Female,$142396.16,231486289,CC
214,Langsdon,Gaydon,lgaydon5x@google.nl,Male,$934784.64,829015656,IT
215,Zea,Gullis,zgullis5y@chron.com,Female,$210045.43,226547269,CC
216,Faina,Moiser,fmoiser5z@blinklist.com,Female,$935430.07,662376540,CC
217,Malcolm,Hellings,mhellings60@google.pl,Male,$672107.12,926236069,IT
218,Laurens,Snaddin,lsnaddin61@amazon.de,Male,$331827.76,327456800,CC
219,Gerald,Chatenier,gchatenier62@theatlantic.com,Male,$812988.06,703553548,CC
220,Reggie,Kensett,rkensett63@nifty.com,Male,$286758.55,282480284,CC
221,Horst,D'Oyley,hdoyley64@state.gov,Male,$820924.10,217324396,PP
222,Hodge,Cassella,hcassella65@jiathis.com,Male,$449203.62,32963111,PP
223,Fee,Burdett,fburdett66@qq.com,Male,$133798.54,302102696,PP
224,Shanie,Alpes,salpes67@reddit.com,Female,$857555.76,992442580,PP
225,Thorin,Wernher,twernher68@guardian.co.uk,Male,$123382.94,130073968,CC
226,Orly,Leftwich,oleftwich69@thetimes.co.uk,Female,$633334.58,931036998,PP
227,Margaretha,Crocumbe,mcrocumbe6a@tinypic.com,Female,$236462.69,530013532,PP
228,Emanuele,Gitsham,egitsham6b@ow.ly,Male,$614298.66,452491871,PP
229,Barclay,Jeanet,bjeanet6c@php.net,Male,$549965.17,705745294,PP
230,Charlene,Wood,cwood6d@google.com.au,Female,$813940.65,351203052,PP
231,Kerry,Peerman,kpeerman6e@goo.ne.jp,Female,$885340.38,636566351,CC
232,Far,Doswell,fdoswell6f@jalbum.net,Male,$427824.09,120819548,PP
233,Sheilah,Grouse,sgrouse6g@amazon.com,Female,$844880.46,641015311,PP
234,Jacky,Gunther,jgunther6h@amazon.co.jp,Male,$504952.45,118983102,IT
235,Steward,Mangham,smangham6i@sogou.com,Male,$567150.71,634933514,IT
236,Maddi,Hedworth,mhedworth6j@pcworld.com,Female,$200745.60,1041052739,CC
237,Lorena,Nathan,lnathan6k@themeforest.net,Female,$712988.74,203703996,PP
238,Mair,Duprey,mduprey6l@list-manage.com,Female,$958998.62,136742157,CC
239,Oby,Lipprose,olipprose6m@infoseek.co.jp,Male,$239633.46,316664898,PP
240,Ashley,Naper,anaper6n@salon.com,Male,$373236.26,870134908,CC
241,Cyrill,Pickthorn,cpickthorn6o@myspace.com,Male,$685522.31,618276260,PP
242,Odie,Arpur,oarpur6p@mozilla.com,Male,$777974.33,238741266,PP
243,Jehu,Salerno,jsalerno6q@lulu.com,Male,$295240.88,662688642,CC
244,Donnie,Pady,dpady6r@canalblog.com,Male,$521373.55,626930149,PP
245,Jami,Drieu,jdrieu6s@newsvine.com,Female,$807781.20,632681414,PP
246,Serena,Becom,sbecom6t@auda.org.au,Female,$661797.04,442809679,CC
247,Marcelo,Potte,mpotte6u@wikimedia.org,Male,$375502.94,321834950,CC
248,Opalina,Chinnock,ochinnock6v@nydailynews.com,Female,$859637.90,205481367,CC
249,Corena,Grugerr,cgrugerr6w@icio.us,Female,$649003.10,712803494,IT
250,Garald,Fussey,gfussey6x@nasa.gov,Male,$393907.95,432322980,IT
251,Neville,Domney,ndomney6y@redcross.org,Male,$755022.73,361635500,IT
252,Freda,Hritzko,fhritzko6z@comcast.net,Female,$457823.02,271751080,IT
253,Darrick,Pulham,dpulham70@howstuffworks.com,Male,$953702.69,54972385,CC
254,Frans,Stopper,fstopper71@ameblo.jp,Male,$945392.73,400610721,PP
255,Buddy,Tayspell,btayspell72@tuttocitta.it,Male,$421974.28,739500881,PP
256,Geri,Kibbe,gkibbe73@wunderground.com,Male,$817644.74,778255137,IT
257,Laughton,Godart,lgodart74@msu.edu,Male,$872654.68,789379920,PP
258,Sascha,Schimek,sschimek75@ted.com,Male,$813516.28,981987207,IT
259,Robers,Fawdery,rfawdery76@fastcompany.com,Male,$313768.29,553899471,IT
260,Reider,Succamore,rsuccamore77@virginia.edu,Male,$794997.25,286830737,CC
261,Quincy,Johansson,qjohansson78@gov.uk,Male,$572045.59,126050559,PP
262,Deloria,Martensen,dmartensen79@google.nl,Female,$903969.32,861861972,PP
263,Reamonn,Bricknell,rbricknell7a@wikia.com,Male,$248107.29,900236730,IT
264,Brigid,Ouldcott,bouldcott7b@amazon.co.jp,Female,$885460.56,253676623,PP
265,Shea,Manilow,smanilow7c@va.gov,Female,$950899.22,643275129,CC
266,Fern,Hysom,fhysom7d@google.com.br,Female,$167196.94,717596544,PP
267,Karla,Hise,khise7e@auda.org.au,Female,$982599.45,427647463,IT
268,Natalina,Collicott,ncollicott7f@ft.com,Female,$671337.54,601614839,CC
269,Dusty,Casaroli,dcasaroli7g@ehow.com,Female,$576091.65,593115450,CC
270,Tibold,Whitcomb,twhitcomb7h@marketwatch.com,Male,$297682.11,944023493,PP
271,Ardelle,Mugglestone,amugglestone7i@imdb.com,Female,$623118.14,362714685,PP
272,Flo,Feares,ffeares7j@t-online.de,Female,$110487.68,810763218,IT
273,Haywood,Althrope,halthrope7k@etsy.com,Male,$972994.46,521818828,CC
274,Benedicto,Walsh,bwalsh7l@zdnet.com,Male,$746902.19,151019450,PP
275,Galvin,Siddle,gsiddle7m@yandex.ru,Male,$688081.11,910928726,IT
276,Livvyy,Lightwing,llightwing7n@alexa.com,Female,$561957.83,204547585,IT
277,Genevra,Cleator,gcleator7o@psu.edu,Female,$100276.40,876782494,PP
278,Melodie,Dudhill,mdudhill7p@skyrock.com,Female,$699339.59,243579597,CC
279,Ambrosi,Mayzes,amayzes7q@angelfire.com,Male,$890335.77,108700227,PP
280,Clemence,Kopf,ckopf7r@mozilla.com,Female,$652669.25,190921406,PP
281,Genna,Panter,gpanter7s@yellowbook.com,Female,$615591.54,672935713,IT
282,Thatcher,Streather,tstreather7t@mail.ru,Male,$110777.88,807915807,IT
283,Frazer,Ryder,fryder7u@narod.ru,Male,$473058.94,45831361,PP
284,Bruis,Bere,bbere7v@amazon.de,Male,$714868.48,51058215,PP
285,Ryun,Vannini,rvannini7w@msu.edu,Male,$961150.82,1021341640,IT
286,Teresina,Zecchinii,tzecchinii7x@printfriendly.com,Female,$549127.60,959222799,PP
287,Vinson,Kybert,vkybert7y@wordpress.org,Male,$589914.73,742345563,IT
288,Merill,Bernardon,mbernardon7z@usda.gov,Male,$482428.03,330221990,IT
289,Hallie,Palombi,hpalombi80@smugmug.com,Female,$916834.82,958664719,IT
290,Dosi,McRoberts,dmcroberts81@dropbox.com,Female,$434352.12,937628993,PP
291,Emerson,Sansun,esansun82@a8.net,Male,$366430.47,496501996,PP
292,Miller,Cusiter,mcusiter83@usda.gov,Male,$581359.17,118389399,CC
293,Rebecka,Udey,rudey84@blinklist.com,Female,$482666.51,252721013,IT
294,Rouvin,Ellaway,rellaway85@yandex.ru,Male,$888607.05,426790770,PP
295,Tyne,Jalland,tjalland86@4shared.com,Female,$680791.09,700107827,IT
296,Wiley,Gainsboro,wgainsboro87@uiuc.edu,Male,$790942.18,106533315,CC
297,Austina,Vedeneev,avedeneev88@latimes.com,Female,$180821.00,181937149,PP
298,Margarita,Schoolcroft,mschoolcroft89@prweb.com,Female,$216341.62,923920841,PP
299,Burg,Fanthom,bfanthom8a@aol.com,Male,$894991.24,476064401,IT
300,Quintana,Ridgley,qridgley8b@furl.net,Female,$440032.68,221616927,CC
301,Tedd,Fogarty,tfogarty8c@phoca.cz,Male,$157421.41,663098885,CC
302,Avictor,Turbern,aturbern8d@cafepress.com,Male,$662229.93,355174298,IT
303,Ashby,Howison,ahowison8e@springer.com,Male,$735533.80,268102397,IT
304,Darell,Goodwyn,dgoodwyn8f@etsy.com,Female,$921098.96,627034403,CC
305,Holly-anne,Gurery,hgurery8g@spotify.com,Female,$369718.53,399291169,IT
306,Baxter,Laurenson,blaurenson8h@livejournal.com,Male,$333724.21,1022878349,CC
307,Callida,Quaif,cquaif8i@xing.com,Female,$949440.80,605174479,IT
308,Em,Bloor,ebloor8j@elegantthemes.com,Male,$895284.22,927517726,PP
309,Edgar,Liveley,eliveley8k@privacy.gov.au,Male,$377601.08,1037580529,CC
310,Prinz,Nattrass,pnattrass8l@dailymotion.com,Male,$200579.07,717510013,CC
311,Ardis,Volette,avolette8m@github.io,Female,$520051.54,529481497,PP
312,Giacomo,Garralts,ggarralts8n@state.tx.us,Male,$604403.38,24241655,PP
313,Yankee,Joire,yjoire8o@merriam-webster.com,Male,$130244.41,186749542,CC
314,Denny,Troppmann,dtroppmann8p@biblegateway.com,Female,$786596.36,731299714,IT
315,Meade,Silkston,msilkston8q@vimeo.com,Male,$454010.36,7058833,IT
316,Garvin,Tumini,gtumini8r@ted.com,Male,$257226.12,190192414,CC
317,Everett,Appleton,eappleton8s@quantcast.com,Male,$220059.28,10681800,PP
318,Linoel,Steuart,lsteuart8t@example.com,Male,$522953.97,599670060,PP
319,Gwenette,McDonand,gmcdonand8u@google.com,Female,$420573.56,177811710,IT
320,Derrik,Endon,dendon8v@auda.org.au,Male,$447368.80,992125960,IT
321,Rowland,Westall,rwestall8w@cdc.gov,Male,$231495.65,115634031,PP
322,Arnold,Gladyer,agladyer8x@tripadvisor.com,Male,$238632.14,215342288,IT
323,Leoline,Piele,lpiele8y@wp.com,Female,$719219.41,521317313,CC
324,Marnia,Yepiskopov,myepiskopov8z@hostgator.com,Female,$185371.49,736243174,CC
325,Hardy,Vaulkhard,hvaulkhard90@sciencedaily.com,Male,$878115.08,526044633,PP
326,Demetria,Beckerleg,dbeckerleg91@myspace.com,Female,$920764.58,234194240,IT
327,Terri,Redwin,tredwin92@google.cn,Male,$381278.60,643804819,PP
328,Brady,Dunsmuir,bdunsmuir93@skype.com,Male,$616248.13,382875692,PP
329,Abbie,Witherspoon,awitherspoon94@opensource.org,Male,$153243.46,1037835920,CC
330,Suzy,Sponder,ssponder95@plala.or.jp,Female,$539169.73,194266116,IT
331,Nance,McGavigan,nmcgavigan96@businessweek.com,Female,$915964.25,665793664,CC
332,Tisha,Tullis,ttullis97@oaic.gov.au,Female,$705703.11,577241801,CC
333,Clayton,Marler,cmarler98@twitter.com,Male,$671188.12,263308859,PP
334,Eulalie,Codner,ecodner99@taobao.com,Female,$279123.80,919561657,PP
335,Fulvia,Semaine,fsemaine9a@comsenz.com,Female,$885701.70,123445204,CC
336,Romy,Pitone,rpitone9b@arstechnica.com,Female,$537931.54,682747904,PP
337,Darnell,Layzell,dlayzell9c@xrea.com,Male,$577670.37,959318911,CC
338,Cass,Wartnaby,cwartnaby9d@mysql.com,Male,$336803.07,787531675,CC
339,Dina,Duding,dduding9e@samsung.com,Female,$451340.09,1012981182,PP
340,Hobie,Elby,helby9f@domainmarket.com,Male,$116616.75,240713628,PP
341,Dorie,Klehyn,dklehyn9g@umn.edu,Male,$754330.16,117061501,CC
342,Steward,Lowmass,slowmass9h@issuu.com,Male,$185578.00,436335232,IT
343,Yuri,Gerssam,ygerssam9i@buzzfeed.com,Male,$187700.79,787746428,CC
344,Faun,Ralls,fralls9j@youku.com,Female,$903136.20,1012396591,PP
345,Jeffrey,D'Ambrosio,jdambrosio9k@webmd.com,Male,$206766.82,45590161,PP
346,Ruggiero,Dwelly,rdwelly9l@indiatimes.com,Male,$334801.60,111014168,CC
347,Harper,Cundey,hcundey9m@slideshare.net,Male,$448378.10,381577584,CC
348,Jephthah,McMurtyr,jmcmurtyr9n@army.mil,Male,$733927.82,457851980,CC
349,Marijo,Cardenoza,mcardenoza9o@tuttocitta.it,Female,$164106.78,637380975,CC
350,Elias,Seely,eseely9p@example.com,Male,$236211.18,985455251,CC
351,Dru,Brentnall,dbrentnall9q@issuu.com,Male,$874436.86,247249284,IT
352,Netty,Barstow,nbarstow9r@list-manage.com,Female,$886832.44,834502994,IT
353,Ortensia,Bever,obever9s@vkontakte.ru,Female,$583383.64,232133440,CC
354,Elberta,Orme,eorme9t@networksolutions.com,Female,$451624.57,942583619,PP
355,Shane,Wallbanks,swallbanks9u@amazon.com,Female,$851671.05,264959035,IT
356,Bobbee,McLleese,bmclleese9v@fema.gov,Female,$943695.22,154201670,PP
357,Tuesday,Ruperti,truperti9w@g.co,Female,$959136.71,553831584,IT
358,Marcus,Skeath,mskeath9x@surveymonkey.com,Male,$330045.21,315844093,IT
359,Ernestus,Lilbourne,elilbourne9y@senate.gov,Male,$948596.80,7610607,PP
360,Silvano,Siflet,ssiflet9z@webeden.co.uk,Male,$889873.01,300375313,IT
361,Bear,Perton,bpertona0@drupal.org,Male,$645936.17,564703472,IT
362,Burtie,Bowcock,bbowcocka1@php.net,Male,$463172.93,567329432,IT
363,Salmon,Pillifant,spillifanta2@flavors.me,Male,$840667.30,255785922,CC
364,Abdul,Hammerstone,ahammerstonea3@example.com,Male,$405713.29,81760529,PP
365,Annemarie,Artharg,aartharga4@bandcamp.com,Female,$654483.05,239248303,CC
366,Emmalee,Mickelwright,emickelwrighta5@ed.gov,Female,$749062.60,957350686,CC
367,Malcolm,Euler,meulera6@github.com,Male,$505659.99,573115558,IT
368,Lukas,Fowler,lfowlera7@nba.com,Male,$383638.72,725136288,PP
369,Cassie,Backshall,cbackshalla8@squarespace.com,Female,$555030.37,308222147,IT
370,Wilfred,Bride,wbridea9@ask.com,Male,$435653.60,915810514,CC
371,Fletch,Vosse,fvosseaa@canalblog.com,Male,$830547.13,1028539285,PP
372,Remington,Hansell,rhansellab@globo.com,Male,$758807.39,659694129,IT
373,Emilia,Aldwich,ealdwichac@twitter.com,Female,$166320.01,892107336,CC
374,Beitris,Tupper,btupperad@bandcamp.com,Female,$499543.15,1016317619,CC
375,Ruth,Postles,rpostlesae@gnu.org,Female,$156354.90,601402098,CC
376,Elora,Zuanazzi,ezuanazziaf@dropbox.com,Female,$245113.61,270726332,PP
377,Quintina,Dietzler,qdietzlerag@utexas.edu,Female,$137184.60,744712444,IT
378,Trumaine,Waud,twaudah@tinyurl.com,Male,$469177.25,511879196,IT
379,Collette,Ganiclef,cganiclefai@quantcast.com,Female,$779534.75,88562738,IT
380,Linoel,Ebbs,lebbsaj@ameblo.jp,Male,$236329.49,614924691,IT
381,Diane-marie,Sherwen,dsherwenak@posterous.com,Female,$937359.28,705202454,IT
382,Rik,Sutherley,rsutherleyal@walmart.com,Male,$892586.02,476810595,CC
383,Duffie,Cresar,dcresaram@unblog.fr,Male,$319008.94,554094065,IT
384,Darci,Madders,dmaddersan@yellowpages.com,Female,$271023.94,217373026,IT
385,Seth,Buttel,sbuttelao@cdbaby.com,Male,$798412.60,881304178,IT
386,Aura,Spir,aspirap@linkedin.com,Female,$511579.93,758876997,IT
387,Katinka,Couth,kcouthaq@mozilla.com,Female,$935967.74,680835431,CC
388,Stephi,Marquet,smarquetar@ucoz.ru,Female,$337514.31,131039023,PP
389,Thacher,Freddi,tfreddias@flickr.com,Male,$414276.65,596560331,IT
390,Bay,Gascoyen,bgascoyenat@stumbleupon.com,Male,$516355.03,925593385,IT
391,Lou,Jayume,ljayumeau@usa.gov,Female,$797418.40,877742824,CC
392,Sauncho,Stevings,sstevingsav@opensource.org,Male,$718882.65,16221335,PP
393,Murvyn,Slograve,mslograveaw@smugmug.com,Male,$727625.51,805145713,IT
394,Darby,Strasse,dstrasseax@cloudflare.com,Male,$801827.29,408964835,IT
395,Melitta,Stuchbery,mstuchberyay@webeden.co.uk,Female,$620860.83,387302289,IT
396,Bone,Shavel,bshavelaz@networksolutions.com,Male,$303266.96,402698001,IT
397,Engracia,Kirkpatrick,ekirkpatrickb0@drupal.org,Female,$568160.25,712876358,IT
398,Mirilla,Hoggins,mhogginsb1@mapy.cz,Female,$304728.95,559587778,IT
399,Thurstan,Pittson,tpittsonb2@washington.edu,Male,$416264.04,495048054,PP
400,Holly-anne,MacCracken,hmaccrackenb3@discuz.net,Female,$235983.20,486994672,CC
401,Arie,Robez,arobezb4@sbwire.com,Male,$975733.77,928494822,CC
402,Celine,Episcopio,cepiscopiob5@g.co,Female,$434750.77,883948886,CC
403,Baryram,Angless,banglessb6@engadget.com,Male,$947817.91,519771392,IT
404,Helena,Erni,hernib7@accuweather.com,Female,$405532.21,994123976,CC
405,Tina,Kirkup,tkirkupb8@dmoz.org,Female,$861902.62,362216102,IT
406,Harmonia,Port,hportb9@dion.ne.jp,Female,$587633.63,591933962,PP
407,Dew,Gamlin,dgamlinba@quantcast.com,Male,$359302.60,122500962,PP
408,Syd,Ateggart,sateggartbb@dell.com,Male,$121691.80,289596934,CC
409,Marnie,Rowswell,mrowswellbc@newsvine.com,Female,$459116.62,128003598,CC
410,Andie,Clynman,aclynmanbd@upenn.edu,Male,$939712.19,697284735,PP
411,Ted,Howie,thowiebe@linkedin.com,Female,$365149.03,666868102,IT
412,Killie,Birdwhistle,kbirdwhistlebf@w3.org,Male,$542891.29,967371719,PP
413,Sheffield,Tezure,stezurebg@hp.com,Male,$407923.17,696026950,CC
414,Mahmoud,Eddoes,meddoesbh@paypal.com,Male,$966089.03,53667138,PP
415,Sherman,Livock,slivockbi@who.int,Male,$433977.29,541195436,CC
416,Kerstin,Durling,kdurlingbj@eepurl.com,Female,$848160.28,872186447,PP
417,Chery,Giacoboni,cgiacobonibk@bizjournals.com,Female,$957535.98,391213173,PP
418,Frederique,Cranefield,fcranefieldbl@flickr.com,Female,$654396.89,544632345,IT
419,Jillie,Morville,jmorvillebm@eventbrite.com,Female,$628735.40,481958962,CC
420,Reynold,Troucher,rtroucherbn@elegantthemes.com,Male,$746332.30,737093097,CC
421,Roscoe,Lambell,rlambellbo@cnn.com,Male,$687401.52,1046887966,IT
422,Palm,Belly,pbellybp@nytimes.com,Male,$860035.38,219509232,CC
423,Bernadine,Buxcy,bbuxcybq@youtube.com,Female,$941620.40,994052176,PP
424,Rem,Stanaway,rstanawaybr@marketwatch.com,Male,$294686.89,419597118,PP
425,Mattheus,Towsey,mtowseybs@amazonaws.com,Male,$691876.35,353211836,CC
426,Benjy,Vader,bvaderbt@sitemeter.com,Male,$850365.98,429039438,PP
427,Berkley,Thrower,bthrowerbu@virginia.edu,Male,$580918.85,353653500,IT
428,Dur,MacRierie,dmacrieriebv@gnu.org,Male,$313569.24,713620985,IT
429,Daveen,Dixsee,ddixseebw@independent.co.uk,Female,$149407.54,410213551,PP
430,Silvio,Rushford,srushfordbx@hexun.com,Male,$323416.35,1003719012,IT
431,Lin,Allender,lallenderby@squidoo.com,Male,$401429.32,112292130,IT
432,Emile,Morin,emorinbz@about.com,Male,$466134.47,374762321,PP
433,Fredek,Jays,fjaysc0@sogou.com,Male,$185681.69,335480350,PP
434,Iorgo,Dunrige,idunrigec1@phpbb.com,Male,$883083.77,350047249,CC
435,Jo,Furtado,jfurtadoc2@flickr.com,Female,$317607.59,236719984,IT
436,Xerxes,Woodington,xwoodingtonc3@tripod.com,Male,$625705.15,783363607,IT
437,Adelice,Travis,atravisc4@gov.uk,Female,$598271.23,1045808285,PP
438,Ivan,Tremonte,itremontec5@marriott.com,Male,$454779.12,50174525,IT
439,Fallon,Connealy,fconnealyc6@dailymail.co.uk,Female,$172268.21,864280715,PP
440,Elwood,Scouler,escoulerc7@sitemeter.com,Male,$175067.93,307005180,CC
441,Joelynn,Hemphall,jhemphallc8@constantcontact.com,Female,$563179.30,662852255,PP
442,Eldin,Gentzsch,egentzschc9@storify.com,Male,$340577.69,533301591,IT
443,Sheelagh,Freire,sfreireca@free.fr,Female,$976369.33,756321891,CC
444,Bastien,Savill,bsavillcb@gravatar.com,Male,$125532.43,430004885,PP
445,Lissa,Haggerston,lhaggerstoncc@github.com,Female,$651589.26,564692633,IT
446,Marguerite,Ounsworth,mounsworthcd@yahoo.com,Female,$375485.57,731436570,CC
447,Marys,McLewd,mmclewdce@oracle.com,Female,$998997.47,119556810,IT
448,Drew,Lucchi,dlucchicf@un.org,Male,$136404.08,518159994,PP
449,Kaitlyn,Luckman,kluckmancg@yellowbook.com,Female,$491780.90,291278122,IT
450,Natala,Sich,nsichch@europa.eu,Female,$108804.46,522724178,PP
451,Helena,Dunnet,hdunnetci@craigslist.org,Female,$997209.80,35073473,IT
452,Renate,Giddons,rgiddonscj@google.co.jp,Female,$824334.76,614921646,PP
453,Atlante,Wardall,awardallck@reddit.com,Female,$789319.22,486525420,CC
454,Kaia,Bidwell,kbidwellcl@yale.edu,Female,$813424.11,58606557,IT
455,Herold,Alliban,hallibancm@youtu.be,Male,$484716.98,1033766900,PP
456,Kerk,Hambleton,khambletoncn@sitemeter.com,Male,$482607.07,742279945,PP
457,Norry,Dearn,ndearnco@rediff.com,Female,$755928.90,266164990,PP
458,Glennie,Leebetter,gleebettercp@prnewswire.com,Female,$827964.36,448153897,PP
459,Padraig,Rigge,priggecq@ameblo.jp,Male,$293418.12,941404585,CC
460,Jeannie,Izkovici,jizkovicicr@baidu.com,Female,$592152.76,226186062,IT
461,Karly,Cheer,kcheercs@guardian.co.uk,Female,$504626.57,888110949,PP
462,Amberly,Lipp,alippct@51.la,Female,$209458.03,387829106,CC
463,Alfonse,Bellringer,abellringercu@reddit.com,Male,$428161.98,410879596,CC
464,Traver,Mangin,tmangincv@nytimes.com,Male,$732361.61,192058988,PP
465,Hilary,Armatys,harmatyscw@webnode.com,Male,$835702.23,505934802,PP
466,Geoff,Hampshaw,ghampshawcx@mapy.cz,Male,$669671.86,435222682,CC
467,Lief,Audry,laudrycy@google.com,Male,$457944.97,122604571,PP
468,Rheta,Ricioppo,rricioppocz@nbcnews.com,Female,$747861.21,173126387,IT
469,Stevy,Jeyness,sjeynessd0@baidu.com,Male,$753414.26,370703640,CC
470,Boonie,Carbry,bcarbryd1@addtoany.com,Male,$926235.37,330337086,IT
471,Daphne,Vignal,dvignald2@etsy.com,Female,$322044.88,69163489,PP
472,Austine,Blest,ablestd3@cisco.com,Female,$210999.35,547828435,IT
473,Micheal,Loggie,mloggied4@histats.com,Male,$707553.24,164640913,PP
474,Ted,Stabler,tstablerd5@edublogs.org,Male,$702002.69,112409534,PP
475,Ruthy,Grishinov,rgrishinovd6@github.com,Female,$559756.92,615485921,PP
476,Paulette,Elwell,pelwelld7@weibo.com,Female,$495803.08,79107130,IT
477,Darn,Bertie,dbertied8@vinaora.com,Male,$253224.88,320770387,PP
478,Horatio,Roser,hroserd9@wufoo.com,Male,$261652.18,46628381,CC
479,Pierson,Lark,plarkda@un.org,Male,$914027.73,68359335,IT
480,Farlay,Scarse,fscarsedb@google.co.uk,Male,$332240.51,580727338,IT
481,Magdalena,Jess,mjessdc@cbslocal.com,Female,$702295.79,66847963,PP
482,Egon,Pogosian,epogosiandd@jugem.jp,Male,$155085.54,737643517,CC
483,Melisandra,Pretious,mpretiousde@comcast.net,Female,$666970.50,946106372,CC
484,Cchaddie,Gehrels,cgehrelsdf@163.com,Male,$401888.82,224694384,IT
485,Dick,Grigsby,dgrigsbydg@ask.com,Male,$542941.98,230353664,PP
486,Maxy,Petrolli,mpetrollidh@t-online.de,Male,$150890.27,1025414690,PP
487,Woodie,McIlmurray,wmcilmurraydi@de.vu,Male,$990441.65,216385474,IT
488,Marion,Cartmer,mcartmerdj@psu.edu,Male,$775894.39,355315384,PP
489,Carmelina,Langeley,clangeleydk@bravesites.com,Female,$645443.42,904539158,CC
490,Saraann,Donnersberg,sdonnersbergdl@bigcartel.com,Female,$754449.30,955465816,IT
491,Mathew,Creak,mcreakdm@sina.com.cn,Male,$648198.60,896858506,PP
492,Teddy,Uren,turendn@w3.org,Male,$871865.77,680849572,IT
493,Anastasie,Fautley,afautleydo@webnode.com,Female,$440582.19,1043496102,PP
494,Humfried,Allright,hallrightdp@shinystat.com,Male,$577102.49,1031351558,IT
495,Lorin,Ragless,lraglessdq@china.com.cn,Male,$242931.70,512315893,PP
496,Alica,Conboy,aconboydr@businesswire.com,Female,$217140.30,163204735,IT
497,Brandie,Carbry,bcarbryds@independent.co.uk,Female,$471337.66,347863677,CC
498,Dyann,Lound,dlounddt@pbs.org,Female,$431024.28,937018527,PP
499,Annabell,Kornilyev,akornilyevdu@drupal.org,Female,$567054.68,896041704,IT
500,Mackenzie,Tinsley,mtinsleydv@phoca.cz,Male,$420465.93,17654268,CC
501,Glenden,Sijmons,gsijmonsdw@google.de,Male,$199924.76,211914813,IT
502,Martainn,MacCardle,mmaccardledx@spotify.com,Male,$738388.55,925781989,IT
503,Kelley,Pagen,kpagendy@sciencedirect.com,Female,$276015.83,851632530,IT
504,Emili,Marieton,emarietondz@exblog.jp,Female,$385475.35,647428256,PP
505,Toddie,Amiranda,tamirandae0@discuz.net,Male,$240666.53,388814442,IT
506,Monique,Parsisson,mparsissone1@yahoo.com,Female,$491611.42,656186765,IT
507,Jorry,Feather,jfeathere2@etsy.com,Female,$218685.46,84590872,IT
508,Micky,Swinden,mswindene3@tripadvisor.com,Female,$590574.08,207595153,CC
509,Hastie,Rowbrey,hrowbreye4@berkeley.edu,Male,$214237.89,678275162,IT
510,Upton,Meineken,umeinekene5@bigcartel.com,Male,$646778.15,771446669,IT
511,Clyde,Sorley,csorleye6@lycos.com,Male,$682501.45,76008744,IT
512,Brennan,Sabbins,bsabbinse7@dagondesign.com,Male,$897287.75,1042231672,PP
513,Juanita,Diack,jdiacke8@dailymotion.com,Female,$705613.49,990420668,PP
514,Pam,Andrus,pandruse9@wix.com,Female,$570716.28,656948215,PP
515,Winnie,Stearn,wstearnea@dedecms.com,Female,$710688.10,103910893,CC
516,Cory,Brolly,cbrollyeb@sina.com.cn,Male,$992936.37,788047221,IT
517,Kimball,Sneller,ksnellerec@reuters.com,Male,$774529.89,598595359,CC
518,Atlante,Wittman,awittmaned@eventbrite.com,Female,$992094.24,789556678,CC
519,Nita,Redmond,nredmondee@thetimes.co.uk,Female,$265638.47,1018753664,IT
520,Michelina,Opfer,mopferef@facebook.com,Female,$516856.12,33294675,CC
521,Catarina,Andreas,candreaseg@statcounter.com,Female,$490056.15,732588819,CC
522,Hewitt,Yeldham,hyeldhameh@rakuten.co.jp,Male,$819690.22,1048190882,CC
523,Abbot,Pietzker,apietzkerei@vkontakte.ru,Male,$453936.37,229861685,PP
524,Odo,Zorzoni,ozorzoniej@netlog.com,Male,$312358.66,802292498,CC
525,Tresa,Aronsohn,taronsohnek@wordpress.com,Female,$604512.44,139888453,IT
526,Leanora,Chung,lchungel@mozilla.org,Female,$145242.24,309151216,PP
527,Ewart,Alexandersen,ealexandersenem@flavors.me,Male,$727527.05,1047330939,IT
528,Tamarah,Redhouse,tredhouseen@yellowpages.com,Female,$361672.03,137800944,CC
529,Emanuele,Oxlade,eoxladeeo@digg.com,Male,$125016.75,400658140,PP
530,Edmund,De Normanville,edenormanvilleep@youtu.be,Male,$596900.21,957966964,CC
531,Hall,Birchall,hbirchalleq@bloomberg.com,Male,$233597.26,812169152,CC
532,Dulcinea,Skudder,dskudderer@typepad.com,Female,$227954.23,695788225,IT
533,Lea,Tasseler,ltasseleres@360.cn,Female,$274026.92,411007606,CC
534,Kesley,Glanders,kglanderset@ow.ly,Female,$450227.76,117861682,PP
535,Riobard,Alsobrook,ralsobrookeu@foxnews.com,Male,$841709.96,572973916,PP
536,Winny,McGucken,wmcguckenev@usatoday.com,Male,$598751.07,620858457,CC
537,Sonja,Maffione,smaffioneew@wp.com,Female,$814740.15,945378211,PP
538,Joaquin,Allibon,jallibonex@yolasite.com,Male,$133502.62,719393862,PP
539,Eve,Listone,elistoneey@apache.org,Female,$380576.85,750969346,IT
540,Harrison,Rouge,hrougeez@ucoz.ru,Male,$709869.17,682243274,PP
541,Nisse,Thorley,nthorleyf0@harvard.edu,Female,$779386.88,623466660,IT
542,Jesse,Lapenna,jlapennaf1@nasa.gov,Male,$191863.95,536942206,PP
543,Neddie,Poston,npostonf2@tinyurl.com,Male,$489170.51,746269442,CC
544,Kaitlyn,Roggerone,kroggeronef3@over-blog.com,Female,$789026.71,394040775,IT
545,Gregory,Arnholdt,garnholdtf4@ihg.com,Male,$197676.97,806942655,PP
546,Dwain,Sighard,dsighardf5@nih.gov,Male,$422668.90,65493391,PP
547,Emmalynn,Rubert,erubertf6@disqus.com,Female,$569380.89,192179103,IT
548,Robena,Hallows,rhallowsf7@slideshare.net,Female,$825474.81,220917321,PP
549,Cathleen,Peppin,cpeppinf8@etsy.com,Female,$179958.72,376989491,IT
550,Melicent,Posselow,mposselowf9@un.org,Female,$709056.02,585076276,IT
551,Paola,Kezourec,pkezourecfa@wired.com,Female,$429514.90,610751317,IT
552,Luca,Breissan,lbreissanfb@google.fr,Male,$313440.11,486869575,CC
553,Ximenes,Bartalini,xbartalinifc@hibu.com,Male,$426022.91,897168644,IT
554,Melody,Schulze,mschulzefd@exblog.jp,Female,$305059.14,466979801,PP
555,Perice,Wildes,pwildesfe@businessweek.com,Male,$887057.32,102734884,CC
556,Glenine,Goodley,ggoodleyff@cmu.edu,Female,$974664.10,804464113,PP
557,Denny,Signorelli,dsignorellifg@statcounter.com,Male,$231635.36,809228698,CC
558,Crystie,Wolfart,cwolfartfh@earthlink.net,Female,$740119.16,878646027,PP
559,Desiri,MacCracken,dmaccrackenfi@ehow.com,Female,$868762.89,101118374,IT
560,Drusi,Hawker,dhawkerfj@chron.com,Female,$882930.34,644192487,PP
561,Zeb,Horsell,zhorsellfk@yale.edu,Male,$675660.33,883776675,IT
562,Weidar,Cocci,wcoccifl@unblog.fr,Male,$898106.64,227938470,CC
563,Shalne,Pagon,spagonfm@techcrunch.com,Female,$170847.22,371946150,IT
564,Dana,Deevey,ddeeveyfn@squidoo.com,Female,$256453.53,743274086,IT
565,Jamaal,Seale,jsealefo@tuttocitta.it,Male,$118811.43,188669604,CC
566,Vi,Gunney,vgunneyfp@topsy.com,Female,$256410.13,265393678,CC
567,Barnard,Byer,bbyerfq@plala.or.jp,Male,$874672.65,975647130,IT
568,Major,Troubridge,mtroubridgefr@boston.com,Male,$129123.30,917548674,IT
569,Derrek,Mutimer,dmutimerfs@ow.ly,Male,$365494.34,87205200,IT
570,Hammad,Petrillo,hpetrilloft@auda.org.au,Male,$409368.10,151911726,CC
571,Alethea,Treadgold,atreadgoldfu@blinklist.com,Female,$290033.65,636107217,IT
572,Sibilla,Hof,shoffv@sfgate.com,Female,$797423.81,707082899,CC
573,Anastasie,Peyzer,apeyzerfw@google.cn,Female,$388746.52,621360418,IT
574,Shena,Simka,ssimkafx@sakura.ne.jp,Female,$760221.09,133515139,CC
575,Gregorius,Helliwell,ghelliwellfy@jiathis.com,Male,$105500.52,559854788,PP
576,Katrine,Inkster,kinksterfz@biglobe.ne.jp,Female,$562437.96,930030324,PP
577,Jareb,Taberer,jtabererg0@eepurl.com,Male,$671731.34,717847369,CC
578,Ulick,Dodds,udoddsg1@wufoo.com,Male,$828482.52,363606826,PP
579,Leilah,Goodbody,lgoodbodyg2@ca.gov,Female,$312285.52,366810401,CC
580,Reidar,Marquess,rmarquessg3@chicagotribune.com,Male,$318943.10,269935182,PP
581,Issie,Spradbrow,ispradbrowg4@zdnet.com,Female,$883880.32,147574901,PP
582,Matthias,Shory,mshoryg5@unicef.org,Male,$492976.18,559724161,PP
583,Waylon,Giovannazzi,wgiovannazzig6@whitehouse.gov,Male,$303628.58,863926541,PP
584,Jackelyn,Ech,jechg7@msu.edu,Female,$841500.76,996096218,IT
585,Carry,Collocott,ccollocottg8@nasa.gov,Female,$936588.17,260963074,CC
586,Nan,Mapham,nmaphamg9@booking.com,Female,$494528.54,434245460,PP
587,Davidde,Harty,dhartyga@lulu.com,Male,$466700.39,875216582,IT
588,Zonda,Rembaud,zrembaudgb@tiny.cc,Female,$165960.01,460716933,CC
589,Jackie,Steward,jstewardgc@google.com.au,Female,$977267.80,240181597,PP
590,Ade,Ivison,aivisongd@sakura.ne.jp,Male,$629096.57,405160233,CC
591,Johnathon,Lafoy,jlafoyge@imgur.com,Male,$472107.09,988854509,PP
592,Greta,Vanacci,gvanaccigf@prweb.com,Female,$769726.93,376221363,CC
593,Cami,Garbett,cgarbettgg@dell.com,Female,$770870.08,439991709,CC
594,Charlotte,Stedson,cstedsongh@cpanel.net,Female,$237568.21,183039249,IT
595,Myrwyn,Astbury,mastburygi@ask.com,Male,$377192.43,535744633,CC
596,Adolpho,Chainey,achaineygj@com.com,Male,$661186.53,598517830,IT
597,Betsy,Gammett,bgammettgk@newyorker.com,Female,$930520.34,779942225,PP
598,Myrwyn,Baggs,mbaggsgl@rediff.com,Male,$387226.40,431078069,CC
599,Cletus,Dunstone,cdunstonegm@unblog.fr,Male,$343364.44,581976408,CC
600,Brandtr,Di Napoli,bdinapolign@cocolog-nifty.com,Male,$296022.51,253717320,IT
601,Dieter,Gallihaulk,dgallihaulkgo@mashable.com,Male,$643966.26,950472202,IT
602,Peterus,Hebborn,phebborngp@webnode.com,Male,$777742.47,112169811,PP
603,Saundra,Benedidick,sbenedidickgq@nydailynews.com,Male,$150783.52,11319799,CC
604,Melessa,Corrado,mcorradogr@newsvine.com,Female,$613513.00,901774745,IT
605,Jule,Roles,jrolesgs@smugmug.com,Male,$471316.61,596335276,IT
606,Sebastian,Sidebottom,ssidebottomgt@deliciousdays.com,Male,$190921.21,955377901,IT
607,Stanwood,Mityushkin,smityushkingu@flavors.me,Male,$831641.25,988679715,IT
608,Harv,Siebart,hsiebartgv@github.io,Male,$227593.93,191519988,CC
609,Ken,Reidie,kreidiegw@seattletimes.com,Male,$868562.80,518983634,PP
610,Richie,Degli Abbati,rdegliabbatigx@squarespace.com,Male,$247071.00,503727209,PP
611,Gerri,Ovens,govensgy@google.es,Male,$884354.43,121035832,PP
612,Aksel,Kirkpatrick,akirkpatrickgz@dedecms.com,Male,$218526.09,778572429,CC
613,Carlee,Merryweather,cmerryweatherh0@list-manage.com,Female,$430574.95,463121746,PP
614,Camila,Maltster,cmaltsterh1@joomla.org,Female,$545816.68,867501644,IT
615,Trula,Jeavons,tjeavonsh2@theatlantic.com,Female,$586193.34,12792060,IT
616,Sanderson,Darcy,sdarcyh3@goo.gl,Male,$702131.88,700475199,IT
617,Mohandas,MacKonochie,mmackonochieh4@gnu.org,Male,$502821.43,1019191104,IT
618,Laurianne,Bramsen,lbramsenh5@behance.net,Female,$285491.41,219581711,CC
619,Seward,Brehaut,sbrehauth6@t-online.de,Male,$199597.65,20802160,CC
620,Charil,Greetham,cgreethamh7@phpbb.com,Female,$493056.71,99722582,IT
621,Flossy,Martinat,fmartinath8@uiuc.edu,Female,$926410.88,736168390,CC
622,Vivie,Zelland,vzellandh9@berkeley.edu,Female,$699335.06,94938826,CC
623,Sharla,Bortolazzi,sbortolazziha@xrea.com,Female,$432656.79,206203545,CC
624,Zondra,Rable,zrablehb@alexa.com,Female,$434379.11,26510709,IT
625,Hazlett,Brazenor,hbrazenorhc@adobe.com,Male,$494786.45,422849469,PP
626,Johnnie,Tombling,jtomblinghd@amazon.de,Male,$456032.06,783536338,IT
627,Seumas,Blackham,sblackhamhe@tuttocitta.it,Male,$354792.62,604503054,IT
628,Kore,Tisor,ktisorhf@umich.edu,Female,$797682.79,624965394,IT
629,Fidela,Trapp,ftrapphg@addthis.com,Female,$969466.78,451650152,IT
630,Allan,Kenrat,akenrathh@yolasite.com,Male,$375911.04,894477267,CC
631,Wilona,Keggin,wkegginhi@youtu.be,Female,$598798.99,290940431,CC
632,Raynell,Huckle,rhucklehj@ocn.ne.jp,Female,$577351.07,321197661,PP
633,Jake,Reily,jreilyhk@google.cn,Male,$578418.06,903263330,PP
634,Antoine,Stopher,astopherhl@google.cn,Male,$173242.65,791732620,PP
635,Krystal,MacChaell,kmacchaellhm@cdbaby.com,Female,$399605.95,631225050,PP
636,Mirabelle,Pearsey,mpearseyhn@amazon.de,Female,$152017.96,967554599,IT
637,Dan,Bloan,dbloanho@earthlink.net,Male,$594242.89,201397020,PP
638,Reggi,Wannan,rwannanhp@github.io,Female,$677953.73,605232417,PP
639,Yule,Hamson,yhamsonhq@smh.com.au,Male,$841512.55,568495990,PP
640,Jenifer,Ginnane,jginnanehr@businesswire.com,Female,$108373.59,54532857,IT
641,Walther,McCrystal,wmccrystalhs@jalbum.net,Male,$480729.01,852907527,CC
642,Eamon,Audenis,eaudenisht@pen.io,Male,$313907.37,670045002,PP
643,Asia,Carwithim,acarwithimhu@canalblog.com,Female,$464462.43,585130153,IT
644,Jessalyn,Le Brom,jlebromhv@google.nl,Female,$815388.32,987840651,CC
645,Ciro,Goulborn,cgoulbornhw@si.edu,Male,$312959.43,251719952,PP
646,Helaine,Millsom,hmillsomhx@elegantthemes.com,Female,$874264.43,860434500,PP
647,Durante,Collingworth,dcollingworthhy@ed.gov,Male,$160250.18,414796177,IT
648,Genna,Kentish,gkentishhz@census.gov,Female,$997376.24,444188674,CC
649,Erhart,Tatnell,etatnelli0@last.fm,Male,$539508.52,66295642,CC
650,Lorenza,Balsdon,lbalsdoni1@wufoo.com,Female,$563771.99,844234020,IT
651,Anett,Jakubowicz,ajakubowiczi2@fema.gov,Female,$330281.63,874997356,CC
652,Tyrus,Adaway,tadawayi3@gravatar.com,Male,$892966.39,873164385,IT
653,Bambie,Rubertis,brubertisi4@businesswire.com,Female,$325779.09,974680310,PP
654,Aurthur,Prendiville,aprendivillei5@addthis.com,Male,$157760.77,252316464,CC
655,Cathryn,Martynikhin,cmartynikhini6@techcrunch.com,Female,$722438.75,768105245,IT
656,Juliet,Maudlen,jmaudleni7@oaic.gov.au,Female,$886347.35,310595495,CC
657,Luisa,Liles,llilesi8@google.es,Female,$713424.10,664557303,IT
658,Ignatius,Livings,ilivingsi9@twitter.com,Male,$574198.72,237514236,IT
659,Kathrine,Fewings,kfewingsia@t.co,Female,$601592.31,498241869,PP
660,Stacee,Hedney,shedneyib@privacy.gov.au,Female,$576233.15,685508846,PP
661,Erl,Lamzed,elamzedic@tuttocitta.it,Male,$389992.44,871904328,CC
662,Fielding,Juggings,fjuggingsid@shinystat.com,Male,$609780.48,867983282,IT
663,Tommy,Charters,tchartersie@slashdot.org,Female,$610603.94,429876135,CC
664,Raynell,Houson,rhousonif@nytimes.com,Female,$989602.00,197349097,PP
665,Krishnah,Sterndale,ksterndaleig@smugmug.com,Male,$603500.84,143213010,CC
666,Fraze,Dosdill,fdosdillih@umn.edu,Male,$410457.71,17815283,IT
667,Rahel,Kenwrick,rkenwrickii@purevolume.com,Female,$571003.81,628128872,CC
668,Joyann,Slay,jslayij@boston.com,Female,$507558.19,284854672,PP
669,Issiah,Charette,icharetteik@oracle.com,Male,$936037.81,636192627,IT
670,Fawn,Webborn,fwebbornil@twitpic.com,Female,$989621.60,85451707,IT
671,Eddi,Burgne,eburgneim@virginia.edu,Female,$502581.75,662162824,CC
672,Amabelle,Sowersby,asowersbyin@comcast.net,Female,$830742.25,108487516,CC
673,Sabrina,Howland,showlandio@cdc.gov,Female,$813205.11,646269411,CC
674,Natassia,Hamil,nhamilip@yellowpages.com,Female,$289979.85,674090353,IT
675,Briny,Panchen,bpancheniq@hexun.com,Female,$928523.93,703974761,CC
676,Spence,Gaish,sgaishir@ebay.co.uk,Male,$176355.58,980157499,PP
677,Estele,Cowtherd,ecowtherdis@theglobeandmail.com,Female,$524784.87,356769129,CC
678,Dougy,Aasaf,daasafit@bbb.org,Male,$640913.34,720344007,CC
679,Doretta,Dudderidge,ddudderidgeiu@exblog.jp,Female,$416828.72,985258750,CC
680,Jenifer,Lindelof,jlindelofiv@smugmug.com,Female,$537319.91,295879742,PP
681,Nonnah,Farguhar,nfarguhariw@examiner.com,Female,$655228.58,630768375,PP
682,Sianna,Mapplethorpe,smapplethorpeix@reddit.com,Female,$173713.14,416689906,PP
683,Chryste,Stoner,cstoneriy@wikia.com,Female,$257714.93,492857147,IT
684,Kaylee,Tiuit,ktiuitiz@ameblo.jp,Female,$873189.07,376356535,CC
685,Janet,Danilevich,jdanilevichj0@jiathis.com,Female,$230732.95,519498731,CC
686,Mathilda,Bugge,mbuggej1@forbes.com,Female,$132433.50,750371114,CC
687,Bobbette,Turbill,bturbillj2@soup.io,Female,$269830.22,94931531,PP
688,Noelyn,Ginnane,nginnanej3@hhs.gov,Female,$146898.22,1001612096,CC
689,Nefen,Naptin,nnaptinj4@weebly.com,Male,$169965.31,812447946,CC
690,Web,Stronach,wstronachj5@google.de,Male,$655701.69,949399481,IT
691,Aubrey,Kenney,akenneyj6@ehow.com,Male,$530408.77,862890557,IT
692,Tani,Baudy,tbaudyj7@msn.com,Female,$527647.60,224302282,PP
693,Josias,Spellicy,jspellicyj8@twitter.com,Male,$175867.39,921590928,IT
694,Katinka,Loveridge,kloveridgej9@sciencedirect.com,Female,$401044.58,160110135,IT
695,Roderick,Ashton,rashtonja@booking.com,Male,$889216.88,620727127,PP
696,Oliy,Biagi,obiagijb@people.com.cn,Female,$169946.01,719523387,IT
697,Cyrillus,Bowdery,cbowderyjc@google.com,Male,$623507.89,990237845,CC
698,Jordan,Dollin,jdollinjd@wisc.edu,Female,$197921.89,1038665495,CC
699,Alexandra,Momford,amomfordje@g.co,Female,$651320.19,424950870,CC
700,Ardyth,Paskerful,apaskerfuljf@webeden.co.uk,Female,$743056.83,689042363,CC
701,Napoleon,Gasticke,ngastickejg@ifeng.com,Male,$505084.25,31013112,IT
702,Francis,Ewdale,fewdalejh@hatena.ne.jp,Male,$794246.77,578452411,IT
703,Ardis,Rous,arousji@shareasale.com,Female,$957687.06,660072882,PP
704,Evan,Akker,eakkerjj@google.co.uk,Male,$967292.60,485602505,CC
705,Alano,Farny,afarnyjk@sohu.com,Male,$244333.92,994350836,CC
706,Quinton,Chilley,qchilleyjl@telegraph.co.uk,Male,$210170.61,169857046,IT
707,Ethelda,O'Meara,eomearajm@odnoklassniki.ru,Female,$283759.25,930952690,PP
708,Brod,Robard,brobardjn@comcast.net,Male,$568477.08,762935118,IT
709,Denver,Leeming,dleemingjo@patch.com,Male,$865096.91,593502672,CC
710,Idalina,de Almeida,idealmeidajp@myspace.com,Female,$207823.28,715626697,IT
711,Ethan,Hazlehurst,ehazlehurstjq@shareasale.com,Male,$966327.36,146217435,CC
712,Cecilia,Monckman,cmonckmanjr@slideshare.net,Female,$245262.88,791275363,PP
713,Trstram,Gardiner,tgardinerjs@forbes.com,Male,$661315.88,1030305184,CC
714,Nealson,Cicchelli,ncicchellijt@narod.ru,Male,$765054.47,630585436,PP
715,Paulie,Okell,pokellju@constantcontact.com,Male,$764843.35,273259595,CC
716,Sallie,Scandrett,sscandrettjv@msn.com,Female,$985224.81,756709152,CC
717,Rowen,Yepiskopov,ryepiskopovjw@illinois.edu,Male,$161223.66,786545711,IT
718,Quillan,Casillis,qcasillisjx@elegantthemes.com,Male,$189641.07,482963550,IT
719,Pippa,Stanners,pstannersjy@wordpress.com,Female,$522905.82,363784561,PP
720,Nikki,Poure,npourejz@hud.gov,Female,$771734.31,118159390,IT
721,Raine,Tiner,rtinerk0@yellowpages.com,Female,$324082.98,326772206,CC
722,Maddy,Joincey,mjoinceyk1@state.tx.us,Male,$150769.75,451913929,CC
723,Haydon,Crutchley,hcrutchleyk2@apple.com,Male,$980585.44,207674199,CC
724,Vivian,Edgell,vedgellk3@mtv.com,Female,$316773.76,56148234,PP
725,Mendel,Fidal,mfidalk4@prweb.com,Male,$742544.03,758843469,CC
726,Grethel,Brixey,gbrixeyk5@plala.or.jp,Female,$504590.56,567904331,PP
727,Arvie,Gremane,agremanek6@shinystat.com,Male,$332864.58,771913189,CC
728,Carmine,Godsal,cgodsalk7@nationalgeographic.com,Female,$844905.09,838037229,IT
729,Parker,Moryson,pmorysonk8@live.com,Male,$285125.81,395684913,PP
730,Dannie,Cuttle,dcuttlek9@jigsy.com,Male,$497671.16,47648318,PP
731,Bale,Hutchison,bhutchisonka@ca.gov,Male,$227066.12,487650992,PP
732,Bevin,Minall,bminallkb@blogger.com,Male,$898056.13,725168163,PP
733,Wilbert,Sidry,wsidrykc@oakley.com,Male,$225891.75,270315302,IT
734,Moira,Spight,mspightkd@harvard.edu,Female,$822690.16,516549686,CC
735,Murial,Oldridge,moldridgeke@arstechnica.com,Female,$454866.91,360289589,IT
736,Grete,Abriani,gabrianikf@cnbc.com,Female,$717291.67,660260981,PP
737,Issie,Bortolazzi,ibortolazzikg@yale.edu,Female,$885121.84,379630778,IT
738,Kathye,Draisey,kdraiseykh@freewebs.com,Female,$338609.50,376566487,CC
739,Andrey,Shireff,ashireffki@newyorker.com,Male,$757668.41,230523840,CC
740,Calvin,Muzzall,cmuzzallkj@geocities.com,Male,$776771.82,1038688293,CC
741,Philly,Turfrey,pturfreykk@lycos.com,Female,$621386.53,848463473,IT
742,Millisent,Spuffard,mspuffardkl@army.mil,Female,$330873.66,931292494,IT
743,Axe,Nobbs,anobbskm@nydailynews.com,Male,$137115.24,835420209,CC
744,Neille,Wreath,nwreathkn@washington.edu,Female,$173059.60,351714160,IT
745,Raleigh,Bleue,rbleueko@shutterfly.com,Male,$195189.72,427503993,CC
746,Barnebas,Wyvill,bwyvillkp@moonfruit.com,Male,$642537.44,293159259,IT
747,Burg,Duckham,bduckhamkq@java.com,Male,$370406.85,631437499,CC
748,Ode,Tonry,otonrykr@shop-pro.jp,Male,$983245.20,243572065,PP
749,Bat,Riquet,briquetks@sphinn.com,Male,$418743.43,258225647,IT
750,Elaine,Camin,ecaminkt@nymag.com,Female,$403999.44,253275037,PP
751,Selie,Teaser,steaserku@godaddy.com,Female,$898827.43,96805910,PP
752,Jobina,Gibbie,jgibbiekv@freewebs.com,Female,$753327.73,727105592,IT
753,Vanya,Antognelli,vantognellikw@thetimes.co.uk,Male,$592822.58,324609252,CC
754,Maxy,Pietruszka,mpietruszkakx@pagesperso-orange.fr,Male,$797350.81,438407611,IT
755,Heinrick,Holleran,hholleranky@cnbc.com,Male,$317844.33,249035872,PP
756,Susana,Bresland,sbreslandkz@naver.com,Female,$852204.72,81288763,PP
757,Laurene,Lidgey,llidgeyl0@1und1.de,Female,$126637.11,578983809,CC
758,Denver,Vasilyonok,dvasilyonokl1@instagram.com,Male,$745691.34,487417651,CC
759,Helenka,Baseley,hbaseleyl2@ed.gov,Female,$165956.12,1018472818,PP
760,Yurik,Nares,ynaresl3@wikispaces.com,Male,$227383.28,1039499829,PP
761,Leanora,Mora,lmoral4@fda.gov,Female,$284977.93,50383472,CC
762,Robb,Scoines,rscoinesl5@addthis.com,Male,$144680.80,569611672,IT
763,Yorker,Georgeau,ygeorgeaul6@bizjournals.com,Male,$957004.58,970574141,PP
764,Benedikta,Merkel,bmerkell7@technorati.com,Female,$140226.14,930592042,PP
765,Brear,Loughlan,bloughlanl8@tumblr.com,Female,$265976.89,727644784,CC
766,Nicki,Hounson,nhounsonl9@pbs.org,Female,$888897.02,130798756,PP
767,Cart,Dundredge,cdundredgela@census.gov,Male,$314389.82,662735965,IT
768,Celia,Hamshaw,chamshawlb@amazon.de,Female,$291299.29,160973333,CC
769,Cassondra,Beades,cbeadeslc@drupal.org,Female,$219735.45,806936799,CC
770,Hadria,Iddenden,hiddendenld@nba.com,Female,$357081.29,886250129,PP
771,Malvina,Easter,measterle@gov.uk,Female,$520625.89,429783858,PP
772,Alfy,Pettican,apetticanlf@amazon.co.jp,Male,$235670.34,690431683,CC
773,Sapphira,Eilhertsen,seilhertsenlg@flavors.me,Female,$754436.46,231981739,IT
774,Debbie,McMonies,dmcmonieslh@si.edu,Female,$692596.45,807504173,CC
775,Ruby,Burds,rburdsli@vimeo.com,Male,$640460.22,313673378,IT
776,Gerry,Boltwood,gboltwoodlj@myspace.com,Male,$623046.78,830643054,PP
777,Jorey,Easterby,jeasterbylk@toplist.cz,Female,$742260.76,503628239,CC
778,Minnaminnie,Kernoghan,mkernoghanll@globo.com,Female,$313586.17,801814436,CC
779,Fran,Ludy,fludylm@china.com.cn,Male,$834435.22,556011153,IT
780,Bridie,Ivanenko,bivanenkoln@ihg.com,Female,$482239.20,327505132,CC
781,Lemar,Crab,lcrablo@dedecms.com,Male,$929215.29,6896975,IT
782,Jesse,Holtham,jholthamlp@over-blog.com,Female,$597825.42,573420346,PP
783,Karlis,Beminster,kbeminsterlq@elpais.com,Male,$842585.90,629492995,PP
784,Kory,McColm,kmccolmlr@dell.com,Male,$164590.95,284500924,IT
785,Francoise,Brydell,fbrydellls@mit.edu,Female,$873780.23,1009921822,IT
786,Gaile,Goodsir,ggoodsirlt@usnews.com,Male,$671298.30,1005821303,CC
787,Luisa,Proswell,lproswelllu@sogou.com,Female,$283919.52,576361521,IT
788,Romonda,Pickless,rpicklesslv@salon.com,Female,$239883.71,895718332,IT
789,Josy,Beaument,jbeaumentlw@google.com.hk,Female,$107690.96,227435096,PP
790,Weber,Vanes,wvaneslx@parallels.com,Male,$201733.81,442493183,PP
791,Lidia,Ovenden,lovendenly@ustream.tv,Female,$964273.42,826883341,CC
792,Tulley,Tolomelli,ttolomellilz@freewebs.com,Male,$170036.35,403209582,CC
793,Beatrice,Klousner,bklousnerm0@paypal.com,Female,$546503.67,528784003,PP
794,Brendon,Matiewe,bmatiewem1@reference.com,Male,$315844.60,400252717,IT
795,Tedie,Trelevan,ttrelevanm2@merriam-webster.com,Male,$204434.49,882004118,PP
796,Augustus,Chirm,achirmm3@ftc.gov,Male,$131400.75,851334896,CC
797,Jillene,Slamaker,jslamakerm4@upenn.edu,Female,$671286.59,166138839,CC
798,Hall,Heed,hheedm5@vinaora.com,Male,$936207.29,994570850,PP
799,Corene,Driscoll,cdriscollm6@spotify.com,Female,$596737.51,897085057,CC
800,Karisa,Kinsman,kkinsmanm7@dyndns.org,Female,$467026.20,150039249,IT
801,Orson,Vasile,ovasilem8@joomla.org,Male,$478427.05,458593743,IT
802,Jennifer,Rosi,jrosim9@acquirethisname.com,Female,$316954.78,196692655,IT
803,Gaby,Nel,gnelma@aol.com,Male,$467923.27,44050159,PP
804,Padraic,Baversor,pbaversormb@oakley.com,Male,$554084.70,177810747,IT
805,Nikolai,Dunrige,ndunrigemc@people.com.cn,Male,$834966.33,520131839,PP
806,Bonnee,Bier,bbiermd@webs.com,Female,$394713.17,872224576,IT
807,Kelly,Rugiero,krugierome@ow.ly,Female,$492056.80,804399295,PP
808,Jesse,Vasilyev,jvasilyevmf@indiegogo.com,Female,$844005.41,938296048,PP
809,Kaitlynn,Perrin,kperrinmg@homestead.com,Female,$592820.73,142514016,PP
810,Halley,Golsthorp,hgolsthorpmh@mapquest.com,Female,$491393.78,74767450,PP
811,Timotheus,Tall,ttallmi@examiner.com,Male,$922732.68,49054182,CC
812,Sloan,Melliard,smelliardmj@blogger.com,Male,$873157.71,304063890,IT
813,Lenette,Longson,llongsonmk@blogspot.com,Female,$130961.57,1032861894,CC
814,Nappie,Cornilli,ncornilliml@blogs.com,Male,$722758.54,93015909,IT
815,Kahlil,Benoiton,kbenoitonmm@buzzfeed.com,Male,$799519.33,658271545,CC
816,Jolie,Archbutt,jarchbuttmn@wunderground.com,Female,$550401.98,227772142,PP
817,Wyatt,Rulton,wrultonmo@china.com.cn,Male,$375056.93,364625529,CC
818,Wright,Shier,wshiermp@1und1.de,Male,$217936.96,144984748,PP
819,Farr,Amner,famnermq@senate.gov,Male,$574503.39,1025472124,IT
820,Reina,Atcock,ratcockmr@merriam-webster.com,Female,$194175.25,482941790,PP
821,Lethia,Averall,laverallms@wunderground.com,Female,$239833.53,828872674,PP
822,Jocko,Slevin,jslevinmt@addthis.com,Male,$873988.76,340060093,IT
823,Elianore,Yushkin,eyushkinmu@networkadvertising.org,Female,$450646.91,54717123,IT
824,Kellyann,Braiden,kbraidenmv@thetimes.co.uk,Female,$771887.98,975895336,PP
825,Spike,Luto,slutomw@example.com,Male,$307181.20,553679686,PP
826,Jerrilee,Blackmore,jblackmoremx@state.tx.us,Female,$172194.94,1046710657,CC
827,Stevie,Di Domenico,sdidomenicomy@macromedia.com,Male,$312796.13,289276941,PP
828,Gussi,Rowesby,growesbymz@rambler.ru,Female,$400656.26,296382268,IT
829,Cynthie,Dorbon,cdorbonn0@elpais.com,Female,$146075.29,1021982507,CC
830,Leta,Noblet,lnobletn1@w3.org,Female,$830797.93,399921041,CC
831,Lebbie,Falconer-Taylor,lfalconertaylorn2@yale.edu,Female,$245645.92,444704235,CC
832,Asher,Balding,abaldingn3@adobe.com,Male,$593840.90,215811806,IT
833,Corette,Caville,ccavillen4@google.com.au,Female,$908900.97,603533617,IT
834,Gordan,Vickars,gvickarsn5@geocities.jp,Male,$785896.54,284975619,PP
835,Veronique,Ferenczy,vferenczyn6@eepurl.com,Female,$885502.55,112392760,PP
836,Elnar,Mitchall,emitchalln7@g.co,Male,$181382.34,626087731,PP
837,Barris,Dudmarsh,bdudmarshn8@tumblr.com,Male,$345621.53,211316737,IT
838,Dewie,Atte-Stone,dattestonen9@dailymotion.com,Male,$239137.12,158503048,CC
839,Mufinella,McKue,mmckuena@woothemes.com,Female,$840045.25,180128030,PP
840,Meggi,Allsup,mallsupnb@ihg.com,Female,$929143.54,809925671,IT
841,Hollie,McTerry,hmcterrync@wikipedia.org,Female,$236093.27,189626547,IT
842,Laverna,MacIlurick,lmaciluricknd@google.nl,Female,$694811.55,897352916,IT
843,Gladi,Pietruszka,gpietruszkane@deliciousdays.com,Female,$339914.37,392349836,PP
844,Nap,Daley,ndaleynf@technorati.com,Male,$188528.36,797047309,CC
845,Godwin,Portch,gportchng@ucla.edu,Male,$990253.87,872361559,IT
846,Claiborn,Cromb,ccrombnh@domainmarket.com,Male,$243061.79,755766897,IT
847,Stavros,Bernardes,sbernardesni@paginegialle.it,Male,$432470.03,91741699,CC
848,Cheryl,Franzel,cfranzelnj@domainmarket.com,Female,$213168.38,808856585,PP
849,Yorgo,Karpe,ykarpenk@blinklist.com,Male,$984573.21,504501221,IT
850,Tyrus,Edens,tedensnl@examiner.com,Male,$507153.45,99782388,IT
851,Genevra,Carde,gcardenm@newsvine.com,Female,$213648.18,163174993,PP
852,Micheil,Bentje,mbentjenn@techcrunch.com,Male,$322655.03,1003492427,PP
853,Melany,Hindrick,mhindrickno@themeforest.net,Female,$286283.25,505007671,IT
854,Willey,Grinham,wgrinhamnp@whitehouse.gov,Male,$165383.54,230671352,PP
855,Tobye,Breacher,tbreachernq@geocities.com,Female,$665350.47,790581297,PP
856,Opalina,Wooller,owoollernr@printfriendly.com,Female,$283584.31,183903859,PP
857,Leopold,Roswarn,lroswarnns@yelp.com,Male,$690846.06,127650403,CC
858,Elbertina,Camoys,ecamoysnt@fema.gov,Female,$876879.50,700319361,IT
859,Perkin,Bruff,pbruffnu@harvard.edu,Male,$285646.66,48064077,CC
860,Michaela,Novotni,mnovotninv@mysql.com,Female,$121942.90,560116829,IT
861,Sidoney,Carlino,scarlinonw@wiley.com,Female,$618739.16,987701511,CC
862,Lorettalorna,Porkiss,lporkissnx@xinhuanet.com,Female,$333793.66,337733375,IT
863,Andee,Batsford,abatsfordny@discuz.net,Female,$306636.49,519243680,IT
864,Onida,Rosbrough,orosbroughnz@devhub.com,Female,$810260.15,103566711,IT
865,Ignazio,Rue,irueo0@state.tx.us,Male,$620230.99,371545110,IT
866,Annamaria,Mandres,amandreso1@amazon.co.jp,Female,$118547.77,598285081,IT
867,Davine,Bagguley,dbagguleyo2@howstuffworks.com,Female,$190227.17,303642163,PP
868,Donalt,Cumesky,dcumeskyo3@odnoklassniki.ru,Male,$318507.89,187679803,IT
869,Gordan,Franzelini,gfranzelinio4@wiley.com,Male,$912885.87,655002054,IT
870,Hodge,Tynnan,htynnano5@facebook.com,Male,$581952.24,668881643,CC
871,Steffane,Galilee,sgalileeo6@themeforest.net,Female,$185553.89,722303909,IT
872,Mose,Hauck,mhaucko7@jimdo.com,Male,$978409.42,1044658989,IT
873,Westleigh,Hamnett,whamnetto8@wikimedia.org,Male,$874549.90,717394976,CC
874,Astrid,Bacup,abacupo9@mapy.cz,Female,$249818.30,792777891,IT
875,Dimitry,Jolliman,djollimanoa@npr.org,Male,$814255.12,939978212,PP
876,Iggy,Ough,ioughob@epa.gov,Male,$175043.80,857095527,CC
877,Gibby,Beinke,gbeinkeoc@shareasale.com,Male,$598399.06,434105714,IT
878,Hayward,Matteoni,hmatteoniod@mashable.com,Male,$842246.15,588471287,CC
879,Elwyn,Kemm,ekemmoe@discovery.com,Male,$515268.26,540274707,PP
880,Maure,Bumford,mbumfordof@comsenz.com,Female,$382985.55,88360365,PP
881,Lucilia,Glassman,lglassmanog@addtoany.com,Female,$713236.92,738850735,CC
882,Leoline,Wastie,lwastieoh@nationalgeographic.com,Female,$252238.86,206884637,PP
883,Marci,Bambery,mbamberyoi@histats.com,Female,$432931.02,569685209,CC
884,Axel,Boffin,aboffinoj@statcounter.com,Male,$483012.03,897528633,CC
885,Shurwood,Northedge,snorthedgeok@wordpress.org,Male,$975230.75,549016097,IT
886,Wade,Forestel,wforestelol@oakley.com,Male,$291829.39,1001682938,IT
887,Woodrow,Entres,wentresom@cdc.gov,Male,$272048.65,155072871,IT
888,Zarla,Jardein,zjardeinon@telegraph.co.uk,Female,$357321.69,20748210,PP
889,Cammi,Bagnall,cbagnalloo@chicagotribune.com,Female,$394100.10,852016062,CC
890,Torrin,Joskowitz,tjoskowitzop@nasa.gov,Male,$512645.05,302748273,PP
891,Ernestine,Whitmore,ewhitmoreoq@lycos.com,Female,$790715.58,254358175,PP
892,Nicola,Eakley,neakleyor@amazon.de,Female,$155506.17,640289593,CC
893,Dall,Kyneton,dkynetonos@netvibes.com,Male,$317149.03,422950659,PP
894,Whitman,Ridulfo,wridulfoot@canalblog.com,Male,$785629.74,914967062,CC
895,Jesus,Birchett,jbirchettou@washingtonpost.com,Male,$941885.76,917938578,PP
896,Lionello,Cassam,lcassamov@ning.com,Male,$720797.31,110530800,PP
897,Dorothee,Shalcras,dshalcrasow@msn.com,Female,$465071.32,1029544903,IT
898,Braden,Wabey,bwabeyox@tamu.edu,Male,$437300.00,963972157,CC
899,Sullivan,Horsfield,shorsfieldoy@nasa.gov,Male,$836690.24,174042926,PP
900,Esra,Lishman,elishmanoz@pagesperso-orange.fr,Male,$707480.14,60321731,PP
901,Mack,Groneway,mgronewayp0@virginia.edu,Male,$122383.43,933764049,PP
902,Rebbecca,Strute,rstrutep1@dailymail.co.uk,Female,$100176.84,194983477,PP
903,Gleda,Stanford,gstanfordp2@delicious.com,Female,$392318.42,887160395,CC
904,Jeane,Kohnert,jkohnertp3@unblog.fr,Female,$478492.75,1007434285,PP
905,Iorgo,Akker,iakkerp4@independent.co.uk,Male,$153413.65,403604734,IT
906,Zachery,Le Quesne,zlequesnep5@craigslist.org,Male,$887513.66,29988104,IT
907,Florence,Callander,fcallanderp6@skype.com,Female,$335236.67,1010538468,PP
908,Paolo,Olennikov,polennikovp7@uol.com.br,Male,$564356.95,791512132,PP
909,Moselle,Bangley,mbangleyp8@wordpress.com,Female,$127295.68,349907287,IT
910,Wally,Featley,wfeatleyp9@printfriendly.com,Female,$338434.52,159066854,IT
911,Harri,Maffy,hmaffypa@webs.com,Female,$801837.28,201430997,IT
912,Blinni,Purple,bpurplepb@ftc.gov,Female,$375476.27,494863804,IT
913,Brena,Halhead,bhalheadpc@photobucket.com,Female,$886775.03,39186736,CC
914,Cristi,Hixley,chixleypd@house.gov,Female,$302525.08,825522649,PP
915,Rosabelle,Fawbert,rfawbertpe@hhs.gov,Female,$595695.69,969560284,CC
916,Jobina,Flockhart,jflockhartpf@t-online.de,Female,$884093.64,602227504,PP
917,Cobby,Minards,cminardspg@yandex.ru,Male,$332935.08,492953787,PP
918,Salomone,Guerner,sguernerph@netlog.com,Male,$560030.62,794918195,PP
919,Ikey,Hafford,ihaffordpi@moonfruit.com,Male,$396406.88,325367981,CC
920,Padraig,Tarbox,ptarboxpj@ocn.ne.jp,Male,$196271.30,254271059,CC
921,Tedman,Grombridge,tgrombridgepk@nymag.com,Male,$520082.97,1019241289,PP
922,Carmen,Lisle,clislepl@patch.com,Female,$813503.39,249273396,CC
923,Giulietta,Welds,gweldspm@youtube.com,Female,$102272.93,847621909,IT
924,Shermy,Dearle-Palser,sdearlepalserpn@usnews.com,Male,$447809.24,1007911567,IT
925,Zolly,Clemett,zclemettpo@edublogs.org,Male,$379355.02,521647792,IT
926,Carree,Abrahart,cabrahartpp@goo.ne.jp,Female,$414509.25,437971893,IT
927,Valenka,Clawe,vclawepq@discovery.com,Female,$404689.91,430511987,IT
928,Sidnee,Brade,sbradepr@toplist.cz,Male,$628049.35,789138652,IT
929,Phedra,McKeveney,pmckeveneyps@dell.com,Female,$615000.48,975119649,IT
930,Brandise,Tinsey,btinseypt@google.com.hk,Female,$875668.48,504795456,CC
931,Rosabelle,Bruyntjes,rbruyntjespu@hao123.com,Female,$303496.22,747394675,IT
932,Hagan,Jeremiah,hjeremiahpv@wikipedia.org,Male,$587782.12,495219106,CC
933,Emmy,Wilkinson,ewilkinsonpw@dropbox.com,Male,$106381.66,902780928,CC
934,Wally,Lauthian,wlauthianpx@tripod.com,Male,$747216.21,929979311,IT
935,Sloane,Barham,sbarhampy@mapy.cz,Male,$272649.07,1037447357,PP
936,Marmaduke,Hemerijk,mhemerijkpz@flavors.me,Male,$914771.74,392044063,IT
937,Minette,Gorges,mgorgesq0@si.edu,Female,$965436.50,520990345,PP
938,Cherey,Westberg,cwestbergq1@examiner.com,Female,$172386.62,794780953,PP
939,Gar,Baldacchi,gbaldacchiq2@wufoo.com,Male,$877935.34,504982099,IT
940,Fabe,Pidgeley,fpidgeleyq3@mozilla.org,Male,$700585.20,368355600,PP
941,Jillane,Oxberry,joxberryq4@businessinsider.com,Female,$657142.56,70676655,IT
942,Arabel,Clyma,aclymaq5@youtu.be,Female,$563143.16,922277181,IT
943,Theo,Pendre,tpendreq6@zdnet.com,Male,$386905.57,623930612,IT
944,Jeannette,Archbald,jarchbaldq7@bloomberg.com,Female,$711564.00,261284400,PP
945,Jamill,McColm,jmccolmq8@mac.com,Male,$568262.62,444475030,IT
946,Patrick,Pennetta,ppennettaq9@msu.edu,Male,$176015.28,718572331,PP
947,Gordon,Tampen,gtampenqa@weebly.com,Male,$384214.84,175428590,PP
948,Cristin,Penney,cpenneyqb@scientificamerican.com,Female,$567153.85,751396309,CC
949,Anthe,Ferruzzi,aferruzziqc@naver.com,Female,$823542.81,209262580,CC
950,Curry,Wrist,cwristqd@businessinsider.com,Male,$996252.77,184813758,IT
951,Odie,Inglesent,oinglesentqe@cmu.edu,Male,$361344.17,790899799,IT
952,Jarrid,Coldbathe,jcoldbatheqf@tripod.com,Male,$995902.74,188713772,IT
953,Corette,Bilbrooke,cbilbrookeqg@imgur.com,Female,$951463.01,929953630,PP
954,Demetria,Mathes,dmathesqh@smugmug.com,Female,$578829.15,164108121,PP
955,Jimmy,Lavrick,jlavrickqi@cnet.com,Male,$117319.77,847338955,PP
956,Helena,Batalini,hbataliniqj@stanford.edu,Female,$655823.48,998079288,CC
957,Adan,Byas,abyasqk@e-recht24.de,Female,$344527.54,649071474,PP
958,Leanora,Gilliard,lgilliardql@nifty.com,Female,$720215.56,261676926,PP
959,Ardisj,Jauncey,ajaunceyqm@blogtalkradio.com,Female,$984095.99,794996504,PP
960,Iosep,Wassell,iwassellqn@pinterest.com,Male,$322991.09,349138650,PP
961,Berty,MacNess,bmacnessqo@irs.gov,Male,$104271.53,985751054,PP
962,Rois,Joburn,rjoburnqp@woothemes.com,Female,$173715.80,594392918,PP
963,Josias,Callf,jcallfqq@yahoo.com,Male,$958680.84,757621605,IT
964,Neel,Cawsy,ncawsyqr@yandex.ru,Male,$767207.76,753078728,PP
965,Deana,Bernardotti,dbernardottiqs@devhub.com,Female,$934378.06,112175016,IT
966,Zabrina,Walkey,zwalkeyqt@biblegateway.com,Female,$175706.98,170437683,CC
967,Anastasia,Jamot,ajamotqu@loc.gov,Female,$316342.13,298835481,CC
968,Margaux,Bloxsom,mbloxsomqv@nifty.com,Female,$379855.40,611760790,CC
969,Adria,Beamiss,abeamissqw@lycos.com,Female,$607105.36,347065913,CC
970,Bobby,Eames,beamesqx@ask.com,Female,$427224.91,802172368,PP
971,Marigold,Blewmen,mblewmenqy@ask.com,Female,$323936.10,972758133,CC
972,Jaimie,Bevis,jbevisqz@economist.com,Female,$739579.64,960502119,IT
973,Shurlock,Cockshot,scockshotr0@house.gov,Male,$714201.42,747691362,CC
974,Elden,Hattoe,ehattoer1@cnbc.com,Male,$982827.26,986730161,CC
975,Iver,Hastwall,ihastwallr2@dedecms.com,Male,$733566.68,223358725,IT
976,Dael,Paske,dpasker3@bigcartel.com,Female,$907676.00,31290579,IT
977,Alejoa,Venables,avenablesr4@archive.org,Male,$241635.31,663566183,IT
978,Cad,Shird,cshirdr5@ebay.co.uk,Male,$898007.45,743574696,IT
979,Hobart,Baraclough,hbaracloughr6@ucla.edu,Male,$233289.42,839415697,IT
980,Minnie,Halliwell,mhalliwellr7@phpbb.com,Female,$583800.61,403633819,CC
981,Warde,Keelin,wkeelinr8@ifeng.com,Male,$456747.22,68575308,PP
982,Venus,Crick,vcrickr9@rakuten.co.jp,Female,$471331.76,975331834,CC
983,Carny,Lots,clotsra@deliciousdays.com,Male,$426494.98,71134697,PP
984,Ase,McLeod,amcleodrb@bing.com,Male,$262243.37,580430772,CC
985,Belita,McParland,bmcparlandrc@sphinn.com,Female,$948990.90,924726405,PP
986,Florian,Fewster,ffewsterrd@xing.com,Male,$426830.76,714354932,CC
987,Skipton,Oldaker,soldakerre@jugem.jp,Male,$828137.11,804848530,IT
988,Marlow,Gallant,mgallantrf@bravesites.com,Male,$715347.48,354003209,IT
989,Ad,Jahan,ajahanrg@thetimes.co.uk,Male,$189534.15,661452276,PP
990,Tim,McKoy,tmckoyrh@cmu.edu,Female,$562731.29,279943668,PP
991,Errol,Seabrooke,eseabrookeri@bandcamp.com,Male,$847716.40,324171037,PP
992,Dougie,Duckitt,dduckittrj@prweb.com,Male,$136979.97,390481777,PP
993,Thorstein,Danes,tdanesrk@xinhuanet.com,Male,$644901.36,276894289,PP
994,Case,Zealey,czealeyrl@fda.gov,Male,$894973.24,890946582,CC
995,Trumann,Coite,tcoiterm@prweb.com,Male,$202428.15,934218901,CC
996,Venita,Catteroll,vcatterollrn@liveinternet.ru,Female,$167877.64,635185019,CC
997,Carmel,Gostick,cgostickro@army.mil,Female,$942060.30,165970486,PP
998,Shawn,Emmett,semmettrp@vistaprint.com,Male,$769866.57,744350169,PP
999,Delmore,Jephson,djephsonrq@dagondesign.com,Male,$918452.95,532969511,IT
1000,Norean,Stanger,nstangerrr@sciencedirect.com,Female,$230353.75,444303696,CC
