id,nombre,apellido,email,genero,valor_tx,numero_identificacion,tipo_identificacion
1,Emily,Alesbrook,ealesbrook0@sina.com.cn,Female,$740948.42,412402275,IT
2,Cordie,Aitken,caitken1@fastcompany.com,Male,$976784.48,69190277,CC
3,Chrotoem,Kid,ckid2@linkedin.com,Male,$508447.60,245487600,PP
4,Audry,Jancey,ajancey3@histats.com,Female,$675856.78,211984248,IT
5,Kerwin,Crosseland,kcrosseland4@cdbaby.com,Male,$914517.59,255355130,CC
6,Karoly,Jaqueminet,kjaqueminet5@indiatimes.com,Female,$700334.57,318291355,PP
7,Miltie,Trevains,mtrevains6@nasa.gov,Male,$425868.82,628947282,IT
8,Frederich,Bowfin,fbowfin7@slideshare.net,Male,$693854.17,971846706,IT
9,Serene,Zavattiero,szavattiero8@prlog.org,Female,$632821.23,776160916,CC
10,Benetta,Lukesch,blukesch9@guardian.co.uk,Female,$404035.28,109335128,IT
11,Tripp,Jammes,tjammesa@blogtalkradio.com,Male,$758947.06,798682702,IT
12,Rudyard,Dorrins,rdorrinsb@shinystat.com,Male,$548129.15,428733462,CC
13,Fran,Sainsbury,fsainsburyc@purevolume.com,Female,$341797.42,465569153,PP
14,Eddie,Evreux,eevreuxd@mozilla.com,Male,$881815.56,172106447,IT
15,Nadeen,Domenc,ndomence@xinhuanet.com,Female,$556469.20,924391003,IT
16,Sampson,Grigoletti,sgrigolettif@xing.com,Male,$231662.92,308241780,PP
17,Kendell,Commin,kcomming@goo.gl,Male,$790903.52,1047470306,IT
18,Shepard,Gherardesci,sgherardescih@sakura.ne.jp,Male,$914695.78,964235380,CC
19,Ferdinand,Laux,flauxi@wiley.com,Male,$932195.23,909324894,CC
20,Salim,Proudlock,sproudlockj@sourceforge.net,Male,$676854.04,863563630,CC
21,Mel,Houdhury,mhoudhuryk@timesonline.co.uk,Female,$975085.22,195563288,IT
22,Billy,Ellerey,bellereyl@arstechnica.com,Male,$656127.24,93001787,CC
23,Feliks,Linch,flinchm@wordpress.com,Male,$625428.67,1044687419,PP
24,Cord,Spain,cspainn@toplist.cz,Male,$194080.32,363773108,PP
25,Jarrid,Kennard,jkennardo@globo.com,Male,$868607.37,891337774,PP
26,Glenn,Cuncliffe,gcuncliffep@columbia.edu,Male,$125041.04,738656767,CC
27,Zorina,Randals,zrandalsq@phoca.cz,Female,$600683.57,669014579,CC
28,Benetta,Meadmore,bmeadmorer@walmart.com,Female,$795373.78,128733459,IT
29,Romeo,Slimon,rslimons@a8.net,Male,$731221.16,723481294,PP
30,Elia,Marlen,emarlent@so-net.ne.jp,Male,$426665.35,775566793,IT
31,Ericha,Berntsson,eberntssonu@house.gov,Female,$546493.33,72861037,PP
32,Celinda,Balogun,cbalogunv@marriott.com,Female,$907579.65,496755534,IT
33,Monroe,Douberday,mdouberdayw@dagondesign.com,Male,$905938.86,841061984,IT
34,Celia,Hawarden,chawardenx@examiner.com,Female,$346799.20,954554156,CC
35,Sayre,Longwood,slongwoody@yandex.ru,Female,$912862.72,128956698,CC
36,Sam,Fehely,sfehelyz@forbes.com,Male,$837511.99,251637034,IT
37,Baxie,Wissby,bwissby10@jugem.jp,Male,$420827.77,648827856,PP
38,Cheryl,Pohlke,cpohlke11@arstechnica.com,Female,$504616.77,534810979,PP
39,Karisa,Waight,kwaight12@chronoengine.com,Female,$680858.10,142286874,IT
40,Natalina,Makiver,nmakiver13@theatlantic.com,Female,$316633.24,165424687,IT
41,Alane,Marcum,amarcum14@163.com,Female,$806607.81,609005776,PP
42,Damon,Annwyl,dannwyl15@nbcnews.com,Male,$992664.02,499655841,IT
43,Faustine,Sedworth,fsedworth16@merriam-webster.com,Female,$579165.74,283482279,PP
44,Englebert,Conklin,econklin17@icio.us,Male,$473644.86,107972340,IT
45,Thaine,Tackley,ttackley18@sun.com,Male,$158199.68,178901997,PP
46,Skippie,Beceril,sbeceril19@boston.com,Male,$241082.36,189819013,IT
47,Izzy,Trevaskus,itrevaskus1a@reuters.com,Male,$701956.27,722102166,IT
48,Bathsheba,Badwick,bbadwick1b@blogs.com,Female,$641203.95,276728727,PP
49,Cassandra,Bott,cbott1c@ebay.co.uk,Female,$511746.30,195782340,CC
50,Bogart,McKee,bmckee1d@webnode.com,Male,$116312.04,930650222,CC
51,Nicolais,Townby,ntownby1e@reference.com,Male,$995540.29,81250344,PP
52,Wilt,Stoffler,wstoffler1f@census.gov,Male,$379055.48,1046189109,CC
53,Pauly,Varndell,pvarndell1g@skyrock.com,Female,$675651.65,460200169,IT
54,Katuscha,Frangione,kfrangione1h@phpbb.com,Female,$159245.84,255094880,PP
55,Olenka,Napleton,onapleton1i@ucoz.ru,Female,$184061.74,272832803,IT
56,Alexandro,Hing,ahing1j@1688.com,Male,$592988.76,895986278,PP
57,Arnold,Blaza,ablaza1k@usnews.com,Male,$981856.59,917036529,CC
58,Elliott,Kollach,ekollach1l@163.com,Male,$898938.08,715639702,CC
59,Saul,Keaysell,skeaysell1m@google.es,Male,$639263.67,19568270,PP
60,Karoly,Newiss,knewiss1n@weather.com,Male,$348076.09,104614360,CC
61,Raeann,Scammonden,rscammonden1o@chron.com,Female,$104282.46,326600193,CC
62,Staffard,Markson,smarkson1p@hugedomains.com,Male,$130669.92,345856962,CC
63,Gabriel,Steinhammer,gsteinhammer1q@youku.com,Female,$731002.06,1028718900,IT
64,Carlye,Dulin,cdulin1r@blogger.com,Female,$945311.81,1037379496,CC
65,Bernardo,Landrieu,blandrieu1s@reddit.com,Male,$437065.74,342569542,CC
66,Frederic,Yerlett,fyerlett1t@artisteer.com,Male,$181771.10,419461152,IT
67,Lorena,Mullan,lmullan1u@cmu.edu,Female,$664520.11,585483578,IT
68,Saxe,Allain,sallain1v@homestead.com,Male,$730783.28,736370029,PP
69,Amandie,Hardes,ahardes1w@google.pl,Female,$204348.31,968677422,IT
70,Emmit,Snoxill,esnoxill1x@addthis.com,Male,$268106.95,387286337,PP
71,Gretna,Denyagin,gdenyagin1y@rediff.com,Female,$849784.00,489234619,IT
72,Sallee,Stoffer,sstoffer1z@seesaa.net,Female,$678799.26,515855488,IT
73,Bertina,Clamp,bclamp20@google.com.br,Female,$837913.09,836444274,CC
74,Blake,Dovidaitis,bdovidaitis21@tiny.cc,Female,$879789.73,200163007,CC
75,Rosana,Birrel,rbirrel22@answers.com,Female,$222993.64,214767601,IT
76,Mario,McCamish,mmccamish23@quantcast.com,Male,$984093.24,496131173,CC
77,Noell,Fittes,nfittes24@1und1.de,Female,$533191.35,119977306,CC
78,Darrick,Livesley,dlivesley25@smh.com.au,Male,$521327.33,188405365,CC
79,Neddy,Kilbourn,nkilbourn26@blinklist.com,Male,$554720.53,201550616,CC
80,Leanora,Tolland,ltolland27@eepurl.com,Female,$377278.22,1018189797,PP
81,Ned,Glewe,nglewe28@webs.com,Male,$479715.14,905412435,PP
82,Gene,Best,gbest29@redcross.org,Male,$508613.17,269545606,IT
83,Nick,Wisdish,nwisdish2a@homestead.com,Male,$195763.94,171575023,IT
84,Vere,McCaughey,vmccaughey2b@wordpress.org,Female,$470227.53,471431526,PP
85,Merle,Laughnan,mlaughnan2c@ca.gov,Male,$906013.31,114446726,IT
86,Nichole,Behling,nbehling2d@123-reg.co.uk,Male,$406249.16,834533862,CC
87,Giorgia,Fysh,gfysh2e@cornell.edu,Female,$316859.22,229514107,IT
88,Dorella,Nussii,dnussii2f@phpbb.com,Female,$985140.80,1031349830,IT
89,Elna,Szachniewicz,eszachniewicz2g@cnn.com,Female,$861107.07,973840113,IT
90,Sher,Gobbet,sgobbet2h@zimbio.com,Female,$251875.50,733381983,PP
91,Elka,Fattorini,efattorini2i@tiny.cc,Female,$544151.79,697426675,CC
92,Heda,Matteo,hmatteo2j@theguardian.com,Female,$890414.22,480690494,CC
93,Olvan,Medlin,omedlin2k@sogou.com,Male,$904247.08,858350106,IT
94,Arie,McCree,amccree2l@imageshack.us,Male,$718766.60,974037736,CC
95,Phelia,Colton,pcolton2m@pagesperso-orange.fr,Female,$656008.72,966871815,PP
96,Robbyn,Malyan,rmalyan2n@tripod.com,Female,$888788.27,415225006,PP
97,Sasha,Dickens,sdickens2o@washington.edu,Female,$159198.79,769625016,IT
98,Bathsheba,Gillespey,bgillespey2p@columbia.edu,Female,$229249.71,306655250,PP
99,Adlai,Clements,aclements2q@scientificamerican.com,Male,$761257.69,943071906,IT
100,Rusty,Matzke,rmatzke2r@icio.us,Male,$358040.26,786391325,IT
101,Corilla,Teulier,cteulier2s@123-reg.co.uk,Female,$380903.85,903947330,PP
102,Brunhilda,Elbourne,belbourne2t@arizona.edu,Female,$249856.67,606499013,CC
103,Fowler,Crews,fcrews2u@samsung.com,Male,$532992.43,838510504,PP
104,Bink,Coopman,bcoopman2v@usda.gov,Male,$813202.61,999179073,IT
105,Yevette,Mallett,ymallett2w@i2i.jp,Female,$146154.70,666351090,IT
106,Belva,Keese,bkeese2x@prweb.com,Female,$716639.16,674165573,CC
107,Cymbre,Geaney,cgeaney2y@pcworld.com,Female,$309946.79,549924953,CC
108,Ira,Menico,imenico2z@hud.gov,Male,$554983.56,32777569,CC
109,Uta,McAlees,umcalees30@histats.com,Female,$639288.92,376126591,IT
110,Lorrin,Roome,lroome31@imgur.com,Female,$506128.76,925748426,IT
111,Yasmeen,Yarker,yyarker32@apple.com,Female,$848462.52,19100996,CC
112,Hadleigh,Misken,hmisken33@fema.gov,Male,$612939.20,155529118,IT
113,Yolane,Borg,yborg34@netlog.com,Female,$247693.50,523728181,CC
114,Karmen,Ferreres,kferreres35@sourceforge.net,Female,$137602.80,418937282,PP
115,Hewet,Balfe,hbalfe36@google.pl,Male,$276360.38,154227901,PP
116,Simona,Falck,sfalck37@technorati.com,Female,$367766.45,156172638,IT
117,Kerri,Cherry,kcherry38@ifeng.com,Female,$243770.45,650715701,PP
118,Carie,Scheffler,cscheffler39@chron.com,Female,$612987.58,515598698,IT
119,Brandy,Alfonsetto,balfonsetto3a@trellian.com,Male,$750267.71,990816274,IT
120,Helga,Crumpton,hcrumpton3b@yahoo.com,Female,$814442.22,431730066,CC
121,Eadmund,MacKartan,emackartan3c@google.com.br,Male,$507360.00,376595350,CC
122,Letta,Hewertson,lhewertson3d@squarespace.com,Female,$162512.50,37382478,CC
123,Anissa,Juett,ajuett3e@hp.com,Female,$442011.09,354833019,PP
124,Steward,Meaddowcroft,smeaddowcroft3f@ebay.com,Male,$924458.05,466434150,CC
125,Leopold,Bulbeck,lbulbeck3g@yale.edu,Male,$196663.86,984795209,PP
126,Allen,Kernar,akernar3h@weibo.com,Male,$102561.98,717210089,PP
127,Gina,Batson,gbatson3i@dot.gov,Female,$688309.06,453042625,IT
128,Stafani,Scholes,sscholes3j@usnews.com,Female,$993975.86,470634252,PP
129,Janis,Smedmoor,jsmedmoor3k@ox.ac.uk,Female,$446476.64,852783034,IT
130,Culver,Bradick,cbradick3l@sourceforge.net,Male,$864493.35,645665074,PP
131,Niki,Van Merwe,nvanmerwe3m@huffingtonpost.com,Female,$627592.47,282428242,CC
132,Roz,Inold,rinold3n@xrea.com,Female,$274539.29,435419914,CC
133,Jodie,Ferri,jferri3o@desdev.cn,Female,$797278.92,1033843695,IT
134,Vachel,Klain,vklain3p@techcrunch.com,Male,$164134.83,236571693,PP
135,Dmitri,Egle of Germany,degleofgermany3q@mozilla.com,Male,$917529.74,905220199,PP
136,Suzanna,Gallaher,sgallaher3r@imdb.com,Female,$771399.62,263689212,IT
137,Justen,Lillistone,jlillistone3s@msu.edu,Male,$237868.72,254400271,IT
138,Ermina,Domoney,edomoney3t@tumblr.com,Female,$676702.29,625795634,IT
139,Diena,Kordas,dkordas3u@bloglovin.com,Female,$316536.13,712426255,CC
140,Bondon,Crush,bcrush3v@twitpic.com,Male,$173988.74,195940763,CC
141,Bonita,Wylie,bwylie3w@gizmodo.com,Female,$629565.66,1000380273,PP
142,Grannie,Figgins,gfiggins3x@list-manage.com,Male,$226689.25,894337352,PP
143,Viviene,Balthasar,vbalthasar3y@mapquest.com,Female,$207328.55,148473016,PP
144,Kessiah,Feares,kfeares3z@disqus.com,Female,$286601.25,61290496,CC
145,Madelene,Sollowaye,msollowaye40@amazon.com,Female,$339193.86,1004362211,IT
146,Nicol,Jannaway,njannaway41@comsenz.com,Male,$806285.03,385186691,CC
147,Menard,Amburgy,mamburgy42@shop-pro.jp,Male,$889216.87,378163741,PP
148,Pepe,Plastow,pplastow43@sina.com.cn,Male,$667688.54,33370276,PP
149,Filberte,Saggers,fsaggers44@bravesites.com,Male,$704678.71,583163094,CC
150,Culver,Althrope,calthrope45@nymag.com,Male,$199905.07,828191089,PP
151,Shirlene,Pawelski,spawelski46@home.pl,Female,$831314.15,878263606,CC
152,Bettye,Vice,bvice47@usda.gov,Female,$559488.74,787717234,CC
153,Bevan,Meneur,bmeneur48@ed.gov,Male,$172893.77,147440102,IT
154,Lexis,Bunclark,lbunclark49@tripadvisor.com,Female,$194798.01,695501611,IT
155,Fredelia,O'Shiel,foshiel4a@geocities.com,Female,$962793.36,1025233426,IT
156,Billy,Wick,bwick4b@umn.edu,Male,$856424.00,567336944,PP
157,Bernelle,O'Mohun,bomohun4c@dailymail.co.uk,Female,$115443.92,798813609,IT
158,Arnoldo,Widdocks,awiddocks4d@mashable.com,Male,$826732.72,895090566,PP
159,Hubey,Gravells,hgravells4e@examiner.com,Male,$982803.92,267737551,IT
160,Brose,Jacqueminet,bjacqueminet4f@examiner.com,Male,$176444.03,93371613,CC
161,Darrell,Sebley,dsebley4g@pcworld.com,Male,$774170.72,824821632,IT
162,Amye,Baltrushaitis,abaltrushaitis4h@google.fr,Female,$994071.44,285534526,PP
163,Zorina,Willmot,zwillmot4i@bbc.co.uk,Female,$857181.55,175786177,CC
164,Roley,Tomlin,rtomlin4j@nytimes.com,Male,$962176.01,134155327,CC
165,Koren,Glowinski,kglowinski4k@so-net.ne.jp,Female,$821831.09,45987514,IT
166,Sibyl,Berndt,sberndt4l@oakley.com,Female,$652820.44,512147267,CC
167,Dela,Bockin,dbockin4m@nsw.gov.au,Female,$375185.95,295169232,PP
168,Fredek,Marques,fmarques4n@deviantart.com,Male,$476470.97,920933507,CC
169,Gary,Rucklidge,grucklidge4o@dmoz.org,Male,$292302.74,661883230,IT
170,Rodolph,Massimo,rmassimo4p@icq.com,Male,$645209.64,888776092,IT
171,Bunnie,Fitzackerley,bfitzackerley4q@fda.gov,Female,$121787.96,716018143,CC
172,Aliza,Maccaig,amaccaig4r@auda.org.au,Female,$450367.36,97914241,CC
173,Abba,Yakubov,ayakubov4s@omniture.com,Male,$316781.85,439652131,IT
174,Jeremie,Uridge,juridge4t@1und1.de,Male,$963964.45,1032394331,CC
175,Donny,Rouby,drouby4u@oaic.gov.au,Male,$370694.91,1025867052,PP
176,Augustin,Kaindl,akaindl4v@bluehost.com,Male,$382487.60,891732359,PP
177,Emmeline,Cockson,ecockson4w@mail.ru,Female,$172689.06,731564298,IT
178,Lindsy,Lehon,llehon4x@hubpages.com,Female,$859847.45,1047804808,CC
179,Keefe,Colerick,kcolerick4y@mozilla.com,Male,$359313.83,795116798,PP
180,Gavan,Brewster,gbrewster4z@apache.org,Male,$705621.26,456890621,IT
181,Meggi,Skeffington,mskeffington50@networkadvertising.org,Female,$236205.89,606074554,PP
182,Bram,Ortzen,bortzen51@usda.gov,Male,$165444.92,793379632,PP
183,Corie,Lidgett,clidgett52@irs.gov,Female,$687566.14,878094152,CC
184,Dugald,Whiteway,dwhiteway53@ca.gov,Male,$734710.96,677342866,CC
185,Dede,Morgen,dmorgen54@un.org,Female,$497091.60,139201790,PP
186,Alexandros,Elsy,aelsy55@yolasite.com,Male,$405296.09,300874045,PP
187,Robyn,Quartermaine,rquartermaine56@europa.eu,Female,$965747.31,940409235,PP
188,Esra,Senner,esenner57@furl.net,Male,$626898.79,552407440,PP
189,Carmella,Corstorphine,ccorstorphine58@usda.gov,Female,$161203.59,360037393,CC
190,Rene,Taile,rtaile59@epa.gov,Female,$778575.32,553137925,IT
191,Rosabel,Nannetti,rnannetti5a@yellowbook.com,Female,$769981.52,49228403,IT
192,Abbott,Coombs,acoombs5b@hao123.com,Male,$580466.88,803504906,PP
193,Mart,O' Gara,mogara5c@multiply.com,Male,$977595.84,881837624,IT
194,Chuck,Pook,cpook5d@state.gov,Male,$922963.29,399722742,PP
195,Augie,Cracknell,acracknell5e@engadget.com,Male,$581813.36,91887560,CC
196,Edna,Elderidge,eelderidge5f@techcrunch.com,Female,$809891.89,915466201,IT
197,Margarette,Carcass,mcarcass5g@yale.edu,Female,$413709.89,566905643,IT
198,Travus,Aldridge,taldridge5h@utexas.edu,Male,$713410.84,549469174,PP
199,Aguste,Frascone,afrascone5i@freewebs.com,Male,$745033.56,1013451646,CC
200,Mendel,Oakly,moakly5j@diigo.com,Male,$731024.95,118340121,IT
201,Jonas,Jachimiak,jjachimiak5k@loc.gov,Male,$866399.48,959632742,PP
202,Reina,Barnewelle,rbarnewelle5l@addthis.com,Female,$610592.44,716989732,PP
203,Hugues,Mattusevich,hmattusevich5m@wikispaces.com,Male,$599253.54,222571376,CC
204,Bill,McNiven,bmcniven5n@fastcompany.com,Male,$267771.00,318416034,IT
205,Reeta,Tincey,rtincey5o@twitpic.com,Female,$624473.95,561564788,IT
206,Billie,Klimkov,bklimkov5p@dedecms.com,Male,$998077.41,576180185,IT
207,Laural,Shotton,lshotton5q@toplist.cz,Female,$284403.21,709432898,IT
208,Ansel,Bestwerthick,abestwerthick5r@cpanel.net,Male,$480659.43,242556524,CC
209,Christal,Taffley,ctaffley5s@engadget.com,Female,$353574.75,665834534,PP
210,Earle,Glencorse,eglencorse5t@pcworld.com,Male,$639730.72,707802787,PP
211,Vanni,Aujouanet,vaujouanet5u@ihg.com,Female,$763378.35,673581957,PP
212,Karlotte,Braunfeld,kbraunfeld5v@cdc.gov,Female,$940879.76,414556815,PP
213,Robena,Calverd,rcalverd5w@sciencedaily.com,Female,$379570.20,53032137,CC
214,Madeline,MacKinnon,mmackinnon5x@illinois.edu,Female,$810157.71,862408762,CC
215,Vonnie,Davidai,vdavidai5y@accuweather.com,Female,$764508.61,41367677,PP
216,Aeriell,McCalum,amccalum5z@amazon.co.jp,Female,$544546.66,545134196,PP
217,Antin,Wharton,awharton60@wp.com,Male,$961402.32,727062174,PP
218,Lu,Carnall,lcarnall61@gov.uk,Female,$658822.01,1019033102,PP
219,Ezra,Satyford,esatyford62@domainmarket.com,Male,$448438.07,217000178,PP
220,Darrick,Joesbury,djoesbury63@twitpic.com,Male,$602817.29,550273540,CC
221,Bess,Peniello,bpeniello64@deliciousdays.com,Female,$878195.55,179490331,CC
222,Kristoffer,Walesby,kwalesby65@wsj.com,Male,$136134.66,751306668,CC
223,Del,Brandin,dbrandin66@walmart.com,Female,$173745.69,782693853,PP
224,Lynette,Rustan,lrustan67@loc.gov,Female,$186059.47,490039056,PP
225,Chen,Dudin,cdudin68@businesswire.com,Male,$642451.84,918992134,CC
226,Luisa,Stoddard,lstoddard69@livejournal.com,Female,$903905.78,633178924,CC
227,Englebert,Zupone,ezupone6a@washington.edu,Male,$969230.97,581708268,PP
228,Petronilla,Zaniolo,pzaniolo6b@a8.net,Female,$553749.60,28680311,IT
229,Tanney,Binnall,tbinnall6c@marketwatch.com,Male,$281968.27,315677243,CC
230,Giffer,Burdin,gburdin6d@prweb.com,Male,$349907.79,160644000,CC
231,Abey,Frayn,afrayn6e@webs.com,Male,$717675.90,449954807,CC
232,Eda,Joslow,ejoslow6f@barnesandnoble.com,Female,$251153.60,938988406,CC
233,Mathias,Brady,mbrady6g@1und1.de,Male,$247308.53,293923854,IT
234,Raul,Slobom,rslobom6h@feedburner.com,Male,$188225.11,385903051,PP
235,Skell,Varley,svarley6i@freewebs.com,Male,$813290.94,191723178,IT
236,Rodge,Hessenthaler,rhessenthaler6j@chicagotribune.com,Male,$609051.89,187946861,IT
237,Joana,Ughelli,jughelli6k@flavors.me,Female,$282232.39,848320440,IT
238,Katuscha,Dorie,kdorie6l@de.vu,Female,$592565.95,87527555,IT
239,Sadie,Gauthorpp,sgauthorpp6m@bizjournals.com,Female,$258551.57,716297317,PP
240,Debby,Going,dgoing6n@blogtalkradio.com,Female,$728400.38,350832791,IT
241,Armando,Craigg,acraigg6o@earthlink.net,Male,$513582.94,980870621,PP
242,Blakeley,Erswell,berswell6p@yale.edu,Female,$594032.97,312544641,CC
243,Cathe,Di Claudio,cdiclaudio6q@cargocollective.com,Female,$264460.38,761961834,CC
244,Abeu,Antoinet,aantoinet6r@tripod.com,Male,$887540.33,469554604,IT
245,Elnore,Warrington,ewarrington6s@bing.com,Female,$150951.34,527991197,PP
246,Shelba,Thieme,sthieme6t@topsy.com,Female,$313148.56,996110832,IT
247,Lesya,Grattan,lgrattan6u@newyorker.com,Female,$959156.88,846445329,IT
248,Ruggiero,Birks,rbirks6v@nymag.com,Male,$783614.62,764628529,IT
249,Nanine,Delacote,ndelacote6w@jiathis.com,Female,$488298.48,54236095,IT
250,Kippie,Vawton,kvawton6x@smh.com.au,Female,$369011.49,675258544,IT
251,Adelaida,Simonetti,asimonetti6y@multiply.com,Female,$613585.79,182990160,IT
252,Constance,Tunmore,ctunmore6z@go.com,Female,$112994.01,742742533,IT
253,Garry,Jakobsson,gjakobsson70@tumblr.com,Male,$100612.66,13697488,CC
254,Maddie,Offin,moffin71@infoseek.co.jp,Male,$867450.04,248924765,PP
255,Mariellen,Bradlaugh,mbradlaugh72@scientificamerican.com,Female,$728188.99,237115141,CC
256,Laura,D'eathe,ldeathe73@tinypic.com,Female,$899100.80,939092110,CC
257,Berty,Burrill,bburrill74@dyndns.org,Male,$866261.21,400283457,IT
258,Myles,Udden,mudden75@narod.ru,Male,$385330.60,831676154,CC
259,Emmanuel,Vasey,evasey76@geocities.com,Male,$241646.44,531540929,IT
260,Janaye,Ostler,jostler77@sakura.ne.jp,Female,$524292.11,1009898938,IT
261,Lammond,Friedman,lfriedman78@sun.com,Male,$834265.53,30307872,CC
262,Bettye,Menicomb,bmenicomb79@google.es,Female,$815644.79,194636651,IT
263,Meriel,Charlet,mcharlet7a@shareasale.com,Female,$918413.64,931969078,IT
264,Randal,Rosedale,rrosedale7b@paypal.com,Male,$396455.47,798795989,IT
265,Kimberley,Malloy,kmalloy7c@eventbrite.com,Female,$936857.90,773282175,IT
266,Erl,Mousley,emousley7d@bluehost.com,Male,$669483.84,322842813,CC
267,Fleur,Keller,fkeller7e@chronoengine.com,Female,$889290.63,539263907,IT
268,Feodor,Stoltz,fstoltz7f@reverbnation.com,Male,$897668.90,162023529,PP
269,Dallas,Lozano,dlozano7g@loc.gov,Male,$268209.85,975422825,CC
270,Abelard,Hartas,ahartas7h@mapy.cz,Male,$924210.16,742574157,CC
271,Chase,Moxson,cmoxson7i@twitter.com,Male,$130111.00,855001900,IT
272,Hyatt,Wilne,hwilne7j@marriott.com,Male,$212556.81,829744125,PP
273,Merrile,Bonicelli,mbonicelli7k@de.vu,Female,$605457.62,167780902,CC
274,Noellyn,Birdseye,nbirdseye7l@cnn.com,Female,$919133.22,991462637,CC
275,Cristionna,Shears,cshears7m@answers.com,Female,$286987.93,184822922,IT
276,Valentino,Whatford,vwhatford7n@desdev.cn,Male,$255483.16,508605929,IT
277,Winthrop,Chinnick,wchinnick7o@shop-pro.jp,Male,$904781.13,462261133,IT
278,Stacia,De Roos,sderoos7p@ehow.com,Female,$425358.87,261136085,IT
279,Kipp,Casaletto,kcasaletto7q@goo.ne.jp,Male,$584885.29,155480948,PP
280,Darrick,Daulton,ddaulton7r@sogou.com,Male,$336378.57,795128434,PP
281,Jake,Bonder,jbonder7s@ow.ly,Male,$553436.34,492260627,PP
282,Stafford,Oylett,soylett7t@fastcompany.com,Male,$727209.54,224206359,CC
283,Archibold,Stickland,astickland7u@guardian.co.uk,Male,$937585.52,107133141,CC
284,Angie,Boolsen,aboolsen7v@craigslist.org,Female,$670204.39,699199163,CC
285,Sarah,Berks,sberks7w@sun.com,Female,$156972.12,486295320,PP
286,Saxon,Climpson,sclimpson7x@cam.ac.uk,Male,$380196.14,697266788,PP
287,Rebekah,Volke,rvolke7y@bigcartel.com,Female,$600244.45,1002040398,CC
288,Enrico,Muddiman,emuddiman7z@webs.com,Male,$478799.01,150134910,PP
289,Alejandro,Western,awestern80@desdev.cn,Male,$793973.47,249413321,CC
290,Tymothy,Dudin,tdudin81@sakura.ne.jp,Male,$296583.33,133996897,IT
291,Ninon,Leonards,nleonards82@microsoft.com,Female,$974372.02,508954863,PP
292,Beth,Picknett,bpicknett83@blinklist.com,Female,$595478.86,674182434,IT
293,Dave,Wickes,dwickes84@privacy.gov.au,Male,$824424.14,478520671,IT
294,Cal,Winks,cwinks85@dailymotion.com,Male,$561630.99,901590498,IT
295,Delainey,Huyge,dhuyge86@phoca.cz,Male,$755408.35,98316721,PP
296,Mellicent,Gonnel,mgonnel87@mapquest.com,Female,$547616.29,612346384,PP
297,Guilbert,Barsby,gbarsby88@so-net.ne.jp,Male,$542072.50,902633861,IT
298,Darby,Daveran,ddaveran89@t-online.de,Male,$178717.55,282692841,CC
299,Lindi,Elion,lelion8a@archive.org,Female,$202992.44,648877389,PP
300,Lynelle,Lomas,llomas8b@disqus.com,Female,$207324.65,17583585,PP
301,Davidde,Mangon,dmangon8c@amazon.co.uk,Male,$877606.28,843019974,CC
302,Pru,Rushe,prushe8d@instagram.com,Female,$437525.61,987978919,CC
303,Mario,Castano,mcastano8e@ebay.com,Male,$608858.27,509580444,PP
304,Gerta,Barnwill,gbarnwill8f@netvibes.com,Female,$273407.96,218034339,IT
305,Ariel,Quibell,aquibell8g@twitpic.com,Male,$140052.25,57045446,IT
306,Maxine,Gulland,mgulland8h@odnoklassniki.ru,Female,$376044.41,639138036,PP
307,Barnebas,Amberger,bamberger8i@smugmug.com,Male,$628415.35,630567450,CC
308,Jobi,Dockrey,jdockrey8j@blinklist.com,Female,$146727.33,295203725,CC
309,Filide,Sharp,fsharp8k@so-net.ne.jp,Female,$375725.46,688967000,IT
310,Zorah,Onthank,zonthank8l@godaddy.com,Female,$874041.16,60962438,PP
311,Yehudi,Torrisi,ytorrisi8m@google.co.uk,Male,$545838.04,802553782,IT
312,Tine,Collocott,tcollocott8n@engadget.com,Female,$489277.69,325484701,CC
313,Rhett,Lemerie,rlemerie8o@barnesandnoble.com,Male,$684946.77,14497837,CC
314,Loutitia,Gorgl,lgorgl8p@storify.com,Female,$124999.64,30248460,PP
315,Roger,Paty,rpaty8q@360.cn,Male,$757684.69,810947494,CC
316,Amber,Brandolini,abrandolini8r@arizona.edu,Female,$372882.66,473234781,PP
317,Cyrille,Coffin,ccoffin8s@ezinearticles.com,Male,$282494.04,13421502,CC
318,Sybila,Files,sfiles8t@sohu.com,Female,$530065.32,185468094,PP
319,Corine,Berks,cberks8u@usnews.com,Female,$592471.92,932499214,IT
320,Daveta,Darco,ddarco8v@php.net,Female,$450510.66,701637555,CC
321,Giulia,Challin,gchallin8w@bandcamp.com,Female,$244171.38,264729293,CC
322,Eustace,Jedrachowicz,ejedrachowicz8x@blog.com,Male,$358393.48,593366577,CC
323,Yvon,Conley,yconley8y@umn.edu,Male,$959362.02,793817212,IT
324,Basilio,Weddeburn - Scrimgeour,bweddeburnscrimgeour8z@washingtonpost.com,Male,$919647.92,691195335,CC
325,Meghan,Daveridge,mdaveridge90@rakuten.co.jp,Female,$309141.61,377771164,IT
326,Raoul,Brixey,rbrixey91@miibeian.gov.cn,Male,$502598.19,615970629,PP
327,Natalee,Rummer,nrummer92@washington.edu,Female,$168296.52,899972943,CC
328,Shana,Gouth,sgouth93@businessinsider.com,Female,$842342.34,325061335,PP
329,Willabella,Starzaker,wstarzaker94@prnewswire.com,Female,$348500.13,112442835,IT
330,Humphrey,Goadbie,hgoadbie95@yolasite.com,Male,$260925.97,444809605,IT
331,Blondie,Rowntree,browntree96@issuu.com,Female,$192807.89,400762930,IT
332,Jeniffer,Hillatt,jhillatt97@facebook.com,Female,$631927.64,269551464,CC
333,Cammy,Elman,celman98@nba.com,Male,$873521.70,709807628,CC
334,Kenyon,Winborn,kwinborn99@blinklist.com,Male,$487711.89,898217349,CC
335,Bernardine,Sircombe,bsircombe9a@exblog.jp,Female,$885598.47,466774930,CC
336,Kerstin,Helian,khelian9b@icio.us,Female,$918221.81,196196950,PP
337,Luce,McCurtin,lmccurtin9c@state.tx.us,Male,$631807.61,20759040,CC
338,Whitaker,Pointon,wpointon9d@jimdo.com,Male,$883681.24,945574534,IT
339,Grethel,Seage,gseage9e@altervista.org,Female,$107972.62,137724397,PP
340,Nealon,McLaggan,nmclaggan9f@squidoo.com,Male,$141652.38,967194447,PP
341,Fabe,Scroxton,fscroxton9g@hubpages.com,Male,$738042.97,355167190,PP
342,Malory,Donnett,mdonnett9h@washingtonpost.com,Female,$100825.00,814410137,CC
343,Zebedee,Capel,zcapel9i@com.com,Male,$645111.87,584308068,CC
344,Felipe,Iban,fiban9j@list-manage.com,Male,$262666.31,681762273,CC
345,Wolf,Christall,wchristall9k@cmu.edu,Male,$823293.28,72902944,IT
346,Verla,Geering,vgeering9l@meetup.com,Female,$199315.91,312214610,PP
347,Wait,Idiens,widiens9m@angelfire.com,Male,$754685.32,197593660,IT
348,Franzen,Bousfield,fbousfield9n@google.it,Male,$322221.78,826204487,PP
349,Shandeigh,Ockenden,sockenden9o@ustream.tv,Female,$819069.06,851572387,CC
350,Markos,Walasik,mwalasik9p@gizmodo.com,Male,$588169.04,1035412958,CC
351,Milka,Fortin,mfortin9q@flickr.com,Female,$625484.94,619891444,IT
352,Win,Healey,whealey9r@nymag.com,Male,$371669.84,916657951,PP
353,Meier,Lucius,mlucius9s@usgs.gov,Male,$394463.50,741610101,IT
354,Kati,Ambroix,kambroix9t@photobucket.com,Female,$688021.41,270563774,PP
355,Paquito,McIan,pmcian9u@archive.org,Male,$314262.92,888636120,IT
356,Ira,Bottom,ibottom9v@theguardian.com,Female,$151171.15,379521049,CC
357,Nappy,Twatt,ntwatt9w@hugedomains.com,Male,$895311.11,693666050,PP
358,Melania,Dobbs,mdobbs9x@zdnet.com,Female,$121165.93,766581421,CC
359,Horace,Bollin,hbollin9y@vinaora.com,Male,$712240.47,945846577,CC
360,Richardo,Burrage,rburrage9z@loc.gov,Male,$795048.42,904463366,PP
361,Lucie,Bretherick,lbrethericka0@icio.us,Female,$802808.64,658604930,IT
362,Merrill,Hradsky,mhradskya1@prlog.org,Male,$265124.28,283542708,IT
363,Shaughn,Ever,severa2@cam.ac.uk,Male,$579908.37,725279064,PP
364,Fedora,Szimon,fszimona3@php.net,Female,$276949.11,180172523,CC
365,Modesta,Anear,maneara4@goo.gl,Female,$482457.84,440127510,CC
366,Hadleigh,Wathey,hwatheya5@joomla.org,Male,$655827.62,307125156,IT
367,Justino,Tesyro,jtesyroa6@arstechnica.com,Male,$571072.61,668098264,CC
368,Lianne,Winnister,lwinnistera7@deliciousdays.com,Female,$445791.31,529063140,PP
369,Gawain,Tippett,gtippetta8@yolasite.com,Male,$824826.32,515001710,CC
370,Nichol,Pope,npopea9@sun.com,Female,$403147.02,825036443,CC
371,North,Kobera,nkoberaaa@oracle.com,Male,$787425.65,310856303,CC
372,Gregorio,Daouse,gdaouseab@imageshack.us,Male,$494688.45,160706666,CC
373,Christian,Colter,ccolterac@tinypic.com,Female,$729975.58,847945910,PP
374,Beverlee,Earle,bearlead@trellian.com,Female,$248062.29,914216131,PP
375,Averill,Lorie,alorieae@intel.com,Male,$912947.02,628042077,IT
376,Billi,Mouton,bmoutonaf@nationalgeographic.com,Female,$462229.59,951391517,IT
377,Aeriell,Maywood,amaywoodag@g.co,Female,$139034.17,87516275,CC
378,Gallagher,Tellett,gtellettah@theglobeandmail.com,Male,$988088.73,919278141,CC
379,Adda,Lawden,alawdenai@jiathis.com,Female,$778393.79,496825509,IT
380,Clay,Bromidge,cbromidgeaj@intel.com,Male,$853992.00,861106654,PP
381,Jean,Dener,jdenerak@netvibes.com,Female,$382098.13,605440308,CC
382,Quinta,Speers,qspeersal@twitter.com,Female,$135131.80,303177216,IT
383,Kimmie,Cowx,kcowxam@bbb.org,Female,$101857.84,7556212,IT
384,Katuscha,Brooks,kbrooksan@ocn.ne.jp,Female,$474842.83,376406498,PP
385,Seymour,France,sfranceao@kickstarter.com,Male,$594609.99,208985837,CC
386,Kane,Pettman,kpettmanap@unesco.org,Male,$750006.23,508742005,IT
387,Janifer,Pinchback,jpinchbackaq@chron.com,Female,$131994.33,654668624,PP
388,Killy,Timlin,ktimlinar@sina.com.cn,Male,$694303.73,850015567,PP
389,Fernando,Gogerty,fgogertyas@berkeley.edu,Male,$473128.25,983923761,CC
390,Raimund,Arntzen,rarntzenat@furl.net,Male,$198453.59,46118905,PP
391,Bernarr,Ewins,bewinsau@answers.com,Male,$823364.87,787282564,CC
392,Steve,Gambell,sgambellav@sciencedirect.com,Male,$692386.11,1035211165,CC
393,Kati,Pozzi,kpozziaw@businessweek.com,Female,$342704.43,13683011,IT
394,Milka,Escalero,mescaleroax@buzzfeed.com,Female,$570267.26,657483856,CC
395,Hermina,Maginn,hmaginnay@fema.gov,Female,$551937.20,5913169,CC
396,Jenda,Bromhead,jbromheadaz@sitemeter.com,Female,$993380.41,210333554,CC
397,Gilly,Croxall,gcroxallb0@about.me,Female,$294512.40,293891662,CC
398,Annadiane,Sandwick,asandwickb1@cdc.gov,Female,$736360.45,745706799,CC
399,Eduino,Arnason,earnasonb2@t-online.de,Male,$340705.74,68980919,IT
400,Wenda,Bownde,wbowndeb3@xinhuanet.com,Female,$438760.71,175302361,CC
401,Mair,Scawton,mscawtonb4@blogspot.com,Female,$679844.95,404542137,CC
402,Gene,Kildahl,gkildahlb5@hatena.ne.jp,Male,$907683.75,859953200,IT
403,Nevins,Demke,ndemkeb6@go.com,Male,$156260.25,838802345,IT
404,Fredra,Scarsbrick,fscarsbrickb7@ocn.ne.jp,Female,$800031.03,473820761,IT
405,Gustavus,Ziemens,gziemensb8@histats.com,Male,$421486.72,898759698,IT
406,Carny,Dunklee,cdunkleeb9@4shared.com,Male,$761496.66,687450487,IT
407,Reynold,Stigers,rstigersba@1und1.de,Male,$660068.53,777387478,IT
408,Durand,Nanetti,dnanettibb@mapy.cz,Male,$223906.13,205296105,IT
409,Eryn,Tysack,etysackbc@samsung.com,Female,$270309.08,434214872,IT
410,Jerrilyn,Laise,jlaisebd@oakley.com,Female,$227188.30,663597398,IT
411,Terrance,Garlett,tgarlettbe@w3.org,Male,$387789.84,856859562,PP
412,Ginny,Hafford,ghaffordbf@godaddy.com,Female,$973927.41,890596827,PP
413,Amby,Nesfield,anesfieldbg@usa.gov,Male,$861721.33,538132343,PP
414,Paco,Howels,phowelsbh@xinhuanet.com,Male,$100468.76,300409430,CC
415,Dorey,Grewes,dgrewesbi@mapy.cz,Female,$731939.00,906407467,CC
416,Becka,Megarry,bmegarrybj@usgs.gov,Female,$639845.72,456163506,CC
417,Elicia,Goligher,egoligherbk@eepurl.com,Female,$316447.06,273681842,IT
418,Retha,Jenkins,rjenkinsbl@wikimedia.org,Female,$571407.62,440405775,CC
419,Berni,Ewbanck,bewbanckbm@parallels.com,Female,$493874.76,280421570,CC
420,Mahalia,Kesley,mkesleybn@cafepress.com,Female,$326231.19,434682995,PP
421,Kevyn,Hotton,khottonbo@typepad.com,Female,$427233.38,910045612,PP
422,Charlie,Hebbard,chebbardbp@ezinearticles.com,Male,$379840.13,714354052,CC
423,Farrah,Pauling,fpaulingbq@yellowbook.com,Female,$801900.08,319909019,IT
424,Cece,Grunson,cgrunsonbr@cnn.com,Male,$501195.95,118518895,PP
425,Rayna,Ferron,rferronbs@illinois.edu,Female,$821410.06,109818638,IT
426,Curcio,Greenaway,cgreenawaybt@apple.com,Male,$534971.48,304290542,PP
427,Rockwell,MacAlpine,rmacalpinebu@freewebs.com,Male,$347922.32,776452096,PP
428,Leonanie,Philippard,lphilippardbv@multiply.com,Female,$243575.20,117851862,IT
429,Farris,Ritch,fritchbw@google.co.jp,Male,$392695.66,156888087,IT
430,Karina,Sproston,ksprostonbx@gravatar.com,Female,$531122.90,80846402,PP
431,Franz,Huccaby,fhuccabyby@wordpress.com,Male,$313653.16,688772328,PP
432,Shayne,Gannaway,sgannawaybz@oaic.gov.au,Male,$683216.98,847952380,PP
433,Lulu,Bailiss,lbailissc0@cdc.gov,Female,$444745.00,961554725,CC
434,Pall,Jurasek,pjurasekc1@si.edu,Male,$544946.13,72495173,IT
435,Alain,Jarman,ajarmanc2@xinhuanet.com,Male,$157449.51,884810076,PP
436,Belinda,Andriss,bandrissc3@ifeng.com,Female,$458131.14,689667423,CC
437,Carley,Flucks,cflucksc4@goodreads.com,Female,$191074.07,16405536,PP
438,Sherrie,Doolan,sdoolanc5@desdev.cn,Female,$504762.66,937269882,IT
439,Daisie,Orton,dortonc6@newyorker.com,Female,$901830.66,51525739,IT
440,Washington,Altree,waltreec7@lulu.com,Male,$838504.32,22990229,CC
441,Sarita,Basey,sbaseyc8@nbcnews.com,Female,$861666.49,251619298,CC
442,Devi,Sainsbury,dsainsburyc9@theguardian.com,Female,$624679.20,692307325,PP
443,Karoly,Heed,kheedca@4shared.com,Male,$323167.37,926942813,PP
444,Sisile,Whitecross,swhitecrosscb@time.com,Female,$524469.83,362263204,IT
445,Mariana,Bohman,mbohmancc@google.ru,Female,$361170.78,673442468,CC
446,Margalo,Penddreth,mpenddrethcd@berkeley.edu,Female,$453625.72,565491921,PP
447,Christie,Killshaw,ckillshawce@bluehost.com,Female,$835883.43,973503650,CC
448,Dalia,De Malchar,ddemalcharcf@instagram.com,Female,$165630.54,669197512,PP
449,Avram,Baulcombe,abaulcombecg@dell.com,Male,$115599.22,146141548,PP
450,Paolo,Whaley,pwhaleych@tripod.com,Male,$462630.21,499914475,IT
451,Imojean,Dellenbroker,idellenbrokerci@mapquest.com,Female,$591149.60,523971074,CC
452,Deerdre,Tipple,dtipplecj@skyrock.com,Female,$562330.47,514001425,PP
453,Phedra,Arnold,parnoldck@nih.gov,Female,$661274.33,480611634,PP
454,Sibyl,Ryrie,sryriecl@yelp.com,Female,$801207.11,906565409,PP
455,Adele,Ianitti,aianitticm@ca.gov,Female,$594275.54,7641353,IT
456,Jordon,Rudman,jrudmancn@spiegel.de,Male,$741154.74,544566626,CC
457,Roselia,Waller-Bridge,rwallerbridgeco@1und1.de,Female,$127597.81,993111818,PP
458,Raynor,Algate,ralgatecp@wisc.edu,Male,$360172.86,64184750,PP
459,Jeniece,Potapczuk,jpotapczukcq@umich.edu,Female,$779282.12,892357829,PP
460,Pennie,Hellwig,phellwigcr@comsenz.com,Male,$595882.26,97359453,IT
461,Freemon,Tremethack,ftremethackcs@tinyurl.com,Male,$413892.50,904008396,CC
462,Jere,Kealy,jkealyct@theglobeandmail.com,Female,$889618.45,329426879,CC
463,Orel,Bohler,obohlercu@1und1.de,Female,$467013.44,595109086,PP
464,Karina,Waterhowse,kwaterhowsecv@mysql.com,Female,$953408.97,988553498,CC
465,Rakel,Kail,rkailcw@state.tx.us,Female,$182972.18,788841837,IT
466,Anselm,McCue,amccuecx@google.co.uk,Male,$993375.83,240629309,IT
467,Waiter,Atty,wattycy@youtu.be,Male,$911087.20,659807553,PP
468,Shelly,Bonelle,sbonellecz@auda.org.au,Female,$485099.46,1007246712,PP
469,Daloris,Brogini,dbroginid0@deviantart.com,Female,$101722.10,545678351,PP
470,Jemima,Shingfield,jshingfieldd1@squidoo.com,Female,$670551.92,931482508,CC
471,Pen,Penzer,ppenzerd2@topsy.com,Female,$373809.42,724165590,CC
472,Lucho,Costan,lcostand3@live.com,Male,$647515.09,152271321,CC
473,Raffarty,Peat,rpeatd4@examiner.com,Male,$274518.52,552427426,PP
474,Christabella,Crepel,ccrepeld5@webeden.co.uk,Female,$873327.18,78953171,PP
475,Demeter,Jowle,djowled6@hhs.gov,Female,$877140.45,871137019,PP
476,Ynez,Koubu,ykoubud7@wikispaces.com,Female,$836890.38,669678200,IT
477,Konrad,Kopecka,kkopeckad8@thetimes.co.uk,Male,$172531.80,708524415,CC
478,Herb,MacComiskey,hmaccomiskeyd9@infoseek.co.jp,Male,$789679.57,844231281,CC
479,Letty,Cregan,lcreganda@multiply.com,Female,$498290.93,68826240,CC
480,Roderich,Del Checolo,rdelchecolodb@google.es,Male,$281229.89,911285618,IT
481,Lilas,McClenaghan,lmcclenaghandc@jalbum.net,Female,$476821.90,1042955460,PP
482,Siobhan,Gerleit,sgerleitdd@unicef.org,Female,$348942.61,207775096,CC
483,Hailee,Briztman,hbriztmande@alexa.com,Female,$201012.15,953598845,PP
484,Husain,Britten,hbrittendf@dion.ne.jp,Male,$383294.79,26410194,CC
485,Melvin,Thurby,mthurbydg@nyu.edu,Male,$182511.15,656095240,PP
486,Kelsey,Simmens,ksimmensdh@google.co.jp,Male,$859218.41,851861067,CC
487,Meade,Bavister,mbavisterdi@nature.com,Male,$861322.97,580654111,PP
488,Delly,Slight,dslightdj@utexas.edu,Female,$678169.05,151417767,CC
489,Delmore,Willson,dwillsondk@mediafire.com,Male,$600676.61,418658614,IT
490,Darrin,Chomicz,dchomiczdl@desdev.cn,Male,$819019.03,370282064,CC
491,Cariotta,Betchley,cbetchleydm@wp.com,Female,$862983.78,144590734,CC
492,Tremaine,Shrieve,tshrievedn@hp.com,Male,$710910.09,905483599,IT
493,Drud,Chaddock,dchaddockdo@furl.net,Male,$880336.36,939413537,IT
494,Jeffrey,Connechie,jconnechiedp@businesswire.com,Male,$648417.89,203894005,PP
495,Lettie,Abbatucci,labbatuccidq@oracle.com,Female,$912566.77,717624459,PP
496,Ilka,Admans,iadmansdr@eventbrite.com,Female,$222450.57,320776774,IT
497,Lucilia,Bowstead,lbowsteadds@i2i.jp,Female,$683009.91,301152837,CC
498,Herculie,Tivnan,htivnandt@amazon.co.uk,Male,$572366.90,822943894,PP
499,Darda,Stannion,dstanniondu@discuz.net,Female,$135304.18,481182080,PP
500,Theo,Starrs,tstarrsdv@simplemachines.org,Female,$948558.41,154998173,IT
501,Langston,Henrych,lhenrychdw@geocities.jp,Male,$474350.30,860721855,CC
502,Stormi,Sweett,ssweettdx@webs.com,Female,$850234.45,182678074,CC
503,Luigi,Hek,lhekdy@dion.ne.jp,Male,$116935.72,493840836,CC
504,Der,Cockroft,dcockroftdz@topsy.com,Male,$996827.24,37084589,CC
505,Miriam,Claridge,mclaridgee0@wikimedia.org,Female,$526987.73,366583272,CC
506,Michel,Damerell,mdamerelle1@mayoclinic.com,Female,$388280.57,339313885,IT
507,Cy,Zotto,czottoe2@blogtalkradio.com,Male,$950334.49,629738603,IT
508,Arlee,Points,apointse3@webs.com,Female,$151049.69,1003077591,CC
509,Putnem,Dumbrall,pdumbralle4@narod.ru,Male,$382317.88,652971875,IT
510,Fairlie,Erdely,ferdelye5@npr.org,Male,$884425.54,457528714,CC
511,Kizzie,Khosa,kkhosae6@google.com.hk,Female,$273943.87,589054829,CC
512,Otha,Crollman,ocrollmane7@yellowbook.com,Female,$588620.70,1033094991,IT
513,Errol,Garrish,egarrishe8@blogger.com,Male,$502198.16,493888255,IT
514,Olva,Bukac,obukace9@biblegateway.com,Female,$965495.22,297027820,IT
515,Tamara,Glowacz,tglowaczea@aol.com,Female,$124121.76,252987584,PP
516,Luelle,Jouning,ljouningeb@csmonitor.com,Female,$467553.07,921062791,CC
517,Arlee,Rehorek,arehorekec@behance.net,Female,$506126.54,20947162,CC
518,Adaline,Folker,afolkered@bandcamp.com,Female,$707222.02,976432323,PP
519,Bartholomeo,Charette,bcharetteee@dell.com,Male,$846154.04,439476841,CC
520,Jule,Greengrass,jgreengrassef@photobucket.com,Male,$337408.73,261640938,IT
521,Britta,Spere,bspereeg@last.fm,Female,$976343.38,361975286,IT
522,Briny,Vinecombe,bvinecombeeh@marriott.com,Female,$435523.89,717510116,PP
523,Pearce,Heasman,pheasmanei@mlb.com,Male,$504216.86,34440246,IT
524,Auberta,Mattschas,amattschasej@blogger.com,Female,$722484.54,223908548,IT
525,Vassili,Trahair,vtrahairek@abc.net.au,Male,$335446.68,776236321,PP
526,Haslett,Ganny,hgannyel@macromedia.com,Male,$604475.88,255965093,PP
527,Claudianus,Shone,cshoneem@yellowbook.com,Male,$118347.97,366669812,CC
528,Freddi,Audibert,faudiberten@t.co,Female,$664231.59,880784916,CC
529,Hercule,Driuzzi,hdriuzzieo@ihg.com,Male,$132933.25,387649692,CC
530,Rodney,Warrior,rwarriorep@sourceforge.net,Male,$535722.39,467708176,IT
531,Carolee,Spooner,cspoonereq@wikispaces.com,Female,$804686.99,857538933,IT
532,Nichole,Shatford,nshatforder@irs.gov,Female,$188386.00,385510464,IT
533,Tallie,Spiby,tspibyes@dagondesign.com,Female,$152037.36,41679177,CC
534,Alaster,Williscroft,awilliscroftet@163.com,Male,$727193.32,289109320,PP
535,Bondon,Falck,bfalckeu@apple.com,Male,$504785.01,895839678,CC
536,Corny,Mingus,cmingusev@weather.com,Male,$142248.07,752925080,IT
537,Xylia,Hamsson,xhamssonew@indiatimes.com,Female,$914827.39,237492407,CC
538,Sydney,McTerlagh,smcterlaghex@weibo.com,Female,$657354.00,772846250,IT
539,Sarette,Joice,sjoiceey@macromedia.com,Female,$581153.09,681565744,PP
540,Minnnie,Keely,mkeelyez@usatoday.com,Female,$146024.42,289681000,CC
541,Perl,Kingzeth,pkingzethf0@soup.io,Female,$529561.01,590210516,PP
542,Miltie,Croci,mcrocif1@aboutads.info,Male,$894471.30,646636129,CC
543,Zerk,Smeall,zsmeallf2@prlog.org,Male,$351902.46,594137929,IT
544,Tam,Tredget,ttredgetf3@so-net.ne.jp,Male,$630567.18,423130601,PP
545,Maudie,Twyford,mtwyfordf4@mayoclinic.com,Female,$711338.45,592405744,IT
546,Kelsy,Boggs,kboggsf5@flavors.me,Female,$573220.59,333417020,IT
547,Brien,Kinchley,bkinchleyf6@instagram.com,Male,$666403.06,807017040,PP
548,Luca,Giorgio,lgiorgiof7@java.com,Male,$849464.01,415074608,IT
549,Kevina,Warrington,kwarringtonf8@sfgate.com,Female,$408011.07,612445504,CC
550,Marie,Tubbles,mtubblesf9@seesaa.net,Female,$666401.74,230156649,IT
551,Elle,Salkild,esalkildfa@wordpress.com,Female,$977503.97,679857265,IT
552,Dilan,Jadczak,djadczakfb@simplemachines.org,Male,$380741.62,822300951,IT
553,Nataline,Deverick,ndeverickfc@wikispaces.com,Female,$770386.89,221847703,IT
554,Morganica,Heindrich,mheindrichfd@gizmodo.com,Female,$212779.14,358903839,PP
555,Vincent,Jeaves,vjeavesfe@linkedin.com,Male,$844120.44,166118318,PP
556,Drusi,Brankley,dbrankleyff@blog.com,Female,$137404.92,974482306,PP
557,Urson,Stanwix,ustanwixfg@psu.edu,Male,$906385.59,528342179,PP
558,Christian,Sends,csendsfh@360.cn,Male,$329899.87,323565575,PP
559,Harlan,Geraldez,hgeraldezfi@senate.gov,Male,$536398.52,906801706,IT
560,Gannon,Spurr,gspurrfj@craigslist.org,Male,$552795.88,676921439,CC
561,Marney,Vale,mvalefk@ox.ac.uk,Female,$330376.42,1030274116,IT
562,Cally,Alibone,calibonefl@amazonaws.com,Female,$146497.92,468612364,IT
563,Paulie,Vickar,pvickarfm@techcrunch.com,Female,$708355.34,380861785,CC
564,Ripley,Webb,rwebbfn@patch.com,Male,$620050.63,212004071,CC
565,Desmond,Heliot,dheliotfo@imgur.com,Male,$809925.08,494060614,IT
566,Katleen,Petican,kpeticanfp@homestead.com,Female,$760776.04,733519518,CC
567,Gretchen,Cheavin,gcheavinfq@wisc.edu,Female,$154860.57,161025892,IT
568,Manfred,Bourke,mbourkefr@posterous.com,Male,$733353.89,469936745,IT
569,Bethanne,Burdass,bburdassfs@buzzfeed.com,Female,$857247.89,661427436,PP
570,Armando,Calladine,acalladineft@google.co.uk,Male,$928031.89,802567698,IT
571,Wallache,Kunert,wkunertfu@1und1.de,Male,$460814.81,810434899,IT
572,Gerrie,Kippen,gkippenfv@sciencedirect.com,Male,$611351.61,246928458,IT
573,Pier,Bockmaster,pbockmasterfw@wufoo.com,Female,$421986.15,945334734,CC
574,Corbet,Boardman,cboardmanfx@hugedomains.com,Male,$601876.84,297658732,PP
575,Gratia,Peat,gpeatfy@deliciousdays.com,Female,$650920.07,1035157458,PP
576,Arron,Ianilli,aianillifz@fc2.com,Male,$341642.68,676834467,PP
577,Ximenes,Ivantsov,xivantsovg0@w3.org,Male,$160954.01,985131674,IT
578,Jordan,Cheng,jchengg1@princeton.edu,Male,$544077.09,977759997,PP
579,Alameda,Rings,aringsg2@domainmarket.com,Female,$748190.37,1027711145,CC
580,Reinwald,Parkin,rparking3@woothemes.com,Male,$185613.28,36121093,IT
581,Anet,Brabant,abrabantg4@privacy.gov.au,Female,$830283.70,995157583,IT
582,Yurik,Brumfield,ybrumfieldg5@zimbio.com,Male,$964440.34,607253963,PP
583,Emilia,Ivantyev,eivantyevg6@163.com,Female,$713120.01,773348417,PP
584,Elnora,Jambrozek,ejambrozekg7@usnews.com,Female,$482094.38,286312508,PP
585,Olivero,Zottoli,ozottolig8@unblog.fr,Male,$294394.21,532066547,IT
586,Lenore,Hearthfield,lhearthfieldg9@theglobeandmail.com,Female,$224579.15,1049889268,CC
587,Prentiss,Lerner,plernerga@t-online.de,Male,$738251.20,31173274,PP
588,Hagan,Boobyer,hboobyergb@nature.com,Male,$659017.16,475831592,IT
589,Cecilla,McRill,cmcrillgc@google.fr,Female,$847589.38,229249687,PP
590,Maximilien,Wyllt,mwylltgd@devhub.com,Male,$339214.74,699230091,IT
591,Theodor,Reinhart,treinhartge@hatena.ne.jp,Male,$858117.49,721853587,CC
592,Albina,Ovize,aovizegf@boston.com,Female,$864776.89,729295924,CC
593,Madalyn,Olyfant,molyfantgg@tmall.com,Female,$503412.15,364332733,CC
594,Herc,Bonnier,hbonniergh@reddit.com,Male,$227560.23,422618230,CC
595,Jake,MacCardle,jmaccardlegi@odnoklassniki.ru,Male,$687627.74,1005935623,CC
596,Philis,Menco,pmencogj@engadget.com,Female,$452992.67,228919514,CC
597,Stevie,Whorall,swhorallgk@wikia.com,Male,$237899.96,772639506,IT
598,Thurston,Dance,tdancegl@ovh.net,Male,$293556.03,464619606,PP
599,Micaela,Boorman,mboormangm@shinystat.com,Female,$489206.63,485837995,CC
600,Zack,Dorking,zdorkinggn@stumbleupon.com,Male,$336701.17,317891312,IT
601,Jules,Stoffer,jstoffergo@tuttocitta.it,Male,$972787.54,405730202,IT
602,Jenny,Wistance,jwistancegp@admin.ch,Female,$750554.45,192035896,PP
603,Witty,Paoletto,wpaolettogq@time.com,Male,$258432.31,981054458,CC
604,Lusa,Skirlin,lskirlingr@google.co.uk,Female,$190927.77,1037574365,IT
605,Kyla,Heppenspall,kheppenspallgs@marketwatch.com,Female,$336022.23,394757826,IT
606,Anton,Losty,alostygt@samsung.com,Male,$179260.02,262121536,PP
607,Svend,Fancet,sfancetgu@squarespace.com,Male,$980178.85,167956941,CC
608,Aldo,Butterick,abutterickgv@ihg.com,Male,$696606.40,1044524864,CC
609,Evvie,Merwood,emerwoodgw@umn.edu,Female,$233063.35,956959953,IT
610,Adan,Flatt,aflattgx@mysql.com,Male,$590114.08,240610027,IT
611,Scott,Duplan,sduplangy@twitpic.com,Male,$770093.63,763209299,PP
612,Gottfried,Brotherton,gbrothertongz@squidoo.com,Male,$298138.44,679052886,IT
613,Scottie,Krolik,skrolikh0@ft.com,Male,$635415.09,329525649,PP
614,Mamie,Howsam,mhowsamh1@globo.com,Female,$177243.06,278334081,CC
615,Ewart,Padell,epadellh2@answers.com,Male,$876997.14,57418171,CC
616,Hildy,Ancell,hancellh3@examiner.com,Female,$148497.23,671277450,IT
617,Linnet,Rime,lrimeh4@bloomberg.com,Female,$563968.77,18049154,CC
618,Whitney,Strauss,wstraussh5@cyberchimps.com,Male,$530945.35,515374451,PP
619,Locke,Kimmerling,lkimmerlingh6@foxnews.com,Male,$619932.26,325467944,IT
620,Nicolais,Seignior,nseigniorh7@google.pl,Male,$582259.92,195699370,IT
621,Gleda,Laybourne,glaybourneh8@dion.ne.jp,Female,$950702.69,71681123,PP
622,Neall,Blakeney,nblakeneyh9@hostgator.com,Male,$380053.79,192573144,CC
623,Hettie,Salliss,hsallissha@hexun.com,Female,$798896.92,807042797,PP
624,Lisle,Wylam,lwylamhb@google.ca,Male,$537633.79,735101417,CC
625,Yule,Jaggar,yjaggarhc@etsy.com,Male,$763482.72,470985768,CC
626,Jsandye,Derye-Barrett,jderyebarretthd@scribd.com,Female,$301844.20,878391940,PP
627,Jamal,Ilyinykh,jilyinykhhe@freewebs.com,Male,$210193.05,96373098,CC
628,Barbabas,Harg,bharghf@bandcamp.com,Male,$102015.59,679947440,PP
629,Glenn,Meigh,gmeighhg@elegantthemes.com,Female,$400278.21,753347094,IT
630,Georgy,Kolakovic,gkolakovichh@foxnews.com,Male,$388477.49,898956526,IT
631,Guilbert,Roache,groachehi@prweb.com,Male,$991748.67,509353258,PP
632,Mathilde,Marchetti,mmarchettihj@mayoclinic.com,Female,$386814.22,913205762,CC
633,Lyndy,Carlet,lcarlethk@whitehouse.gov,Female,$157644.96,954543612,PP
634,Abdel,Krammer,akrammerhl@shop-pro.jp,Male,$913637.96,84192899,IT
635,Petrina,Redwin,predwinhm@nasa.gov,Female,$898723.82,835007035,IT
636,Ricki,Cota,rcotahn@cisco.com,Male,$577948.39,895654984,CC
637,Melania,Negro,mnegroho@bravesites.com,Female,$676583.81,180445169,CC
638,Emlyn,Snelman,esnelmanhp@slate.com,Female,$629710.07,873523987,CC
639,Colas,Pinney,cpinneyhq@ca.gov,Male,$625207.80,92134859,PP
640,Marcello,Sandall,msandallhr@gizmodo.com,Male,$373014.33,52403782,PP
641,Izaak,Impett,iimpetths@ca.gov,Male,$447145.06,95373915,CC
642,Kerstin,Boulden,kbouldenht@walmart.com,Female,$828070.61,1036070423,IT
643,Rinaldo,Ackred,rackredhu@wsj.com,Male,$204262.55,529701326,IT
644,Melly,Roscrigg,mroscrigghv@wisc.edu,Female,$540722.09,664682340,PP
645,Sullivan,Callingham,scallinghamhw@pinterest.com,Male,$143955.41,786267166,IT
646,Jodie,Mosen,jmosenhx@stanford.edu,Female,$304816.42,983329438,PP
647,Katti,Grafton-Herbert,kgraftonherberthy@paginegialle.it,Female,$530988.39,336006971,PP
648,Olivette,Callum,ocallumhz@slideshare.net,Female,$690007.29,103009926,PP
649,Oren,Habeshaw,ohabeshawi0@newyorker.com,Male,$221109.68,598819719,CC
650,Krystle,Goodbarr,kgoodbarri1@mlb.com,Female,$466151.25,231377303,PP
651,Andonis,Daoust,adaousti2@narod.ru,Male,$995813.94,49081077,IT
652,Zelig,Ghiotto,zghiottoi3@cargocollective.com,Male,$194814.12,518020504,IT
653,Alaster,Partner,apartneri4@taobao.com,Male,$310045.31,192971998,CC
654,Glenden,Crighton,gcrightoni5@businessweek.com,Male,$238950.76,180914410,PP
655,Dulciana,Robertis,drobertisi6@nyu.edu,Female,$693813.31,364774852,CC
656,Fern,Sowerbutts,fsowerbuttsi7@answers.com,Female,$547967.91,672677245,PP
657,Audrey,Pittman,apittmani8@tripod.com,Female,$953720.63,190870400,IT
658,Abbey,Harbertson,aharbertsoni9@blogspot.com,Male,$497016.96,1037796019,CC
659,Bella,Middup,bmiddupia@businessweek.com,Female,$396266.88,998266340,CC
660,Jerrilyn,Yendall,jyendallib@over-blog.com,Female,$860791.81,410572381,CC
661,Darby,Lansdale,dlansdaleic@examiner.com,Female,$443149.91,360438113,IT
662,Xylia,Hilhouse,xhilhouseid@cbsnews.com,Female,$422496.15,726802903,CC
663,Hope,McElwee,hmcelweeie@ehow.com,Female,$690832.83,760666310,PP
664,Ingar,O'Lunney,iolunneyif@pagesperso-orange.fr,Male,$254902.80,226714257,CC
665,Gorden,Comiam,gcomiamig@hatena.ne.jp,Male,$872501.01,49497164,CC
666,August,Bickardike,abickardikeih@admin.ch,Male,$971262.65,635373440,IT
667,Derk,Spowage,dspowageii@t-online.de,Male,$913062.90,872794551,IT
668,Ezekiel,Borris,eborrisij@cam.ac.uk,Male,$886160.71,740181693,CC
669,Vida,Casa,vcasaik@utexas.edu,Female,$534796.58,1033133331,CC
670,Ray,Asker,raskeril@weibo.com,Male,$655025.70,677301035,PP
671,Byrle,Goodred,bgoodredim@shinystat.com,Male,$629514.29,450644417,CC
672,Dew,Draye,ddrayein@acquirethisname.com,Male,$346908.54,679762537,IT
673,Gerome,Slaney,gslaneyio@fastcompany.com,Male,$423759.49,992602850,IT
674,Brien,Letessier,bletessierip@jugem.jp,Male,$369613.49,166603844,PP
675,Shelbi,Hlavecek,shlavecekiq@altervista.org,Female,$616080.46,767719363,PP
676,Olive,Ollerhad,oollerhadir@sciencedirect.com,Female,$280990.70,799068751,CC
677,Marcellus,Gallimore,mgallimoreis@cdbaby.com,Male,$460647.62,539412766,CC
678,Findley,Tarbath,ftarbathit@photobucket.com,Male,$328436.65,709872028,PP
679,Buck,Chopin,bchopiniu@dailymotion.com,Male,$622482.45,20503397,CC
680,Marc,Everly,meverlyiv@google.com.br,Male,$958234.31,360830250,IT
681,Kristy,Petigrew,kpetigrewiw@yahoo.co.jp,Female,$221694.11,813878165,IT
682,Addie,Force,aforceix@yolasite.com,Female,$746726.89,111330320,CC
683,Doralia,Mattheeuw,dmattheeuwiy@twitter.com,Female,$854580.08,173711563,CC
684,Gwenni,Assaf,gassafiz@un.org,Female,$937155.43,576506095,IT
685,Giacobo,Harbard,gharbardj0@soundcloud.com,Male,$572639.08,979192757,CC
686,Durward,MacAree,dmacareej1@moonfruit.com,Male,$794244.10,388854846,IT
687,Blinni,Barti,bbartij2@surveymonkey.com,Female,$701283.32,516267954,PP
688,Matt,Reimer,mreimerj3@ycombinator.com,Male,$473216.13,55668105,CC
689,Keelby,Nibley,knibleyj4@dailymotion.com,Male,$392267.42,917759697,CC
690,Brand,Pizer,bpizerj5@google.nl,Male,$730436.46,737792903,IT
691,Noe,Chastang,nchastangj6@ow.ly,Male,$249401.57,412119828,IT
692,Malissia,Moral,mmoralj7@ox.ac.uk,Female,$556077.51,383825838,IT
693,Vittorio,Curston,vcurstonj8@t-online.de,Male,$317378.47,371417503,IT
694,Karin,Crosthwaite,kcrosthwaitej9@cafepress.com,Female,$719908.79,538973569,IT
695,Frants,Goodoune,fgoodouneja@yelp.com,Male,$139798.63,639307416,PP
696,Lynnett,Anan,lananjb@prweb.com,Female,$316661.55,282876983,PP
697,Faith,Bartaloni,fbartalonijc@oracle.com,Female,$931918.49,713750440,IT
698,Brittni,Martinovic,bmartinovicjd@tinypic.com,Female,$317610.66,504621085,PP
699,Reggy,Howis,rhowisje@whitehouse.gov,Male,$241073.64,390031343,IT
700,Marika,Dyson,mdysonjf@phoca.cz,Female,$143289.47,910074029,IT
701,Hogan,Spehr,hspehrjg@is.gd,Male,$233828.06,656125784,CC
702,Tami,Scrine,tscrinejh@cmu.edu,Female,$111065.21,655426356,PP
703,Morten,Osgarby,mosgarbyji@google.com,Male,$897809.11,332840372,CC
704,Lisa,Hallstone,lhallstonejj@independent.co.uk,Female,$134295.32,753131708,PP
705,Morse,Hartus,mhartusjk@pagesperso-orange.fr,Male,$392895.62,743669252,IT
706,Petronille,MacCourt,pmaccourtjl@liveinternet.ru,Female,$403907.57,301824586,CC
707,Lindy,Kirkpatrick,lkirkpatrickjm@google.pl,Female,$564090.61,226882257,CC
708,Donetta,Aisbett,daisbettjn@netvibes.com,Female,$282745.53,796688736,CC
709,Morganne,Libby,mlibbyjo@nymag.com,Female,$620981.85,408457049,IT
710,Dan,Jahnel,djahneljp@bing.com,Male,$984157.60,12470772,PP
711,Arabella,Goldspink,agoldspinkjq@cloudflare.com,Female,$126792.61,229498768,CC
712,Anselma,Sneden,asnedenjr@imdb.com,Female,$200620.64,769237472,CC
713,Atlanta,Camble,acamblejs@livejournal.com,Female,$476508.76,947487976,CC
714,Wake,Oslar,woslarjt@vistaprint.com,Male,$173379.06,189220660,IT
715,Georgena,Dukesbury,gdukesburyju@amazon.com,Female,$985692.39,962789519,PP
716,Mario,McGettrick,mmcgettrickjv@cbc.ca,Male,$906030.55,794046178,PP
717,Lanny,Targe,ltargejw@newyorker.com,Male,$722672.01,882322908,IT
718,Zonnya,Faveryear,zfaveryearjx@youtu.be,Female,$278038.50,545253803,CC
719,Terrie,Howorth,thoworthjy@xrea.com,Female,$814572.98,375573569,PP
720,Yankee,Berends,yberendsjz@merriam-webster.com,Male,$316797.15,349054613,CC
721,Kylynn,Cheine,kcheinek0@163.com,Female,$336951.95,865060418,IT
722,Irwinn,Worg,iworgk1@upenn.edu,Male,$864227.18,990301927,CC
723,Philbert,Roadknight,proadknightk2@blogger.com,Male,$722650.40,470946978,CC
724,Grannie,Goodrich,ggoodrichk3@wix.com,Male,$369461.73,580198726,CC
725,Julieta,Perrins,jperrinsk4@harvard.edu,Female,$941137.88,947489091,IT
726,Lucilia,Korous,lkorousk5@bbc.co.uk,Female,$617387.78,863708338,CC
727,Ermina,Doutch,edoutchk6@adobe.com,Female,$490455.13,762953493,CC
728,Esma,Orknay,eorknayk7@elpais.com,Female,$763443.92,927208434,CC
729,Denys,Leaburn,dleaburnk8@marriott.com,Female,$256872.74,165645553,PP
730,Blakeley,Standbrook,bstandbrookk9@mapy.cz,Female,$713861.90,641450142,IT
731,Cymbre,Zanetello,czanetelloka@washington.edu,Female,$169215.08,440039365,PP
732,Brandyn,Phippard,bphippardkb@wired.com,Male,$399178.38,437917546,IT
733,Joey,Lode,jlodekc@yelp.com,Female,$640185.39,172684311,CC
734,Tuesday,Stonehouse,tstonehousekd@google.fr,Female,$638667.27,752838957,IT
735,Derick,Haliburton,dhaliburtonke@archive.org,Male,$485922.19,271522587,CC
736,Kalil,Kryzhov,kkryzhovkf@indiatimes.com,Male,$905315.48,228399039,IT
737,Ives,Ebben,iebbenkg@stanford.edu,Male,$920074.19,279377491,PP
738,Caprice,Antliff,cantliffkh@wiley.com,Female,$933304.65,475678108,IT
739,Danette,Salack,dsalackki@jimdo.com,Female,$776266.50,663479334,PP
740,Stacey,Orehead,soreheadkj@japanpost.jp,Female,$324868.10,651783906,CC
741,Minnaminnie,Mullan,mmullankk@amazon.de,Female,$411353.41,331106174,IT
742,Mariya,Mettricke,mmettrickekl@unicef.org,Female,$755915.20,834737947,CC
743,Nanon,Damper,ndamperkm@stanford.edu,Female,$812161.43,77974997,PP
744,Darius,Linacre,dlinacrekn@theatlantic.com,Male,$726326.98,383928872,IT
745,Flss,Ors,forsko@elegantthemes.com,Female,$767946.95,984679346,IT
746,Grata,Stancer,gstancerkp@samsung.com,Female,$919341.51,234499929,CC
747,Salli,Grimm,sgrimmkq@plala.or.jp,Female,$519108.32,196705265,IT
748,Billie,Jeanin,bjeaninkr@google.ru,Female,$242767.55,844770959,CC
749,Caryl,Attril,cattrilks@blog.com,Male,$158010.39,693066229,PP
750,Florence,Bagwell,fbagwellkt@cyberchimps.com,Female,$200555.86,850903869,PP
751,Hope,Milham,hmilhamku@acquirethisname.com,Female,$145020.30,137396832,CC
752,Vincenty,Jansa,vjansakv@narod.ru,Male,$420680.47,317620742,PP
753,Eddy,Dinjes,edinjeskw@twitpic.com,Male,$701347.91,208813635,IT
754,Helga,Robotham,hrobothamkx@live.com,Female,$244516.12,407885640,CC
755,Sheila,Callendar,scallendarky@ask.com,Female,$704103.46,274805152,IT
756,Thorn,Abrahamsen,tabrahamsenkz@ftc.gov,Male,$172631.10,329038684,PP
757,Jonas,Wearden,jweardenl0@google.cn,Male,$943471.15,982241273,PP
758,Jeramey,Rosenqvist,jrosenqvistl1@usnews.com,Male,$753877.79,49661397,PP
759,Megen,Duxbarry,mduxbarryl2@marriott.com,Female,$210770.78,128452018,PP
760,Moore,Hauxley,mhauxleyl3@issuu.com,Male,$283802.51,676520452,IT
761,Janna,McKearnen,jmckearnenl4@engadget.com,Female,$951479.78,25963800,PP
762,Clive,O' Clovan,coclovanl5@google.pl,Male,$236317.65,227528778,IT
763,Jacquette,Kienzle,jkienzlel6@stanford.edu,Female,$506393.67,159161614,CC
764,Carver,Pinnocke,cpinnockel7@weather.com,Male,$126551.49,992115269,PP
765,Mack,Vogele,mvogelel8@hibu.com,Male,$868820.15,401398543,PP
766,Sanders,Darco,sdarcol9@privacy.gov.au,Male,$582394.87,842349943,PP
767,Hill,Popworth,hpopworthla@lycos.com,Male,$741827.42,731128752,CC
768,Elianore,Bachelar,ebachelarlb@hexun.com,Female,$491299.07,681108148,CC
769,Valentine,Scamal,vscamallc@xing.com,Male,$239845.67,167821099,PP
770,Si,Spadelli,sspadellild@statcounter.com,Male,$971574.80,892020598,PP
771,Siward,Bonallack,sbonallackle@drupal.org,Male,$745943.04,1001078644,PP
772,Blisse,Bunker,bbunkerlf@paypal.com,Female,$373173.98,915821415,CC
773,Fair,Hoffman,fhoffmanlg@constantcontact.com,Male,$478614.20,854645390,CC
774,Theresa,Tortoishell,ttortoishelllh@dyndns.org,Female,$202561.61,384196733,IT
775,Kaitlyn,Geall,kgeallli@github.io,Female,$970345.83,185013468,PP
776,Rachael,Battams,rbattamslj@behance.net,Female,$150903.11,349497629,PP
777,Lulu,Gallehawk,lgallehawklk@newsvine.com,Female,$886976.46,142012257,IT
778,Leonanie,Hessel,lhesselll@toplist.cz,Female,$519867.03,797293122,CC
779,Lemmie,Rippin,lrippinlm@exblog.jp,Male,$826236.26,349141212,PP
780,Egon,Aingell,eaingellln@nyu.edu,Male,$551840.93,702847105,CC
781,Johann,McEachern,jmceachernlo@pcworld.com,Male,$989875.51,232267701,IT
782,Eolanda,Hindmoor,ehindmoorlp@goo.ne.jp,Female,$809338.76,408750338,PP
783,Caprice,Szreter,cszreterlq@php.net,Female,$626159.98,378592834,IT
784,Gretchen,Jakubczyk,gjakubczyklr@mapquest.com,Female,$680616.98,857801052,IT
785,Stacia,Bunten,sbuntenls@dell.com,Female,$666099.17,176697120,PP
786,Agnes,O'Donoghue,aodonoghuelt@smugmug.com,Female,$870906.44,447692033,IT
787,Kari,Laker,klakerlu@ox.ac.uk,Female,$817358.11,531270250,PP
788,Boycey,Tansly,btanslylv@ebay.com,Male,$198022.79,774490903,CC
789,Nita,Pershouse,npershouselw@redcross.org,Female,$455853.28,673586377,PP
790,Alys,Skivington,askivingtonlx@shop-pro.jp,Female,$961340.29,992421454,PP
791,Court,Passion,cpassionly@google.pl,Male,$847104.05,152763083,PP
792,Juditha,Milesop,jmilesoplz@soup.io,Female,$644603.80,428516560,PP
793,Kevan,Rigney,krigneym0@bbc.co.uk,Male,$379883.12,808089190,PP
794,Megan,Baukham,mbaukhamm1@typepad.com,Female,$624153.43,1011450655,PP
795,Fidel,Wyett,fwyettm2@pcworld.com,Male,$470561.93,244157320,PP
796,Ferne,Carrigan,fcarriganm3@tiny.cc,Female,$165240.13,577769510,PP
797,Andrew,Mortlock,amortlockm4@paypal.com,Male,$546911.77,383461063,PP
798,Gillian,Ashpole,gashpolem5@google.ca,Female,$139078.42,292937166,PP
799,Page,Bockin,pbockinm6@over-blog.com,Female,$225105.37,18149516,CC
800,Rhetta,Barcroft,rbarcroftm7@wp.com,Female,$296118.25,790550671,IT
801,Walsh,Reams,wreamsm8@cpanel.net,Male,$632884.84,532304645,IT
802,Isabeau,Eskrigg,ieskriggm9@utexas.edu,Female,$548955.68,88270625,CC
803,Tana,Sharpling,tsharplingma@walmart.com,Female,$770419.69,475566715,IT
804,Cyrillus,Ullock,cullockmb@yandex.ru,Male,$935465.63,892416112,CC
805,Isabeau,Headland,iheadlandmc@liveinternet.ru,Female,$549925.10,145899003,IT
806,Janene,Pampling,jpamplingmd@noaa.gov,Female,$526741.31,70017781,IT
807,Anderson,Timberlake,atimberlakeme@mac.com,Male,$891165.93,815651694,PP
808,Marie-ann,Gritton,mgrittonmf@joomla.org,Female,$445924.33,749188769,CC
809,Marthena,Chrispin,mchrispinmg@blogger.com,Female,$329035.13,377562789,PP
810,Ibbie,Mariot,imariotmh@eepurl.com,Female,$960931.99,992010716,CC
811,Currey,Ciobutaro,cciobutaromi@myspace.com,Male,$271696.04,976604761,IT
812,Man,Dobey,mdobeymj@army.mil,Male,$481935.89,431657476,CC
813,Bartolomeo,Simo,bsimomk@alibaba.com,Male,$979807.30,953324985,PP
814,Joan,Dulany,jdulanyml@newyorker.com,Female,$532617.27,57632487,CC
815,Reggis,Matuszynski,rmatuszynskimm@prweb.com,Male,$696544.74,346341579,CC
816,Giacobo,Forsythe,gforsythemn@wunderground.com,Male,$393630.06,53024903,PP
817,Butch,Ditch,bditchmo@meetup.com,Male,$451894.63,215351185,PP
818,Natassia,Ulyet,nulyetmp@phpbb.com,Female,$890763.42,837045737,IT
819,Adelheid,Brandle,abrandlemq@livejournal.com,Female,$900623.32,465166100,IT
820,Vasilis,Geraghty,vgeraghtymr@apple.com,Male,$304052.51,29316179,IT
821,Ali,Lanfranconi,alanfranconims@sina.com.cn,Male,$573892.23,886914918,CC
822,Mia,Philips,mphilipsmt@google.es,Female,$423985.81,320834588,PP
823,Bendick,McGarrie,bmcgarriemu@npr.org,Male,$670329.62,133085349,IT
824,Freddie,Archard,farchardmv@pinterest.com,Male,$456662.10,356733383,CC
825,Brady,Esposito,bespositomw@sun.com,Male,$949834.93,602297718,PP
826,Jessey,Symcock,jsymcockmx@reddit.com,Male,$415060.42,645062347,PP
827,Vikky,Playle,vplaylemy@shareasale.com,Female,$813600.45,415637960,PP
828,Rancell,Broune,rbrounemz@squarespace.com,Male,$840914.86,362709693,IT
829,Carter,Spaducci,cspaduccin0@ox.ac.uk,Male,$114180.82,430198020,PP
830,Christyna,Brisker,cbriskern1@gov.uk,Female,$673928.01,124654009,PP
831,Corrina,Sirman,csirmann2@sciencedaily.com,Female,$380664.56,1032390063,CC
832,Aristotle,Cordrey,acordreyn3@lulu.com,Male,$980819.90,735226958,PP
833,Xavier,Poultney,xpoultneyn4@wisc.edu,Male,$964433.41,67577181,PP
834,Eleen,Joskovitch,ejoskovitchn5@google.co.uk,Female,$319256.53,921076778,PP
835,Peter,Popov,ppopovn6@instagram.com,Male,$596411.65,900867962,PP
836,Kelwin,Perett,kperettn7@china.com.cn,Male,$280542.54,539317764,PP
837,Abagael,Hedman,ahedmann8@youku.com,Female,$903237.20,433084795,CC
838,Mari,Kelledy,mkelledyn9@engadget.com,Female,$918529.78,892675498,CC
839,Onofredo,Newvell,onewvellna@acquirethisname.com,Male,$225357.48,953439686,PP
840,Arnold,Moulton,amoultonnb@studiopress.com,Male,$914548.53,379644104,PP
841,Georg,Benit,gbenitnc@independent.co.uk,Male,$123393.60,190839349,IT
842,Ferrell,Cockshtt,fcockshttnd@xing.com,Male,$407679.86,234625809,CC
843,Job,Janak,jjanakne@twitter.com,Male,$751387.71,391549964,CC
844,Hynda,Hadden,hhaddennf@dagondesign.com,Female,$486125.69,85528047,PP
845,Augy,Bygraves,abygravesng@forbes.com,Male,$531964.91,1004203418,PP
846,Kendal,Wiles,kwilesnh@constantcontact.com,Male,$126057.61,725351540,CC
847,Kienan,Matzel,kmatzelni@usnews.com,Male,$693683.07,911621970,PP
848,Tobi,Whittlesea,twhittleseanj@joomla.org,Female,$210454.05,560118993,CC
849,Warner,Yakebowitch,wyakebowitchnk@foxnews.com,Male,$237608.77,974620639,CC
850,Sherill,Lebond,slebondnl@about.me,Female,$864390.85,979108995,CC
851,El,Audsley,eaudsleynm@japanpost.jp,Male,$570934.39,345570474,IT
852,Kaycee,Kharchinski,kkharchinskinn@yale.edu,Female,$870279.01,945027593,PP
853,Jude,Bewfield,jbewfieldno@elpais.com,Male,$472781.03,360209306,CC
854,Adan,Standring,astandringnp@hatena.ne.jp,Male,$451293.95,484363234,PP
855,Vanni,Lempel,vlempelnq@amazon.de,Female,$594291.12,178196055,CC
856,Sherlocke,Checklin,schecklinnr@nbcnews.com,Male,$531372.89,579708143,PP
857,Guillemette,Weekes,gweekesns@loc.gov,Female,$828127.63,908465671,IT
858,Herculie,Akess,hakessnt@bigcartel.com,Male,$911941.15,595098282,IT
859,Francois,Tomasi,ftomasinu@chronoengine.com,Male,$291115.34,562173542,PP
860,Mike,Iggalden,miggaldennv@nationalgeographic.com,Male,$626979.04,341763713,IT
861,Tim,Kimmins,tkimminsnw@washington.edu,Male,$327516.33,251626252,CC
862,Arline,Filipczak,afilipczaknx@patch.com,Female,$126942.08,814206055,IT
863,Hesther,Stuther,hstutherny@woothemes.com,Female,$944308.21,69713257,IT
864,Laurena,Austin,laustinnz@quantcast.com,Female,$195723.79,443420430,CC
865,Cristabel,Simukov,csimukovo0@bandcamp.com,Female,$903075.70,837073008,CC
866,Borden,Filppetti,bfilppettio1@senate.gov,Male,$837963.94,76664098,PP
867,Ripley,Brankley,rbrankleyo2@harvard.edu,Male,$694933.71,550830220,PP
868,Raffarty,Gribble,rgribbleo3@phpbb.com,Male,$637519.10,732410954,IT
869,Yorgo,Sadry,ysadryo4@google.fr,Male,$478618.13,65524417,CC
870,Travus,Lile,tlileo5@mlb.com,Male,$644553.93,667765419,IT
871,Arnoldo,Guilfoyle,aguilfoyleo6@economist.com,Male,$379368.34,559188620,CC
872,Melvin,Ware,mwareo7@umn.edu,Male,$256073.94,721984154,CC
873,Hayes,Giral,hgiralo8@archive.org,Male,$945625.76,442261881,PP
874,Mateo,Gherardesci,mgherardescio9@hhs.gov,Male,$172307.82,84919871,CC
875,Gabbie,Paulsson,gpaulssonoa@cornell.edu,Female,$452056.17,28602290,PP
876,Nerti,Southworth,nsouthworthob@discovery.com,Female,$234925.01,194716558,CC
877,Barnaby,Mogey,bmogeyoc@angelfire.com,Male,$470793.64,847750355,PP
878,Gaston,Punshon,gpunshonod@skype.com,Male,$294977.41,699273228,IT
879,Philippa,Sowrey,psowreyoe@uol.com.br,Female,$694222.66,70644457,CC
880,Nester,Kirkman,nkirkmanof@slideshare.net,Male,$687353.94,624575328,IT
881,Laurette,O'Spellissey,lospellisseyog@cnbc.com,Female,$712264.69,517068867,PP
882,Lydon,Egar,legaroh@theglobeandmail.com,Male,$420347.01,667085532,PP
883,Gizela,Fost,gfostoi@zimbio.com,Female,$194570.14,126902000,PP
884,Drusy,Croutear,dcroutearoj@webmd.com,Female,$729066.07,1022440700,CC
885,Livvyy,Behling,lbehlingok@ed.gov,Female,$572361.18,594036990,CC
886,Doti,Amis,damisol@sitemeter.com,Female,$879638.42,482562443,PP
887,Sebastian,Jennick,sjennickom@dyndns.org,Male,$948309.75,13220289,CC
888,Dorelle,Deuss,ddeusson@live.com,Female,$490274.81,470842506,PP
889,Loren,Lasham,llashamoo@pcworld.com,Male,$673703.32,754756467,CC
890,Delcina,Simmank,dsimmankop@chronoengine.com,Female,$435926.74,546254391,PP
891,Lyndell,Damp,ldampoq@google.de,Female,$844304.93,419280729,CC
892,Karlik,Panyer,kpanyeror@bluehost.com,Male,$178531.35,698549755,PP
893,Lennie,Huddles,lhuddlesos@ask.com,Male,$801235.09,743794012,CC
894,Anatol,Perkins,aperkinsot@google.nl,Male,$137575.02,429151959,IT
895,Arri,Wipper,awipperou@ow.ly,Male,$982475.31,23887993,IT
896,Carly,Gowry,cgowryov@jugem.jp,Female,$882641.64,470530114,CC
897,Wallie,Antoshin,wantoshinow@oaic.gov.au,Male,$124938.88,9317930,PP
898,Adelice,Mulvin,amulvinox@gizmodo.com,Female,$303668.93,844972299,CC
899,Lonni,Trewhela,ltrewhelaoy@fema.gov,Female,$210442.50,361623419,IT
900,Timoteo,Hannent,thannentoz@imgur.com,Male,$947671.76,336911255,IT
901,Ransell,Proudlock,rproudlockp0@yale.edu,Male,$146437.50,511727308,PP
902,Dian,Hawksley,dhawksleyp1@github.io,Female,$978373.37,13566072,PP
903,Sue,Valentinetti,svalentinettip2@va.gov,Female,$285215.12,777321709,PP
904,Filmore,McCafferky,fmccafferkyp3@mozilla.org,Male,$424351.25,325816181,CC
905,Claiborn,Hutchens,chutchensp4@dell.com,Male,$322578.11,185211916,CC
906,Kanya,Scarsbrick,kscarsbrickp5@ftc.gov,Female,$578176.04,130584327,IT
907,Zak,Formoy,zformoyp6@odnoklassniki.ru,Male,$520341.78,907715593,CC
908,Minnnie,Robens,mrobensp7@mediafire.com,Female,$370512.76,609449845,CC
909,Ninetta,Judge,njudgep8@tamu.edu,Female,$131251.04,489378727,CC
910,Ivette,Broderick,ibroderickp9@harvard.edu,Female,$244972.42,981781523,IT
911,Barnie,Krolak,bkrolakpa@oracle.com,Male,$654232.69,530867931,CC
912,Stirling,Tyzack,styzackpb@jiathis.com,Male,$315706.41,271074316,CC
913,Stanleigh,Over,soverpc@meetup.com,Male,$230667.34,1026464966,CC
914,Robena,McCrostie,rmccrostiepd@slideshare.net,Female,$678125.49,224057267,IT
915,Gerhard,Fazan,gfazanpe@dion.ne.jp,Male,$734317.92,607889331,CC
916,Samara,Gauvin,sgauvinpf@exblog.jp,Female,$884022.32,1033509369,IT
917,Rubin,Fosdike,rfosdikepg@ted.com,Male,$614499.11,431807143,PP
918,Abigale,Courcey,acourceyph@ning.com,Female,$454617.77,206746689,CC
919,Hadrian,Tildesley,htildesleypi@mail.ru,Male,$989942.88,814085448,CC
920,Kimmi,Peracco,kperaccopj@xing.com,Female,$439244.47,845203853,CC
921,Laryssa,Loudian,lloudianpk@mac.com,Female,$576866.63,58348667,PP
922,Tally,Mechic,tmechicpl@yale.edu,Female,$425363.28,507338503,CC
923,Gregoire,Parcells,gparcellspm@acquirethisname.com,Male,$921438.04,247402075,IT
924,Janeczka,Tinston,jtinstonpn@cdbaby.com,Female,$851613.63,198165829,IT
925,Anastasie,Kilmary,akilmarypo@paginegialle.it,Female,$802023.04,487546036,IT
926,Leanor,Gokes,lgokespp@xrea.com,Female,$609942.62,456110814,PP
927,Francklin,Pickford,fpickfordpq@dyndns.org,Male,$903705.23,465326262,IT
928,Benjie,Grishaev,bgrishaevpr@google.co.jp,Male,$562891.79,637082459,IT
929,Jude,Lenden,jlendenps@hhs.gov,Male,$140351.20,988719417,CC
930,Zeb,Curran,zcurranpt@salon.com,Male,$950866.87,184854634,IT
931,Gertie,Davydenko,gdavydenkopu@bing.com,Female,$134371.28,892923056,PP
932,Madonna,Grewar,mgrewarpv@about.com,Female,$269789.58,722266479,IT
933,Farr,Rao,fraopw@geocities.com,Male,$254175.91,719052841,PP
934,Karel,Oppy,koppypx@exblog.jp,Male,$651643.90,313164983,PP
935,Cam,Spearman,cspearmanpy@macromedia.com,Male,$786472.56,984468059,PP
936,Aron,Foch,afochpz@irs.gov,Male,$572463.69,192304716,CC
937,Nana,Tine,ntineq0@bing.com,Female,$896314.13,821545882,IT
938,Urban,Comolli,ucomolliq1@comsenz.com,Male,$156017.54,544600877,CC
939,Gillian,Barsby,gbarsbyq2@who.int,Female,$841481.69,420950084,CC
940,Alena,Barkus,abarkusq3@google.com.br,Female,$966461.00,115493930,IT
941,Millicent,Blanckley,mblanckleyq4@networksolutions.com,Female,$786984.23,991013029,IT
942,Hy,Rivett,hrivettq5@lycos.com,Male,$220044.51,624064977,CC
943,Adolf,Farre,afarreq6@google.cn,Male,$446740.14,58313858,CC
944,Clarance,Stoacley,cstoacleyq7@aol.com,Male,$809483.05,54451585,IT
945,Lothario,Youings,lyouingsq8@msu.edu,Male,$683045.89,425972382,PP
946,Shea,Paddie,spaddieq9@google.com,Female,$420777.08,785169204,IT
947,Zerk,Swyndley,zswyndleyqa@dropbox.com,Male,$128976.64,696131884,IT
948,Silvie,Pantry,spantryqb@oaic.gov.au,Female,$764652.86,74565651,IT
949,Lemar,Diamond,ldiamondqc@bigcartel.com,Male,$260609.24,391661802,CC
950,Skyler,Hubert,shubertqd@irs.gov,Male,$633836.41,416178409,IT
951,Drucie,Peres,dperesqe@shutterfly.com,Female,$632254.02,1038967426,CC
952,Zora,Counter,zcounterqf@time.com,Female,$806157.71,1029060677,IT
953,Laureen,Caddens,lcaddensqg@omniture.com,Female,$588118.26,706864202,CC
954,Guss,Tinghill,gtinghillqh@twitter.com,Male,$707773.32,881369167,IT
955,Yovonnda,McQuirk,ymcquirkqi@slideshare.net,Female,$416326.11,614910296,PP
956,Lincoln,Stearne,lstearneqj@usda.gov,Male,$637749.52,435759615,IT
957,Ashbey,Basso,abassoqk@vistaprint.com,Male,$699577.49,348480295,CC
958,Garry,Drieu,gdrieuql@behance.net,Male,$796107.74,824309761,CC
959,Georgetta,Rosensaft,grosensaftqm@theglobeandmail.com,Female,$292204.34,229885113,PP
960,Ephrem,Worgen,eworgenqn@friendfeed.com,Male,$714800.02,161089157,IT
961,Krishnah,Elmore,kelmoreqo@drupal.org,Male,$254028.88,180504666,PP
962,Heath,Mattiassi,hmattiassiqp@posterous.com,Female,$973635.57,680286577,IT
963,Loise,Gosswell,lgosswellqq@vkontakte.ru,Female,$626279.04,447202111,IT
964,Ebony,MacAlpine,emacalpineqr@simplemachines.org,Female,$679357.80,557721271,PP
965,Gayle,Gilliat,ggilliatqs@goo.gl,Male,$261924.19,521001961,IT
966,Collete,Krolik,ckrolikqt@printfriendly.com,Female,$968328.66,279842386,PP
967,Leontyne,Trundell,ltrundellqu@odnoklassniki.ru,Female,$234583.73,30895148,CC
968,Valaree,Kisbee,vkisbeeqv@chron.com,Female,$688019.17,696458768,CC
969,Balduin,Blanche,bblancheqw@ox.ac.uk,Male,$183244.84,687511705,IT
970,Theo,Castellone,tcastelloneqx@whitehouse.gov,Male,$199681.37,729414116,IT
971,Nathan,Wishart,nwishartqy@sitemeter.com,Male,$556483.65,300474843,CC
972,Shea,Brookz,sbrookzqz@ezinearticles.com,Male,$816254.34,362687290,IT
973,Webster,Sivier,wsivierr0@sbwire.com,Male,$291948.08,721276168,CC
974,Isac,Gant,igantr1@google.nl,Male,$352829.56,268372329,CC
975,Hayes,Cabral,hcabralr2@e-recht24.de,Male,$473309.06,929826741,PP
976,Mano,Coombs,mcoombsr3@istockphoto.com,Male,$624472.96,682128910,CC
977,Sunshine,Cromleholme,scromleholmer4@slideshare.net,Female,$744056.34,274380141,CC
978,Seamus,Littlekit,slittlekitr5@studiopress.com,Male,$295284.74,139781030,PP
979,Missy,Stickel,mstickelr6@de.vu,Female,$998263.06,746579235,PP
980,Desiree,Necolds,dnecoldsr7@diigo.com,Female,$413814.59,472446186,PP
981,Amata,Doles,adolesr8@alexa.com,Female,$339871.73,649702763,CC
982,Marie-ann,Jozwicki,mjozwickir9@netlog.com,Female,$577614.20,142816973,PP
983,Rolando,Roubert,rroubertra@about.com,Male,$717988.62,777900159,CC
984,Desirae,M'Quhan,dmquhanrb@facebook.com,Female,$247351.78,841073221,IT
985,Christos,Drummond,cdrummondrc@dyndns.org,Male,$885604.58,991728587,PP
986,Shaylyn,Tenman,stenmanrd@nsw.gov.au,Female,$964099.46,1039505531,IT
987,Arthur,Ponting,apontingre@ucsd.edu,Male,$180956.69,351886827,IT
988,Nerita,Hoggan,nhogganrf@quantcast.com,Female,$281502.43,363557026,CC
989,Birk,Bunney,bbunneyrg@goodreads.com,Male,$740647.30,373879908,IT
990,Van,Wilprecht,vwilprechtrh@e-recht24.de,Male,$336267.07,342068518,IT
991,Cristiano,Tenant,ctenantri@dell.com,Male,$819359.52,480728871,IT
992,Rowland,O' Gara,rogararj@unesco.org,Male,$308322.97,730552094,IT
993,Hamid,Dickey,hdickeyrk@nature.com,Male,$854950.20,711998820,CC
994,Antonio,Hattrick,ahattrickrl@sogou.com,Male,$401153.78,79480973,IT
995,Gretchen,Coatman,gcoatmanrm@epa.gov,Female,$495112.16,988951617,CC
996,Norean,Vasilevich,nvasilevichrn@cbslocal.com,Female,$547621.30,694378908,IT
997,Cahra,Bedford,cbedfordro@biglobe.ne.jp,Female,$582798.74,600237872,PP
998,Auria,Tabrett,atabrettrp@indiatimes.com,Female,$530287.18,1016144915,PP
999,Sarita,Bendson,sbendsonrq@usda.gov,Female,$737889.66,349655634,PP
1000,Wolf,Topley,wtopleyrr@yellowpages.com,Male,$302936.19,273415401,IT
