id,nombre,apellido,email,genero,valor_tx,numero_identificacion,tipo_identificacion
1,Sammie,Islep,sislep0@arstechnica.com,Male,$519120.76,445942505,PP
2,Jethro,Hillock,jhillock1@adobe.com,Male,$945642.74,323596398,IT
3,Willdon,Colaton,wcolaton2@rambler.ru,Male,$667924.03,949352261,CC
4,Axe,Florey,aflorey3@state.tx.us,Male,$552174.73,999633225,IT
5,Boycie,Rielly,brielly4@cbc.ca,Male,$200475.52,930156673,IT
6,Mitchael,Orbine,morbine5@dmoz.org,Male,$145137.59,931417277,CC
7,Dag,Sumner,dsumner6@dagondesign.com,Male,$279716.95,599907049,PP
8,Stirling,Domaschke,sdomaschke7@wp.com,Male,$190422.75,169203866,IT
9,Barbara-anne,Brosenius,bbrosenius8@netscape.com,Female,$294363.37,461191176,PP
10,Gayla,Keggin,gkeggin9@example.com,Female,$943536.51,535187981,IT
11,Ely,Krishtopaittis,ekrishtopaittisa@yahoo.co.jp,Male,$457287.26,747100639,PP
12,Ad,Lappine,alappineb@ft.com,Male,$526276.18,754556803,CC
13,Delmar,Edmands,dedmandsc@patch.com,Male,$795413.15,376577198,CC
14,Viole,Kellett,vkellettd@ow.ly,Female,$420079.50,553084565,PP
15,Liliane,Benardeau,lbenardeaue@linkedin.com,Female,$884195.34,14393219,IT
16,Charin,Roglieri,croglierif@google.es,Female,$224863.01,375333903,IT
17,Camille,Barge,cbargeg@unblog.fr,Female,$519817.43,768176301,PP
18,Udell,Babington,ubabingtonh@telegraph.co.uk,Male,$114124.32,569173372,CC
19,Lenci,McMillan,lmcmillani@biglobe.ne.jp,Male,$710463.61,49004915,IT
20,Paxon,O'Toole,potoolej@google.com.au,Male,$717904.10,980319298,CC
21,Richardo,Braisher,rbraisherk@tinyurl.com,Male,$133322.47,432047907,CC
22,Cherianne,Birkinshaw,cbirkinshawl@ft.com,Female,$524465.81,160284662,IT
23,Karol,Borrows,kborrowsm@github.io,Female,$132575.50,621075028,CC
24,Claudia,Vinten,cvintenn@omniture.com,Female,$219727.61,843316861,PP
25,Phineas,Barcke,pbarckeo@umich.edu,Male,$247540.98,891069340,CC
26,Van,Janway,vjanwayp@fotki.com,Male,$539896.51,170941081,CC
27,Eloisa,Grieveson,egrievesonq@51.la,Female,$836918.30,11494931,IT
28,Kippy,Emmert,kemmertr@usnews.com,Male,$889053.20,583200441,IT
29,Helenka,McCritichie,hmccritichies@gov.uk,Female,$901476.08,478917257,IT
30,Christin,Dinan,cdinant@zimbio.com,Female,$187928.24,314391047,IT
31,Allys,Kynan,akynanu@over-blog.com,Female,$250810.85,554622682,IT
32,Pete,Martschke,pmartschkev@dmoz.org,Male,$118502.38,194734892,CC
33,Marty,Diviny,mdivinyw@rambler.ru,Male,$138928.02,804523327,CC
34,Radcliffe,Norbury,rnorburyx@army.mil,Male,$419598.64,308884615,CC
35,Eldredge,Bernardin,ebernardiny@wunderground.com,Male,$991303.79,309828692,IT
36,Tonya,Yarwood,tyarwoodz@typepad.com,Female,$787758.57,752368639,IT
37,Idalia,Wiggington,iwiggington10@ning.com,Female,$923144.41,942928374,PP
38,Travers,McGinnis,tmcginnis11@huffingtonpost.com,Male,$511704.15,1044080153,CC
39,Lurette,Hexam,lhexam12@nature.com,Female,$555128.44,176838659,IT
40,Dunn,Ottiwill,dottiwill13@cisco.com,Male,$619430.99,273334762,IT
41,Meir,Simoneau,msimoneau14@google.ca,Male,$272426.87,590605948,CC
42,Craig,Matsell,cmatsell15@imgur.com,Male,$392302.97,898095074,CC
43,Fania,O'Scannill,foscannill16@biglobe.ne.jp,Female,$575920.44,70454991,CC
44,Karna,Walczak,kwalczak17@baidu.com,Female,$860278.68,174452755,IT
45,Lannie,Cruxton,lcruxton18@artisteer.com,Male,$333786.18,877669113,IT
46,Che,Borton,cborton19@bbc.co.uk,Male,$611770.93,478937049,PP
47,Fae,Ablott,fablott1a@pagesperso-orange.fr,Female,$686490.13,47163891,IT
48,Olag,Eschelle,oeschelle1b@homestead.com,Male,$174676.48,436405355,PP
49,Haleigh,Aggas,haggas1c@narod.ru,Female,$415069.79,558022732,IT
50,Curt,Leftbridge,cleftbridge1d@sohu.com,Male,$164251.19,561654944,IT
51,Cosimo,Mertel,cmertel1e@cloudflare.com,Male,$862772.50,43691754,PP
52,Jules,Littlekit,jlittlekit1f@amazon.com,Male,$369148.96,549139365,CC
53,Torin,Colnett,tcolnett1g@paginegialle.it,Male,$805608.23,122203071,CC
54,Amie,Tankus,atankus1h@macromedia.com,Female,$203777.42,725950262,IT
55,Phillis,Puttock,pputtock1i@huffingtonpost.com,Female,$356839.48,530175084,IT
56,Hana,Campes,hcampes1j@mediafire.com,Female,$629539.26,1023650937,CC
57,Cyndia,Bertlin,cbertlin1k@si.edu,Female,$616783.87,332466503,CC
58,Tracy,Dysert,tdysert1l@webeden.co.uk,Female,$502193.31,429988310,IT
59,Guillema,Schimaschke,gschimaschke1m@tumblr.com,Female,$346580.44,787873736,IT
60,Philip,Tunno,ptunno1n@npr.org,Male,$903728.35,695656662,IT
61,Ariela,Vedekhov,avedekhov1o@ihg.com,Female,$304190.37,957290300,CC
62,Celestia,Pettingill,cpettingill1p@spotify.com,Female,$533577.23,853600981,CC
63,Lynett,Prangley,lprangley1q@is.gd,Female,$932953.42,747534300,CC
64,Micky,Wolfart,mwolfart1r@vistaprint.com,Male,$860350.24,192214016,CC
65,Bentley,Tresler,btresler1s@foxnews.com,Male,$891735.34,973395837,CC
66,Ellsworth,Jarman,ejarman1t@ehow.com,Male,$587643.65,833685192,IT
67,Muriel,Fransson,mfransson1u@samsung.com,Female,$424313.28,454091775,IT
68,Tabby,Mcall,tmcall1v@mayoclinic.com,Female,$330313.03,956690139,IT
69,Donna,Beautyman,dbeautyman1w@reference.com,Female,$319054.53,84781631,IT
70,Joey,Teanby,jteanby1x@sitemeter.com,Female,$154668.66,505493747,PP
71,Loretta,Martinec,lmartinec1y@ed.gov,Female,$370782.12,609908366,PP
72,Gabby,Nashe,gnashe1z@nbcnews.com,Male,$926905.54,661032084,IT
73,Emilee,Diviney,ediviney20@liveinternet.ru,Female,$329411.29,1019039741,PP
74,Kearney,Petrenko,kpetrenko21@seattletimes.com,Male,$507886.84,747343170,PP
75,Norbie,Lewton,nlewton22@engadget.com,Male,$299272.66,481995394,PP
76,Zebulen,Keene,zkeene23@fastcompany.com,Male,$957339.73,769839777,IT
77,Linzy,Clutten,lclutten24@istockphoto.com,Female,$167791.03,364526110,PP
78,Flo,Rowbury,frowbury25@sitemeter.com,Female,$179756.25,591240409,IT
79,Franklin,Taylder,ftaylder26@vistaprint.com,Male,$973340.89,200208364,PP
80,Sterne,Rodbourne,srodbourne27@edublogs.org,Male,$853874.01,786689194,PP
81,Burnaby,Overnell,bovernell28@sphinn.com,Male,$480843.48,248072917,PP
82,Thorndike,Sidebotton,tsidebotton29@chronoengine.com,Male,$556466.79,181553209,PP
83,Dale,Gheeorghie,dgheeorghie2a@economist.com,Male,$717501.45,826679968,CC
84,Desiri,Sellack,dsellack2b@flickr.com,Female,$859665.02,758692339,IT
85,Rockwell,Giovannazzi,rgiovannazzi2c@networksolutions.com,Male,$709003.86,25710525,CC
86,Dita,Gateley,dgateley2d@cbslocal.com,Female,$115548.18,202078198,IT
87,Cobbie,Poxson,cpoxson2e@oracle.com,Male,$139376.34,1018307221,IT
88,Laughton,Mardoll,lmardoll2f@nba.com,Male,$758484.12,568739847,IT
89,Dewain,Marran,dmarran2g@smugmug.com,Male,$445698.16,1029923078,PP
90,Josi,Lenden,jlenden2h@imdb.com,Female,$328946.17,204862768,CC
91,Asia,Bradder,abradder2i@arizona.edu,Female,$510578.86,903060081,CC
92,Norina,Terrelly,nterrelly2j@qq.com,Female,$170927.84,989964779,PP
93,Haskel,Colegrove,hcolegrove2k@washington.edu,Male,$236154.55,409196881,IT
94,Austin,Chatband,achatband2l@nytimes.com,Female,$833283.74,10731242,IT
95,Tabina,Rapa,trapa2m@upenn.edu,Female,$601544.75,905496749,IT
96,Constanta,Boswell,cboswell2n@engadget.com,Female,$593079.09,794995737,IT
97,Bordie,Potzold,bpotzold2o@elpais.com,Male,$844620.74,385066200,CC
98,Gawain,Pietasch,gpietasch2p@telegraph.co.uk,Male,$129927.35,149327228,PP
99,Phoebe,Romeo,promeo2q@github.io,Female,$826269.93,858613755,CC
100,Quintus,Curzon,qcurzon2r@fda.gov,Male,$288645.07,630321647,CC
101,Arlette,Byne,abyne2s@epa.gov,Female,$309660.80,595038001,PP
102,Vernen,Tweddle,vtweddle2t@paginegialle.it,Male,$256139.17,386233501,PP
103,Karlee,Castel,kcastel2u@usgs.gov,Female,$387243.58,191719595,IT
104,Catie,Dakin,cdakin2v@cbsnews.com,Female,$388835.25,788216522,CC
105,Winfield,Ellerby,wellerby2w@cnbc.com,Male,$618417.81,455237542,IT
106,Bethany,McCaughen,bmccaughen2x@digg.com,Female,$347952.30,1014842111,CC
107,Barbi,Maultby,bmaultby2y@zimbio.com,Female,$966839.43,972738090,PP
108,Thorin,Rimbault,trimbault2z@dion.ne.jp,Male,$409613.52,342782725,CC
109,Erskine,Hassent,ehassent30@java.com,Male,$213894.66,194583072,PP
110,Latrena,Bruntjen,lbruntjen31@cargocollective.com,Female,$325001.18,251582536,PP
111,Rosemaria,Odlin,rodlin32@mac.com,Female,$902780.48,108446634,IT
112,Ilysa,Readhead,ireadhead33@webnode.com,Female,$753530.43,107610303,PP
113,Henri,Cobbold,hcobbold34@bloglines.com,Male,$992633.56,103558132,PP
114,Faydra,Albrighton,falbrighton35@geocities.jp,Female,$847857.35,908395159,IT
115,Leroy,Saxon,lsaxon36@stumbleupon.com,Male,$106821.31,7687161,IT
116,Tulley,Cotterell,tcotterell37@about.com,Male,$524933.46,342550146,CC
117,Sioux,Pesak,spesak38@dmoz.org,Female,$654216.41,623839895,CC
118,Robb,Cardnell,rcardnell39@google.de,Male,$223575.80,402784855,CC
119,Caresa,McNeachtain,cmcneachtain3a@ucoz.ru,Female,$136915.35,122517327,CC
120,Barris,Fillery,bfillery3b@google.com,Male,$652530.31,195094767,CC
121,Cristal,Gosswell,cgosswell3c@google.it,Female,$310768.00,326237748,PP
122,Yoshiko,Larenson,ylarenson3d@shutterfly.com,Female,$621119.61,981674696,PP
123,Allx,Nelligan,anelligan3e@w3.org,Female,$708992.76,831422837,PP
124,Blinnie,Curson,bcurson3f@pbs.org,Female,$608582.52,159033993,IT
125,Ailbert,McIlmurray,amcilmurray3g@wiley.com,Male,$335850.90,186860123,IT
126,Immanuel,Risbrough,irisbrough3h@parallels.com,Male,$353203.61,78205060,IT
127,Minerva,Giblett,mgiblett3i@nhs.uk,Female,$148706.21,865539043,IT
128,Tyrus,Muffin,tmuffin3j@meetup.com,Male,$470526.27,942606333,CC
129,Alva,Gockelen,agockelen3k@lycos.com,Male,$112038.44,21508474,CC
130,Kerry,McCullock,kmccullock3l@plala.or.jp,Female,$264458.21,61365530,IT
131,Silvana,Stilwell,sstilwell3m@tiny.cc,Female,$841564.82,424111375,PP
132,Cordy,Leemans,cleemans3n@issuu.com,Male,$944449.86,1003567724,PP
133,Marja,Soldi,msoldi3o@independent.co.uk,Female,$218792.94,94293899,CC
134,Cooper,Hanalan,chanalan3p@nymag.com,Male,$183799.79,266685838,CC
135,Cicily,Cuskery,ccuskery3q@archive.org,Female,$550593.39,126812236,CC
136,Claiborn,Gherarducci,cgherarducci3r@yale.edu,Male,$131257.88,280127555,IT
137,Abbey,Pigford,apigford3s@hibu.com,Male,$583984.90,635475754,PP
138,Kaspar,Scriven,kscriven3t@123-reg.co.uk,Male,$490339.90,555897454,PP
139,Orlan,Dmitrovic,odmitrovic3u@nps.gov,Male,$202228.70,720695902,CC
140,Aimil,Tschirasche,atschirasche3v@washingtonpost.com,Female,$243076.00,525465310,IT
141,Abbot,Haruard,aharuard3w@google.ru,Male,$624958.93,600840865,IT
142,Teodoor,Iiannone,tiiannone3x@people.com.cn,Male,$319795.06,430996689,IT
143,Cheslie,Bottle,cbottle3y@soup.io,Female,$658733.85,126223728,IT
144,Gabriell,Reeds,greeds3z@abc.net.au,Female,$163754.98,193658579,PP
145,Andrew,Adamik,aadamik40@ft.com,Male,$203031.65,441175393,CC
146,Torrence,Gibbetts,tgibbetts41@bbc.co.uk,Male,$726114.92,66931460,IT
147,Millard,Dormand,mdormand42@mayoclinic.com,Male,$575913.79,707674841,CC
148,Anthia,Hexam,ahexam43@amazon.com,Female,$706006.76,548016337,PP
149,Michelina,Towl,mtowl44@goo.gl,Female,$405298.03,288936035,IT
150,Ram,Pammenter,rpammenter45@usa.gov,Male,$558301.38,873234707,PP
151,Stinky,Latek,slatek46@quantcast.com,Male,$154369.60,350282021,CC
152,Buck,McConaghy,bmcconaghy47@toplist.cz,Male,$236507.70,1022264378,CC
153,Emmey,Yitshak,eyitshak48@yale.edu,Female,$429028.94,897635695,PP
154,Garland,Garbott,ggarbott49@ucoz.com,Female,$621161.12,943536623,CC
155,Abrahan,Plewright,aplewright4a@businesswire.com,Male,$517644.83,346004899,PP
156,Vaughn,Fraschetti,vfraschetti4b@qq.com,Male,$245955.28,406594586,PP
157,Genevra,Hoyle,ghoyle4c@tumblr.com,Female,$591448.06,835211025,CC
158,Horton,Brownhill,hbrownhill4d@eventbrite.com,Male,$648543.05,960147444,CC
159,Park,Lacroutz,placroutz4e@thetimes.co.uk,Male,$734202.77,443845088,IT
160,Shelden,Kingswood,skingswood4f@t-online.de,Male,$417237.45,250744949,IT
161,Goran,Stollenhof,gstollenhof4g@cargocollective.com,Male,$841452.63,45625404,CC
162,Shena,Belfrage,sbelfrage4h@over-blog.com,Female,$869726.61,765585123,CC
163,Flossi,Pristnor,fpristnor4i@earthlink.net,Female,$217885.00,604026043,PP
164,Teodorico,Henstridge,thenstridge4j@lycos.com,Male,$849134.32,684433516,IT
165,Hyacinthie,Schubart,hschubart4k@behance.net,Female,$582789.22,1038566924,CC
166,Tam,Topliss,ttopliss4l@abc.net.au,Male,$908798.87,750898954,PP
167,Dayle,Laurie,dlaurie4m@intel.com,Female,$540523.06,539463672,IT
168,Alastair,Cunnell,acunnell4n@sun.com,Male,$676205.86,7632927,CC
169,Debor,Blewitt,dblewitt4o@wufoo.com,Female,$257993.45,314226736,IT
170,Elfreda,Ivoshin,eivoshin4p@ihg.com,Female,$547479.00,587006104,IT
171,Car,Race,crace4q@reference.com,Male,$849445.28,243554146,PP
172,Edna,Nulty,enulty4r@vistaprint.com,Female,$590939.96,725921431,PP
173,Lynnea,Widmore,lwidmore4s@hatena.ne.jp,Female,$584603.33,1022176530,CC
174,Wes,Featherstone,wfeatherstone4t@dagondesign.com,Male,$964324.38,850356123,PP
175,Gerek,Gilburt,ggilburt4u@geocities.com,Male,$650940.99,171505437,PP
176,Jena,Allabarton,jallabarton4v@guardian.co.uk,Female,$309185.54,197457024,CC
177,Stacee,Boyford,sboyford4w@statcounter.com,Male,$459431.37,347866891,PP
178,Sanders,Presshaugh,spresshaugh4x@ft.com,Male,$211627.73,773428564,IT
179,Miriam,De Hooch,mdehooch4y@blogspot.com,Female,$335421.43,199514607,CC
180,Homerus,Masic,hmasic4z@tripod.com,Male,$495761.33,662801499,PP
181,Christiana,Breckell,cbreckell50@artisteer.com,Female,$814549.59,136197085,IT
182,Brigg,Biagini,bbiagini51@netlog.com,Male,$810192.32,698673958,IT
183,Reinhold,Keepin,rkeepin52@creativecommons.org,Male,$446580.77,839281864,CC
184,Aubert,Bartleman,abartleman53@zimbio.com,Male,$186983.04,669669365,CC
185,Erwin,Coghill,ecoghill54@usda.gov,Male,$279297.46,878789428,PP
186,Billie,Freckleton,bfreckleton55@craigslist.org,Male,$197862.26,255477613,IT
187,Kathleen,Ray,kray56@census.gov,Female,$213583.72,316400666,CC
188,Melonie,Bramhill,mbramhill57@telegraph.co.uk,Female,$190015.18,552679433,IT
189,Rochette,Ivanenkov,rivanenkov58@histats.com,Female,$780535.73,1018722731,IT
190,Corey,Matteotti,cmatteotti59@chron.com,Male,$658380.98,685679547,PP
191,Cherye,Freeland,cfreeland5a@hugedomains.com,Female,$473068.16,85797153,CC
192,Harv,Cornewall,hcornewall5b@uiuc.edu,Male,$216801.35,902312695,CC
193,Wayne,Edelheid,wedelheid5c@cyberchimps.com,Male,$545996.42,346932425,PP
194,Myriam,Ramelet,mramelet5d@indiatimes.com,Female,$328149.01,911937470,CC
195,Rockwell,Schroter,rschroter5e@japanpost.jp,Male,$969794.10,1049235431,IT
196,Moyra,Earpe,mearpe5f@seesaa.net,Female,$450288.03,56446201,CC
197,Reggis,Vasyagin,rvasyagin5g@angelfire.com,Male,$339212.20,534523810,CC
198,Kirby,Coard,kcoard5h@wikia.com,Female,$753078.63,100156719,PP
199,Foster,Clougher,fclougher5i@paginegialle.it,Male,$175204.35,893917710,CC
200,Cami,Pantlin,cpantlin5j@wsj.com,Female,$975863.72,571178096,IT
201,Weidar,Wheway,wwheway5k@etsy.com,Male,$735327.94,60089912,CC
202,Osmond,Spick,ospick5l@answers.com,Male,$652148.31,734207454,PP
203,Adiana,De Mattia,ademattia5m@stanford.edu,Female,$579173.04,245549147,PP
204,Ann-marie,Thews,athews5n@vistaprint.com,Female,$635636.92,690142342,PP
205,Renard,Dykas,rdykas5o@usgs.gov,Male,$689364.98,56872319,PP
206,Tiffany,Eckly,teckly5p@tinypic.com,Female,$747399.14,881642189,PP
207,Ringo,Jewkes,rjewkes5q@chicagotribune.com,Male,$864473.51,503226838,PP
208,Cherin,Bircher,cbircher5r@ning.com,Female,$262486.83,634725375,CC
209,Shari,Duinkerk,sduinkerk5s@diigo.com,Female,$635186.17,19547000,IT
210,Jolie,Tilio,jtilio5t@uol.com.br,Female,$344011.71,763339032,PP
211,Tull,Oxtarby,toxtarby5u@trellian.com,Male,$146030.31,505526469,IT
212,Ludovika,Pandya,lpandya5v@unicef.org,Female,$811174.52,802302949,PP
213,Sasha,Comfort,scomfort5w@is.gd,Female,$810209.01,595687094,PP
214,Mose,Balint,mbalint5x@cafepress.com,Male,$398158.95,836928073,CC
215,Winnie,Abele,wabele5y@pcworld.com,Male,$265199.89,287805327,CC
216,Tammi,Conry,tconry5z@disqus.com,Female,$394401.74,595034941,IT
217,Torey,Dominiak,tdominiak60@indiegogo.com,Male,$273937.94,84371147,CC
218,Alexia,Argo,aargo61@chicagotribune.com,Female,$575786.60,502268903,CC
219,Glenda,Espley,gespley62@independent.co.uk,Female,$694304.55,338209163,CC
220,Royce,Adnett,radnett63@timesonline.co.uk,Male,$871872.46,123568779,PP
221,Sullivan,Rosedale,srosedale64@thetimes.co.uk,Male,$425822.88,932783438,PP
222,Aguistin,Commuzzo,acommuzzo65@mail.ru,Male,$335305.20,261355613,PP
223,Clayborne,Hulatt,chulatt66@yolasite.com,Male,$930926.39,208407759,CC
224,Caldwell,Mably,cmably67@trellian.com,Male,$242816.66,76287910,CC
225,Claudette,Rathbourne,crathbourne68@tmall.com,Female,$232711.92,326051126,IT
226,Vasili,Shepley,vshepley69@dailymail.co.uk,Male,$521057.51,1028295110,CC
227,Debor,Skermer,dskermer6a@hubpages.com,Female,$208282.98,957976009,IT
228,Loraine,Fricke,lfricke6b@phpbb.com,Female,$309957.76,681098477,IT
229,Sheelagh,Tabram,stabram6c@hubpages.com,Female,$998631.62,712737532,CC
230,Lelah,Purchon,lpurchon6d@csmonitor.com,Female,$295740.91,273214778,CC
231,Staci,Darch,sdarch6e@amazon.de,Female,$334566.89,766953186,IT
232,Leena,Paszak,lpaszak6f@cloudflare.com,Female,$729784.05,832435599,IT
233,Vernon,Cottle,vcottle6g@mac.com,Male,$956444.44,222431345,IT
234,Powell,Hurkett,phurkett6h@ibm.com,Male,$414869.78,146016345,CC
235,Abby,Tamblyn,atamblyn6i@imdb.com,Male,$927517.75,934196655,IT
236,Tammie,Cray,tcray6j@bloglovin.com,Male,$933975.22,231265513,IT
237,Cindi,Rucklesse,crucklesse6k@usnews.com,Female,$259533.55,11386773,PP
238,Hughie,Bargh,hbargh6l@free.fr,Male,$373533.52,204742306,CC
239,Kiri,Campling,kcampling6m@wp.com,Female,$341999.41,953585318,CC
240,Alicea,Geerits,ageerits6n@youtube.com,Female,$915294.64,521576790,PP
241,Putnam,Vasnetsov,pvasnetsov6o@wufoo.com,Male,$637595.80,686569444,CC
242,Shanna,Fewell,sfewell6p@free.fr,Female,$269338.01,497106479,CC
243,Dode,Ferschke,dferschke6q@nature.com,Female,$160895.53,966704145,CC
244,Duke,Kinvig,dkinvig6r@techcrunch.com,Male,$427437.94,773476628,CC
245,Inez,Maulin,imaulin6s@google.nl,Female,$443757.56,13544865,IT
246,Tedi,Girk,tgirk6t@wunderground.com,Female,$416695.84,1005083894,IT
247,Milena,Forrestor,mforrestor6u@phpbb.com,Female,$445268.38,912527950,PP
248,Berton,Melonby,bmelonby6v@hc360.com,Male,$767834.23,1039142445,CC
249,Trixy,Le Conte,tleconte6w@people.com.cn,Female,$788828.73,649526148,CC
250,Ker,Pressdee,kpressdee6x@instagram.com,Male,$718375.91,562426809,CC
251,Edik,Sarre,esarre6y@europa.eu,Male,$688589.39,750950891,CC
252,Ludvig,Vonderdell,lvonderdell6z@phpbb.com,Male,$351654.63,591442307,CC
253,Stanly,Ogle,sogle70@apache.org,Male,$368707.83,775685467,PP
254,Brody,Kornousek,bkornousek71@themeforest.net,Male,$140506.16,149867781,CC
255,Theodoric,Tod,ttod72@bandcamp.com,Male,$716588.57,42361550,CC
256,Ikey,Itchingham,iitchingham73@example.com,Male,$902079.18,516638454,IT
257,Sherye,O'Dwyer,sodwyer74@who.int,Female,$192532.65,914340584,CC
258,Coletta,Tooze,ctooze75@springer.com,Female,$828901.92,967217644,PP
259,Christy,Connaughton,cconnaughton76@twitter.com,Female,$938433.42,1035390435,CC
260,Charlton,Ibbison,cibbison77@apache.org,Male,$876680.12,411217904,PP
261,Eleanor,Corder,ecorder78@meetup.com,Female,$851193.76,878166357,PP
262,Roseanne,Stannis,rstannis79@shareasale.com,Female,$402385.94,278732831,CC
263,Stephen,Michael,smichael7a@pinterest.com,Male,$115237.75,577595195,IT
264,Doralynn,Bedson,dbedson7b@va.gov,Female,$766348.39,756424606,CC
265,Clerissa,Bellay,cbellay7c@slideshare.net,Female,$694643.31,216314176,IT
266,Kile,Shackel,kshackel7d@blogspot.com,Male,$201927.24,506802206,IT
267,Lanette,Sirmond,lsirmond7e@bloomberg.com,Female,$512013.91,933464537,IT
268,Corrie,Tuckwood,ctuckwood7f@arizona.edu,Male,$322403.76,751731843,CC
269,Siward,Jeannel,sjeannel7g@icq.com,Male,$445498.57,862992229,CC
270,Melania,Hedditch,mhedditch7h@ning.com,Female,$788531.04,753823563,PP
271,Marice,Pinsent,mpinsent7i@narod.ru,Female,$237484.83,221006147,CC
272,Arch,Easum,aeasum7j@soundcloud.com,Male,$214236.02,717539702,CC
273,Roosevelt,Plet,rplet7k@nbcnews.com,Male,$899862.61,611179898,IT
274,Frieda,Burkill,fburkill7l@meetup.com,Female,$655400.87,283156038,IT
275,Aurelia,Strauss,astrauss7m@businesswire.com,Female,$789031.23,780206183,IT
276,Blaire,Acres,bacres7n@statcounter.com,Female,$919296.52,726949028,CC
277,Barnabe,Laughlan,blaughlan7o@cpanel.net,Male,$662788.08,1049498905,IT
278,Ericha,Fetterplace,efetterplace7p@usnews.com,Female,$722484.78,188776781,IT
279,Melanie,Hardiker,mhardiker7q@utexas.edu,Female,$695399.16,386251311,IT
280,Domingo,Pomphrey,dpomphrey7r@yandex.ru,Male,$378504.77,951049271,CC
281,Pauletta,Garnar,pgarnar7s@163.com,Female,$301139.25,257580501,PP
282,Katy,Longlands,klonglands7t@ow.ly,Female,$861416.20,373003605,PP
283,Darci,Levinge,dlevinge7u@behance.net,Female,$849045.09,407223481,PP
284,Ronnie,Gerardin,rgerardin7v@eepurl.com,Male,$992786.41,1016862728,IT
285,Eleonora,Iapico,eiapico7w@pagesperso-orange.fr,Female,$205997.04,898293547,CC
286,Rheta,Sherman,rsherman7x@skyrock.com,Female,$734712.66,679562783,CC
287,Towny,Ferroni,tferroni7y@issuu.com,Male,$512130.79,646664786,CC
288,Alisander,MacGillavery,amacgillavery7z@360.cn,Male,$716499.43,392212858,IT
289,Gualterio,Constantine,gconstantine80@qq.com,Male,$417147.64,98706902,CC
290,Leila,Hovee,lhovee81@example.com,Female,$218465.76,269561758,PP
291,Crysta,Buckhurst,cbuckhurst82@digg.com,Female,$236976.93,44086051,CC
292,Kellsie,Eldrid,keldrid83@thetimes.co.uk,Female,$241714.19,690519853,PP
293,Heidi,Nickoll,hnickoll84@w3.org,Female,$414840.85,1010560468,CC
294,Melisent,Kermott,mkermott85@oaic.gov.au,Female,$648997.79,304598518,CC
295,Cicely,Kirwood,ckirwood86@ycombinator.com,Female,$389731.08,956259370,CC
296,Cash,O'Hear,cohear87@weibo.com,Male,$215385.48,295745146,IT
297,Laurella,Bertin,lbertin88@bandcamp.com,Female,$355546.15,525210970,PP
298,Anselm,Essel,aessel89@live.com,Male,$535324.66,756002669,IT
299,Abdul,Jarnell,ajarnell8a@purevolume.com,Male,$785961.80,897315473,CC
300,Gonzalo,MacCaig,gmaccaig8b@sogou.com,Male,$500364.71,665264140,PP
301,Onfre,Callow,ocallow8c@umn.edu,Male,$567968.32,64162736,IT
302,Kelbee,Unger,kunger8d@umich.edu,Male,$890428.16,973603568,CC
303,Gaylord,Cabera,gcabera8e@si.edu,Male,$129817.47,149467645,IT
304,Gayler,Oakley,goakley8f@blogs.com,Male,$460540.64,462609391,PP
305,Fulvia,Capini,fcapini8g@yelp.com,Female,$122166.49,1000668760,IT
306,Guendolen,McArdell,gmcardell8h@360.cn,Female,$208303.60,233324301,IT
307,Letti,Lamblin,llamblin8i@wikia.com,Female,$373473.65,570605260,CC
308,Tiler,Greenwood,tgreenwood8j@imageshack.us,Male,$832767.20,512133069,PP
309,Eadie,Lucken,elucken8k@spotify.com,Female,$678827.93,181858262,CC
310,Rourke,Serle,rserle8l@storify.com,Male,$757734.08,507223436,IT
311,Loella,Eallis,leallis8m@so-net.ne.jp,Female,$792452.25,964616082,PP
312,Miltie,Cay,mcay8n@skype.com,Male,$774078.52,797343497,PP
313,Faydra,Mandre,fmandre8o@cbslocal.com,Female,$201856.77,935067893,CC
314,Vasilis,McDool,vmcdool8p@disqus.com,Male,$905126.38,931364819,PP
315,Conroy,Youde,cyoude8q@blinklist.com,Male,$189353.87,507238323,PP
316,Lexis,Corbitt,lcorbitt8r@bloglines.com,Female,$739872.76,253815220,PP
317,Inglis,Bates,ibates8s@twitter.com,Male,$247586.71,559298022,IT
318,Keenan,Antrobus,kantrobus8t@wordpress.org,Male,$943736.79,271159214,CC
319,Betty,Heckle,bheckle8u@state.tx.us,Female,$318953.26,286131520,IT
320,Armando,Chardin,achardin8v@youtu.be,Male,$447388.55,989592447,IT
321,Lexi,Somerfield,lsomerfield8w@chronoengine.com,Female,$782025.78,1040173006,CC
322,Silva,Suarez,ssuarez8x@yolasite.com,Female,$626966.24,512368333,IT
323,Jeremias,Morrish,jmorrish8y@columbia.edu,Male,$941493.31,54353712,PP
324,Pepita,Humes,phumes8z@imgur.com,Female,$730175.47,302362235,PP
325,Mersey,Izakof,mizakof90@ca.gov,Female,$819642.65,304622538,IT
326,Bradney,Iacavone,biacavone91@dailymotion.com,Male,$917915.66,14719480,CC
327,Gabriel,Halms,ghalms92@cisco.com,Female,$247383.62,688678652,PP
328,Hanny,Leckenby,hleckenby93@npr.org,Female,$761028.64,260425582,IT
329,Clea,Meier,cmeier94@facebook.com,Female,$122408.45,636251489,IT
330,Vail,Kepp,vkepp95@paginegialle.it,Male,$354299.78,140367312,CC
331,Yovonnda,Bresson,ybresson96@wordpress.com,Female,$820962.76,641698631,CC
332,Kareem,Skillern,kskillern97@4shared.com,Male,$333340.24,789779279,IT
333,Waite,Eckery,weckery98@mail.ru,Male,$356352.35,749579270,IT
334,Dougy,Meijer,dmeijer99@merriam-webster.com,Male,$741988.09,591782453,CC
335,Winifield,Buckthorp,wbuckthorp9a@linkedin.com,Male,$225653.35,32331225,PP
336,Hollis,Sherred,hsherred9b@usgs.gov,Male,$153289.34,99546966,IT
337,Quincey,Gallardo,qgallardo9c@google.com.au,Male,$877044.93,64137916,CC
338,Luce,Abbott,labbott9d@usgs.gov,Male,$635247.33,891970229,IT
339,Shandra,Carnier,scarnier9e@newsvine.com,Female,$846287.25,301947092,IT
340,Lorianna,Fairley,lfairley9f@google.es,Female,$720284.75,88349906,PP
341,Ceciley,Hasnip,chasnip9g@booking.com,Female,$967111.87,465454073,PP
342,Hailee,Tortice,htortice9h@tmall.com,Female,$430619.34,826845868,PP
343,Biddie,Axtonne,baxtonne9i@geocities.com,Female,$643892.90,879882677,CC
344,Corny,Stringman,cstringman9j@reverbnation.com,Female,$656266.41,91343547,IT
345,Vin,Cases,vcases9k@woothemes.com,Male,$882468.09,724350363,CC
346,Leesa,Darth,ldarth9l@ebay.com,Female,$105497.53,488730120,PP
347,Derrick,Coleborn,dcoleborn9m@ameblo.jp,Male,$392039.62,631755427,PP
348,Shamus,Speere,sspeere9n@fotki.com,Male,$666363.76,152835718,CC
349,Pammie,Paule,ppaule9o@economist.com,Female,$512063.75,139694327,PP
350,Oran,Scroggins,oscroggins9p@virginia.edu,Male,$952505.58,595316431,IT
351,Harbert,Clitherow,hclitherow9q@adobe.com,Male,$702399.37,95651130,IT
352,Lyndsay,Nottle,lnottle9r@about.com,Female,$798835.85,22567331,CC
353,Baxie,Willmore,bwillmore9s@nbcnews.com,Male,$224151.53,715637775,PP
354,Conny,De Coursey,cdecoursey9t@thetimes.co.uk,Male,$491809.24,1019473742,IT
355,Margie,Poate,mpoate9u@buzzfeed.com,Female,$749659.11,68372426,CC
356,Chick,Hess,chess9v@npr.org,Male,$441675.33,366989055,PP
357,Meredeth,Ure,mure9w@bluehost.com,Male,$651536.89,566772038,IT
358,Marcos,Gronauer,mgronauer9x@wsj.com,Male,$848022.60,698043444,IT
359,Flynn,Croston,fcroston9y@dagondesign.com,Male,$169877.04,1012647542,IT
360,Gideon,Gilbank,ggilbank9z@facebook.com,Male,$998840.59,937045541,CC
361,Cosimo,Hoppner,choppnera0@merriam-webster.com,Male,$428091.65,513881827,CC
362,Mikel,Udy,mudya1@mapy.cz,Male,$239209.07,1028729111,PP
363,Jacynth,Cluse,jclusea2@xing.com,Female,$333647.12,851972008,IT
364,Payton,Raycroft,praycrofta3@woothemes.com,Male,$441377.84,506911855,IT
365,Lyndel,Cristofano,lcristofanoa4@hhs.gov,Female,$463308.14,603502755,CC
366,Amandy,Spelling,aspellinga5@businessweek.com,Female,$728082.71,191016221,IT
367,Pen,MacGorley,pmacgorleya6@ftc.gov,Male,$788954.41,709712944,PP
368,Bernetta,Delort,bdelorta7@delicious.com,Female,$453954.12,197461076,CC
369,Garner,Pletts,gplettsa8@cargocollective.com,Male,$567078.83,85030461,PP
370,Jeremie,Spinage,jspinagea9@flickr.com,Male,$872244.93,422662894,CC
371,Alwyn,Bullimore,abullimoreaa@networkadvertising.org,Male,$794577.35,322510291,PP
372,Alexio,Cheetam,acheetamab@meetup.com,Male,$265251.17,690121971,IT
373,Joceline,McAlpine,jmcalpineac@marriott.com,Female,$950174.35,968353289,PP
374,Fairfax,Saywell,fsaywellad@psu.edu,Male,$191387.33,317504746,PP
375,Frazer,Canelas,fcanelasae@blinklist.com,Male,$294266.89,976694722,IT
376,Frederic,Foddy,ffoddyaf@bbc.co.uk,Male,$527283.39,845600129,IT
377,Filippo,O'Cannon,focannonag@ft.com,Male,$497293.00,273670777,CC
378,Giulietta,Pendrick,gpendrickah@jimdo.com,Female,$185889.07,106478131,PP
379,Prent,Ismay,pismayai@wiley.com,Male,$809466.00,762834143,CC
380,Cassandre,Wookey,cwookeyaj@parallels.com,Female,$103389.13,706008203,PP
381,Ruben,Fragino,rfraginoak@constantcontact.com,Male,$521503.91,637731207,IT
382,Dorri,Cobden,dcobdenal@ameblo.jp,Female,$683600.76,780769772,IT
383,Loria,Scalera,lscaleraam@ameblo.jp,Female,$470098.75,96802141,PP
384,Kirk,Greasty,kgreastyan@biglobe.ne.jp,Male,$719456.43,828288548,PP
385,Vitia,Kulas,vkulasao@de.vu,Female,$346989.06,776350416,PP
386,Evanne,Rosa,erosaap@blogtalkradio.com,Female,$852329.62,168036905,IT
387,Gram,Semple,gsempleaq@ezinearticles.com,Male,$719154.94,155673336,IT
388,Elvera,Behnke,ebehnkear@goo.ne.jp,Female,$104273.47,1036814843,IT
389,Liesa,Boni,lbonias@addthis.com,Female,$338458.18,617924301,CC
390,Dud,Smitton,dsmittonat@alibaba.com,Male,$211020.38,265257730,IT
391,Arabelle,Meneux,ameneuxau@de.vu,Female,$737828.12,515309051,CC
392,Eamon,Thacker,ethackerav@seesaa.net,Male,$765730.36,140581185,IT
393,Everard,Myring,emyringaw@nationalgeographic.com,Male,$251809.30,658393309,PP
394,Bax,Konert,bkonertax@mapquest.com,Male,$853360.35,12564099,IT
395,Erwin,Corr,ecorray@comsenz.com,Male,$215599.79,624328942,CC
396,Andreana,Fossett,afossettaz@barnesandnoble.com,Female,$414689.36,463507683,PP
397,Callida,Kearey,ckeareyb0@e-recht24.de,Female,$260090.39,874633187,IT
398,Kimmie,Bradburn,kbradburnb1@guardian.co.uk,Female,$221835.79,1040442359,PP
399,Bev,Holyard,bholyardb2@unicef.org,Male,$416103.93,450669857,CC
400,Delmor,Gillyett,dgillyettb3@guardian.co.uk,Male,$473581.43,102150568,IT
401,Ceciley,Hedditeh,chedditehb4@shinystat.com,Female,$897383.20,427742986,PP
402,Mitchel,Weems,mweemsb5@ow.ly,Male,$814293.15,892652608,IT
403,Tiphanie,Gray,tgrayb6@goo.ne.jp,Female,$455618.19,40810067,IT
404,Hervey,Caldroni,hcaldronib7@eepurl.com,Male,$255025.08,18395084,CC
405,Austina,Haack,ahaackb8@google.com.hk,Female,$667993.78,511425671,PP
406,Hendrick,Woollhead,hwoollheadb9@posterous.com,Male,$194110.50,924940525,IT
407,Thayne,Gerrietz,tgerrietzba@dyndns.org,Male,$637925.06,422138584,PP
408,Dixie,Gillogley,dgillogleybb@reverbnation.com,Female,$741164.09,341704222,IT
409,Mara,Merrigan,mmerriganbc@hud.gov,Female,$245120.13,568167825,CC
410,Karlotte,Sedgefield,ksedgefieldbd@moonfruit.com,Female,$375602.21,888641721,IT
411,Port,Camies,pcamiesbe@edublogs.org,Male,$565489.94,897642722,PP
412,Baxie,Syratt,bsyrattbf@yandex.ru,Male,$478854.65,1047262667,CC
413,Valentijn,Alesbrook,valesbrookbg@mapquest.com,Male,$995757.52,329824264,CC
414,Grace,Warbeys,gwarbeysbh@google.it,Male,$711561.23,773455238,PP
415,Leupold,Botcherby,lbotcherbybi@vkontakte.ru,Male,$618467.97,16599357,IT
416,Roseline,Colquhoun,rcolquhounbj@sina.com.cn,Female,$466125.08,251513793,CC
417,Denise,Longhurst,dlonghurstbk@scientificamerican.com,Female,$741440.15,657080292,CC
418,Nicol,Lean,nleanbl@si.edu,Female,$730852.55,99676146,CC
419,Bennie,Heak,bheakbm@prlog.org,Male,$839327.88,563700671,PP
420,Gibby,Crowley,gcrowleybn@oaic.gov.au,Male,$549038.06,89898824,IT
421,Alexander,Emtage,aemtagebo@discovery.com,Male,$653692.09,386958504,CC
422,Mellisa,Atrill,matrillbp@lulu.com,Female,$352958.25,614484825,PP
423,Lira,Crinkley,lcrinkleybq@redcross.org,Female,$828139.79,187190626,PP
424,Maximilian,Seagrove,mseagrovebr@slate.com,Male,$216631.43,1044178816,CC
425,Joe,MacCaffery,jmaccafferybs@vimeo.com,Male,$640239.80,565967661,IT
426,Pearla,Baudts,pbaudtsbt@ezinearticles.com,Female,$618685.13,707030823,PP
427,Andie,Liddall,aliddallbu@apache.org,Male,$579789.22,842005473,PP
428,Brigida,Greenless,bgreenlessbv@umn.edu,Female,$309794.53,432448110,CC
429,Halimeda,Cade,hcadebw@archive.org,Female,$810091.44,517637474,CC
430,Katti,Kingsly,kkingslybx@taobao.com,Female,$616662.59,137774764,IT
431,Cecilio,Yelding,cyeldingby@list-manage.com,Male,$662372.46,736096791,PP
432,Ronnica,O' Hanvey,rohanveybz@blogger.com,Female,$631343.92,6043742,PP
433,Bordy,Frisch,bfrischc0@google.fr,Male,$199736.37,1044699759,IT
434,Greg,Gilcriest,ggilcriestc1@state.gov,Male,$641740.23,479825989,PP
435,Urson,Paz,upazc2@bandcamp.com,Male,$850855.06,324010461,IT
436,Sebastiano,Paulisch,spaulischc3@webs.com,Male,$238455.74,527428348,IT
437,Alvinia,McEachern,amceachernc4@discuz.net,Female,$665911.39,438444170,PP
438,Hollie,Vousden,hvousdenc5@woothemes.com,Female,$821150.33,577898909,CC
439,Sanford,Curling,scurlingc6@ow.ly,Male,$240151.27,555690855,PP
440,Ruby,Bonson,rbonsonc7@multiply.com,Female,$449704.48,180109132,CC
441,Ancell,Arnoult,aarnoultc8@addtoany.com,Male,$101449.18,703852053,IT
442,Kizzie,Tytcomb,ktytcombc9@cbc.ca,Female,$701475.26,43060864,IT
443,Bibby,Runsey,brunseyca@creativecommons.org,Female,$383132.56,471285263,IT
444,Ethelda,Kapelhof,ekapelhofcb@discuz.net,Female,$980601.30,550707612,IT
445,Toddy,Starmont,tstarmontcc@newyorker.com,Male,$634451.29,127880438,IT
446,Alick,Dunk,adunkcd@kickstarter.com,Male,$577467.95,584305535,IT
447,Jeannine,McArthur,jmcarthurce@guardian.co.uk,Female,$833801.02,639795903,CC
448,Rozamond,Gareisr,rgareisrcf@paginegialle.it,Female,$692399.13,139630901,IT
449,Vachel,Fancet,vfancetcg@cargocollective.com,Male,$499942.95,379976222,PP
450,Judon,Verzey,jverzeych@howstuffworks.com,Male,$522568.51,456046405,CC
451,Trevar,Urien,turienci@google.com.br,Male,$635171.10,973634247,CC
452,Rivalee,Thomsson,rthomssoncj@europa.eu,Female,$634989.47,397015925,IT
453,Osmond,Wimmer,owimmerck@ezinearticles.com,Male,$156014.41,963888186,CC
454,Forster,Fridaye,ffridayecl@buzzfeed.com,Male,$563904.82,97040746,PP
455,Alyssa,Spilsted,aspilstedcm@google.co.jp,Female,$932554.69,668861354,IT
456,Jacklyn,Luciano,jlucianocn@ed.gov,Female,$351315.91,628422491,PP
457,Hurley,Slyde,hslydeco@mlb.com,Male,$267780.71,762922636,PP
458,Bertie,Rosenthaler,brosenthalercp@jigsy.com,Female,$849352.69,397741992,IT
459,Robers,Klasing,rklasingcq@amazon.de,Male,$495648.32,33560887,IT
460,Augustine,Lacknor,alacknorcr@delicious.com,Female,$122679.93,70158658,PP
461,Travis,Cotter,tcottercs@gmpg.org,Male,$777020.76,271917329,CC
462,Kathi,Poor,kpoorct@cdbaby.com,Female,$688799.33,616492310,PP
463,Roderigo,Brownfield,rbrownfieldcu@live.com,Male,$657668.58,954822950,IT
464,Ruggiero,Badgers,rbadgerscv@csmonitor.com,Male,$949175.33,630266750,PP
465,Joletta,Masdin,jmasdincw@netlog.com,Female,$713682.28,265646509,CC
466,Pavel,Smullen,psmullencx@github.io,Male,$599315.37,583721922,PP
467,Cristabel,Collumbell,ccollumbellcy@va.gov,Female,$796688.80,919758307,PP
468,Winna,Higgan,whiggancz@xrea.com,Female,$254547.21,913906147,PP
469,Katine,Golde,kgolded0@barnesandnoble.com,Female,$858915.10,271166176,IT
470,Hailey,Swanton,hswantond1@bbb.org,Male,$468544.15,913682569,IT
471,Caz,Flute,cfluted2@privacy.gov.au,Male,$603961.82,269425726,PP
472,Laughton,Neeves,lneevesd3@t-online.de,Male,$752603.42,145472263,PP
473,Kacy,Mariel,kmarield4@gmpg.org,Female,$534720.65,260406795,CC
474,Shara,Smither,ssmitherd5@google.fr,Female,$384068.40,577593863,PP
475,Patton,Vizard,pvizardd6@tripadvisor.com,Male,$648349.96,148535490,IT
476,Cchaddie,Cowmeadow,ccowmeadowd7@e-recht24.de,Male,$937339.58,569521422,IT
477,Alejandra,Grut,agrutd8@tiny.cc,Female,$893814.16,847018379,IT
478,Dolf,Kairns,dkairnsd9@friendfeed.com,Male,$702245.74,703687331,IT
479,Dario,Klemensiewicz,dklemensiewiczda@sohu.com,Male,$835361.82,819164217,PP
480,Naoma,Houseman,nhousemandb@ucla.edu,Female,$517293.30,448044407,CC
481,Donnie,Nicholl,dnicholldc@dmoz.org,Female,$233798.08,466735612,PP
482,Valencia,Cawthron,vcawthrondd@wordpress.com,Female,$631962.56,242194278,PP
483,Margaretha,Blacker,mblackerde@prlog.org,Female,$166127.62,772801469,CC
484,Julie,Eddleston,jeddlestondf@wikia.com,Male,$651514.41,877082840,CC
485,Clywd,Cuttler,ccuttlerdg@chron.com,Male,$947591.72,84306221,CC
486,Warde,Sangra,wsangradh@desdev.cn,Male,$355034.96,898250474,IT
487,Desiree,Melluish,dmelluishdi@google.es,Female,$178294.78,350278589,IT
488,Henrie,Haysham,hhayshamdj@vinaora.com,Female,$770463.65,162716408,CC
489,Daisey,Jeram,djeramdk@prnewswire.com,Female,$415400.23,995985480,IT
490,Florenza,Rudham,frudhamdl@163.com,Female,$339199.83,1033469549,IT
491,Kendall,Cleeves,kcleevesdm@quantcast.com,Male,$286536.17,557528080,IT
492,Martelle,Pablo,mpablodn@infoseek.co.jp,Female,$450750.64,120917079,IT
493,Mitchel,Dorward,mdorwarddo@mapy.cz,Male,$784027.48,715240361,PP
494,Ingunna,Bartolomeo,ibartolomeodp@devhub.com,Female,$214946.03,8298903,CC
495,Diane-marie,Laite,dlaitedq@ucsd.edu,Female,$259336.03,193392813,PP
496,Carmine,Petrik,cpetrikdr@webmd.com,Female,$240957.06,591787540,CC
497,Kennett,Cicchitello,kcicchitellods@slashdot.org,Male,$380923.04,674732976,PP
498,Nester,Liffey,nliffeydt@craigslist.org,Male,$539688.09,442255156,PP
499,Elyssa,Millier,emillierdu@washingtonpost.com,Female,$270762.03,1045244434,PP
500,Stuart,Ansett,sansettdv@hp.com,Male,$386420.37,924747837,PP
501,Carly,Duchart,cduchartdw@behance.net,Female,$377466.04,841952378,CC
502,Giustino,Lambourne,glambournedx@columbia.edu,Male,$211381.80,428071465,CC
503,Killian,Vannuchi,kvannuchidy@parallels.com,Male,$943792.19,950052332,PP
504,Micheal,Carrodus,mcarrodusdz@alexa.com,Male,$818243.50,613197836,PP
505,Orville,Ottee,ootteee0@imageshack.us,Male,$119452.93,536432456,IT
506,Gerome,Seabert,gseaberte1@sakura.ne.jp,Male,$889244.09,447597247,CC
507,Tait,Staneland,tstanelande2@sitemeter.com,Male,$755373.11,753779269,IT
508,Kristen,Gladden,kgladdene3@yellowpages.com,Female,$994641.38,949178997,IT
509,Redford,McGilbon,rmcgilbone4@usgs.gov,Male,$481397.65,8490069,PP
510,Marabel,Dicky,mdickye5@dmoz.org,Female,$751704.76,504516240,PP
511,Kelby,McKern,kmckerne6@indiegogo.com,Male,$810768.13,742198098,IT
512,Tiebout,Steele,tsteelee7@google.cn,Male,$348072.77,920632704,IT
513,Reginauld,Kondratenya,rkondratenyae8@smh.com.au,Male,$569481.37,636390674,CC
514,Milli,Spridgeon,mspridgeone9@etsy.com,Female,$948516.76,73960609,CC
515,Dottie,Horche,dhorcheea@weebly.com,Female,$193272.60,721501814,PP
516,Valentia,Capozzi,vcapozzieb@bloomberg.com,Female,$419572.74,903010706,IT
517,Kahaleel,Devita,kdevitaec@multiply.com,Male,$954489.40,797673600,CC
518,Matthew,Gager,mgagered@house.gov,Male,$506848.90,773946702,CC
519,Wilone,Moorman,wmoormanee@360.cn,Female,$890937.98,269630514,CC
520,Filberto,Chasson,fchassonef@alexa.com,Male,$631659.04,292727837,CC
521,Demetra,Rosterne,drosterneeg@dmoz.org,Female,$381039.44,471816516,PP
522,Orton,Bloxholm,obloxholmeh@digg.com,Male,$383452.96,493155479,PP
523,Gris,McKibben,gmckibbenei@hostgator.com,Male,$577825.82,555356876,CC
524,Taite,Lembke,tlembkeej@hubpages.com,Male,$432120.58,855009726,CC
525,Goldy,Coultous,gcoultousek@ftc.gov,Female,$138278.54,430708497,PP
526,Domingo,Baugh,dbaughel@qq.com,Male,$918235.41,443612727,CC
527,Carmina,Pandya,cpandyaem@theatlantic.com,Female,$549216.08,939039258,PP
528,Alexandro,Puve,apuveen@arstechnica.com,Male,$862074.35,360786834,IT
529,Michele,Gair,mgaireo@cdbaby.com,Male,$761411.06,787125947,IT
530,Rosemonde,Bengtsson,rbengtssonep@liveinternet.ru,Female,$895778.54,137589275,IT
531,Martie,Hurtado,mhurtadoeq@springer.com,Male,$132540.80,649722108,IT
532,Rickey,Brunnen,rbrunnener@telegraph.co.uk,Male,$649678.52,952620978,IT
533,Tyler,Gadault,tgadaultes@prnewswire.com,Male,$916477.07,339861344,CC
534,Kyle,Gradwell,kgradwellet@bloomberg.com,Female,$151604.03,966614829,CC
535,Johny,Suthren,jsuthreneu@statcounter.com,Male,$285734.46,162791269,IT
536,Sandy,Antat,santatev@mail.ru,Female,$769127.31,167479011,IT
537,Crysta,Daugherty,cdaughertyew@nature.com,Female,$241016.79,756158541,IT
538,Almire,Dumbelton,adumbeltonex@answers.com,Female,$308721.49,67019479,CC
539,Kellina,Erwin,kerwiney@yahoo.co.jp,Female,$155376.72,879512585,PP
540,Charley,Atwill,catwillez@state.gov,Male,$338045.27,984501099,IT
541,Skye,Normabell,snormabellf0@usda.gov,Male,$721383.35,31954533,IT
542,Milzie,Riediger,mriedigerf1@tinypic.com,Female,$514807.12,954634074,CC
543,Jennine,Wheildon,jwheildonf2@eepurl.com,Female,$805576.57,525022132,PP
544,Matthus,Sherrett,msherrettf3@bing.com,Male,$806342.45,571860893,PP
545,Cariotta,Margarson,cmargarsonf4@moonfruit.com,Female,$720242.06,97840703,IT
546,Anette,Sidebottom,asidebottomf5@microsoft.com,Female,$984755.64,855392604,PP
547,Josee,Brombell,jbrombellf6@boston.com,Female,$947557.73,986375645,IT
548,Boonie,Scough,bscoughf7@reverbnation.com,Male,$462376.87,160333869,IT
549,Olimpia,Middell,omiddellf8@t.co,Female,$674986.18,219586671,IT
550,Matthus,Tomaszewicz,mtomaszewiczf9@simplemachines.org,Male,$514348.36,663721384,CC
551,Dion,Piper,dpiperfa@vkontakte.ru,Male,$576461.43,377328265,PP
552,Diahann,Antognoni,dantognonifb@hp.com,Female,$482155.22,546319421,CC
553,Cori,Sheldrake,csheldrakefc@virginia.edu,Male,$759180.52,852054126,IT
554,Shannen,Delue,sdeluefd@addthis.com,Female,$510032.56,207056598,PP
555,Goddard,Kleynen,gkleynenfe@1688.com,Male,$685578.55,841204767,IT
556,Bent,Lindenberg,blindenbergff@europa.eu,Male,$203796.10,765478951,IT
557,Sonia,Chantler,schantlerfg@ebay.co.uk,Female,$711977.72,305326357,PP
558,Marji,Harken,mharkenfh@networkadvertising.org,Female,$286202.78,34293842,IT
559,Gaby,Granville,ggranvillefi@mayoclinic.com,Female,$550487.50,490481184,CC
560,Mack,Roser,mroserfj@51.la,Male,$859710.20,627216353,CC
561,Burty,Craigie,bcraigiefk@rambler.ru,Male,$541859.59,551138356,PP
562,Ade,Geldard,ageldardfl@miibeian.gov.cn,Male,$703132.74,127410188,CC
563,Pauline,Luchelli,pluchellifm@telegraph.co.uk,Female,$447553.31,244631378,IT
564,Sapphire,Laxe,slaxefn@fema.gov,Female,$251388.25,364067295,CC
565,Hyacinth,O'Crigan,hocriganfo@ovh.net,Female,$491315.14,853378324,IT
566,Nichole,Levin,nlevinfp@google.com.br,Female,$864963.12,888150927,CC
567,Kath,Royle,kroylefq@ucsd.edu,Female,$297287.11,323659215,IT
568,Katti,Duly,kdulyfr@aboutads.info,Female,$393712.96,152357271,PP
569,Sherri,Macartney,smacartneyfs@thetimes.co.uk,Female,$588783.10,6131595,CC
570,Ileane,Alwin,ialwinft@w3.org,Female,$527513.04,438094922,PP
571,Torrance,Littledike,tlittledikefu@twitpic.com,Male,$244935.97,938625613,CC
572,Sherlocke,Dowry,sdowryfv@linkedin.com,Male,$430253.60,450600105,IT
573,Donica,Danell,ddanellfw@npr.org,Female,$746160.89,324107060,IT
574,Mattie,Arpur,marpurfx@un.org,Male,$889011.01,351048845,PP
575,Werner,Forkan,wforkanfy@jigsy.com,Male,$402881.59,565797324,PP
576,Korry,Calladine,kcalladinefz@arizona.edu,Female,$668180.36,739885610,IT
577,Dale,Lagde,dlagdeg0@moonfruit.com,Male,$341218.21,394008136,PP
578,Tracey,Sparkwell,tsparkwellg1@businesswire.com,Male,$511679.39,539396989,PP
579,Lane,O' Mullan,lomullang2@timesonline.co.uk,Male,$254072.46,903126867,PP
580,Brynna,Hubbucks,bhubbucksg3@adobe.com,Female,$501089.74,101961344,CC
581,Olivie,Cubberley,ocubberleyg4@goo.gl,Female,$613126.92,383365694,PP
582,Guenevere,Brockington,gbrockingtong5@craigslist.org,Female,$124659.15,751069325,PP
583,Kevyn,Eardley,keardleyg6@springer.com,Female,$446530.07,1006444789,PP
584,Roosevelt,Jakeman,rjakemang7@naver.com,Male,$519175.73,846101959,IT
585,Melisse,Chardin,mcharding8@xinhuanet.com,Female,$786153.43,168718754,CC
586,Stanwood,Gorgl,sgorglg9@answers.com,Male,$740566.39,21547705,CC
587,Joya,Ragge,jraggega@soup.io,Female,$448341.32,139491779,IT
588,Neely,Wake,nwakegb@nsw.gov.au,Female,$593233.74,631505243,CC
589,Selle,Rozenbaum,srozenbaumgc@mlb.com,Female,$341680.29,898599896,PP
590,Oswell,Tonbridge,otonbridgegd@constantcontact.com,Male,$698895.77,882851111,CC
591,Raleigh,Daniello,rdanielloge@ucoz.ru,Male,$175969.47,77200349,CC
592,Frannie,Dionisetti,fdionisettigf@loc.gov,Male,$462195.87,990253426,PP
593,Isa,Fann,ifanngg@google.nl,Male,$735938.40,1009076671,IT
594,Skyler,Bricket,sbricketgh@123-reg.co.uk,Male,$100657.60,814850705,CC
595,Collette,Yakob,cyakobgi@dagondesign.com,Female,$929674.62,200848716,PP
596,Rodrigo,Moffatt,rmoffattgj@house.gov,Male,$668173.96,802372138,PP
597,Hansiain,Ottery,hotterygk@uiuc.edu,Male,$835956.63,726898645,IT
598,Jaime,Teodorski,jteodorskigl@samsung.com,Male,$510449.32,663307950,IT
599,Uri,Daville,udavillegm@edublogs.org,Male,$220612.07,165934243,PP
600,Paige,Brodnecke,pbrodneckegn@newyorker.com,Male,$751943.74,304714524,CC
601,Nananne,Hatherill,nhatherillgo@forbes.com,Female,$135242.36,43795612,PP
602,Arleen,Stigger,astiggergp@newyorker.com,Female,$491620.30,418877992,PP
603,Odella,Lowes,olowesgq@usatoday.com,Female,$548923.91,913179065,IT
604,Dag,Dreinan,ddreinangr@scribd.com,Male,$448046.87,1027275718,CC
605,Aline,Walshe,awalshegs@a8.net,Female,$637368.88,38262444,IT
606,Olivier,Broszkiewicz,obroszkiewiczgt@msn.com,Male,$941978.31,816745265,IT
607,Tasha,Hitter,thittergu@reverbnation.com,Female,$424582.53,71807514,IT
608,Boote,Fetherstan,bfetherstangv@sourceforge.net,Male,$179191.77,635546687,CC
609,Win,Kohnemann,wkohnemanngw@mashable.com,Male,$168352.04,418780738,CC
610,Taddeusz,Antill,tantillgx@businesswire.com,Male,$389227.64,39484272,CC
611,Beniamino,Kobiela,bkobielagy@amazon.co.uk,Male,$740387.36,468455110,PP
612,Marwin,Emanson,memansongz@fda.gov,Male,$309719.40,1041933300,PP
613,Carry,Gollard,cgollardh0@cpanel.net,Female,$207569.56,304635122,PP
614,Connor,Antos,cantosh1@ebay.com,Male,$218852.59,101360233,PP
615,Morrie,Sermin,mserminh2@networksolutions.com,Male,$929956.55,165778406,CC
616,Henrietta,Dennick,hdennickh3@engadget.com,Female,$132159.00,678289931,CC
617,Valma,Tranckle,vtranckleh4@google.com.hk,Female,$501119.88,628399994,IT
618,Adan,Cahillane,acahillaneh5@europa.eu,Female,$697811.44,562900901,IT
619,Dorelle,Pasticznyk,dpasticznykh6@xing.com,Female,$357350.57,407924205,PP
620,Arabelle,Thomasen,athomasenh7@pbs.org,Female,$769886.73,690004738,IT
621,Nolie,Warrener,nwarrenerh8@virginia.edu,Female,$433969.70,838367011,PP
622,Werner,Pedri,wpedrih9@goo.gl,Male,$912883.54,577355858,CC
623,Spenser,Casado,scasadoha@a8.net,Male,$370871.71,88422706,PP
624,Munmro,Markie,mmarkiehb@uiuc.edu,Male,$494339.62,219431786,IT
625,Case,Chattaway,cchattawayhc@blogger.com,Male,$804835.53,433226319,PP
626,Gasparo,Bickerdike,gbickerdikehd@usa.gov,Male,$422000.17,1047467406,IT
627,Thatch,Bris,tbrishe@blogtalkradio.com,Male,$559450.64,975275736,PP
628,Osgood,Dedham,odedhamhf@pbs.org,Male,$622173.07,808706136,PP
629,Bo,Pedrollo,bpedrollohg@vkontakte.ru,Male,$981292.11,658181457,PP
630,Christal,Elcocks,celcockshh@examiner.com,Female,$836860.75,38279040,CC
631,Kirk,Caddick,kcaddickhi@dailymail.co.uk,Male,$794015.77,745226078,PP
632,Darby,Darlaston,ddarlastonhj@arstechnica.com,Female,$739425.90,419126425,IT
633,Thadeus,Fochs,tfochshk@spiegel.de,Male,$180419.78,1009255267,IT
634,Benita,Brunskill,bbrunskillhl@ifeng.com,Female,$362029.07,782818712,PP
635,Leelah,Jupe,ljupehm@google.com.br,Female,$162056.59,5451697,IT
636,Domeniga,Libri,dlibrihn@toplist.cz,Female,$389814.44,697852159,PP
637,Harry,Speakman,hspeakmanho@guardian.co.uk,Male,$827443.61,627716106,PP
638,Iormina,Barette,ibarettehp@cbc.ca,Female,$440986.05,811846271,CC
639,Dewey,Coal,dcoalhq@diigo.com,Male,$292962.93,859062786,CC
640,Caty,Sirette,csirettehr@scientificamerican.com,Female,$521000.52,400468798,IT
641,Windham,Dy,wdyhs@yahoo.com,Male,$391312.23,293331433,IT
642,Winni,Mitskevich,wmitskevichht@shutterfly.com,Female,$456100.85,11078500,CC
643,Lethia,Scottrell,lscottrellhu@amazonaws.com,Female,$326104.62,633408753,PP
644,Alicea,Brodbin,abrodbinhv@e-recht24.de,Female,$158698.23,437131405,IT
645,Pepillo,Todhunter,ptodhunterhw@istockphoto.com,Male,$198766.78,722868801,PP
646,Clara,Dowrey,cdowreyhx@ustream.tv,Female,$348821.44,676745574,IT
647,Frank,Conroy,fconroyhy@ebay.co.uk,Male,$842969.23,240398314,CC
648,Nevile,Childers,nchildershz@artisteer.com,Male,$878926.59,550644967,PP
649,Lee,Cockland,lcocklandi0@discuz.net,Male,$472266.35,923003049,PP
650,Allene,Ferie,aferiei1@businesswire.com,Female,$960059.84,615430640,PP
651,Merry,Frank,mfranki2@joomla.org,Male,$243398.90,501890025,CC
652,Lesley,Brownill,lbrownilli3@wordpress.com,Male,$922388.40,515463809,IT
653,Beulah,Liddy,bliddyi4@engadget.com,Female,$726048.74,429979995,IT
654,Anselm,Gunningham,agunninghami5@de.vu,Male,$226405.18,235269992,IT
655,Liuka,Simoni,lsimonii6@nps.gov,Female,$802947.69,926700048,IT
656,Ruperta,Davenport,rdavenporti7@bizjournals.com,Female,$834257.75,20995137,IT
657,Jacinda,Martinek,jmartineki8@nydailynews.com,Female,$354778.62,778019733,PP
658,Fanchon,Cutten,fcutteni9@mashable.com,Female,$194448.87,227018071,CC
659,Horten,Berrigan,hberrigania@netlog.com,Male,$674391.23,469410386,IT
660,Karry,Lutman,klutmanib@posterous.com,Female,$768000.09,386440024,IT
661,Jewel,Cranham,jcranhamic@irs.gov,Female,$658576.58,9635562,IT
662,Bartolemo,Rubinowitch,brubinowitchid@msn.com,Male,$261926.86,672128243,IT
663,Lydia,Golthorpp,lgolthorppie@bandcamp.com,Female,$260208.41,919745623,PP
664,Natka,Covendon,ncovendonif@ifeng.com,Female,$962191.46,6314962,IT
665,Harlin,Wharton,hwhartonig@thetimes.co.uk,Male,$115581.93,705438359,IT
666,Tully,Tomaskov,ttomaskovih@macromedia.com,Male,$224938.30,438754192,IT
667,Marleah,Tennant,mtennantii@google.nl,Female,$907857.70,796223950,PP
668,Allie,Comazzo,acomazzoij@trellian.com,Female,$956167.61,871654342,CC
669,Tiphany,Hallyburton,thallyburtonik@zimbio.com,Female,$582878.97,950905249,PP
670,Steward,Scading,sscadingil@usa.gov,Male,$546075.45,881602869,PP
671,Nathaniel,Croysdale,ncroysdaleim@arstechnica.com,Male,$373729.90,953315997,IT
672,Theda,Sheppard,tsheppardin@deviantart.com,Female,$888203.91,812735483,CC
673,Lucila,Goude,lgoudeio@webs.com,Female,$835895.12,961751448,CC
674,Ricard,Langshaw,rlangshawip@exblog.jp,Male,$131583.40,55321193,IT
675,Wain,Dicken,wdickeniq@w3.org,Male,$728614.22,798265377,PP
676,Rivkah,Van de Velde,rvandeveldeir@smugmug.com,Female,$136680.07,617018178,PP
677,Boigie,Heisham,bheishamis@bbc.co.uk,Male,$862091.93,80347072,PP
678,Robinson,Hunnable,rhunnableit@cbslocal.com,Male,$423331.39,812843047,PP
679,Lew,Corriea,lcorrieaiu@simplemachines.org,Male,$556444.31,947458272,CC
680,Whit,Halls,whallsiv@liveinternet.ru,Male,$167183.95,104884731,PP
681,Ellene,Toghill,etoghilliw@163.com,Female,$816262.87,300613051,PP
682,Brenden,Harkness,bharknessix@posterous.com,Male,$694331.90,510776090,IT
683,Chloris,Ploughwright,cploughwrightiy@cnet.com,Female,$318194.52,632720175,CC
684,Eolanda,Lygoe,elygoeiz@amazon.co.jp,Female,$179050.43,764996754,PP
685,Daffie,Pelerin,dpelerinj0@harvard.edu,Female,$494196.10,779546460,IT
686,Alistair,Zettoi,azettoij1@w3.org,Male,$858712.32,14458928,PP
687,Aloysius,Bignal,abignalj2@china.com.cn,Male,$637699.49,654699523,CC
688,Miltie,Blucher,mblucherj3@zimbio.com,Male,$786925.96,1010534182,IT
689,Pauletta,Starkey,pstarkeyj4@mac.com,Female,$875959.08,203731378,PP
690,Birgitta,Strutton,bstruttonj5@eventbrite.com,Female,$566696.98,781833283,CC
691,Orin,Tompkins,otompkinsj6@cdbaby.com,Male,$893387.86,93044853,CC
692,Drew,Pavek,dpavekj7@google.com,Male,$169948.99,764281589,CC
693,Electra,Haughey,ehaugheyj8@mashable.com,Female,$835538.16,367410688,PP
694,Samson,Goudie,sgoudiej9@wisc.edu,Male,$701559.40,762649679,IT
695,Cordey,Scedall,cscedallja@imgur.com,Female,$641074.16,535183369,IT
696,Massimiliano,MacRirie,mmacririejb@jiathis.com,Male,$354004.89,991167203,CC
697,Noble,Frensche,nfrenschejc@delicious.com,Male,$845520.50,378556331,CC
698,Mallory,Yewman,myewmanjd@google.com.br,Female,$714089.59,225511031,CC
699,Carine,Rutledge,crutledgeje@newyorker.com,Female,$779331.57,469717872,IT
700,Yoshiko,Sherbrook,ysherbrookjf@google.ca,Female,$987596.61,231514120,PP
701,Jenni,Harower,jharowerjg@apache.org,Female,$797170.55,225304995,IT
702,Maudie,Longmire,mlongmirejh@imdb.com,Female,$650029.26,627694641,PP
703,Ginevra,Hefferon,ghefferonji@bravesites.com,Female,$528170.96,40079641,CC
704,Dulci,Laydon,dlaydonjj@whitehouse.gov,Female,$542937.07,59216038,CC
705,Kelila,Coonan,kcoonanjk@xrea.com,Female,$542751.89,263089622,PP
706,Vito,Braidwood,vbraidwoodjl@oracle.com,Male,$730276.44,1041357358,CC
707,Trenna,Leindecker,tleindeckerjm@spotify.com,Female,$200997.99,236973846,IT
708,Sheryl,Kiraly,skiralyjn@dyndns.org,Female,$926629.72,448369226,IT
709,Rebekah,Hackly,rhacklyjo@jiathis.com,Female,$126046.87,566453311,PP
710,Elliott,Janson,ejansonjp@purevolume.com,Male,$805482.92,910845352,PP
711,Darice,Brandsma,dbrandsmajq@bloomberg.com,Female,$458793.25,386331366,CC
712,Bailey,Gaiger,bgaigerjr@slashdot.org,Male,$849361.97,38314541,IT
713,Ody,Pengilly,opengillyjs@google.de,Male,$317612.02,533770611,PP
714,Broddie,Grabb,bgrabbjt@java.com,Male,$139064.90,112727231,IT
715,Buddie,Kellogg,bkelloggju@fc2.com,Male,$540195.68,848674254,PP
716,Gabriel,Deares,gdearesjv@ucsd.edu,Male,$108481.48,318702151,CC
717,Elmo,Berndtsson,eberndtssonjw@friendfeed.com,Male,$529006.81,138259153,IT
718,Vince,Aulsford,vaulsfordjx@youku.com,Male,$681609.53,500683940,IT
719,Kiley,Beharrell,kbeharrelljy@tuttocitta.it,Male,$198153.15,600382957,IT
720,Karen,Buddleigh,kbuddleighjz@alibaba.com,Female,$832546.26,167395943,IT
721,Rosalind,Schade,rschadek0@qq.com,Female,$429886.58,926844260,IT
722,Nickolas,Twyning,ntwyningk1@wufoo.com,Male,$474251.07,761844659,CC
723,Harli,Romushkin,hromushkink2@ox.ac.uk,Female,$638352.53,598692701,PP
724,Carlota,Tommeo,ctommeok3@paypal.com,Female,$758069.83,283829068,PP
725,Scot,Alyutin,salyutink4@ox.ac.uk,Male,$463844.22,592844210,IT
726,Claire,Presdee,cpresdeek5@economist.com,Female,$803021.06,831216969,PP
727,Gus,Humblestone,ghumblestonek6@scientificamerican.com,Male,$861501.08,390880863,PP
728,Bentlee,Tillyer,btillyerk7@deviantart.com,Male,$941241.03,441780199,CC
729,Justinn,Sonier,jsonierk8@blinklist.com,Female,$137691.08,914324396,CC
730,Frasco,Alpin,falpink9@ucoz.ru,Male,$882984.11,733281012,CC
731,Darb,Linscott,dlinscottka@infoseek.co.jp,Female,$832160.90,938207975,PP
732,Modestine,Gehring,mgehringkb@sun.com,Female,$337371.84,461229649,IT
733,Sherye,Ebdin,sebdinkc@dropbox.com,Female,$536796.67,24386977,IT
734,Kippy,Lancetter,klancetterkd@sina.com.cn,Male,$932552.84,276642033,PP
735,Deb,Deverille,ddeverilleke@soup.io,Female,$120038.30,732854484,PP
736,Maje,Charpling,mcharplingkf@wp.com,Male,$503754.84,818653117,CC
737,Jade,Viger,jvigerkg@123-reg.co.uk,Female,$426210.64,777015027,PP
738,Padraic,Noury,pnourykh@whitehouse.gov,Male,$225606.69,345907114,CC
739,Gallagher,Lowdyane,glowdyaneki@alexa.com,Male,$241655.25,652733129,PP
740,Raviv,Duesbury,rduesburykj@telegraph.co.uk,Male,$251644.59,509032034,PP
741,Howey,Daburn,hdaburnkk@barnesandnoble.com,Male,$264159.09,25627924,CC
742,Rafaellle,Jerzycowski,rjerzycowskikl@feedburner.com,Male,$900185.01,682374086,PP
743,Asher,Tivenan,ativenankm@time.com,Male,$605240.71,242596050,IT
744,Sigmund,Guppy,sguppykn@indiegogo.com,Male,$729402.93,909629422,IT
745,Fredra,Mayberry,fmayberryko@dell.com,Female,$998569.95,60666548,PP
746,Alyssa,Rickcord,arickcordkp@squarespace.com,Female,$327834.59,355457393,PP
747,Jack,Mozzi,jmozzikq@dagondesign.com,Male,$102530.70,765380101,CC
748,Gery,Nehlsen,gnehlsenkr@cornell.edu,Male,$446149.87,598160486,PP
749,Audy,Harsum,aharsumks@reuters.com,Female,$123283.49,189421717,CC
750,Logan,Larratt,llarrattkt@cnn.com,Male,$181539.56,270054144,CC
751,Berenice,Sherman,bshermanku@house.gov,Female,$311728.41,394474227,PP
752,Roberto,Rase,rrasekv@state.tx.us,Male,$582105.75,442828794,PP
753,Jsandye,Blencoe,jblencoekw@wunderground.com,Female,$552559.27,1018635109,PP
754,Dalila,O'Giany,dogianykx@samsung.com,Female,$510116.38,583792293,PP
755,Madelin,Harron,mharronky@va.gov,Female,$628509.68,545077457,IT
756,Valentijn,Matthew,vmatthewkz@nba.com,Male,$879055.41,843915994,CC
757,Shamus,McEntegart,smcentegartl0@artisteer.com,Male,$510035.75,940316510,PP
758,Fiona,Majury,fmajuryl1@patch.com,Female,$618417.82,553110843,IT
759,Alida,Hollidge,ahollidgel2@biglobe.ne.jp,Female,$597054.27,50612956,PP
760,Newton,McCowen,nmccowenl3@bbb.org,Male,$365165.90,812222922,IT
761,Blondie,O'Hengerty,bohengertyl4@unesco.org,Female,$623456.63,1001985179,PP
762,Pauletta,Simounet,psimounetl5@multiply.com,Female,$938266.12,528121107,IT
763,Tandy,O' Loughran,toloughranl6@nature.com,Female,$129275.50,962414027,PP
764,Blanch,Cranson,bcransonl7@mtv.com,Female,$870280.62,998988469,CC
765,Zed,Cobbledick,zcobbledickl8@salon.com,Male,$340069.58,909203332,CC
766,Nikita,Ellesworth,nellesworthl9@amazon.co.jp,Male,$461822.73,272985703,CC
767,Rey,Plitz,rplitzla@creativecommons.org,Male,$128980.98,765681564,CC
768,Avivah,Cake,acakelb@umich.edu,Female,$100525.74,40530429,CC
769,Alisun,Brannon,abrannonlc@altervista.org,Female,$133986.87,627989623,PP
770,Zelig,Kirkby,zkirkbyld@apache.org,Male,$457764.29,649444009,CC
771,Ameline,Fretter,afretterle@over-blog.com,Female,$260000.34,258989596,CC
772,Fern,Weightman,fweightmanlf@telegraph.co.uk,Female,$903063.37,760921137,PP
773,Ruddie,Guise,rguiselg@reddit.com,Male,$583211.55,338582962,IT
774,Karlotte,Picardo,kpicardolh@squidoo.com,Female,$121922.95,285323601,PP
775,Hermine,Avard,havardli@psu.edu,Female,$935678.89,700979469,CC
776,Jammal,Deerness,jdeernesslj@washington.edu,Male,$984703.38,678641979,IT
777,Georgianne,Page,gpagelk@tinyurl.com,Female,$508950.57,738849872,IT
778,Marylin,Eleshenar,meleshenarll@netvibes.com,Female,$858704.62,760384992,PP
779,Reggy,Mynett,rmynettlm@free.fr,Male,$383043.37,855770591,PP
780,Lyndsay,Lincey,llinceyln@bbb.org,Female,$415054.08,904949997,PP
781,Jedidiah,Emilien,jemilienlo@merriam-webster.com,Male,$888685.54,314265746,PP
782,Ulysses,Eagleton,ueagletonlp@bloglines.com,Male,$440419.16,922058666,PP
783,Gerome,Radwell,gradwelllq@163.com,Male,$800401.16,682729185,CC
784,Kanya,Longhorne,klonghornelr@sciencedirect.com,Female,$200612.74,577153032,PP
785,Cybil,Tivers,ctiversls@hexun.com,Female,$265939.49,28535635,IT
786,Euphemia,Coldham,ecoldhamlt@eventbrite.com,Female,$431839.48,505164497,PP
787,Fina,Gutteridge,fgutteridgelu@baidu.com,Female,$365321.35,434170233,IT
788,Cornall,Sayburn,csayburnlv@spotify.com,Male,$196124.46,371341922,CC
789,Nadine,MacAllan,nmacallanlw@sbwire.com,Female,$179011.07,418673422,PP
790,Odille,Anelay,oanelaylx@vinaora.com,Female,$686813.28,594076462,IT
791,Lorant,Dalyiel,ldalyielly@techcrunch.com,Male,$537257.35,804917715,PP
792,Layton,Allaker,lallakerlz@blogspot.com,Male,$154450.95,233518642,PP
793,Lana,Norcott,lnorcottm0@cnet.com,Female,$803710.32,964179328,CC
794,Gwen,Clampett,gclampettm1@army.mil,Female,$954720.13,441641284,IT
795,Cassius,Dober,cdoberm2@devhub.com,Male,$571423.07,249219639,CC
796,Clint,Measor,cmeasorm3@trellian.com,Male,$816274.35,416294923,PP
797,Karel,Lightwing,klightwingm4@marketwatch.com,Male,$270438.48,852073148,CC
798,Emlynne,Flasby,eflasbym5@shinystat.com,Female,$816067.33,834234496,CC
799,Far,Deschlein,fdeschleinm6@ow.ly,Male,$984302.50,566747323,CC
800,Karina,Isacoff,kisacoffm7@slate.com,Female,$374281.22,659534870,IT
801,Asa,Andreopolos,aandreopolosm8@nsw.gov.au,Male,$635719.79,197776167,CC
802,Farrell,Trusler,ftruslerm9@fastcompany.com,Male,$351833.26,973784684,PP
803,Jesus,Wrightem,jwrightemma@feedburner.com,Male,$487986.05,831945604,IT
804,Benjamen,Melluish,bmelluishmb@webs.com,Male,$279309.67,226642198,IT
805,Tailor,Celiz,tcelizmc@ft.com,Male,$264548.78,626625575,PP
806,Isacco,Pevie,ipeviemd@irs.gov,Male,$436628.98,547426678,CC
807,Joleen,Putton,jputtonme@icq.com,Female,$383564.97,32033414,PP
808,Guss,Pirkis,gpirkismf@kickstarter.com,Male,$614174.47,454976949,CC
809,Vanna,Jouannot,vjouannotmg@wikispaces.com,Female,$110028.62,128701710,PP
810,Delainey,Bulloch,dbullochmh@un.org,Male,$445291.39,136424848,CC
811,Kaja,Tooher,ktoohermi@tmall.com,Female,$594725.55,667345772,PP
812,Cindi,Luff,cluffmj@psu.edu,Female,$753724.28,325588773,CC
813,Aurthur,Franklin,afranklinmk@businesswire.com,Male,$126802.58,8545391,PP
814,Ambrosio,June,ajuneml@cloudflare.com,Male,$640958.67,477997425,PP
815,Antons,Minthorpe,aminthorpemm@1688.com,Male,$258542.40,686757499,CC
816,Frants,Verling,fverlingmn@ocn.ne.jp,Male,$765526.74,552622326,PP
817,Torie,Thumnel,tthumnelmo@istockphoto.com,Female,$129160.57,820209153,IT
818,Florella,Hysom,fhysommp@cornell.edu,Female,$989369.21,95825148,CC
819,Karolina,Wiggam,kwiggammq@parallels.com,Female,$583045.04,865242870,PP
820,Linnet,Cullip,lcullipmr@uol.com.br,Female,$464471.94,137739114,IT
821,Waldemar,Bayles,wbaylesms@cbslocal.com,Male,$138703.36,64121921,IT
822,Aland,Wratten,awrattenmt@google.fr,Male,$102836.06,60392002,CC
823,Wandis,Rawsthorn,wrawsthornmu@posterous.com,Female,$439633.37,735670683,PP
824,Lilly,Fosten,lfostenmv@chronoengine.com,Female,$920174.13,635465967,CC
825,Blakelee,Goldin,bgoldinmw@twitter.com,Female,$388900.41,561320426,IT
826,Amye,Dolling,adollingmx@narod.ru,Female,$509087.64,222039324,PP
827,Genevra,Vaar,gvaarmy@last.fm,Female,$569634.45,392815139,PP
828,Valentine,Sirmond,vsirmondmz@cornell.edu,Male,$204141.78,611689771,PP
829,Jarrod,Lille,jlillen0@bbb.org,Male,$975638.83,618805771,IT
830,Farand,Brickell,fbrickelln1@netscape.com,Female,$932000.42,1004475996,CC
831,Tynan,Otley,totleyn2@elpais.com,Male,$373708.11,601337350,PP
832,Coral,Allcorn,callcornn3@tripod.com,Female,$834202.03,254905838,CC
833,Sigismund,Tichner,stichnern4@netlog.com,Male,$960751.51,67850097,IT
834,Allen,Lorait,aloraitn5@ycombinator.com,Male,$765554.85,798205480,IT
835,Adore,Vallow,avallown6@is.gd,Female,$910320.87,529277424,CC
836,Allx,Oman,aomann7@jiathis.com,Female,$654699.42,569182709,CC
837,Charisse,Snalum,csnalumn8@home.pl,Female,$472365.42,948304380,CC
838,Rafaela,Guilder,rguildern9@youtu.be,Female,$654170.87,929969981,PP
839,Pierce,Blazeby,pblazebyna@marketwatch.com,Male,$422146.79,777516324,CC
840,Lou,Gammage,lgammagenb@rediff.com,Female,$892660.25,339070216,IT
841,Gregoor,Edgars,gedgarsnc@oaic.gov.au,Male,$490308.25,908014123,PP
842,Adrea,Hatter,ahatternd@engadget.com,Female,$216427.85,198574427,IT
843,Freddie,Ipsley,fipsleyne@nasa.gov,Male,$543605.93,742351257,PP
844,Abbi,Cade,acadenf@psu.edu,Female,$840817.68,854047532,PP
845,Gordy,Jermy,gjermyng@ehow.com,Male,$157660.38,678179411,CC
846,Gauthier,Cantle,gcantlenh@mozilla.com,Male,$130416.68,287570877,IT
847,Flory,Keaveney,fkeaveneyni@prnewswire.com,Male,$369451.76,917602603,IT
848,Siouxie,Mayell,smayellnj@wired.com,Female,$389146.40,742314282,PP
849,Gaylor,Cayton,gcaytonnk@yahoo.co.jp,Male,$193276.50,919075572,CC
850,Sascha,Bugden,sbugdennl@wiley.com,Male,$531078.22,755466259,CC
851,Fabien,Maccari,fmaccarinm@symantec.com,Male,$452138.16,934621800,CC
852,Francoise,Fewtrell,ffewtrellnn@godaddy.com,Female,$162007.33,807242511,PP
853,Sasha,Doudney,sdoudneyno@seesaa.net,Male,$939974.75,1009278197,CC
854,Beniamino,Crissil,bcrissilnp@ustream.tv,Male,$804240.09,902683603,CC
855,Brunhilda,Stoker,bstokernq@lycos.com,Female,$137754.11,99315989,PP
856,Norman,Waldock,nwaldocknr@slate.com,Male,$584571.96,450638021,CC
857,Burtie,Nobles,bnoblesns@stumbleupon.com,Male,$929768.43,736681153,CC
858,Francisco,Hasard,fhasardnt@rakuten.co.jp,Male,$309618.27,571784055,CC
859,Crystie,Buer,cbuernu@tripadvisor.com,Female,$732885.10,104502198,IT
860,Shannah,Eisak,seisaknv@buzzfeed.com,Female,$210646.46,129686165,CC
861,Desiree,Tydeman,dtydemannw@un.org,Female,$843116.37,192006340,IT
862,Marissa,Menelaws,mmenelawsnx@google.com.hk,Female,$784846.39,895618478,IT
863,Cleveland,Kilfeder,ckilfederny@auda.org.au,Male,$474385.26,753297282,IT
864,Phil,Verring,pverringnz@yellowpages.com,Female,$168074.25,804484340,PP
865,Annmaria,Southward,asouthwardo0@toplist.cz,Female,$516249.75,532513751,CC
866,Rhiamon,Anwell,ranwello1@patch.com,Female,$735331.21,36882970,PP
867,Morris,Jarratt,mjarratto2@uol.com.br,Male,$466716.15,839269342,IT
868,Lesli,Brewin,lbrewino3@cbsnews.com,Female,$133009.30,284657966,PP
869,Wynn,Snook,wsnooko4@feedburner.com,Male,$542143.14,628647551,CC
870,Annadiane,Harcourt,aharcourto5@pcworld.com,Female,$358912.92,448720019,PP
871,Kerrin,Ethington,kethingtono6@wired.com,Female,$448196.34,717497940,PP
872,Malvin,Basillon,mbasillono7@jiathis.com,Male,$633123.50,340585896,PP
873,Pearline,Willoway,pwillowayo8@deviantart.com,Female,$295032.60,8293394,PP
874,Margarita,Rowthorn,mrowthorno9@cdbaby.com,Female,$751289.85,725677042,CC
875,Ichabod,Decourt,idecourtoa@arizona.edu,Male,$596441.39,232380959,PP
876,Kristos,Neubigging,kneubiggingob@imageshack.us,Male,$187788.40,748753729,CC
877,Hyacinthie,Desquesnes,hdesquesnesoc@vistaprint.com,Female,$765925.81,37066156,IT
878,Bucky,Thackwray,bthackwrayod@engadget.com,Male,$481618.73,697483033,PP
879,Barbee,Heinemann,bheinemannoe@desdev.cn,Female,$427674.33,901025784,PP
880,Fair,Dyzart,fdyzartof@imgur.com,Male,$830371.18,596437860,CC
881,Herminia,Pruckner,hprucknerog@admin.ch,Female,$495641.37,457655547,PP
882,Ruy,Woolrich,rwoolrichoh@miitbeian.gov.cn,Male,$131190.87,395206448,IT
883,Faydra,Lead,fleadoi@yahoo.co.jp,Female,$480191.70,579497688,CC
884,Norby,Barajaz,nbarajazoj@statcounter.com,Male,$397733.83,40197278,PP
885,Isis,Tomei,itomeiok@youtube.com,Female,$358236.13,619970363,CC
886,Willis,Riddich,wriddichol@ft.com,Male,$626873.52,164158598,CC
887,Hector,Teissier,hteissierom@nytimes.com,Male,$858342.33,941375798,IT
888,Cassandra,Cheesman,ccheesmanon@google.ca,Female,$656958.99,329211601,PP
889,Georg,Dooman,gdoomanoo@multiply.com,Male,$978427.49,34122874,IT
890,Madeline,Zannotelli,mzannotelliop@wufoo.com,Female,$811453.77,470718706,IT
891,Antoinette,Bramham,abramhamoq@free.fr,Female,$260319.77,191183682,IT
892,Galven,Wais,gwaisor@blinklist.com,Male,$892721.31,35246025,IT
893,Darcy,Lott,dlottos@nbcnews.com,Male,$735238.08,90295830,IT
894,Nerta,Gradwell,ngradwellot@sphinn.com,Female,$404781.67,280457289,IT
895,Tremayne,Reoch,treochou@51.la,Male,$579610.47,133604067,CC
896,Abagael,Blankley,ablankleyov@youtu.be,Female,$266201.18,767033335,IT
897,Lacey,Spiaggia,lspiaggiaow@twitter.com,Female,$715075.92,688870570,IT
898,Brana,Rekes,brekesox@theatlantic.com,Female,$286046.89,522429893,IT
899,Libbi,Antonietti,lantoniettioy@rakuten.co.jp,Female,$375901.58,717803562,CC
900,Gwenette,Cissell,gcisselloz@privacy.gov.au,Female,$804408.28,163844030,PP
901,Pat,Dusting,pdustingp0@disqus.com,Male,$932505.89,855679625,IT
902,Tonnie,Stones,tstonesp1@i2i.jp,Male,$160329.77,352710417,CC
903,Cart,Corrin,ccorrinp2@photobucket.com,Male,$443972.49,552285833,IT
904,Jolynn,Stickney,jstickneyp3@apache.org,Female,$877048.89,283010570,CC
905,Rosalinda,Reese,rreesep4@ftc.gov,Female,$393208.15,457073322,PP
906,Wilona,Spaughton,wspaughtonp5@1688.com,Female,$837005.26,153754808,PP
907,Edik,Dankersley,edankersleyp6@usatoday.com,Male,$469013.44,606763826,PP
908,Toby,Walklott,twalklottp7@dmoz.org,Female,$613472.75,658313406,CC
909,Lorelei,Dormon,ldormonp8@list-manage.com,Female,$142202.58,60620240,IT
910,Briant,Marciskewski,bmarciskewskip9@twitpic.com,Male,$102293.94,675488849,IT
911,Halsey,Steger,hstegerpa@harvard.edu,Male,$524760.97,65467748,CC
912,Hughie,Melmeth,hmelmethpb@blogspot.com,Male,$768567.36,834126580,PP
913,Sheeree,Hurn,shurnpc@ucla.edu,Female,$746759.62,396187137,IT
914,Marmaduke,Allmond,mallmondpd@businessinsider.com,Male,$664527.58,859519020,IT
915,Yetta,Suddards,ysuddardspe@rakuten.co.jp,Female,$344381.75,289361836,CC
916,Juliette,Pallin,jpallinpf@google.es,Female,$833203.36,674936065,IT
917,Brittney,Mulbery,bmulberypg@nasa.gov,Female,$137163.62,187729229,IT
918,Rebeca,Hadleigh,rhadleighph@vinaora.com,Female,$674630.96,261186256,PP
919,Lucais,Franiak,lfraniakpi@dot.gov,Male,$235094.98,360002314,IT
920,Perice,Eddoes,peddoespj@yolasite.com,Male,$482648.72,1038293604,IT
921,Oralla,Bamforth,obamforthpk@blogger.com,Female,$722988.44,482163767,PP
922,Ilka,Traynor,itraynorpl@uiuc.edu,Female,$544003.04,364073317,PP
923,Flor,Amies,famiespm@apple.com,Female,$219446.37,174431241,IT
924,Brooke,Reichardt,breichardtpn@ycombinator.com,Male,$627278.33,784581037,PP
925,Sarajane,Gee,sgeepo@etsy.com,Female,$879901.27,48783224,PP
926,Arly,Terris,aterrispp@google.com.hk,Female,$205195.05,772356067,CC
927,Riane,Cullum,rcullumpq@europa.eu,Female,$134056.31,858995941,PP
928,Roth,Gun,rgunpr@nifty.com,Male,$257538.35,818462524,CC
929,Bernadette,Goodby,bgoodbyps@is.gd,Female,$710270.71,402654309,IT
930,Rose,Gaveltone,rgaveltonept@eepurl.com,Female,$944114.98,285348552,PP
931,Gian,Swainson,gswainsonpu@blogtalkradio.com,Male,$287637.07,476908103,IT
932,Temple,Wetherick,twetherickpv@jiathis.com,Male,$340966.90,24586835,PP
933,Glynn,MacHoste,gmachostepw@rakuten.co.jp,Male,$347115.36,163658421,PP
934,Wildon,Capitano,wcapitanopx@cdbaby.com,Male,$939704.05,145817875,CC
935,Elijah,O'Growgane,eogrowganepy@harvard.edu,Male,$365043.97,412305189,PP
936,Hagen,Vasyunkin,hvasyunkinpz@fastcompany.com,Male,$954269.85,790583100,CC
937,Read,Vannikov,rvannikovq0@bizjournals.com,Male,$787784.60,552836023,PP
938,Leta,Offield,loffieldq1@sakura.ne.jp,Female,$212217.42,475177147,PP
939,Mirella,Skittreal,mskittrealq2@census.gov,Female,$537483.07,342632993,PP
940,Earle,Calven,ecalvenq3@webmd.com,Male,$194933.32,656032639,CC
941,Jefferson,Loraine,jloraineq4@weebly.com,Male,$819096.98,724709389,IT
942,Emilio,Hearst,ehearstq5@privacy.gov.au,Male,$290916.72,688512967,IT
943,Maude,O'Leary,molearyq6@slate.com,Female,$931314.75,260508335,CC
944,Sissie,Gascoigne,sgascoigneq7@sciencedaily.com,Female,$647278.95,691943994,PP
945,Junette,Dysart,jdysartq8@hao123.com,Female,$616756.73,638803641,IT
946,Filip,Deluze,fdeluzeq9@google.co.jp,Male,$302556.31,421480258,CC
947,Livvyy,Silly,lsillyqa@wsj.com,Female,$488556.81,313815734,IT
948,Maddy,Kissell,mkissellqb@nps.gov,Female,$704117.68,83776787,PP
949,Sean,Stockman,sstockmanqc@epa.gov,Male,$976027.64,907389273,PP
950,Bax,Varvell,bvarvellqd@pbs.org,Male,$527229.12,595802287,IT
951,Buiron,Greenwood,bgreenwoodqe@hugedomains.com,Male,$333222.05,484252767,IT
952,Steffie,Pash,spashqf@gnu.org,Female,$765414.64,13704865,CC
953,Temp,Cosins,tcosinsqg@blinklist.com,Male,$517060.74,909636408,IT
954,Albina,Hannigane,ahanniganeqh@lulu.com,Female,$434007.34,1031956265,PP
955,Yanaton,Hawkswood,yhawkswoodqi@joomla.org,Male,$362010.45,777243722,CC
956,Johanna,Kirkness,jkirknessqj@ning.com,Female,$777608.25,58434241,PP
957,Archy,Sijmons,asijmonsqk@aboutads.info,Male,$642474.15,451278826,CC
958,Hube,Ollie,hollieql@dion.ne.jp,Male,$524305.75,222344032,IT
959,Melloney,McKendry,mmckendryqm@yellowbook.com,Female,$257480.62,5724328,CC
960,Jeannette,Wysome,jwysomeqn@purevolume.com,Female,$638796.38,775282431,PP
961,Eldon,Reddihough,ereddihoughqo@barnesandnoble.com,Male,$327977.03,333275531,PP
962,Virge,Wishart,vwishartqp@wordpress.com,Male,$467065.15,938440923,CC
963,Alexi,Rutland,arutlandqq@t.co,Female,$362417.39,729543910,IT
964,Konstance,Dumbelton,kdumbeltonqr@smugmug.com,Female,$572868.23,41858899,PP
965,Lucky,Smurfit,lsmurfitqs@gnu.org,Female,$433153.28,131776971,CC
966,Travus,Mullan,tmullanqt@cbslocal.com,Male,$851539.23,861954656,IT
967,Lenette,Coggin,lcogginqu@yellowpages.com,Female,$175159.43,553168033,IT
968,Angelina,Gasgarth,agasgarthqv@whitehouse.gov,Female,$290898.24,244080883,PP
969,Wilfred,Tumilson,wtumilsonqw@nih.gov,Male,$364038.09,682920346,IT
970,Ado,Rutley,arutleyqx@edublogs.org,Male,$426991.80,890174629,CC
971,Drusi,Gallienne,dgallienneqy@joomla.org,Female,$564366.32,496260429,PP
972,Ugo,Larrosa,ularrosaqz@sourceforge.net,Male,$774034.38,589135122,PP
973,Madalena,Muzzall,mmuzzallr0@yellowpages.com,Female,$679787.69,1003798171,IT
974,Florinda,Newcombe,fnewcomber1@istockphoto.com,Female,$207964.22,264446965,IT
975,Shaun,Welden,sweldenr2@patch.com,Male,$937248.83,50964314,PP
976,Keen,Rigate,krigater3@toplist.cz,Male,$550806.65,115208473,PP
977,Rossie,De Roos,rderoosr4@google.com.au,Male,$161025.61,760030435,PP
978,Kerianne,Ingliss,kinglissr5@businessinsider.com,Female,$154871.00,600956507,PP
979,Dani,Eke,deker6@linkedin.com,Male,$615408.84,581647121,CC
980,Anatole,Oliffe,aoliffer7@github.io,Male,$527097.06,146418377,IT
981,Den,Pickersgill,dpickersgillr8@amazon.de,Male,$767883.11,566413095,IT
982,Shurwood,Alexandrou,salexandrour9@tamu.edu,Male,$261685.30,860635782,CC
983,Brandy,Gregg,bgreggra@unicef.org,Male,$327793.08,919634114,PP
984,Ronna,Rylance,rrylancerb@alibaba.com,Female,$414455.69,743334074,IT
985,Erich,Sanson,esansonrc@angelfire.com,Male,$894803.03,216810275,PP
986,Tierney,Bonde,tbonderd@jugem.jp,Female,$623095.38,686670498,PP
987,Gayler,Mettricke,gmettrickere@symantec.com,Male,$619197.66,578401290,CC
988,Ragnar,Fronks,rfronksrf@wikispaces.com,Male,$383771.47,498831603,IT
989,Gradey,Herche,ghercherg@jigsy.com,Male,$348940.37,854246589,IT
990,Dominique,Gadd,dgaddrh@berkeley.edu,Female,$927629.40,398489829,CC
991,Marsiella,Saffell,msaffellri@intel.com,Female,$734130.91,593631119,IT
992,Cathryn,Brose,cbroserj@networkadvertising.org,Female,$828179.22,299291387,CC
993,Ignazio,Hollerin,ihollerinrk@mapquest.com,Male,$781889.61,389379073,IT
994,Darin,Hannaby,dhannabyrl@sun.com,Male,$976657.31,357253569,CC
995,Glynnis,Windsor,gwindsorrm@moonfruit.com,Female,$700675.26,732649878,PP
996,Briant,Tiron,btironrn@123-reg.co.uk,Male,$581222.72,858208778,PP
997,Mayer,Knock,mknockro@csmonitor.com,Male,$910259.17,880549231,PP
998,Thelma,Barltrop,tbarltroprp@comsenz.com,Female,$618062.08,764419797,PP
999,Jorgan,Rotchell,jrotchellrq@oracle.com,Male,$573978.91,636579568,CC
1000,Chelsae,Baltzar,cbaltzarrr@theguardian.com,Female,$748134.13,389059781,PP
