id,nombre,apellido,email,genero,valor_tx,numero_identificacion,tipo_identificacion
1,Bertie,Lindberg,blindberg0@google.co.uk,Female,$884282.41,996741909,IT
2,Ulrick,Ropert,uropert1@csmonitor.com,Male,$389947.28,541983008,PP
3,Kirbie,Pettis,kpettis2@mtv.com,Female,$200264.14,404508179,CC
4,Katerina,Charlesworth,kcharlesworth3@telegraph.co.uk,Female,$970680.36,49108677,CC
5,Conny,Accombe,caccombe4@stumbleupon.com,Male,$532118.96,880044130,CC
6,Poul,Ruddiman,pruddiman5@elegantthemes.com,Male,$439352.79,1047552369,PP
7,Burr,Wathell,bwathell6@weather.com,Male,$504615.03,11080688,PP
8,Anatola,Todaro,atodaro7@mtv.com,Female,$380742.36,23539786,CC
9,Demetrius,Donet,ddonet8@arstechnica.com,Male,$163475.16,362442590,IT
10,Amye,Conlaund,aconlaund9@pen.io,Female,$286297.28,749082701,PP
11,Megan,Bennetto,mbennettoa@constantcontact.com,Female,$901838.06,846212787,IT
12,Bear,Deneve,bdeneveb@free.fr,Male,$942817.09,450858980,IT
13,Carver,Scobbie,cscobbiec@netvibes.com,Male,$849974.30,276248779,IT
14,Kyla,Alan,kaland@youku.com,Female,$117277.39,496125141,PP
15,Noble,Skews,nskewse@addthis.com,Male,$442229.76,924877734,IT
16,Kelbee,Cicccitti,kcicccittif@nyu.edu,Male,$390775.93,814258848,PP
17,Everard,Honywill,ehonywillg@netscape.com,Male,$949358.80,424622461,IT
18,Jennee,Dict,jdicth@mapquest.com,Female,$270147.28,19417324,IT
19,Charis,Dewen,cdeweni@dagondesign.com,Female,$356808.64,489319923,CC
20,Jarrid,Lynnett,jlynnettj@techcrunch.com,Male,$694673.91,284387759,PP
21,Anthony,Parkman,aparkmank@cbc.ca,Male,$115032.91,959864050,IT
22,Johnnie,Boag,jboagl@histats.com,Male,$235029.93,452795926,PP
23,Drusy,Dmitr,ddmitrm@google.com.hk,Female,$877283.39,405246659,IT
24,Carline,Dowson,cdowsonn@utexas.edu,Female,$855280.80,98883139,CC
25,Brocky,Lempel,blempelo@canalblog.com,Male,$519011.35,931082600,IT
26,Cullan,Dufour,cdufourp@hostgator.com,Male,$208906.06,204582480,IT
27,Sonny,Stenson,sstensonq@fda.gov,Female,$965975.27,215336404,PP
28,Cullie,Blofield,cblofieldr@tinyurl.com,Male,$233063.57,190099028,IT
29,Latisha,Scamaden,lscamadens@ftc.gov,Female,$855914.23,235305448,CC
30,Boycie,Douglass,bdouglasst@liveinternet.ru,Male,$514438.18,906955182,CC
31,King,Ebbetts,kebbettsu@blogtalkradio.com,Male,$339115.73,585236559,PP
32,Mendel,Mulvany,mmulvanyv@mysql.com,Male,$541986.64,135908600,CC
33,Flossie,Richards,frichardsw@g.co,Female,$831929.57,194278155,IT
34,Kandace,Eykel,keykelx@twitpic.com,Female,$172238.97,298383054,IT
35,Lise,Chezelle,lchezelley@pcworld.com,Female,$486726.16,770256574,IT
36,Porty,Taverner,ptavernerz@123-reg.co.uk,Male,$924120.19,463161260,PP
37,Davide,Hulkes,dhulkes10@archive.org,Male,$425596.20,598938563,PP
38,Shepard,Lombardo,slombardo11@sbwire.com,Male,$424334.08,331025003,PP
39,Dolli,Chidgey,dchidgey12@salon.com,Female,$548054.15,36686911,PP
40,Stanley,Vaughten,svaughten13@nih.gov,Male,$193775.87,15870410,IT
41,Carter,Haruard,charuard14@youtube.com,Male,$596035.98,71744950,IT
42,Alfred,Birt,abirt15@businesswire.com,Male,$338584.65,935743670,IT
43,Emanuele,Free,efree16@vimeo.com,Male,$317884.45,238384632,CC
44,Genvieve,Sepey,gsepey17@blog.com,Female,$400835.00,424283135,PP
45,Kessia,Houldin,khouldin18@mac.com,Female,$710265.15,329819475,PP
46,Adolph,Crabtree,acrabtree19@earthlink.net,Male,$839846.22,663881849,CC
47,Gus,Davidde,gdavidde1a@who.int,Female,$881937.86,356283131,IT
48,Godfry,Gilsthorpe,ggilsthorpe1b@multiply.com,Male,$173358.41,479623805,CC
49,Granger,Devanny,gdevanny1c@weibo.com,Male,$662194.06,602653273,PP
50,Lana,Collete,lcollete1d@moonfruit.com,Female,$931194.64,343042475,CC
51,Nevins,Collibear,ncollibear1e@cornell.edu,Male,$995559.82,924559561,IT
52,Mel,Cullon,mcullon1f@salon.com,Male,$619824.70,392816171,IT
53,Jere,Kilroy,jkilroy1g@moonfruit.com,Female,$179694.03,58852065,IT
54,Cindy,Olivetti,colivetti1h@sogou.com,Female,$175919.90,927519861,CC
55,Kit,O'Shirine,koshirine1i@spotify.com,Female,$152609.72,300847095,IT
56,Desmund,Carluccio,dcarluccio1j@lulu.com,Male,$677218.70,384784797,PP
57,Quinta,Bannon,qbannon1k@t-online.de,Female,$951242.80,902619593,PP
58,Boote,Quinney,bquinney1l@smh.com.au,Male,$788273.55,626408868,CC
59,Beltran,MacCurtain,bmaccurtain1m@cpanel.net,Male,$342346.48,625949834,PP
60,Caye,Vsanelli,cvsanelli1n@plala.or.jp,Female,$451455.14,710029396,PP
61,Jenn,Groveham,jgroveham1o@google.cn,Female,$554109.79,836332100,PP
62,Noble,Magnus,nmagnus1p@narod.ru,Male,$455183.79,532388731,PP
63,Aylmar,Cottham,acottham1q@jiathis.com,Male,$933257.28,401929677,CC
64,Demetris,Caillou,dcaillou1r@xinhuanet.com,Male,$535083.87,940835404,CC
65,Alexis,Capeloff,acapeloff1s@livejournal.com,Male,$246470.61,979922831,IT
66,Lettie,Abramamovh,labramamovh1t@senate.gov,Female,$961097.52,914107412,PP
67,Lorrayne,Palmby,lpalmby1u@comsenz.com,Female,$648447.09,147334636,CC
68,Abra,Ruggs,aruggs1v@ed.gov,Female,$992816.22,235549219,CC
69,Nerte,Pascow,npascow1w@cdbaby.com,Female,$849325.06,173468996,PP
70,Nicoli,Ghirigori,nghirigori1x@youtu.be,Female,$412597.58,639569316,PP
71,Vincenty,Pippard,vpippard1y@soup.io,Male,$544910.39,903305405,CC
72,Jinny,Grills,jgrills1z@yellowbook.com,Female,$830027.33,819948718,IT
73,Desirae,Bartles,dbartles20@virginia.edu,Female,$854277.44,529555262,PP
74,Far,McPartling,fmcpartling21@theglobeandmail.com,Male,$375063.77,252644057,CC
75,Ogdon,Finkle,ofinkle22@vimeo.com,Male,$575212.22,418868467,PP
76,Konstantin,Perllman,kperllman23@oaic.gov.au,Male,$501316.48,525658688,PP
77,Kyla,Lockhead,klockhead24@aol.com,Female,$289401.49,746909780,PP
78,Colas,Cranson,ccranson25@google.es,Male,$260366.36,496487395,CC
79,Pavlov,Grigorini,pgrigorini26@ezinearticles.com,Male,$662283.11,267018348,IT
80,Christa,Camillo,ccamillo27@toplist.cz,Female,$312681.37,870392846,IT
81,Andi,Muckley,amuckley28@dot.gov,Female,$765191.74,459207836,CC
82,Vasily,Kite,vkite29@weibo.com,Male,$436501.86,350281614,CC
83,Dannel,Cryer,dcryer2a@time.com,Male,$938693.93,732366887,IT
84,Charlena,Bulter,cbulter2b@army.mil,Female,$138007.66,835806007,IT
85,Hewett,Finder,hfinder2c@answers.com,Male,$846240.39,975451597,CC
86,Cass,Leonida,cleonida2d@census.gov,Female,$749326.10,368377279,IT
87,Irma,Takle,itakle2e@webmd.com,Female,$137013.84,735984986,CC
88,Cody,Overington,coverington2f@nymag.com,Female,$973330.30,415352286,IT
89,Caria,Crosio,ccrosio2g@360.cn,Female,$574160.84,1047982211,PP
90,Coop,Brecken,cbrecken2h@typepad.com,Male,$568815.31,370434057,CC
91,Carmella,Kassel,ckassel2i@eventbrite.com,Female,$518872.24,252835063,IT
92,Gawen,Agron,gagron2j@flavors.me,Male,$414153.44,571568561,CC
93,Westleigh,Cape,wcape2k@icio.us,Male,$867107.96,203082835,IT
94,Flossy,Capnerhurst,fcapnerhurst2l@indiatimes.com,Female,$810600.53,334479544,CC
95,Ceil,Alu,calu2m@google.ca,Female,$539463.59,633070354,PP
96,Vevay,Beaford,vbeaford2n@sogou.com,Female,$425248.88,1029254432,IT
97,Beatrisa,Jurca,bjurca2o@mac.com,Female,$803203.98,183481691,CC
98,Arte,Handy,ahandy2p@nature.com,Male,$244880.96,157054013,CC
99,Gipsy,Corthes,gcorthes2q@joomla.org,Female,$479013.92,971437480,PP
100,Annalise,Maciejewski,amaciejewski2r@pcworld.com,Female,$292287.28,927036654,CC
101,Georg,Kopfen,gkopfen2s@marketwatch.com,Male,$521176.71,489391794,PP
102,Letty,Ducker,lducker2t@spotify.com,Female,$193339.33,90197897,IT
103,Quentin,Basini-Gazzi,qbasinigazzi2u@mlb.com,Male,$876989.12,446570495,PP
104,Paulina,Deniset,pdeniset2v@prnewswire.com,Female,$809898.73,745375300,PP
105,Marcus,Neubigging,mneubigging2w@wunderground.com,Male,$719339.46,614501796,CC
106,Arly,Kellington,akellington2x@nasa.gov,Female,$124401.79,1019025110,PP
107,Pembroke,Carmel,pcarmel2y@nba.com,Male,$869254.97,837476724,CC
108,Alphard,Malyon,amalyon2z@sfgate.com,Male,$795551.74,788891993,IT
109,Dov,Jonsson,djonsson30@columbia.edu,Male,$760452.58,186820692,PP
110,Carin,Broadhurst,cbroadhurst31@sciencedaily.com,Female,$847043.70,30791160,IT
111,Kaleena,Witch,kwitch32@imdb.com,Female,$473643.90,999504252,PP
112,Alexandros,Colkett,acolkett33@fc2.com,Male,$718363.31,758401989,PP
113,Hilde,Ponte,hponte34@toplist.cz,Female,$361482.21,820893576,CC
114,Ealasaid,Thunnerclef,ethunnerclef35@mediafire.com,Female,$658452.00,424117530,PP
115,Orrin,Sharply,osharply36@dailymail.co.uk,Male,$395753.59,735263226,PP
116,Redford,O'Cooney,rocooney37@homestead.com,Male,$158423.79,351960848,IT
117,Ravid,Prescott,rprescott38@wordpress.org,Male,$375126.91,1039858573,CC
118,Letisha,Catanheira,lcatanheira39@vinaora.com,Female,$784239.84,64666303,PP
119,Mahalia,Rogan,mrogan3a@archive.org,Female,$360100.88,882910860,IT
120,Adda,Blackmuir,ablackmuir3b@answers.com,Female,$177572.93,378464410,CC
121,Channa,Grinyakin,cgrinyakin3c@livejournal.com,Female,$932863.30,814935779,IT
122,Abramo,Chstney,achstney3d@dailymotion.com,Male,$994964.85,527811912,CC
123,Vanny,Cardiff,vcardiff3e@cornell.edu,Female,$205381.97,712723697,CC
124,Chrysa,Causier,ccausier3f@pinterest.com,Female,$525339.35,356479616,CC
125,Burg,Bims,bbims3g@adobe.com,Male,$507820.34,675273742,CC
126,Stanly,Enderby,senderby3h@geocities.jp,Male,$788675.69,706709169,PP
127,Boony,Ahmed,bahmed3i@earthlink.net,Male,$585994.84,455181024,PP
128,Gussy,Musla,gmusla3j@artisteer.com,Female,$764166.82,138742132,IT
129,Mufi,MacLennan,mmaclennan3k@chron.com,Female,$126540.01,808252525,CC
130,Diandra,Philpault,dphilpault3l@time.com,Female,$204538.92,968410320,CC
131,Dyanna,Cinnamond,dcinnamond3m@twitpic.com,Female,$261910.04,417903440,PP
132,Vivianna,Baird,vbaird3n@theglobeandmail.com,Female,$436956.84,132438790,IT
133,Dugald,Peploe,dpeploe3o@skyrock.com,Male,$913458.42,196773881,PP
134,Marijo,Flicker,mflicker3p@creativecommons.org,Female,$368075.90,525221908,PP
135,Haskell,Durrand,hdurrand3q@spiegel.de,Male,$809213.03,217531125,CC
136,Julianna,Bramley,jbramley3r@reference.com,Female,$815299.98,358621589,PP
137,Archibald,Nacey,anacey3s@nationalgeographic.com,Male,$241267.66,744988222,IT
138,Terrence,Honywill,thonywill3t@yellowbook.com,Male,$292100.00,257671220,IT
139,Cordelia,Sweetnam,csweetnam3u@hp.com,Female,$681996.10,66223340,PP
140,Olva,Clearley,oclearley3v@ebay.co.uk,Female,$204041.18,438199805,PP
141,Cacilie,Brine,cbrine3w@about.com,Female,$323654.11,154795315,CC
142,Minne,Reckless,mreckless3x@chronoengine.com,Female,$674196.55,300661685,IT
143,Alexina,Lyttle,alyttle3y@ameblo.jp,Female,$984254.96,160206110,PP
144,Cherice,Alaway,calaway3z@prlog.org,Female,$321751.81,1007798573,PP
145,Hendrik,Rodder,hrodder40@spotify.com,Male,$691034.15,560650834,PP
146,Toni,Hanney,thanney41@a8.net,Female,$554131.57,445559043,PP
147,Ramsay,Bootell,rbootell42@tamu.edu,Male,$116617.21,387016115,CC
148,Vonny,Sweetzer,vsweetzer43@weibo.com,Female,$840558.94,969922720,IT
149,Jenica,Lightbown,jlightbown44@youtube.com,Female,$219084.66,974328695,IT
150,Ellette,Crambie,ecrambie45@washingtonpost.com,Female,$498166.78,12286272,CC
151,Myrvyn,Fane,mfane46@vk.com,Male,$492485.13,727731876,PP
152,Rudy,McFadden,rmcfadden47@gov.uk,Male,$923341.37,146679620,IT
153,Fredek,Devorill,fdevorill48@creativecommons.org,Male,$852623.37,690731449,PP
154,Tony,Escolme,tescolme49@163.com,Male,$108091.81,921414827,IT
155,Halley,Joanaud,hjoanaud4a@narod.ru,Female,$350137.22,44613434,CC
156,Gale,Brabbs,gbrabbs4b@squarespace.com,Female,$497120.68,413250849,CC
157,Nathalia,Cowen,ncowen4c@usa.gov,Female,$787038.06,984045256,CC
158,Derrik,Hansard,dhansard4d@msu.edu,Male,$662507.46,243904214,PP
159,Mackenzie,Fenty,mfenty4e@dyndns.org,Male,$939343.89,201106250,IT
160,Jeramie,Tremoulet,jtremoulet4f@nyu.edu,Male,$971004.83,108483583,PP
161,Simonette,Hayesman,shayesman4g@shinystat.com,Female,$385277.43,603726362,CC
162,Gill,Monget,gmonget4h@weather.com,Female,$332718.23,20758248,PP
163,Corbett,Basnett,cbasnett4i@mit.edu,Male,$496346.59,1048158755,PP
164,Darcee,Farreil,dfarreil4j@shop-pro.jp,Female,$805364.29,886757510,IT
165,Jacky,Bothbie,jbothbie4k@noaa.gov,Male,$517872.76,1011460822,CC
166,Meris,Akerman,makerman4l@npr.org,Female,$617321.94,699402124,IT
167,Horton,Soutter,hsoutter4m@aol.com,Male,$170675.27,15187260,CC
168,Bettina,Emney,bemney4n@foxnews.com,Female,$999032.98,112110265,PP
169,Arne,Timewell,atimewell4o@squarespace.com,Male,$549588.50,1019015019,IT
170,Mellicent,Malshinger,mmalshinger4p@mozilla.org,Female,$750163.64,641698762,PP
171,Quentin,Skade,qskade4q@nydailynews.com,Female,$471112.28,252166677,IT
172,Jobye,Eble,jeble4r@storify.com,Female,$145449.54,334886919,PP
173,Dario,Calvert,dcalvert4s@theguardian.com,Male,$172222.83,303467660,CC
174,Sibeal,Skudder,sskudder4t@imgur.com,Female,$976719.91,359807706,PP
175,Geoffry,Paffitt,gpaffitt4u@seesaa.net,Male,$597166.00,134123476,IT
176,Jakob,Vallens,jvallens4v@webnode.com,Male,$891985.30,338361986,PP
177,Robinetta,Whitwam,rwhitwam4w@dion.ne.jp,Female,$744067.67,124676658,IT
178,Pate,Hansman,phansman4x@gizmodo.com,Male,$904778.45,489257211,IT
179,Terri,Fritchly,tfritchly4y@ucoz.ru,Male,$204846.11,300143357,CC
180,Stefano,Eteen,seteen4z@guardian.co.uk,Male,$263204.87,986322867,CC
181,Tawsha,Bingham,tbingham50@wunderground.com,Female,$315328.46,597470424,PP
182,Roi,Marklin,rmarklin51@multiply.com,Male,$839629.02,644964669,IT
183,Jedd,Cropp,jcropp52@jimdo.com,Male,$623015.57,595500420,PP
184,Darrelle,Van den Velden,dvandenvelden53@networkadvertising.org,Female,$223865.77,551556729,PP
185,Basilius,Attride,battride54@instagram.com,Male,$785314.33,717476475,IT
186,Juliane,Calwell,jcalwell55@huffingtonpost.com,Female,$218515.30,566277597,IT
187,Wiatt,Jevons,wjevons56@feedburner.com,Male,$493080.26,1002753087,CC
188,Leena,Larcher,llarcher57@paypal.com,Female,$702272.68,385471667,PP
189,Hanni,Wermerling,hwermerling58@wordpress.com,Female,$392647.31,444401455,PP
190,Victoir,Brownsword,vbrownsword59@google.com.au,Male,$717008.89,819730636,CC
191,Fredric,Swynfen,fswynfen5a@indiegogo.com,Male,$165103.20,321698253,IT
192,Cobb,Raspel,craspel5b@paypal.com,Male,$581592.30,122236465,IT
193,Corry,Menco,cmenco5c@state.tx.us,Female,$908529.86,973943764,PP
194,Paule,Stonuary,pstonuary5d@example.com,Female,$718684.14,756543641,IT
195,Vern,Lepard,vlepard5e@e-recht24.de,Male,$997217.15,553864550,CC
196,Humberto,Godman,hgodman5f@ocn.ne.jp,Male,$863744.66,339728252,CC
197,Georgetta,Cowill,gcowill5g@cbsnews.com,Female,$483151.83,765105366,PP
198,Zorina,Ferne,zferne5h@blog.com,Female,$549999.62,741459896,CC
199,Daffi,Patten,dpatten5i@lycos.com,Female,$367164.91,781357874,CC
200,Ruttger,Woolley,rwoolley5j@techcrunch.com,Male,$982583.50,208869507,IT
201,Kerianne,Philippart,kphilippart5k@ow.ly,Female,$113393.17,354691436,CC
202,Vivianne,Lotwich,vlotwich5l@blog.com,Female,$355155.60,38089247,CC
203,Tildi,Venning,tvenning5m@w3.org,Female,$116687.46,708230594,CC
204,Burr,Harman,bharman5n@patch.com,Male,$230975.32,628273924,CC
205,Roobbie,Cawsey,rcawsey5o@dion.ne.jp,Female,$478432.94,480592286,IT
206,Peria,Di Carlo,pdicarlo5p@globo.com,Female,$360116.28,119017533,IT
207,Bessie,Janse,bjanse5q@reddit.com,Female,$971757.46,937923848,PP
208,Hunfredo,De Cristofalo,hdecristofalo5r@shop-pro.jp,Male,$365229.18,286543831,IT
209,Anny,Beckmann,abeckmann5s@naver.com,Female,$969481.98,714333200,PP
210,Eustace,Eilhersen,eeilhersen5t@parallels.com,Male,$190670.63,846321777,PP
211,Justinian,Insull,jinsull5u@ocn.ne.jp,Male,$284183.92,319395190,PP
212,Tucker,Camellini,tcamellini5v@dot.gov,Male,$995980.02,75952373,CC
213,Leeland,Schelle,lschelle5w@who.int,Male,$731599.91,219005756,CC
214,Dolorita,Hierro,dhierro5x@samsung.com,Female,$935302.14,187106261,PP
215,Hunt,Najara,hnajara5y@so-net.ne.jp,Male,$105047.42,407121821,IT
216,Cointon,Zanotti,czanotti5z@godaddy.com,Male,$471632.56,22137444,PP
217,Nathanil,Manley,nmanley60@patch.com,Male,$634614.80,109652961,PP
218,Agnesse,Traske,atraske61@archive.org,Female,$475639.67,882513671,CC
219,Arther,Cherrington,acherrington62@ycombinator.com,Male,$913149.53,124909986,IT
220,Durand,Mahony,dmahony63@sfgate.com,Male,$741228.19,910176615,CC
221,Codi,Rudolfer,crudolfer64@cisco.com,Female,$551739.13,531624842,CC
222,Nero,Plewright,nplewright65@techcrunch.com,Male,$150454.19,754342848,IT
223,Octavius,Doag,odoag66@google.com.hk,Male,$658467.31,1038432236,PP
224,Binni,Housam,bhousam67@ycombinator.com,Female,$686916.06,578762849,IT
225,Kinna,Raubenheimers,kraubenheimers68@cnet.com,Female,$165921.65,211035589,IT
226,Salli,Botten,sbotten69@pcworld.com,Female,$968053.51,934431912,CC
227,Adriane,Jedraszczyk,ajedraszczyk6a@printfriendly.com,Female,$142983.46,669335717,IT
228,Susann,Kovalski,skovalski6b@cam.ac.uk,Female,$152231.40,501798812,IT
229,Cindi,Kilcullen,ckilcullen6c@zdnet.com,Female,$471250.66,900598994,IT
230,Ronalda,Train,rtrain6d@barnesandnoble.com,Female,$484069.83,1001484414,PP
231,Alfredo,D'Costa,adcosta6e@slate.com,Male,$365660.49,131597909,IT
232,Gwyneth,Poyle,gpoyle6f@amazon.de,Female,$756381.19,593437465,CC
233,Delila,Ladds,dladds6g@dailymotion.com,Female,$695925.01,586018313,PP
234,Haleigh,Yuryichev,hyuryichev6h@ameblo.jp,Female,$166242.08,235136878,IT
235,Abra,Vigurs,avigurs6i@wikipedia.org,Female,$675337.22,968790143,CC
236,Ernestine,Dedden,ededden6j@businesswire.com,Female,$476853.02,36632366,PP
237,Esmeralda,Rawlings,erawlings6k@cbc.ca,Female,$857360.23,446749836,CC
238,Ara,Ummfrey,aummfrey6l@imdb.com,Female,$406417.60,318147396,IT
239,Zabrina,Leggs,zleggs6m@mozilla.org,Female,$857688.57,210212678,IT
240,Cody,Baddiley,cbaddiley6n@taobao.com,Male,$351813.53,445989260,IT
241,Justinn,Howarth,jhowarth6o@google.es,Female,$464619.16,422998492,IT
242,Sallyann,Rablen,srablen6p@unc.edu,Female,$876155.04,1026765222,IT
243,Quent,Hamley,qhamley6q@mapquest.com,Male,$693123.91,897904224,CC
244,Janela,Baine,jbaine6r@dell.com,Female,$666158.33,685977156,PP
245,Dorita,Edgcumbe,dedgcumbe6s@google.ru,Female,$851713.79,113319800,CC
246,Halley,Derington,hderington6t@smh.com.au,Female,$634596.16,318913205,IT
247,Maxi,Hubbart,mhubbart6u@trellian.com,Female,$681320.92,213286684,IT
248,Kamillah,Wissbey,kwissbey6v@europa.eu,Female,$602887.96,261807374,PP
249,Brose,Rambaut,brambaut6w@cbslocal.com,Male,$917018.11,393818288,IT
250,Carey,Redit,credit6x@myspace.com,Female,$259584.34,1031439289,CC
251,Simonne,McBayne,smcbayne6y@furl.net,Female,$968991.76,265719630,IT
252,Hastie,Vampouille,hvampouille6z@twitpic.com,Male,$954490.92,296943355,PP
253,Barnabe,McTrustey,bmctrustey70@house.gov,Male,$678121.51,598258952,CC
254,Eldon,Duigenan,eduigenan71@barnesandnoble.com,Male,$811110.01,159367801,CC
255,Thaddus,Dorn,tdorn72@ovh.net,Male,$828561.77,644657941,IT
256,Maxim,Weatherhogg,mweatherhogg73@prlog.org,Male,$713066.63,798743217,PP
257,Mari,Bierman,mbierman74@friendfeed.com,Female,$125890.54,971372819,PP
258,Claudianus,Stobart,cstobart75@de.vu,Male,$781757.11,357897126,CC
259,Thomas,Ondrusek,tondrusek76@ed.gov,Male,$140582.29,933108313,CC
260,Ardath,Thexton,athexton77@4shared.com,Female,$918523.35,414479274,PP
261,Benny,Ledgley,bledgley78@example.com,Male,$830524.91,246540645,IT
262,Jory,de Glanville,jdeglanville79@about.me,Male,$668608.57,954209355,CC
263,Moreen,Serraillier,mserraillier7a@joomla.org,Female,$269347.25,51052840,CC
264,Cacilia,Gillon,cgillon7b@indiegogo.com,Female,$842956.60,932026090,CC
265,Stanford,Feakins,sfeakins7c@cdc.gov,Male,$703004.21,135833955,IT
266,Joe,Birts,jbirts7d@stumbleupon.com,Male,$668713.24,936204654,IT
267,Derwin,Isgar,disgar7e@marketwatch.com,Male,$414845.29,602191328,PP
268,Rosie,Delea,rdelea7f@livejournal.com,Female,$400685.51,862342408,CC
269,Isiahi,Tutill,itutill7g@state.tx.us,Male,$207254.83,1024502661,IT
270,Seymour,Greschke,sgreschke7h@columbia.edu,Male,$445813.12,637136011,PP
271,Lee,Shulver,lshulver7i@friendfeed.com,Female,$461857.05,60164224,PP
272,Torre,Gerssam,tgerssam7j@ebay.com,Male,$145169.85,516964782,PP
273,Brendon,Comerford,bcomerford7k@goo.ne.jp,Male,$483622.60,910432909,CC
274,Linnea,Macek,lmacek7l@dailymotion.com,Female,$810519.14,674941823,IT
275,Rosalynd,Smeed,rsmeed7m@about.com,Female,$363416.78,21136211,PP
276,Manny,Cullin,mcullin7n@github.io,Male,$948599.13,260987226,CC
277,Helena,Gawkroge,hgawkroge7o@nasa.gov,Female,$798068.98,845522235,IT
278,Alisander,Lindman,alindman7p@nature.com,Male,$755307.39,963235428,PP
279,Rozanna,Coldwell,rcoldwell7q@tiny.cc,Female,$228877.33,686763059,PP
280,Elliot,Lashmore,elashmore7r@admin.ch,Male,$872430.91,650381618,CC
281,Arlan,Gentery,agentery7s@scientificamerican.com,Male,$646445.99,347291374,CC
282,Grete,Costley,gcostley7t@nyu.edu,Female,$670444.97,863756549,PP
283,Ruprecht,Boldra,rboldra7u@acquirethisname.com,Male,$589182.73,963959003,IT
284,Glen,Airs,gairs7v@buzzfeed.com,Male,$685974.93,245492959,IT
285,Berti,Minchinden,bminchinden7w@phpbb.com,Female,$984033.00,443998015,PP
286,Earvin,Quigley,equigley7x@addthis.com,Male,$582890.98,877730297,CC
287,Antoinette,Weadick,aweadick7y@pen.io,Female,$387416.52,857515863,PP
288,Kennett,Stevani,kstevani7z@umich.edu,Male,$742701.47,925273885,PP
289,Casi,Bridle,cbridle80@moonfruit.com,Female,$785522.45,126388781,PP
290,Olivero,Rusbridge,orusbridge81@sun.com,Male,$831301.53,715808551,CC
291,Reginauld,Lambis,rlambis82@elegantthemes.com,Male,$515817.72,931473441,IT
292,Barde,Trotman,btrotman83@japanpost.jp,Male,$191757.68,1024752613,CC
293,Danette,Regan,dregan84@state.gov,Female,$335161.43,97000193,PP
294,Glynnis,Shillabeer,gshillabeer85@rambler.ru,Female,$252611.84,792000850,CC
295,Melvin,Barfitt,mbarfitt86@slideshare.net,Male,$677368.07,767715226,IT
296,Correy,Shakespear,cshakespear87@reddit.com,Female,$579887.32,764535593,IT
297,Reginauld,Emes,remes88@is.gd,Male,$371806.88,757112463,CC
298,Ezequiel,Farans,efarans89@yellowpages.com,Male,$199148.32,428118223,PP
299,Thatcher,McFetrich,tmcfetrich8a@ucoz.com,Male,$735002.09,830133462,IT
300,Antonio,Strowlger,astrowlger8b@sina.com.cn,Male,$882496.11,293257371,PP
301,Ase,Crosswaite,acrosswaite8c@imageshack.us,Male,$688807.29,52625291,PP
302,Dion,Antyshev,dantyshev8d@java.com,Male,$629288.49,512867566,PP
303,Jasen,Kempshall,jkempshall8e@ucoz.ru,Male,$385948.98,679609163,IT
304,Rollie,Elliss,relliss8f@census.gov,Male,$134441.79,729621867,PP
305,Josey,Ainger,jainger8g@toplist.cz,Female,$470343.52,427735394,PP
306,Natassia,Frane,nfrane8h@guardian.co.uk,Female,$761480.03,285265663,IT
307,Gillie,Faustian,gfaustian8i@elpais.com,Female,$763063.26,648211524,IT
308,Heinrick,Bresman,hbresman8j@unicef.org,Male,$114667.02,861234577,PP
309,Latrina,Balden,lbalden8k@ucsd.edu,Female,$785982.76,663947689,CC
310,Nollie,Urey,nurey8l@sciencedaily.com,Female,$843805.05,743182528,CC
311,Inigo,Oakeshott,ioakeshott8m@umn.edu,Male,$939061.18,885407891,IT
312,Paulie,Kiossel,pkiossel8n@google.de,Female,$969252.62,924449822,CC
313,Astrix,Rieme,arieme8o@comsenz.com,Female,$244762.41,886492021,CC
314,Feodora,Gubbin,fgubbin8p@wordpress.org,Female,$547347.66,313050139,PP
315,Clem,Swannack,cswannack8q@webnode.com,Male,$440782.57,624263794,IT
316,Tara,De Laci,tdelaci8r@bing.com,Female,$223050.04,713101696,IT
317,Alysa,Sidebotham,asidebotham8s@fda.gov,Female,$958584.45,556431905,IT
318,Saba,Kermannes,skermannes8t@usda.gov,Female,$741990.48,318518184,PP
319,Frank,Patmore,fpatmore8u@live.com,Female,$742125.60,731025947,IT
320,Elsworth,Jonas,ejonas8v@blogger.com,Male,$933920.32,493111465,IT
321,Molli,Chace,mchace8w@examiner.com,Female,$988126.57,377800214,IT
322,Hillery,Adamowitz,hadamowitz8x@vistaprint.com,Male,$821730.41,676896662,CC
323,Read,Lannen,rlannen8y@ucsd.edu,Male,$221858.82,608457261,CC
324,Dolf,Denerley,ddenerley8z@imdb.com,Male,$290607.86,138100551,PP
325,Anthony,Gennerich,agennerich90@godaddy.com,Male,$895997.02,720073857,PP
326,Cliff,Shutler,cshutler91@ftc.gov,Male,$714339.21,371029562,PP
327,Veda,Ragborne,vragborne92@goo.gl,Female,$246802.95,531983167,PP
328,Cosetta,Dawidowsky,cdawidowsky93@mashable.com,Female,$404179.26,617531384,CC
329,Agosto,Jeffress,ajeffress94@icq.com,Male,$412183.52,468376080,CC
330,Eugine,Smithies,esmithies95@youku.com,Female,$765274.78,1033958626,CC
331,Cleon,Matchitt,cmatchitt96@stumbleupon.com,Male,$527091.88,515987692,PP
332,Lovell,Light,llight97@last.fm,Male,$466606.45,276493862,CC
333,Harald,Perrottet,hperrottet98@youtu.be,Male,$614285.55,173497441,CC
334,Haley,Junifer,hjunifer99@berkeley.edu,Female,$664654.98,111789049,CC
335,Austina,Dunsford,adunsford9a@posterous.com,Female,$823178.79,762181651,IT
336,Andrej,McGlaud,amcglaud9b@hp.com,Male,$370033.64,950691519,IT
337,Jeffie,Houlston,jhoulston9c@youtu.be,Male,$219413.93,866869524,CC
338,Lowell,Gingold,lgingold9d@boston.com,Male,$307616.00,584785413,IT
339,Cullan,Saiz,csaiz9e@nymag.com,Male,$236845.90,826597370,IT
340,Bradly,Struys,bstruys9f@ox.ac.uk,Male,$408321.54,533347877,CC
341,Dario,Weighell,dweighell9g@ed.gov,Male,$993646.57,32307092,PP
342,Honey,Goodwin,hgoodwin9h@springer.com,Female,$268930.97,508676547,CC
343,Gianina,Burgess,gburgess9i@eventbrite.com,Female,$975970.94,64487690,IT
344,Ker,Gantzman,kgantzman9j@state.gov,Male,$353667.11,859201834,PP
345,Rickie,Torrejon,rtorrejon9k@nationalgeographic.com,Male,$911405.17,869576499,CC
346,Briano,McNiven,bmcniven9l@cdc.gov,Male,$721944.08,774530967,CC
347,Hermina,Schwandt,hschwandt9m@mac.com,Female,$293473.94,925863685,PP
348,Ramonda,Rens,rrens9n@miitbeian.gov.cn,Female,$813692.33,108623825,IT
349,Tallia,Barnshaw,tbarnshaw9o@moonfruit.com,Female,$951568.35,834724112,IT
350,Sallyann,Brittoner,sbrittoner9p@umich.edu,Female,$527510.31,106324421,IT
351,Mick,Sloy,msloy9q@unesco.org,Male,$317578.27,836504848,IT
352,Malynda,Cullivan,mcullivan9r@ameblo.jp,Female,$232735.01,855690433,PP
353,Blondell,Muccino,bmuccino9s@mac.com,Female,$857873.61,828948585,PP
354,Bernita,Sprionghall,bsprionghall9t@nature.com,Female,$449444.81,385544600,CC
355,Lurette,Maryska,lmaryska9u@comcast.net,Female,$984914.10,737953620,PP
356,Jasun,Manston,jmanston9v@gravatar.com,Male,$642090.86,202603249,IT
357,Libbie,Guerreau,lguerreau9w@cisco.com,Female,$263286.68,851097898,PP
358,Lyn,Sissot,lsissot9x@plala.or.jp,Male,$612819.44,655432108,IT
359,Emlyn,Nussey,enussey9y@indiegogo.com,Female,$241440.66,460383214,CC
360,Kristi,Bartalot,kbartalot9z@squarespace.com,Female,$679326.77,355288733,CC
361,Meggi,Ismirnioglou,mismirniogloua0@instagram.com,Female,$790271.39,640670575,IT
362,Corinna,Denziloe,cdenziloea1@elpais.com,Female,$212932.22,401748525,PP
363,Serena,MacLardie,smaclardiea2@princeton.edu,Female,$248454.87,100046468,CC
364,Rhody,Feedham,rfeedhama3@facebook.com,Female,$795829.94,1021097595,CC
365,Clevey,Dudill,cdudilla4@quantcast.com,Male,$408916.06,965210356,PP
366,Laure,Eberlein,leberleina5@wisc.edu,Female,$457772.74,679054156,CC
367,Ernesta,Lambal,elambala6@tinypic.com,Female,$866291.93,766364847,IT
368,Nara,Malimoe,nmalimoea7@thetimes.co.uk,Female,$500750.94,368090616,IT
369,Marilin,Ferretti,mferrettia8@oakley.com,Female,$681995.35,483742300,PP
370,Henry,Winterbottom,hwinterbottoma9@angelfire.com,Male,$360520.92,990684117,IT
371,Bobbye,Zack,bzackaa@ezinearticles.com,Female,$946266.47,663291451,CC
372,Banky,Dashwood,bdashwoodab@tumblr.com,Male,$617379.40,650641519,IT
373,Hollis,Ascough,hascoughac@deviantart.com,Male,$530192.18,553249069,CC
374,Adham,Woodruff,awoodruffad@blogs.com,Male,$125700.36,293303715,CC
375,Blane,Cicccitti,bcicccittiae@tuttocitta.it,Male,$521640.45,771075849,PP
376,Idell,Parton,ipartonaf@wikipedia.org,Female,$797810.61,941931173,IT
377,Thaddus,Shapland,tshaplandag@china.com.cn,Male,$785632.03,989563009,IT
378,Ignacius,Wingfield,iwingfieldah@tumblr.com,Male,$823421.76,497741725,IT
379,Forest,Glyde,fglydeai@simplemachines.org,Male,$638771.71,388218540,PP
380,Hilliary,Alfonso,halfonsoaj@va.gov,Female,$971997.66,182656991,PP
381,Pascal,Brockley,pbrockleyak@fotki.com,Male,$646515.14,912566251,CC
382,Sunny,Estabrook,sestabrookal@ovh.net,Male,$999597.61,657052379,IT
383,Maurita,Esh,mesham@skype.com,Female,$440685.56,286810652,PP
384,Neddy,Binton,nbintonan@about.me,Male,$428706.30,987103425,IT
385,Burty,Jordon,bjordonao@facebook.com,Male,$452440.70,713012769,IT
386,Marylin,Paddington,mpaddingtonap@nydailynews.com,Female,$377380.99,425308285,PP
387,Benni,O'Hallihane,bohallihaneaq@hostgator.com,Female,$387408.34,574136175,IT
388,Natalya,Raven,nravenar@about.me,Female,$983322.53,62109901,CC
389,Corney,Lethardy,clethardyas@blogspot.com,Male,$373833.32,896338379,PP
390,Devlin,Hum,dhumat@imdb.com,Male,$116524.38,636063385,IT
391,Lezley,Joist,ljoistau@mozilla.com,Male,$705316.61,583824674,PP
392,Natka,Astill,nastillav@behance.net,Female,$725513.38,712525611,PP
393,Garland,Tolossi,gtolossiaw@spotify.com,Female,$998275.30,404130736,IT
394,Joyous,Cranham,jcranhamax@ow.ly,Female,$847507.28,238895392,IT
395,Daisy,McMarquis,dmcmarquisay@tamu.edu,Female,$922736.20,596083860,CC
396,Georgy,McAuslene,gmcausleneaz@github.io,Male,$999107.74,176862007,IT
397,Garvey,Waumsley,gwaumsleyb0@walmart.com,Male,$734707.79,406534424,CC
398,Ree,Gurnee,rgurneeb1@plala.or.jp,Female,$832902.38,681320286,CC
399,Christyna,Alessandrucci,calessandruccib2@acquirethisname.com,Female,$675729.85,56845066,CC
400,Kori,Kuschke,kkuschkeb3@wsj.com,Female,$814105.58,276815426,PP
401,Dael,Farrand,dfarrandb4@usatoday.com,Female,$702718.16,487050364,PP
402,Jaquenette,Gregh,jgreghb5@a8.net,Female,$439140.63,144879508,PP
403,Simonette,Pala,spalab6@livejournal.com,Female,$299427.11,653381153,CC
404,Wang,Havers,whaversb7@macromedia.com,Male,$121358.87,361209093,IT
405,Crissie,Fishbie,cfishbieb8@github.com,Female,$481057.36,304709830,PP
406,Ulrike,Rubinek,urubinekb9@springer.com,Female,$527760.93,966704802,IT
407,Jobie,Duffus,jduffusba@github.com,Female,$591795.59,153684214,IT
408,Amity,California,acaliforniabb@bloglovin.com,Female,$819671.03,775208073,CC
409,Lyndsay,Frift,lfriftbc@exblog.jp,Female,$200439.29,1000319092,CC
410,Mal,Liddy,mliddybd@t-online.de,Male,$802392.02,972587160,IT
411,Sisely,Lock,slockbe@ucsd.edu,Female,$951512.21,689094792,PP
412,Ethe,Brandreth,ebrandrethbf@yahoo.com,Male,$736250.92,992485488,PP
413,Theresa,Caustick,tcaustickbg@prlog.org,Female,$476279.34,856172600,PP
414,Abdel,Fritchly,afritchlybh@macromedia.com,Male,$874204.52,851659378,IT
415,Darcy,Breslin,dbreslinbi@mlb.com,Female,$433314.52,682359372,PP
416,Aubine,McMenamy,amcmenamybj@live.com,Female,$673675.11,666259467,PP
417,Timmie,Priel,tprielbk@ycombinator.com,Female,$407781.85,709020467,IT
418,Ulrikaumeko,Stansfield,ustansfieldbl@nhs.uk,Female,$664699.17,659223932,IT
419,Neda,Surgeoner,nsurgeonerbm@nytimes.com,Female,$610641.44,1020366710,PP
420,Sonni,Manilo,smanilobn@telegraph.co.uk,Female,$135068.43,898332181,CC
421,Jana,Currer,jcurrerbo@bloglovin.com,Female,$711015.34,186055566,IT
422,Faina,Caze,fcazebp@sourceforge.net,Female,$812689.93,589433893,CC
423,Sam,MacLoughlin,smacloughlinbq@artisteer.com,Male,$148350.40,80606101,CC
424,Dave,Dorie,ddoriebr@japanpost.jp,Male,$110847.72,914485708,CC
425,Roana,Rives,rrivesbs@xinhuanet.com,Female,$448149.60,841667846,CC
426,Wiley,McGreary,wmcgrearybt@posterous.com,Male,$531283.75,376091100,PP
427,Alberto,Antic,aanticbu@boston.com,Male,$997112.72,757513987,IT
428,Thelma,Acland,taclandbv@people.com.cn,Female,$133641.66,27843422,IT
429,Geraldine,Veevers,gveeversbw@booking.com,Female,$629024.48,523410689,IT
430,Ardisj,Cersey,acerseybx@wunderground.com,Female,$843093.44,561765385,IT
431,Sergent,Boother,sbootherby@meetup.com,Male,$241723.21,732573049,CC
432,Killie,Denyakin,kdenyakinbz@hc360.com,Male,$993376.66,52015877,CC
433,Millie,Seldner,mseldnerc0@rediff.com,Female,$913648.59,1010525791,PP
434,Kathlin,Shute,kshutec1@jiathis.com,Female,$271446.77,1034799941,CC
435,Darline,Lidbetter,dlidbetterc2@51.la,Female,$300761.37,1044293628,IT
436,Frederico,Schade,fschadec3@phoca.cz,Male,$155846.75,440797477,CC
437,Alvan,Sherrocks,asherrocksc4@ibm.com,Male,$237156.91,103483671,CC
438,Lilith,Hegel,lhegelc5@ox.ac.uk,Female,$833612.35,319189919,PP
439,Kelly,Swindall,kswindallc6@wisc.edu,Male,$284952.67,824715817,CC
440,Amelina,Yaus,ayausc7@msu.edu,Female,$757637.31,177916390,CC
441,Ursulina,Ramsbottom,uramsbottomc8@theatlantic.com,Female,$769583.50,314356894,CC
442,Hartwell,Lambden,hlambdenc9@disqus.com,Male,$212009.98,242502586,PP
443,Celle,Mulqueen,cmulqueenca@4shared.com,Female,$459630.05,155167389,CC
444,Natty,Pellew,npellewcb@goo.gl,Female,$798540.01,257951138,PP
445,Alejandrina,Burds,aburdscc@jalbum.net,Female,$874898.37,92684832,PP
446,Darby,Simnel,dsimnelcd@fc2.com,Female,$172917.69,1037299858,PP
447,Marten,Eseler,meselerce@upenn.edu,Male,$466313.76,426911851,IT
448,Brenna,Dace,bdacecf@infoseek.co.jp,Female,$882471.46,706278655,PP
449,Mireille,Klesl,mkleslcg@google.com.hk,Female,$731457.17,416710076,PP
450,Claresta,Morby,cmorbych@jimdo.com,Female,$202128.07,85117240,CC
451,Ban,Louiset,blouisetci@technorati.com,Male,$379780.45,951241921,PP
452,Ainslee,Ondrich,aondrichcj@rambler.ru,Female,$159402.45,923210735,IT
453,Nora,Booeln,nbooelnck@youku.com,Female,$898212.67,598781695,CC
454,Roderic,Crass,rcrasscl@timesonline.co.uk,Male,$821935.45,812953842,IT
455,Findley,Rodolfi,frodolficm@google.de,Male,$478122.29,61774002,CC
456,Abbey,Petroselli,apetrosellicn@yale.edu,Female,$322351.36,835751623,CC
457,Gustaf,Goold,ggooldco@bravesites.com,Male,$678924.09,812886178,PP
458,Remington,Tiplady,rtipladycp@nymag.com,Male,$745145.85,908498590,PP
459,Emyle,Hourican,ehouricancq@dot.gov,Female,$920048.51,121953009,CC
460,Avram,Miskimmon,amiskimmoncr@yellowbook.com,Male,$756798.65,161210272,CC
461,Rahel,Claypool,rclaypoolcs@webnode.com,Female,$802367.96,88694258,IT
462,Starlene,Putten,sputtenct@globo.com,Female,$482546.04,631112939,PP
463,Lanny,Offill,loffillcu@ebay.com,Male,$475851.30,817328836,PP
464,Mozes,Tappor,mtapporcv@gov.uk,Male,$480099.94,924445329,PP
465,Kele,Blain,kblaincw@baidu.com,Male,$904229.00,1049513620,CC
466,Carmine,Upsale,cupsalecx@yahoo.co.jp,Male,$807269.45,985495054,IT
467,Currey,Tregiddo,ctregiddocy@huffingtonpost.com,Male,$402844.59,747153343,IT
468,Kris,Baike,kbaikecz@blog.com,Male,$129394.20,482435871,CC
469,Gerrard,Baldocci,gbaldoccid0@elpais.com,Male,$390309.48,878378410,CC
470,Gottfried,Baxter,gbaxterd1@cloudflare.com,Male,$982096.34,9507057,PP
471,Mab,Southerill,msoutherilld2@thetimes.co.uk,Female,$532433.01,690810350,PP
472,Federico,Hartington,fhartingtond3@friendfeed.com,Male,$905138.19,234830834,PP
473,Eddie,Grellis,egrellisd4@berkeley.edu,Female,$299578.28,188489267,IT
474,Lou,Havick,lhavickd5@umich.edu,Male,$531155.53,420162437,CC
475,Stavros,Hefforde,shefforded6@geocities.com,Male,$794747.44,782848653,PP
476,Akim,Nigh,anighd7@auda.org.au,Male,$962895.53,939590642,PP
477,Kincaid,Lippitt,klippittd8@ucoz.com,Male,$993941.69,899306910,IT
478,Kylie,Hancke,khancked9@phpbb.com,Female,$980171.27,214329089,IT
479,Laurel,Plowell,lplowellda@answers.com,Female,$925943.37,877347755,CC
480,Loreen,Sant,lsantdb@hexun.com,Female,$586462.52,376217104,IT
481,Valli,Brickwood,vbrickwooddc@netscape.com,Female,$628132.49,13004235,IT
482,Harris,Stiling,hstilingdd@wiley.com,Male,$879998.27,640029290,CC
483,Kevon,Speaks,kspeaksde@npr.org,Male,$141318.32,174929351,PP
484,Kingsly,Mico,kmicodf@biblegateway.com,Male,$136498.40,402327904,CC
485,Chere,Cluckie,ccluckiedg@biglobe.ne.jp,Female,$726982.76,750018446,PP
486,Tersina,Viney,tvineydh@globo.com,Female,$763583.00,438228696,PP
487,Flory,Greveson,fgrevesondi@hhs.gov,Male,$778701.07,752403333,CC
488,Valdemar,Trevena,vtrevenadj@wsj.com,Male,$353017.35,290753626,IT
489,Iorgo,Fenlon,ifenlondk@google.com.br,Male,$410546.62,769661474,PP
490,Cole,Corwood,ccorwooddl@microsoft.com,Male,$172666.40,820603203,IT
491,Bartlet,Wilacot,bwilacotdm@php.net,Male,$119277.57,1037315682,IT
492,Ethe,Thominga,ethomingadn@nsw.gov.au,Male,$532097.92,931917265,PP
493,Aldis,Peres,aperesdo@tinyurl.com,Male,$238094.81,264422336,PP
494,Dewitt,Olford,dolforddp@usa.gov,Male,$665136.82,222095025,PP
495,Fleur,Plunkett,fplunkettdq@wikipedia.org,Female,$767467.70,974215565,PP
496,Zitella,Clench,zclenchdr@virginia.edu,Female,$264435.45,69436572,CC
497,Clifford,Heggs,cheggsds@ucla.edu,Male,$931094.94,844086765,IT
498,Garik,Grigaut,ggrigautdt@fema.gov,Male,$663069.61,459785418,PP
499,Benyamin,Coote,bcootedu@vk.com,Male,$579079.06,951559382,PP
500,Ronica,Grellis,rgrellisdv@unicef.org,Female,$835459.34,236384646,IT
501,Bengt,Olohan,bolohandw@phoca.cz,Male,$543639.95,539624641,PP
502,Lissy,Rossoni,lrossonidx@linkedin.com,Female,$667574.56,958879357,CC
503,Sybil,Yesinin,syesinindy@un.org,Female,$514876.28,473327942,PP
504,Marylee,Glisenan,mglisenandz@t.co,Female,$620950.88,374191619,IT
505,Aldous,Dagg,adagge0@nytimes.com,Male,$372633.76,200448069,CC
506,Christi,Mullord,cmullorde1@webs.com,Female,$266578.16,862390708,IT
507,Jan,Beachem,jbeacheme2@discuz.net,Male,$860507.96,585197641,CC
508,Burke,Dreigher,bdreighere3@xrea.com,Male,$679864.56,602914840,CC
509,Heather,Solomonides,hsolomonidese4@webs.com,Female,$863558.28,122593189,PP
510,Courtney,Risdale,crisdalee5@google.com.hk,Male,$636991.50,695954541,PP
511,Merilyn,Ryley,mryleye6@tumblr.com,Female,$594806.48,212522606,IT
512,Roger,Roulston,rroulstone7@upenn.edu,Male,$106123.06,197397238,IT
513,Lucky,Hadrill,lhadrille8@tumblr.com,Female,$387538.98,993719893,CC
514,Kamila,Wilmut,kwilmute9@friendfeed.com,Female,$295197.32,949341908,PP
515,Anya,Mapledoram,amapledoramea@csmonitor.com,Female,$898387.04,288454680,CC
516,Celestyn,Kirley,ckirleyeb@symantec.com,Female,$721637.94,794858408,CC
517,Gwynne,Pye,gpyeec@oakley.com,Female,$769372.87,205396109,IT
518,Eden,Backson,ebacksoned@naver.com,Female,$194876.78,254177896,PP
519,Faber,Shinn,fshinnee@paypal.com,Male,$350775.12,750892254,CC
520,Emmit,Ambrogini,eambroginief@cyberchimps.com,Male,$723350.67,705412458,CC
521,Kalli,Battie,kbattieeg@dell.com,Female,$897372.51,679338869,PP
522,Max,Dods,mdodseh@ning.com,Male,$830980.86,1022607056,PP
523,Anett,Shimoni,ashimoniei@nytimes.com,Female,$387036.84,396956326,PP
524,Ceciley,Magrane,cmagraneej@epa.gov,Female,$224765.52,523926971,CC
525,Pincas,Flucker,pfluckerek@merriam-webster.com,Male,$664647.97,1013493727,CC
526,Cosme,Janu,cjanuel@samsung.com,Male,$973890.75,315138514,CC
527,Elisabeth,Leglise,elegliseem@dmoz.org,Female,$820274.92,226263090,CC
528,Riva,Maitland,rmaitlanden@wikia.com,Female,$275251.98,12786303,IT
529,Raymond,Quenby,rquenbyeo@chicagotribune.com,Male,$525285.89,715397924,IT
530,Barrie,Ales0,balesep@google.fr,Female,$924002.48,529045219,PP
531,Ofelia,Stivers,ostiverseq@twitpic.com,Female,$614594.37,556162568,PP
532,Ronald,Bulteel,rbulteeler@cdbaby.com,Male,$150967.22,872183757,PP
533,Goddard,McAndrew,gmcandrewes@nhs.uk,Male,$938175.67,1022548628,PP
534,Saunder,Bangs,sbangset@friendfeed.com,Male,$701188.14,880426765,IT
535,Karl,Dicker,kdickereu@vimeo.com,Male,$671167.23,729701675,CC
536,Elvyn,Madgin,emadginev@bloglovin.com,Male,$357146.23,458075280,CC
537,Guglielmo,Attenbrow,gattenbrowew@mtv.com,Male,$724191.20,984021353,CC
538,Tyson,Tonks,ttonksex@uiuc.edu,Male,$126276.92,144908278,CC
539,Katlin,Stranks,kstranksey@google.fr,Female,$283165.60,269998511,CC
540,Cirstoforo,Haycraft,chaycraftez@yahoo.co.jp,Male,$929290.73,633691092,CC
541,Winfield,Kosel,wkoself0@jigsy.com,Male,$903863.40,404728984,IT
542,Arlette,Rennick,arennickf1@who.int,Female,$176594.44,644929754,CC
543,Julina,Golt,jgoltf2@diigo.com,Female,$279301.29,662702814,CC
544,Candis,Garrard,cgarrardf3@house.gov,Female,$723666.09,169194824,PP
545,Carmita,Draper,cdraperf4@digg.com,Female,$785768.46,162504609,IT
546,Dede,Avrahamoff,davrahamofff5@bandcamp.com,Female,$615140.80,249844940,CC
547,Goober,Tottman,gtottmanf6@sbwire.com,Male,$776608.70,1048878638,IT
548,Stern,Do Rosario,sdorosariof7@symantec.com,Male,$111863.53,31867573,IT
549,Fulton,Musso,fmussof8@marketwatch.com,Male,$422607.56,262958732,CC
550,Inness,Rowantree,irowantreef9@boston.com,Male,$465934.30,555322829,CC
551,Olive,Dowbakin,odowbakinfa@smh.com.au,Female,$297625.65,84112231,CC
552,Audrey,Fraulo,afraulofb@linkedin.com,Female,$221807.71,283548295,CC
553,Cirstoforo,Bills,cbillsfc@so-net.ne.jp,Male,$878547.32,356824494,CC
554,Saunders,Schubert,sschubertfd@digg.com,Male,$454217.44,30918679,CC
555,Leontyne,Pearce,lpearcefe@feedburner.com,Female,$598466.95,343093506,IT
556,Teriann,Howick,thowickff@ox.ac.uk,Female,$302454.15,344370728,IT
557,Dare,Sweeney,dsweeneyfg@hc360.com,Male,$618476.47,627728597,IT
558,Stephie,Tunnadine,stunnadinefh@altervista.org,Female,$147064.87,100117839,IT
559,Shadow,Sarre,ssarrefi@nps.gov,Male,$244905.86,790486614,PP
560,Torrin,Gotmann,tgotmannfj@vimeo.com,Male,$895461.21,450414655,PP
561,Devonna,MacGahey,dmacgaheyfk@dell.com,Female,$992476.73,623613349,IT
562,Daren,Ruffey,druffeyfl@scientificamerican.com,Male,$157568.45,887405909,PP
563,Noelle,Crean,ncreanfm@sina.com.cn,Female,$763518.64,236322645,IT
564,De,Fullerton,dfullertonfn@arizona.edu,Female,$172079.59,723610921,CC
565,Alfons,Blaschke,ablaschkefo@paypal.com,Male,$230644.65,834623602,IT
566,Kit,Annes,kannesfp@walmart.com,Female,$670053.09,171140173,CC
567,Karlens,Wandrach,kwandrachfq@nydailynews.com,Male,$545737.28,437582293,CC
568,Elisha,Terzza,eterzzafr@forbes.com,Male,$608696.16,597134465,PP
569,Aurlie,Scopyn,ascopynfs@seesaa.net,Female,$465070.47,372242549,PP
570,Caldwell,Draayer,cdraayerft@geocities.jp,Male,$799183.44,321050815,PP
571,Gilberte,Ahmed,gahmedfu@qq.com,Female,$934433.26,352960809,CC
572,Hermione,Ronchi,hronchifv@blogs.com,Female,$979732.05,785796957,CC
573,Matthaeus,Feechum,mfeechumfw@ca.gov,Male,$232136.62,650506027,CC
574,Danila,Mariet,dmarietfx@mysql.com,Female,$138666.06,672843719,IT
575,Humbert,Gierhard,hgierhardfy@walmart.com,Male,$569558.94,969621279,CC
576,Maggi,Nolleth,mnollethfz@privacy.gov.au,Female,$517676.29,46047983,CC
577,Verla,Dungate,vdungateg0@forbes.com,Female,$531777.37,489086824,PP
578,Tadeas,Baxandall,tbaxandallg1@nsw.gov.au,Male,$333339.64,667323992,PP
579,Meara,Mancell,mmancellg2@unicef.org,Female,$118321.92,577436234,IT
580,Anette,Ferber,aferberg3@aol.com,Female,$270674.48,353209695,PP
581,Nehemiah,Hardingham,nhardinghamg4@booking.com,Male,$244738.61,434190853,IT
582,Helenka,Robelow,hrobelowg5@netlog.com,Female,$371998.38,704248920,PP
583,Fernandina,Eustes,feustesg6@histats.com,Female,$119198.13,1007256581,PP
584,Ryan,Minmagh,rminmaghg7@t-online.de,Male,$224372.82,340644660,CC
585,Gusta,Braiden,gbraideng8@seattletimes.com,Female,$920638.35,783963530,IT
586,Felicdad,Cockshutt,fcockshuttg9@va.gov,Female,$119480.62,244611888,IT
587,Laurel,Mattiacci,lmattiacciga@digg.com,Female,$216091.48,176455161,CC
588,Cord,Alloisi,calloisigb@hao123.com,Male,$240377.40,338834224,PP
589,Federica,Terne,fternegc@hostgator.com,Female,$305543.40,236432262,PP
590,Horace,Lamball,hlamballgd@telegraph.co.uk,Male,$831653.88,640105293,CC
591,Curran,Parbrook,cparbrookge@about.com,Male,$812203.41,635000839,PP
592,Fern,Duke,fdukegf@baidu.com,Female,$298181.53,734654928,IT
593,Dynah,Sanday,dsandaygg@senate.gov,Female,$662224.09,370438660,CC
594,Alfred,Humphries,ahumphriesgh@soundcloud.com,Male,$246501.42,779169910,IT
595,Chryste,Cluderay,ccluderaygi@studiopress.com,Female,$644688.28,800093867,CC
596,Carlita,Lyfe,clyfegj@mayoclinic.com,Female,$666712.20,616711309,IT
597,Phaidra,Sloam,psloamgk@istockphoto.com,Female,$950111.18,749009085,IT
598,Leola,Beany,lbeanygl@blog.com,Female,$285606.81,841932527,IT
599,Rivkah,Mallison,rmallisongm@1688.com,Female,$154944.85,942192142,IT
600,Cyril,Dalmon,cdalmongn@blogger.com,Male,$927319.31,549908372,IT
601,Brenden,Merrell,bmerrellgo@gnu.org,Male,$253453.34,425092899,CC
602,Feodor,Marquez,fmarquezgp@qq.com,Male,$625805.61,743632298,CC
603,Erroll,Degan,edegangq@themeforest.net,Male,$766344.52,735939482,PP
604,Westbrooke,Mosby,wmosbygr@ibm.com,Male,$501147.68,757434972,IT
605,Bobbie,Eager,beagergs@msu.edu,Female,$909863.17,467860338,CC
606,Drusy,Aleksic,daleksicgt@mozilla.org,Female,$639385.08,151395448,PP
607,August,Dench,adenchgu@imageshack.us,Male,$924310.82,880618677,IT
608,Elbert,Pearcehouse,epearcehousegv@google.ru,Male,$636694.62,514750891,IT
609,Alfi,Bryce,abrycegw@cnn.com,Female,$783234.87,512797018,PP
610,Kenton,Enrich,kenrichgx@cornell.edu,Male,$912463.21,581543108,PP
611,Delbert,Massimi,dmassimigy@wikipedia.org,Male,$469728.11,338588031,IT
612,Phylis,Bozier,pboziergz@elpais.com,Female,$358581.63,538697872,IT
613,Thaddeus,Tarborn,ttarbornh0@behance.net,Male,$125979.22,477635678,PP
614,Diann,Menelaws,dmenelawsh1@aboutads.info,Female,$304293.12,784003314,CC
615,Lanna,Schmidt,lschmidth2@exblog.jp,Female,$970730.70,326514292,IT
616,Dexter,Blackley,dblackleyh3@plala.or.jp,Male,$889796.52,750856584,PP
617,Forster,Willatts,fwillattsh4@4shared.com,Male,$305905.65,719900048,IT
618,Maitilde,Belf,mbelfh5@google.it,Female,$219022.64,852163081,PP
619,Cristen,Vivash,cvivashh6@examiner.com,Female,$864639.56,972376543,IT
620,Duane,Ewert,dewerth7@reddit.com,Male,$788684.82,566080499,PP
621,Dino,Wormstone,dwormstoneh8@squidoo.com,Male,$533802.31,703996448,PP
622,Paulie,Kinnach,pkinnachh9@deliciousdays.com,Male,$156798.65,1023943449,CC
623,Alvira,Cruden,acrudenha@skype.com,Female,$179271.33,801817514,IT
624,Gale,Domange,gdomangehb@icio.us,Female,$925528.39,227297272,CC
625,Dewey,Northley,dnorthleyhc@berkeley.edu,Male,$488303.46,748335967,PP
626,Marcella,Chue,mchuehd@blinklist.com,Female,$398813.23,408859844,PP
627,Thibaut,McColl,tmccollhe@ifeng.com,Male,$856665.94,691062682,CC
628,Farah,Paydon,fpaydonhf@cmu.edu,Female,$239610.74,214862291,CC
629,Godart,Toulmin,gtoulminhg@msu.edu,Male,$201250.12,732680019,PP
630,Stanton,Haldon,shaldonhh@ucla.edu,Male,$429872.21,365550002,CC
631,Florian,Keetley,fkeetleyhi@youtube.com,Male,$526105.98,794391059,CC
632,Katina,Bettenay,kbettenayhj@state.tx.us,Female,$952947.37,195430384,IT
633,Pieter,Allkins,pallkinshk@wired.com,Male,$168647.37,411719538,IT
634,Hartley,Comini,hcominihl@bloglines.com,Male,$583651.90,831968346,IT
635,Aaren,Bartolomeotti,abartolomeottihm@loc.gov,Female,$979592.11,661132328,PP
636,Sherman,Rosell,srosellhn@slideshare.net,Male,$374825.47,734569410,CC
637,Aeriela,Gilbanks,agilbanksho@facebook.com,Female,$930944.42,1007477869,CC
638,Elle,Morrilly,emorrillyhp@quantcast.com,Female,$559823.94,849337233,CC
639,Hillary,Kochl,hkochlhq@house.gov,Male,$430166.61,821899430,CC
640,Janek,Veevers,jveevershr@so-net.ne.jp,Male,$786999.43,574948528,CC
641,Willie,Hamfleet,whamfleeths@shinystat.com,Male,$548907.24,323302272,IT
642,Rosaleen,Bassano,rbassanoht@studiopress.com,Female,$790931.44,32226819,PP
643,Maud,Deignan,mdeignanhu@state.gov,Female,$320227.13,418141162,PP
644,Merralee,Dungay,mdungayhv@biblegateway.com,Female,$201508.08,428299413,PP
645,Chicky,Baron,cbaronhw@soup.io,Male,$693920.52,479575471,IT
646,Simmonds,Degoey,sdegoeyhx@timesonline.co.uk,Male,$820893.75,425966099,CC
647,Roxi,Palin,rpalinhy@chicagotribune.com,Female,$954659.64,368281299,IT
648,Shel,Kippling,skipplinghz@yandex.ru,Female,$266685.36,127984220,PP
649,Alvera,Crumbleholme,acrumbleholmei0@forbes.com,Female,$398571.98,399702536,CC
650,Marmaduke,Feron,mferoni1@mayoclinic.com,Male,$616247.42,70400918,IT
651,Cyb,Ells,cellsi2@discovery.com,Female,$661567.50,373149945,CC
652,Iggie,Combes,icombesi3@histats.com,Male,$979292.44,583192429,CC
653,Felecia,Kuhlmey,fkuhlmeyi4@sciencedirect.com,Female,$439986.05,421519805,PP
654,Avie,Gadeaux,agadeauxi5@behance.net,Female,$672956.25,971510726,PP
655,Lloyd,Minshaw,lminshawi6@friendfeed.com,Male,$565841.89,363663054,CC
656,Chloette,Corness,ccornessi7@msu.edu,Female,$264567.83,754367243,IT
657,Alf,Olczyk,aolczyki8@narod.ru,Male,$853701.18,968896629,IT
658,Osmund,Quare,oquarei9@scribd.com,Male,$107962.13,428220044,CC
659,Fania,Shepstone,fshepstoneia@jalbum.net,Female,$824841.69,652069248,IT
660,Katrinka,Stringfellow,kstringfellowib@posterous.com,Female,$915936.80,307850676,IT
661,Billy,Pyatt,bpyattic@topsy.com,Female,$557495.76,961651118,PP
662,Gilemette,Hills,ghillsid@tuttocitta.it,Female,$364368.81,1032683444,PP
663,Erena,Rait,eraitie@google.ca,Female,$710734.31,381880511,PP
664,Lotte,Crompton,lcromptonif@goodreads.com,Female,$275446.28,343962672,PP
665,Gabbie,Tofts,gtoftsig@netvibes.com,Female,$483243.56,803975574,IT
666,Giulio,O'Flaverty,goflavertyih@liveinternet.ru,Male,$677655.72,827470695,CC
667,Conrad,Orviss,corvissii@princeton.edu,Male,$369352.98,1001994447,CC
668,Berna,Van den Oord,bvandenoordij@simplemachines.org,Female,$949628.53,512787766,CC
669,Gaynor,Bellson,gbellsonik@over-blog.com,Female,$892325.12,528082408,IT
670,Esta,Malatalant,emalatalantil@columbia.edu,Female,$104688.48,107757715,PP
671,Evin,Tenby,etenbyim@barnesandnoble.com,Male,$659856.34,734926514,PP
672,Adey,Denkin,adenkinin@google.nl,Female,$601309.11,111655221,CC
673,Lowell,Eggerton,leggertonio@cocolog-nifty.com,Male,$689595.74,768539255,IT
674,Trenna,Fotitt,tfotittip@utexas.edu,Female,$158969.88,896183392,IT
675,Brear,Houldey,bhouldeyiq@google.nl,Female,$565756.44,21888180,PP
676,Kamillah,Gammet,kgammetir@csmonitor.com,Female,$663655.35,146416663,CC
677,Ross,Lisimore,rlisimoreis@skyrock.com,Male,$802828.95,383651381,IT
678,Rem,Wilcocke,rwilcockeit@yelp.com,Male,$393037.12,335396110,CC
679,Johnna,Rossetti,jrossettiiu@unblog.fr,Female,$867907.12,573678268,PP
680,Juanita,Flew,jflewiv@washingtonpost.com,Female,$492688.89,575313518,CC
681,Cynthia,Mallya,cmallyaiw@liveinternet.ru,Female,$981348.52,830587358,CC
682,Mallory,Guillot,mguillotix@marriott.com,Female,$802856.24,344484746,IT
683,Nikki,Doumer,ndoumeriy@shop-pro.jp,Male,$699769.21,267952161,IT
684,Hetti,Abramovicz,habramovicziz@godaddy.com,Female,$748898.88,623371677,CC
685,Diane-marie,Stanesby,dstanesbyj0@google.co.jp,Female,$103345.56,956651953,PP
686,Jonas,Sommerlie,jsommerliej1@geocities.jp,Male,$630939.36,81195798,PP
687,Britt,Riste,bristej2@i2i.jp,Male,$508905.26,205931374,CC
688,Lin,Straughan,lstraughanj3@fema.gov,Female,$967114.85,935567503,PP
689,Martyn,Chaperlin,mchaperlinj4@parallels.com,Male,$117981.60,624615621,PP
690,Perry,Duncombe,pduncombej5@g.co,Female,$339431.91,697309369,IT
691,Arlana,Nacci,anaccij6@deviantart.com,Female,$160208.11,888840818,PP
692,Antonino,Bagnell,abagnellj7@webeden.co.uk,Male,$377459.59,774754720,PP
693,Modesta,Huckfield,mhuckfieldj8@goo.gl,Female,$443409.38,23464877,CC
694,Doretta,Klementz,dklementzj9@google.de,Female,$336047.42,587955106,PP
695,Mendel,Antao,mantaoja@blogs.com,Male,$141554.09,700775575,IT
696,Husain,Aguilar,haguilarjb@blogs.com,Male,$588459.56,305714374,PP
697,Doria,Woan,dwoanjc@creativecommons.org,Female,$243589.99,916133356,PP
698,Sidoney,Tweedell,stweedelljd@creativecommons.org,Female,$937430.30,357923228,PP
699,Arther,Nottingham,anottinghamje@ted.com,Male,$380559.26,699257499,PP
700,Julissa,Pirt,jpirtjf@spotify.com,Female,$463733.97,826369357,IT
701,Patty,Esterbrook,pesterbrookjg@tumblr.com,Male,$874048.62,593823693,PP
702,Terrance,Cavendish,tcavendishjh@imageshack.us,Male,$746166.28,789019703,PP
703,Hilton,Joselevitz,hjoselevitzji@imgur.com,Male,$336950.80,213972401,PP
704,Jethro,Farlham,jfarlhamjj@tuttocitta.it,Male,$683180.27,120926284,IT
705,Jacquetta,Gianuzzi,jgianuzzijk@pcworld.com,Female,$309074.49,845201224,PP
706,Hube,Littlemore,hlittlemorejl@ameblo.jp,Male,$216430.07,491106860,CC
707,Rogerio,Sterry,rsterryjm@jugem.jp,Male,$267128.82,590402280,IT
708,Petrina,Rennenbach,prennenbachjn@wisc.edu,Female,$899967.03,565004194,CC
709,Siegfried,Miko,smikojo@newsvine.com,Male,$365543.95,444304405,CC
710,Bevan,Redihough,bredihoughjp@addthis.com,Male,$582227.06,39859350,CC
711,Inge,Pickering,ipickeringjq@g.co,Female,$634523.52,575618398,PP
712,Gard,Fierro,gfierrojr@sciencedirect.com,Male,$377828.95,886865895,PP
713,Colin,Renneke,crennekejs@ox.ac.uk,Male,$869501.77,170516225,IT
714,Francklyn,Yukhtin,fyukhtinjt@cnn.com,Male,$552530.81,799149146,CC
715,Boniface,Ternault,bternaultju@shop-pro.jp,Male,$211249.22,541999741,CC
716,Lana,Bartholat,lbartholatjv@businessweek.com,Female,$251917.37,671209523,CC
717,Petronella,Stoodale,pstoodalejw@w3.org,Female,$300665.53,720198250,PP
718,Betta,Acory,bacoryjx@hugedomains.com,Female,$916644.82,641145667,IT
719,Robbie,Speare,rspearejy@linkedin.com,Female,$981473.63,540124212,CC
720,Hyman,Blakeslee,hblakesleejz@facebook.com,Male,$297018.92,391000813,PP
721,Huey,Onians,honiansk0@sun.com,Male,$574211.68,730222382,PP
722,Brena,Hulbert,bhulbertk1@wired.com,Female,$541600.77,191673974,CC
723,Marnie,Landrean,mlandreank2@hc360.com,Female,$763230.94,1003929840,IT
724,Hersh,Andriss,handrissk3@imgur.com,Male,$882265.11,112167388,CC
725,Duffie,Abbey,dabbeyk4@miitbeian.gov.cn,Male,$181492.29,256558345,PP
726,Diarmid,Leatt,dleattk5@ning.com,Male,$317259.48,814695744,PP
727,Merrily,Chaston,mchastonk6@house.gov,Female,$549670.54,597401838,CC
728,Hurley,Onyon,honyonk7@phoca.cz,Male,$231084.32,186521732,CC
729,Ruy,Sibun,rsibunk8@ftc.gov,Male,$825803.14,871099663,PP
730,Melessa,Targetter,mtargetterk9@fotki.com,Female,$472724.60,795218256,CC
731,Shina,Handling,shandlingka@bigcartel.com,Female,$920531.43,1028166392,IT
732,Reamonn,Anfonsi,ranfonsikb@soundcloud.com,Male,$727303.98,234649067,IT
733,Constance,McAtamney,cmcatamneykc@wiley.com,Female,$580869.63,769526956,CC
734,Lorant,Worthing,lworthingkd@wikimedia.org,Male,$385749.80,610184065,CC
735,Marquita,Pennazzi,mpennazzike@ameblo.jp,Female,$687760.34,276874163,CC
736,Shari,Couthard,scouthardkf@xinhuanet.com,Female,$889524.74,718450231,CC
737,Anselm,Woodroff,awoodroffkg@wix.com,Male,$666030.81,456298185,CC
738,Dre,Craufurd,dcraufurdkh@intel.com,Female,$274082.43,136304863,IT
739,Arlene,Warr,awarrki@forbes.com,Female,$444871.12,384874255,CC
740,Jan,Basley,jbasleykj@cafepress.com,Male,$737837.78,913550211,CC
741,Mathilde,Firk,mfirkkk@hao123.com,Female,$841161.13,75997898,IT
742,Zoe,Minot,zminotkl@opera.com,Female,$520686.24,1048734482,IT
743,Alberto,Teresia,ateresiakm@vk.com,Male,$538672.33,963702732,IT
744,Vilhelmina,Santora,vsantorakn@acquirethisname.com,Female,$436660.72,420976262,CC
745,Barbe,Jerram,bjerramko@facebook.com,Female,$532546.96,175934396,PP
746,Jordana,Ker,jkerkp@examiner.com,Female,$985868.40,251323448,IT
747,Rosita,De Vaan,rdevaankq@etsy.com,Female,$179024.68,510556990,CC
748,Kaleb,Moffet,kmoffetkr@example.com,Male,$341823.33,1004800956,IT
749,Jule,Maving,jmavingks@harvard.edu,Male,$210038.40,519353240,PP
750,Odella,Grouer,ogrouerkt@bbc.co.uk,Female,$443455.26,559065514,PP
751,Germayne,Cahn,gcahnku@paypal.com,Male,$216433.04,125970650,CC
752,Kinnie,Spurritt,kspurrittkv@addtoany.com,Male,$251103.71,802513370,PP
753,Paten,Mablestone,pmablestonekw@macromedia.com,Male,$744377.47,527238613,PP
754,Fairlie,Sellstrom,fsellstromkx@columbia.edu,Male,$296351.77,332945823,CC
755,Cchaddie,de'-Ancy Willis,cdeancywillisky@bing.com,Male,$425160.34,852873657,IT
756,Philly,Shivell,pshivellkz@nationalgeographic.com,Female,$394917.05,366383868,PP
757,Misti,Verdun,mverdunl0@slideshare.net,Female,$963998.21,876544171,CC
758,Peggi,Jerrold,pjerroldl1@europa.eu,Female,$671097.25,623084646,CC
759,Bradley,Smaling,bsmalingl2@flickr.com,Male,$810618.94,73107578,IT
760,Ashlie,Sherlaw,asherlawl3@howstuffworks.com,Female,$992571.71,114531828,PP
761,Don,Deignan,ddeignanl4@macromedia.com,Male,$944800.91,825238297,IT
762,Else,Parsall,eparsalll5@ovh.net,Female,$126342.67,602967972,CC
763,Jany,Jasik,jjasikl6@phoca.cz,Female,$803759.18,56439723,CC
764,Tobye,Broodes,tbroodesl7@state.gov,Female,$774453.44,429916008,PP
765,Eleni,Eve,eevel8@posterous.com,Female,$560740.27,792297450,IT
766,Halie,Biskupek,hbiskupekl9@wikia.com,Female,$781602.16,518495443,PP
767,Lin,Corrison,lcorrisonla@godaddy.com,Male,$687796.99,859202730,IT
768,Sindee,De Bell,sdebelllb@omniture.com,Female,$792473.83,832687259,CC
769,Clareta,Lewry,clewrylc@uol.com.br,Female,$350272.30,352588605,PP
770,Benjie,Starkey,bstarkeyld@dedecms.com,Male,$141117.67,460830256,CC
771,Giulietta,Lyons,glyonsle@angelfire.com,Female,$819663.26,790556569,PP
772,Dael,Drogan,ddroganlf@pinterest.com,Male,$621855.33,533731806,IT
773,Peg,McEntee,pmcenteelg@sphinn.com,Female,$737927.68,664365245,PP
774,Pete,Golland,pgollandlh@live.com,Male,$203875.29,1006940466,CC
775,Carny,Carneck,ccarneckli@hc360.com,Male,$134793.77,446809110,CC
776,Vern,Scanlin,vscanlinlj@wunderground.com,Male,$973626.21,618490715,CC
777,Yettie,Potten,ypottenlk@so-net.ne.jp,Female,$419191.55,671776174,PP
778,Kipp,McQuillen,kmcquillenll@canalblog.com,Female,$628713.18,869912111,IT
779,Margit,Tocqueville,mtocquevillelm@de.vu,Female,$839434.70,134550873,CC
780,Kinny,Wallbrook,kwallbrookln@ucsd.edu,Male,$839113.48,790158254,PP
781,Emilio,Cleland,eclelandlo@wikimedia.org,Male,$402730.74,821964774,PP
782,Chelsy,Bridewell,cbridewelllp@squidoo.com,Female,$961918.62,923512226,CC
783,Chicky,De Michele,cdemichelelq@vkontakte.ru,Female,$702091.05,713120111,PP
784,Ava,Conningham,aconninghamlr@reverbnation.com,Female,$979399.89,1023648448,PP
785,Melesa,McFadden,mmcfaddenls@abc.net.au,Female,$855577.60,997537274,PP
786,Gino,Lumber,glumberlt@cdc.gov,Male,$717893.13,204362954,PP
787,Lyndsey,Suttie,lsuttielu@weather.com,Female,$209736.47,420807201,CC
788,Roselin,Eminson,reminsonlv@ed.gov,Female,$963558.98,367431267,CC
789,Kilian,Leeson,kleesonlw@dagondesign.com,Male,$911293.98,372763180,IT
790,Miltie,Trimbey,mtrimbeylx@taobao.com,Male,$918538.78,810140549,IT
791,Addia,Cardno,acardnoly@noaa.gov,Female,$869792.30,841708017,CC
792,Junie,Maykin,jmaykinlz@dyndns.org,Female,$397125.78,614818561,PP
793,Delcina,Wimpeney,dwimpeneym0@digg.com,Female,$721999.18,125166325,IT
794,Mariel,Weich,mweichm1@amazonaws.com,Female,$674319.37,445208664,CC
795,Shelagh,Provost,sprovostm2@blinklist.com,Female,$435932.82,373288689,PP
796,Melonie,Ottee,motteem3@bloglines.com,Female,$194981.93,599523896,IT
797,Willard,Blaske,wblaskem4@devhub.com,Male,$758454.51,237509994,CC
798,Keith,Christauffour,kchristauffourm5@un.org,Male,$309037.04,829553584,IT
799,Clarice,McCoy,cmccoym6@4shared.com,Female,$524816.33,654336364,PP
800,Gennifer,Prandy,gprandym7@hexun.com,Female,$719627.61,450672738,IT
801,Karalee,Clew,kclewm8@yelp.com,Female,$830863.40,1030768568,PP
802,Henriette,Jirik,hjirikm9@icio.us,Female,$774927.54,778821375,PP
803,Levi,Plewes,lplewesma@nymag.com,Male,$208801.50,332328845,IT
804,Neal,Kilfether,nkilfethermb@over-blog.com,Male,$592166.46,114814604,CC
805,Babs,Janczak,bjanczakmc@gnu.org,Female,$650448.74,437439227,PP
806,Lorene,Wildbore,lwildboremd@unicef.org,Female,$790035.11,354489391,PP
807,Jolie,Goozee,jgoozeeme@sogou.com,Female,$495850.31,778428531,IT
808,Janette,Ozelton,jozeltonmf@cdbaby.com,Female,$823309.17,766893040,CC
809,Elspeth,Fynan,efynanmg@cisco.com,Female,$354700.83,219789035,IT
810,Emerson,Calveley,ecalveleymh@unc.edu,Male,$290813.68,301104582,PP
811,Bengt,Reinert,breinertmi@dedecms.com,Male,$554739.65,984258414,CC
812,Rhys,Cuddihy,rcuddihymj@china.com.cn,Male,$764938.16,854865788,CC
813,Emlyn,Itscowics,eitscowicsmk@blogs.com,Female,$228089.22,617302025,PP
814,Eal,Wethered,ewetheredml@cargocollective.com,Male,$281792.13,766398609,IT
815,Neille,Pleavin,npleavinmm@craigslist.org,Female,$465974.13,58568534,IT
816,Eugenio,Palphramand,epalphramandmn@aol.com,Male,$893689.99,678825547,CC
817,Chandal,Banes,cbanesmo@github.com,Female,$643785.75,877227408,PP
818,Lina,Hares,lharesmp@foxnews.com,Female,$942059.50,260391859,IT
819,Kalindi,Iannitti,kiannittimq@java.com,Female,$307397.38,404464975,CC
820,Perry,Bony,pbonymr@devhub.com,Male,$208316.08,95374975,CC
821,Henrie,Base,hbasems@mysql.com,Female,$455840.68,174441477,IT
822,Artemis,Puckrin,apuckrinmt@uiuc.edu,Male,$204358.47,676595721,PP
823,Sutherlan,McCroary,smccroarymu@dagondesign.com,Male,$214871.88,32246111,CC
824,Emmott,Pollington,epollingtonmv@t.co,Male,$827306.60,778990264,PP
825,Melisa,Gerg,mgergmw@altervista.org,Female,$532088.02,353184670,IT
826,Virginie,Aizik,vaizikmx@csmonitor.com,Female,$230135.26,565385491,IT
827,Georgy,Rhodef,grhodefmy@facebook.com,Male,$643222.46,613545564,PP
828,Roosevelt,Pottiphar,rpottipharmz@com.com,Male,$185317.35,702710678,IT
829,Frank,Marwood,fmarwoodn0@opensource.org,Female,$660006.70,913596963,CC
830,Rea,Cursons,rcursonsn1@sohu.com,Female,$703191.72,125887208,CC
831,Nowell,Bondar,nbondarn2@wufoo.com,Male,$129505.30,815178444,IT
832,Lorette,Tommasetti,ltommasettin3@fda.gov,Female,$522107.01,722657842,CC
833,Mannie,Khilkov,mkhilkovn4@businessinsider.com,Male,$217385.65,1014902365,PP
834,Sky,Coots,scootsn5@homestead.com,Male,$193082.95,881405378,IT
835,Leticia,Levett,llevettn6@alexa.com,Female,$520336.47,611213403,CC
836,Correy,Jodrelle,cjodrellen7@cam.ac.uk,Male,$168147.78,840640899,CC
837,Dyana,Olivia,dolivian8@godaddy.com,Female,$642182.25,563632672,PP
838,Jenelle,Mouland,jmoulandn9@usgs.gov,Female,$224707.58,6831084,CC
839,Liz,Sacco,lsaccona@ucoz.com,Female,$617954.15,247737721,PP
840,Tarah,Ambler,tamblernb@taobao.com,Female,$175883.38,684001141,CC
841,Derrek,Gurery,dgurerync@myspace.com,Male,$558196.55,845433134,CC
842,Janene,Loughman,jloughmannd@tinyurl.com,Female,$681817.53,346068077,IT
843,Ulrica,Terren,uterrenne@newsvine.com,Female,$852386.40,218184899,CC
844,Coretta,Lamborn,clambornnf@posterous.com,Female,$960396.03,166543501,IT
845,Fitzgerald,O'Lenane,folenaneng@printfriendly.com,Male,$407374.59,617246969,PP
846,Billie,Codling,bcodlingnh@live.com,Female,$959260.61,288882118,IT
847,Horst,Giacovetti,hgiacovettini@jalbum.net,Male,$759881.65,662032848,CC
848,Leonanie,Roeby,lroebynj@ning.com,Female,$895268.07,48745119,CC
849,Ernst,Taunton,etauntonnk@sphinn.com,Male,$302707.36,751633633,PP
850,Leesa,Muat,lmuatnl@myspace.com,Female,$114452.37,649743567,CC
851,Dode,Hain,dhainnm@prlog.org,Female,$258444.62,874604189,PP
852,Rafaello,McKague,rmckaguenn@altervista.org,Male,$800360.29,332712720,IT
853,Conan,Tugman,ctugmanno@miitbeian.gov.cn,Male,$980038.14,732063854,PP
854,Estele,Colly,ecollynp@blogspot.com,Female,$403395.32,773170378,PP
855,Sheilakathryn,Yezafovich,syezafovichnq@ted.com,Female,$323558.87,833305845,IT
856,Sarge,Woodbridge,swoodbridgenr@chicagotribune.com,Male,$446796.55,410810859,PP
857,Marcellus,Bunn,mbunnns@msu.edu,Male,$800388.76,665618174,CC
858,Joseito,Mingardo,jmingardont@imageshack.us,Male,$443148.18,516911060,IT
859,Francene,Moxham,fmoxhamnu@zdnet.com,Female,$622747.22,73833704,CC
860,Scarlett,Solan,ssolannv@statcounter.com,Female,$654196.83,277572703,CC
861,Ferd,Cooke,fcookenw@studiopress.com,Male,$967724.84,665485394,CC
862,Harmony,Corringham,hcorringhamnx@merriam-webster.com,Female,$336922.59,376507269,PP
863,Othilie,Hulmes,ohulmesny@china.com.cn,Female,$382564.69,409404231,PP
864,Tiffany,Mingaye,tmingayenz@columbia.edu,Female,$517959.52,780464763,PP
865,Eli,Fanti,efantio0@mysql.com,Male,$534530.88,514999256,IT
866,Nicola,Giamitti,ngiamittio1@howstuffworks.com,Male,$403833.38,223045294,IT
867,Glori,Pettersen,gpetterseno2@guardian.co.uk,Female,$701574.00,528630445,PP
868,Gena,Caulket,gcaulketo3@is.gd,Female,$542043.66,809047952,IT
869,Malia,Pancoust,mpancousto4@fda.gov,Female,$488331.44,801370687,IT
870,Ivar,Fruish,ifruisho5@addthis.com,Male,$108948.06,159531800,PP
871,Felicdad,Morkham,fmorkhamo6@miibeian.gov.cn,Female,$821104.07,134592562,PP
872,Gene,Wrangle,gwrangleo7@odnoklassniki.ru,Female,$465853.88,631045008,CC
873,Kareem,Mingame,kmingameo8@dmoz.org,Male,$153475.77,632557611,IT
874,Hilarius,Tomblett,htombletto9@blogspot.com,Male,$571548.34,457993648,IT
875,Josephine,Rudgard,jrudgardoa@opera.com,Female,$347636.59,1010558859,IT
876,Ulrich,Leeson,uleesonob@usatoday.com,Male,$539720.89,895528158,CC
877,Harlan,Aleksankin,haleksankinoc@fema.gov,Male,$137099.19,72606182,CC
878,Doti,Poles,dpolesod@latimes.com,Female,$966460.48,341152393,IT
879,Shane,Tellenbach,stellenbachoe@e-recht24.de,Male,$276867.41,280200706,PP
880,Bill,Daton,bdatonof@wix.com,Female,$983065.27,724271167,IT
881,Betta,Fowley,bfowleyog@timesonline.co.uk,Female,$567465.29,342982120,IT
882,Skell,Cracoe,scracoeoh@wordpress.com,Male,$827617.53,988490085,PP
883,Homer,Kneeshaw,hkneeshawoi@biglobe.ne.jp,Male,$122722.43,209830895,PP
884,Sherlocke,Nabarro,snabarrooj@hostgator.com,Male,$984024.71,800048992,CC
885,Rena,Rowter,rrowterok@yahoo.co.jp,Female,$198403.84,340834403,PP
886,Noel,Holby,nholbyol@gov.uk,Female,$257824.00,503808379,PP
887,Bartel,Kitson,bkitsonom@google.pl,Male,$528195.76,8062675,PP
888,Dionne,Ramplee,drampleeon@hibu.com,Female,$794151.74,697986365,PP
889,Erna,Allatt,eallattoo@csmonitor.com,Female,$431050.85,551172113,CC
890,Griff,Sussans,gsussansop@twitpic.com,Male,$212976.72,435800924,PP
891,Scottie,Pardew,spardewoq@techcrunch.com,Male,$312808.34,118455954,CC
892,Valene,Butt Gow,vbuttgowor@tuttocitta.it,Female,$450115.34,598285455,IT
893,Meghan,Chinn,mchinnos@microsoft.com,Female,$176042.49,571987619,CC
894,Lonnie,Mackness,lmacknessot@homestead.com,Male,$270552.18,557066701,CC
895,Keven,Brookesbie,kbrookesbieou@seattletimes.com,Male,$520176.10,138993220,CC
896,Carlie,Raikes,craikesov@gnu.org,Male,$864620.88,825640139,PP
897,Asa,Boyet,aboyetow@blog.com,Male,$668766.07,798240163,IT
898,Michaela,Spiring,mspiringox@mac.com,Female,$451832.60,794731290,CC
899,Tommy,Thridgould,tthridgouldoy@hubpages.com,Male,$872661.52,578832608,IT
900,Sigismond,Jelly,sjellyoz@walmart.com,Male,$251459.87,272804965,IT
901,Emmanuel,Peoples,epeoplesp0@tamu.edu,Male,$594071.07,250972580,CC
902,Jobi,Lattin,jlattinp1@wikimedia.org,Female,$271497.77,456715788,PP
903,Christa,Themann,cthemannp2@wufoo.com,Female,$612868.49,601956817,CC
904,Darin,Teanby,dteanbyp3@friendfeed.com,Male,$852033.99,287581158,IT
905,Maje,Ivimey,mivimeyp4@networkadvertising.org,Male,$659001.39,50298099,PP
906,Rosy,Chasmor,rchasmorp5@loc.gov,Female,$463859.81,291319230,IT
907,Robinet,Rounsivall,rrounsivallp6@apple.com,Male,$331871.47,614697490,PP
908,Newton,Monkton,nmonktonp7@indiatimes.com,Male,$371956.06,782368576,IT
909,Tades,Saxton,tsaxtonp8@e-recht24.de,Male,$529263.30,851767549,CC
910,Adler,McBrady,amcbradyp9@youtu.be,Male,$274783.99,851188531,IT
911,Talbot,Billborough,tbillboroughpa@freewebs.com,Male,$749610.53,914948799,PP
912,Cobb,Boxhill,cboxhillpb@state.gov,Male,$792029.70,370020187,CC
913,Rory,Large,rlargepc@simplemachines.org,Male,$942662.74,856963663,IT
914,Murry,Farlamb,mfarlambpd@addtoany.com,Male,$951651.92,77095832,IT
915,Simonette,Bossingham,sbossinghampe@cdc.gov,Female,$770285.68,890266267,PP
916,Gussie,Eddies,geddiespf@engadget.com,Female,$259177.74,318624436,PP
917,Edita,Arghent,earghentpg@pinterest.com,Female,$705855.44,457663355,IT
918,Thorpe,Melbert,tmelbertph@tiny.cc,Male,$526073.61,390516733,CC
919,Maxie,Potell,mpotellpi@webmd.com,Female,$979721.40,280242987,PP
920,Leila,Assender,lassenderpj@miibeian.gov.cn,Female,$653535.57,438759057,PP
921,Fraze,Olman,folmanpk@washingtonpost.com,Male,$503455.94,236011383,CC
922,Peg,Francescuccio,pfrancescucciopl@narod.ru,Female,$553858.53,181833188,CC
923,Jerome,Juszczak,jjuszczakpm@multiply.com,Male,$244977.75,355941653,IT
924,Evan,Vaudin,evaudinpn@homestead.com,Male,$250388.23,968210080,PP
925,Bryant,Malcolmson,bmalcolmsonpo@comsenz.com,Male,$289962.44,736775716,IT
926,Evvie,Huntingford,ehuntingfordpp@walmart.com,Female,$644246.79,16285724,IT
927,Tally,Pilsworth,tpilsworthpq@zimbio.com,Female,$704352.14,92430766,CC
928,Rickie,O' Concannon,roconcannonpr@oracle.com,Male,$944926.15,5775283,CC
929,Justin,Venditto,jvendittops@ocn.ne.jp,Male,$828415.10,971723907,CC
930,Deeann,Tommen,dtommenpt@printfriendly.com,Female,$630956.84,383036369,PP
931,Sheelah,Marcinkus,smarcinkuspu@businessweek.com,Female,$933134.26,769596633,CC
932,Erin,Zealy,ezealypv@nba.com,Male,$846486.67,190237358,CC
933,Patrica,Peto,ppetopw@sfgate.com,Female,$972133.95,243601597,CC
934,Finlay,Cordel,fcordelpx@plala.or.jp,Male,$620228.12,150913109,CC
935,Myrtia,Fullun,mfullunpy@chron.com,Female,$419798.41,549688703,PP
936,Stefanie,Britnell,sbritnellpz@shareasale.com,Female,$270472.42,504449177,PP
937,Dominick,Clive,dcliveq0@telegraph.co.uk,Male,$422091.15,44228659,PP
938,Cullie,Andreopolos,candreopolosq1@hubpages.com,Male,$959964.28,707517322,PP
939,Lloyd,Keppel,lkeppelq2@ca.gov,Male,$931267.91,71740313,IT
940,Hasheem,Gales,hgalesq3@blogger.com,Male,$261246.48,288820504,PP
941,Mac,Walkowski,mwalkowskiq4@google.com.hk,Male,$186091.52,722477713,CC
942,Spence,Strowger,sstrowgerq5@comcast.net,Male,$201084.33,191349166,CC
943,Loralie,Piddlehinton,lpiddlehintonq6@apple.com,Female,$792451.04,180618485,PP
944,Lanna,Richter,lrichterq7@flickr.com,Female,$344784.87,801812565,PP
945,Tandi,Carrivick,tcarrivickq8@mapy.cz,Female,$406414.99,92376838,IT
946,Wallie,Cronkshaw,wcronkshawq9@netlog.com,Female,$319777.23,175977586,CC
947,Gerry,Masdon,gmasdonqa@mysql.com,Male,$549230.55,492998330,CC
948,Valeda,Rouzet,vrouzetqb@usda.gov,Female,$721576.91,547220635,CC
949,Valene,Linnit,vlinnitqc@sitemeter.com,Female,$253451.37,960154643,IT
950,Lorianne,Climson,lclimsonqd@redcross.org,Female,$976511.14,749447823,PP
951,Silvain,Belhome,sbelhomeqe@cornell.edu,Male,$538395.57,526736555,PP
952,Joelie,Djekic,jdjekicqf@imageshack.us,Female,$117084.91,862742577,CC
953,Ag,Keats,akeatsqg@4shared.com,Female,$420742.24,212737238,IT
954,Mile,Zanussii,mzanussiiqh@bloomberg.com,Male,$951734.69,578954919,CC
955,Doe,Le Floch,dleflochqi@nps.gov,Female,$270218.11,267427090,IT
956,Karolina,Learmont,klearmontqj@imgur.com,Female,$457193.09,920656821,IT
957,Tibold,Maypother,tmaypotherqk@linkedin.com,Male,$826538.67,731136000,PP
958,Pattie,Yankeev,pyankeevql@bandcamp.com,Female,$365155.63,442446747,CC
959,Weston,Shurlock,wshurlockqm@ovh.net,Male,$860318.47,750535467,IT
960,Elonore,Binham,ebinhamqn@sogou.com,Female,$966470.10,584736627,PP
961,Niccolo,Bamb,nbambqo@berkeley.edu,Male,$432263.57,990721939,PP
962,Ludwig,Hollows,lhollowsqp@icio.us,Male,$546928.51,580986070,PP
963,Adorne,Melby,amelbyqq@de.vu,Female,$316273.86,314610101,PP
964,Dag,Mattam,dmattamqr@1und1.de,Male,$234274.52,617425329,PP
965,Winfield,Sive,wsiveqs@unicef.org,Male,$446397.94,305053046,CC
966,Alleen,Tebbet,atebbetqt@yahoo.co.jp,Female,$689818.04,816830532,CC
967,Rayner,Stuart,rstuartqu@imdb.com,Male,$935928.53,442325464,PP
968,Osmund,Bonsale,obonsaleqv@zimbio.com,Male,$269436.27,886830746,CC
969,Nikki,Pilgram,npilgramqw@epa.gov,Male,$318483.62,254277054,IT
970,Hildagarde,Tookill,htookillqx@newsvine.com,Female,$550548.80,53899530,CC
971,Tana,O'Kynsillaghe,tokynsillagheqy@constantcontact.com,Female,$410452.80,1000435353,PP
972,Clay,Cargill,ccargillqz@wordpress.com,Male,$418426.08,172565419,IT
973,Gerrie,Shills,gshillsr0@de.vu,Male,$704740.76,179685658,PP
974,Jenna,Kilbee,jkilbeer1@skyrock.com,Female,$350305.12,9130927,IT
975,Hephzibah,Rome,hromer2@behance.net,Female,$884834.88,213380121,PP
976,Clemente,Ambroise,cambroiser3@github.io,Male,$887412.00,455706470,PP
977,Sherlock,Dello,sdellor4@mediafire.com,Male,$553074.33,811674606,PP
978,Xenos,Hardesty,xhardestyr5@xing.com,Male,$334343.17,510245940,CC
979,Brade,Basset,bbassetr6@wunderground.com,Male,$513532.28,967501794,CC
980,Aubine,Youson,ayousonr7@flickr.com,Female,$745947.43,362296989,PP
981,Gertrude,Andriesse,gandriesser8@ted.com,Female,$367597.71,187449157,PP
982,Veronica,Danilchenko,vdanilchenkor9@prweb.com,Female,$265355.25,935936813,PP
983,Stern,McCallum,smccallumra@about.me,Male,$881985.83,588123259,PP
984,Ilaire,Hendrich,ihendrichrb@walmart.com,Male,$718443.33,595910855,CC
985,Gustie,Wines,gwinesrc@cisco.com,Female,$923821.19,603789750,IT
986,Far,holmes,fholmesrd@google.ru,Male,$103754.40,642594656,IT
987,Darn,McRuvie,dmcruviere@de.vu,Male,$693757.19,96637088,PP
988,Dacia,Le Fevre,dlefevrerf@who.int,Female,$505200.55,305277503,IT
989,Gabe,Thornton,gthorntonrg@mit.edu,Male,$880555.31,16949380,PP
990,Huntington,Phoenix,hphoenixrh@topsy.com,Male,$418501.29,504496168,PP
991,Harli,Iddenden,hiddendenri@technorati.com,Female,$471211.54,177102867,IT
992,Hal,Creany,hcreanyrj@symantec.com,Male,$894409.08,511912289,CC
993,Cindee,Purdey,cpurdeyrk@biblegateway.com,Female,$108752.50,974566564,PP
994,Brina,Julien,bjulienrl@bbb.org,Female,$493866.21,306530253,PP
995,Dottie,Lebarree,dlebarreerm@histats.com,Female,$299836.13,617004582,IT
996,Valma,Jodkowski,vjodkowskirn@salon.com,Female,$724140.01,633413284,IT
997,Whitney,Gebbie,wgebbiero@yellowpages.com,Male,$648465.64,605893695,CC
998,Devonne,Gull,dgullrp@taobao.com,Female,$441045.36,521263846,PP
999,Ronald,Hulbert,rhulbertrq@webs.com,Male,$885401.24,1040989324,CC
1000,Cory,Coram,ccoramrr@arizona.edu,Male,$393174.43,300954148,PP
