id,nombre,apellido,email,genero,valor_tx,numero_identificacion,tipo_identificacion
1,Brandy,Georgeot,bgeorgeot0@vinaora.com,Male,$738268.98,191866676,IT
2,Monro,Hedden,mhedden1@ning.com,Male,$109161.04,65028139,CC
3,Artie,Tideswell,atideswell2@netlog.com,Male,$475069.12,309960870,PP
4,Lavena,Bierling,lbierling3@blinklist.com,Female,$318478.57,841362771,CC
5,Christyna,Sirett,csirett4@oracle.com,Female,$981601.95,949086700,PP
6,Cyrill,Van Saltsberg,cvansaltsberg5@dagondesign.com,Male,$193073.23,993683717,IT
7,Anissa,Sharples,asharples6@flavors.me,Female,$896426.69,481740329,PP
8,Myron,Viall,mviall7@tiny.cc,Male,$162856.08,615523713,PP
9,Katrina,Egre,kegre8@usda.gov,Female,$721196.24,923070361,PP
10,Samson,D'Aeth,sdaeth9@51.la,Male,$467209.43,310130737,CC
11,Frazer,Bracegirdle,fbracegirdlea@blinklist.com,Male,$111315.71,1014473239,CC
12,Leonhard,Mardoll,lmardollb@army.mil,Male,$464140.30,708426382,CC
13,Byron,Culpin,bculpinc@tripod.com,Male,$803555.71,249049711,PP
14,Doroteya,Georghiou,dgeorghioud@networkadvertising.org,Female,$649059.38,287676811,IT
15,Othello,Bacher,obachere@google.nl,Male,$417784.43,728203319,CC
16,Hal,Fossett,hfossettf@tmall.com,Male,$511528.78,161760873,IT
17,Annamarie,Cota,acotag@shop-pro.jp,Female,$307324.53,544923514,CC
18,Agata,Syddie,asyddieh@pcworld.com,Female,$948725.45,588485957,IT
19,Jeth,Guppie,jguppiei@hp.com,Male,$359249.12,12090337,CC
20,Edouard,Buckham,ebuckhamj@nba.com,Male,$776743.88,997146809,PP
21,Brigit,Bolsover,bbolsoverk@cmu.edu,Female,$161847.67,79270479,CC
22,Barrie,Bader,bbaderl@flavors.me,Male,$812365.94,185080105,PP
23,Adela,Stonhewer,astonhewerm@nature.com,Female,$270211.23,443128050,CC
24,Keane,Barkus,kbarkusn@macromedia.com,Male,$299603.49,247065750,PP
25,Zechariah,Grabb,zgrabbo@free.fr,Male,$639749.57,577093235,IT
26,Lona,Manifould,lmanifouldp@sitemeter.com,Female,$607903.74,1040243812,PP
27,Warner,Beake,wbeakeq@topsy.com,Male,$191268.15,751680176,CC
28,Ronnie,Proback,rprobackr@networkadvertising.org,Female,$503945.04,759612292,CC
29,Starlin,Deverell,sdeverells@reddit.com,Female,$198043.84,690929072,IT
30,Aharon,Ksandra,aksandrat@dailymail.co.uk,Male,$932914.30,483954730,PP
31,Kerrill,Le Gassick,klegassicku@google.co.uk,Female,$835500.85,284997142,CC
32,Nappy,O'Leary,nolearyv@aol.com,Male,$113490.29,42074078,PP
33,Harris,O'Bradane,hobradanew@ucsd.edu,Male,$465691.49,610623747,PP
34,Hill,McAvaddy,hmcavaddyx@de.vu,Male,$386406.36,836734096,CC
35,Jourdain,Brimilcombe,jbrimilcombey@bigcartel.com,Male,$467044.93,589637654,PP
36,Talbot,Eade,teadez@twitter.com,Male,$961870.83,1023754888,IT
37,Adoree,Banbrook,abanbrook10@techcrunch.com,Female,$750539.33,48865327,CC
38,Nikolaus,Iddiens,niddiens11@vkontakte.ru,Male,$780690.02,408364277,CC
39,Vergil,Bolgar,vbolgar12@woothemes.com,Male,$382697.35,124032859,CC
40,Portie,de Wilde,pdewilde13@techcrunch.com,Male,$880174.01,789101520,PP
41,Dyan,Videan,dvidean14@list-manage.com,Female,$265333.02,959887920,CC
42,Trefor,Wybrow,twybrow15@networksolutions.com,Male,$107011.74,568691695,CC
43,Schuyler,Thomlinson,sthomlinson16@amazon.de,Male,$574133.44,584136595,PP
44,Clari,Dragge,cdragge17@dropbox.com,Female,$337676.98,981812787,IT
45,Dallas,Thirwell,dthirwell18@patch.com,Female,$302501.67,754918576,IT
46,Moishe,MacKnight,mmacknight19@paypal.com,Male,$929568.20,729573230,IT
47,Redford,Ebbin,rebbin1a@cocolog-nifty.com,Male,$682963.34,542060479,IT
48,Irene,Bartrop,ibartrop1b@dagondesign.com,Female,$854087.91,457773562,CC
49,Lari,Boldt,lboldt1c@so-net.ne.jp,Female,$216428.57,279797404,CC
50,Carrissa,Zanioletti,czanioletti1d@a8.net,Female,$235089.73,969136316,IT
51,Dallas,Huckstepp,dhuckstepp1e@tiny.cc,Male,$344920.53,1045221130,IT
52,Cal,Rubens,crubens1f@addtoany.com,Female,$506478.87,302859308,IT
53,Suellen,Simonou,ssimonou1g@csmonitor.com,Female,$141265.20,665411121,PP
54,Daryn,Myall,dmyall1h@marketwatch.com,Female,$175750.51,1004861482,PP
55,Grier,Gunda,ggunda1i@loc.gov,Female,$748928.07,944317541,IT
56,Sally,Corsar,scorsar1j@com.com,Female,$487464.17,297262998,CC
57,Gerianne,Lowne,glowne1k@over-blog.com,Female,$427498.59,502782006,IT
58,Howie,McKennan,hmckennan1l@wp.com,Male,$673534.53,417970529,IT
59,Oran,Rome,orome1m@devhub.com,Male,$581326.82,785728122,CC
60,Ozzy,Kilgrew,okilgrew1n@epa.gov,Male,$697984.42,830010899,CC
61,Beth,Laird-Craig,blairdcraig1o@wikimedia.org,Female,$999741.52,246175368,PP
62,Gavra,Klaassens,gklaassens1p@xrea.com,Female,$642444.82,772353510,PP
63,Hartley,Mc Ilwrick,hmcilwrick1q@army.mil,Male,$140521.95,921480277,CC
64,Berti,Dohms,bdohms1r@ycombinator.com,Male,$410241.58,854071086,IT
65,Rebecca,Cardno,rcardno1s@europa.eu,Female,$686064.56,679316352,PP
66,Wyndham,Frake,wfrake1t@soup.io,Male,$664057.13,809315612,IT
67,Garth,Rich,grich1u@dmoz.org,Male,$331918.78,1005967523,IT
68,Lanny,Joel,ljoel1v@google.co.uk,Female,$683116.98,368516387,IT
69,Danika,Crusham,dcrusham1w@cam.ac.uk,Female,$882482.27,820663798,IT
70,Karie,Champkins,kchampkins1x@multiply.com,Female,$387721.39,928606899,IT
71,Debbie,Haime,dhaime1y@imageshack.us,Female,$622221.66,336482977,CC
72,Udall,Jellico,ujellico1z@yellowbook.com,Male,$657137.62,340881598,CC
73,Fancy,Emanson,femanson20@ted.com,Female,$332855.48,937865538,IT
74,Arman,Lathy,alathy21@uol.com.br,Male,$260126.88,824550615,IT
75,Hurleigh,Comberbach,hcomberbach22@auda.org.au,Male,$534193.38,680967655,IT
76,Merle,Bumphries,mbumphries23@dagondesign.com,Male,$919477.31,1030129061,IT
77,Eward,Hackinge,ehackinge24@google.pl,Male,$984645.11,228639817,IT
78,Alyse,Crecy,acrecy25@friendfeed.com,Female,$160478.35,134753257,IT
79,Stephanus,Daniels,sdaniels26@slideshare.net,Male,$963280.53,192803902,PP
80,Arnoldo,Ziemsen,aziemsen27@yellowbook.com,Male,$510928.29,306684625,IT
81,Reece,De Caroli,rdecaroli28@scribd.com,Male,$401328.84,694264401,PP
82,Vaughan,Owthwaite,vowthwaite29@xinhuanet.com,Male,$937397.77,633518032,PP
83,Elane,Prose,eprose2a@tinypic.com,Female,$771560.23,702173316,CC
84,Shay,Mugg,smugg2b@kickstarter.com,Male,$287067.77,846405268,PP
85,Kore,Mayne,kmayne2c@amazon.de,Female,$827490.90,828225376,IT
86,Randee,Stainton,rstainton2d@tripadvisor.com,Female,$410894.45,829663023,PP
87,Odelle,Chrisp,ochrisp2e@domainmarket.com,Female,$680094.55,512021557,IT
88,Donnie,Bramah,dbramah2f@chicagotribune.com,Male,$158976.35,50075879,CC
89,Coreen,Capper,ccapper2g@barnesandnoble.com,Female,$890577.23,544904907,CC
90,Theo,Baselio,tbaselio2h@friendfeed.com,Male,$542219.90,593118301,IT
91,Gus,Wennington,gwennington2i@123-reg.co.uk,Male,$935654.80,43480611,IT
92,Bliss,Vernall,bvernall2j@home.pl,Female,$513526.50,923634411,IT
93,York,Jeffry,yjeffry2k@qq.com,Male,$337436.27,461577598,IT
94,Joellen,Jinks,jjinks2l@vistaprint.com,Female,$310015.75,825812700,IT
95,Daphene,Stow,dstow2m@shop-pro.jp,Female,$528184.77,96766271,CC
96,Delilah,Lohoar,dlohoar2n@vkontakte.ru,Female,$623546.39,548948747,CC
97,Thornie,Raithmill,traithmill2o@twitter.com,Male,$255382.29,999827002,CC
98,Modesty,Apted,mapted2p@globo.com,Female,$103086.08,24107362,CC
99,Jenifer,Jakeway,jjakeway2q@marriott.com,Female,$516385.53,732958338,CC
100,Adam,Broker,abroker2r@over-blog.com,Male,$610821.69,670590020,CC
101,Irv,Leal,ileal2s@shinystat.com,Male,$669659.68,508784562,CC
102,Elinor,Razoux,erazoux2t@ameblo.jp,Female,$315972.02,833551341,PP
103,Barbi,Tremathick,btremathick2u@weather.com,Female,$494859.75,741910653,IT
104,Orland,Castagneri,ocastagneri2v@biglobe.ne.jp,Male,$719323.57,240042684,CC
105,Maddalena,Croisdall,mcroisdall2w@dropbox.com,Female,$424902.61,808030711,PP
106,Klemens,Wrightson,kwrightson2x@cnet.com,Male,$497489.69,813137442,CC
107,Inger,Gentner,igentner2y@opensource.org,Female,$531883.87,813625385,IT
108,Michell,Raggitt,mraggitt2z@vinaora.com,Female,$360819.54,207895111,CC
109,Marlow,Sailor,msailor30@ask.com,Male,$316274.52,1023051608,PP
110,Quinn,Shillitoe,qshillitoe31@elpais.com,Male,$868527.65,354925100,IT
111,Fleur,MacIlurick,fmacilurick32@princeton.edu,Female,$299111.43,892344313,IT
112,Federico,Ingrem,fingrem33@squidoo.com,Male,$845407.66,812729163,CC
113,Mendel,MacGillivrie,mmacgillivrie34@ucsd.edu,Male,$917090.75,866565975,CC
114,Binny,Behling,bbehling35@nbcnews.com,Female,$780018.56,166057293,PP
115,Merrick,Schwandt,mschwandt36@fastcompany.com,Male,$487667.65,216342518,CC
116,Caryl,Singers,csingers37@flavors.me,Male,$524681.47,963855828,CC
117,Dahlia,Fairpo,dfairpo38@eepurl.com,Female,$741613.45,78485139,IT
118,Birgit,Lewington,blewington39@telegraph.co.uk,Female,$472779.43,528176255,PP
119,Humphrey,Millyard,hmillyard3a@dion.ne.jp,Male,$928628.96,1011405110,IT
120,Sarena,Brok,sbrok3b@dell.com,Female,$240974.18,267996776,PP
121,Vanya,Daniels,vdaniels3c@deliciousdays.com,Female,$853720.14,351187660,CC
122,Vitoria,Meece,vmeece3d@nydailynews.com,Female,$142873.76,998152572,PP
123,Hurley,Warham,hwarham3e@harvard.edu,Male,$394380.53,315981552,CC
124,Janek,Bearcroft,jbearcroft3f@google.co.jp,Male,$514648.72,654336864,PP
125,Andrej,Sukbhans,asukbhans3g@globo.com,Male,$334661.13,643657470,CC
126,Yule,Fremantle,yfremantle3h@pagesperso-orange.fr,Male,$752453.95,411029752,PP
127,Bondie,Gianinotti,bgianinotti3i@go.com,Male,$726840.21,66647523,IT
128,Kaycee,Dorton,kdorton3j@ebay.co.uk,Female,$852755.65,77609438,PP
129,Clayborn,Ullyatt,cullyatt3k@flavors.me,Male,$182327.09,912674783,IT
130,Tobi,Davidescu,tdavidescu3l@freewebs.com,Female,$358757.74,76568097,PP
131,Lorelle,Enderwick,lenderwick3m@goodreads.com,Female,$569207.89,688262803,PP
132,Lucretia,Attersoll,lattersoll3n@jugem.jp,Female,$518815.43,512544003,IT
133,Ervin,Bohin,ebohin3o@newsvine.com,Male,$281944.25,223272592,IT
134,Wolf,Pressman,wpressman3p@home.pl,Male,$478668.57,913881515,CC
135,Rafaellle,Daye,rdaye3q@trellian.com,Male,$163556.21,648765479,IT
136,Louie,Courtenay,lcourtenay3r@nationalgeographic.com,Male,$995237.68,728830603,IT
137,Rriocard,Layland,rlayland3s@vk.com,Male,$861906.69,823167472,IT
138,Nappy,Simioni,nsimioni3t@sun.com,Male,$485433.52,1026736030,IT
139,Jayson,Rushbrooke,jrushbrooke3u@rakuten.co.jp,Male,$711096.57,900277925,IT
140,Sawyer,Barrie,sbarrie3v@google.ca,Male,$504936.84,668185107,IT
141,Ofella,Lynd,olynd3w@huffingtonpost.com,Female,$205730.13,510250009,CC
142,Lucilia,Stennett,lstennett3x@jigsy.com,Female,$601058.27,757364940,CC
143,Vickie,Cray,vcray3y@cdc.gov,Female,$404978.16,582566151,PP
144,Lynea,Pentland,lpentland3z@fastcompany.com,Female,$851662.62,772950086,CC
145,Margareta,Boost,mboost40@examiner.com,Female,$456589.92,82775579,IT
146,Doll,Couttes,dcouttes41@statcounter.com,Female,$876887.76,149868081,CC
147,Rubia,Shaxby,rshaxby42@ovh.net,Female,$927740.83,173677605,IT
148,Annmaria,Simpkiss,asimpkiss43@fema.gov,Female,$447185.80,608104701,CC
149,Friedrich,Livett,flivett44@adobe.com,Male,$923824.21,82889207,CC
150,Lazarus,Chifney,lchifney45@huffingtonpost.com,Male,$509628.90,262072141,IT
151,Candie,Abramow,cabramow46@chicagotribune.com,Female,$567943.92,681432269,PP
152,Haze,Gierke,hgierke47@furl.net,Male,$717428.83,375426622,PP
153,Silvanus,Adlard,sadlard48@artisteer.com,Male,$381880.61,238019742,IT
154,Clarette,Bromell,cbromell49@is.gd,Female,$156847.65,116900583,CC
155,Nerte,Scamwell,nscamwell4a@feedburner.com,Female,$845280.74,134367079,PP
156,Kirstyn,Rackley,krackley4b@trellian.com,Female,$330384.49,717292035,CC
157,Thorndike,Bowlands,tbowlands4c@usnews.com,Male,$374003.25,109167521,PP
158,Mozelle,Lidington,mlidington4d@miibeian.gov.cn,Female,$610824.28,438742837,PP
159,Riobard,Tour,rtour4e@ihg.com,Male,$391993.96,533824587,PP
160,Dorian,Delort,ddelort4f@ifeng.com,Female,$735918.33,250198454,PP
161,Smitty,Haycroft,shaycroft4g@vkontakte.ru,Male,$576943.67,292994780,IT
162,Conney,Fogarty,cfogarty4h@prnewswire.com,Male,$677218.33,974141946,IT
163,Laurianne,Surgen,lsurgen4i@fema.gov,Female,$238731.55,507711306,PP
164,Valma,Soppit,vsoppit4j@goo.gl,Female,$604330.74,751183067,PP
165,Andeee,Saddleton,asaddleton4k@aboutads.info,Female,$251155.88,446944405,IT
166,Janene,Lauridsen,jlauridsen4l@jigsy.com,Female,$421789.98,548508621,PP
167,Caril,Tomenson,ctomenson4m@webmd.com,Female,$380468.30,1007743496,CC
168,Kelcy,Belton,kbelton4n@163.com,Female,$657712.99,164855077,CC
169,Malachi,Sampson,msampson4o@bizjournals.com,Male,$178331.61,957537983,IT
170,Joanne,Fullom,jfullom4p@csmonitor.com,Female,$337163.73,44006319,PP
171,Rodie,Sewter,rsewter4q@yale.edu,Female,$403485.08,287504227,IT
172,Curry,Tandey,ctandey4r@phpbb.com,Male,$359920.66,414383315,PP
173,Shantee,Hynard,shynard4s@google.fr,Female,$904113.21,669529392,IT
174,Maximo,Roddy,mroddy4t@senate.gov,Male,$787154.37,360047159,IT
175,Hedvig,Lansdowne,hlansdowne4u@spotify.com,Female,$645072.68,464937092,IT
176,Trace,Weightman,tweightman4v@digg.com,Male,$765106.17,532556720,PP
177,Eulalie,MacAllister,emacallister4w@nih.gov,Female,$498225.81,992015710,CC
178,Mace,Ansell,mansell4x@spotify.com,Male,$548141.10,161528449,CC
179,Danita,Bolino,dbolino4y@tumblr.com,Female,$341666.87,925514599,PP
180,Felix,Emilien,femilien4z@amazonaws.com,Male,$635850.69,881224178,CC
181,Freemon,Zorzi,fzorzi50@geocities.com,Male,$469917.76,117892409,PP
182,Marlin,Fritchly,mfritchly51@newyorker.com,Male,$145257.94,652836017,IT
183,Hasty,Roseburgh,hroseburgh52@google.nl,Male,$199054.68,750207958,PP
184,Fons,Gout,fgout53@dedecms.com,Male,$355357.41,966112947,IT
185,Mabelle,Rumsby,mrumsby54@vimeo.com,Female,$464104.91,111747269,CC
186,Bette,Fullicks,bfullicks55@eepurl.com,Female,$870102.77,721580680,IT
187,Giustina,Frissell,gfrissell56@geocities.jp,Female,$489619.41,786958879,PP
188,Casey,Itzig,citzig57@mediafire.com,Female,$415871.93,448890723,CC
189,Viva,Mungan,vmungan58@people.com.cn,Female,$517033.26,536708036,PP
190,Arlena,Mocher,amocher59@aol.com,Female,$871570.26,927312682,IT
191,Elnar,Humphrey,ehumphrey5a@cnn.com,Male,$257715.95,503867540,IT
192,Shara,Lipmann,slipmann5b@harvard.edu,Female,$192976.42,664563280,CC
193,Kaleena,Trayford,ktrayford5c@biglobe.ne.jp,Female,$518210.14,105825588,CC
194,Elva,Kellett,ekellett5d@chicagotribune.com,Female,$473126.43,564146009,PP
195,Sara-ann,Seak,sseak5e@house.gov,Female,$437557.76,77216718,CC
196,Alden,Filipchikov,afilipchikov5f@cbc.ca,Male,$490377.06,236680256,IT
197,Lev,Keers,lkeers5g@usda.gov,Male,$274027.73,600212393,IT
198,Tracy,Dinning,tdinning5h@ovh.net,Male,$973517.47,361208077,IT
199,D'arcy,Moral,dmoral5i@oracle.com,Male,$787536.18,62538733,PP
200,May,Baiss,mbaiss5j@home.pl,Female,$232325.11,332432165,CC
201,Cassondra,Kliche,ckliche5k@cafepress.com,Female,$780063.16,67042183,PP
202,Lottie,Edgington,ledgington5l@redcross.org,Female,$108500.20,45041722,PP
203,Byrom,Mourton,bmourton5m@washington.edu,Male,$257374.90,417933247,PP
204,Gabey,Poor,gpoor5n@cam.ac.uk,Female,$396911.23,108114645,IT
205,Hayward,Cowx,hcowx5o@cornell.edu,Male,$783956.11,337595074,PP
206,Catina,Polak,cpolak5p@disqus.com,Female,$428965.87,563710260,IT
207,Sheffield,Weigh,sweigh5q@yandex.ru,Male,$909839.33,221175801,IT
208,Barron,McHale,bmchale5r@printfriendly.com,Male,$818536.49,778874273,IT
209,Doy,Cleall,dcleall5s@webnode.com,Male,$671125.41,934101268,IT
210,Perceval,Jakeman,pjakeman5t@live.com,Male,$705776.14,920442602,PP
211,Donall,Clawe,dclawe5u@quantcast.com,Male,$930204.63,805379423,IT
212,Holt,Braybrook,hbraybrook5v@soup.io,Male,$968834.40,333178353,IT
213,Eleen,Houldin,ehouldin5w@godaddy.com,Female,$461623.37,205689124,IT
214,Lance,Roux,lroux5x@devhub.com,Male,$677165.98,69130728,IT
215,Justine,Huband,jhuband5y@techcrunch.com,Female,$959823.11,737506544,CC
216,Magnum,Middas,mmiddas5z@infoseek.co.jp,Male,$604040.71,752289894,PP
217,Sandi,Bowne,sbowne60@theguardian.com,Female,$569986.75,50025225,IT
218,Aggie,Tommis,atommis61@blog.com,Female,$141226.68,279011082,CC
219,Karoly,Satcher,ksatcher62@microsoft.com,Male,$435760.87,861578545,PP
220,Petr,Haysham,phaysham63@apache.org,Male,$304492.46,447377120,PP
221,Marcella,Chavey,mchavey64@imgur.com,Female,$710312.05,1038313560,IT
222,Aharon,Butterfield,abutterfield65@umich.edu,Male,$765588.91,850756590,PP
223,Errol,Swettenham,eswettenham66@hugedomains.com,Male,$622458.51,49654133,IT
224,Lindi,Tomeo,ltomeo67@about.me,Female,$579115.53,476021931,IT
225,Wendi,Eliet,weliet68@toplist.cz,Female,$282417.39,89847524,PP
226,Barclay,Guntrip,bguntrip69@live.com,Male,$320535.76,535925598,PP
227,Marijo,Offill,moffill6a@toplist.cz,Female,$207898.55,293724864,PP
228,Lee,Larman,llarman6b@ning.com,Female,$214382.91,267037070,CC
229,Darya,Polden,dpolden6c@prlog.org,Female,$454049.00,673951983,PP
230,Robinia,Polycote,rpolycote6d@bloglines.com,Female,$399643.23,735438177,IT
231,Filide,Gimblet,fgimblet6e@youtu.be,Female,$673217.34,140921104,IT
232,Ashton,Giblin,agiblin6f@ovh.net,Male,$277191.64,223439736,PP
233,Stern,Caldecott,scaldecott6g@qq.com,Male,$327828.80,471646522,CC
234,Sandi,Petteford,spetteford6h@hubpages.com,Female,$846290.32,568793252,IT
235,Phillipp,Docherty,pdocherty6i@microsoft.com,Male,$517214.81,611356517,CC
236,Sande,Yarker,syarker6j@intel.com,Female,$218341.44,53559670,CC
237,Cherrita,Muzzini,cmuzzini6k@bbc.co.uk,Female,$352732.24,348982794,IT
238,Iormina,Brickner,ibrickner6l@pcworld.com,Female,$650582.30,727573323,PP
239,Enrika,Rosenberger,erosenberger6m@wufoo.com,Female,$345558.08,500685806,CC
240,Kathye,Alberts,kalberts6n@lycos.com,Female,$318452.72,278182720,PP
241,Elvis,Meatyard,emeatyard6o@webs.com,Male,$658998.33,527262176,IT
242,Halsy,Curwood,hcurwood6p@ow.ly,Male,$682523.21,402205085,IT
243,Hurley,Tacker,htacker6q@hostgator.com,Male,$277266.51,513606642,PP
244,Lindsay,Skures,lskures6r@hugedomains.com,Female,$489226.86,398730349,CC
245,Vinnie,Ody,vody6s@howstuffworks.com,Male,$299417.46,703403900,CC
246,Sarine,Scutchin,sscutchin6t@trellian.com,Female,$176199.79,299931723,IT
247,Davidde,Assard,dassard6u@gmpg.org,Male,$338961.49,54030134,PP
248,Emalia,Washtell,ewashtell6v@va.gov,Female,$974100.39,353281893,CC
249,Kimball,Harverson,kharverson6w@hostgator.com,Male,$815960.50,287723174,PP
250,Eachelle,Gueste,egueste6x@quantcast.com,Female,$743226.32,177102526,CC
251,Ahmad,Jindrich,ajindrich6y@4shared.com,Male,$472834.27,852348097,PP
252,Meade,Sloyan,msloyan6z@ed.gov,Male,$550167.49,530850257,IT
253,Lucius,Antcliff,lantcliff70@msn.com,Male,$396119.50,510690393,CC
254,Tucky,Penddreth,tpenddreth71@nsw.gov.au,Male,$524046.48,938639404,PP
255,Eddy,Perago,eperago72@wikispaces.com,Male,$951947.16,282369289,IT
256,Cassy,Opy,copy73@ebay.com,Female,$922272.12,79399477,CC
257,Brooks,Tellenbrook,btellenbrook74@chron.com,Male,$833595.93,465157722,PP
258,Vera,Oldis,voldis75@newyorker.com,Female,$784905.04,791419593,PP
259,Quinlan,Winkett,qwinkett76@reverbnation.com,Male,$330035.07,178113060,IT
260,Florri,Willford,fwillford77@ucla.edu,Female,$170498.26,942849827,IT
261,Allen,Kamen,akamen78@columbia.edu,Male,$172977.23,703440933,PP
262,Dot,Miebes,dmiebes79@wsj.com,Female,$401982.38,474510762,IT
263,Erhart,Hastewell,ehastewell7a@princeton.edu,Male,$843075.14,143851549,PP
264,Duffy,Alps,dalps7b@ow.ly,Male,$125630.45,759530407,PP
265,Augustus,Sima,asima7c@narod.ru,Male,$374059.75,188157727,IT
266,Benoite,Yter,byter7d@fc2.com,Female,$936812.12,494139511,PP
267,Anderson,Wattam,awattam7e@irs.gov,Male,$898640.99,341883405,IT
268,Gerome,Jzhakov,gjzhakov7f@pinterest.com,Male,$896201.58,615770285,PP
269,Clarabelle,Dudney,cdudney7g@icq.com,Female,$441283.63,857329127,PP
270,Starla,O'Neary,soneary7h@youtube.com,Female,$910995.08,461359508,IT
271,Katie,Shankster,kshankster7i@delicious.com,Female,$406623.88,694446767,IT
272,Sophronia,Habbert,shabbert7j@si.edu,Female,$853299.04,38418355,PP
273,Kristel,Clulow,kclulow7k@networkadvertising.org,Female,$703254.32,1026312236,CC
274,Wye,Pinchon,wpinchon7l@blogspot.com,Male,$627799.47,979334358,PP
275,Maxwell,Widdowfield,mwiddowfield7m@ycombinator.com,Male,$772871.44,858150690,CC
276,Pren,Wabersich,pwabersich7n@tripadvisor.com,Male,$193964.69,309912117,IT
277,Eula,Pawels,epawels7o@csmonitor.com,Female,$859554.97,524175190,CC
278,Berthe,Gayther,bgayther7p@alexa.com,Female,$306483.28,1049573816,IT
279,Bobbi,Dunrige,bdunrige7q@1und1.de,Female,$339852.43,241045059,IT
280,Minerva,Mason,mmason7r@cyberchimps.com,Female,$148135.13,686971773,PP
281,Damien,Comini,dcomini7s@jimdo.com,Male,$236070.32,121141642,PP
282,Olympe,Harriskine,oharriskine7t@bloomberg.com,Female,$446757.20,367330710,IT
283,Obidiah,Abbess,oabbess7u@auda.org.au,Male,$909824.98,913963172,IT
284,Zorah,Sighard,zsighard7v@acquirethisname.com,Female,$715574.89,853883176,CC
285,Mattias,Leuchars,mleuchars7w@etsy.com,Male,$993644.11,683830824,PP
286,Lucas,Khristyukhin,lkhristyukhin7x@blinklist.com,Male,$549765.80,232952570,IT
287,Bobbette,Bellward,bbellward7y@ow.ly,Female,$100225.11,718175840,IT
288,Mandy,Delacour,mdelacour7z@amazonaws.com,Female,$179494.33,868971274,CC
289,Charyl,De Matteis,cdematteis80@eepurl.com,Female,$853949.47,323265238,IT
290,Gerty,Gallelli,ggallelli81@cbc.ca,Female,$534343.25,757571183,CC
291,Rosemary,Baverstock,rbaverstock82@uiuc.edu,Female,$821785.55,210484398,IT
292,Fawn,Glendining,fglendining83@nih.gov,Female,$534438.29,744258088,PP
293,Wallis,Di Pietro,wdipietro84@fda.gov,Male,$837524.13,516332481,IT
294,Ralina,Huddles,rhuddles85@jugem.jp,Female,$508673.72,558061075,CC
295,Teddie,Gobel,tgobel86@vinaora.com,Male,$911384.28,125203201,PP
296,Tonye,Tassell,ttassell87@google.de,Female,$491456.02,300689429,IT
297,Carmel,Snibson,csnibson88@tuttocitta.it,Female,$121270.93,705152900,IT
298,Oberon,Theze,otheze89@yellowbook.com,Male,$253441.57,612383339,IT
299,Burch,Gasken,bgasken8a@360.cn,Male,$113232.21,441756909,IT
300,Letti,Temlett,ltemlett8b@theatlantic.com,Female,$141615.37,825365857,IT
301,Yank,Hexum,yhexum8c@goo.ne.jp,Male,$107952.74,786393323,IT
302,Cherish,Fergie,cfergie8d@liveinternet.ru,Female,$610309.05,239481965,IT
303,Carlene,Slany,cslany8e@yolasite.com,Female,$709669.70,508755739,PP
304,Granger,Kubalek,gkubalek8f@noaa.gov,Male,$961723.10,887449452,IT
305,Dulcea,Trevascus,dtrevascus8g@lulu.com,Female,$931020.42,653960922,IT
306,Gawen,Bettley,gbettley8h@psu.edu,Male,$529552.15,961889209,CC
307,Emeline,Deners,edeners8i@fda.gov,Female,$215130.68,229808088,CC
308,Mick,Mincher,mmincher8j@youtu.be,Male,$431011.28,369905177,CC
309,Chuck,Folbige,cfolbige8k@techcrunch.com,Male,$502229.67,1021530905,CC
310,Claudie,McPartling,cmcpartling8l@webmd.com,Female,$973038.38,145136969,CC
311,Cesare,Philippou,cphilippou8m@xinhuanet.com,Male,$177877.51,974213940,CC
312,Patin,Downham,pdownham8n@oaic.gov.au,Male,$940061.53,230691008,PP
313,Hoebart,Delong,hdelong8o@cnet.com,Male,$287770.96,228222623,PP
314,Alexandro,Petrelluzzi,apetrelluzzi8p@independent.co.uk,Male,$220228.59,701024542,IT
315,Renell,Puddin,rpuddin8q@google.it,Female,$634935.70,921784243,PP
316,Sheila-kathryn,Bubbins,sbubbins8r@techcrunch.com,Female,$301995.95,606731616,CC
317,Blanche,Denis,bdenis8s@php.net,Female,$963948.75,793847137,PP
318,Cordie,Ginie,cginie8t@nationalgeographic.com,Male,$422329.21,492558007,IT
319,Charmion,Cumming,ccumming8u@t.co,Female,$704790.44,793495782,CC
320,Goldi,Gedge,ggedge8v@163.com,Female,$702809.27,399324567,IT
321,Marna,Sharland,msharland8w@harvard.edu,Female,$488962.11,449779994,CC
322,Justinn,Rohfsen,jrohfsen8x@chicagotribune.com,Female,$191245.07,948428653,CC
323,Athena,Tabard,atabard8y@yelp.com,Female,$201116.50,550138244,CC
324,Kora,Betham,kbetham8z@indiegogo.com,Female,$252289.23,31488642,IT
325,Jeanna,Yukhtin,jyukhtin90@globo.com,Female,$992593.02,732525272,IT
326,Tobe,De la Eglise,tdelaeglise91@ezinearticles.com,Female,$466832.87,202648627,CC
327,Fairfax,Robion,frobion92@altervista.org,Male,$158355.43,638525988,IT
328,Kailey,Pendergast,kpendergast93@bravesites.com,Female,$362896.14,371213628,IT
329,Garreth,Stolberg,gstolberg94@comcast.net,Male,$769786.38,779162244,IT
330,Maxine,Hawkswell,mhawkswell95@time.com,Female,$112799.11,468517461,PP
331,Beck,Balog,bbalog96@ameblo.jp,Male,$793385.55,194168491,PP
332,Ellen,Easterby,eeasterby97@wix.com,Female,$295691.57,958627412,CC
333,Granger,Konzelmann,gkonzelmann98@fastcompany.com,Male,$615884.65,675689490,IT
334,Finley,Ternault,fternault99@fotki.com,Male,$684704.65,220469967,CC
335,Valerye,Rigney,vrigney9a@hud.gov,Female,$894882.69,636189241,PP
336,Reiko,Windress,rwindress9b@geocities.jp,Female,$812546.94,70640567,CC
337,Raven,Leteurtre,rleteurtre9c@dropbox.com,Female,$549362.00,52767667,PP
338,Cornelle,Jeram,cjeram9d@barnesandnoble.com,Female,$551485.06,60108852,PP
339,Trevor,Abrashkin,tabrashkin9e@java.com,Male,$490280.16,164642819,PP
340,Christina,Boome,cboome9f@phoca.cz,Female,$779497.62,952065921,PP
341,Eleanora,Palk,epalk9g@patch.com,Female,$311950.37,181107155,PP
342,Paxton,Fillery,pfillery9h@webeden.co.uk,Male,$959910.20,1015501675,IT
343,Brendis,Hatherell,bhatherell9i@posterous.com,Male,$249218.32,218636742,IT
344,Coleen,Romanet,cromanet9j@illinois.edu,Female,$826538.46,498956061,CC
345,Christian,Chevolleau,cchevolleau9k@earthlink.net,Female,$121883.87,596948359,CC
346,Netta,Strase,nstrase9l@topsy.com,Female,$775114.81,302351111,IT
347,Lindon,Theseira,ltheseira9m@multiply.com,Male,$593285.82,376347058,CC
348,Chariot,Farman,cfarman9n@gmpg.org,Male,$430758.69,156649708,IT
349,Yehudi,Tilte,ytilte9o@ycombinator.com,Male,$397391.61,581355752,IT
350,Chad,Michel,cmichel9p@discovery.com,Male,$590658.60,871548588,PP
351,Base,MacBean,bmacbean9q@imageshack.us,Male,$861445.68,610477100,CC
352,Dorine,Dundendale,ddundendale9r@mapy.cz,Female,$188242.61,85453017,CC
353,Belle,Gordon,bgordon9s@1und1.de,Female,$839236.40,561106476,IT
354,Edan,Warlock,ewarlock9t@technorati.com,Male,$916496.36,20851750,IT
355,Kamilah,Birrane,kbirrane9u@oakley.com,Female,$761466.70,292215551,CC
356,Amabel,Grabbam,agrabbam9v@posterous.com,Female,$998735.45,796233628,IT
357,Gasper,Antonomoli,gantonomoli9w@wordpress.org,Male,$197005.74,549881558,CC
358,Cora,Reavell,creavell9x@php.net,Female,$202558.16,416890223,PP
359,Erny,Mossman,emossman9y@constantcontact.com,Male,$534153.76,13036782,CC
360,Shalne,Jezard,sjezard9z@blogs.com,Female,$244689.48,800363523,IT
361,Upton,Blowick,ublowicka0@imdb.com,Male,$621322.20,250407021,PP
362,Doralia,McCromley,dmccromleya1@cdc.gov,Female,$188608.37,745048986,IT
363,Curcio,Sutcliffe,csutcliffea2@hugedomains.com,Male,$148301.34,605025254,IT
364,Jeremy,Buddle,jbuddlea3@kickstarter.com,Male,$782048.33,505681441,PP
365,Vic,Foister,vfoistera4@foxnews.com,Male,$350427.66,418277078,CC
366,Mackenzie,Arlett,marletta5@businessinsider.com,Male,$265678.27,451636727,PP
367,Inglis,Perigoe,iperigoea6@cloudflare.com,Male,$153208.48,176401199,PP
368,Thelma,McGurgan,tmcgurgana7@unblog.fr,Female,$677892.11,286741001,IT
369,Korella,Catterill,kcatterilla8@instagram.com,Female,$437401.08,671721646,PP
370,Erika,Olcot,eolcota9@free.fr,Female,$625578.91,1005594125,PP
371,Dani,Denman,ddenmanaa@thetimes.co.uk,Male,$644319.32,146901379,IT
372,Raine,Parradye,rparradyeab@merriam-webster.com,Female,$658445.35,670352749,PP
373,Hazel,Ducker,hduckerac@house.gov,Male,$106773.36,1022130153,PP
374,Gael,Eathorne,geathornead@hc360.com,Male,$978013.67,824884129,PP
375,Coreen,Targe,ctargeae@va.gov,Female,$951244.87,87612390,CC
376,Shaun,Wildblood,swildbloodaf@imgur.com,Female,$793606.71,646946789,CC
377,Kikelia,Fidoe,kfidoeag@intel.com,Female,$643536.27,959832200,CC
378,Zorana,Filasov,zfilasovah@reuters.com,Female,$342461.43,309926711,PP
379,Patten,Nester,pnesterai@jigsy.com,Male,$611910.51,335230674,CC
380,Arnie,Goodbarne,agoodbarneaj@ftc.gov,Male,$689623.88,1036472064,PP
381,Stan,Milsom,smilsomak@4shared.com,Male,$660101.94,889633425,IT
382,Rickard,Prugel,rprugelal@princeton.edu,Male,$967036.59,45231884,IT
383,Eddi,Konzelmann,ekonzelmannam@usa.gov,Female,$285810.86,430499995,IT
384,Dido,Ronci,droncian@blinklist.com,Female,$447688.02,831113713,PP
385,Deane,Innett,dinnettao@bloomberg.com,Male,$139481.31,220952414,CC
386,Clarissa,Hendrix,chendrixap@privacy.gov.au,Female,$895088.65,679188092,PP
387,Tom,Lyard,tlyardaq@yale.edu,Male,$780627.27,666119418,PP
388,Davis,Flacknell,dflacknellar@si.edu,Male,$724676.10,347052552,CC
389,Tedd,Reinhart,treinhartas@mit.edu,Male,$890398.07,55056588,IT
390,Marion,Gon,mgonat@harvard.edu,Male,$670484.26,694291974,IT
391,Morgun,Gent,mgentau@adobe.com,Male,$744948.68,322137801,IT
392,Adoree,Gaylord,agaylordav@imageshack.us,Female,$548524.74,437865116,PP
393,Frederick,Bernt,fberntaw@privacy.gov.au,Male,$493295.02,334198018,PP
394,Collen,Antoney,cantoneyax@blogs.com,Female,$206723.87,48075916,PP
395,Barry,Baccas,bbaccasay@state.gov,Female,$516831.58,540418950,CC
396,Reagan,Lemasney,rlemasneyaz@cmu.edu,Male,$376727.19,715217744,CC
397,Mercedes,Priestman,mpriestmanb0@japanpost.jp,Female,$199222.21,510402580,CC
398,Ev,Melin,emelinb1@spiegel.de,Male,$204539.77,270630345,PP
399,Vonny,McEniry,vmceniryb2@paypal.com,Female,$213256.58,723396019,PP
400,Jana,Sage,jsageb3@oakley.com,Female,$998464.79,779411954,PP
401,Homer,Shory,hshoryb4@yellowbook.com,Male,$546287.65,579477180,CC
402,Garek,Wixon,gwixonb5@shop-pro.jp,Male,$470400.85,18885719,PP
403,Artie,Booton,abootonb6@ftc.gov,Male,$209942.28,755111191,PP
404,Sherline,Joderli,sjoderlib7@fda.gov,Female,$488450.48,475252076,PP
405,Tersina,Parminter,tparminterb8@columbia.edu,Female,$805446.58,866740112,IT
406,Codie,Oughtright,coughtrightb9@phpbb.com,Male,$325329.29,525689196,PP
407,Samara,Kann,skannba@noaa.gov,Female,$592602.87,952890158,PP
408,Vincent,Marques,vmarquesbb@spiegel.de,Male,$451749.52,372420650,PP
409,Welbie,Keysall,wkeysallbc@nsw.gov.au,Male,$268125.77,1049609206,IT
410,Trevor,Clemente,tclementebd@digg.com,Male,$557838.65,16044822,CC
411,Irwin,Pawlyn,ipawlynbe@cdbaby.com,Male,$558511.54,169839040,CC
412,Carrissa,Digweed,cdigweedbf@reddit.com,Female,$886613.35,695171617,IT
413,Carling,Parkisson,cparkissonbg@deviantart.com,Male,$101401.85,808923027,IT
414,Bern,Mew,bmewbh@mozilla.org,Male,$139326.06,221537695,CC
415,Sutherland,Fryers,sfryersbi@dion.ne.jp,Male,$431710.02,764238447,IT
416,Kit,Coakley,kcoakleybj@alexa.com,Male,$241237.82,932757476,CC
417,Lonee,Niblock,lniblockbk@dot.gov,Female,$942088.29,187461934,CC
418,Deeyn,Voules,dvoulesbl@1und1.de,Female,$763283.32,201320309,CC
419,Sileas,Rosenfeld,srosenfeldbm@mozilla.org,Female,$383408.88,756832080,CC
420,Aprilette,Kenton,akentonbn@vimeo.com,Female,$813884.40,1004210224,CC
421,Rosetta,Yacobsohn,ryacobsohnbo@bizjournals.com,Female,$571215.96,769931118,CC
422,Brockie,Dunklee,bdunkleebp@sourceforge.net,Male,$825730.06,696855513,PP
423,Zebadiah,Tarzey,ztarzeybq@redcross.org,Male,$869182.55,42629411,CC
424,Sutherlan,Spir,sspirbr@w3.org,Male,$299480.62,986417023,CC
425,Gregoire,Skedge,gskedgebs@tripod.com,Male,$289803.00,1045721144,IT
426,Tuckie,Carrel,tcarrelbt@xrea.com,Male,$122718.28,534452386,IT
427,Magda,Pattullo,mpattullobu@exblog.jp,Female,$658657.25,237047579,PP
428,Mathilde,Housaman,mhousamanbv@google.ca,Female,$552460.71,699773589,PP
429,Georgeanna,Bramwich,gbramwichbw@nih.gov,Female,$327302.42,700591380,PP
430,Melania,Redgrave,mredgravebx@privacy.gov.au,Female,$524310.33,364139349,CC
431,Olympie,Davidzon,odavidzonby@google.nl,Female,$301239.67,751395133,IT
432,Barbra,Sagerson,bsagersonbz@mtv.com,Female,$492810.63,907361786,IT
433,Ainsley,Cupper,acupperc0@unblog.fr,Female,$139468.22,526152663,CC
434,Jeane,Kerfoot,jkerfootc1@booking.com,Female,$861606.79,795519938,CC
435,Vallie,McCord,vmccordc2@state.gov,Female,$870349.73,223473268,IT
436,Ange,Tremayne,atremaynec3@sogou.com,Male,$489200.69,1029600660,PP
437,Sadie,Hebbes,shebbesc4@latimes.com,Female,$198568.76,1021544639,IT
438,Starr,Ligoe,sligoec5@google.cn,Female,$180623.89,854073659,IT
439,Daffi,Ausello,dauselloc6@mapquest.com,Female,$821226.71,190547100,PP
440,Michaeline,Knyvett,mknyvettc7@independent.co.uk,Female,$393887.15,699409892,PP
441,Giustino,Hawkswood,ghawkswoodc8@seesaa.net,Male,$645010.05,186122713,CC
442,Marve,Emmott,memmottc9@facebook.com,Male,$246266.98,991345924,CC
443,Philippe,Chatfield,pchatfieldca@unc.edu,Female,$322850.37,134273477,PP
444,Lois,Retallack,lretallackcb@yandex.ru,Female,$916960.20,1010482535,PP
445,Carolynn,Wanderschek,cwanderschekcc@amazon.com,Female,$253226.79,463464550,IT
446,Madelle,Cottel,mcottelcd@yellowbook.com,Female,$450190.23,455277237,IT
447,Dredi,Hankin,dhankince@comcast.net,Female,$130554.05,118890504,CC
448,Rosemarie,Luciano,rlucianocf@netscape.com,Female,$272303.65,1028119712,IT
449,Chiquita,Hanlon,chanloncg@last.fm,Female,$542825.31,58798275,PP
450,Mathilda,Philps,mphilpsch@ucsd.edu,Female,$956303.34,955597817,PP
451,Julia,Blick,jblickci@spotify.com,Female,$157516.31,507307176,CC
452,Harlan,Leefe,hleefecj@hibu.com,Male,$454390.09,686912914,PP
453,Daphne,Ungerer,dungererck@businessweek.com,Female,$555379.26,184565584,CC
454,Brenna,Kemmons,bkemmonscl@microsoft.com,Female,$465310.63,357798827,CC
455,Nicol,Pillington,npillingtoncm@ezinearticles.com,Female,$404591.00,710283978,IT
456,Lock,Engel,lengelcn@homestead.com,Male,$626656.60,700404026,CC
457,Cherye,Callow,ccallowco@hp.com,Female,$348278.35,697755303,CC
458,Olenolin,Wanek,owanekcp@theguardian.com,Male,$498460.58,74555796,IT
459,Kristy,Gingle,kginglecq@seesaa.net,Female,$933709.56,72211614,CC
460,Lynnette,Balkwill,lbalkwillcr@hubpages.com,Female,$108631.85,862180899,IT
461,Alfy,Lee,aleecs@techcrunch.com,Male,$127806.31,519637939,PP
462,Tabb,Coulman,tcoulmanct@hhs.gov,Male,$800283.57,138178070,PP
463,Fleming,Guisby,fguisbycu@examiner.com,Male,$621767.03,827661877,IT
464,Meade,Errichi,merrichicv@virginia.edu,Male,$394350.16,718088856,PP
465,Bevon,Keys,bkeyscw@ehow.com,Male,$694747.87,234282499,CC
466,Elinore,Hirth,ehirthcx@mac.com,Female,$680083.03,253433032,CC
467,Trevar,Vollam,tvollamcy@whitehouse.gov,Male,$267767.30,1007057693,CC
468,Elwin,Goodison,egoodisoncz@about.me,Male,$691715.02,700696373,IT
469,Olenka,Maddocks,omaddocksd0@1688.com,Female,$610506.41,609457851,CC
470,Vidovic,Blaydon,vblaydond1@ehow.com,Male,$637401.56,833835219,CC
471,Jeri,Weeds,jweedsd2@blogger.com,Female,$831842.01,433424082,CC
472,Nikolaos,Meech,nmeechd3@com.com,Male,$146507.88,448135967,CC
473,Corri,Marginson,cmarginsond4@pbs.org,Female,$656816.94,257509254,CC
474,Fawn,Stares,fstaresd5@dmoz.org,Female,$419718.36,812067553,PP
475,Bradan,Bees,bbeesd6@usa.gov,Male,$103560.59,861750438,CC
476,Sonny,Ronisch,sronischd7@paginegialle.it,Male,$684458.45,646235828,CC
477,Eli,O'Cahey,eocaheyd8@pen.io,Male,$425544.25,1036691981,IT
478,Polly,Dyet,pdyetd9@jiathis.com,Female,$981521.64,522472158,PP
479,Wendie,McNeillie,wmcneillieda@4shared.com,Female,$679919.21,259099154,CC
480,Camilla,Downton,cdowntondb@bbb.org,Female,$471208.58,282644701,PP
481,Denise,Eddies,deddiesdc@cloudflare.com,Female,$627855.98,299880531,IT
482,Amos,Lancashire,alancashiredd@freewebs.com,Male,$237715.14,747591028,CC
483,Viviene,Van Niekerk,vvanniekerkde@bing.com,Female,$455593.28,681480623,CC
484,Titus,Fries,tfriesdf@wordpress.com,Male,$688527.55,849375080,CC
485,Jordain,Powney,jpowneydg@hud.gov,Female,$655182.22,341984587,CC
486,Sonya,Bitcheno,sbitchenodh@bloomberg.com,Female,$523236.55,582023945,PP
487,Hilliard,Surby,hsurbydi@fastcompany.com,Male,$678795.96,931396417,PP
488,Mirabelle,Murrison,mmurrisondj@prnewswire.com,Female,$167637.05,343504924,CC
489,Delmer,Logesdale,dlogesdaledk@mapquest.com,Male,$617027.38,880584554,PP
490,Arlyne,Challinor,achallinordl@salon.com,Female,$794701.01,776900595,CC
491,Royce,Sutterfield,rsutterfielddm@twitter.com,Male,$296031.62,278130772,PP
492,Lynelle,Whitehair,lwhitehairdn@mapquest.com,Female,$151058.54,622250394,IT
493,Raimund,Gouldie,rgouldiedo@census.gov,Male,$647372.12,250212424,IT
494,Hilda,MacKerley,hmackerleydp@microsoft.com,Female,$232721.55,654762017,CC
495,Davon,Plevin,dplevindq@alibaba.com,Male,$309595.85,503122353,CC
496,Jard,Dobrovolny,jdobrovolnydr@dailymail.co.uk,Male,$703359.48,55703771,PP
497,Arty,Varfolomeev,avarfolomeevds@miitbeian.gov.cn,Male,$187646.39,954517361,CC
498,Gerladina,Took,gtookdt@bloomberg.com,Female,$268431.97,1046325364,CC
499,Concettina,Pabst,cpabstdu@imdb.com,Female,$490210.53,289808287,CC
500,Abey,Konzel,akonzeldv@slideshare.net,Male,$928116.73,853670241,PP
501,Lancelot,Plumptre,lplumptredw@fc2.com,Male,$342186.60,686951017,PP
502,Lilia,Hynam,lhynamdx@foxnews.com,Female,$579717.47,549745812,PP
503,Nico,Wemes,nwemesdy@cmu.edu,Male,$185444.26,844089802,CC
504,Noe,Newrick,nnewrickdz@tumblr.com,Male,$424629.03,365845518,CC
505,Kendall,Grece,kgrecee0@si.edu,Male,$719209.19,988928794,IT
506,Shane,Cockney,scockneye1@quantcast.com,Female,$781361.57,382176557,IT
507,Christie,MacTrustram,cmactrustrame2@senate.gov,Male,$835166.85,731833565,IT
508,Luigi,Vlach,lvlache3@ow.ly,Male,$372443.34,613051097,CC
509,Dyan,Minker,dminkere4@google.es,Female,$956656.47,598630792,CC
510,Packston,Columbine,pcolumbinee5@elpais.com,Male,$434852.70,994376418,PP
511,Clevie,Dooley,cdooleye6@tmall.com,Male,$651727.01,474108247,CC
512,Ariadne,Coleridge,acoleridgee7@google.co.uk,Female,$680620.35,960896104,PP
513,Reta,Piatkow,rpiatkowe8@slideshare.net,Female,$262748.33,353672861,CC
514,Pietra,Dunseath,pdunseathe9@cafepress.com,Female,$720240.47,789060958,PP
515,Anjela,Streetfield,astreetfieldea@photobucket.com,Female,$214818.12,121448616,PP
516,Crista,Dunkinson,cdunkinsoneb@typepad.com,Female,$177240.52,777929183,CC
517,Fidole,Pescott,fpescottec@oaic.gov.au,Male,$740532.91,284970661,IT
518,Allis,McPeice,amcpeiceed@uol.com.br,Female,$763296.19,6042608,IT
519,Orlan,Jozefowicz,ojozefowiczee@amazon.co.jp,Male,$851000.41,517816956,CC
520,Rasia,Fairhurst,rfairhurstef@51.la,Female,$226530.51,979192904,IT
521,Hersh,Crop,hcropeg@yahoo.co.jp,Male,$494357.87,69519003,IT
522,Brigida,MacLeese,bmacleeseeh@baidu.com,Female,$428425.93,915824525,IT
523,Valenka,Rikard,vrikardei@blogs.com,Female,$182138.11,1005510048,PP
524,Averill,Coultar,acoultarej@google.com.au,Male,$633674.01,423574539,CC
525,Una,MacHoste,umachosteek@nasa.gov,Female,$543299.26,521174515,CC
526,Gratiana,Presnell,gpresnellel@washington.edu,Female,$897643.16,632561145,PP
527,Jae,Beever,jbeeverem@opera.com,Male,$158637.09,1017485565,IT
528,Georgianne,Menpes,gmenpesen@last.fm,Female,$889197.87,361097082,PP
529,Veronike,Ludgrove,vludgroveeo@parallels.com,Female,$378026.70,459542210,PP
530,Kippie,Ruppelin,kruppelinep@nhs.uk,Female,$822245.14,501655993,PP
531,Freemon,Cona,fconaeq@statcounter.com,Male,$632360.88,793407138,IT
532,Martica,McCarle,mmccarleer@businesswire.com,Female,$544497.26,229295557,IT
533,Symon,Jennaroy,sjennaroyes@zimbio.com,Male,$429998.36,933747601,IT
534,Clayson,Pavkovic,cpavkovicet@about.com,Male,$574636.99,863468509,IT
535,Mignonne,Mutton,mmuttoneu@domainmarket.com,Female,$765978.44,607948052,PP
536,Gothart,Eller,gellerev@microsoft.com,Male,$107569.26,945524741,IT
537,Edward,Robrose,erobroseew@whitehouse.gov,Male,$146590.72,159143374,CC
538,Ramonda,Ebsworth,rebsworthex@1und1.de,Female,$363932.77,898780591,IT
539,Natasha,Charters,nchartersey@uiuc.edu,Female,$517979.93,260944588,PP
540,Mercie,Ismail,mismailez@livejournal.com,Female,$332997.27,848782150,IT
541,Hershel,Brettor,hbrettorf0@gravatar.com,Male,$593097.71,34778293,PP
542,Michale,Nystrom,mnystromf1@163.com,Male,$175156.37,476266787,CC
543,Lars,Layzell,llayzellf2@ftc.gov,Male,$294016.12,524934624,PP
544,Frans,Hazeley,fhazeleyf3@noaa.gov,Male,$474006.45,508983076,PP
545,Mallory,Delamere,mdelameref4@simplemachines.org,Male,$675213.64,55234478,PP
546,Petronella,Glowach,pglowachf5@squidoo.com,Female,$928026.81,792598800,PP
547,Ceil,Wainer,cwainerf6@mediafire.com,Female,$966475.43,458600458,CC
548,Eduardo,Whichelow,ewhichelowf7@si.edu,Male,$870630.28,134671625,IT
549,Branden,Shingfield,bshingfieldf8@ustream.tv,Male,$182679.59,853896005,IT
550,Zitella,Aimer,zaimerf9@discuz.net,Female,$662729.74,624748743,CC
551,Tremain,Casterton,tcastertonfa@wordpress.org,Male,$155027.33,419236575,PP
552,Flori,Coupe,fcoupefb@utexas.edu,Female,$261907.82,829521129,PP
553,James,Cannavan,jcannavanfc@nydailynews.com,Male,$196199.86,345050722,CC
554,Leanna,Joint,ljointfd@yellowpages.com,Female,$654711.76,669946308,CC
555,Tate,Dhennin,tdhenninfe@weebly.com,Male,$501636.01,428205480,CC
556,Dione,Barttrum,dbarttrumff@weebly.com,Female,$922082.25,727344197,PP
557,Rodger,MacPadene,rmacpadenefg@blogspot.com,Male,$405195.75,271661887,PP
558,Persis,Milmo,pmilmofh@simplemachines.org,Female,$820857.55,91342166,PP
559,Garald,Wyne,gwynefi@unc.edu,Male,$817764.25,114084612,CC
560,Morgan,Oran,moranfj@biblegateway.com,Male,$929459.91,999984452,IT
561,Aguistin,Abramski,aabramskifk@addtoany.com,Male,$566747.10,479717892,CC
562,Alexis,Ewols,aewolsfl@nationalgeographic.com,Male,$633135.65,125226444,IT
563,Hadleigh,Bagnal,hbagnalfm@biblegateway.com,Male,$563006.00,878771703,CC
564,Glendon,Dittson,gdittsonfn@oracle.com,Male,$466435.80,112602374,CC
565,Viva,Winsborrow,vwinsborrowfo@examiner.com,Female,$300114.26,112710205,IT
566,Serene,Klosa,sklosafp@istockphoto.com,Female,$148872.10,647387955,CC
567,Abagael,Gifkins,agifkinsfq@state.tx.us,Female,$870353.84,554457685,CC
568,Elnar,Showte,eshowtefr@shinystat.com,Male,$630497.05,357259643,IT
569,Cammie,Wibrew,cwibrewfs@theglobeandmail.com,Female,$497756.84,340482021,IT
570,Enrichetta,Adamov,eadamovft@dagondesign.com,Female,$879964.88,1008609442,PP
571,Florie,Glossop,fglossopfu@github.io,Female,$285808.76,444573152,IT
572,Tommie,Martinello,tmartinellofv@istockphoto.com,Female,$258948.21,809966517,PP
573,Vladimir,Cudworth,vcudworthfw@reverbnation.com,Male,$652801.90,456870607,IT
574,Hazel,Odger,hodgerfx@slashdot.org,Male,$688630.44,625924368,PP
575,Javier,Attle,jattlefy@columbia.edu,Male,$901380.65,875055788,IT
576,Koralle,Golden,kgoldenfz@devhub.com,Female,$186444.67,79335194,IT
577,Ewell,Chasemoore,echasemooreg0@globo.com,Male,$577883.25,370758429,PP
578,Jinny,Treffrey,jtreffreyg1@jugem.jp,Female,$161370.62,6279742,PP
579,Vito,Higounet,vhigounetg2@w3.org,Male,$331170.48,470084317,IT
580,Gaspard,Antcliffe,gantcliffeg3@ed.gov,Male,$326725.37,82362859,IT
581,Lilyan,Evelyn,levelyng4@clickbank.net,Female,$110329.53,368319378,PP
582,Carolin,Siggee,csiggeeg5@timesonline.co.uk,Female,$257678.04,36758470,IT
583,Joachim,Stolte,jstolteg6@slashdot.org,Male,$512767.85,544351729,PP
584,Yehudi,Mapson,ymapsong7@shop-pro.jp,Male,$651213.86,15335514,PP
585,Neysa,Armall,narmallg8@etsy.com,Female,$773826.77,858556109,IT
586,Hallie,Huntar,hhuntarg9@i2i.jp,Female,$397210.86,26814553,IT
587,Phineas,Collingham,pcollinghamga@etsy.com,Male,$405720.15,487399036,IT
588,Claudia,Mowson,cmowsongb@ebay.co.uk,Female,$943156.40,826477289,CC
589,Shelley,Wilhelmy,swilhelmygc@europa.eu,Male,$547222.01,513289007,CC
590,Darb,Logg,dlogggd@angelfire.com,Female,$676395.27,942969797,PP
591,Sibyl,Lenahan,slenahange@w3.org,Female,$317531.97,406933625,PP
592,Lindsay,Weekley,lweekleygf@prlog.org,Female,$936660.88,782778004,PP
593,Tate,Marvin,tmarvingg@imgur.com,Male,$109871.17,169590091,PP
594,Cristiano,Russe,crussegh@marketwatch.com,Male,$269471.33,635756296,CC
595,Taddeo,Shoebotham,tshoebothamgi@europa.eu,Male,$997601.64,389122681,IT
596,Reta,Farrington,rfarringtongj@multiply.com,Female,$695047.89,957225955,CC
597,Laughton,Hovenden,lhovendengk@printfriendly.com,Male,$581336.26,705245593,IT
598,Townie,Wardlow,twardlowgl@vistaprint.com,Male,$897561.57,665963464,IT
599,Andrej,Tabram,atabramgm@admin.ch,Male,$293769.75,985197792,PP
600,Myrah,Torrijos,mtorrijosgn@amazon.co.uk,Female,$657451.54,282618224,CC
601,Jasun,Gasnoll,jgasnollgo@sfgate.com,Male,$530568.60,632494479,PP
602,Dimitry,Cleverley,dcleverleygp@smh.com.au,Male,$973245.51,427556437,CC
603,Poul,Custy,pcustygq@amazonaws.com,Male,$390405.27,458262175,PP
604,Angelia,Dallon,adallongr@about.me,Female,$110559.37,317744591,IT
605,Dallas,Bowfin,dbowfings@senate.gov,Male,$150523.28,973802283,IT
606,Temple,Hartup,thartupgt@amazon.com,Male,$331596.56,330487636,IT
607,Lorinda,Lewcock,llewcockgu@ed.gov,Female,$552940.78,274214516,CC
608,Estelle,Jellyman,ejellymangv@washington.edu,Female,$211944.63,251659542,CC
609,Dagny,Trail,dtrailgw@yelp.com,Male,$592878.96,186637836,IT
610,Bar,Edson,bedsongx@blinklist.com,Male,$408864.26,572430678,CC
611,Isidor,Caswall,icaswallgy@epa.gov,Male,$777962.97,353509337,PP
612,Warner,Rossi,wrossigz@geocities.com,Male,$734248.39,879951032,CC
613,Dick,Gurdon,dgurdonh0@bluehost.com,Male,$726440.63,573623519,IT
614,Sallee,Romanetti,sromanettih1@youku.com,Female,$815338.79,630537265,PP
615,Sanford,Coultous,scoultoush2@cisco.com,Male,$481007.02,52778424,CC
616,Rowen,Schimonek,rschimonekh3@blog.com,Male,$849558.52,997155167,CC
617,Bren,Hartley,bhartleyh4@com.com,Female,$882241.92,672544352,IT
618,Matty,Regitz,mregitzh5@mysql.com,Female,$948466.82,121386005,PP
619,Wheeler,Shergold,wshergoldh6@who.int,Male,$301803.49,667260567,PP
620,Vally,Bracknell,vbracknellh7@360.cn,Female,$984693.47,96035690,PP
621,Katharine,Fletcher,kfletcherh8@toplist.cz,Female,$996682.72,709254134,IT
622,Thadeus,Bickell,tbickellh9@forbes.com,Male,$504886.37,352663579,CC
623,Fons,Goodlett,fgoodlettha@histats.com,Male,$696214.25,539434268,CC
624,Roxane,Grece,rgrecehb@marriott.com,Female,$375490.74,356347542,CC
625,Gaylor,Dankov,gdankovhc@themeforest.net,Male,$654240.29,44783422,CC
626,Davon,Gepson,dgepsonhd@slashdot.org,Male,$467049.16,671955682,IT
627,Alane,Trangmar,atrangmarhe@wired.com,Female,$162404.64,815366312,IT
628,Heindrick,Breach,hbreachhf@storify.com,Male,$633593.57,452918056,CC
629,Dyan,Drayton,ddraytonhg@smugmug.com,Female,$759524.58,475354362,CC
630,Debby,McCurdy,dmccurdyhh@utexas.edu,Female,$818332.88,933205673,CC
631,Rosanne,Canadine,rcanadinehi@list-manage.com,Female,$532450.25,511102722,IT
632,Leelah,Ciardo,lciardohj@paginegialle.it,Female,$614124.67,810430044,IT
633,Jeanie,Lawdham,jlawdhamhk@chron.com,Female,$931967.62,565899083,IT
634,Johan,Arlett,jarletthl@sitemeter.com,Male,$969026.62,332506162,CC
635,Angeli,Cremin,acreminhm@pagesperso-orange.fr,Male,$781012.88,738836611,IT
636,Herrick,Fortin,hfortinhn@google.com.hk,Male,$523037.32,7967027,CC
637,Merrile,McLeese,mmcleeseho@scientificamerican.com,Female,$355341.08,418331103,IT
638,Powell,Caghy,pcaghyhp@simplemachines.org,Male,$432721.20,710216754,CC
639,Vicky,Brockway,vbrockwayhq@washington.edu,Female,$802477.54,717186874,CC
640,Wynn,Crackett,wcracketthr@sciencedirect.com,Female,$255305.36,13713910,PP
641,Claiborn,Kneesha,ckneeshahs@yellowpages.com,Male,$350922.68,732190454,IT
642,Ki,Mingasson,kmingassonht@networkadvertising.org,Female,$585658.80,327244174,CC
643,Omar,Langland,olanglandhu@google.cn,Male,$377946.99,50388907,PP
644,Alica,Cadigan,acadiganhv@cbc.ca,Female,$924033.34,717056494,CC
645,Dan,Erangy,derangyhw@yale.edu,Male,$482858.41,388275956,IT
646,Mariel,Matterdace,mmatterdacehx@fema.gov,Female,$406818.70,407711279,PP
647,Grayce,Bottelstone,gbottelstonehy@digg.com,Female,$133580.50,178150331,CC
648,Sharon,Demelt,sdemelthz@angelfire.com,Female,$497914.99,375402839,IT
649,Kylie,Brauns,kbraunsi0@boston.com,Female,$814566.04,81194617,IT
650,Margot,Piper,mpiperi1@lycos.com,Female,$944388.15,19848789,CC
651,Carson,Dutt,cdutti2@quantcast.com,Male,$177603.59,754453339,CC
652,Jourdain,Marqyes,jmarqyesi3@mediafire.com,Male,$306042.93,527432905,PP
653,Jecho,Goodlip,jgoodlipi4@histats.com,Male,$624135.78,262533989,IT
654,Dorella,McCerery,dmccereryi5@amazonaws.com,Female,$526857.48,586966295,PP
655,Les,Maffy,lmaffyi6@cbc.ca,Male,$210524.60,166104330,CC
656,Amelia,Grote,agrotei7@example.com,Female,$492661.91,396430424,CC
657,Haze,Elham,helhami8@unc.edu,Male,$857991.42,554142718,IT
658,Kalli,Keirl,kkeirli9@dagondesign.com,Female,$565039.74,919528375,CC
659,Sherrie,Tarney,starneyia@wufoo.com,Female,$665068.02,25854413,IT
660,Edythe,Millward,emillwardib@ftc.gov,Female,$484462.66,845424961,PP
661,Ellary,Doull,edoullic@chicagotribune.com,Male,$808476.95,878885042,PP
662,Merilyn,Tures,mturesid@weebly.com,Female,$133196.30,206403835,IT
663,Beckie,Manhood,bmanhoodie@reddit.com,Female,$969488.91,228435165,PP
664,Angelica,Albiston,aalbistonif@about.com,Female,$856430.44,380035581,CC
665,Luce,Widmore,lwidmoreig@engadget.com,Female,$873648.87,115084374,IT
666,Saleem,Eastwell,seastwellih@mashable.com,Male,$521925.93,229883433,IT
667,Mariele,Kindon,mkindonii@ft.com,Female,$777232.27,701158566,IT
668,Duff,Bucky,dbuckyij@springer.com,Male,$460483.66,674340443,IT
669,Michale,Kenna,mkennaik@nationalgeographic.com,Male,$692477.50,201367002,PP
670,Madelaine,Heater,mheateril@apache.org,Female,$250556.79,57504940,PP
671,Jolyn,Canadas,jcanadasim@jigsy.com,Female,$850614.72,1007154177,PP
672,Sinclair,Shurlock,sshurlockin@webnode.com,Male,$601976.40,131986016,CC
673,Shalna,Batchelder,sbatchelderio@google.com.au,Female,$195071.50,254916897,IT
674,Petey,Grishakov,pgrishakovip@nba.com,Male,$308262.26,908494472,PP
675,Corinna,Tomich,ctomichiq@thetimes.co.uk,Female,$455747.31,603904922,CC
676,Sadie,Hammond,shammondir@cafepress.com,Female,$467669.83,971668870,IT
677,Fayre,Lippiatt,flippiattis@ed.gov,Female,$461978.47,208374291,PP
678,Concordia,Imeson,cimesonit@un.org,Female,$358424.71,416198608,IT
679,Olivia,Pinchbeck,opinchbeckiu@cam.ac.uk,Female,$431587.85,172607651,IT
680,Devan,Wolver,dwolveriv@blogspot.com,Female,$757676.58,604492320,IT
681,Sandye,Demaid,sdemaidiw@bbc.co.uk,Female,$869646.99,330139291,IT
682,Sloan,Errington,serringtonix@stanford.edu,Male,$390818.96,632347262,PP
683,Karylin,Guillond,kguillondiy@friendfeed.com,Female,$698373.45,359146092,IT
684,Elnore,Avo,eavoiz@whitehouse.gov,Female,$591879.75,793098855,CC
685,Babb,Leborgne,bleborgnej0@ehow.com,Female,$907444.63,342975226,IT
686,Felic,Hinkins,fhinkinsj1@paginegialle.it,Male,$681156.56,350575512,CC
687,Adrianna,Civitillo,acivitilloj2@jiathis.com,Female,$815930.67,638771986,IT
688,Calla,McNeish,cmcneishj3@google.com.br,Female,$237630.15,976032688,IT
689,Karee,Brunt,kbruntj4@oakley.com,Female,$620582.28,447188371,IT
690,Nerty,Listone,nlistonej5@taobao.com,Female,$108064.23,672192697,IT
691,Sherwin,Dowda,sdowdaj6@ezinearticles.com,Male,$183670.39,997690469,IT
692,Inglebert,Klimek,iklimekj7@rambler.ru,Male,$460748.88,974047080,CC
693,Ermanno,Jansens,ejansensj8@flickr.com,Male,$577284.59,24265197,CC
694,Kearney,Batstone,kbatstonej9@amazon.co.uk,Male,$511329.81,36523437,PP
695,Buck,Kabos,bkabosja@ed.gov,Male,$391449.51,186198112,PP
696,Sandie,Spenley,sspenleyjb@usnews.com,Female,$830543.67,408807033,PP
697,Thomasin,Bazelle,tbazellejc@xinhuanet.com,Female,$656771.04,336133240,PP
698,Burgess,Penrose,bpenrosejd@netvibes.com,Male,$647608.56,829482853,PP
699,Elston,Oxbie,eoxbieje@epa.gov,Male,$224542.34,7955783,IT
700,Mignonne,Smeuin,msmeuinjf@csmonitor.com,Female,$930726.26,862953077,IT
701,Bobbi,Staries,bstariesjg@plala.or.jp,Female,$389562.46,894336673,PP
702,Carr,Lintill,clintilljh@oracle.com,Male,$412984.11,1024879950,IT
703,Geneva,Glasbey,gglasbeyji@dailymail.co.uk,Female,$580037.40,669544396,IT
704,Binni,Skip,bskipjj@wikimedia.org,Female,$726622.26,612869921,IT
705,Waylen,Drust,wdrustjk@unicef.org,Male,$196525.26,994529204,IT
706,Jehanna,Gairdner,jgairdnerjl@home.pl,Female,$466810.67,216279205,CC
707,Vic,Celes,vcelesjm@goodreads.com,Male,$141185.08,228593521,CC
708,Kassey,Crosoer,kcrosoerjn@amazonaws.com,Female,$591793.82,701707638,IT
709,Clem,Goudie,cgoudiejo@blogspot.com,Female,$482575.34,832681197,CC
710,Mareah,Colisbe,mcolisbejp@answers.com,Female,$716848.43,268557286,PP
711,Hunt,Labro,hlabrojq@admin.ch,Male,$697559.37,85614823,CC
712,Allianora,Moulin,amoulinjr@webnode.com,Female,$460172.78,48966233,IT
713,Kahaleel,Oventon,koventonjs@salon.com,Male,$185633.88,778421540,CC
714,Meade,Turfes,mturfesjt@microsoft.com,Male,$915251.80,415857712,IT
715,Rivalee,Gittens,rgittensju@usda.gov,Female,$511746.83,708706666,CC
716,Wyatt,Carff,wcarffjv@aboutads.info,Male,$146297.43,682022499,PP
717,Terrill,Yeskin,tyeskinjw@rakuten.co.jp,Male,$755410.39,729458010,IT
718,Lucinda,Densumbe,ldensumbejx@ucsd.edu,Female,$948698.50,208437862,CC
719,Heinrick,Beardsworth,hbeardsworthjy@flickr.com,Male,$333396.46,760854311,CC
720,Lanna,Sazio,lsaziojz@ucoz.ru,Female,$905688.01,941114523,IT
721,Sylvan,Camplejohn,scamplejohnk0@51.la,Male,$836255.65,657576928,CC
722,Yorker,Fyndon,yfyndonk1@google.com,Male,$529294.31,790026996,CC
723,Nelly,Tolussi,ntolussik2@ft.com,Female,$554425.18,779705572,PP
724,Robbie,Seal,rsealk3@arizona.edu,Female,$296311.10,207501307,IT
725,Gretta,Face,gfacek4@topsy.com,Female,$194393.61,783500507,IT
726,Chancey,Halliburton,challiburtonk5@xinhuanet.com,Male,$880876.66,75193430,IT
727,Jody,Sauvage,jsauvagek6@yolasite.com,Male,$384888.32,865429075,IT
728,Marv,Johnsson,mjohnssonk7@samsung.com,Male,$955792.71,1038063124,CC
729,Butch,Signore,bsignorek8@php.net,Male,$251264.00,731425868,CC
730,Giulio,Children,gchildrenk9@ustream.tv,Male,$983344.54,254316400,PP
731,Bili,Caveill,bcaveillka@jalbum.net,Female,$189846.44,791103400,CC
732,Jobye,Barthot,jbarthotkb@sphinn.com,Female,$302021.68,236022080,PP
733,Whit,Pridmore,wpridmorekc@360.cn,Male,$981026.54,928784130,PP
734,Raul,Hrihorovich,rhrihorovichkd@live.com,Male,$251353.44,277150097,CC
735,Hyacintha,Brickwood,hbrickwoodke@mit.edu,Female,$645546.32,438414595,IT
736,Fidela,Cornill,fcornillkf@123-reg.co.uk,Female,$715884.67,22892665,CC
737,Mag,Chasney,mchasneykg@cdbaby.com,Female,$907233.73,950809286,CC
738,Ches,Kempston,ckempstonkh@craigslist.org,Male,$396532.10,550353493,PP
739,Hussein,Kubik,hkubikki@imgur.com,Male,$178437.21,39532341,CC
740,Verile,MacCorley,vmaccorleykj@flickr.com,Female,$832496.19,662468068,CC
741,Nadeen,Plows,nplowskk@php.net,Female,$644014.92,551505125,IT
742,Sheelagh,Klimkovich,sklimkovichkl@eventbrite.com,Female,$172403.43,284447055,CC
743,Enos,Rudland,erudlandkm@biblegateway.com,Male,$237172.33,287776883,PP
744,Sibley,Duffet,sduffetkn@liveinternet.ru,Female,$235848.02,941987466,CC
745,Creight,McVeigh,cmcveighko@nifty.com,Male,$792203.58,389630941,CC
746,Godwin,Pritchett,gpritchettkp@about.com,Male,$487467.62,290465040,IT
747,Josefa,Orts,jortskq@virginia.edu,Female,$512133.95,655244224,CC
748,Rolland,Bromilow,rbromilowkr@webnode.com,Male,$320695.20,319049172,IT
749,Cosimo,Kiehl,ckiehlks@desdev.cn,Male,$993224.37,683413413,IT
750,Allard,Cradick,acradickkt@toplist.cz,Male,$164170.92,165080147,CC
751,Anette,Eronie,aeronieku@meetup.com,Female,$167818.81,291412774,CC
752,Natka,Crockley,ncrockleykv@epa.gov,Female,$517999.05,517350691,CC
753,Jean,Keiling,jkeilingkw@diigo.com,Female,$678604.20,440680808,IT
754,Kathy,Michallat,kmichallatkx@hibu.com,Female,$368527.26,118274561,CC
755,Monti,Baus,mbausky@answers.com,Male,$983397.44,837159170,IT
756,Tanya,Giblett,tgiblettkz@ask.com,Female,$275272.71,788032861,IT
757,Yank,Sammonds,ysammondsl0@ihg.com,Male,$530613.46,1017148810,PP
758,Elizabeth,Cordeix,ecordeixl1@fema.gov,Female,$672555.94,558106472,CC
759,Murry,Dulake,mdulakel2@indiatimes.com,Male,$220625.26,644903322,PP
760,Ike,Coners,iconersl3@fastcompany.com,Male,$930062.02,223280196,CC
761,Doy,Delle,ddellel4@cdbaby.com,Male,$223802.08,652868213,PP
762,Dari,Esche,deschel5@ucla.edu,Female,$615075.67,872378775,IT
763,Candida,MacAdie,cmacadiel6@oakley.com,Female,$410390.99,413938145,PP
764,Jeremie,Lawman,jlawmanl7@reuters.com,Male,$944885.23,341628348,CC
765,Quincey,Riggey,qriggeyl8@bandcamp.com,Male,$628807.98,153859116,CC
766,Emmy,Durrad,edurradl9@networkadvertising.org,Female,$840124.49,472402907,IT
767,Daniela,Hillatt,dhillattla@joomla.org,Female,$471646.81,1029775912,CC
768,Nikkie,Egdell,negdelllb@sohu.com,Female,$485736.66,517182885,CC
769,Olly,Knightsbridge,oknightsbridgelc@bbb.org,Male,$246701.45,922934275,CC
770,Annabelle,Thor,athorld@apache.org,Female,$412515.96,656441442,IT
771,Pennie,Tokley,ptokleyle@cnn.com,Female,$192829.80,1049522928,IT
772,Sigvard,Dossettor,sdossettorlf@dyndns.org,Male,$857427.23,409484411,IT
773,Kerby,Henken,khenkenlg@dmoz.org,Male,$884876.25,575041078,CC
774,Phylys,Sirett,psirettlh@xing.com,Female,$757936.18,310824604,CC
775,Durant,Ternott,dternottli@histats.com,Male,$446561.78,517581885,PP
776,Darin,Stell,dstelllj@angelfire.com,Male,$820486.84,251003715,CC
777,Elise,Welfare,ewelfarelk@hp.com,Female,$190951.66,192037699,IT
778,Kyle,Nickoll,knickollll@linkedin.com,Male,$456338.28,476540833,IT
779,Katusha,Burgon,kburgonlm@instagram.com,Female,$210371.08,650681871,PP
780,Luci,Castrillo,lcastrilloln@newsvine.com,Female,$321507.99,981540732,PP
781,Toma,Yukhnevich,tyukhnevichlo@rediff.com,Female,$442280.66,18812632,PP
782,Giorgia,Retallack,gretallacklp@lycos.com,Female,$367690.60,841199901,CC
783,Garald,Coupar,gcouparlq@google.com.br,Male,$944988.64,431260987,PP
784,Pauly,Weedon,pweedonlr@ucla.edu,Female,$416706.18,568065038,IT
785,Guillemette,Merrell,gmerrellls@a8.net,Female,$474517.46,289210061,PP
786,Adorne,Courvert,acourvertlt@w3.org,Female,$321902.70,11647497,PP
787,Gerrie,Grigolon,ggrigolonlu@mtv.com,Male,$528088.64,288073874,PP
788,Rodolph,Hanning,rhanninglv@blogspot.com,Male,$497617.08,773167969,CC
789,Constantine,Brugman,cbrugmanlw@hhs.gov,Female,$327523.41,84439732,IT
790,Margarette,Hunn,mhunnlx@symantec.com,Female,$699785.58,715667527,IT
791,Milli,Puve,mpuvely@mozilla.org,Female,$203913.54,862725289,PP
792,Toddie,Cranefield,tcranefieldlz@wsj.com,Male,$352523.69,835690455,CC
793,Christen,Crannach,ccrannachm0@dailymotion.com,Female,$675219.14,287567910,PP
794,Hilario,Bremner,hbremnerm1@qq.com,Male,$377058.25,1009591774,CC
795,Barb,Foot,bfootm2@sphinn.com,Female,$841995.92,578178096,IT
796,Jeffry,Hegerty,jhegertym3@about.me,Male,$162227.67,663579008,PP
797,Rudie,Salzberger,rsalzbergerm4@last.fm,Male,$624923.88,808280244,CC
798,Glynn,Warstall,gwarstallm5@mashable.com,Male,$865868.71,480403036,IT
799,Dyana,Bagenal,dbagenalm6@adobe.com,Female,$110604.43,760719679,CC
800,Tarra,Beddingham,tbeddinghamm7@tamu.edu,Female,$337883.16,953705076,IT
801,Prinz,Trethewey,ptretheweym8@shareasale.com,Male,$601957.22,700584587,CC
802,Michel,Luparto,mlupartom9@mayoclinic.com,Male,$169596.01,223057923,CC
803,Brady,Badder,bbadderma@google.fr,Male,$173836.70,8629783,PP
804,Ulric,Foxen,ufoxenmb@tinypic.com,Male,$515231.55,470339779,IT
805,Natty,Altamirano,naltamiranomc@pbs.org,Female,$514157.40,817480701,PP
806,Marina,Lanahan,mlanahanmd@ycombinator.com,Female,$966278.06,783702264,PP
807,Rena,Palk,rpalkme@vkontakte.ru,Female,$584914.10,516836179,IT
808,Maire,Hastings,mhastingsmf@nps.gov,Female,$554230.44,765113378,CC
809,Standford,Sorbie,ssorbiemg@mit.edu,Male,$311812.88,1044351503,PP
810,Thea,Book,tbookmh@google.ca,Female,$624592.77,651027457,CC
811,Annamaria,Farra,afarrami@epa.gov,Female,$570469.21,650407558,PP
812,Duky,Brimm,dbrimmmj@census.gov,Male,$481110.18,326131685,IT
813,Regan,Buckingham,rbuckinghammk@acquirethisname.com,Male,$211581.81,478033493,CC
814,Gabbie,Beecker,gbeeckerml@foxnews.com,Female,$720804.27,796958581,IT
815,Melessa,Challener,mchallenermm@bloglovin.com,Female,$414452.25,893612145,PP
816,Nowell,Folger,nfolgermn@ucoz.ru,Male,$522067.82,943283906,PP
817,Colby,Mynott,cmynottmo@mysql.com,Male,$675669.43,167054981,PP
818,Domeniga,Aspell,daspellmp@simplemachines.org,Female,$246432.88,325632262,IT
819,Neely,Krauss,nkraussmq@list-manage.com,Female,$306768.91,722243304,PP
820,Price,Torrecilla,ptorrecillamr@flickr.com,Male,$956229.71,331800241,CC
821,Cesare,Jiggen,cjiggenms@uol.com.br,Male,$461913.26,117656400,IT
822,Amy,Attreed,aattreedmt@harvard.edu,Female,$945945.17,410089383,PP
823,Seumas,Smittoune,ssmittounemu@bigcartel.com,Male,$424278.05,832802067,PP
824,Robinet,Glentz,rglentzmv@themeforest.net,Male,$556165.67,1026460797,CC
825,Stephannie,Sinnocke,ssinnockemw@barnesandnoble.com,Female,$755341.19,678245012,IT
826,Alla,Blacker,ablackermx@about.me,Female,$652450.36,483280617,IT
827,Cecilla,Hillburn,chillburnmy@ning.com,Female,$298210.18,557922703,IT
828,Sela,Kennefick,skennefickmz@linkedin.com,Female,$892622.27,371483073,PP
829,Flossy,Madgin,fmadginn0@domainmarket.com,Female,$117067.14,397501556,PP
830,Torrey,Butfield,tbutfieldn1@ucoz.com,Male,$529412.28,885212692,PP
831,Pace,Ledamun,pledamunn2@vimeo.com,Male,$417226.15,66388100,CC
832,Nita,Anersen,nanersenn3@army.mil,Female,$129614.12,217923549,IT
833,Bat,Savory,bsavoryn4@comcast.net,Male,$697988.34,544266456,CC
834,Olly,Isaak,oisaakn5@alexa.com,Female,$339065.48,29791546,IT
835,Prudi,Ruffey,pruffeyn6@answers.com,Female,$413160.32,372743427,IT
836,Easter,Alcorn,ealcornn7@miibeian.gov.cn,Female,$781845.42,816273986,PP
837,Huntlee,Leonard,hleonardn8@youku.com,Male,$927655.59,690786078,IT
838,Erastus,Galiford,egalifordn9@1und1.de,Male,$587444.87,814967593,PP
839,Broddie,Skerman,bskermanna@tuttocitta.it,Male,$744016.78,907024210,CC
840,Sonia,Scarratt,sscarrattnb@bbc.co.uk,Female,$191124.57,955634834,IT
841,Othelia,Bernardini,obernardininc@comsenz.com,Female,$200068.34,258706809,CC
842,Carter,Statersfield,cstatersfieldnd@tripadvisor.com,Male,$374572.35,491858315,PP
843,Akim,Sturmey,asturmeyne@github.com,Male,$331099.31,725577269,CC
844,Dasi,Sedworth,dsedworthnf@oracle.com,Female,$480225.41,240729256,CC
845,Hamid,Feldfisher,hfeldfisherng@thetimes.co.uk,Male,$404440.59,445254603,CC
846,Janine,Denford,jdenfordnh@reverbnation.com,Female,$743031.74,734924867,PP
847,Pattie,Colebrook,pcolebrookni@angelfire.com,Female,$267778.84,619581794,IT
848,Babette,Keating,bkeatingnj@washingtonpost.com,Female,$917686.31,558093427,CC
849,Bendix,Gateman,bgatemannk@mtv.com,Male,$451717.66,742981278,CC
850,Les,Danne,ldannenl@usatoday.com,Male,$403773.13,538150347,PP
851,Gasper,Ogborne,gogbornenm@qq.com,Male,$891006.71,207422799,CC
852,Anabel,Greatbanks,agreatbanksnn@altervista.org,Female,$340360.36,371885579,PP
853,Marline,Circuitt,mcircuittno@facebook.com,Female,$241782.39,347494114,IT
854,Karie,Emerton,kemertonnp@arizona.edu,Female,$512568.98,75060887,CC
855,Kearney,Heinicke,kheinickenq@goodreads.com,Male,$601132.65,875237290,IT
856,Ariadne,Wayvill,awayvillnr@bloglovin.com,Female,$754607.33,24072954,PP
857,Bendicty,Cristofari,bcristofarins@unicef.org,Male,$762699.84,571565376,PP
858,Nappy,Ryam,nryamnt@symantec.com,Male,$555154.79,308780333,CC
859,Willie,Boulsher,wboulshernu@edublogs.org,Female,$434556.42,262684395,IT
860,Roobbie,Normansell,rnormansellnv@unicef.org,Female,$790464.88,574521937,CC
861,Judd,Mayor,jmayornw@lycos.com,Male,$655888.91,270078979,PP
862,Brigg,Mattacks,bmattacksnx@edublogs.org,Male,$771394.74,229748282,CC
863,Quinn,Natte,qnatteny@illinois.edu,Male,$610071.92,1034798295,IT
864,Brice,Chittenden,bchittendennz@earthlink.net,Male,$605043.31,436956210,IT
865,Averil,Ferenczi,aferenczio0@umich.edu,Male,$544647.58,82824636,IT
866,Devi,Robison,drobisono1@comcast.net,Female,$394454.50,887345711,CC
867,Carey,Terron,cterrono2@forbes.com,Male,$407876.06,669808493,IT
868,Caresa,Bowes,cboweso3@scientificamerican.com,Female,$143537.73,296748543,IT
869,Garrott,Byass,gbyasso4@wikimedia.org,Male,$845747.56,947824892,IT
870,Ricardo,Seabrocke,rseabrockeo5@biglobe.ne.jp,Male,$180730.77,1036400609,CC
871,Katherina,Ferrarini,kferrarinio6@tamu.edu,Female,$104121.43,260224612,IT
872,Gradey,Moorman,gmoormano7@omniture.com,Male,$843778.12,1003635543,IT
873,Alessandro,Deners,adenerso8@arstechnica.com,Male,$696755.48,135972667,IT
874,Wald,Ashbolt,washbolto9@washington.edu,Male,$435963.34,530460841,IT
875,Maribeth,Losano,mlosanooa@hc360.com,Female,$764946.40,866975241,IT
876,Donetta,Seemmonds,dseemmondsob@virginia.edu,Female,$647713.32,249961157,IT
877,Barry,Trawin,btrawinoc@sogou.com,Female,$354109.82,779640620,CC
878,Osbert,Bradie,obradieod@ucla.edu,Male,$766397.43,354986689,PP
879,Candi,Gasnoll,cgasnolloe@wikispaces.com,Female,$331891.67,619661125,IT
880,Meagan,Hardin,mhardinof@nyu.edu,Female,$119395.73,263660445,IT
881,Sapphire,Schutter,sschutterog@surveymonkey.com,Female,$671806.27,876293507,PP
882,Leta,Merton,lmertonoh@umn.edu,Female,$452797.79,509258966,PP
883,Andi,Tottem,atottemoi@themeforest.net,Female,$463803.85,366116073,CC
884,Meryl,Glader,mgladeroj@qq.com,Male,$117643.30,241636917,CC
885,Frasier,Hyne,fhyneok@ihg.com,Male,$766657.04,861961065,IT
886,Tim,Hudghton,thudghtonol@creativecommons.org,Female,$295656.56,38930883,IT
887,Cherlyn,Hollow,chollowom@ezinearticles.com,Female,$537440.28,695636222,IT
888,Erasmus,Bilbee,ebilbeeon@theatlantic.com,Male,$458705.36,266794331,PP
889,Buddy,Bougourd,bbougourdoo@acquirethisname.com,Male,$467673.86,934835888,PP
890,Lock,Buxam,lbuxamop@msu.edu,Male,$865895.79,215970189,CC
891,Todd,Lavallin,tlavallinoq@alexa.com,Male,$736769.64,718403642,PP
892,My,Leidecker,mleideckeror@admin.ch,Male,$949913.82,88081182,IT
893,Tabbi,Gilligan,tgilliganos@vkontakte.ru,Female,$549384.30,683960825,CC
894,Barbey,Hinken,bhinkenot@who.int,Female,$121097.78,237647555,CC
895,Nadeen,Ryce,nryceou@barnesandnoble.com,Female,$471947.82,652780233,PP
896,Margery,Catherall,mcatherallov@loc.gov,Female,$217382.39,525195785,IT
897,Bevan,Fantini,bfantiniow@posterous.com,Male,$890962.23,567412870,PP
898,Devin,Meekings,dmeekingsox@kickstarter.com,Male,$383782.09,872130985,CC
899,Odetta,Topham,otophamoy@disqus.com,Female,$724666.23,97756276,CC
900,Cheryl,Vaggs,cvaggsoz@creativecommons.org,Female,$988654.08,756888103,CC
901,Minette,De Michele,mdemichelep0@bing.com,Female,$806315.46,796627671,IT
902,Elliot,Howlin,ehowlinp1@cyberchimps.com,Male,$541059.33,652234146,CC
903,Vassili,Zute,vzutep2@youku.com,Male,$408063.94,249952385,PP
904,Patten,Teresse,pteressep3@shareasale.com,Male,$171161.00,572376155,CC
905,Kathe,Saffe,ksaffep4@istockphoto.com,Female,$110112.88,781669731,CC
906,Eric,Boomes,eboomesp5@patch.com,Male,$551809.20,11558802,CC
907,Enoch,Dalgliesh,edalglieshp6@vk.com,Male,$136777.79,1035102707,PP
908,Andromache,Giacobini,agiacobinip7@springer.com,Female,$935177.81,165662126,IT
909,Maurita,Garretson,mgarretsonp8@shareasale.com,Female,$622960.23,325328574,IT
910,Gray,Wigmore,gwigmorep9@psu.edu,Male,$375932.89,775561169,CC
911,Erroll,Woollons,ewoollonspa@yellowbook.com,Male,$317366.61,962991581,CC
912,Raimund,Wiggin,rwigginpb@sohu.com,Male,$245161.64,914697287,IT
913,Basil,Le Noury,blenourypc@shutterfly.com,Male,$326270.02,410871718,CC
914,Ephrem,Smorthit,esmorthitpd@nps.gov,Male,$235341.99,807666590,IT
915,Karon,Anfosso,kanfossope@columbia.edu,Female,$942904.58,759218408,IT
916,Wiley,Wincott,wwincottpf@mtv.com,Male,$458289.18,65621120,PP
917,Abbye,MacGhee,amacgheepg@e-recht24.de,Female,$774349.24,173208324,CC
918,Nicole,Sopp,nsoppph@disqus.com,Female,$659062.73,625504470,CC
919,Benjie,Wanjek,bwanjekpi@a8.net,Male,$358087.19,688226608,CC
920,Beverlie,Lillgard,blillgardpj@yellowbook.com,Female,$417133.75,252273554,PP
921,Cross,Pipkin,cpipkinpk@uiuc.edu,Male,$453924.21,370094467,CC
922,Paige,Barbrook,pbarbrookpl@yellowpages.com,Male,$846859.73,222065988,CC
923,Aloise,Piniur,apiniurpm@odnoklassniki.ru,Female,$263820.05,256919115,CC
924,Zechariah,Daviot,zdaviotpn@alibaba.com,Male,$220449.76,760633192,IT
925,Melisenda,Roark,mroarkpo@wunderground.com,Female,$407450.99,578158354,CC
926,Dore,Stockhill,dstockhillpp@nyu.edu,Male,$513641.64,539944200,IT
927,Tally,Sawdon,tsawdonpq@ifeng.com,Male,$452101.15,666602337,IT
928,Parker,Joules,pjoulespr@ning.com,Male,$202895.48,243543500,PP
929,Dolorita,Vossgen,dvossgenps@ustream.tv,Female,$772971.69,723570348,IT
930,Blake,Celier,bcelierpt@merriam-webster.com,Male,$628040.33,60001362,IT
931,Fitzgerald,Berrill,fberrillpu@weebly.com,Male,$311138.96,425362748,IT
932,Vincent,Daniele,vdanielepv@4shared.com,Male,$575614.67,578239099,CC
933,Tannie,Wiltshier,twiltshierpw@timesonline.co.uk,Male,$726641.86,521036307,CC
934,Marlee,Phelps,mphelpspx@networkadvertising.org,Female,$806038.14,754393164,PP
935,Marty,Vasiljevic,mvasiljevicpy@ustream.tv,Female,$740464.64,674645074,IT
936,Bard,Eusden,beusdenpz@un.org,Male,$146815.61,244971551,CC
937,Haskel,Scatchar,hscatcharq0@businessinsider.com,Male,$881436.43,348170067,IT
938,Bax,Craik,bcraikq1@theguardian.com,Male,$130752.15,501143483,CC
939,Melisse,Sanchis,msanchisq2@army.mil,Female,$175586.71,1006839104,PP
940,Debor,Wrennall,dwrennallq3@nymag.com,Female,$833820.19,209314635,CC
941,Liam,Limb,llimbq4@thetimes.co.uk,Male,$792690.54,687727906,CC
942,Delmar,Danaher,ddanaherq5@friendfeed.com,Male,$964603.95,275946519,PP
943,Pen,Rabidge,prabidgeq6@cdc.gov,Male,$689483.51,397029403,PP
944,Vidovic,Jarrel,vjarrelq7@jimdo.com,Male,$259004.63,701645417,CC
945,Sheila,Royds,sroydsq8@pcworld.com,Female,$693994.48,749453370,PP
946,Dotti,Selvester,dselvesterq9@fema.gov,Female,$997281.61,132913768,IT
947,Monique,Dilrew,mdilrewqa@usgs.gov,Female,$946778.86,998508323,CC
948,Emelina,Sherr,esherrqb@multiply.com,Female,$168277.39,289691592,PP
949,Junie,Hazley,jhazleyqc@yellowbook.com,Female,$550227.63,809209682,PP
950,Pooh,Castiglioni,pcastiglioniqd@furl.net,Male,$733079.01,1021958400,IT
951,Rutger,Lynock,rlynockqe@artisteer.com,Male,$545841.38,61139752,IT
952,Robbie,Sprigg,rspriggqf@youtube.com,Male,$501182.33,281684234,CC
953,Anson,Petrina,apetrinaqg@1und1.de,Male,$288397.21,1017156560,IT
954,Suzanne,Emanuelli,semanuelliqh@weather.com,Female,$964567.89,39224191,CC
955,Graham,Igo,gigoqi@taobao.com,Male,$358490.30,504623207,IT
956,Katya,Sutor,ksutorqj@arstechnica.com,Female,$327512.88,579700889,IT
957,Karilynn,O'Loughlin,koloughlinqk@yale.edu,Female,$282791.60,687199229,CC
958,Winna,Berling,wberlingql@vistaprint.com,Female,$523904.62,833085972,IT
959,Cissiee,Bartolini,cbartoliniqm@unblog.fr,Female,$456796.21,762508505,CC
960,Jason,Sproul,jsproulqn@networksolutions.com,Male,$398925.62,361926001,IT
961,Rockey,Mityukov,rmityukovqo@i2i.jp,Male,$814199.41,830418904,IT
962,Edwina,MacSweeney,emacsweeneyqp@hhs.gov,Female,$782691.18,379530436,IT
963,Tatiana,Robberecht,trobberechtqq@thetimes.co.uk,Female,$251506.48,869176334,IT
964,Stephanus,Nuccii,snucciiqr@google.com.hk,Male,$747519.19,81346990,CC
965,Stearn,Ker,skerqs@independent.co.uk,Male,$841816.27,261331728,IT
966,Vanya,Blumsom,vblumsomqt@reuters.com,Male,$458903.14,773332921,PP
967,Michael,Gallaher,mgallaherqu@g.co,Male,$448640.61,81255457,IT
968,Hoebart,Godleman,hgodlemanqv@wp.com,Male,$555942.30,271886486,CC
969,Trudy,Philbrick,tphilbrickqw@deliciousdays.com,Female,$154731.89,331150705,PP
970,Whitman,Alexandrescu,walexandrescuqx@technorati.com,Male,$112872.86,902344620,PP
971,Burg,Shortan,bshortanqy@amazonaws.com,Male,$447961.16,851857454,CC
972,Granger,Linge,glingeqz@bigcartel.com,Male,$736947.37,775444619,CC
973,Esme,Lassen,elassenr0@omniture.com,Female,$986740.83,778017525,PP
974,Cozmo,Lorente,clorenter1@skyrock.com,Male,$104789.69,730774017,PP
975,Ossie,Halden,ohaldenr2@artisteer.com,Male,$387181.86,386980789,PP
976,Essy,Bromont,ebromontr3@dot.gov,Female,$283767.66,564414895,CC
977,Nikolas,Ginty,ngintyr4@examiner.com,Male,$579268.61,549203909,IT
978,Kelcy,Bretland,kbretlandr5@ucoz.ru,Female,$511472.01,474796504,CC
979,Beatrix,Greenig,bgreenigr6@tumblr.com,Female,$522300.61,893367840,PP
980,Jesse,Gary,jgaryr7@woothemes.com,Female,$935535.68,181590189,CC
981,Franklyn,Spieght,fspieghtr8@yelp.com,Male,$177878.79,452398877,IT
982,Pren,Edmondson,pedmondsonr9@php.net,Male,$621889.46,810237558,CC
983,Elizabeth,Martinho,emartinhora@google.ca,Female,$561496.11,648743581,CC
984,Charmain,Bentson,cbentsonrb@hatena.ne.jp,Female,$304880.53,207508903,CC
985,Paton,Tchaikovsky,ptchaikovskyrc@instagram.com,Male,$626546.25,48922690,IT
986,Korie,Eller,kellerrd@foxnews.com,Female,$946526.90,839618267,PP
987,Allissa,Olechnowicz,aolechnowiczre@jigsy.com,Female,$342046.18,348495397,CC
988,Trista,MacNeely,tmacneelyrf@weibo.com,Female,$554520.69,1030763889,CC
989,Trudey,Purviss,tpurvissrg@meetup.com,Female,$672326.83,279239583,CC
990,Harrie,Pedrozzi,hpedrozzirh@opensource.org,Female,$887012.84,645228611,CC
991,Erskine,Cardero,ecarderori@gmpg.org,Male,$561205.46,22493943,CC
992,Thane,McGlue,tmcgluerj@sun.com,Male,$950593.28,197751673,IT
993,Rebekah,Dumke,rdumkerk@va.gov,Female,$159432.61,933696598,IT
994,Weidar,des Remedios,wdesremediosrl@altervista.org,Male,$491717.54,781804520,CC
995,Cello,Berthome,cberthomerm@gravatar.com,Male,$376051.77,686034570,PP
996,Mychal,Balston,mbalstonrn@imageshack.us,Male,$959907.96,470722135,PP
997,Claudius,Forryan,cforryanro@acquirethisname.com,Male,$456455.59,362812366,CC
998,Merci,Aysik,maysikrp@marketwatch.com,Female,$937539.75,780261698,IT
999,Dill,Henderson,dhendersonrq@linkedin.com,Male,$219142.77,1020132343,IT
1000,Pat,Fairfoot,pfairfootrr@elegantthemes.com,Female,$651815.63,122402482,PP
