id,nombre,apellido,email,genero,valor_tx,numero_identificacion,tipo_identificacion
1,Roddie,Lambrechts,rlambrechts0@google.es,Male,$971298.98,332387472,IT
2,Hannah,Adami,hadami1@altervista.org,Female,$397487.02,381027458,PP
3,Mahmoud,Orbine,morbine2@va.gov,Male,$267768.93,308257532,CC
4,Candide,Tofanelli,ctofanelli3@whitehouse.gov,Female,$868822.86,27080129,CC
5,Eward,Allden,eallden4@sphinn.com,Male,$117344.29,477074908,PP
6,Sammy,Flounders,sflounders5@webs.com,Female,$416904.53,706251439,IT
7,Falito,Fitzpatrick,ffitzpatrick6@weibo.com,Male,$118594.58,110983853,CC
8,Tammy,Teaze,tteaze7@springer.com,Male,$932026.35,141840993,IT
9,Kayle,Edland,kedland8@usgs.gov,Female,$493797.99,376978190,CC
10,Germana,Full,gfull9@seesaa.net,Female,$624128.49,61014415,PP
11,Saloma,Castellone,scastellonea@comsenz.com,Female,$485178.49,59425083,CC
12,Whittaker,Heigl,wheiglb@geocities.com,Male,$399961.06,561506490,PP
13,Valli,Urien,vurienc@surveymonkey.com,Female,$184848.59,912835742,PP
14,Wes,L' Estrange,wlestranged@deviantart.com,Male,$520133.49,139023408,PP
15,Fae,Yackiminie,fyackiminiee@addtoany.com,Female,$933160.67,1040191928,PP
16,Gerrie,Noriega,gnoriegaf@upenn.edu,Male,$850356.86,819902467,PP
17,Clyve,Cranna,ccrannag@nature.com,Male,$870217.07,991935607,CC
18,Mabelle,Tourne,mtourneh@purevolume.com,Female,$128597.18,25861675,PP
19,Gabbie,Watsam,gwatsami@about.me,Male,$110329.48,748894765,IT
20,Ronda,Melendez,rmelendezj@rediff.com,Female,$527940.15,368713569,PP
21,Conchita,Stainburn,cstainburnk@uol.com.br,Female,$510870.63,636506739,IT
22,Melita,Deane,mdeanel@newyorker.com,Female,$391077.77,721320692,CC
23,Zarah,Petyanin,zpetyaninm@wikimedia.org,Female,$277296.92,346090980,CC
24,Aubrey,Ellicott,aellicottn@webmd.com,Female,$124762.35,361118615,IT
25,Electra,Joslyn,ejoslyno@sciencedirect.com,Female,$920582.95,22014310,CC
26,Caprice,Cicchinelli,ccicchinellip@comsenz.com,Female,$897117.43,300559906,CC
27,Kacey,Barnish,kbarnishq@npr.org,Female,$408393.36,516490101,IT
28,Corri,Deely,cdeelyr@europa.eu,Female,$585165.04,125269209,IT
29,Tammara,Greep,tgreeps@ameblo.jp,Female,$831519.75,869519232,CC
30,Katey,Babbidge,kbabbidget@latimes.com,Female,$725505.10,73719513,CC
31,Loren,Dovermann,ldovermannu@dot.gov,Male,$129207.59,495088470,PP
32,Hadleigh,Beverstock,hbeverstockv@uiuc.edu,Male,$557623.35,903725703,IT
33,Ron,Breem,rbreemw@rambler.ru,Male,$487057.01,959118005,IT
34,Jinny,Collcott,jcollcottx@goo.ne.jp,Female,$969568.42,462449986,IT
35,Gannon,Lanfer,glanfery@dot.gov,Male,$752998.94,754838037,IT
36,Ed,Kern,ekernz@ft.com,Male,$510013.90,1033828094,PP
37,Cherilynn,Grinley,cgrinley10@jigsy.com,Female,$137381.33,701197103,PP
38,Ivy,Davenhall,idavenhall11@hp.com,Female,$601241.78,216287406,PP
39,Merci,Rollings,mrollings12@pen.io,Female,$340045.34,908519308,CC
40,Em,Hancorn,ehancorn13@mozilla.com,Male,$337502.04,565048186,CC
41,Welch,Wolfinger,wwolfinger14@freewebs.com,Male,$905931.00,549991340,IT
42,Nerta,Mumberson,nmumberson15@rambler.ru,Female,$444627.19,190271817,PP
43,Halette,Kevis,hkevis16@technorati.com,Female,$238442.34,948968135,CC
44,Sigismund,Dickens,sdickens17@springer.com,Male,$890645.71,645976828,CC
45,Cob,Scandred,cscandred18@taobao.com,Male,$949927.00,24613223,PP
46,Neron,Hamman,nhamman19@cbc.ca,Male,$712755.41,1032707632,CC
47,Shina,Lumsdon,slumsdon1a@devhub.com,Female,$749483.91,721505896,PP
48,Ferd,Shade,fshade1b@example.com,Male,$134606.07,1032269102,PP
49,Sherry,Gobert,sgobert1c@examiner.com,Female,$939334.43,535335756,CC
50,Iorgo,Broadberry,ibroadberry1d@google.com.hk,Male,$104547.84,1012567683,IT
51,Carina,Bernier,cbernier1e@guardian.co.uk,Female,$407707.03,624914586,CC
52,Trudi,Minguet,tminguet1f@tinypic.com,Female,$685215.73,1030543615,PP
53,Aloin,Fredi,afredi1g@sourceforge.net,Male,$278459.78,878317154,IT
54,Fanya,Fealey,ffealey1h@examiner.com,Female,$573408.22,327846201,IT
55,Holmes,Terrans,hterrans1i@cam.ac.uk,Male,$657583.11,356558787,CC
56,Cesare,Mennear,cmennear1j@redcross.org,Male,$947470.90,702158797,IT
57,Godfrey,Birchett,gbirchett1k@gnu.org,Male,$260896.19,262186469,CC
58,Hildagard,Bryson,hbryson1l@dailymotion.com,Female,$881578.54,66282608,PP
59,Darill,Gowan,dgowan1m@npr.org,Male,$331552.09,615787731,PP
60,Illa,Aplin,iaplin1n@usa.gov,Female,$491799.04,243128214,CC
61,Giorgio,Nobles,gnobles1o@indiatimes.com,Male,$902183.30,620911129,IT
62,Morlee,Kobpac,mkobpac1p@live.com,Male,$480730.61,883693043,PP
63,Giulietta,Sennett,gsennett1q@google.es,Female,$426760.23,1007348229,PP
64,Joycelin,Borg-Bartolo,jborgbartolo1r@mail.ru,Female,$544048.38,153539946,CC
65,Danita,Nel,dnel1s@indiegogo.com,Female,$594445.54,548797715,PP
66,Elaina,Gosden,egosden1t@imgur.com,Female,$576406.33,66374339,PP
67,Brita,Carvill,bcarvill1u@purevolume.com,Female,$136331.48,894630690,CC
68,Pamela,Ullett,pullett1v@umn.edu,Female,$632146.44,992487821,PP
69,Legra,Di Nisco,ldinisco1w@howstuffworks.com,Female,$521982.21,1032020134,CC
70,Raviv,Carbry,rcarbry1x@si.edu,Male,$971227.51,506871914,CC
71,Adaline,Massow,amassow1y@smugmug.com,Female,$655535.96,372978646,IT
72,Nataniel,Bonnefin,nbonnefin1z@ox.ac.uk,Male,$892204.78,138844474,PP
73,Christian,Page,cpage20@wordpress.org,Female,$663549.17,820422303,PP
74,Elbertina,McCusker,emccusker21@unc.edu,Female,$977683.59,403109183,IT
75,Pen,Malby,pmalby22@desdev.cn,Male,$758810.96,943928361,CC
76,Gerard,Espinosa,gespinosa23@dedecms.com,Male,$796443.00,689017364,IT
77,Avigdor,Fenimore,afenimore24@shareasale.com,Male,$463883.98,560464635,PP
78,Conny,Giacopelo,cgiacopelo25@bbb.org,Male,$236733.28,988969184,IT
79,Hope,Collinson,hcollinson26@craigslist.org,Female,$723586.82,310721086,PP
80,Roxanna,Brader,rbrader27@fda.gov,Female,$403181.44,703199500,IT
81,Micheal,Barnbrook,mbarnbrook28@de.vu,Male,$440956.44,938263766,CC
82,Willetta,Egle of Germany,wegleofgermany29@flavors.me,Female,$749427.33,238977261,CC
83,Anna-maria,Faust,afaust2a@goo.gl,Female,$312826.96,89277393,IT
84,Sabine,Bridgeman,sbridgeman2b@sina.com.cn,Female,$239458.50,279595846,CC
85,Sallee,Curzey,scurzey2c@patch.com,Female,$320684.09,266114341,CC
86,Titos,Lawtie,tlawtie2d@is.gd,Male,$691936.10,872838945,IT
87,Jerrie,Whitecross,jwhitecross2e@gov.uk,Male,$789629.36,141248479,PP
88,Brigid,Fawdry,bfawdry2f@canalblog.com,Female,$236209.61,489937987,CC
89,Elmore,Tebbett,etebbett2g@amazon.co.jp,Male,$742585.90,810804684,PP
90,Olympia,Parnaby,oparnaby2h@themeforest.net,Female,$584636.57,524594354,IT
91,Cairistiona,Sissons,csissons2i@plala.or.jp,Female,$622689.09,988610801,CC
92,Salem,Sacase,ssacase2j@issuu.com,Male,$422164.17,800340165,IT
93,Kipp,Fairhall,kfairhall2k@jigsy.com,Male,$873425.79,634941297,CC
94,Winifield,Hatchett,whatchett2l@simplemachines.org,Male,$492676.90,371454238,CC
95,Caresse,Simison,csimison2m@blogs.com,Female,$396224.88,439757955,PP
96,Tyrone,McAllister,tmcallister2n@foxnews.com,Male,$387993.24,119005935,PP
97,Had,Fausset,hfausset2o@mayoclinic.com,Male,$823983.57,165405992,PP
98,Nanci,Pacey,npacey2p@oracle.com,Female,$400177.62,61939136,IT
99,Nap,Wint,nwint2q@cisco.com,Male,$352898.93,811673772,PP
100,Darill,Faraker,dfaraker2r@youtube.com,Male,$419328.97,730078414,IT
101,Arlie,Corkett,acorkett2s@google.it,Female,$720783.21,19533598,CC
102,Jarvis,Davison,jdavison2t@usa.gov,Male,$170234.18,348529412,CC
103,Emmit,Lempel,elempel2u@dagondesign.com,Male,$862398.54,499127656,PP
104,Tomi,O'Heagertie,toheagertie2v@plala.or.jp,Female,$977047.98,769645211,PP
105,Karlan,Meric,kmeric2w@forbes.com,Male,$348627.25,802449610,PP
106,Rosa,Winborn,rwinborn2x@wikispaces.com,Female,$816982.38,437729456,IT
107,Barney,MacFall,bmacfall2y@wufoo.com,Male,$595687.39,886915087,PP
108,Nelie,Hairyes,nhairyes2z@edublogs.org,Female,$182806.68,376988551,IT
109,Tracy,Yantsev,tyantsev30@com.com,Male,$983327.31,375894893,PP
110,Malia,Bomb,mbomb31@woothemes.com,Female,$137302.96,672421697,CC
111,Rosa,Odeson,rodeson32@icq.com,Female,$142045.27,1005463060,CC
112,Bartholomew,Dovidian,bdovidian33@wikispaces.com,Male,$288595.71,109233524,IT
113,Hank,Welham,hwelham34@printfriendly.com,Male,$471361.19,135059878,PP
114,Shannah,Bulled,sbulled35@networkadvertising.org,Female,$398863.64,958789039,CC
115,Janeta,Alcoran,jalcoran36@shinystat.com,Female,$248712.25,946698708,CC
116,Daile,Husher,dhusher37@hhs.gov,Female,$741274.15,141211377,CC
117,Shirlene,Dutteridge,sdutteridge38@cam.ac.uk,Female,$316771.96,807302930,PP
118,Reena,Arrault,rarrault39@drupal.org,Female,$903532.03,155136561,IT
119,Barby,Smowton,bsmowton3a@epa.gov,Female,$906384.60,106683252,PP
120,Gawen,Frawley,gfrawley3b@jimdo.com,Male,$201241.62,925049058,IT
121,Gan,Braybrook,gbraybrook3c@ameblo.jp,Male,$901550.36,931968500,PP
122,Melisande,Myhill,mmyhill3d@blog.com,Female,$756980.20,49886710,PP
123,Banky,Dring,bdring3e@plala.or.jp,Male,$758911.77,475725927,IT
124,Clotilda,Saby,csaby3f@jugem.jp,Female,$398353.07,89581141,CC
125,Georges,Manthorpe,gmanthorpe3g@mapquest.com,Male,$611455.78,853211418,IT
126,Micki,Dregan,mdregan3h@youtu.be,Female,$660780.09,639034755,PP
127,Berget,Jickles,bjickles3i@nasa.gov,Female,$693225.64,400163539,PP
128,Hughie,Rosevear,hrosevear3j@amazon.com,Male,$288087.64,191543470,IT
129,Katusha,Byfield,kbyfield3k@bloomberg.com,Female,$619637.76,401356447,PP
130,Shaylyn,Kondratenko,skondratenko3l@unesco.org,Female,$223354.36,980106219,PP
131,Woodman,McCarty,wmccarty3m@tinypic.com,Male,$215784.27,20575591,CC
132,Almire,Geikie,ageikie3n@toplist.cz,Female,$568721.87,137191928,CC
133,Ashby,Spohr,aspohr3o@pen.io,Male,$897179.86,420347029,PP
134,Gwendolen,Breward,gbreward3p@mozilla.com,Female,$691877.59,995628292,CC
135,Bernarr,Rottgers,brottgers3q@tmall.com,Male,$396964.18,33145278,CC
136,Hermina,Barwick,hbarwick3r@upenn.edu,Female,$568905.23,423058643,CC
137,Robbie,Condie,rcondie3s@microsoft.com,Male,$595647.08,399188943,CC
138,Susannah,Cellier,scellier3t@topsy.com,Female,$903074.57,712713122,CC
139,Tomas,Weedenburg,tweedenburg3u@yahoo.com,Male,$854973.72,46410613,PP
140,Tim,McIlwain,tmcilwain3v@reddit.com,Female,$884280.87,41618384,CC
141,Abbie,ffrench Beytagh,affrenchbeytagh3w@webeden.co.uk,Female,$225502.54,671621441,IT
142,Rorie,Giacobazzi,rgiacobazzi3x@lycos.com,Female,$606554.35,292961193,PP
143,Armando,Greenan,agreenan3y@unc.edu,Male,$642926.63,304525456,PP
144,Evania,Deares,edeares3z@cisco.com,Female,$764710.32,594975717,CC
145,Sherm,Case,scase40@symantec.com,Male,$180656.07,757130266,PP
146,Ralph,Gerhts,rgerhts41@dyndns.org,Male,$922561.38,671277366,IT
147,Caleb,Matzen,cmatzen42@hugedomains.com,Male,$533000.27,1024060506,IT
148,Hashim,Josilevich,hjosilevich43@nymag.com,Male,$950567.14,820011914,IT
149,Marcelia,How,mhow44@xinhuanet.com,Female,$363857.46,911914797,CC
150,Elton,MacAvaddy,emacavaddy45@home.pl,Male,$967931.89,861115199,PP
151,Brandise,Oxenham,boxenham46@bizjournals.com,Female,$224664.40,965709232,PP
152,Johnath,Jimes,jjimes47@auda.org.au,Female,$957306.50,313243016,PP
153,Burr,Johnigan,bjohnigan48@eventbrite.com,Male,$416285.18,1035877745,CC
154,Alameda,Adrain,aadrain49@booking.com,Female,$806854.91,121540821,PP
155,Nikolai,Elcombe,nelcombe4a@smugmug.com,Male,$394037.97,515302217,IT
156,Letizia,Farland,lfarland4b@alexa.com,Female,$520733.96,242035196,IT
157,Parsifal,Stuehmeyer,pstuehmeyer4c@samsung.com,Male,$856117.84,117575814,PP
158,Jermaine,Poznanski,jpoznanski4d@house.gov,Male,$633340.76,180857571,IT
159,Lanie,Cuardall,lcuardall4e@instagram.com,Male,$478527.70,912499873,IT
160,Sibby,Sigsworth,ssigsworth4f@businessweek.com,Female,$532412.88,951813786,IT
161,Carlotta,Cleugh,ccleugh4g@upenn.edu,Female,$120349.82,382787209,PP
162,Bettina,Herkess,bherkess4h@time.com,Female,$355306.25,30981079,IT
163,Porty,Hutchcraft,phutchcraft4i@psu.edu,Male,$366511.63,580472714,IT
164,Leonidas,Denkin,ldenkin4j@prnewswire.com,Male,$536995.64,390057999,CC
165,Renata,Schimaschke,rschimaschke4k@w3.org,Female,$381549.70,129771130,PP
166,Dorey,Rivalland,drivalland4l@barnesandnoble.com,Male,$198072.36,113796362,CC
167,Darci,Dumbrill,ddumbrill4m@tripadvisor.com,Female,$610182.59,686258049,IT
168,Pegeen,Piggin,ppiggin4n@phpbb.com,Female,$381489.49,329334150,IT
169,Lew,Rebanks,lrebanks4o@mapy.cz,Male,$655689.57,941725587,IT
170,Say,Sergeant,ssergeant4p@wikispaces.com,Male,$345295.85,581313506,CC
171,Trixy,Clemens,tclemens4q@amazon.com,Female,$485171.96,625387888,PP
172,Niven,Haining,nhaining4r@bbb.org,Male,$889778.26,177058881,PP
173,Spence,Heis,sheis4s@163.com,Male,$834288.23,381595573,PP
174,Abagael,Versey,aversey4t@angelfire.com,Female,$216492.59,250334230,CC
175,Shaun,Eckly,seckly4u@gmpg.org,Female,$212184.35,895371203,PP
176,Maximilian,Klimochkin,mklimochkin4v@cbsnews.com,Male,$755392.84,747232225,PP
177,Virgina,Lowings,vlowings4w@stanford.edu,Female,$264089.78,951817924,IT
178,Sammie,Pengilly,spengilly4x@imageshack.us,Male,$229839.86,802139869,CC
179,Guillemette,Goseling,ggoseling4y@tripod.com,Female,$587244.45,594000679,CC
180,Jedediah,Woolforde,jwoolforde4z@furl.net,Male,$105253.23,295982164,CC
181,Sam,Stanbury,sstanbury50@photobucket.com,Male,$506525.37,111878186,CC
182,Sallyann,Castelluzzi,scastelluzzi51@quantcast.com,Female,$844717.80,692392772,CC
183,Edgar,Menchenton,emenchenton52@wikipedia.org,Male,$659215.87,291630013,IT
184,Belinda,Blew,bblew53@taobao.com,Female,$958670.67,650779885,PP
185,Carlo,Magnay,cmagnay54@walmart.com,Male,$285280.92,810184065,IT
186,Adriana,Maass,amaass55@marriott.com,Female,$350446.16,958842010,IT
187,Lucio,Radeliffe,lradeliffe56@twitter.com,Male,$894135.42,963323413,IT
188,Ashleigh,Goldsby,agoldsby57@hatena.ne.jp,Female,$679430.76,408337291,PP
189,Moss,Lamball,mlamball58@ehow.com,Male,$163411.65,741337898,IT
190,Alayne,Huggard,ahuggard59@answers.com,Female,$290858.86,86098696,PP
191,Ellen,Gloves,egloves5a@blinklist.com,Female,$796746.09,966829992,PP
192,Datha,Vanini,dvanini5b@yolasite.com,Female,$852746.36,264579844,PP
193,Carr,Dionisetto,cdionisetto5c@phoca.cz,Male,$842025.75,900760110,CC
194,Wylma,Carson,wcarson5d@bloglovin.com,Female,$590172.59,714586496,IT
195,Xavier,Budget,xbudget5e@dagondesign.com,Male,$809106.49,598328681,CC
196,Wallace,Tinker,wtinker5f@alibaba.com,Male,$273113.94,602025886,IT
197,Alina,Onslow,aonslow5g@clickbank.net,Female,$680270.12,712191719,IT
198,Rowney,Viccars,rviccars5h@google.com.br,Male,$668458.36,377753729,CC
199,Nick,Lantaph,nlantaph5i@ucla.edu,Male,$978829.34,100806735,CC
200,Jehu,Sliman,jsliman5j@simplemachines.org,Male,$972116.66,551279753,PP
201,Reynold,Bazeley,rbazeley5k@yahoo.com,Male,$510237.83,248618818,CC
202,Rosamund,Keppy,rkeppy5l@nps.gov,Female,$787930.32,451162791,PP
203,Rhys,Gainsborough,rgainsborough5m@tripadvisor.com,Male,$731551.63,981115846,PP
204,Dillie,Wolfindale,dwolfindale5n@meetup.com,Male,$655250.86,630328859,IT
205,Tansy,Maybury,tmaybury5o@ftc.gov,Female,$365305.19,535090634,CC
206,Terrel,Witherbed,twitherbed5p@devhub.com,Male,$105307.77,400032155,CC
207,Winfield,Barnewall,wbarnewall5q@accuweather.com,Male,$582226.86,1021185608,IT
208,Taddeo,Pennazzi,tpennazzi5r@creativecommons.org,Male,$155879.33,783607235,CC
209,Ronica,MacNeillie,rmacneillie5s@sciencedaily.com,Female,$726511.24,339984086,PP
210,Dalis,Roubottom,droubottom5t@usda.gov,Male,$504276.37,663431311,IT
211,Derrik,Bartalot,dbartalot5u@weather.com,Male,$899239.62,133239265,CC
212,Elisha,Pilger,epilger5v@unc.edu,Female,$405108.40,322859875,IT
213,Hercules,Beasley,hbeasley5w@slashdot.org,Male,$265453.75,706800220,CC
214,Rhett,Crossgrove,rcrossgrove5x@rakuten.co.jp,Male,$248364.43,779320880,IT
215,Bernie,Isenor,bisenor5y@state.tx.us,Male,$391494.25,208414862,CC
216,Avery,Tockell,atockell5z@sina.com.cn,Male,$164280.41,987461216,CC
217,Rachael,Lohan,rlohan60@ezinearticles.com,Female,$518564.60,990457448,PP
218,Flory,Camell,fcamell61@hugedomains.com,Male,$312455.20,156998452,IT
219,Sayres,Peyzer,speyzer62@nymag.com,Male,$782538.64,303161298,PP
220,Raimondo,Rheaume,rrheaume63@ow.ly,Male,$584441.35,475389703,PP
221,Alleyn,Weedon,aweedon64@buzzfeed.com,Male,$905679.87,312943564,CC
222,Urson,Sellens,usellens65@aol.com,Male,$585035.10,395560938,IT
223,Adara,Orys,aorys66@nature.com,Female,$174799.75,399337880,IT
224,Zelda,D'Elias,zdelias67@tripod.com,Female,$990699.32,941344204,PP
225,Kittie,Rooksby,krooksby68@mac.com,Female,$387773.08,931634248,PP
226,Nellie,Plume,nplume69@t-online.de,Female,$651712.55,508098384,CC
227,Chickie,Lockie,clockie6a@cargocollective.com,Male,$187057.33,9762027,CC
228,Floyd,Abbitt,fabbitt6b@skyrock.com,Male,$114098.34,209456794,CC
229,Freddy,Hoodless,fhoodless6c@nhs.uk,Female,$794548.74,449763479,CC
230,Marissa,Broadley,mbroadley6d@ed.gov,Female,$303197.85,288980062,IT
231,Myrtle,Starbucke,mstarbucke6e@bizjournals.com,Female,$662776.70,541810543,CC
232,Dorise,Izhak,dizhak6f@springer.com,Female,$418341.34,535351290,IT
233,Josefa,De Gregario,jdegregario6g@last.fm,Female,$401752.82,859903016,CC
234,Kaycee,Cowburn,kcowburn6h@reddit.com,Female,$646091.56,405483843,PP
235,Annabela,Fetherston,afetherston6i@latimes.com,Female,$834231.23,995852029,CC
236,Abagael,Rene,arene6j@oaic.gov.au,Female,$259372.92,214585505,CC
237,Dilan,Dechelle,ddechelle6k@usnews.com,Male,$284243.34,763016931,PP
238,Pembroke,Dongall,pdongall6l@free.fr,Male,$537180.09,919266481,CC
239,Hercule,Brasener,hbrasener6m@bluehost.com,Male,$336016.07,457260198,IT
240,Diana,Tunniclisse,dtunniclisse6n@nhs.uk,Female,$235113.44,60876878,IT
241,Joya,Harlock,jharlock6o@sina.com.cn,Female,$720500.37,508222854,PP
242,Rodd,Wildash,rwildash6p@delicious.com,Male,$894221.37,1024816252,PP
243,Blinnie,Castiglioni,bcastiglioni6q@nydailynews.com,Female,$937370.33,588194385,PP
244,Maude,Rudyard,mrudyard6r@cdbaby.com,Female,$948009.81,502773542,CC
245,Juli,Kingaby,jkingaby6s@hhs.gov,Female,$941407.08,986030476,IT
246,Lilia,Milson,lmilson6t@youku.com,Female,$598178.65,500046161,PP
247,Siegfried,Barthropp,sbarthropp6u@blogspot.com,Male,$421448.05,186660683,PP
248,Winni,Spawforth,wspawforth6v@simplemachines.org,Female,$435421.86,787256987,CC
249,Osbert,Welton,owelton6w@networksolutions.com,Male,$312806.03,503028736,IT
250,Maryl,Buxcey,mbuxcey6x@seattletimes.com,Female,$847156.25,661645860,PP
251,Kayne,Cockrell,kcockrell6y@comsenz.com,Male,$834726.46,555036236,CC
252,Duff,Stickens,dstickens6z@fda.gov,Male,$475519.51,964450980,PP
253,Maribeth,O'Lehane,molehane70@biglobe.ne.jp,Female,$680203.38,215929281,CC
254,Griffy,Brinson,gbrinson71@rediff.com,Male,$986915.37,766381666,CC
255,Lyn,Llewelyn,lllewelyn72@shareasale.com,Male,$484214.03,539430849,IT
256,Aileen,Jasper,ajasper73@linkedin.com,Female,$239451.38,485160776,IT
257,Palmer,Bredbury,pbredbury74@tmall.com,Male,$584017.37,962616099,IT
258,Teriann,Tann,ttann75@buzzfeed.com,Female,$828495.16,452606228,IT
259,Hubert,Lamacraft,hlamacraft76@dot.gov,Male,$213783.34,195419805,CC
260,Patrice,Cudde,pcudde77@angelfire.com,Female,$159799.44,540516949,PP
261,Teodoor,Tantrum,ttantrum78@webs.com,Male,$482181.22,947832279,PP
262,Laird,Lowerson,llowerson79@nih.gov,Male,$868942.82,240918518,PP
263,Jemmy,Grigoryov,jgrigoryov7a@howstuffworks.com,Female,$199924.84,98730102,CC
264,Alessandra,Letten,aletten7b@psu.edu,Female,$827340.51,89001877,PP
265,Cornelius,Cliburn,ccliburn7c@prnewswire.com,Male,$128003.81,334114600,PP
266,Delinda,Itter,ditter7d@elegantthemes.com,Female,$963096.31,857166550,IT
267,Cornelius,Elwell,celwell7e@cbsnews.com,Male,$176700.55,708931335,IT
268,Erhart,Yankeev,eyankeev7f@rakuten.co.jp,Male,$622668.37,409084021,PP
269,Lucho,Tolomei,ltolomei7g@theglobeandmail.com,Male,$567362.37,839838920,IT
270,Reinaldos,Irving,rirving7h@youtu.be,Male,$548445.33,546874944,PP
271,Elie,Pinnell,epinnell7i@google.com.br,Female,$116037.90,530695811,PP
272,Joseph,Western,jwestern7j@usgs.gov,Male,$598706.48,190153974,PP
273,Kiri,Brimman,kbrimman7k@bloomberg.com,Female,$422792.06,105987553,PP
274,Aurthur,Wathall,awathall7l@delicious.com,Male,$336150.33,27995821,PP
275,Lizzie,McGilvary,lmcgilvary7m@amazon.co.uk,Female,$916055.60,971608053,IT
276,Alvy,Baudinelli,abaudinelli7n@studiopress.com,Male,$223747.19,157651918,PP
277,Rickey,Asbury,rasbury7o@usatoday.com,Male,$584271.65,857715099,CC
278,Pieter,Bulford,pbulford7p@dmoz.org,Male,$302243.28,464199874,CC
279,Lauree,Pashenkov,lpashenkov7q@sbwire.com,Female,$264324.20,514149169,PP
280,Ari,Grent,agrent7r@cbslocal.com,Male,$986202.48,766503232,IT
281,Chaunce,Illing,cilling7s@rambler.ru,Male,$502225.71,840868096,CC
282,Trixi,Muslim,tmuslim7t@nasa.gov,Female,$608454.22,893612513,IT
283,Aileen,Standingford,astandingford7u@freewebs.com,Female,$426517.49,162908562,IT
284,Constantino,Orchard,corchard7v@yandex.ru,Male,$528837.75,275726684,PP
285,Cos,Suff,csuff7w@fema.gov,Male,$724367.12,451119848,CC
286,Josselyn,Dimont,jdimont7x@cnbc.com,Female,$253554.24,120640028,CC
287,Culley,Ansty,cansty7y@xrea.com,Male,$205721.31,58756251,CC
288,Shannon,Mantione,smantione7z@xinhuanet.com,Male,$400869.14,440784265,IT
289,Dalenna,Beddall,dbeddall80@e-recht24.de,Female,$223309.15,29937712,IT
290,Aubine,Capron,acapron81@theglobeandmail.com,Female,$607963.26,885134035,PP
291,Rudolph,Levinge,rlevinge82@studiopress.com,Male,$400883.79,674804537,PP
292,Ermin,Cadden,ecadden83@sbwire.com,Male,$261244.72,1047649176,PP
293,Goddart,Hugueville,ghugueville84@live.com,Male,$676455.35,665292067,CC
294,Judd,Siward,jsiward85@rakuten.co.jp,Male,$952027.38,742568139,PP
295,Far,Walmsley,fwalmsley86@technorati.com,Male,$616451.30,1041329938,IT
296,Dorothea,Robberts,drobberts87@over-blog.com,Female,$945091.09,518743128,PP
297,Fayette,Haberjam,fhaberjam88@1688.com,Female,$110996.44,478415285,IT
298,Rosemonde,Sneezum,rsneezum89@blogspot.com,Female,$519179.75,528079572,IT
299,Andriana,Geldard,ageldard8a@vistaprint.com,Female,$158742.72,446501495,IT
300,Grannie,Bowen,gbowen8b@wp.com,Male,$129664.95,694871527,IT
301,Micky,Collet,mcollet8c@home.pl,Female,$652381.84,436581639,IT
302,Gianna,Lamers,glamers8d@mayoclinic.com,Female,$324477.03,77648491,PP
303,Lacy,Rookesby,lrookesby8e@cdbaby.com,Female,$688297.51,684512330,IT
304,Marijn,Kippins,mkippins8f@xinhuanet.com,Male,$782843.98,445393908,CC
305,Bat,Shellshear,bshellshear8g@myspace.com,Male,$449171.89,804002257,PP
306,Heywood,Jacob,hjacob8h@wired.com,Male,$712517.66,532610522,IT
307,Candice,Boulsher,cboulsher8i@yandex.ru,Female,$989921.32,470269013,PP
308,Kaia,Figura,kfigura8j@cisco.com,Female,$749578.03,1002990790,CC
309,Rosalyn,Cotgrave,rcotgrave8k@imageshack.us,Female,$169841.47,865733878,IT
310,Briano,Neal,bneal8l@jugem.jp,Male,$477708.62,57128430,CC
311,Minnnie,Napolitano,mnapolitano8m@arizona.edu,Female,$230794.81,239224195,IT
312,Hewie,Romer,hromer8n@seesaa.net,Male,$369630.04,579001383,CC
313,Sal,Norledge,snorledge8o@washington.edu,Male,$677778.13,125986869,PP
314,Quintus,Forrest,qforrest8p@ft.com,Male,$483262.13,73097895,PP
315,Vonny,Tideswell,vtideswell8q@squidoo.com,Female,$243928.78,112711495,PP
316,Chucho,Cleeves,ccleeves8r@arstechnica.com,Male,$929744.57,448295762,PP
317,Andy,Lippitt,alippitt8s@pinterest.com,Female,$109324.22,13220971,CC
318,Antonetta,Allcoat,aallcoat8t@last.fm,Female,$880155.84,994756322,PP
319,Vinny,McGinty,vmcginty8u@miitbeian.gov.cn,Female,$559211.17,125054022,IT
320,Vera,Batch,vbatch8v@weebly.com,Female,$869389.85,371462154,CC
321,Maridel,Ivanikov,mivanikov8w@statcounter.com,Female,$826076.83,350045996,IT
322,Lemar,Measey,lmeasey8x@plala.or.jp,Male,$721087.67,145004557,CC
323,Eloise,Lamboll,elamboll8y@nymag.com,Female,$258317.42,843701816,PP
324,Royall,Downton,rdownton8z@indiatimes.com,Male,$480190.04,479185937,CC
325,Merl,Biggin,mbiggin90@youtube.com,Female,$713172.03,363910456,CC
326,Tandy,Leport,tleport91@admin.ch,Female,$868697.48,898782135,PP
327,Nissie,Stones,nstones92@cnbc.com,Female,$635505.81,339075817,PP
328,Beverlee,McKechnie,bmckechnie93@mapy.cz,Female,$813529.68,166202478,CC
329,Alix,Brownscombe,abrownscombe94@boston.com,Female,$109350.01,304266488,IT
330,Olympe,Compfort,ocompfort95@baidu.com,Female,$151525.41,234883072,CC
331,Kathy,Quartermain,kquartermain96@amazon.co.uk,Female,$861385.63,427834951,PP
332,Dulcia,Woakes,dwoakes97@github.com,Female,$875461.80,486502210,CC
333,Lilllie,Aiton,laiton98@live.com,Female,$210513.76,201710020,PP
334,Orran,Ciementini,ociementini99@globo.com,Male,$264829.51,622898104,PP
335,Liva,Gillino,lgillino9a@example.com,Female,$796210.21,599768455,IT
336,Quincy,Dingivan,qdingivan9b@foxnews.com,Male,$646266.49,607304778,PP
337,Guillema,Reichelt,greichelt9c@state.gov,Female,$465145.30,258837890,PP
338,Manuel,Cassy,mcassy9d@nature.com,Male,$386481.51,782574610,IT
339,Haywood,Pragnell,hpragnell9e@imgur.com,Male,$692872.64,195690981,PP
340,Torrey,Nucci,tnucci9f@prweb.com,Male,$411543.51,704331764,PP
341,Alfons,McQuillin,amcquillin9g@ebay.com,Male,$754773.65,785170333,CC
342,Marigold,Iannetti,miannetti9h@businessweek.com,Female,$319431.17,1045909819,IT
343,Ozzie,Kiraly,okiraly9i@ocn.ne.jp,Male,$333276.94,133413411,IT
344,Coraline,Jarnell,cjarnell9j@nasa.gov,Female,$944533.41,548576818,IT
345,Paloma,Inkpin,pinkpin9k@bing.com,Female,$769340.50,922365611,IT
346,Grier,Jeandin,gjeandin9l@zimbio.com,Female,$379512.13,451099120,IT
347,Malchy,Josefsohn,mjosefsohn9m@sfgate.com,Male,$830582.06,410861370,CC
348,Anton,Gownge,agownge9n@phpbb.com,Male,$517261.30,830697080,IT
349,Kassandra,Smallbone,ksmallbone9o@newsvine.com,Female,$255061.59,320124967,PP
350,Jermain,Steptoe,jsteptoe9p@gizmodo.com,Male,$951032.30,552847447,IT
351,Saunder,Lockyear,slockyear9q@engadget.com,Male,$479103.17,620923005,IT
352,Caro,Finnes,cfinnes9r@yolasite.com,Female,$450197.08,793766724,PP
353,Carmela,Trayling,ctrayling9s@ocn.ne.jp,Female,$969107.37,200798054,PP
354,Grove,Bernette,gbernette9t@yellowbook.com,Male,$932983.44,472492569,IT
355,Mick,Tofpik,mtofpik9u@ox.ac.uk,Male,$325407.28,682911226,PP
356,Kora,Tape,ktape9v@slideshare.net,Female,$248793.56,31762316,IT
357,Page,Santhouse,psanthouse9w@xinhuanet.com,Male,$351005.79,1008679431,PP
358,Ethelbert,Townend,etownend9x@reddit.com,Male,$106901.35,1030088492,IT
359,Janette,Cyson,jcyson9y@irs.gov,Female,$603240.74,627625119,CC
360,Cole,Lillyman,clillyman9z@elpais.com,Male,$541513.20,884635169,IT
361,Cristen,Melloy,cmelloya0@godaddy.com,Female,$719101.65,788100972,IT
362,Leontine,Queyeiro,lqueyeiroa1@abc.net.au,Female,$610321.53,74663070,PP
363,Jilli,Pieracci,jpieraccia2@cpanel.net,Female,$903813.15,552119384,IT
364,Renato,McKain,rmckaina3@vinaora.com,Male,$189315.86,121185870,IT
365,Caye,Pirnie,cpirniea4@house.gov,Female,$618996.44,631674751,PP
366,Cecelia,Todaro,ctodaroa5@123-reg.co.uk,Female,$147096.63,976788797,IT
367,Ellyn,Woodwing,ewoodwinga6@spotify.com,Female,$199852.17,98714185,IT
368,Myer,Bubeer,mbubeera7@mit.edu,Male,$951308.85,576852011,IT
369,Stillman,Foucard,sfoucarda8@vinaora.com,Male,$532447.33,1042238545,CC
370,Avril,Iamittii,aiamittiia9@amazon.co.uk,Female,$128389.00,645846296,IT
371,Kirbee,Ailsbury,kailsburyaa@eventbrite.com,Female,$641737.88,984032856,PP
372,Phil,Ravenhills,pravenhillsab@mapquest.com,Female,$689826.20,674518526,PP
373,Carmen,Veelers,cveelersac@toplist.cz,Female,$476536.58,738991540,CC
374,Mick,Vedishchev,mvedishchevad@domainmarket.com,Male,$887729.82,689213678,CC
375,Kayley,Lubbock,klubbockae@4shared.com,Female,$592821.97,614356785,IT
376,Ina,Serris,iserrisaf@engadget.com,Female,$927370.08,707017517,IT
377,Adelaida,Veldstra,aveldstraag@msu.edu,Female,$422582.43,205722401,PP
378,Afton,Sweedy,asweedyah@vimeo.com,Female,$863272.33,343601694,IT
379,Callida,Aymerich,caymerichai@pen.io,Female,$649983.11,948550279,CC
380,Lion,Venard,lvenardaj@aboutads.info,Male,$215271.17,40251532,PP
381,Michel,Cescot,mcescotak@mashable.com,Male,$840729.41,733652399,CC
382,Guthry,Trent,gtrental@pinterest.com,Male,$436305.18,545565776,IT
383,Marcia,Rubi,mrubiam@xing.com,Female,$879948.98,416369294,CC
384,Thaine,Echalier,techalieran@typepad.com,Male,$147285.88,349267530,PP
385,Dody,Duprey,ddupreyao@rediff.com,Female,$239993.36,796156013,IT
386,Jessalyn,Waylett,jwaylettap@baidu.com,Female,$308500.85,262707872,CC
387,Maryl,Wiggins,mwigginsaq@godaddy.com,Female,$251888.26,627077304,PP
388,Pattie,Mussalli,pmussalliar@apple.com,Male,$233954.46,184573072,CC
389,Currey,Caudell,ccaudellas@angelfire.com,Male,$177216.67,756535636,PP
390,Goddard,Izsak,gizsakat@vistaprint.com,Male,$507905.77,910440075,CC
391,Tressa,Daunter,tdaunterau@google.ru,Female,$655021.59,774241150,IT
392,Tedd,Trevithick,ttrevithickav@sogou.com,Male,$543986.92,706151992,PP
393,Moise,Inseal,minsealaw@ow.ly,Male,$581398.49,709529954,CC
394,Eunice,Hearfield,ehearfieldax@google.it,Female,$425623.04,557659758,PP
395,Jehu,Banaszczyk,jbanaszczykay@wired.com,Male,$693253.82,90355196,IT
396,Wanda,Allday,walldayaz@comsenz.com,Female,$658697.50,9069630,CC
397,Paten,Fairnington,pfairningtonb0@comsenz.com,Male,$819534.18,914570284,PP
398,Dmitri,Lowing,dlowingb1@friendfeed.com,Male,$102731.33,212787096,IT
399,Homere,Maffioletti,hmaffiolettib2@hibu.com,Male,$421754.63,879226486,CC
400,Sullivan,Flory,sfloryb3@dailymail.co.uk,Male,$672318.94,440124845,PP
401,Etienne,Loveguard,eloveguardb4@tuttocitta.it,Male,$250179.51,455901789,PP
402,Austine,Marven,amarvenb5@canalblog.com,Female,$181464.95,1003624387,PP
403,Asher,Murrey,amurreyb6@scribd.com,Male,$415509.80,218683907,IT
404,Emmie,Mennell,emennellb7@stanford.edu,Female,$562032.07,478024257,CC
405,Simeon,Kitching,skitchingb8@imageshack.us,Male,$965733.13,952486535,IT
406,Nev,Ivimy,nivimyb9@friendfeed.com,Male,$845024.45,985428230,PP
407,Packston,Brereton,pbreretonba@delicious.com,Male,$989797.61,1002264012,IT
408,Laurette,Bane,lbanebb@skype.com,Female,$428724.95,813226834,CC
409,Nerte,Turfitt,nturfittbc@live.com,Female,$729149.78,561028867,PP
410,Hillier,Guinn,hguinnbd@de.vu,Male,$512184.70,11872794,PP
411,Mommy,Lantuffe,mlantuffebe@nba.com,Female,$522528.00,731753617,IT
412,Aurelea,McColm,amccolmbf@mozilla.org,Female,$951671.04,143112587,CC
413,Tanhya,Bellanger,tbellangerbg@dyndns.org,Female,$820640.72,119234907,PP
414,Kari,Goodbar,kgoodbarbh@stumbleupon.com,Female,$515298.38,285636571,PP
415,Wash,Crane,wcranebi@a8.net,Male,$695351.80,614695466,PP
416,Hieronymus,Canacott,hcanacottbj@engadget.com,Male,$847430.14,770041852,CC
417,Ernesto,Hance,ehancebk@yale.edu,Male,$705976.86,107922279,CC
418,Yettie,Rance,yrancebl@merriam-webster.com,Female,$592659.53,242512003,IT
419,Avis,Guyet,aguyetbm@sina.com.cn,Female,$398444.12,845254562,CC
420,Demetris,Bexon,dbexonbn@tiny.cc,Male,$999916.58,602768257,PP
421,Inna,Willshaw,iwillshawbo@simplemachines.org,Female,$123401.81,513478989,IT
422,Antonella,Peery,apeerybp@sourceforge.net,Female,$299112.46,870164662,CC
423,Jaymie,Petch,jpetchbq@1688.com,Male,$346894.60,799416290,PP
424,Gilles,Kirvell,gkirvellbr@ebay.co.uk,Male,$695890.06,735862428,IT
425,Wendeline,Longhi,wlonghibs@trellian.com,Female,$527228.98,810117491,IT
426,Mareah,Trenchard,mtrenchardbt@canalblog.com,Female,$130039.12,517767631,CC
427,Abel,Lockitt,alockittbu@hhs.gov,Male,$540865.93,1012808101,IT
428,Danika,Baldetti,dbaldettibv@mayoclinic.com,Female,$936689.34,625518316,IT
429,Ashton,Larrosa,alarrosabw@va.gov,Male,$756727.62,600212022,IT
430,Mara,Autry,mautrybx@typepad.com,Female,$907627.19,563372331,IT
431,Graig,Adaway,gadawayby@yandex.ru,Male,$156715.05,103926764,CC
432,Tammie,Ripsher,tripsherbz@fema.gov,Male,$308362.15,918060208,IT
433,Essie,Vaudin,evaudinc0@patch.com,Female,$471072.36,939297583,IT
434,Vinnie,Lerwell,vlerwellc1@msu.edu,Male,$391894.11,727217238,PP
435,Nanon,Colvine,ncolvinec2@ucsd.edu,Female,$642397.15,451245932,IT
436,Gerri,Hancox,ghancoxc3@howstuffworks.com,Male,$606381.48,233111682,IT
437,Valentine,Klais,vklaisc4@yolasite.com,Male,$253444.14,610304908,IT
438,Zondra,Donald,zdonaldc5@amazon.co.jp,Female,$497332.59,895385652,PP
439,Shell,Brewer,sbrewerc6@studiopress.com,Female,$117757.73,234509552,PP
440,Elita,Strover,estroverc7@w3.org,Female,$293569.51,74692088,PP
441,Davey,Sansum,dsansumc8@tuttocitta.it,Male,$323586.40,680734022,IT
442,Read,Karlolak,rkarlolakc9@myspace.com,Male,$931148.82,515810960,IT
443,Lewie,Mays,lmaysca@google.com.au,Male,$243219.68,91388054,IT
444,Dev,Ivanchikov,divanchikovcb@smh.com.au,Male,$329280.73,321797727,IT
445,Amil,Chismon,achismoncc@ycombinator.com,Female,$453000.40,864792929,IT
446,Perceval,Drinkhill,pdrinkhillcd@parallels.com,Male,$738873.39,630594997,CC
447,Tiff,Broader,tbroaderce@earthlink.net,Female,$141486.00,829095821,CC
448,Riva,Moth,rmothcf@bloomberg.com,Female,$385484.73,237273765,CC
449,Lynnett,McKenney,lmckenneycg@home.pl,Female,$855028.74,823547670,CC
450,Theobald,Grievson,tgrievsonch@washingtonpost.com,Male,$849704.11,153097998,PP
451,Truman,Ledley,tledleyci@joomla.org,Male,$966359.12,12332574,CC
452,Ivor,Tooher,itoohercj@thetimes.co.uk,Male,$777667.15,920621530,PP
453,Kelli,Hollyland,khollylandck@smugmug.com,Female,$259089.70,61413848,PP
454,Jervis,Carnachen,jcarnachencl@phoca.cz,Male,$815835.74,760216894,IT
455,Rianon,Kramer,rkramercm@ox.ac.uk,Female,$226980.00,797771437,IT
456,Glennis,Ughini,gughinicn@webmd.com,Female,$786252.01,925877317,CC
457,Faunie,Ram,framco@cpanel.net,Female,$650919.87,1017009846,PP
458,Tito,Anstey,tansteycp@homestead.com,Male,$801869.82,93115912,CC
459,Terrel,Symcox,tsymcoxcq@zdnet.com,Male,$789317.20,820511735,PP
460,Irene,Franceschi,ifranceschicr@biblegateway.com,Female,$465536.12,832170632,IT
461,Sadella,Beckwith,sbeckwithcs@gmpg.org,Female,$247789.31,465657943,CC
462,Teresita,Lowndsborough,tlowndsboroughct@ucoz.com,Female,$116640.45,364189675,IT
463,Wilmer,Backhurst,wbackhurstcu@furl.net,Male,$981005.99,18918009,PP
464,Findley,Ruffler,frufflercv@google.com.br,Male,$203118.09,739529454,PP
465,Freddy,Barfield,fbarfieldcw@google.co.uk,Male,$199214.14,148054176,CC
466,Gawen,Augustin,gaugustincx@w3.org,Male,$844871.55,855266930,PP
467,Jodi,McClay,jmcclaycy@bravesites.com,Male,$630421.07,651700796,CC
468,Josh,Beere,jbeerecz@china.com.cn,Male,$522372.27,681413412,CC
469,Michele,Brogden,mbrogdend0@tuttocitta.it,Male,$711042.01,146636946,IT
470,Alfredo,Breakwell,abreakwelld1@businesswire.com,Male,$428617.65,373823685,CC
471,Kerrie,Mungan,kmungand2@vimeo.com,Female,$659186.05,765128920,IT
472,Lois,Cordall,lcordalld3@skype.com,Female,$759328.31,343163575,PP
473,Mame,Torbett,mtorbettd4@networksolutions.com,Female,$875832.83,932561837,CC
474,Freeman,Davidovics,fdavidovicsd5@infoseek.co.jp,Male,$325178.58,894862932,IT
475,Darcey,Appleford,dapplefordd6@xrea.com,Female,$262882.52,657848786,PP
476,Wallie,Hamon,whamond7@fc2.com,Female,$332644.03,599126657,CC
477,Babita,McKerley,bmckerleyd8@upenn.edu,Female,$514175.70,917145667,IT
478,Udell,Clavering,uclaveringd9@mozilla.org,Male,$895140.36,870795841,PP
479,Gayelord,Stansfield,gstansfieldda@amazon.com,Male,$222910.75,536925855,CC
480,Bondy,Keary,bkearydb@opensource.org,Male,$452875.29,443678109,CC
481,Hilary,Barnsley,hbarnsleydc@berkeley.edu,Female,$446591.19,955859179,IT
482,Sheeree,Bartosch,sbartoschdd@wikimedia.org,Female,$895553.42,510920097,PP
483,Jeanna,McClinton,jmcclintonde@icq.com,Female,$567596.51,439724442,PP
484,Rosana,Dionisetto,rdionisettodf@cnn.com,Female,$923826.18,980181408,PP
485,Cleve,Tunmore,ctunmoredg@miibeian.gov.cn,Male,$822585.49,515706720,PP
486,Nichole,Charopen,ncharopendh@tuttocitta.it,Male,$486618.26,351505719,CC
487,Virginia,Fernihough,vfernihoughdi@hubpages.com,Female,$536525.26,375079609,PP
488,Eadmund,Lamasna,elamasnadj@addthis.com,Male,$528200.09,931219365,PP
489,Che,Renshaw,crenshawdk@twitter.com,Male,$215508.19,591795829,IT
490,Ezequiel,Fallen,efallendl@nbcnews.com,Male,$188200.08,254910799,IT
491,Marissa,Tommasi,mtommasidm@odnoklassniki.ru,Female,$761230.36,209428854,IT
492,Natividad,Whifen,nwhifendn@mapquest.com,Female,$266742.34,630458159,IT
493,Barbabra,Brownlea,bbrownleado@bloglines.com,Female,$302903.63,935466153,CC
494,Hilliard,Mollett,hmollettdp@xrea.com,Male,$414738.93,881658338,IT
495,Reece,Seagrove,rseagrovedq@moonfruit.com,Male,$548595.36,807874986,IT
496,Kinny,Aiton,kaitondr@census.gov,Male,$154185.71,946792297,CC
497,Gherardo,Rabbatts,grabbattsds@netvibes.com,Male,$173878.65,956225713,IT
498,Lynnea,Tresvina,ltresvinadt@friendfeed.com,Female,$371377.04,1042576307,IT
499,Pietrek,Lillecrap,plillecrapdu@unc.edu,Male,$323812.24,959906507,PP
500,Estele,Balsillie,ebalsilliedv@blinklist.com,Female,$174920.93,642913598,CC
501,Tiler,Dispencer,tdispencerdw@bloglovin.com,Male,$160058.83,784739059,IT
502,Zonnya,Kennsley,zkennsleydx@discovery.com,Female,$370695.64,272170817,PP
503,West,Birchill,wbirchilldy@weebly.com,Male,$689509.16,168339643,CC
504,Darleen,Learie,dleariedz@yandex.ru,Female,$636814.19,621278577,PP
505,Alia,Aim,aaime0@webnode.com,Female,$260172.82,432675893,IT
506,Leanor,Diglin,ldigline1@hhs.gov,Female,$479861.92,882683609,CC
507,Valenka,Doole,vdoolee2@typepad.com,Female,$600649.26,840018714,CC
508,Mata,Attrey,mattreye3@nba.com,Male,$405779.48,334798232,CC
509,Chrisy,Wudeland,cwudelande4@ftc.gov,Male,$872626.47,407083977,IT
510,Marion,Trangmar,mtrangmare5@yandex.ru,Male,$463668.48,11086151,CC
511,Iain,Hayle,ihaylee6@slideshare.net,Male,$340159.98,820241504,PP
512,Gaylor,Siccombe,gsiccombee7@wordpress.org,Male,$118946.64,273518909,IT
513,Peggy,Nial,pniale8@eventbrite.com,Female,$211183.03,200512544,PP
514,Tam,Sedgwick,tsedgwicke9@hostgator.com,Male,$492317.24,604187350,IT
515,Winston,Keaveny,wkeavenyea@techcrunch.com,Male,$339624.15,880419583,PP
516,Holly,Phelip,hphelipeb@cbc.ca,Male,$644475.46,765634272,PP
517,Clement,Blabey,cblabeyec@oracle.com,Male,$995257.39,1012796689,CC
518,Tab,Gerssam,tgerssamed@wikia.com,Male,$768857.89,46157048,CC
519,Jania,Gianninotti,jgianninottiee@tiny.cc,Female,$959541.73,961096295,PP
520,Gaelan,Caro,gcaroef@cpanel.net,Male,$912900.88,575519545,IT
521,Richart,Binnion,rbinnioneg@yolasite.com,Male,$245198.30,679670869,IT
522,Shoshanna,Golda,sgoldaeh@ezinearticles.com,Female,$811507.49,97862588,CC
523,Leta,Kleewein,lkleeweinei@seesaa.net,Female,$256428.61,434358098,CC
524,Maiga,Wyldbore,mwyldboreej@va.gov,Female,$449067.47,192770687,CC
525,Temp,MacMorland,tmacmorlandek@newyorker.com,Male,$629437.59,521785713,CC
526,Annabela,Temple,atempleel@techcrunch.com,Female,$346624.00,567920035,CC
527,Hannah,Humm,hhummem@vkontakte.ru,Female,$869358.03,90459390,PP
528,Bordy,Bassilashvili,bbassilashvilien@cyberchimps.com,Male,$806965.95,412169817,IT
529,Connor,Rummer,crummereo@icio.us,Male,$713403.11,22077680,PP
530,Mallissa,Cagan,mcaganep@xrea.com,Female,$110957.79,716631298,IT
531,Jodie,Cumine,jcumineeq@amazon.co.uk,Female,$441827.77,1020797337,CC
532,Teresa,Sellers,tsellerser@smugmug.com,Female,$594865.14,602837718,CC
533,Alphonso,Jenkison,ajenkisones@yandex.ru,Male,$727252.59,888793229,IT
534,Richard,Raddish,rraddishet@ning.com,Male,$950124.61,1032339949,CC
535,Edita,Dightham,edighthameu@icio.us,Female,$366873.96,1028990135,CC
536,Jermaine,Matthews,jmatthewsev@zimbio.com,Male,$718197.35,1037065271,CC
537,Maryanne,Ganiclef,mganiclefew@nba.com,Female,$129056.84,770610360,CC
538,Katharine,Courtman,kcourtmanex@example.com,Female,$817686.50,257001804,PP
539,Hewet,Vizard,hvizardey@berkeley.edu,Male,$578242.20,146045938,IT
540,Nero,Langtry,nlangtryez@addtoany.com,Male,$585343.40,95280424,CC
541,Robb,Mockler,rmocklerf0@feedburner.com,Male,$914461.43,277986335,CC
542,Freeman,Jent,fjentf1@ox.ac.uk,Male,$212690.43,971254224,IT
543,Johnathon,Kilius,jkiliusf2@yahoo.co.jp,Male,$869085.45,179235449,IT
544,Brant,Barwack,bbarwackf3@yandex.ru,Male,$566589.38,93432058,IT
545,Inger,Bengoechea,ibengoecheaf4@goodreads.com,Male,$828298.66,877977402,IT
546,See,Dilkes,sdilkesf5@canalblog.com,Male,$543559.18,26571309,CC
547,Natalina,Farnes,nfarnesf6@lycos.com,Female,$627588.16,39621919,CC
548,Beilul,Moulin,bmoulinf7@issuu.com,Female,$876805.60,411037730,CC
549,Angil,Botham,abothamf8@discovery.com,Female,$455661.32,773694581,IT
550,Andros,Kobsch,akobschf9@hostgator.com,Male,$763323.22,939089636,PP
551,Lois,Paute,lpautefa@mozilla.org,Female,$273937.66,477463666,CC
552,Darwin,Southerill,dsoutherillfb@wunderground.com,Male,$371668.87,399569385,PP
553,Aubrey,Danzig,adanzigfc@bbc.co.uk,Male,$682958.41,138485752,IT
554,Mala,Summerskill,msummerskillfd@myspace.com,Female,$114393.29,590473879,IT
555,Madeline,Badham,mbadhamfe@blogspot.com,Female,$437743.26,717001225,PP
556,Richmound,Atlee,ratleeff@dell.com,Male,$308664.01,70288399,PP
557,Horatio,Rewbottom,hrewbottomfg@wikipedia.org,Male,$222218.79,139932416,IT
558,Madelina,Reagan,mreaganfh@discovery.com,Female,$284629.03,794965023,IT
559,Kylila,Shimony,kshimonyfi@ustream.tv,Female,$205876.85,83188529,CC
560,Ephrayim,Fairhall,efairhallfj@google.ru,Male,$974681.24,285882565,CC
561,Arvin,Orum,aorumfk@multiply.com,Male,$142741.10,613667814,IT
562,Gay,Hellsdon,ghellsdonfl@photobucket.com,Male,$983044.58,852487945,PP
563,Rolland,Gutierrez,rgutierrezfm@comcast.net,Male,$378691.43,1001480111,PP
564,Drusy,Baseley,dbaseleyfn@wikispaces.com,Female,$906579.81,911424774,CC
565,Rosalynd,L'Episcopi,rlepiscopifo@ftc.gov,Female,$302502.51,652601929,IT
566,Ida,Klazenga,iklazengafp@etsy.com,Female,$441745.81,200540344,CC
567,Jade,Duke,jdukefq@dion.ne.jp,Female,$952866.16,600167958,PP
568,Dom,Gorbell,dgorbellfr@netscape.com,Male,$717511.92,451200427,CC
569,Andy,Brushfield,abrushfieldfs@angelfire.com,Male,$455662.94,228258172,PP
570,Kienan,Eynaud,keynaudft@technorati.com,Male,$936277.69,132471073,PP
571,Alina,Glanz,aglanzfu@tmall.com,Female,$701401.20,519928833,PP
572,Casper,Candlish,ccandlishfv@netscape.com,Male,$657823.62,449070776,IT
573,Diarmid,Ashbolt,dashboltfw@hhs.gov,Male,$479417.68,437680159,CC
574,Kellie,Diss,kdissfx@bbc.co.uk,Female,$752046.23,716694463,PP
575,Kelli,Bocock,kbocockfy@state.gov,Female,$743178.11,903369509,IT
576,Avigdor,Lipyeat,alipyeatfz@example.com,Male,$148443.18,749137083,PP
577,Vinnie,Reeken,vreekeng0@intel.com,Female,$818356.49,433896998,IT
578,Heall,Witard,hwitardg1@istockphoto.com,Male,$566388.16,106758351,CC
579,Maybelle,Lambell,mlambellg2@sogou.com,Female,$652999.78,1038981530,IT
580,Spike,Lyard,slyardg3@odnoklassniki.ru,Male,$565479.47,1019420435,CC
581,Darb,Keasey,dkeaseyg4@jimdo.com,Female,$627314.35,459282536,IT
582,Carlo,Abrahamoff,cabrahamoffg5@ucoz.ru,Male,$935777.36,549725257,IT
583,Stanfield,Heap,sheapg6@yolasite.com,Male,$446957.80,721304072,PP
584,Madelyn,Shmyr,mshmyrg7@sfgate.com,Female,$230510.00,777943275,IT
585,Caryn,Treasure,ctreasureg8@wikipedia.org,Female,$853493.55,805975945,IT
586,Klarika,Eates,keatesg9@state.tx.us,Female,$371221.13,380347958,CC
587,Darice,Kings,dkingsga@tmall.com,Female,$724147.00,624952036,IT
588,Ingamar,Willoughway,iwilloughwaygb@bandcamp.com,Male,$855467.20,480580766,IT
589,Noak,Blaycock,nblaycockgc@goo.gl,Male,$398371.71,957859588,CC
590,Anita,Halversen,ahalversengd@msn.com,Female,$716866.09,57163751,PP
591,Rebecca,Ludwig,rludwigge@clickbank.net,Female,$921737.67,219470397,CC
592,Betteann,Trembath,btrembathgf@unc.edu,Female,$288777.33,664419435,IT
593,Joe,Carvell,jcarvellgg@ning.com,Male,$557209.56,641329231,IT
594,Alric,Hitscher,ahitschergh@freewebs.com,Male,$545499.12,248186922,IT
595,Barth,Slatter,bslattergi@apache.org,Male,$193284.41,324462440,CC
596,Carlota,Matches,cmatchesgj@economist.com,Female,$494343.97,889397512,PP
597,Emmet,Afonso,eafonsogk@qq.com,Male,$302594.10,828149421,IT
598,Elfrieda,Delicate,edelicategl@zdnet.com,Female,$828121.38,426147384,CC
599,Ambrosio,Emanuele,aemanuelegm@gov.uk,Male,$208870.37,877301766,IT
600,Karry,Cusack,kcusackgn@bluehost.com,Female,$356382.74,575093020,CC
601,Anthony,Prestie,aprestiego@wiley.com,Male,$137778.96,748806270,PP
602,Lynda,Sprott,lsprottgp@huffingtonpost.com,Female,$160615.24,436834845,CC
603,Cherie,Thomassin,cthomassingq@newsvine.com,Female,$883477.28,212168865,PP
604,Ramon,Blunn,rblunngr@ca.gov,Male,$900809.34,118419395,CC
605,Elsinore,Hardaway,ehardawaygs@youku.com,Female,$948745.34,401562017,IT
606,Jourdain,Akram,jakramgt@chron.com,Male,$593516.86,930758710,PP
607,Thorstein,Pyne,tpynegu@cmu.edu,Male,$588488.43,242946397,IT
608,Amalee,Fawke,afawkegv@topsy.com,Female,$958198.68,154078374,IT
609,Annaliese,McGawn,amcgawngw@msn.com,Female,$159617.20,647246645,PP
610,Bell,Galiero,bgalierogx@nytimes.com,Female,$391065.22,763065592,IT
611,Phillip,Nimmo,pnimmogy@scientificamerican.com,Male,$306932.82,672331369,CC
612,Nancey,Hapke,nhapkegz@nba.com,Female,$775030.44,422629081,CC
613,Rosalinda,Barnfather,rbarnfatherh0@apache.org,Female,$841505.18,43763008,CC
614,Stewart,Staite,sstaiteh1@blog.com,Male,$920061.12,736087720,CC
615,Bart,Galle,bgalleh2@msu.edu,Male,$984674.33,446239792,IT
616,Kasper,Larret,klarreth3@issuu.com,Male,$972181.53,757023973,CC
617,Karalee,Guiduzzi,kguiduzzih4@rediff.com,Female,$376732.56,723270444,CC
618,Yurik,Gullivan,ygullivanh5@paypal.com,Male,$179834.70,631340208,IT
619,Lil,Armstrong,larmstrongh6@nps.gov,Female,$813893.75,158574692,IT
620,Stevie,Vallery,svalleryh7@studiopress.com,Male,$124215.27,991089750,IT
621,Arleta,Axtell,aaxtellh8@qq.com,Female,$918423.17,779104939,PP
622,Eugenie,Bamell,ebamellh9@free.fr,Female,$303135.94,557777511,CC
623,Rana,Sheering,rsheeringha@unicef.org,Female,$313259.42,503602105,PP
624,Rafaelia,MacGall,rmacgallhb@army.mil,Female,$461159.31,870269760,IT
625,Alberta,Flood,afloodhc@list-manage.com,Female,$338398.81,967171255,IT
626,Johnna,Orriss,jorrisshd@cpanel.net,Female,$220876.96,469022241,PP
627,Gregoire,Peacop,gpeacophe@hp.com,Male,$910260.51,616166027,IT
628,Dannie,Vallender,dvallenderhf@unblog.fr,Male,$165645.40,900196198,PP
629,Garland,Swigger,gswiggerhg@over-blog.com,Female,$543397.02,338314661,PP
630,Shurlock,Beacon,sbeaconhh@1und1.de,Male,$375297.37,339031236,PP
631,Tadio,Kopp,tkopphi@addtoany.com,Male,$259739.52,765563712,CC
632,Kaylyn,Kamenar,kkamenarhj@dion.ne.jp,Female,$564360.00,705296541,CC
633,Alfie,Robet,arobethk@walmart.com,Female,$967541.98,683587895,PP
634,Carley,McGloughlin,cmcgloughlinhl@tumblr.com,Female,$653306.44,26904441,IT
635,Lay,Borg,lborghm@dedecms.com,Male,$354924.04,922354198,IT
636,Cole,Comberbeach,ccomberbeachhn@adobe.com,Male,$459016.82,270829636,PP
637,Kiel,Jaggers,kjaggersho@google.de,Male,$730016.75,5984285,IT
638,Carroll,Fair,cfairhp@squarespace.com,Male,$121384.91,78222532,IT
639,Windy,Fromant,wfromanthq@home.pl,Female,$907033.10,979587962,CC
640,Hillier,de Vaen,hdevaenhr@mediafire.com,Male,$974647.97,526088062,PP
641,Leela,Cranefield,lcranefieldhs@opensource.org,Female,$140450.01,990217839,IT
642,Cobbie,D'Enrico,cdenricoht@netlog.com,Male,$359576.14,105756734,CC
643,Phylis,Jepson,pjepsonhu@nature.com,Female,$238568.77,668970977,CC
644,Krystyna,Coward,kcowardhv@icio.us,Female,$227004.45,945442309,CC
645,Ame,Pickrell,apickrellhw@ftc.gov,Female,$488634.10,622794130,IT
646,Adrianna,Penning,apenninghx@technorati.com,Female,$848065.25,404198057,IT
647,Gillan,Batthew,gbatthewhy@plala.or.jp,Female,$525537.58,261101494,PP
648,Lishe,Bright,lbrighthz@purevolume.com,Female,$507875.48,784488100,PP
649,Eva,Kepe,ekepei0@nydailynews.com,Female,$754034.43,408663866,CC
650,Guillema,Havoc,ghavoci1@utexas.edu,Female,$991400.21,181695676,CC
651,Kissie,Bohden,kbohdeni2@furl.net,Female,$517374.20,749721237,IT
652,Jobie,Polsin,jpolsini3@amazon.co.jp,Female,$836938.56,217413794,CC
653,Daryle,Dunlap,ddunlapi4@ning.com,Male,$153577.26,487218784,CC
654,Boot,Riggulsford,briggulsfordi5@reference.com,Male,$869146.44,824606008,PP
655,Archibald,Bagge,abaggei6@irs.gov,Male,$469721.39,79676702,CC
656,Calli,Sandells,csandellsi7@sourceforge.net,Female,$696597.59,383901817,CC
657,Aindrea,Binnie,abinniei8@nba.com,Female,$418493.30,1025834086,PP
658,Latrena,Heinish,lheinishi9@freewebs.com,Female,$706970.46,275449448,CC
659,Katharyn,Gent,kgentia@wix.com,Female,$559315.43,705533591,CC
660,Demetre,Coverlyn,dcoverlynib@typepad.com,Male,$598048.96,15947838,IT
661,Witty,Durdle,wdurdleic@microsoft.com,Male,$374802.63,583518581,CC
662,Jacquie,Goutcher,jgoutcherid@hatena.ne.jp,Female,$737978.81,582333438,CC
663,Teddi,Meace,tmeaceie@mac.com,Female,$805334.64,184223581,PP
664,Ivan,Havis,ihavisif@army.mil,Male,$488681.26,966074229,CC
665,Kessiah,Gawthorp,kgawthorpig@histats.com,Female,$510050.31,579433775,IT
666,Leia,Whimpenny,lwhimpennyih@spotify.com,Female,$246834.15,41228213,IT
667,Knox,Rheubottom,krheubottomii@barnesandnoble.com,Male,$684924.38,552410759,IT
668,Steven,Krienke,skrienkeij@taobao.com,Male,$286011.76,885236175,CC
669,Raina,Wigglesworth,rwigglesworthik@posterous.com,Female,$147552.38,949645217,IT
670,Sigismund,Byrch,sbyrchil@lycos.com,Male,$757028.51,434949104,CC
671,Brenn,Rushworth,brushworthim@sohu.com,Female,$966456.43,968693061,CC
672,Iver,Le Brom,ilebromin@bandcamp.com,Male,$204264.50,500355049,CC
673,Rand,Armal,rarmalio@indiatimes.com,Male,$626305.57,288779856,PP
674,Emelyne,Kacheler,ekachelerip@pinterest.com,Female,$983410.77,967036054,PP
675,Flore,Doggett,fdoggettiq@eventbrite.com,Female,$540803.40,268776271,PP
676,Stillman,Mushrow,smushrowir@flavors.me,Male,$838560.35,816262622,IT
677,Abbe,Crampsy,acrampsyis@answers.com,Female,$106418.06,778556286,PP
678,Eydie,Berrow,eberrowit@wikia.com,Female,$870307.56,392879200,IT
679,Herrick,Malshinger,hmalshingeriu@rambler.ru,Male,$194314.72,883472477,IT
680,Katy,Dmitrienko,kdmitrienkoiv@deviantart.com,Female,$128827.21,493096964,CC
681,Tuck,Coates,tcoatesiw@woothemes.com,Male,$105274.12,551963411,CC
682,Mason,Amis,mamisix@sfgate.com,Male,$586856.33,800315861,IT
683,Uriel,Eggar,ueggariy@nasa.gov,Male,$696895.96,415092240,CC
684,Skylar,Keel,skeeliz@mapy.cz,Male,$224937.89,568050881,IT
685,Felike,Estable,festablej0@hp.com,Male,$207146.25,29949715,IT
686,Blythe,Mealand,bmealandj1@harvard.edu,Female,$198007.26,1039534681,IT
687,Moise,Mocquer,mmocquerj2@spotify.com,Male,$746802.32,567273981,IT
688,Pierson,Mixon,pmixonj3@hhs.gov,Male,$435370.86,934917827,CC
689,Winnie,Tumpane,wtumpanej4@cmu.edu,Male,$201185.44,589838321,PP
690,Cordy,Conradie,cconradiej5@gmpg.org,Male,$610256.41,875467522,IT
691,Sherye,Durward,sdurwardj6@google.it,Female,$269425.14,772551312,IT
692,Biron,Sperwell,bsperwellj7@ucla.edu,Male,$255670.38,293824981,PP
693,Brade,Gebby,bgebbyj8@mtv.com,Male,$615087.58,637812067,CC
694,Shae,Folbigg,sfolbiggj9@live.com,Male,$876275.24,918687155,PP
695,Jilly,Boone,jbooneja@moonfruit.com,Female,$237515.43,30690785,PP
696,Linnie,Ladloe,lladloejb@dion.ne.jp,Female,$230510.44,34225753,IT
697,Vivyan,Schonfeld,vschonfeldjc@google.nl,Female,$264469.48,290029927,CC
698,Benny,Pillifant,bpillifantjd@huffingtonpost.com,Female,$126589.09,875411076,PP
699,Ariadne,Sinisbury,asinisburyje@desdev.cn,Female,$287632.22,107232553,IT
700,Desirae,Piscopello,dpiscopellojf@patch.com,Female,$466702.03,733368163,CC
701,Tye,Vaadeland,tvaadelandjg@networksolutions.com,Male,$910685.96,10962639,CC
702,Erv,Scarratt,escarrattjh@hatena.ne.jp,Male,$232985.55,683733059,PP
703,Ethelind,Coffelt,ecoffeltji@bing.com,Female,$465575.78,689879430,CC
704,Hamilton,Shellum,hshellumjj@japanpost.jp,Male,$755775.43,95728662,IT
705,Robina,Gainsford,rgainsfordjk@surveymonkey.com,Female,$836343.54,126407051,IT
706,Isobel,Burchard,iburchardjl@nsw.gov.au,Female,$343765.31,518019232,IT
707,Maurie,Milhench,mmilhenchjm@about.me,Male,$672380.05,100794169,PP
708,Natassia,Ferneley,nferneleyjn@spiegel.de,Female,$290376.58,951073514,IT
709,Cyrill,Thwaites,cthwaitesjo@telegraph.co.uk,Male,$250536.44,106587860,IT
710,Dominica,Stummeyer,dstummeyerjp@chron.com,Female,$490704.89,761322601,IT
711,Birk,Beckson,bbecksonjq@yale.edu,Male,$294535.02,993550029,IT
712,Reta,Dolohunty,rdolohuntyjr@latimes.com,Female,$887693.46,580213080,CC
713,Micheal,Sloam,msloamjs@printfriendly.com,Male,$975356.95,263781440,CC
714,Nataline,Lemmertz,nlemmertzjt@dailymotion.com,Female,$130491.56,716767404,IT
715,Norry,Casazza,ncasazzaju@creativecommons.org,Male,$606566.65,605500902,CC
716,Brigham,Delete,bdeletejv@usatoday.com,Male,$935713.34,163643461,IT
717,Sheppard,McCord,smccordjw@amazon.co.jp,Male,$636049.10,762459969,IT
718,Dionysus,Daile,ddailejx@usa.gov,Male,$241945.82,607973130,IT
719,Emyle,Ferne,efernejy@boston.com,Female,$332968.55,67531060,CC
720,Valentina,Gilbride,vgilbridejz@hubpages.com,Female,$617145.44,51434710,CC
721,Zacharia,Sommerling,zsommerlingk0@reference.com,Male,$449153.33,648325892,IT
722,Frankie,Wolfendell,fwolfendellk1@pen.io,Male,$708945.20,244298502,IT
723,Sabine,Konzelmann,skonzelmannk2@creativecommons.org,Female,$429046.51,452279845,PP
724,Kendell,Andresser,kandresserk3@networksolutions.com,Male,$586036.62,781899258,IT
725,Brittaney,Grose,bgrosek4@typepad.com,Female,$827934.46,356521671,IT
726,Maryanne,Shacklady,mshackladyk5@biglobe.ne.jp,Female,$574301.03,375076925,PP
727,Jakob,Ionn,jionnk6@nbcnews.com,Male,$100221.20,1015778794,PP
728,Dory,Dowker,ddowkerk7@ebay.co.uk,Male,$843849.01,145720006,PP
729,Dominique,Harcombe,dharcombek8@smugmug.com,Female,$691922.80,254546502,CC
730,Carolann,Bonder,cbonderk9@soup.io,Female,$479092.71,498125854,CC
731,Jennilee,Whewill,jwhewillka@surveymonkey.com,Female,$301528.31,917055780,PP
732,Lindsay,Badby,lbadbykb@photobucket.com,Male,$683703.50,1011331374,IT
733,Antonetta,Rikard,arikardkc@wunderground.com,Female,$214230.74,274020388,CC
734,Elinor,Danhel,edanhelkd@prnewswire.com,Female,$881605.43,7722403,IT
735,Emalee,Troth,etrothke@oakley.com,Female,$507649.92,129408162,IT
736,Ranique,Feathersby,rfeathersbykf@huffingtonpost.com,Female,$562495.78,736331763,IT
737,Sunshine,Litt,slittkg@howstuffworks.com,Female,$445162.45,131780506,IT
738,Grace,Polleye,gpolleyekh@moonfruit.com,Male,$852603.16,706971273,IT
739,Mohandas,Peffer,mpefferki@npr.org,Male,$950169.81,238465192,IT
740,Marley,Rand,mrandkj@fotki.com,Female,$353508.17,890461531,CC
741,Consuelo,Serman,csermankk@is.gd,Female,$439726.78,743339136,PP
742,Brandy,Hogben,bhogbenkl@hp.com,Female,$566080.83,463391369,CC
743,Burnaby,Cato,bcatokm@icq.com,Male,$670181.43,530901261,IT
744,Ara,Cianelli,acianellikn@addtoany.com,Male,$286292.11,605454150,PP
745,Cullie,Haggerstone,chaggerstoneko@google.cn,Male,$518582.34,985659116,CC
746,Jehanna,Roly,jrolykp@themeforest.net,Female,$435309.75,372408896,CC
747,Allina,Landman,alandmankq@prlog.org,Female,$985919.29,943781505,CC
748,Karol,Bolton,kboltonkr@sciencedirect.com,Female,$254416.48,8111196,PP
749,Merrill,Peaddie,mpeaddieks@com.com,Male,$569124.41,232761616,IT
750,Leopold,Offield,loffieldkt@ft.com,Male,$996877.63,403058637,IT
751,Harwilll,Compfort,hcompfortku@wunderground.com,Male,$903625.12,538880572,PP
752,Kalina,Clawsley,kclawsleykv@examiner.com,Female,$754904.75,777068814,IT
753,Marylou,De Mico,mdemicokw@state.gov,Female,$844098.79,240111853,PP
754,Ellsworth,Shearmur,eshearmurkx@google.ru,Male,$571977.65,452774209,PP
755,Fernanda,Gonzalo,fgonzaloky@webnode.com,Female,$437782.37,382956969,PP
756,Cody,Huggon,chuggonkz@un.org,Male,$764400.70,844381076,IT
757,Lancelot,Easterling,leasterlingl0@seesaa.net,Male,$284599.05,743400167,PP
758,Cale,Kalinowsky,ckalinowskyl1@nydailynews.com,Male,$289142.00,790751391,CC
759,Diannne,Heggs,dheggsl2@home.pl,Female,$496868.74,249971406,CC
760,Kara,Esselen,kesselenl3@un.org,Female,$532275.26,318894167,CC
761,Meggy,Phinn,mphinnl4@marketwatch.com,Female,$909910.07,929135533,CC
762,Lucita,Weekland,lweeklandl5@examiner.com,Female,$237388.56,370099118,CC
763,Tanya,Egerton,tegertonl6@t-online.de,Female,$671157.64,906703686,IT
764,Pen,Kobera,pkoberal7@ovh.net,Female,$881400.27,681563006,CC
765,Lida,Birdwhistell,lbirdwhistelll8@forbes.com,Female,$742851.13,146197994,PP
766,Herc,Shepard,hshepardl9@techcrunch.com,Male,$528157.20,60065757,CC
767,Joscelin,Forseith,jforseithla@amazon.co.uk,Female,$722866.75,897796927,PP
768,Portie,LLelweln,pllelwelnlb@123-reg.co.uk,Male,$437897.58,1003760309,PP
769,Dorrie,Farans,dfaranslc@skyrock.com,Female,$273498.64,1040625844,PP
770,Wallas,Lghan,wlghanld@dailymotion.com,Male,$646974.12,551467301,PP
771,Averyl,Pople,apoplele@microsoft.com,Female,$634468.61,446967699,IT
772,Astrid,Wiles,awileslf@livejournal.com,Female,$119814.17,619747218,CC
773,Clint,Biggam,cbiggamlg@sciencedaily.com,Male,$795324.87,996271298,PP
774,Muriel,Skinner,mskinnerlh@vinaora.com,Female,$311553.34,325860447,IT
775,Sharlene,Randals,srandalsli@etsy.com,Female,$221668.02,338469174,IT
776,Timofei,Alcide,talcidelj@nymag.com,Male,$760934.43,633400246,CC
777,Erda,Warbeys,ewarbeyslk@ca.gov,Female,$870274.02,84023905,PP
778,Cordelia,O'Gaven,cogavenll@ucoz.ru,Female,$911454.73,8721965,IT
779,Norby,Corington,ncoringtonlm@xrea.com,Male,$613146.36,600287997,IT
780,Nicolette,Kubik,nkubikln@youtube.com,Female,$112936.85,214573771,PP
781,Lucie,Plumer,lplumerlo@sitemeter.com,Female,$123257.95,945208092,CC
782,Miles,Banbrigge,mbanbriggelp@ycombinator.com,Male,$481516.25,755632448,PP
783,Janek,Leveritt,jleverittlq@noaa.gov,Male,$213213.17,250589733,IT
784,Eran,Sollis,esollislr@seattletimes.com,Female,$905891.04,428202555,CC
785,Brigid,Storry,bstorryls@uol.com.br,Female,$306594.33,436987045,CC
786,Murray,Cambling,mcamblinglt@vistaprint.com,Male,$688496.99,654014416,PP
787,Zilvia,Carrivick,zcarrivicklu@state.gov,Female,$321615.65,858241503,CC
788,Harcourt,Plewes,hpleweslv@ed.gov,Male,$410679.87,249169747,CC
789,Lon,Di Claudio,ldiclaudiolw@ameblo.jp,Male,$136255.50,589097333,IT
790,Hale,Hurring,hhurringlx@omniture.com,Male,$326564.32,865087542,IT
791,Cad,Matokhnin,cmatokhninly@qq.com,Male,$910463.65,321726991,PP
792,Ralf,Sparwell,rsparwelllz@yolasite.com,Male,$383524.20,707609569,PP
793,Cinnamon,Borleace,cborleacem0@bizjournals.com,Female,$891889.75,261596929,CC
794,Gustave,Feavyour,gfeavyourm1@smh.com.au,Male,$382247.50,86520418,PP
795,D'arcy,Dorward,ddorwardm2@usnews.com,Male,$278299.04,1039222079,IT
796,Garrik,Urien,gurienm3@chicagotribune.com,Male,$466567.33,401176343,PP
797,Gunter,Petworth,gpetworthm4@topsy.com,Male,$459830.70,1036243295,CC
798,Van,Iwanicki,viwanickim5@usgs.gov,Female,$938904.04,479951322,CC
799,Adelle,Ather,aatherm6@nps.gov,Female,$331661.92,226315465,CC
800,Arnie,Lemery,alemerym7@mashable.com,Male,$541715.98,368600244,IT
801,Delia,Gernier,dgernierm8@ebay.com,Female,$451007.44,51706052,PP
802,Augustine,Rojahn,arojahnm9@g.co,Female,$145855.27,969194260,IT
803,Kelvin,Dreigher,kdreigherma@state.gov,Male,$874961.03,960979186,PP
804,Anabal,McNeely,amcneelymb@google.es,Female,$710103.66,266776244,PP
805,Janaye,Mongenot,jmongenotmc@webmd.com,Female,$144977.06,422759611,IT
806,Ava,Rookeby,arookebymd@va.gov,Female,$675750.27,543296842,CC
807,Garrett,Merriment,gmerrimentme@globo.com,Male,$389756.48,936901682,IT
808,Luigi,Pegden,lpegdenmf@accuweather.com,Male,$982040.84,419625777,PP
809,Bay,Cockshott,bcockshottmg@topsy.com,Male,$360455.01,333420000,CC
810,Carolyne,McDonald,cmcdonaldmh@yelp.com,Female,$723496.62,201644411,PP
811,Terry,Gregolotti,tgregolottimi@cpanel.net,Male,$683656.91,881987596,IT
812,Erick,Snalham,esnalhammj@samsung.com,Male,$448368.27,774286833,CC
813,Barron,Andryushchenko,bandryushchenkomk@moonfruit.com,Male,$983276.68,513788137,CC
814,Tynan,Semmens,tsemmensml@newsvine.com,Male,$528184.98,526748624,CC
815,Iggy,Einchcombe,ieinchcombemm@usatoday.com,Male,$784782.74,1036939100,PP
816,Lars,Genner,lgennermn@surveymonkey.com,Male,$521227.05,299989886,CC
817,Dur,Coleman,dcolemanmo@vk.com,Male,$554130.10,831249111,CC
818,Cassandra,O'Caherny,cocahernymp@amazon.co.jp,Female,$540994.61,812775081,IT
819,Giselbert,Manchett,gmanchettmq@multiply.com,Male,$101278.50,572372651,PP
820,Ange,Gannon,agannonmr@shareasale.com,Male,$286973.87,791578620,CC
821,Daniel,Skune,dskunems@360.cn,Male,$540425.02,901094083,IT
822,Darlene,Pettinger,dpettingermt@hibu.com,Female,$700630.52,583153067,CC
823,Margarethe,Strathe,mstrathemu@google.co.jp,Female,$162602.59,520551579,CC
824,Kendal,Fransemai,kfransemaimv@springer.com,Male,$498789.00,974931836,PP
825,Oren,Greenway,ogreenwaymw@360.cn,Male,$154826.03,8852556,IT
826,Dorelia,Stickins,dstickinsmx@google.es,Female,$384910.81,374538581,IT
827,Maud,Bretland,mbretlandmy@clickbank.net,Female,$376902.20,822103699,PP
828,Filip,Whaplington,fwhaplingtonmz@networkadvertising.org,Male,$105432.96,715398136,CC
829,Dulciana,Dunstall,ddunstalln0@mysql.com,Female,$408873.87,144148833,IT
830,Hyman,Mapam,hmapamn1@biglobe.ne.jp,Male,$741313.29,229289748,IT
831,Hailey,Andrusyak,handrusyakn2@dailymotion.com,Male,$400697.81,597699738,CC
832,Celestine,Danton,cdantonn3@people.com.cn,Female,$873431.90,29094665,IT
833,Russell,Bowyer,rbowyern4@sfgate.com,Male,$461855.21,935345198,IT
834,Marco,Glassborow,mglassborown5@amazon.com,Male,$920276.43,933801363,IT
835,Lyn,Tilson,ltilsonn6@wordpress.org,Male,$812855.97,526781803,CC
836,Daisey,Ralfe,dralfen7@storify.com,Female,$945709.25,1016269352,CC
837,Burg,Bernaldo,bbernaldon8@prweb.com,Male,$679077.37,924135103,PP
838,Rurik,Elsdon,relsdonn9@theguardian.com,Male,$597833.42,144529279,CC
839,Siegfried,Winckle,swincklena@slideshare.net,Male,$262004.72,121443130,IT
840,Junina,Bodill,jbodillnb@eventbrite.com,Female,$686648.44,103508429,IT
841,Bendite,Doles,bdolesnc@blogtalkradio.com,Female,$688202.51,1023027217,CC
842,Gilberta,Yakubowicz,gyakubowicznd@bluehost.com,Female,$518919.27,303150028,IT
843,King,Mignot,kmignotne@squidoo.com,Male,$828736.85,553789426,CC
844,Minor,Dadge,mdadgenf@washington.edu,Male,$934724.37,544879266,IT
845,Jamaal,Matelaitis,jmatelaitisng@altervista.org,Male,$623256.01,565767854,IT
846,Willetta,Brookton,wbrooktonnh@opera.com,Female,$196076.77,163894962,CC
847,Beatriz,Ondrak,bondrakni@geocities.jp,Female,$549746.55,598816753,PP
848,Indira,Wardel,iwardelnj@economist.com,Female,$688382.03,995519610,IT
849,Ingmar,Kleinschmidt,ikleinschmidtnk@prweb.com,Male,$381805.61,66027595,PP
850,Valentia,Follit,vfollitnl@dot.gov,Female,$843668.57,485176704,CC
851,Annamarie,Sambles,asamblesnm@google.es,Female,$259399.42,639259257,PP
852,Care,Holywell,cholywellnn@microsoft.com,Male,$917139.88,767821111,CC
853,Robinson,Schoffler,rschofflerno@gnu.org,Male,$315132.05,958697305,PP
854,Victoria,Levinge,vlevingenp@moonfruit.com,Female,$527989.58,587687591,CC
855,Valeria,Murdy,vmurdynq@dagondesign.com,Female,$668121.49,739561777,IT
856,Derril,Bride,dbridenr@unblog.fr,Male,$919370.78,449662890,CC
857,Marcus,Lumley,mlumleyns@free.fr,Male,$744965.04,331264419,PP
858,Margalo,Chaplin,mchaplinnt@behance.net,Female,$258816.43,497945378,CC
859,Andrei,Cardoe,acardoenu@instagram.com,Female,$756443.77,11114846,CC
860,Leigha,Antecki,lanteckinv@over-blog.com,Female,$796867.39,658753023,PP
861,Curtis,Barhams,cbarhamsnw@merriam-webster.com,Male,$666473.04,491435370,IT
862,Rolf,Lowden,rlowdennx@unesco.org,Male,$526627.39,285959906,IT
863,Arlina,Stranks,astranksny@edublogs.org,Female,$270739.48,455427536,IT
864,Cordy,Pietri,cpietrinz@fc2.com,Male,$232796.30,362702384,IT
865,Abba,Penkethman,apenkethmano0@chron.com,Male,$823684.49,203591940,IT
866,Loree,Moncur,lmoncuro1@cnet.com,Female,$632551.88,799578438,IT
867,Nilson,Clampett,nclampetto2@altervista.org,Male,$150195.14,374450603,IT
868,Everard,Pioch,epiocho3@techcrunch.com,Male,$491589.04,863003533,IT
869,Carlita,Romaint,cromainto4@discovery.com,Female,$514823.79,756070031,IT
870,Dora,Brundell,dbrundello5@vistaprint.com,Female,$932652.86,89013118,PP
871,Tally,Giacomo,tgiacomoo6@people.com.cn,Male,$378884.32,132022342,PP
872,Gael,Klambt,gklambto7@time.com,Female,$838737.72,960754186,PP
873,Hally,Fransewich,hfransewicho8@cargocollective.com,Female,$457803.28,915100859,CC
874,Koenraad,Kernaghan,kkernaghano9@example.com,Male,$405207.29,1016542181,PP
875,Reginauld,Whoolehan,rwhoolehanoa@deviantart.com,Male,$185116.27,897445919,CC
876,Zandra,Cordet,zcordetob@google.ru,Female,$259338.36,896791319,CC
877,Meta,Hollows,mhollowsoc@booking.com,Female,$700173.46,879174839,CC
878,Padgett,O'Meara,pomearaod@loc.gov,Male,$947105.44,679161959,CC
879,Gan,Casassa,gcasassaoe@nature.com,Male,$901364.26,258580626,IT
880,Kathy,Shutle,kshutleof@psu.edu,Female,$741281.44,689760674,PP
881,Roby,Clover,rcloverog@github.com,Female,$802885.14,387178641,CC
882,Sidonia,Lyford,slyfordoh@chronoengine.com,Female,$509521.44,733145569,IT
883,Adaline,Manuely,amanuelyoi@hhs.gov,Female,$186208.67,635481039,IT
884,Corinne,Swanger,cswangeroj@photobucket.com,Female,$118119.88,886538796,IT
885,Rochella,Colbridge,rcolbridgeok@g.co,Female,$640228.07,264608851,CC
886,Welby,Skudder,wskudderol@bloglines.com,Male,$282844.19,329060656,CC
887,Laurel,Fontel,lfontelom@lycos.com,Female,$634271.90,833815331,CC
888,Pat,Troop,ptroopon@theglobeandmail.com,Male,$793683.89,356166931,IT
889,Brnaby,Geraldez,bgeraldezoo@netlog.com,Male,$488702.63,655420630,CC
890,Briny,Ferrige,bferrigeop@archive.org,Female,$260126.16,311881716,CC
891,Darnall,Gaynor,dgaynoroq@dmoz.org,Male,$675272.97,618116393,PP
892,Deloria,Croci,dcrocior@cbsnews.com,Female,$179105.69,466203228,IT
893,Tammie,Jobb,tjobbos@java.com,Male,$337561.59,1035853634,PP
894,Robbie,Toulmin,rtoulminot@stumbleupon.com,Female,$812022.71,571169172,PP
895,Lita,Arnould,larnouldou@sun.com,Female,$793810.57,388244938,CC
896,Gabriel,Norvell,gnorvellov@constantcontact.com,Male,$905715.21,700792531,CC
897,Roselia,Ciccottini,rciccottiniow@geocities.com,Female,$624960.06,29944462,IT
898,Irma,De Benedetti,idebenedettiox@last.fm,Female,$707156.30,6455012,PP
899,Rod,Grafom,rgrafomoy@tiny.cc,Male,$892513.20,661235703,IT
900,Anett,Gadsden,agadsdenoz@opensource.org,Female,$790222.11,527433295,PP
901,Reagan,Pavitt,rpavittp0@ameblo.jp,Male,$725953.70,616590703,PP
902,Rafe,Chorlton,rchorltonp1@jimdo.com,Male,$340656.45,460719755,PP
903,Benito,Santello,bsantellop2@psu.edu,Male,$469931.52,862633246,PP
904,Antonius,Petriello,apetriellop3@php.net,Male,$239774.65,286334238,CC
905,Pierrette,Dawidowsky,pdawidowskyp4@macromedia.com,Female,$540800.28,508420392,PP
906,Parrnell,Duncombe,pduncombep5@wikipedia.org,Male,$320641.02,489275372,PP
907,Chadwick,Pawelec,cpawelecp6@hugedomains.com,Male,$609989.58,588792658,CC
908,Kyla,Dixcee,kdixceep7@gizmodo.com,Female,$402313.80,894696735,PP
909,Stacee,Hake,shakep8@webmd.com,Male,$682365.72,196490101,IT
910,Valli,Crewdson,vcrewdsonp9@adobe.com,Female,$482908.11,501524516,IT
911,Val,Burland,vburlandpa@cnbc.com,Female,$442094.77,64382037,IT
912,Dorrie,Shane,dshanepb@mapy.cz,Female,$204099.42,441221322,PP
913,Leicester,Arrowsmith,larrowsmithpc@weather.com,Male,$801499.26,719288041,PP
914,Billy,Larne,blarnepd@usda.gov,Male,$469974.37,578956870,PP
915,Graham,Azemar,gazemarpe@linkedin.com,Male,$436518.33,809747848,CC
916,Mathew,Corbet,mcorbetpf@meetup.com,Male,$886302.30,182387664,CC
917,Birch,Rowlinson,browlinsonpg@nifty.com,Male,$917527.54,964098797,PP
918,Mar,Skelhorn,mskelhornph@yandex.ru,Male,$919347.18,136117404,PP
919,Corabel,Methuen,cmethuenpi@bing.com,Female,$835140.69,797509165,CC
920,Nickey,Housin,nhousinpj@blinklist.com,Male,$545304.64,967254136,IT
921,Case,Hanaford,chanafordpk@biblegateway.com,Male,$453841.60,473699588,IT
922,Dyan,Dodd,ddoddpl@sciencedaily.com,Female,$962481.26,537985217,IT
923,Lilli,Leatherland,lleatherlandpm@prweb.com,Female,$220069.84,898960267,CC
924,Connor,Downer,cdownerpn@fda.gov,Male,$238470.29,848818866,CC
925,Ezra,Stihl,estihlpo@yellowbook.com,Male,$176647.92,147205363,PP
926,Zack,Hebblewhite,zhebblewhitepp@altervista.org,Male,$820394.00,23956864,IT
927,Rae,Cheke,rchekepq@patch.com,Female,$527394.25,35940380,CC
928,Zebadiah,Gyurko,zgyurkopr@hhs.gov,Male,$645302.31,881037860,CC
929,Caritta,Hattoe,chattoeps@engadget.com,Female,$875241.27,456732060,IT
930,Abra,Scadden,ascaddenpt@odnoklassniki.ru,Female,$927763.58,330306591,CC
931,Fernanda,Pidgin,fpidginpu@unesco.org,Female,$294089.53,807329840,PP
932,Odette,Sergeaunt,osergeauntpv@addtoany.com,Female,$739775.58,1034553127,CC
933,Jamil,Aylen,jaylenpw@fastcompany.com,Male,$539416.11,321268994,PP
934,Bob,Fidock,bfidockpx@amazon.co.jp,Male,$765376.97,540118260,CC
935,Lisa,Sturzaker,lsturzakerpy@geocities.jp,Female,$802916.91,566646838,IT
936,Abie,Epelett,aepelettpz@flickr.com,Male,$834101.61,881279489,IT
937,Glennie,Manes,gmanesq0@hostgator.com,Female,$380556.52,158277486,PP
938,Ewell,Wankling,ewanklingq1@angelfire.com,Male,$726822.33,1002976266,PP
939,Aida,Keson,akesonq2@washingtonpost.com,Female,$508598.04,372130277,CC
940,Janaya,Dinnage,jdinnageq3@etsy.com,Female,$824975.52,899471203,IT
941,Talia,Prate,tprateq4@examiner.com,Female,$656785.36,957926836,IT
942,Rosabel,Kinvan,rkinvanq5@wix.com,Female,$116118.69,698822098,PP
943,Kalli,Scampion,kscampionq6@umn.edu,Female,$323265.44,458699642,CC
944,Neddy,Petroff,npetroffq7@xing.com,Male,$950496.25,125332084,CC
945,Irwinn,Letch,iletchq8@flavors.me,Male,$786496.21,157890207,PP
946,Felice,Ryson,frysonq9@marriott.com,Male,$130597.44,293082366,IT
947,Salem,Hoggetts,shoggettsqa@woothemes.com,Male,$643439.75,865569417,IT
948,Tamera,Slyford,tslyfordqb@unesco.org,Female,$938903.51,73642385,PP
949,Marcile,Coade,mcoadeqc@nsw.gov.au,Female,$903728.23,707999955,CC
950,Carla,Teml,ctemlqd@nytimes.com,Female,$697101.76,262656702,PP
951,Hinda,Kaygill,hkaygillqe@mozilla.com,Female,$252145.60,628155541,PP
952,Anatollo,Drewe,adreweqf@cafepress.com,Male,$713035.81,751913311,PP
953,Katya,Formoy,kformoyqg@chron.com,Female,$791513.58,970709122,IT
954,Rennie,Kike,rkikeqh@cargocollective.com,Female,$462540.38,510132747,PP
955,Harriot,Basindale,hbasindaleqi@etsy.com,Female,$594303.15,598603386,CC
956,Charity,Birwhistle,cbirwhistleqj@skype.com,Female,$305152.62,875518514,IT
957,Parrnell,Costellow,pcostellowqk@whitehouse.gov,Male,$590103.70,262202147,PP
958,Savina,Wem,swemql@hud.gov,Female,$766343.39,396041199,PP
959,Jenelle,Gant,jgantqm@illinois.edu,Female,$544825.17,874350636,PP
960,Yves,Restieaux,yrestieauxqn@creativecommons.org,Male,$428842.55,128695805,IT
961,Corly,Poston,cpostonqo@intel.com,Female,$336495.66,714221079,PP
962,Dominik,Wallworke,dwallworkeqp@list-manage.com,Male,$872690.75,44676625,IT
963,Beckie,Mew,bmewqq@npr.org,Female,$185655.08,684296645,PP
964,Brok,Gooms,bgoomsqr@g.co,Male,$559196.15,41878482,CC
965,Deck,Wasylkiewicz,dwasylkiewiczqs@sciencedaily.com,Male,$768683.98,137949563,IT
966,Peirce,Perdue,pperdueqt@pbs.org,Male,$769236.34,980353210,CC
967,Isis,Sheahan,isheahanqu@opera.com,Female,$919715.90,842071827,IT
968,Morgen,Clooney,mclooneyqv@de.vu,Female,$550043.13,379512002,IT
969,Link,Hazell,lhazellqw@walmart.com,Male,$600556.67,1047611530,CC
970,Melisenda,Leggis,mleggisqx@t-online.de,Female,$844371.07,887196641,IT
971,Sidoney,Beadon,sbeadonqy@wordpress.org,Female,$948916.46,972743289,PP
972,Carmel,Abel,cabelqz@chronoengine.com,Female,$551961.38,543862728,PP
973,Correy,Ilewicz,cilewiczr0@joomla.org,Female,$333932.58,571989394,CC
974,Georgette,Batting,gbattingr1@tamu.edu,Female,$967051.78,349686210,CC
975,Lyn,McCord,lmccordr2@hubpages.com,Male,$839004.79,744759806,IT
976,Aldwin,Zuanazzi,azuanazzir3@nationalgeographic.com,Male,$452047.26,371086053,IT
977,Justus,Hendricks,jhendricksr4@narod.ru,Male,$401976.73,273524735,CC
978,Humfrid,Tolland,htollandr5@gravatar.com,Male,$192294.55,914584629,IT
979,Artemas,Rome,aromer6@spotify.com,Male,$829946.44,262079990,PP
980,Ebenezer,Goodbody,egoodbodyr7@yale.edu,Male,$212449.16,151126966,IT
981,Artemus,M'cowis,amcowisr8@simplemachines.org,Male,$442098.53,446455476,PP
982,Tomas,Sapsed,tsapsedr9@auda.org.au,Male,$367946.06,512388194,CC
983,Miguelita,Tranter,mtranterra@cam.ac.uk,Female,$258007.44,673964112,IT
984,Zorina,Caulcott,zcaulcottrb@who.int,Female,$244272.11,419266745,CC
985,Nesta,Imore,nimorerc@tinyurl.com,Female,$276953.90,657619856,CC
986,Lucie,Tarry,ltarryrd@livejournal.com,Female,$545614.45,875096774,CC
987,Noak,Mauvin,nmauvinre@technorati.com,Male,$882822.99,1019738360,PP
988,Noell,Graveney,ngraveneyrf@bigcartel.com,Female,$912711.37,813134043,IT
989,Kare,Doreward,kdorewardrg@youtu.be,Female,$561377.71,921319807,CC
990,Brynne,Morteo,bmorteorh@who.int,Female,$813467.17,925187938,CC
991,Florina,Stellino,fstellinori@upenn.edu,Female,$620489.20,549391625,IT
992,Finley,Eates,featesrj@google.ca,Male,$618959.00,315597137,IT
993,Stearne,Grancher,sgrancherrk@freewebs.com,Male,$507029.84,576568864,IT
994,Janeta,Glidden,jgliddenrl@nydailynews.com,Female,$118845.27,526539089,PP
995,Boyd,Harding,bhardingrm@bbb.org,Male,$585668.99,470779198,IT
996,Andre,Maudsley,amaudsleyrn@forbes.com,Male,$287728.01,491382588,IT
997,Ramonda,Grishanov,rgrishanovro@theglobeandmail.com,Female,$521921.15,993134264,PP
998,Erinn,Royson,eroysonrp@phoca.cz,Female,$508363.19,490615367,PP
999,Gay,Blackaller,gblackallerrq@amazon.co.jp,Male,$148396.96,999131368,IT
1000,Ave,Beadnall,abeadnallrr@berkeley.edu,Male,$860991.44,860017498,CC
