id,nombre,apellido,email,genero,valor_tx,numero_identificacion,tipo_identificacion
1,Fancie,Kalinowsky,fkalinowsky0@geocities.com,Female,$847703.06,1042444709,IT
2,Dodie,Greydon,dgreydon1@apache.org,Female,$487347.37,535712630,IT
3,Dwight,Devennie,ddevennie2@ycombinator.com,Male,$477949.43,799265824,PP
4,Guthry,Grundle,ggrundle3@delicious.com,Male,$305610.70,99081213,IT
5,Thomasine,Sollett,tsollett4@nps.gov,Female,$516191.14,872291359,PP
6,Marianne,Turneux,mturneux5@smugmug.com,Female,$870007.17,10047239,PP
7,Carmela,Dulany,cdulany6@blinklist.com,Female,$315937.64,259689540,IT
8,Pascal,Cargo,pcargo7@dot.gov,Male,$413312.71,265944931,CC
9,Donelle,Losty,dlosty8@google.ca,Female,$720825.94,1010091128,CC
10,Waldo,Reignould,wreignould9@blinklist.com,Male,$299901.32,413044545,IT
11,Dorice,Maryon,dmaryona@bravesites.com,Female,$219785.10,963518103,CC
12,Alisun,Pullin,apullinb@addthis.com,Female,$955967.72,741531731,CC
13,Charita,Hughson,chughsonc@simplemachines.org,Female,$223340.84,598680958,IT
14,Hughie,Welsby,hwelsbyd@google.nl,Male,$904270.52,185689251,PP
15,Greg,Etock,getocke@theatlantic.com,Male,$104904.50,144426697,IT
16,Darius,Studholme,dstudholmef@mysql.com,Male,$296549.20,220778390,PP
17,Noach,Conaghan,nconaghang@drupal.org,Male,$483635.05,82403514,CC
18,Brooks,Hartright,bhartrighth@blogtalkradio.com,Male,$648194.97,522429924,PP
19,Ashlin,O'Logan,aologani@nymag.com,Male,$350631.88,800324511,IT
20,Aubert,Doel,adoelj@unc.edu,Male,$199011.77,1032375788,IT
21,Huntington,Nabarro,hnabarrok@apple.com,Male,$849548.77,396765281,IT
22,Orville,Bollins,obollinsl@privacy.gov.au,Male,$617038.90,923395830,IT
23,Kare,Swatman,kswatmanm@ovh.net,Female,$224053.87,496459259,PP
24,Thibaut,Dybald,tdybaldn@alibaba.com,Male,$205697.13,66308200,CC
25,Winnifred,Haug,whaugo@bbc.co.uk,Female,$479777.36,558491644,PP
26,Barbabra,Marsay,bmarsayp@hao123.com,Female,$455478.90,355065608,PP
27,Tracie,Sutliff,tsutliffq@gravatar.com,Female,$399052.59,294310954,CC
28,Tyson,Iannetti,tiannettir@webmd.com,Male,$781419.71,1035126617,CC
29,Olivier,Linforth,olinforths@slate.com,Male,$290907.38,983363671,PP
30,Jacynth,Matthias,jmatthiast@so-net.ne.jp,Female,$491858.69,851237490,CC
31,Prudence,Badgers,pbadgersu@shareasale.com,Female,$469208.37,625636835,PP
32,Martica,Moogan,mmooganv@blogspot.com,Female,$823866.92,391490462,PP
33,Kath,Blunn,kblunnw@mtv.com,Female,$171495.65,485623807,CC
34,Aleda,Ties,atiesx@theguardian.com,Female,$625248.66,55519162,IT
35,Laverna,Garrish,lgarrishy@privacy.gov.au,Female,$308137.81,74927094,CC
36,Tobey,Giacomasso,tgiacomassoz@cnbc.com,Female,$267004.28,69100675,IT
37,Marcela,Truce,mtruce10@soundcloud.com,Female,$350796.24,770795759,PP
38,Lemar,Wennam,lwennam11@nifty.com,Male,$791384.19,79739821,PP
39,Lisha,Curman,lcurman12@thetimes.co.uk,Female,$373068.92,658604362,PP
40,Goldie,Dauber,gdauber13@washingtonpost.com,Female,$736510.53,810333366,CC
41,Glyn,Darinton,gdarinton14@usa.gov,Female,$996294.64,724230686,CC
42,Betta,Widocks,bwidocks15@elegantthemes.com,Female,$499608.34,623655407,CC
43,Ailee,Blees,ablees16@admin.ch,Female,$665464.67,169423878,PP
44,Xaviera,Renison,xrenison17@list-manage.com,Female,$900063.83,144086142,CC
45,Vladamir,Botton,vbotton18@flavors.me,Male,$906518.89,466730389,IT
46,Halie,Ambrosi,hambrosi19@tiny.cc,Female,$475271.41,152145559,PP
47,Glyn,Pavek,gpavek1a@nbcnews.com,Male,$647113.70,369615344,CC
48,Clevey,Thoday,cthoday1b@shinystat.com,Male,$754677.89,744144671,IT
49,Myrle,Antognetti,mantognetti1c@goo.gl,Female,$557394.50,234671136,CC
50,Tim,Caspell,tcaspell1d@newsvine.com,Male,$776308.78,483831235,IT
51,Zorah,Tarplee,ztarplee1e@exblog.jp,Female,$925530.46,24501926,CC
52,Winny,Lujan,wlujan1f@deviantart.com,Female,$546844.04,145448751,CC
53,Carrol,Abramovici,cabramovici1g@admin.ch,Male,$585221.60,161787864,CC
54,Correy,Cathery,ccathery1h@behance.net,Male,$786742.49,974222838,PP
55,Hermie,Kassidy,hkassidy1i@utexas.edu,Male,$257837.84,191197858,CC
56,Mamie,Whimp,mwhimp1j@google.com,Female,$237886.95,342233443,IT
57,Herta,Pechell,hpechell1k@huffingtonpost.com,Female,$102795.40,844920368,IT
58,Corbie,Dabbes,cdabbes1l@nbcnews.com,Male,$880632.98,932335909,IT
59,Grady,Gookes,ggookes1m@ed.gov,Male,$585263.55,516555583,PP
60,Eden,Rolfini,erolfini1n@who.int,Female,$344720.80,370433336,IT
61,Leilah,Krale,lkrale1o@time.com,Female,$435112.77,679566919,PP
62,Ripley,Whitehead,rwhitehead1p@bing.com,Male,$480175.88,283294024,PP
63,Maury,Antonomoli,mantonomoli1q@eepurl.com,Male,$507823.38,856837206,CC
64,Zorina,McMurty,zmcmurty1r@oakley.com,Female,$569472.26,281204664,IT
65,Derby,Spencley,dspencley1s@nydailynews.com,Male,$916189.89,92333327,CC
66,Dolli,Raxworthy,draxworthy1t@taobao.com,Female,$609421.30,990627895,IT
67,Tabbatha,Beseke,tbeseke1u@auda.org.au,Female,$295235.21,490933834,PP
68,Anderson,Joskowicz,ajoskowicz1v@taobao.com,Male,$666696.38,760043618,PP
69,Jen,Jemmison,jjemmison1w@imageshack.us,Female,$220030.91,806980616,IT
70,Kay,Andriesse,kandriesse1x@buzzfeed.com,Female,$378960.18,422991000,IT
71,Lolita,Floyed,lfloyed1y@pinterest.com,Female,$603076.55,408690897,PP
72,Dita,Whittington,dwhittington1z@rambler.ru,Female,$738470.62,194577017,CC
73,Kenyon,Crellin,kcrellin20@bbc.co.uk,Male,$365882.50,618546384,PP
74,Jacki,Crowcum,jcrowcum21@sohu.com,Female,$818611.43,639987497,CC
75,Suzie,Crebbin,screbbin22@domainmarket.com,Female,$454410.00,987720941,PP
76,Conn,Tipler,ctipler23@ebay.co.uk,Male,$120798.49,460695715,PP
77,Maudie,Redmayne,mredmayne24@arstechnica.com,Female,$418375.59,1040066483,IT
78,Margy,Dyton,mdyton25@flickr.com,Female,$474955.77,950606733,CC
79,Bendix,Gulston,bgulston26@huffingtonpost.com,Male,$997439.98,869762986,IT
80,Amby,Bowcher,abowcher27@msn.com,Male,$214863.43,989548697,IT
81,Estelle,Hiley,ehiley28@google.co.jp,Female,$453312.98,875459985,IT
82,Tedd,Swaffield,tswaffield29@yellowbook.com,Male,$702854.07,1026948613,CC
83,Haily,Klaves,hklaves2a@gravatar.com,Male,$882451.82,12541378,CC
84,Domeniga,Floyed,dfloyed2b@tmall.com,Female,$805105.96,1039105424,IT
85,Bambi,Stacey,bstacey2c@ning.com,Female,$636883.68,761201831,PP
86,Darb,Birds,dbirds2d@gravatar.com,Male,$924020.02,968105649,CC
87,Teddy,Mouatt,tmouatt2e@marriott.com,Male,$908125.49,689608813,CC
88,Spencer,Flieg,sflieg2f@salon.com,Male,$482534.11,471160678,IT
89,Coral,Fackrell,cfackrell2g@facebook.com,Female,$688557.15,956972166,CC
90,Jamil,Larcher,jlarcher2h@state.gov,Male,$441013.62,217848075,CC
91,Norbert,Whitters,nwhitters2i@google.com.au,Male,$910107.11,416811590,IT
92,Isac,Screas,iscreas2j@wix.com,Male,$730729.02,6639346,CC
93,Katha,Billham,kbillham2k@illinois.edu,Female,$872346.54,308674441,CC
94,Delmer,Leijs,dleijs2l@amazon.co.uk,Male,$533268.46,206508911,IT
95,Rees,Adamkiewicz,radamkiewicz2m@slate.com,Male,$396957.77,263663986,CC
96,Padriac,Stronge,pstronge2n@unesco.org,Male,$148970.47,699927883,CC
97,Wes,Andrew,wandrew2o@springer.com,Male,$161395.30,122409356,CC
98,Husain,Ingall,hingall2p@sina.com.cn,Male,$135941.83,764128855,CC
99,Jimmy,MacNalley,jmacnalley2q@weebly.com,Male,$764054.66,364371999,CC
100,Marty,Turfs,mturfs2r@dot.gov,Male,$867201.50,533864261,PP
101,Hertha,Haldenby,hhaldenby2s@discuz.net,Female,$686865.28,899591885,IT
102,Hodge,Humm,hhumm2t@ibm.com,Male,$950551.05,178585392,IT
103,Egon,Redgrave,eredgrave2u@newsvine.com,Male,$846611.13,395778484,CC
104,Diann,Voelker,dvoelker2v@g.co,Female,$989096.87,899276226,IT
105,Othilia,Slidders,oslidders2w@imageshack.us,Female,$900557.75,1015700710,IT
106,Rebbecca,Billingsley,rbillingsley2x@ucoz.com,Female,$625807.83,936946080,IT
107,Heda,Yurkov,hyurkov2y@weebly.com,Female,$596260.91,281271888,PP
108,Christi,Roast,croast2z@privacy.gov.au,Female,$369466.61,875862255,IT
109,Terrill,Byrcher,tbyrcher30@wikia.com,Male,$114191.20,501867077,CC
110,Rudolph,Theis,rtheis31@gizmodo.com,Male,$388834.56,994230585,IT
111,Karlene,Blayd,kblayd32@businessweek.com,Female,$528517.86,158193588,CC
112,Siward,Cowgill,scowgill33@nba.com,Male,$625976.87,300852015,PP
113,Dalia,Sellack,dsellack34@domainmarket.com,Female,$982879.95,808578654,PP
114,Ethyl,Saltmarshe,esaltmarshe35@hao123.com,Female,$417922.67,894888194,IT
115,Kai,Nance,knance36@shop-pro.jp,Female,$542637.57,941502498,CC
116,Ailbert,Culverhouse,aculverhouse37@google.com.br,Male,$762485.46,680265825,IT
117,Liz,Mannagh,lmannagh38@vk.com,Female,$146684.49,622813187,CC
118,Leticia,McCromley,lmccromley39@booking.com,Female,$924478.88,670713361,CC
119,Gardie,Bru,gbru3a@webnode.com,Male,$843481.47,565767081,CC
120,Hilarius,Janz,hjanz3b@foxnews.com,Male,$685534.94,737339232,CC
121,Carrol,Tilliards,ctilliards3c@jigsy.com,Male,$655222.02,1001834405,IT
122,Raleigh,Nana,rnana3d@europa.eu,Male,$873810.37,268057457,IT
123,Delmor,Algar,dalgar3e@fastcompany.com,Male,$720133.71,771805868,CC
124,Phaedra,Stroton,pstroton3f@slashdot.org,Female,$347361.23,120844272,PP
125,Jodi,Adacot,jadacot3g@prnewswire.com,Male,$804995.27,140517604,PP
126,Kellina,De la Harpe,kdelaharpe3h@cargocollective.com,Female,$717386.59,389625151,IT
127,Erik,Maass,emaass3i@photobucket.com,Male,$918970.08,189663056,CC
128,Reinald,Andrez,randrez3j@un.org,Male,$178907.16,567340511,CC
129,Gusti,Paschke,gpaschke3k@printfriendly.com,Female,$188319.84,113626917,CC
130,Rachael,Scotchbrook,rscotchbrook3l@amazon.co.jp,Female,$580971.50,196110396,IT
131,Skipper,Conelly,sconelly3m@ebay.com,Male,$340576.54,426067515,CC
132,Tulley,Morforth,tmorforth3n@fc2.com,Male,$844239.25,154091075,IT
133,Brietta,Vivash,bvivash3o@typepad.com,Female,$638901.96,687103449,CC
134,Barbaraanne,Tutill,btutill3p@cbc.ca,Female,$377537.80,867139244,PP
135,Tremain,Armer,tarmer3q@ox.ac.uk,Male,$843043.15,799666983,IT
136,Nappy,Mayberry,nmayberry3r@nhs.uk,Male,$207781.93,74837812,PP
137,Bronson,Bielefeld,bbielefeld3s@newsvine.com,Male,$551908.64,823519895,PP
138,Stern,Whyke,swhyke3t@oakley.com,Male,$678395.91,257506045,IT
139,Dav,Corrao,dcorrao3u@comsenz.com,Male,$564762.63,184644853,CC
140,Llewellyn,Escreet,lescreet3v@globo.com,Male,$799338.58,690408606,IT
141,Granger,Manders,gmanders3w@mapquest.com,Male,$984087.04,897750848,PP
142,Olia,Beakes,obeakes3x@storify.com,Female,$441868.66,278720687,PP
143,Bel,Vanezis,bvanezis3y@intel.com,Female,$521126.78,656685800,CC
144,Lynnell,McKeveney,lmckeveney3z@stanford.edu,Female,$910018.78,315258403,IT
145,Ev,Fieldstone,efieldstone40@biglobe.ne.jp,Male,$595857.10,836518532,IT
146,Emlynn,Yashaev,eyashaev41@ezinearticles.com,Female,$511903.31,508998200,PP
147,Dominique,Smitton,dsmitton42@sfgate.com,Male,$876376.36,556700874,PP
148,Eliot,Joriot,ejoriot43@cmu.edu,Male,$387610.86,886982855,CC
149,Dukie,Lapish,dlapish44@go.com,Male,$217509.17,947179153,PP
150,Katina,Abbett,kabbett45@umich.edu,Female,$616972.32,464626758,IT
151,Virginia,Liebmann,vliebmann46@whitehouse.gov,Female,$706612.32,609043992,PP
152,Dewain,Gohn,dgohn47@mtv.com,Male,$162994.04,970093613,IT
153,Antin,O'Rowane,aorowane48@purevolume.com,Male,$633576.55,651835854,CC
154,Maribel,Luberti,mluberti49@tamu.edu,Female,$367828.51,210931509,CC
155,Gweneth,Oakenford,goakenford4a@dailymail.co.uk,Female,$429536.19,322840838,PP
156,Lanny,Yanyshev,lyanyshev4b@scientificamerican.com,Male,$139375.89,399515546,CC
157,Amie,Shapcote,ashapcote4c@amazon.co.jp,Female,$400309.84,563505208,CC
158,Renado,Govey,rgovey4d@prnewswire.com,Male,$473628.28,34710119,PP
159,Rennie,Merrick,rmerrick4e@ameblo.jp,Female,$883047.52,954997940,CC
160,Dorey,Haveline,dhaveline4f@squidoo.com,Female,$244020.37,126141383,IT
161,Allard,Orniz,aorniz4g@ucoz.com,Male,$411182.69,905817176,IT
162,Giorgi,Boar,gboar4h@goo.gl,Male,$502468.36,282757978,PP
163,Lutero,Shapcott,lshapcott4i@lulu.com,Male,$395249.59,842480656,PP
164,Ilise,Delahunt,idelahunt4j@delicious.com,Female,$610050.41,930137362,PP
165,Zaccaria,Izon,zizon4k@nps.gov,Male,$130699.74,333795028,IT
166,Woody,Antonopoulos,wantonopoulos4l@indiatimes.com,Male,$862623.83,104598007,CC
167,Fredrick,Radoux,fradoux4m@bbb.org,Male,$356657.22,351928060,PP
168,Myles,Volant,mvolant4n@dyndns.org,Male,$440152.34,1029896516,IT
169,Abner,Speeding,aspeeding4o@clickbank.net,Male,$649832.83,865171726,CC
170,Langsdon,Gold,lgold4p@quantcast.com,Male,$274208.39,924021845,PP
171,Rem,Stoddart,rstoddart4q@usa.gov,Male,$397971.31,488513695,IT
172,Augusto,Chaters,achaters4r@hugedomains.com,Male,$954665.86,754913847,PP
173,Germain,Bossel,gbossel4s@columbia.edu,Male,$362255.38,917790408,IT
174,Tadeo,Lob,tlob4t@indiegogo.com,Male,$187276.45,649260149,IT
175,Daphna,Dalliwater,ddalliwater4u@yandex.ru,Female,$744686.94,802164329,CC
176,Candide,Spragg,cspragg4v@amazon.co.uk,Female,$701232.38,133891415,IT
177,Madlen,Dewire,mdewire4w@nifty.com,Female,$852901.56,116597484,CC
178,Taite,Longina,tlongina4x@youtu.be,Male,$499335.90,120827499,IT
179,Chucho,Northridge,cnorthridge4y@digg.com,Male,$928408.70,146511051,IT
180,Leodora,Leisk,lleisk4z@indiatimes.com,Female,$632545.13,23506849,CC
181,Kippy,Southers,ksouthers50@shinystat.com,Male,$376166.58,254343032,IT
182,Dominique,Tweedlie,dtweedlie51@marketwatch.com,Female,$998431.50,227685362,PP
183,Juieta,Jewess,jjewess52@domainmarket.com,Female,$703886.03,283735741,IT
184,Cory,Bandy,cbandy53@tamu.edu,Male,$769663.25,421965138,PP
185,Lina,Shipton,lshipton54@newsvine.com,Female,$453406.57,742074454,PP
186,Randie,Grollmann,rgrollmann55@ning.com,Male,$383475.63,644205306,CC
187,Ric,Fellibrand,rfellibrand56@hugedomains.com,Male,$651921.81,939276268,CC
188,Hermy,Le Noir,hlenoir57@intel.com,Male,$348610.08,1000285127,CC
189,Winn,Sauvage,wsauvage58@networkadvertising.org,Male,$730193.57,298620556,CC
190,Hew,Connelly,hconnelly59@jugem.jp,Male,$491009.22,425418988,PP
191,Blondie,Crate,bcrate5a@walmart.com,Female,$362051.29,764800927,PP
192,Claudina,Otham,cotham5b@friendfeed.com,Female,$863821.56,141119384,PP
193,Gardener,Haffenden,ghaffenden5c@booking.com,Male,$830051.61,572518666,PP
194,Dame,Bellefonte,dbellefonte5d@webnode.com,Male,$197165.15,474836775,CC
195,Marena,Dearn,mdearn5e@theatlantic.com,Female,$986700.26,469786890,IT
196,Feodor,Teape,fteape5f@photobucket.com,Male,$741630.46,865506780,CC
197,Nyssa,Parnell,nparnell5g@tmall.com,Female,$944441.05,939848454,CC
198,Melloney,Needham,mneedham5h@amazon.co.jp,Female,$742249.35,703604331,IT
199,Alyss,Gumbley,agumbley5i@google.es,Female,$359503.44,117064988,IT
200,Will,Mazzia,wmazzia5j@cargocollective.com,Male,$289193.54,857206668,IT
201,Tremayne,Kiendl,tkiendl5k@toplist.cz,Male,$470681.70,708822135,CC
202,Jayson,Clemenzi,jclemenzi5l@oracle.com,Male,$822446.67,572187040,IT
203,Loren,Dondon,ldondon5m@feedburner.com,Male,$749829.33,492358107,CC
204,Dorice,Charrett,dcharrett5n@ustream.tv,Female,$977078.20,813268521,CC
205,Rora,Ryles,rryles5o@feedburner.com,Female,$368982.83,614009406,IT
206,Naomi,Beagen,nbeagen5p@booking.com,Female,$340323.40,57503531,CC
207,Skipp,Craig,scraig5q@google.com.hk,Male,$694840.25,626688514,IT
208,Bert,Scranny,bscranny5r@youtube.com,Female,$638273.15,814118082,IT
209,Hilario,Purshouse,hpurshouse5s@epa.gov,Male,$902583.98,314741838,CC
210,Serena,Bradnick,sbradnick5t@bandcamp.com,Female,$254884.97,254240284,PP
211,Patricia,Trighton,ptrighton5u@buzzfeed.com,Female,$991234.55,205057561,IT
212,Matelda,Sager,msager5v@tuttocitta.it,Female,$179754.81,495789237,PP
213,Brennan,Bunning,bbunning5w@umich.edu,Male,$520499.02,235138679,CC
214,Hale,Bannerman,hbannerman5x@house.gov,Male,$122603.69,989410452,CC
215,Rickie,Collip,rcollip5y@a8.net,Male,$631169.81,494676519,PP
216,Emmalyn,Craister,ecraister5z@google.fr,Female,$881119.36,319272579,IT
217,Joceline,Meddings,jmeddings60@quantcast.com,Female,$746237.78,346168918,IT
218,Ester,Eva,eeva61@dell.com,Female,$652670.34,998620997,PP
219,Lindon,Fairholm,lfairholm62@auda.org.au,Male,$574141.72,720614375,CC
220,Richard,Hoodless,rhoodless63@amazon.co.uk,Male,$969285.54,805948770,IT
221,Beryl,Whacket,bwhacket64@printfriendly.com,Female,$846410.37,555467597,CC
222,Andrey,Emlyn,aemlyn65@reddit.com,Male,$684195.27,67667701,PP
223,Mozelle,Gallifont,mgallifont66@elpais.com,Female,$410785.81,847122738,CC
224,Lynne,Grushin,lgrushin67@ebay.co.uk,Female,$204431.22,506670286,CC
225,Lazare,Mallon,lmallon68@clickbank.net,Male,$304432.83,395849593,PP
226,Austin,Besant,abesant69@constantcontact.com,Female,$719328.70,571308603,IT
227,Ave,Janu,ajanu6a@nasa.gov,Male,$508481.61,138829152,CC
228,Liz,Seatter,lseatter6b@mozilla.org,Female,$398303.76,642772770,CC
229,Amitie,Breem,abreem6c@hugedomains.com,Female,$430491.82,928624479,CC
230,Lin,Sarten,lsarten6d@harvard.edu,Female,$602031.41,1032859773,IT
231,Park,Gladeche,pgladeche6e@rakuten.co.jp,Male,$950015.69,258792449,PP
232,Issiah,Piggin,ipiggin6f@seattletimes.com,Male,$487171.58,1048923603,CC
233,Hannie,McIlmorow,hmcilmorow6g@uiuc.edu,Female,$417793.97,246731523,PP
234,Sammie,Ianizzi,sianizzi6h@4shared.com,Male,$226011.80,799677195,IT
235,Easter,Bunch,ebunch6i@si.edu,Female,$704511.63,305514286,IT
236,Ade,Rishman,arishman6j@google.de,Male,$849317.76,675863042,PP
237,Artemis,Puckey,apuckey6k@nsw.gov.au,Male,$636565.36,149096409,IT
238,Trueman,Mahmood,tmahmood6l@dell.com,Male,$953068.81,957668085,CC
239,Dud,Gruszecki,dgruszecki6m@sitemeter.com,Male,$268125.60,932619406,CC
240,Lorilyn,Denyagin,ldenyagin6n@google.ru,Female,$801318.65,482470413,CC
241,Hale,Shoubridge,hshoubridge6o@simplemachines.org,Male,$456105.58,358504304,CC
242,Kelcy,Brandreth,kbrandreth6p@163.com,Female,$265943.38,198419209,PP
243,Gibbie,Lanyon,glanyon6q@census.gov,Male,$918825.88,920388345,IT
244,Barrie,Licquorish,blicquorish6r@foxnews.com,Male,$287902.59,839383574,IT
245,Sharity,Corington,scorington6s@buzzfeed.com,Female,$968462.45,336715489,CC
246,Kasey,Connell,kconnell6t@harvard.edu,Female,$553329.17,323099545,CC
247,Ddene,Allard,dallard6u@oracle.com,Female,$697467.59,126030014,PP
248,Carling,Polding,cpolding6v@icio.us,Male,$867385.26,107679906,CC
249,Denys,Jikylls,djikylls6w@odnoklassniki.ru,Male,$476043.59,290192025,CC
250,Haskel,Povah,hpovah6x@ask.com,Male,$904948.22,452573635,CC
251,Lacy,Nend,lnend6y@state.tx.us,Female,$121363.84,844643995,PP
252,Daveta,Duquesnay,dduquesnay6z@state.gov,Female,$325059.87,55548234,CC
253,Quinn,Eidler,qeidler70@so-net.ne.jp,Male,$701037.59,754179619,CC
254,Hyman,Pentercost,hpentercost71@phpbb.com,Male,$822328.24,53823135,IT
255,Roderigo,Cartman,rcartman72@biblegateway.com,Male,$345471.76,590874018,PP
256,Madalena,Ber,mber73@seattletimes.com,Female,$807625.10,1015032284,CC
257,Remy,Wimpress,rwimpress74@bloglovin.com,Female,$365998.00,623279878,IT
258,Shelba,Durand,sdurand75@theatlantic.com,Female,$552065.23,522284468,PP
259,Edsel,Whitnell,ewhitnell76@mysql.com,Male,$122261.54,11332838,IT
260,Alric,Kail,akail77@ucoz.com,Male,$830175.05,879340766,PP
261,Hamlen,Pocock,hpocock78@msn.com,Male,$566700.25,750609785,CC
262,Francklin,Souster,fsouster79@discovery.com,Male,$660714.30,676406730,IT
263,Lawton,Steanyng,lsteanyng7a@bravesites.com,Male,$186128.03,604436308,IT
264,Claudie,Vedishchev,cvedishchev7b@ustream.tv,Female,$495292.19,359569821,PP
265,Alla,Darragh,adarragh7c@sitemeter.com,Female,$822947.19,856338973,IT
266,Oralee,Duckhouse,oduckhouse7d@mail.ru,Female,$650650.90,841261425,CC
267,Morris,Walshe,mwalshe7e@mapy.cz,Male,$768143.93,309728739,PP
268,Allister,Craster,acraster7f@senate.gov,Male,$262130.04,116385342,PP
269,Yorker,Maryon,ymaryon7g@ebay.co.uk,Male,$943383.52,807675854,PP
270,Rocky,Ghirigori,rghirigori7h@linkedin.com,Male,$477347.61,572885433,PP
271,Kellie,Shiell,kshiell7i@marketwatch.com,Female,$776619.49,512683433,CC
272,Ruggiero,Tinner,rtinner7j@zimbio.com,Male,$942756.89,778336570,CC
273,Karole,Stockney,kstockney7k@nationalgeographic.com,Female,$820233.37,1012231157,PP
274,Norry,Beardow,nbeardow7l@fotki.com,Female,$396541.69,577622790,IT
275,Sheilakathryn,Prosh,sprosh7m@live.com,Female,$399525.85,49722416,IT
276,Eduardo,Goves,egoves7n@gizmodo.com,Male,$664163.71,1043639287,PP
277,Sheridan,Meyrick,smeyrick7o@51.la,Male,$104795.44,739786289,CC
278,Montague,Issac,missac7p@1und1.de,Male,$361145.33,49618848,IT
279,Lisette,Stockford,lstockford7q@sciencedaily.com,Female,$121247.41,696866430,IT
280,Leshia,Zelake,lzelake7r@free.fr,Female,$854483.02,409553574,IT
281,Lewie,Coulter,lcoulter7s@umich.edu,Male,$219092.92,576565044,PP
282,Keeley,Harris,kharris7t@dailymotion.com,Female,$833042.96,332677871,CC
283,Emogene,Nugent,enugent7u@msn.com,Female,$290253.92,79131301,IT
284,Gilbertina,Ockenden,gockenden7v@msu.edu,Female,$270288.55,978069235,CC
285,Roselin,Griggs,rgriggs7w@irs.gov,Female,$592854.78,152692474,CC
286,Alicea,Solloway,asolloway7x@digg.com,Female,$617850.07,26579594,IT
287,Jabez,Roscamps,jroscamps7y@usgs.gov,Male,$745112.10,614625133,CC
288,Leonid,Bispo,lbispo7z@disqus.com,Male,$984155.51,179690967,PP
289,Esdras,Dutchburn,edutchburn80@smugmug.com,Male,$999616.92,565369656,IT
290,Law,Maccrae,lmaccrae81@cloudflare.com,Male,$189374.50,751300956,CC
291,Orsola,Whalley,owhalley82@whitehouse.gov,Female,$771336.09,12548586,IT
292,Celine,Dight,cdight83@huffingtonpost.com,Female,$552919.45,71660020,PP
293,Paxon,Fidell,pfidell84@time.com,Male,$623350.20,224467772,PP
294,Bee,Cullinan,bcullinan85@goodreads.com,Female,$160702.32,109412859,PP
295,Jacques,Mapes,jmapes86@bigcartel.com,Male,$840193.10,933029768,PP
296,Harri,Cain,hcain87@admin.ch,Female,$473693.96,368391392,IT
297,Rod,Dorant,rdorant88@de.vu,Male,$302572.70,385007180,IT
298,Mattie,Mayoral,mmayoral89@newyorker.com,Male,$754287.52,16965887,IT
299,Ilyssa,Loosley,iloosley8a@wikipedia.org,Female,$182421.62,401990719,CC
300,Ardeen,Tapper,atapper8b@quantcast.com,Female,$976049.59,515666567,PP
301,Ingunna,Romaines,iromaines8c@earthlink.net,Female,$305158.57,767605530,PP
302,Arch,Crowdy,acrowdy8d@latimes.com,Male,$111423.99,691911691,IT
303,Koral,Toope,ktoope8e@deviantart.com,Female,$601854.27,846625101,CC
304,Barrie,Lalonde,blalonde8f@cyberchimps.com,Male,$917709.56,671937052,IT
305,Nelia,Castlake,ncastlake8g@ustream.tv,Female,$802346.78,306309075,CC
306,Lonna,Spollen,lspollen8h@ameblo.jp,Female,$597074.44,864708122,IT
307,Clerkclaude,Echalie,cechalie8i@sphinn.com,Male,$586792.33,215458080,PP
308,Blondie,Giacomello,bgiacomello8j@vk.com,Female,$462221.62,703301906,PP
309,Patric,Hedau,phedau8k@europa.eu,Male,$550545.22,359243902,CC
310,Melba,Quernel,mquernel8l@mozilla.org,Female,$735562.69,26967050,PP
311,Diannne,Gornall,dgornall8m@sakura.ne.jp,Female,$449215.77,673576308,CC
312,Carmelle,Skentelbery,cskentelbery8n@unicef.org,Female,$379348.81,117709629,IT
313,Tova,Reade,treade8o@typepad.com,Female,$709610.38,387083567,IT
314,Hillie,Scurrell,hscurrell8p@usatoday.com,Male,$641547.95,322798238,IT
315,Stephan,Jills,sjills8q@hexun.com,Male,$447612.94,231965655,CC
316,Cointon,Cavan,ccavan8r@etsy.com,Male,$522946.38,292479640,CC
317,Deanna,Loudwell,dloudwell8s@census.gov,Female,$242818.35,333817406,PP
318,Sondra,Porrett,sporrett8t@github.io,Female,$317827.60,409216959,IT
319,Daria,Chafer,dchafer8u@msn.com,Female,$339069.97,323981699,PP
320,Boniface,Elgy,belgy8v@nbcnews.com,Male,$656426.01,838296355,PP
321,Darb,Corah,dcorah8w@jimdo.com,Female,$600483.04,386543766,PP
322,Cary,Fearne,cfearne8x@g.co,Female,$667534.07,788022264,IT
323,Idette,Campling,icampling8y@soup.io,Female,$920134.31,842038163,CC
324,Cesar,Shellard,cshellard8z@netscape.com,Male,$553520.82,853924952,IT
325,Hubie,Muirden,hmuirden90@hc360.com,Male,$827721.31,812169585,PP
326,Pedro,D'Alesio,pdalesio91@aol.com,Male,$113095.45,959127544,CC
327,Cindie,Elphinstone,celphinstone92@jigsy.com,Female,$160906.88,238926312,CC
328,Kennedy,Ebunoluwa,kebunoluwa93@dagondesign.com,Male,$941832.98,463090519,CC
329,Ramsey,Fold,rfold94@nifty.com,Male,$699752.29,439587701,CC
330,Nerty,Jordin,njordin95@shinystat.com,Female,$296071.35,738916899,PP
331,Lenna,Schulter,lschulter96@examiner.com,Female,$129793.57,373084809,CC
332,Anitra,Juris,ajuris97@ebay.co.uk,Female,$920109.55,540291058,IT
333,Padget,Drysdale,pdrysdale98@ft.com,Male,$859495.30,666591948,IT
334,Nichol,Oldershaw,noldershaw99@sourceforge.net,Female,$177290.76,109091717,PP
335,Janetta,Grigorushkin,jgrigorushkin9a@woothemes.com,Female,$315201.69,643932167,IT
336,Yancy,Mucci,ymucci9b@eepurl.com,Male,$212400.79,797574684,IT
337,Lynnet,Drury,ldrury9c@shop-pro.jp,Female,$812301.68,679203395,PP
338,Flory,Borton,fborton9d@tinypic.com,Male,$424111.27,607527302,CC
339,Anestassia,Maymand,amaymand9e@chron.com,Female,$966881.13,39745670,CC
340,Amber,Wolland,awolland9f@about.me,Female,$287618.75,695710942,IT
341,Nicolle,Gilston,ngilston9g@unblog.fr,Female,$876291.08,905251377,IT
342,Bernardine,Lawland,blawland9h@miitbeian.gov.cn,Female,$510912.71,895837460,CC
343,Barth,Poytres,bpoytres9i@vimeo.com,Male,$896611.00,781820106,CC
344,Josselyn,Palser,jpalser9j@mapquest.com,Female,$508284.55,892096472,CC
345,Carolyn,Ledson,cledson9k@virginia.edu,Female,$171751.09,927204306,CC
346,Ted,Foyster,tfoyster9l@github.io,Female,$634824.74,89699684,PP
347,Salomi,Kwietak,skwietak9m@chicagotribune.com,Female,$931124.19,798020056,PP
348,Grete,Caizley,gcaizley9n@taobao.com,Female,$263739.24,783327245,PP
349,Eirena,Caslin,ecaslin9o@issuu.com,Female,$990093.66,201879968,IT
350,Marlena,Vivian,mvivian9p@hostgator.com,Female,$543844.00,361932435,IT
351,Pooh,Tilbrook,ptilbrook9q@va.gov,Male,$390407.53,39836962,PP
352,Berni,Burgon,bburgon9r@craigslist.org,Female,$543660.19,612310596,PP
353,Abigael,Barff,abarff9s@addtoany.com,Female,$485384.62,401197232,CC
354,Ignazio,Merricks,imerricks9t@walmart.com,Male,$467109.12,353686663,PP
355,Bale,Simchenko,bsimchenko9u@howstuffworks.com,Male,$862525.74,857795051,CC
356,Elnar,Manon,emanon9v@barnesandnoble.com,Male,$689860.01,922717442,PP
357,Romonda,Spurdle,rspurdle9w@geocities.jp,Female,$488661.82,751997815,CC
358,Griffith,Kiddye,gkiddye9x@amazon.co.jp,Male,$514838.98,342287924,PP
359,Gus,Peres,gperes9y@boston.com,Male,$575075.50,1019588675,CC
360,Zaria,Kaming,zkaming9z@artisteer.com,Female,$528704.10,192884945,CC
361,Giffy,Mayston,gmaystona0@microsoft.com,Male,$493938.63,56443725,PP
362,Claudius,Garrould,cgarroulda1@sakura.ne.jp,Male,$923460.31,873983314,PP
363,Berget,Robertson,brobertsona2@slashdot.org,Female,$137587.76,490278663,CC
364,Federico,Ferne,ffernea3@indiegogo.com,Male,$658611.88,311622279,PP
365,Aloin,Walentynowicz,awalentynowicza4@yahoo.co.jp,Male,$751797.09,1039010278,IT
366,Mersey,Ruppele,mruppelea5@ihg.com,Female,$305959.20,10889462,PP
367,Howie,Aires,hairesa6@hostgator.com,Male,$576652.37,637947804,IT
368,Mateo,Sach,msacha7@ebay.com,Male,$941576.64,421531125,PP
369,Clarine,Raspin,craspina8@dropbox.com,Female,$892267.12,347050129,CC
370,Robinette,Lowne,rlownea9@lycos.com,Female,$507691.18,902232177,IT
371,Livvie,Antony,lantonyaa@etsy.com,Female,$963811.73,1036310066,PP
372,Cirillo,Yakubov,cyakubovab@sciencedaily.com,Male,$498088.95,156705988,CC
373,Rogerio,Vanns,rvannsac@zdnet.com,Male,$568230.32,721592339,CC
374,Alric,Tonge,atongead@google.fr,Male,$549252.54,799279495,IT
375,Saul,Baggiani,sbaggianiae@lulu.com,Male,$482728.90,941673587,PP
376,Worthy,Hubbart,whubbartaf@yellowbook.com,Male,$547318.26,1031403163,IT
377,Clementius,Kordova,ckordovaag@howstuffworks.com,Male,$968970.51,367565318,PP
378,Bryan,Bresnen,bbresnenah@nature.com,Male,$803043.56,313277554,PP
379,Godard,Quinnell,gquinnellai@nbcnews.com,Male,$840339.64,796032968,PP
380,Waylen,Ranns,wrannsaj@linkedin.com,Male,$633989.25,137222283,CC
381,Charlotte,Considine,cconsidineak@tinypic.com,Female,$419364.58,888617566,CC
382,Kaylil,Lebbon,klebbonal@time.com,Female,$829816.65,995854766,IT
383,Franky,Hessay,fhessayam@omniture.com,Female,$868100.96,117363513,PP
384,Ally,Shimmans,ashimmansan@yelp.com,Female,$570170.25,673616358,PP
385,Manolo,Litterick,mlitterickao@sphinn.com,Male,$392842.98,561235986,IT
386,Trumaine,Pinnion,tpinnionap@naver.com,Male,$152114.42,633003773,CC
387,Margery,Splevings,msplevingsaq@cnet.com,Female,$931617.34,32220237,IT
388,Arlyne,Pinder,apinderar@bluehost.com,Female,$686140.19,738844589,PP
389,Felipe,Phorsby,fphorsbyas@yandex.ru,Male,$439633.23,692855547,CC
390,Chevy,Beert,cbeertat@pagesperso-orange.fr,Male,$199683.56,509980579,CC
391,Hymie,Darrel,hdarrelau@wisc.edu,Male,$501342.91,289096577,IT
392,Merwin,McHugh,mmchughav@dell.com,Male,$418155.26,880622286,PP
393,Bronnie,Teasdale-Markie,bteasdalemarkieaw@gizmodo.com,Male,$873576.75,452021958,PP
394,Miguel,Reedyhough,mreedyhoughax@wiley.com,Male,$707888.54,810529069,PP
395,Diandra,Clewer,dcleweray@myspace.com,Female,$751763.69,595597756,CC
396,Millisent,Chaperlin,mchaperlinaz@timesonline.co.uk,Female,$839841.25,966559607,IT
397,Edsel,Grennan,egrennanb0@icio.us,Male,$429846.03,646431157,PP
398,Darrick,Randals,drandalsb1@canalblog.com,Male,$291785.13,643202165,PP
399,Granny,Hubatsch,ghubatschb2@arstechnica.com,Male,$489377.13,315834247,IT
400,Beaufort,Songer,bsongerb3@studiopress.com,Male,$140470.94,991825582,CC
401,Costanza,Kullmann,ckullmannb4@go.com,Female,$924425.47,847786796,IT
402,Lotty,Honatsch,lhonatschb5@meetup.com,Female,$126990.28,212635907,IT
403,Adelice,Schofield,aschofieldb6@msn.com,Female,$298052.48,693953899,PP
404,Shae,Loomis,sloomisb7@reverbnation.com,Male,$679801.58,406769771,IT
405,Priscilla,Beauvais,pbeauvaisb8@bigcartel.com,Female,$887682.29,926313067,IT
406,Pattie,Whitefoot,pwhitefootb9@apache.org,Male,$879156.51,870126265,IT
407,Ebonee,Pretty,eprettyba@tinyurl.com,Female,$507496.26,932392875,IT
408,Janeva,Mayne,jmaynebb@friendfeed.com,Female,$667286.48,341015007,PP
409,Lita,Wightman,lwightmanbc@baidu.com,Female,$556958.36,241824720,CC
410,Lorine,Dumphries,ldumphriesbd@amazonaws.com,Female,$725067.88,111194728,CC
411,Talia,Cutill,tcutillbe@sogou.com,Female,$155675.27,25927476,PP
412,Maximilien,Davet,mdavetbf@wordpress.org,Male,$188253.89,492646151,PP
413,Sibeal,Liff,sliffbg@cocolog-nifty.com,Female,$160529.54,95434683,PP
414,Humfrid,Pippin,hpippinbh@godaddy.com,Male,$227288.73,81288646,PP
415,Nefen,Chomley,nchomleybi@washingtonpost.com,Male,$872364.82,527009564,IT
416,Frannie,Bummfrey,fbummfreybj@friendfeed.com,Male,$839988.12,768890461,PP
417,Llewellyn,Attfield,lattfieldbk@meetup.com,Male,$639786.07,633779692,IT
418,Adela,Adolthine,aadolthinebl@nyu.edu,Female,$246580.28,332894555,CC
419,Mikol,Cahn,mcahnbm@foxnews.com,Male,$538129.38,503445061,PP
420,Verla,Schubbert,vschubbertbn@weibo.com,Female,$982633.92,419178588,IT
421,Dot,Soonhouse,dsoonhousebo@boston.com,Female,$192718.70,302185124,CC
422,Renaldo,Canceller,rcancellerbp@illinois.edu,Male,$127947.22,922855096,CC
423,Mariette,Dwyr,mdwyrbq@va.gov,Female,$672854.03,679949501,PP
424,Rodney,Gircke,rgirckebr@soup.io,Male,$602247.10,782423549,PP
425,Briny,Plain,bplainbs@gov.uk,Female,$760822.64,457626069,CC
426,Raffaello,Duffer,rdufferbt@yahoo.com,Male,$258531.34,1045443336,PP
427,Ogdon,Malins,omalinsbu@imgur.com,Male,$987189.57,740222327,CC
428,Leonid,Stirrup,lstirrupbv@yellowpages.com,Male,$369503.14,914472591,IT
429,Dell,Polamontayne,dpolamontaynebw@theguardian.com,Male,$140233.26,450827639,IT
430,Linn,Larrett,llarrettbx@wikipedia.org,Female,$636542.27,522253689,CC
431,Pyotr,Ghiron,pghironby@multiply.com,Male,$849948.75,937866709,IT
432,Abdul,Scoggins,ascogginsbz@princeton.edu,Male,$821885.51,105447408,IT
433,Tanitansy,Laye,tlayec0@pbs.org,Female,$122824.56,913927610,PP
434,Michal,Jasper,mjasperc1@zimbio.com,Female,$541757.66,352412378,CC
435,Gasper,McMychem,gmcmychemc2@booking.com,Male,$516591.45,868320919,IT
436,Hasty,Biscomb,hbiscombc3@godaddy.com,Male,$489024.35,167580905,CC
437,Gray,Misken,gmiskenc4@ifeng.com,Female,$388784.53,957958590,PP
438,Cosette,Bortolutti,cbortoluttic5@moonfruit.com,Female,$836467.31,617789375,CC
439,Felita,Jerok,fjerokc6@home.pl,Female,$126377.92,307389993,IT
440,Bogey,Gerauld,bgerauldc7@quantcast.com,Male,$286256.39,987364191,CC
441,Ennis,Goldson,egoldsonc8@fda.gov,Male,$820479.70,1031322755,PP
442,Barnaby,Rodd,broddc9@squarespace.com,Male,$509715.02,56864057,CC
443,Aleksandr,Whitechurch,awhitechurchca@netvibes.com,Male,$697497.61,775367907,IT
444,Tera,Chittenden,tchittendencb@businessweek.com,Female,$553467.97,501380051,CC
445,Karissa,McClenaghan,kmcclenaghancc@vimeo.com,Female,$251115.39,208163846,PP
446,Pennie,Toffoloni,ptoffolonicd@bloglovin.com,Male,$941242.61,33641007,CC
447,Gerardo,Janusik,gjanusikce@unicef.org,Male,$565449.66,334726765,PP
448,Bret,Woodcroft,bwoodcroftcf@discuz.net,Male,$874583.46,365202155,CC
449,Nelli,Youles,nyoulescg@mit.edu,Female,$554409.58,884181985,IT
450,Torrin,Swash,tswashch@princeton.edu,Male,$493729.38,329623425,IT
451,Harwilll,Mathiassen,hmathiassenci@discuz.net,Male,$101035.34,210990713,IT
452,Vittoria,Belton,vbeltoncj@columbia.edu,Female,$222208.01,73852797,PP
453,Krissie,Chastelain,kchastelainck@columbia.edu,Female,$790215.00,753997482,CC
454,Guillermo,Moye,gmoyecl@wsj.com,Male,$845680.77,841822232,CC
455,Devonne,Daviot,ddaviotcm@dailymotion.com,Female,$748824.32,937709524,PP
456,Sunny,Cleave,scleavecn@princeton.edu,Male,$195277.32,846379240,IT
457,Federico,Burnel,fburnelco@ehow.com,Male,$430515.55,383659154,CC
458,Hanan,Manneville,hmannevillecp@ask.com,Male,$380574.67,922799006,PP
459,Rochette,Rennels,rrennelscq@princeton.edu,Female,$527132.14,155952739,IT
460,Mikael,Franzelini,mfranzelinicr@redcross.org,Male,$422629.45,567576046,PP
461,Corny,Shivlin,cshivlincs@sourceforge.net,Male,$761358.13,577355033,CC
462,Phelia,Shrubsall,pshrubsallct@hibu.com,Female,$569732.45,341823527,IT
463,Sybil,Antonognoli,santonognolicu@lulu.com,Female,$749274.84,1016641397,IT
464,Antin,Giorgeschi,agiorgeschicv@devhub.com,Male,$910612.01,662625528,IT
465,Findley,Rubinshtein,frubinshteincw@lulu.com,Male,$852452.89,34432901,CC
466,Babs,Steuhlmeyer,bsteuhlmeyercx@addthis.com,Female,$338591.04,265321454,PP
467,Erma,Chadbourne,echadbournecy@icq.com,Female,$573618.03,572744498,CC
468,Ilka,Cokly,icoklycz@nps.gov,Female,$927356.03,558263057,PP
469,Electra,Geroldini,egeroldinid0@auda.org.au,Female,$190322.93,732993627,PP
470,Jonathon,Swanborrow,jswanborrowd1@forbes.com,Male,$212332.46,820428351,IT
471,Celisse,McPhee,cmcpheed2@scientificamerican.com,Female,$766715.86,32636291,CC
472,Lawry,Tickle,ltickled3@state.tx.us,Male,$537908.82,840895751,IT
473,Brinn,Gawen,bgawend4@google.com.hk,Female,$945299.00,23026861,PP
474,Mac,Nannizzi,mnannizzid5@plala.or.jp,Male,$172362.50,191763195,IT
475,Antonino,Cromett,acromettd6@prlog.org,Male,$923973.44,1013600872,PP
476,Von,MacGinney,vmacginneyd7@chicagotribune.com,Male,$621306.25,175376608,PP
477,Roman,Kerley,rkerleyd8@amazon.co.uk,Male,$644071.02,697457649,PP
478,Osmund,Nesfield,onesfieldd9@timesonline.co.uk,Male,$659461.51,798319515,IT
479,Britt,Clementet,bclementetda@umich.edu,Male,$459424.02,649092453,CC
480,Allie,Davidovics,adavidovicsdb@bing.com,Female,$209145.58,649113675,IT
481,Pace,Drake,pdrakedc@i2i.jp,Male,$616254.74,553855567,IT
482,Murvyn,Adamek,madamekdd@marketwatch.com,Male,$830968.59,187456434,CC
483,Prue,Tippell,ptippellde@unc.edu,Female,$868587.97,857562145,CC
484,Mamie,Adne,madnedf@google.co.jp,Female,$392127.32,238366668,CC
485,Jasun,Lehrian,jlehriandg@blog.com,Male,$761442.76,1005459407,CC
486,Shoshana,Beardwell,sbeardwelldh@moonfruit.com,Female,$995759.38,672786324,IT
487,Nady,Kelston,nkelstondi@photobucket.com,Female,$249877.16,503471963,IT
488,Matthaeus,MacDunleavy,mmacdunleavydj@loc.gov,Male,$808189.87,52893451,IT
489,Yorker,Lochran,ylochrandk@mashable.com,Male,$434860.54,1004000944,PP
490,Kinsley,Heffernon,kheffernondl@google.it,Male,$684514.75,744336975,IT
491,Margeaux,Nice,mnicedm@nhs.uk,Female,$525414.62,414464161,CC
492,Myron,Reims,mreimsdn@sphinn.com,Male,$333360.45,284281506,CC
493,Rutherford,Maleney,rmaleneydo@loc.gov,Male,$789812.94,1044061430,IT
494,Ricardo,Barehead,rbareheaddp@sitemeter.com,Male,$344645.94,78677920,CC
495,Leonore,Krikorian,lkrikoriandq@oaic.gov.au,Female,$709325.60,490398588,IT
496,Free,Sherrocks,fsherrocksdr@icq.com,Male,$331230.21,272136846,IT
497,Heath,Colthard,hcolthardds@myspace.com,Female,$101861.54,893802078,CC
498,Yovonnda,Elfitt,yelfittdt@dropbox.com,Female,$313441.39,41864631,CC
499,Patrice,Gartan,pgartandu@sun.com,Female,$520930.67,820461350,CC
500,Boonie,Mongeot,bmongeotdv@icio.us,Male,$457351.65,346212340,CC
501,Siward,Bier,sbierdw@newsvine.com,Male,$475762.22,502649936,IT
502,Berny,Maughan,bmaughandx@posterous.com,Male,$427208.75,320069547,PP
503,Wallache,Kollaschek,wkollaschekdy@sphinn.com,Male,$173714.47,714729797,PP
504,Codi,Rastrick,crastrickdz@sakura.ne.jp,Female,$613220.62,210557512,CC
505,Calli,Parmenter,cparmentere0@usnews.com,Female,$651114.37,549985553,PP
506,Haven,Qusklay,hqusklaye1@ifeng.com,Male,$112634.44,474048788,CC
507,Arlana,Sallier,asalliere2@archive.org,Female,$887082.38,231910498,PP
508,Gerri,Baughn,gbaughne3@weibo.com,Female,$451479.13,491055349,PP
509,Ric,Lyttle,rlyttlee4@unicef.org,Male,$283041.72,722221229,IT
510,Jakob,Doerling,jdoerlinge5@soup.io,Male,$903176.47,961066937,IT
511,Rolland,Ravillas,rravillase6@whitehouse.gov,Male,$176324.64,261788451,CC
512,Arabela,Pelman,apelmane7@ucla.edu,Female,$172454.68,597579367,PP
513,Flss,Coarser,fcoarsere8@furl.net,Female,$994722.30,257508897,PP
514,Kial,Mordue,kmorduee9@netvibes.com,Female,$328447.47,56232682,CC
515,Abby,Gammage,agammageea@cafepress.com,Female,$715206.35,22383635,CC
516,Tillie,Mackieson,tmackiesoneb@oakley.com,Female,$324700.73,839587659,IT
517,Galvin,Plumb,gplumbec@statcounter.com,Male,$513393.16,825500603,PP
518,Kerrin,Cockrell,kcockrelled@mail.ru,Female,$116479.52,837956948,IT
519,Amii,Janz,ajanzee@canalblog.com,Female,$403675.23,229609401,IT
520,Dudley,Ferrai,dferraief@psu.edu,Male,$998421.03,675445006,CC
521,Sherlocke,Carmen,scarmeneg@geocities.jp,Male,$649467.43,975304048,IT
522,Jarrid,Seagar,jseagareh@livejournal.com,Male,$170974.49,267431560,IT
523,Sloan,Elstub,selstubei@php.net,Male,$977715.20,801491389,PP
524,Davis,Caitlin,dcaitlinej@cnbc.com,Male,$849109.09,359602183,CC
525,Park,Jenman,pjenmanek@privacy.gov.au,Male,$330828.99,691823406,IT
526,Sherwin,McCurtain,smccurtainel@hibu.com,Male,$845655.10,158422475,IT
527,Gilberto,Kinchington,gkinchingtonem@live.com,Male,$755329.09,19795191,CC
528,Rawley,Franz-Schoninger,rfranzschoningeren@intel.com,Male,$975294.86,856315955,CC
529,Halsy,Haversum,hhaversumeo@seesaa.net,Male,$464579.40,174941130,PP
530,Zandra,Breckin,zbreckinep@gizmodo.com,Female,$287590.20,891000757,IT
531,Valma,Mumm,vmummeq@pcworld.com,Female,$527209.27,421005467,PP
532,Minny,O' Culligan,moculliganer@plala.or.jp,Female,$829547.13,896320262,PP
533,Peta,Maytum,pmaytumes@walmart.com,Female,$106556.33,424643070,IT
534,Korella,Heyburn,kheyburnet@marriott.com,Female,$158767.12,914863731,IT
535,Morgen,Woodhams,mwoodhamseu@wikispaces.com,Male,$583968.44,539149667,IT
536,Talya,Vina,tvinaev@jimdo.com,Female,$590788.32,980766546,CC
537,Jacquelyn,Trevarthen,jtrevarthenew@gov.uk,Female,$352452.89,70451798,CC
538,Howie,Edward,hedwardex@bloglines.com,Male,$961854.47,177628612,CC
539,Briggs,Kynoch,bkynochey@jigsy.com,Male,$360621.61,618750793,PP
540,Cris,Harrower,charrowerez@vk.com,Male,$845832.32,892987301,CC
541,Sherm,Lewcock,slewcockf0@ucoz.com,Male,$362207.82,889599358,IT
542,Hildegarde,McWaters,hmcwatersf1@usa.gov,Female,$378675.61,202720518,CC
543,Melodie,Lumox,mlumoxf2@google.com,Female,$187344.19,476000425,PP
544,Berkie,Tooley,btooleyf3@godaddy.com,Male,$969149.59,391326853,PP
545,Elsworth,Doge,edogef4@nhs.uk,Male,$104835.10,1023037846,CC
546,Mohandis,Ivashnikov,mivashnikovf5@jimdo.com,Male,$273893.48,164005923,PP
547,Nisse,Insull,ninsullf6@is.gd,Female,$268405.19,856689190,PP
548,Torie,Stiller,tstillerf7@rambler.ru,Female,$670864.18,456871691,IT
549,Joletta,Leggatt,jleggattf8@xrea.com,Female,$430191.26,640548498,PP
550,Libbie,Van Der Weedenburg,lvanderweedenburgf9@mediafire.com,Female,$550922.76,69351858,CC
551,Rene,Desforges,rdesforgesfa@google.com,Male,$687413.69,995249393,PP
552,Morton,Cleverly,mcleverlyfb@fastcompany.com,Male,$118260.47,823520300,PP
553,Sheelagh,Dwelly,sdwellyfc@spiegel.de,Female,$532875.73,164797531,IT
554,Harlene,Crocker,hcrockerfd@drupal.org,Female,$113250.40,392489095,CC
555,Ryon,Ollie,rolliefe@de.vu,Male,$465862.08,834383256,PP
556,Vivi,Soutar,vsoutarff@mlb.com,Female,$472357.04,505957169,IT
557,Bonny,Brayfield,bbrayfieldfg@booking.com,Female,$233947.83,793419769,PP
558,Marcelo,Cleft,mcleftfh@joomla.org,Male,$435634.66,255896367,PP
559,Lanita,Westmacott,lwestmacottfi@noaa.gov,Female,$281332.98,634825511,CC
560,Saunderson,Connal,sconnalfj@hao123.com,Male,$699205.52,884450575,PP
561,Auberta,Redfield,aredfieldfk@archive.org,Female,$537994.78,5956859,PP
562,Stacia,Feilden,sfeildenfl@mysql.com,Female,$989621.43,720795756,IT
563,Thalia,Halewood,thalewoodfm@plala.or.jp,Female,$167740.10,977528144,CC
564,Vidovik,Troth,vtrothfn@google.com,Male,$265747.20,489674726,PP
565,Saul,Byrkmyr,sbyrkmyrfo@plala.or.jp,Male,$360675.22,913127645,CC
566,Gualterio,Glashby,gglashbyfp@ibm.com,Male,$768699.58,510949510,CC
567,Sid,Sidary,ssidaryfq@bigcartel.com,Male,$781666.30,312675519,CC
568,Eustacia,Salthouse,esalthousefr@sitemeter.com,Female,$480500.54,925937211,IT
569,Mureil,McKeaveney,mmckeaveneyfs@g.co,Female,$715789.92,918104156,CC
570,Elfie,Bakster,ebaksterft@woothemes.com,Female,$667293.33,145637798,IT
571,Meridel,Braidman,mbraidmanfu@hibu.com,Female,$252896.13,256983682,PP
572,Juanita,Wraight,jwraightfv@illinois.edu,Female,$516542.38,505653016,CC
573,Minda,de Clercq,mdeclercqfw@symantec.com,Female,$632180.41,528438582,PP
574,Camella,Crowder,ccrowderfx@t.co,Female,$682524.35,331513404,PP
575,Damiano,Rigge,driggefy@loc.gov,Male,$316467.98,565153492,IT
576,Berti,Blaydes,bblaydesfz@dion.ne.jp,Male,$466365.02,28728265,CC
577,Isidore,Aguirrezabal,iaguirrezabalg0@last.fm,Male,$438944.24,356079432,PP
578,Corabelle,Sanson,csansong1@mail.ru,Female,$484911.76,216105536,IT
579,Nicholas,Cobbing,ncobbingg2@cdbaby.com,Male,$266405.03,417940577,PP
580,Sarge,Eadington,seadingtong3@bigcartel.com,Male,$446177.00,760231071,PP
581,Regan,Amberger,rambergerg4@house.gov,Male,$915498.48,449803743,CC
582,Oby,Erley,oerleyg5@yandex.ru,Male,$607375.09,54483707,PP
583,Aurlie,Becraft,abecraftg6@yolasite.com,Female,$806682.31,428069664,PP
584,Tana,Carass,tcarassg7@geocities.jp,Female,$267647.75,1018987216,CC
585,Gabbi,Leys,gleysg8@goo.gl,Female,$860243.91,259549514,IT
586,Rodger,Weinham,rweinhamg9@zimbio.com,Male,$351373.45,804060374,CC
587,Shea,McClaughlin,smcclaughlinga@dion.ne.jp,Male,$846805.51,140959959,CC
588,Gauthier,Dommersen,gdommersengb@vkontakte.ru,Male,$656527.93,459880556,CC
589,Zelig,Cassey,zcasseygc@weather.com,Male,$536279.44,400027865,PP
590,Demetra,Dunkerk,ddunkerkgd@usa.gov,Female,$227352.44,815423880,CC
591,Daune,Wilber,dwilberge@hostgator.com,Female,$380276.71,238422963,PP
592,Wilona,Hellens,whellensgf@utexas.edu,Female,$199065.14,263258068,IT
593,Adam,Spruce,asprucegg@china.com.cn,Male,$956079.15,851014887,CC
594,Heywood,Swane,hswanegh@scientificamerican.com,Male,$959188.88,949292391,IT
595,Caitrin,Nana,cnanagi@shareasale.com,Female,$987416.96,983343728,CC
596,Milli,McNelly,mmcnellygj@blog.com,Female,$418477.40,951562006,PP
597,Alecia,Mussared,amussaredgk@scientificamerican.com,Female,$255196.61,309134601,CC
598,Harli,Berriball,hberriballgl@printfriendly.com,Female,$789078.99,257753152,PP
599,Debra,Churchyard,dchurchyardgm@bloglines.com,Female,$552243.75,16274699,CC
600,Rriocard,Castanyer,rcastanyergn@auda.org.au,Male,$199242.97,258499117,PP
601,Cicily,Hellard,chellardgo@stumbleupon.com,Female,$760023.40,980163449,CC
602,Tye,Woodford,twoodfordgp@princeton.edu,Male,$909161.20,570465494,CC
603,Korie,Samsworth,ksamsworthgq@shutterfly.com,Female,$839762.11,143835833,IT
604,Jo-anne,Scading,jscadinggr@vistaprint.com,Female,$727329.51,391552518,IT
605,Dionis,Flegg,dflegggs@google.co.jp,Female,$793459.57,311987679,IT
606,Paddy,Bonnefin,pbonnefingt@mashable.com,Male,$109347.85,571187001,PP
607,Douglass,Leddie,dleddiegu@163.com,Male,$644796.97,73847310,CC
608,Corliss,Frewer,cfrewergv@google.co.jp,Female,$207190.65,758585904,PP
609,Sybyl,Vynall,svynallgw@canalblog.com,Female,$308693.91,680190219,IT
610,Maddalena,Frankcomb,mfrankcombgx@pen.io,Female,$486603.22,655388401,CC
611,Leesa,Iohananof,liohananofgy@sphinn.com,Female,$661463.71,215212182,IT
612,Eduard,McCarroll,emccarrollgz@nbcnews.com,Male,$604584.35,174678812,CC
613,Rupert,Befroy,rbefroyh0@answers.com,Male,$341642.92,454278882,CC
614,Margeaux,Birdsall,mbirdsallh1@mediafire.com,Female,$496707.79,114463239,CC
615,Natassia,Moline,nmolineh2@youtu.be,Female,$113057.28,604681234,CC
616,Bronson,Jephson,bjephsonh3@themeforest.net,Male,$910975.02,471703201,IT
617,Silvana,Gooderridge,sgooderridgeh4@tripadvisor.com,Female,$158539.66,100001839,IT
618,Zsa zsa,Tassell,ztassellh5@angelfire.com,Female,$221905.14,8282330,PP
619,Cassie,Giovanazzi,cgiovanazzih6@360.cn,Female,$872835.29,644625270,PP
620,Orlan,Yakebovich,oyakebovichh7@twitter.com,Male,$287586.98,425868615,IT
621,Averill,Scotland,ascotlandh8@eventbrite.com,Male,$451296.29,500298968,CC
622,Jeniffer,Temple,jtempleh9@tamu.edu,Female,$482659.70,973826026,CC
623,See,Gascone,sgasconeha@ovh.net,Male,$848571.48,943845219,CC
624,April,Chapple,achapplehb@epa.gov,Female,$253740.98,995022065,PP
625,Fernanda,Dillet,fdillethc@lulu.com,Female,$849033.88,440595386,PP
626,Gilberte,Finnemore,gfinnemorehd@smh.com.au,Female,$581247.23,878684565,IT
627,Cosimo,Lofts,cloftshe@twitpic.com,Male,$464077.88,455536478,PP
628,Burch,Thibodeaux,bthibodeauxhf@google.co.uk,Male,$122283.70,980056470,CC
629,Claudianus,Belding,cbeldinghg@uiuc.edu,Male,$148018.88,1048032049,CC
630,Kristyn,Gittens,kgittenshh@mozilla.com,Female,$816570.35,752111114,CC
631,Ailene,Bettlestone,abettlestonehi@bravesites.com,Female,$124062.55,320209828,IT
632,Robby,O'Sesnane,rosesnanehj@last.fm,Male,$381841.38,871171172,PP
633,Valry,Qualtro,vqualtrohk@sogou.com,Female,$367973.92,162075217,IT
634,Kiersten,Nulty,knultyhl@stanford.edu,Female,$660275.09,130935579,IT
635,Aeriela,Dofty,adoftyhm@theatlantic.com,Female,$611798.42,982739514,IT
636,Adela,Heathcoat,aheathcoathn@cnn.com,Female,$752270.95,718392385,IT
637,Rochester,Duiguid,rduiguidho@narod.ru,Male,$208506.76,74323577,IT
638,Cissy,Marnes,cmarneshp@unicef.org,Female,$625738.91,489004867,CC
639,Freddie,O'Dwyer,fodwyerhq@alexa.com,Male,$585729.02,49911112,IT
640,Dewain,Miranda,dmirandahr@mapy.cz,Male,$723770.80,371145049,PP
641,Ros,O' Donohoe,rodonohoehs@hubpages.com,Female,$114055.39,958977578,IT
642,Lon,Trappe,ltrappeht@wp.com,Male,$841642.72,743303676,IT
643,Fan,Crawley,fcrawleyhu@nsw.gov.au,Female,$974125.86,90376760,IT
644,Brandyn,Upfold,bupfoldhv@bloglovin.com,Male,$158108.50,419547292,PP
645,Aymer,Rosevear,arosevearhw@ustream.tv,Male,$470676.92,153524433,CC
646,Obadiah,McKaile,omckailehx@mediafire.com,Male,$498855.04,411176648,IT
647,Renell,Pumphreys,rpumphreyshy@cornell.edu,Female,$562239.28,725942303,PP
648,Dottie,Mulligan,dmulliganhz@elegantthemes.com,Female,$404880.81,847873845,CC
649,Olva,Burtenshaw,oburtenshawi0@smh.com.au,Female,$455073.14,971270679,IT
650,Alvie,Giovanni,agiovannii1@scientificamerican.com,Male,$259153.06,509217133,PP
651,Bernarr,Piesing,bpiesingi2@dot.gov,Male,$844121.96,166084210,PP
652,Johnna,Grossier,jgrossieri3@buzzfeed.com,Female,$167850.31,882690750,IT
653,Dari,Bowlas,dbowlasi4@redcross.org,Female,$172910.50,293780883,CC
654,Chaunce,Fletcher,cfletcheri5@unblog.fr,Male,$667870.44,133130706,CC
655,Alejoa,Moehle,amoehlei6@naver.com,Male,$417614.25,979999245,PP
656,Byrann,Conechie,bconechiei7@artisteer.com,Male,$374924.23,573392881,PP
657,Kathye,Vandrill,kvandrilli8@privacy.gov.au,Female,$481484.08,599266429,PP
658,Vidovic,Tremontana,vtremontanai9@webnode.com,Male,$279723.25,476509177,PP
659,Bearnard,Geggus,bgeggusia@skype.com,Male,$799888.38,563013548,CC
660,Cammy,Louw,clouwib@quantcast.com,Female,$568712.78,499156771,PP
661,Sherline,Folli,sfolliic@ft.com,Female,$284586.51,530933433,CC
662,Mitzi,Kubec,mkubecid@cnbc.com,Female,$792279.36,395696857,CC
663,Stefanie,Fauguel,sfauguelie@instagram.com,Female,$491087.35,453578030,PP
664,Almeda,Wincom,awincomif@qq.com,Female,$661592.55,107586235,CC
665,Kimble,Willimont,kwillimontig@disqus.com,Male,$437479.69,26219397,PP
666,Cyrill,Cersey,ccerseyih@ca.gov,Male,$415014.81,387491632,IT
667,Mateo,Eul,meulii@cloudflare.com,Male,$774827.08,292115953,CC
668,Cyndie,Hyams,chyamsij@mediafire.com,Female,$223839.50,982055767,IT
669,Clemmy,Potell,cpotellik@drupal.org,Male,$845112.37,125027982,CC
670,Ruthie,Spillane,rspillaneil@clickbank.net,Female,$954370.53,1008986882,CC
671,Vilma,McCord,vmccordim@patch.com,Female,$706118.91,717825841,CC
672,Dallon,Rayhill,drayhillin@comsenz.com,Male,$925832.88,461533521,PP
673,Othelia,Portress,oportressio@toplist.cz,Female,$329921.49,297792315,CC
674,Dix,Signoret,dsignoretip@usatoday.com,Female,$690596.31,124197727,PP
675,Derry,O'Currine,docurrineiq@ibm.com,Male,$338069.30,700510230,PP
676,Ebba,Polson,epolsonir@upenn.edu,Female,$493862.74,157302940,CC
677,Kellen,Highway,khighwayis@goo.ne.jp,Female,$740499.36,827078454,CC
678,Morgen,Cahey,mcaheyit@wikia.com,Male,$513021.01,25583644,IT
679,Joseph,Fenners,jfennersiu@webeden.co.uk,Male,$758447.55,720660678,IT
680,Putnem,Kenningley,pkenningleyiv@indiatimes.com,Male,$897146.10,378127371,CC
681,Barbra,Douche,bdoucheiw@arstechnica.com,Female,$186023.92,235535997,PP
682,Octavius,M'Quhan,omquhanix@businessinsider.com,Male,$836484.91,888465042,IT
683,Chev,Harman,charmaniy@examiner.com,Male,$593323.58,62735822,PP
684,Alphard,Stirtle,astirtleiz@istockphoto.com,Male,$607717.79,343756661,PP
685,Lynda,Thormwell,lthormwellj0@imdb.com,Female,$943529.39,1023469794,CC
686,Consuela,Miskimmon,cmiskimmonj1@studiopress.com,Female,$949481.97,504919067,CC
687,Hubey,Rubroe,hrubroej2@theglobeandmail.com,Male,$603433.55,793345975,PP
688,Barnett,Valois,bvaloisj3@marriott.com,Male,$463510.42,935126907,IT
689,Corey,Kobes,ckobesj4@xrea.com,Male,$971407.66,344848504,PP
690,Ahmed,O'Keenan,aokeenanj5@quantcast.com,Male,$586809.13,548312341,IT
691,Gibb,Madge,gmadgej6@dropbox.com,Male,$929735.46,609672396,PP
692,Uri,Henric,uhenricj7@bloomberg.com,Male,$906844.40,487175676,IT
693,Zeb,Leiden,zleidenj8@comsenz.com,Male,$331437.50,905477090,CC
694,Teodoro,Loughnan,tloughnanj9@acquirethisname.com,Male,$910750.80,311118879,PP
695,Reeta,Verchambre,rverchambreja@whitehouse.gov,Female,$220033.88,142953589,CC
696,Ragnar,Ivashchenko,rivashchenkojb@amazon.co.uk,Male,$542002.69,360283171,IT
697,Arlyne,Bracey,abraceyjc@bravesites.com,Female,$806823.00,464790098,IT
698,Barnabe,Rance,brancejd@mapy.cz,Male,$805850.52,229534819,PP
699,Ronald,Priel,rprielje@washingtonpost.com,Male,$471513.46,634927151,IT
700,Keven,Withey,kwitheyjf@who.int,Male,$511246.74,138941191,PP
701,Davidde,Petrelli,dpetrellijg@bigcartel.com,Male,$248168.66,701275184,CC
702,Dominique,Bullus,dbullusjh@cornell.edu,Male,$808712.94,540284448,PP
703,Gothart,Norree,gnorreeji@g.co,Male,$947611.33,42841649,IT
704,Deeanne,Brearty,dbreartyjj@dropbox.com,Female,$423020.03,177817725,IT
705,Bethany,Brambell,bbrambelljk@discovery.com,Female,$676603.88,428458149,PP
706,Di,Trevallion,dtrevallionjl@ovh.net,Female,$485346.87,996389412,CC
707,Kaile,Simmonite,ksimmonitejm@biglobe.ne.jp,Female,$635211.04,955370518,CC
708,Basile,Vibert,bvibertjn@bbc.co.uk,Male,$572002.85,811022599,CC
709,Cosimo,Gratrex,cgratrexjo@fda.gov,Male,$135612.23,511235070,IT
710,Stephie,Peyton,speytonjp@apple.com,Female,$526673.19,637807096,IT
711,Sergio,Chafer,schaferjq@timesonline.co.uk,Male,$285312.06,392795413,IT
712,Rosaline,Culligan,rculliganjr@google.com.hk,Female,$955844.21,851559368,PP
713,Odetta,Openshaw,oopenshawjs@hexun.com,Female,$900179.55,751514600,IT
714,Granville,Blackburne,gblackburnejt@uiuc.edu,Male,$896572.09,867794865,CC
715,Caesar,Reeks,creeksju@weibo.com,Male,$727062.52,123067232,IT
716,Monroe,Coward,mcowardjv@g.co,Male,$963970.12,127141066,IT
717,Linnet,Leneve,llenevejw@statcounter.com,Female,$647881.29,286468732,PP
718,Sonnnie,Napolione,snapolionejx@printfriendly.com,Female,$897540.73,78426078,CC
719,Bryn,O'Farris,bofarrisjy@comcast.net,Male,$720342.51,752949987,CC
720,Evered,Rodgers,erodgersjz@github.com,Male,$844397.29,415655887,CC
721,Virgil,Patrick,vpatrickk0@sphinn.com,Male,$631254.17,873109423,PP
722,Lek,Bohje,lbohjek1@state.tx.us,Male,$315696.74,388530480,PP
723,Yorker,Lurner,ylurnerk2@scribd.com,Male,$224715.82,392395970,CC
724,Lexie,Congdon,lcongdonk3@yelp.com,Female,$424190.52,28649498,IT
725,Nicolle,Rao,nraok4@addtoany.com,Female,$253853.21,848233027,PP
726,Sanford,Gaskin,sgaskink5@columbia.edu,Male,$914651.00,1019599577,IT
727,Trefor,Kitchener,tkitchenerk6@noaa.gov,Male,$240581.15,110650910,CC
728,Merwyn,Vallens,mvallensk7@miitbeian.gov.cn,Male,$187806.09,430941626,CC
729,Simmonds,Eppson,seppsonk8@shareasale.com,Male,$161418.82,218984787,CC
730,Milty,Jefford,mjeffordk9@noaa.gov,Male,$271737.92,741972604,IT
731,Giusto,Beaty,gbeatyka@deliciousdays.com,Male,$455546.96,212166965,CC
732,Rene,Bocking,rbockingkb@sogou.com,Female,$767970.35,151946959,PP
733,Cad,Ayerst,cayerstkc@reddit.com,Male,$173775.35,634139343,PP
734,Harriot,Nanetti,hnanettikd@dagondesign.com,Female,$462709.25,630786705,PP
735,Morley,Yewdell,myewdellke@bizjournals.com,Male,$490862.83,343482481,CC
736,Nappie,Grimsdyke,ngrimsdykekf@plala.or.jp,Male,$636713.45,719483385,PP
737,Aridatha,Betz,abetzkg@g.co,Female,$529748.47,463517695,CC
738,Elsi,Elgy,eelgykh@narod.ru,Female,$304520.36,53090537,PP
739,Luce,Carlin,lcarlinki@usnews.com,Male,$891313.76,496062470,IT
740,Shellysheldon,Danilovic,sdanilovickj@delicious.com,Male,$369785.08,692399877,CC
741,Clemens,Bouldon,cbouldonkk@squidoo.com,Male,$867802.75,1017269488,IT
742,Konstantin,Harborow,kharborowkl@cocolog-nifty.com,Male,$707889.27,755826891,CC
743,Reinwald,Denney,rdenneykm@slate.com,Male,$148746.20,738389576,CC
744,Vinnie,Seldon,vseldonkn@ucoz.ru,Male,$709492.81,900054721,PP
745,Norri,Sarch,nsarchko@trellian.com,Female,$947983.01,190732246,PP
746,Samuel,Strickler,sstricklerkp@bizjournals.com,Male,$940363.70,823484668,IT
747,Corbet,Bastin,cbastinkq@state.gov,Male,$196455.09,428936954,CC
748,Mathias,Chippindale,mchippindalekr@google.ru,Male,$262040.31,24871656,PP
749,Lorianna,Hairsine,lhairsineks@wikimedia.org,Female,$926026.27,308707654,PP
750,Frederic,Bere,fberekt@go.com,Male,$783498.63,609237283,IT
751,Becca,Cutchie,bcutchieku@twitpic.com,Female,$500700.08,699474002,CC
752,Arden,Cluley,acluleykv@plala.or.jp,Female,$415358.11,13466223,CC
753,Cristie,Kaine,ckainekw@cornell.edu,Female,$246843.28,691152879,IT
754,Mano,Curteis,mcurteiskx@myspace.com,Male,$856425.96,51452930,IT
755,Nye,Smidmoor,nsmidmoorky@bloglovin.com,Male,$468010.60,410214229,IT
756,Thurston,Kleinbaum,tkleinbaumkz@fda.gov,Male,$962413.85,139577685,CC
757,Vernen,Horsey,vhorseyl0@quantcast.com,Male,$894469.41,352353631,PP
758,Harcourt,Penn,hpennl1@moonfruit.com,Male,$281683.01,967623976,CC
759,Barry,Flipek,bflipekl2@qq.com,Female,$526929.38,197774608,PP
760,Alistair,Muscroft,amuscroftl3@soundcloud.com,Male,$517481.17,917310339,PP
761,Caryn,Gabbidon,cgabbidonl4@wordpress.org,Female,$116522.44,117911669,CC
762,Valdemar,Blockey,vblockeyl5@fotki.com,Male,$499393.29,495106929,PP
763,Emelia,Bostock,ebostockl6@bloomberg.com,Female,$548078.61,87459081,IT
764,Oswald,Renfrew,orenfrewl7@php.net,Male,$250050.41,483132180,IT
765,Seline,Habershaw,shabershawl8@bigcartel.com,Female,$611459.72,352809060,CC
766,Tymothy,Gilchrest,tgilchrestl9@epa.gov,Male,$784276.84,55160868,PP
767,Billi,Montague,bmontaguela@php.net,Female,$592605.40,500123770,IT
768,Findlay,Clapperton,fclappertonlb@deviantart.com,Male,$578877.00,900580995,PP
769,Idelle,Boobyer,iboobyerlc@google.ru,Female,$237373.86,778840094,PP
770,Leelah,Paggitt,lpaggittld@slideshare.net,Female,$156126.08,944934934,CC
771,Alasteir,Bewly,abewlyle@statcounter.com,Male,$808186.73,305852994,IT
772,Curran,Dilon,cdilonlf@taobao.com,Male,$221909.58,537799109,IT
773,Ardyce,Scotfurth,ascotfurthlg@ehow.com,Female,$432972.44,271408829,PP
774,Francis,Pettman,fpettmanlh@hostgator.com,Male,$576390.70,920921486,CC
775,Dyanne,Benech,dbenechli@plala.or.jp,Female,$767405.76,751711550,IT
776,Krystyna,Pim,kpimlj@pcworld.com,Female,$810211.85,337051803,CC
777,Sandro,Saunder,ssaunderlk@craigslist.org,Male,$197650.49,728993755,CC
778,Nev,Wannes,nwannesll@ow.ly,Male,$266884.61,870778488,CC
779,Lotti,Legonidec,llegonideclm@slate.com,Female,$348793.05,648132063,PP
780,Jacquie,Petrolli,jpetrolliln@bravesites.com,Female,$557420.20,312175214,IT
781,Zsazsa,Laidler,zlaidlerlo@ft.com,Female,$486858.30,234941936,CC
782,Sergio,Stuehmeier,sstuehmeierlp@rediff.com,Male,$632142.89,861053769,CC
783,Elmo,Teggin,etegginlq@nhs.uk,Male,$541730.03,820625437,PP
784,Thaddus,Flatte,tflattelr@google.cn,Male,$918656.85,588836744,IT
785,Fae,Boundy,fboundyls@huffingtonpost.com,Female,$202587.82,719262962,IT
786,Eleen,Richardon,erichardonlt@tiny.cc,Female,$238791.61,908917640,PP
787,Mal,Mc Menamin,mmcmenaminlu@cnn.com,Male,$324520.26,279275477,PP
788,Ingemar,Blaszczyk,iblaszczyklv@msn.com,Male,$125122.44,129699845,PP
789,Rosamond,Crevy,rcrevylw@comsenz.com,Female,$308456.48,358463583,PP
790,Dexter,Rodder,drodderlx@dmoz.org,Male,$504716.32,809593811,CC
791,Petey,Will,pwillly@networksolutions.com,Male,$840884.99,514919449,PP
792,Mamie,Siddle,msiddlelz@surveymonkey.com,Female,$707914.68,248002592,IT
793,Trumaine,McWilliams,tmcwilliamsm0@paypal.com,Male,$627507.71,485173466,CC
794,Patrizius,Jakubczyk,pjakubczykm1@pagesperso-orange.fr,Male,$473924.29,135397543,CC
795,Shelagh,Cusack,scusackm2@dropbox.com,Female,$553166.07,130085445,CC
796,Yard,Poveleye,ypoveleyem3@spiegel.de,Male,$841049.05,30368505,IT
797,Mitchel,Kitteridge,mkitteridgem4@tmall.com,Male,$145752.12,555548914,PP
798,Celestine,Mitchelmore,cmitchelmorem5@mit.edu,Female,$359093.00,287863092,CC
799,Stanley,Vaar,svaarm6@about.com,Male,$315388.61,824845207,IT
800,Gerri,Ollerenshaw,gollerenshawm7@weibo.com,Female,$672948.06,725756377,IT
801,Calypso,Kneller,cknellerm8@altervista.org,Female,$785743.03,504354506,CC
802,Jordan,Hargroves,jhargrovesm9@twitpic.com,Female,$308570.96,522060271,IT
803,Gavan,Lief,gliefma@phoca.cz,Male,$969765.04,40543949,IT
804,Theo,Ramsbottom,tramsbottommb@lycos.com,Female,$453718.95,130897150,CC
805,Andres,Rayhill,arayhillmc@guardian.co.uk,Male,$910423.00,237205695,CC
806,Laurene,Hughman,lhughmanmd@qq.com,Female,$382014.84,178030276,PP
807,Courtnay,Streatfeild,cstreatfeildme@xrea.com,Female,$155953.78,63806626,IT
808,Reggie,Suarez,rsuarezmf@google.com.au,Female,$379954.16,107369690,IT
809,Gardy,Arlet,garletmg@google.com.br,Male,$361987.00,120207096,CC
810,Ethe,Kyneton,ekynetonmh@admin.ch,Male,$711039.96,48382185,IT
811,Nate,O'Shiel,noshielmi@ed.gov,Male,$424640.14,795321848,PP
812,Rollo,Wrigglesworth,rwrigglesworthmj@about.me,Male,$900645.57,212145616,CC
813,Jasmine,Puckring,jpuckringmk@ycombinator.com,Female,$857907.01,897149201,IT
814,Norene,Keppy,nkeppyml@aol.com,Female,$115394.37,910397411,CC
815,Walton,Eakly,weaklymm@themeforest.net,Male,$355294.20,860493430,CC
816,Araldo,Uvedale,auvedalemn@vinaora.com,Male,$147625.51,441256076,PP
817,Bird,Orrock,borrockmo@unesco.org,Female,$130190.10,141727316,CC
818,Isidore,Hyne,ihynemp@ftc.gov,Male,$808161.10,660486970,IT
819,Teodoor,Volonte,tvolontemq@topsy.com,Male,$485813.05,437488960,PP
820,Hermia,Dudgeon,hdudgeonmr@geocities.jp,Female,$774845.67,920703919,CC
821,Nikita,Mc Menamin,nmcmenaminms@themeforest.net,Male,$213441.44,488030161,IT
822,Winnah,Wile,wwilemt@epa.gov,Female,$903474.05,910316849,CC
823,Kathye,Mongenot,kmongenotmu@ca.gov,Female,$812221.89,997073799,PP
824,Nat,Duchasteau,nduchasteaumv@examiner.com,Male,$525967.59,982080335,PP
825,Demetri,Prosh,dproshmw@feedburner.com,Male,$651169.64,996427938,CC
826,Rae,Brugsma,rbrugsmamx@dropbox.com,Female,$719868.10,400383671,PP
827,Salomone,Faichney,sfaichneymy@senate.gov,Male,$308973.75,825653590,PP
828,Essy,Daffey,edaffeymz@usa.gov,Female,$168755.43,323731955,CC
829,Sophronia,Halsho,shalshon0@walmart.com,Female,$673048.35,124399299,IT
830,Margit,Cupitt,mcupittn1@bizjournals.com,Female,$531967.72,657500302,CC
831,Lauritz,Houlaghan,lhoulaghann2@livejournal.com,Male,$576084.28,99556184,PP
832,Lurlene,Fernely,lfernelyn3@163.com,Female,$708675.34,681227398,PP
833,Tani,Filippucci,tfilippuccin4@jalbum.net,Female,$690674.44,238366740,CC
834,Theda,Varlow,tvarlown5@columbia.edu,Female,$864995.83,158512985,PP
835,Ursala,Benthall,ubenthalln6@privacy.gov.au,Female,$346517.68,655347407,IT
836,Carole,Meachan,cmeachann7@irs.gov,Female,$955709.11,640644940,PP
837,Pammie,Danelutti,pdaneluttin8@soundcloud.com,Female,$592703.63,825869658,PP
838,Daphne,Nairy,dnairyn9@bandcamp.com,Female,$873786.51,132445828,IT
839,Ado,Sharper,asharperna@google.nl,Male,$560241.77,582270164,PP
840,Ram,Nuzzi,rnuzzinb@vkontakte.ru,Male,$847812.25,662403677,IT
841,Layne,Fanthom,lfanthomnc@nydailynews.com,Female,$362722.98,788517449,CC
842,Karney,Strutley,kstrutleynd@epa.gov,Male,$396855.88,391645204,PP
843,Maxy,Payne,mpaynene@imdb.com,Male,$630993.65,882096236,IT
844,Eadie,Scole,escolenf@ed.gov,Female,$974286.93,901011189,PP
845,Rusty,Harral,rharralng@bluehost.com,Male,$235696.09,40782869,IT
846,Verney,Savoury,vsavourynh@umich.edu,Male,$393775.02,284527774,IT
847,Debra,Skuce,dskuceni@hostgator.com,Female,$343852.29,954046466,IT
848,Sondra,Duckels,sduckelsnj@shutterfly.com,Female,$921934.66,695327930,PP
849,Ade,Whewell,awhewellnk@fda.gov,Male,$459591.01,232952670,CC
850,Royce,Volette,rvolettenl@sourceforge.net,Male,$985055.61,319232479,IT
851,Eduino,Bridges,ebridgesnm@de.vu,Male,$839267.76,691334813,PP
852,Gill,Highway,ghighwaynn@sohu.com,Male,$480494.72,790581997,PP
853,Stu,Malicki,smalickino@vkontakte.ru,Male,$984065.49,634481204,CC
854,Clement,Diego,cdiegonp@sun.com,Male,$805543.72,728919651,CC
855,Perceval,Bigham,pbighamnq@skyrock.com,Male,$504592.38,332985564,PP
856,Farlee,Midghall,fmidghallnr@google.fr,Male,$847018.81,251408104,PP
857,Sonya,Lots,slotsns@elpais.com,Female,$308111.64,156384873,PP
858,Stephanus,Renn,srennnt@photobucket.com,Male,$384530.64,745755122,IT
859,Wilhelm,Grubey,wgrubeynu@sakura.ne.jp,Male,$641629.26,981770454,IT
860,Billie,Quare,bquarenv@yelp.com,Female,$841409.76,875050444,CC
861,Weber,Knocker,wknockernw@squidoo.com,Male,$804321.64,824869778,PP
862,Olimpia,Allanson,oallansonnx@europa.eu,Female,$177760.48,1047064945,IT
863,Seymour,Powdrell,spowdrellny@engadget.com,Male,$841563.61,709118023,PP
864,Enrique,Guterson,egutersonnz@flavors.me,Male,$257482.16,56858237,CC
865,Quintana,O'Carrol,qocarrolo0@xinhuanet.com,Female,$415387.87,463755581,PP
866,Madonna,Stallibrass,mstallibrasso1@pcworld.com,Female,$964085.82,1008294886,PP
867,Raymond,Moreland,rmorelando2@gizmodo.com,Male,$305398.24,551734089,CC
868,Viva,Braizier,vbraiziero3@ifeng.com,Female,$926850.44,661445181,IT
869,Antony,Boutellier,aboutelliero4@t.co,Male,$231347.77,749967538,CC
870,Elberta,Ashe,easheo5@princeton.edu,Female,$775007.84,652982444,CC
871,Skippy,Pantry,spantryo6@usnews.com,Male,$118097.65,174965730,IT
872,Uri,Durnall,udurnallo7@arstechnica.com,Male,$766358.30,687907239,IT
873,Sylvia,Boucher,sbouchero8@mlb.com,Female,$367071.17,1021765793,CC
874,Nat,Sandhill,nsandhillo9@accuweather.com,Male,$866600.70,430544196,PP
875,Neysa,Dubble,ndubbleoa@amazon.de,Female,$616881.73,344845738,IT
876,Salaidh,Cocci,scocciob@123-reg.co.uk,Female,$657152.08,693880668,CC
877,Gifford,Kilcullen,gkilcullenoc@xrea.com,Male,$864653.99,394395291,IT
878,Ira,Kilmaster,ikilmasterod@cnet.com,Female,$257337.62,773294178,PP
879,Marion,Portis,mportisoe@sakura.ne.jp,Male,$258369.13,979489674,CC
880,Hyacintha,Pickburn,hpickburnof@icio.us,Female,$900655.84,599551292,CC
881,Teresina,Cosson,tcossonog@digg.com,Female,$666498.45,944231392,CC
882,Sandie,Karlicek,skarlicekoh@fda.gov,Female,$717446.76,341211729,IT
883,Faunie,Kleewein,fkleeweinoi@artisteer.com,Female,$707998.78,90987405,IT
884,Aretha,Lukes,alukesoj@dyndns.org,Female,$394447.92,486437086,IT
885,Flint,Garton,fgartonok@xing.com,Male,$501256.36,604119414,CC
886,Allen,Knowling,aknowlingol@e-recht24.de,Male,$294487.81,536762516,IT
887,Claresta,Costerd,ccosterdom@sfgate.com,Female,$491484.27,737967192,CC
888,Theodor,Gordon-Giles,tgordongileson@nps.gov,Male,$344031.96,460001783,IT
889,Dolli,Pettigrew,dpettigrewoo@shop-pro.jp,Female,$811161.07,153563293,PP
890,Anjela,Rego,aregoop@addthis.com,Female,$504660.43,576780960,IT
891,Yetty,Ofener,yofeneroq@ucoz.com,Female,$483364.37,320250483,CC
892,Zak,Hamments,zhammentsor@amazon.co.uk,Male,$533939.12,861803992,PP
893,Murry,Culvey,mculveyos@earthlink.net,Male,$610384.84,611278019,PP
894,Kellen,Robiot,krobiotot@blogger.com,Male,$229630.74,701197657,PP
895,Svend,Djorvic,sdjorvicou@usgs.gov,Male,$231505.54,13594059,CC
896,Alberto,Harkin,aharkinov@wunderground.com,Male,$532508.49,711447238,CC
897,Stace,Ogelbe,sogelbeow@china.com.cn,Female,$625836.21,868397957,IT
898,Xylina,Coltart,xcoltartox@meetup.com,Female,$875578.51,456928619,CC
899,Bald,Melan,bmelanoy@edublogs.org,Male,$722956.35,599755476,CC
900,Silvain,Ramelet,srameletoz@tumblr.com,Male,$538328.61,619150250,PP
901,Dianemarie,Gomme,dgommep0@hubpages.com,Female,$610995.12,768060945,IT
902,Laryssa,Caller,lcallerp1@ucoz.ru,Female,$750740.53,58017057,IT
903,Cleon,Aslie,casliep2@newsvine.com,Male,$726596.97,491020222,IT
904,Korie,Gilhouley,kgilhouleyp3@cbc.ca,Female,$341197.59,740425772,IT
905,Jackson,Lethieulier,jlethieulierp4@netscape.com,Male,$324921.83,821932427,PP
906,Lyssa,Heffy,lheffyp5@sun.com,Female,$154968.82,52125644,IT
907,Florian,Checo,fchecop6@wired.com,Male,$738506.75,419074613,PP
908,Ferguson,Mulvin,fmulvinp7@163.com,Male,$164728.96,742850112,PP
909,Amble,Goede,agoedep8@networkadvertising.org,Male,$117871.46,776793640,PP
910,Giulietta,Pimm,gpimmp9@digg.com,Female,$476225.04,206437922,PP
911,Wye,Shenfish,wshenfishpa@google.cn,Male,$845033.70,654854146,PP
912,Teddi,Tremberth,ttremberthpb@studiopress.com,Female,$958508.59,369841796,CC
913,Gordy,Dienes,gdienespc@youku.com,Male,$532208.20,848538576,PP
914,Jeremiah,Burrass,jburrasspd@tinypic.com,Male,$136956.39,97179194,CC
915,Myrwyn,Bleasdale,mbleasdalepe@live.com,Male,$118432.93,986031764,CC
916,Thatch,Bowman,tbowmanpf@guardian.co.uk,Male,$788934.67,117878973,IT
917,Romonda,Turtle,rturtlepg@toplist.cz,Female,$897570.35,186923438,PP
918,Katleen,Kubelka,kkubelkaph@odnoklassniki.ru,Female,$959381.82,262187779,CC
919,Hayes,Gerriet,hgerrietpi@microsoft.com,Male,$411952.07,419707575,CC
920,Rip,Jiggle,rjigglepj@domainmarket.com,Male,$910025.73,363167864,IT
921,Zebulen,Grioli,zgriolipk@squidoo.com,Male,$389760.56,213191406,PP
922,Liane,Ewdale,lewdalepl@dyndns.org,Female,$627987.28,842351012,PP
923,Kissee,Rawll,krawllpm@quantcast.com,Female,$358158.99,283093734,PP
924,Levy,Aldersey,lalderseypn@sun.com,Male,$722470.46,152429575,CC
925,Donnie,Ivashintsov,divashintsovpo@deliciousdays.com,Female,$289395.97,953007700,PP
926,Kenny,Reames,kreamespp@home.pl,Male,$745408.48,198045875,PP
927,Avery,Goodridge,agoodridgepq@arizona.edu,Male,$190230.89,559319582,IT
928,Kurt,Coggins,kcogginspr@fastcompany.com,Male,$564877.49,510751297,PP
929,Wynn,Philot,wphilotps@hostgator.com,Male,$654018.02,989428030,CC
930,Vivien,Tidcomb,vtidcombpt@google.de,Female,$190796.61,877533871,PP
931,Berget,Crookall,bcrookallpu@sciencedirect.com,Female,$882645.55,279127511,CC
932,Alano,Tieraney,atieraneypv@virginia.edu,Male,$961803.96,630477751,CC
933,Wrennie,Noice,wnoicepw@reverbnation.com,Female,$329306.07,821010205,IT
934,Gasparo,Jeffreys,gjeffreyspx@apple.com,Male,$329279.66,787659774,CC
935,Allin,Pankethman,apankethmanpy@domainmarket.com,Male,$631697.22,458212973,IT
936,Gail,Chillcot,gchillcotpz@cmu.edu,Male,$305583.37,246624990,PP
937,Laurie,Stallan,lstallanq0@weebly.com,Female,$984505.10,160846621,CC
938,Will,Grono,wgronoq1@miitbeian.gov.cn,Male,$256630.08,689904377,CC
939,Thacher,Bambury,tbamburyq2@usda.gov,Male,$545614.03,383734285,IT
940,Gerick,Arnson,garnsonq3@phpbb.com,Male,$866239.71,978577017,PP
941,Alikee,Meatyard,ameatyardq4@wordpress.com,Female,$538198.33,473659751,IT
942,Anatol,Bussell,abussellq5@bigcartel.com,Male,$332744.73,517421209,CC
943,Hadrian,Redgrave,hredgraveq6@bizjournals.com,Male,$478082.32,371939013,CC
944,Lynda,Tennewell,ltennewellq7@ameblo.jp,Female,$451043.76,866807945,PP
945,Sande,Highman,shighmanq8@hibu.com,Female,$369196.11,651185264,CC
946,Maggee,MacCleay,mmaccleayq9@sbwire.com,Female,$691037.47,950341186,CC
947,Lynne,Murcutt,lmurcuttqa@berkeley.edu,Female,$332776.97,571180998,IT
948,Kathrine,Yesenin,kyeseninqb@cocolog-nifty.com,Female,$234666.11,407183346,CC
949,Derk,Coombes,dcoombesqc@hp.com,Male,$998296.30,402459358,PP
950,Salvidor,Adie,sadieqd@columbia.edu,Male,$739958.77,908516816,CC
951,Tadio,Weekes,tweekesqe@webs.com,Male,$983901.11,1007156682,CC
952,Ronica,Paylie,rpaylieqf@booking.com,Female,$299207.89,176834501,CC
953,Ulrike,Ochiltree,uochiltreeqg@amazon.com,Female,$639218.59,202192808,PP
954,Randolf,Jelks,rjelksqh@nih.gov,Male,$161743.35,260910384,IT
955,Hobie,Midner,hmidnerqi@newyorker.com,Male,$935289.88,211371491,CC
956,Sherry,Philipsson,sphilipssonqj@answers.com,Female,$733890.65,337453026,PP
957,Monte,Walton,mwaltonqk@usnews.com,Male,$457859.71,1029528975,IT
958,Myrtia,Shorie,mshorieql@dyndns.org,Female,$241498.43,861745572,IT
959,Teodoro,Eytel,teytelqm@state.tx.us,Male,$552273.51,478402598,CC
960,Laurice,Jillings,ljillingsqn@fema.gov,Female,$268620.35,937668049,IT
961,Elie,Broschke,ebroschkeqo@google.de,Female,$326067.09,429606937,CC
962,Myrna,Duffer,mdufferqp@bloomberg.com,Female,$947079.30,303466950,IT
963,Rafaelia,Gillivrie,rgillivrieqq@hp.com,Female,$133687.94,525458627,PP
964,Teresina,Lathwell,tlathwellqr@nydailynews.com,Female,$849632.42,693622459,CC
965,Ashley,Wildbore,awildboreqs@answers.com,Female,$431820.84,472247891,PP
966,Scarface,Ollis,sollisqt@who.int,Male,$639830.30,921125267,PP
967,Marguerite,Valentine,mvalentinequ@issuu.com,Female,$875960.94,619338121,IT
968,Elga,Gelland,egellandqv@bbb.org,Female,$817317.35,339930081,IT
969,Forrester,Tranmer,ftranmerqw@shop-pro.jp,Male,$585176.52,196663645,IT
970,Lindi,Cuppitt,lcuppittqx@netlog.com,Female,$447687.58,416805516,PP
971,Aurie,Bernet,abernetqy@utexas.edu,Female,$211893.77,485476121,PP
972,Clemmie,Crichten,ccrichtenqz@nytimes.com,Male,$690580.25,803804235,CC
973,Antony,Vaughan,avaughanr0@hubpages.com,Male,$787547.51,198140218,PP
974,Cordy,Boyce,cboycer1@imdb.com,Male,$769866.69,308741926,IT
975,Berkeley,Wattam,bwattamr2@youku.com,Male,$153692.47,24498692,IT
976,Ebony,Lindborg,elindborgr3@altervista.org,Female,$525339.26,712958653,IT
977,Rosalia,Petris,rpetrisr4@alibaba.com,Female,$974536.54,362512169,PP
978,Mary,Dripps,mdrippsr5@vistaprint.com,Female,$675318.29,975964302,CC
979,Normand,Paddison,npaddisonr6@businesswire.com,Male,$784731.89,990096783,CC
980,Sophia,Le Lievre,slelievrer7@opensource.org,Female,$469899.37,547547199,CC
981,Chelsey,Irvine,cirviner8@indiatimes.com,Female,$547064.70,665049199,PP
982,Corabella,Girardy,cgirardyr9@youku.com,Female,$570481.82,310219107,CC
983,Kenyon,Jaray,kjarayra@etsy.com,Male,$939104.82,453963134,CC
984,Keir,Remer,kremerrb@earthlink.net,Male,$835243.34,1001738252,PP
985,Ryon,Tschirasche,rtschirascherc@istockphoto.com,Male,$416896.39,965861526,PP
986,Lawry,Philliphs,lphilliphsrd@ask.com,Male,$385307.91,823618961,CC
987,Coreen,Chotty,cchottyre@studiopress.com,Female,$599904.37,425588940,PP
988,Madelena,Hoolaghan,mhoolaghanrf@youku.com,Female,$725786.80,209365543,PP
989,Emmaline,Tompkinson,etompkinsonrg@amazon.de,Female,$227150.12,400849195,PP
990,Joby,Nockles,jnocklesrh@lulu.com,Female,$115864.81,634478476,PP
991,Ashleigh,Bircher,abircherri@example.com,Female,$446565.94,773917500,IT
992,Lorin,Kos,lkosrj@jimdo.com,Male,$415824.34,597006307,PP
993,Lorraine,Bleckly,lblecklyrk@studiopress.com,Female,$896556.04,294597565,PP
994,Matty,Gristock,mgristockrl@google.com.br,Male,$179894.55,555683176,PP
995,Wallis,Heintz,wheintzrm@blog.com,Male,$173761.26,871779782,PP
996,Gallagher,Ephson,gephsonrn@scientificamerican.com,Male,$914418.08,799068541,PP
997,Mace,Milleton,mmilletonro@nymag.com,Male,$978774.85,450342528,IT
998,Fons,Catterill,fcatterillrp@mapquest.com,Male,$817268.36,408674472,IT
999,Nora,Ambrosi,nambrosirq@usda.gov,Female,$244696.54,1022335634,IT
1000,Wilek,Faltin,wfaltinrr@biblegateway.com,Male,$877293.71,398754912,IT
