id,nombre,apellido,email,genero,valor_tx,numero_identificacion,tipo_identificacion
1,Dianemarie,Power,dpower0@army.mil,Female,$967444.17,683944464,IT
2,Moina,Stickel,mstickel1@mlb.com,Female,$926833.54,216971508,PP
3,Alexio,Jancso,ajancso2@reuters.com,Male,$781198.66,575959284,PP
4,Daveen,Klaiser,dklaiser3@rediff.com,Female,$997739.75,7745849,CC
5,Templeton,Pelerin,tpelerin4@nationalgeographic.com,Male,$984062.84,357939999,IT
6,Gilles,Rickaert,grickaert5@cisco.com,Male,$606630.47,466985869,IT
7,Corrina,Pepall,cpepall6@economist.com,Female,$539049.66,536893896,CC
8,Ange,Waters,awaters7@1und1.de,Male,$252233.12,1017437009,IT
9,Brit,Cosgriff,bcosgriff8@ucsd.edu,Male,$965266.91,867901986,CC
10,Pearce,Szymanzyk,pszymanzyk9@meetup.com,Male,$305713.59,27701302,IT
11,Grove,Nann,gnanna@sakura.ne.jp,Male,$590693.72,145424210,PP
12,Nonna,Hedgecock,nhedgecockb@wordpress.org,Female,$868137.73,836089518,IT
13,Ardeen,Grealy,agrealyc@exblog.jp,Female,$808761.11,539397712,IT
14,Kain,Easseby,keassebyd@google.com.br,Male,$795694.33,250189281,IT
15,Brig,Oldred,boldrede@wikia.com,Male,$603906.97,737299513,IT
16,Giffie,Fairbrace,gfairbracef@addthis.com,Male,$291979.58,535386071,IT
17,Farand,Wooding,fwoodingg@weebly.com,Female,$130595.73,369006295,PP
18,Pier,Kezourec,pkezourech@creativecommons.org,Female,$280959.30,171604529,IT
19,Katine,Nockles,knocklesi@opera.com,Female,$363647.67,114243617,PP
20,Lesly,Frantzen,lfrantzenj@army.mil,Female,$879834.22,1008631504,IT
21,Caroline,Cullity,ccullityk@samsung.com,Female,$746596.72,903363258,IT
22,Kamillah,Gibbon,kgibbonl@ed.gov,Female,$488421.10,723804229,PP
23,Benn,Oswell,boswellm@imgur.com,Male,$101827.18,1045446777,PP
24,Mycah,Marnes,mmarnesn@si.edu,Male,$879405.50,687751811,CC
25,Kirstin,Lavigne,klavigneo@blogtalkradio.com,Female,$903779.02,364465652,CC
26,Horst,Loren,hlorenp@hostgator.com,Male,$162292.17,418853986,IT
27,Tamarra,Manntschke,tmanntschkeq@last.fm,Female,$633362.16,401923636,IT
28,Hirsch,Singers,hsingersr@weebly.com,Male,$407979.28,737845848,CC
29,Rice,Marques,rmarquess@utexas.edu,Male,$413601.22,865369971,CC
30,Christalle,Cuttles,ccuttlest@census.gov,Female,$336361.18,241134416,PP
31,Roldan,Mc Menamin,rmcmenaminu@sohu.com,Male,$170555.02,389392267,CC
32,Edy,Yedy,eyedyv@furl.net,Female,$111913.38,10242145,IT
33,Urbain,Rosbrough,urosbroughw@wiley.com,Male,$162349.55,443237521,PP
34,Jorie,Dorie,jdoriex@ihg.com,Female,$537049.57,957991010,PP
35,Sydel,Fairbridge,sfairbridgey@bbc.co.uk,Female,$362886.99,1002228432,PP
36,Cherice,Allot,callotz@ocn.ne.jp,Female,$521835.51,365838766,CC
37,Aylmer,Pettisall,apettisall10@eventbrite.com,Male,$620550.70,585244629,PP
38,Adrian,Wrench,awrench11@guardian.co.uk,Male,$867804.36,787678562,PP
39,Hagan,Lawly,hlawly12@hhs.gov,Male,$955958.03,825670891,PP
40,Athena,Ankrett,aankrett13@jugem.jp,Female,$788747.21,445360839,PP
41,Roanne,Vanyarkin,rvanyarkin14@163.com,Female,$880937.27,619484733,CC
42,Camella,Lawley,clawley15@sphinn.com,Female,$900987.48,250130808,PP
43,Gerek,Plan,gplan16@hc360.com,Male,$289232.51,888801087,PP
44,Tulley,Roskelly,troskelly17@mozilla.org,Male,$238251.18,713648303,PP
45,Blithe,Browne,bbrowne18@technorati.com,Female,$937999.28,615254183,IT
46,Davita,Bocke,dbocke19@va.gov,Female,$380282.08,843098463,IT
47,Brooks,Parsall,bparsall1a@youtu.be,Female,$271544.76,243755441,IT
48,Dev,Hoyt,dhoyt1b@ocn.ne.jp,Male,$305337.67,139117670,IT
49,Elysee,Meletti,emeletti1c@google.ru,Female,$941156.55,954375973,IT
50,Margareta,Peabody,mpeabody1d@webmd.com,Female,$222180.64,976391537,IT
51,Shauna,Crunkhorn,scrunkhorn1e@themeforest.net,Female,$479113.05,734822028,CC
52,Steffie,Piris,spiris1f@networksolutions.com,Female,$741109.66,607872596,PP
53,Clint,Epp,cepp1g@mayoclinic.com,Male,$538035.94,1015551075,PP
54,Libbie,Shillingford,lshillingford1h@yolasite.com,Female,$331873.12,769753175,CC
55,Paxton,Westberg,pwestberg1i@yelp.com,Male,$815595.04,984902437,IT
56,Cointon,Pavlitschek,cpavlitschek1j@deliciousdays.com,Male,$378166.08,607822725,PP
57,Euphemia,Fere,efere1k@technorati.com,Female,$170518.05,255330208,CC
58,Rich,Graves,rgraves1l@quantcast.com,Male,$289312.90,13722018,PP
59,Andrew,Belfrage,abelfrage1m@princeton.edu,Male,$512684.94,820879395,IT
60,Hermy,Kingswood,hkingswood1n@businessweek.com,Male,$180736.67,663060312,PP
61,Oren,Reilingen,oreilingen1o@wikia.com,Male,$884005.29,789836927,PP
62,Paula,Swindin,pswindin1p@alexa.com,Female,$631584.32,785484105,PP
63,Sheena,Ewert,sewert1q@hud.gov,Female,$491633.25,19187898,IT
64,Burt,Newbury,bnewbury1r@toplist.cz,Male,$342931.99,248475210,IT
65,Melicent,Churchward,mchurchward1s@stanford.edu,Female,$586556.09,75709044,CC
66,Loleta,Monelli,lmonelli1t@google.it,Female,$874433.58,793894774,IT
67,Ethelin,Kubas,ekubas1u@deliciousdays.com,Female,$768421.76,144966831,PP
68,Evonne,Heavens,eheavens1v@who.int,Female,$588024.01,755171044,IT
69,Kayle,d'Arcy,kdarcy1w@goodreads.com,Female,$149269.97,420653347,PP
70,Bent,McCorkindale,bmccorkindale1x@stanford.edu,Male,$794543.28,244126830,CC
71,Tomas,Kubalek,tkubalek1y@i2i.jp,Male,$823797.01,358539385,PP
72,Junia,Buxam,jbuxam1z@adobe.com,Female,$549757.95,318744698,IT
73,Ripley,Topes,rtopes20@latimes.com,Male,$717964.35,953542673,CC
74,Laughton,Rosenhaupt,lrosenhaupt21@domainmarket.com,Male,$628072.45,531594973,IT
75,Joellyn,Cotelard,jcotelard22@xinhuanet.com,Female,$478795.77,821780300,PP
76,Corbie,Bagnal,cbagnal23@taobao.com,Male,$958513.36,795398981,PP
77,Rubie,Johncey,rjohncey24@ibm.com,Female,$280268.54,1009869665,CC
78,Lolita,Creedland,lcreedland25@php.net,Female,$162634.87,180371956,CC
79,Meta,Solway,msolway26@prnewswire.com,Female,$234884.19,839729281,IT
80,Claus,Soden,csoden27@amazonaws.com,Male,$834397.89,629207010,IT
81,Colver,Barson,cbarson28@spotify.com,Male,$617015.43,298435866,IT
82,Anjela,Elcocks,aelcocks29@craigslist.org,Female,$908596.93,188426294,PP
83,Vincent,Brandrick,vbrandrick2a@typepad.com,Male,$915572.46,180642495,PP
84,Silva,Manna,smanna2b@xinhuanet.com,Female,$759734.51,289939911,IT
85,Casar,Stawell,cstawell2c@goo.gl,Male,$901152.07,582087871,CC
86,Elfrieda,Gary,egary2d@pagesperso-orange.fr,Female,$312135.48,536778955,IT
87,Marmaduke,Houson,mhouson2e@europa.eu,Male,$859611.99,557748990,IT
88,Cate,Rispin,crispin2f@sciencedirect.com,Female,$812069.34,420013153,IT
89,Susana,Zorzoni,szorzoni2g@slideshare.net,Female,$848672.83,11129981,IT
90,Marthe,Struss,mstruss2h@va.gov,Female,$433812.90,791994730,PP
91,Kailey,Gauntley,kgauntley2i@hatena.ne.jp,Female,$462713.38,544212044,CC
92,Sebastien,Goodswen,sgoodswen2j@jiathis.com,Male,$409968.61,473875703,CC
93,Mitzi,Rhodef,mrhodef2k@mozilla.org,Female,$740043.00,443767710,CC
94,Greer,Elgee,gelgee2l@acquirethisname.com,Female,$216012.18,272579263,CC
95,Towney,Tancock,ttancock2m@hugedomains.com,Male,$753230.12,679814954,PP
96,Bobbi,Klaus,bklaus2n@constantcontact.com,Female,$122992.30,257794529,IT
97,Viv,McCay,vmccay2o@freewebs.com,Female,$668943.32,271505256,IT
98,Janaya,Wilderspoon,jwilderspoon2p@epa.gov,Female,$220008.06,14214192,CC
99,Fielding,Jansens,fjansens2q@statcounter.com,Male,$728402.16,963326252,IT
100,Tadeo,Heninghem,theninghem2r@state.tx.us,Male,$132361.08,954464046,IT
101,Alisander,Durtnall,adurtnall2s@lulu.com,Male,$327820.69,378348191,CC
102,Jaime,Cragell,jcragell2t@gizmodo.com,Male,$228889.97,217489969,CC
103,Ebba,Mordie,emordie2u@time.com,Female,$630630.01,854308502,PP
104,Dora,Rosenbarg,drosenbarg2v@spotify.com,Female,$222926.74,926833285,PP
105,Thorn,Cammidge,tcammidge2w@google.it,Male,$202163.50,160329389,PP
106,Vernen,Orum,vorum2x@msn.com,Male,$483738.87,973803540,PP
107,Heida,Caselick,hcaselick2y@theguardian.com,Female,$743777.40,350236525,CC
108,Ashlee,Sallan,asallan2z@facebook.com,Female,$699740.72,970395926,CC
109,Janey,Patley,jpatley30@google.co.jp,Female,$285985.21,203923914,PP
110,Anna-maria,Edmead,aedmead31@infoseek.co.jp,Female,$500350.70,219314292,CC
111,Cesaro,Abrashkov,cabrashkov32@chronoengine.com,Male,$607098.01,231414053,IT
112,Steward,Mulqueeny,smulqueeny33@skyrock.com,Male,$768513.52,255439508,IT
113,Fina,Ferroli,fferroli34@surveymonkey.com,Female,$294815.17,260707972,IT
114,Iolanthe,Sandeman,isandeman35@hud.gov,Female,$315413.12,154538500,PP
115,Ranique,Hanbridge,rhanbridge36@acquirethisname.com,Female,$206822.44,801346738,CC
116,Carlyle,Bark,cbark37@cnet.com,Male,$849773.09,714220597,PP
117,Dillon,Bollam,dbollam38@bravesites.com,Male,$105541.52,214661966,CC
118,Paulie,Rivitt,privitt39@cpanel.net,Male,$770560.75,103212188,PP
119,Nicolle,Meharry,nmeharry3a@goo.ne.jp,Female,$805130.11,444660438,PP
120,Fritz,Dowgill,fdowgill3b@studiopress.com,Male,$241666.08,688693311,IT
121,Addia,Whiskerd,awhiskerd3c@npr.org,Female,$933992.89,518367726,PP
122,Jayme,Brettel,jbrettel3d@technorati.com,Female,$743375.73,942234153,CC
123,Dina,Tonkin,dtonkin3e@paginegialle.it,Female,$721627.91,62818346,IT
124,Eldin,Gurnay,egurnay3f@squidoo.com,Male,$758439.26,58784165,CC
125,Barbe,Spragge,bspragge3g@hexun.com,Female,$451505.39,140813679,CC
126,Emyle,Oldershaw,eoldershaw3h@about.me,Female,$557947.77,542143452,PP
127,Carin,Buckeridge,cbuckeridge3i@telegraph.co.uk,Female,$587090.25,832057318,IT
128,Alexio,Hum,ahum3j@virginia.edu,Male,$937911.72,512992631,PP
129,Cleve,Qualtrough,cqualtrough3k@patch.com,Male,$812803.97,363527386,PP
130,Gerrie,Denys,gdenys3l@answers.com,Male,$742505.30,105304611,CC
131,Virgil,Kettel,vkettel3m@artisteer.com,Male,$234404.60,299530911,IT
132,Kearney,McRobb,kmcrobb3n@ebay.co.uk,Male,$583991.03,849424077,IT
133,Maurizio,Ioannidis,mioannidis3o@godaddy.com,Male,$119654.16,797925341,CC
134,Barnett,Gaine,bgaine3p@house.gov,Male,$620520.82,618844360,PP
135,Winfield,Sowersby,wsowersby3q@edublogs.org,Male,$283126.84,328364479,CC
136,Patsy,Scoggans,pscoggans3r@topsy.com,Male,$118599.13,669920263,IT
137,Linnie,Harborow,lharborow3s@bandcamp.com,Female,$836812.07,1000547690,CC
138,Toddie,Samper,tsamper3t@jimdo.com,Male,$350398.38,922617124,CC
139,Ludwig,Tregido,ltregido3u@pen.io,Male,$412483.61,281450914,IT
140,Shaylynn,Lerhinan,slerhinan3v@bbb.org,Female,$684019.71,641766127,PP
141,Efren,Engley,eengley3w@google.pl,Male,$653729.03,588365418,CC
142,Merrily,Classen,mclassen3x@amazon.co.uk,Female,$769315.41,404527924,CC
143,Thorvald,Mastrantone,tmastrantone3y@huffingtonpost.com,Male,$908316.98,178024729,IT
144,Hedvige,Lyptrade,hlyptrade3z@dyndns.org,Female,$342110.17,25084632,CC
145,Bertha,Points,bpoints40@miitbeian.gov.cn,Female,$246928.38,230369548,PP
146,Ignaz,Donati,idonati41@dion.ne.jp,Male,$324608.05,351579046,CC
147,Hermy,Croxon,hcroxon42@slideshare.net,Male,$734425.00,44145117,PP
148,Bordie,Reely,breely43@merriam-webster.com,Male,$174465.74,940928753,PP
149,Brent,Tribble,btribble44@twitter.com,Male,$208483.04,847981042,IT
150,Felecia,Delmage,fdelmage45@rambler.ru,Female,$835483.89,337685651,PP
151,Jocelyne,Dumbelton,jdumbelton46@dailymail.co.uk,Female,$114813.26,726589036,CC
152,Marilyn,Faires,mfaires47@apple.com,Female,$949983.92,377036763,PP
153,Hoebart,Leftley,hleftley48@imageshack.us,Male,$922639.26,855246059,IT
154,Gerrard,Papworth,gpapworth49@friendfeed.com,Male,$413463.88,637931474,CC
155,Winni,Gyorffy,wgyorffy4a@state.gov,Female,$836508.41,977827252,CC
156,Christophorus,Ramm,cramm4b@shutterfly.com,Male,$746519.42,572094941,PP
157,Ainslee,Addington,aaddington4c@walmart.com,Female,$321637.74,633692869,CC
158,Ash,Leggitt,aleggitt4d@twitter.com,Male,$656094.34,184412630,PP
159,Addy,Schimpke,aschimpke4e@cocolog-nifty.com,Male,$327261.77,599186098,IT
160,Elie,Boughey,eboughey4f@aboutads.info,Female,$920233.19,102083015,CC
161,Broddy,Buckthorpe,bbuckthorpe4g@ocn.ne.jp,Male,$689521.95,352783742,CC
162,Edsel,Keating,ekeating4h@pbs.org,Male,$265676.59,9879942,CC
163,Beth,Jamrowicz,bjamrowicz4i@salon.com,Female,$255891.24,1000127802,IT
164,Alix,Rosengart,arosengart4j@irs.gov,Male,$176889.20,264094870,PP
165,Ezra,Woodruff,ewoodruff4k@marriott.com,Male,$292548.27,583275105,CC
166,Dolf,Gabby,dgabby4l@wikimedia.org,Male,$291580.26,941951208,IT
167,Zacharia,Durrance,zdurrance4m@auda.org.au,Male,$180332.92,625080546,IT
168,Klaus,Ferrarini,kferrarini4n@shutterfly.com,Male,$583316.82,185043589,CC
169,Angil,Hellwich,ahellwich4o@oaic.gov.au,Female,$711649.92,372850649,IT
170,Cos,Blakesley,cblakesley4p@msn.com,Male,$763969.43,156498660,PP
171,Tessa,Whatham,twhatham4q@trellian.com,Female,$395538.44,968176702,IT
172,Ralph,Winsbury,rwinsbury4r@home.pl,Male,$695999.46,77540336,IT
173,Norris,Cremer,ncremer4s@wunderground.com,Male,$771390.49,719009513,CC
174,Edan,Larvent,elarvent4t@mozilla.com,Male,$113443.62,856720089,IT
175,Madelaine,Ricca,mricca4u@list-manage.com,Female,$531151.69,347507657,IT
176,Nerta,Otson,notson4v@webeden.co.uk,Female,$671557.73,1013136549,PP
177,Martynne,Ghirigori,mghirigori4w@yahoo.co.jp,Female,$569652.05,799250676,PP
178,Thadeus,Sleany,tsleany4x@wp.com,Male,$778525.26,599502993,IT
179,Robb,Jackman,rjackman4y@meetup.com,Male,$199428.14,616688556,IT
180,Pyotr,Pheazey,ppheazey4z@usa.gov,Male,$764934.86,302961044,IT
181,Corilla,Wortman,cwortman50@imageshack.us,Female,$568167.55,470352690,PP
182,Clovis,Risbie,crisbie51@imageshack.us,Female,$991759.47,1003067588,PP
183,Archambault,Willmetts,awillmetts52@google.com.au,Male,$581345.37,916149689,PP
184,Imogen,Ludford,iludford53@photobucket.com,Female,$947376.04,151904610,CC
185,Kitty,Flowers,kflowers54@instagram.com,Female,$271958.41,235192240,IT
186,Cassie,Vise,cvise55@elegantthemes.com,Male,$571829.67,252776629,IT
187,Roosevelt,Ivasyushkin,rivasyushkin56@globo.com,Male,$157958.10,803535494,CC
188,Elane,Pellew,epellew57@who.int,Female,$896456.25,697999924,PP
189,Fairfax,Fills,ffills58@dot.gov,Male,$297147.23,715477694,CC
190,Edwin,Haistwell,ehaistwell59@census.gov,Male,$115787.04,1007959036,PP
191,Falito,Hargroves,fhargroves5a@craigslist.org,Male,$671539.29,355274924,PP
192,Clarissa,Haggarth,chaggarth5b@storify.com,Female,$904153.54,756712885,PP
193,Gerladina,Tamlett,gtamlett5c@spiegel.de,Female,$238884.96,949205075,IT
194,Franny,Lohmeyer,flohmeyer5d@independent.co.uk,Female,$196571.70,994754335,IT
195,Olenolin,Schrir,oschrir5e@huffingtonpost.com,Male,$235242.33,578271838,PP
196,Normie,Meatyard,nmeatyard5f@elpais.com,Male,$784490.16,863898294,PP
197,Kimbra,Morad,kmorad5g@rediff.com,Female,$712037.21,1011392220,IT
198,Derry,Blair,dblair5h@hc360.com,Male,$397505.96,882654315,IT
199,Nicolais,Clawley,nclawley5i@timesonline.co.uk,Male,$617449.83,488704139,CC
200,Cassandry,Pringour,cpringour5j@wikispaces.com,Female,$981175.97,1044824649,CC
201,Dinny,Glasson,dglasson5k@nifty.com,Female,$272343.63,805704224,IT
202,Ragnar,Iacobassi,riacobassi5l@slideshare.net,Male,$266100.58,560705064,PP
203,Tomaso,O'Duane,toduane5m@google.co.jp,Male,$761354.53,599705458,PP
204,Frederick,Posner,fposner5n@google.nl,Male,$865823.17,920523695,IT
205,Lucy,Hardaker,lhardaker5o@nhs.uk,Female,$805383.14,287843585,IT
206,Bartholomeus,Rothera,brothera5p@parallels.com,Male,$826424.44,376002488,PP
207,Corrinne,Rosander,crosander5q@boston.com,Female,$209761.81,149749604,CC
208,Ludovico,Lovie,llovie5r@webnode.com,Male,$991719.56,706923633,PP
209,Jennie,McDuff,jmcduff5s@comcast.net,Female,$247779.17,591513976,CC
210,Kennett,Troni,ktroni5t@tmall.com,Male,$801924.72,171509372,CC
211,Nealson,Bortoluzzi,nbortoluzzi5u@1688.com,Male,$372756.02,410520610,IT
212,Nan,Lawranson,nlawranson5v@scribd.com,Female,$321130.66,75971393,IT
213,Oriana,Lowmass,olowmass5w@jigsy.com,Female,$909181.28,598122678,CC
214,Washington,Rubinowitz,wrubinowitz5x@cdbaby.com,Male,$426342.46,796885408,PP
215,Sascha,Haselup,shaselup5y@comsenz.com,Male,$369035.31,592337896,IT
216,Valdemar,Yeoman,vyeoman5z@loc.gov,Male,$661987.01,46446409,IT
217,Trish,Ashbrook,tashbrook60@scientificamerican.com,Female,$242885.59,422639184,PP
218,Aharon,Riggulsford,ariggulsford61@booking.com,Male,$155375.53,543955547,IT
219,Linoel,Blenkensop,lblenkensop62@kickstarter.com,Male,$283566.54,469421017,IT
220,Zachery,Leyfield,zleyfield63@blogspot.com,Male,$369625.20,105983037,PP
221,Max,Greedyer,mgreedyer64@si.edu,Female,$290094.37,505741847,IT
222,Hendrika,Danher,hdanher65@yahoo.co.jp,Female,$602305.75,882834019,CC
223,Rahel,Youtead,ryoutead66@addthis.com,Female,$614339.79,93411606,PP
224,Cross,Tratton,ctratton67@nifty.com,Male,$831734.14,659976153,PP
225,Analise,Brassington,abrassington68@oakley.com,Female,$296703.66,982821737,PP
226,Sawyere,Fehner,sfehner69@columbia.edu,Male,$424725.73,110816849,IT
227,Rosco,Aldwinckle,raldwinckle6a@meetup.com,Male,$314670.37,1029088487,IT
228,Valentine,Minshall,vminshall6b@youtube.com,Male,$339995.56,271331135,PP
229,Neale,Arpe,narpe6c@wufoo.com,Male,$199577.03,970588811,PP
230,Dwayne,Kliemke,dkliemke6d@wikimedia.org,Male,$839772.07,201183942,PP
231,Gerek,Addy,gaddy6e@usda.gov,Male,$708181.74,615552842,CC
232,Roxanne,Jaumet,rjaumet6f@ft.com,Female,$315878.53,710941304,IT
233,Elyssa,Klempke,eklempke6g@un.org,Female,$399249.99,865520501,CC
234,Charin,Dalgardno,cdalgardno6h@uiuc.edu,Female,$951410.08,471181307,CC
235,Clevie,McElory,cmcelory6i@intel.com,Male,$259852.09,50471062,IT
236,Katuscha,Marchington,kmarchington6j@google.de,Female,$728414.76,264927918,PP
237,Roderick,Tunkin,rtunkin6k@opera.com,Male,$302874.03,1034849254,IT
238,Genia,MacClancey,gmacclancey6l@sohu.com,Female,$846440.47,784599428,CC
239,Rodolfo,Kiln,rkiln6m@oakley.com,Male,$874488.19,167658643,PP
240,Felicity,Edlyn,fedlyn6n@amazon.com,Female,$625765.68,687851002,IT
241,Burk,Stetson,bstetson6o@mysql.com,Male,$405215.52,508897922,PP
242,Mallory,O'Carmody,mocarmody6p@cnn.com,Female,$598158.59,751963577,CC
243,Nance,Slatter,nslatter6q@timesonline.co.uk,Female,$638562.69,10953863,IT
244,Kathye,Chevin,kchevin6r@ocn.ne.jp,Female,$716342.55,434300578,PP
245,Crystal,Maginn,cmaginn6s@google.ca,Female,$293838.03,800653307,IT
246,Flint,Genicke,fgenicke6t@squidoo.com,Male,$952443.59,112791024,PP
247,Yulma,Ivanuschka,yivanuschka6u@360.cn,Male,$564371.17,145805086,CC
248,Edythe,Dullingham,edullingham6v@cdbaby.com,Female,$889038.84,728530292,IT
249,Gar,Redparth,gredparth6w@oaic.gov.au,Male,$267231.94,301734876,IT
250,Meredith,Stedell,mstedell6x@un.org,Female,$485287.30,726105166,PP
251,Delora,Sterzaker,dsterzaker6y@alibaba.com,Female,$389054.11,691636302,IT
252,Lennard,Mattholie,lmattholie6z@huffingtonpost.com,Male,$681499.48,292214699,IT
253,Early,Jendrusch,ejendrusch70@drupal.org,Male,$278291.03,349436710,PP
254,Theda,Bravery,tbravery71@geocities.jp,Female,$505196.15,803901289,PP
255,Viviana,Iamittii,viamittii72@yahoo.co.jp,Female,$200229.68,752311157,PP
256,Laurent,Roskell,lroskell73@google.it,Male,$157776.66,571361596,CC
257,Kally,Knock,kknock74@mail.ru,Female,$656896.35,1009880638,IT
258,Cesaro,Macauley,cmacauley75@globo.com,Male,$260587.39,717384133,IT
259,Euphemia,Egdal,eegdal76@mozilla.org,Female,$900049.88,740186572,PP
260,Maure,McEvon,mmcevon77@bing.com,Female,$998898.00,722578735,IT
261,Kain,Olle,kolle78@mapquest.com,Male,$466630.29,682721980,PP
262,Stuart,Peever,speever79@1und1.de,Male,$119125.66,125141996,PP
263,Fran,Bowerman,fbowerman7a@google.es,Female,$592941.37,547417276,IT
264,Diannne,Goodwell,dgoodwell7b@forbes.com,Female,$254986.15,573775951,CC
265,Odelia,O'Murtagh,oomurtagh7c@imgur.com,Female,$450628.61,58061714,PP
266,Maurine,Fells,mfells7d@hud.gov,Female,$865565.71,1031890905,IT
267,Dareen,Widdall,dwiddall7e@domainmarket.com,Female,$801308.46,738248611,IT
268,Hasty,Endrici,hendrici7f@scientificamerican.com,Male,$650025.21,622015475,PP
269,Jeffrey,Alger,jalger7g@bloglovin.com,Male,$857268.81,479233039,IT
270,Townsend,Noddings,tnoddings7h@t.co,Male,$738845.94,776411848,PP
271,Padriac,Margrett,pmargrett7i@phpbb.com,Male,$965833.05,285886162,CC
272,Lief,Fidock,lfidock7j@shutterfly.com,Male,$348988.85,205142499,CC
273,Seth,McMillian,smcmillian7k@biblegateway.com,Male,$900358.33,897263451,PP
274,Gabey,Blanking,gblanking7l@psu.edu,Female,$924536.92,168950689,CC
275,Ekaterina,Durman,edurman7m@squarespace.com,Female,$462474.86,399044729,IT
276,Andrea,Ivanishin,aivanishin7n@dedecms.com,Male,$190841.48,983234803,IT
277,Marina,Corner,mcorner7o@cam.ac.uk,Female,$637330.08,145915733,IT
278,Panchito,Chipps,pchipps7p@zdnet.com,Male,$573403.81,372247229,CC
279,Peggy,Newson,pnewson7q@merriam-webster.com,Female,$567175.36,498161058,IT
280,Shaylyn,Plastow,splastow7r@virginia.edu,Female,$807242.80,273817337,CC
281,Giraldo,Dossit,gdossit7s@4shared.com,Male,$902023.90,979204969,IT
282,Glyn,Anthonsen,ganthonsen7t@unblog.fr,Male,$334094.42,414033514,CC
283,Arleyne,Spaduzza,aspaduzza7u@newyorker.com,Female,$266432.72,329009165,IT
284,Korey,Lehrian,klehrian7v@fc2.com,Male,$557622.15,483673834,IT
285,Pincas,Helin,phelin7w@taobao.com,Male,$770331.15,23102415,CC
286,Andreana,Labbe,alabbe7x@telegraph.co.uk,Female,$151384.97,801296907,CC
287,Felicio,Shama,fshama7y@jugem.jp,Male,$965420.22,821121764,IT
288,Dyann,O' Flaherty,doflaherty7z@soundcloud.com,Female,$777231.64,755472867,CC
289,Levy,Glidder,lglidder80@dailymotion.com,Male,$845140.58,209110034,IT
290,Loren,Iddenden,liddenden81@linkedin.com,Female,$583485.70,930287232,CC
291,Huberto,Housen,hhousen82@merriam-webster.com,Male,$579724.67,204196281,CC
292,Cal,Cordy,ccordy83@rakuten.co.jp,Female,$978524.75,233735044,IT
293,Meir,Oxton,moxton84@zdnet.com,Male,$974713.27,596631289,CC
294,Karia,Julien,kjulien85@mlb.com,Female,$420293.95,303797057,IT
295,Caprice,Baddow,cbaddow86@vk.com,Female,$401865.98,655441753,CC
296,Judon,Bruck,jbruck87@unc.edu,Male,$454964.97,478246543,IT
297,Meggy,Kevlin,mkevlin88@skyrock.com,Female,$337524.63,300441697,CC
298,Cornall,Gold,cgold89@thetimes.co.uk,Male,$153191.55,61922897,IT
299,Granger,Feathers,gfeathers8a@moonfruit.com,Male,$140265.60,375785225,IT
300,Grantley,Simonetti,gsimonetti8b@icio.us,Male,$312099.58,450114855,CC
301,Allsun,Slarke,aslarke8c@dagondesign.com,Female,$797573.64,160199896,IT
302,Brina,Winham,bwinham8d@mtv.com,Female,$299745.47,1025172131,PP
303,Brok,Safe,bsafe8e@ucoz.ru,Male,$684199.28,105795566,PP
304,Orton,Bascombe,obascombe8f@nyu.edu,Male,$501516.56,1031052285,CC
305,Jone,Indgs,jindgs8g@github.io,Male,$649667.44,730990715,CC
306,Jacqueline,Worthing,jworthing8h@php.net,Female,$974377.71,336167834,IT
307,Letitia,Bigby,lbigby8i@1und1.de,Female,$528630.41,959076767,IT
308,Robby,Wormleighton,rwormleighton8j@wikia.com,Female,$703269.39,379210488,PP
309,Cullie,Jowitt,cjowitt8k@sciencedaily.com,Male,$512694.07,360032430,PP
310,Berti,Ginnety,bginnety8l@twitter.com,Female,$331944.65,464085579,IT
311,Rad,Kemetz,rkemetz8m@shutterfly.com,Male,$934351.68,670203410,PP
312,Jacquetta,Bernaert,jbernaert8n@cloudflare.com,Female,$819739.50,168307507,IT
313,Georgie,Freckingham,gfreckingham8o@tripadvisor.com,Male,$728854.78,388545864,CC
314,Edgar,Oneil,eoneil8p@hp.com,Male,$436477.23,359434274,IT
315,Evonne,Otham,eotham8q@bizjournals.com,Female,$293846.11,155499149,PP
316,Elinore,Etoile,eetoile8r@webeden.co.uk,Female,$427437.05,7407057,IT
317,Demetra,Gaish,dgaish8s@sohu.com,Female,$192887.13,499454211,IT
318,Annette,Packer,apacker8t@mashable.com,Female,$151893.00,785089826,CC
319,Bliss,Dankov,bdankov8u@ycombinator.com,Female,$320725.46,970975309,PP
320,Kinsley,Runsey,krunsey8v@surveymonkey.com,Male,$919477.21,720884710,PP
321,Harmonia,Brucker,hbrucker8w@qq.com,Female,$204044.35,514070909,CC
322,Anderea,Wiseman,awiseman8x@arizona.edu,Female,$807713.08,60141195,CC
323,Wallis,Maddern,wmaddern8y@clickbank.net,Female,$842748.29,832519934,CC
324,Adelaide,Becerra,abecerra8z@tmall.com,Female,$827344.64,811155962,IT
325,Elle,Rachuig,erachuig90@nba.com,Female,$668389.93,746391050,IT
326,Neil,Huet,nhuet91@uiuc.edu,Male,$246470.33,324603901,PP
327,Joey,Tamsett,jtamsett92@prlog.org,Female,$353486.26,882405945,CC
328,Holly,Sivess,hsivess93@europa.eu,Male,$157563.76,55903685,CC
329,Kennan,Jeakins,kjeakins94@telegraph.co.uk,Male,$792125.44,554026640,PP
330,Merrel,Heeley,mheeley95@amazon.co.jp,Male,$903780.09,83987651,CC
331,Kiersten,Scaife,kscaife96@photobucket.com,Female,$323556.42,14136925,CC
332,Brady,Challes,bchalles97@deviantart.com,Male,$746434.44,843734587,PP
333,Ruy,Treweke,rtreweke98@msu.edu,Male,$942169.53,62855281,PP
334,Alard,Dottridge,adottridge99@etsy.com,Male,$833015.42,441261578,PP
335,Lynn,Ksandra,lksandra9a@hibu.com,Male,$155212.46,198013043,PP
336,Lemar,Hagard,lhagard9b@t.co,Male,$975514.93,233771802,IT
337,Amandy,Grimmolby,agrimmolby9c@smugmug.com,Female,$711214.69,852661865,IT
338,Maurise,Farrant,mfarrant9d@nymag.com,Female,$861402.62,915290237,PP
339,Max,Waddell,mwaddell9e@privacy.gov.au,Male,$544622.41,904429675,IT
340,Gilberte,Ockwell,gockwell9f@blinklist.com,Female,$242904.78,109358014,IT
341,Jarib,Prandy,jprandy9g@rakuten.co.jp,Male,$476641.92,720042566,PP
342,Eustace,Dissman,edissman9h@amazon.co.jp,Male,$942906.00,691478537,PP
343,Bev,Larrett,blarrett9i@tinypic.com,Male,$215526.61,864563324,IT
344,Birgit,Sangwin,bsangwin9j@google.ru,Female,$850811.09,317750745,PP
345,Consalve,Wahlberg,cwahlberg9k@twitpic.com,Male,$722155.71,1029708056,PP
346,Jules,Asel,jasel9l@ucoz.ru,Male,$240177.90,530338883,PP
347,Ardra,Winkle,awinkle9m@flickr.com,Female,$218752.46,237592632,PP
348,Krista,Beecham,kbeecham9n@miibeian.gov.cn,Female,$661924.41,904361853,CC
349,Dorelle,Schimek,dschimek9o@weather.com,Female,$281480.76,1004885904,CC
350,Norene,Clement,nclement9p@alexa.com,Female,$580770.33,135835032,CC
351,Bart,Rajchert,brajchert9q@wufoo.com,Male,$952223.52,619388108,PP
352,Jilly,Tamlett,jtamlett9r@macromedia.com,Female,$341931.39,813689304,PP
353,Felicdad,Howat,fhowat9s@blogger.com,Female,$211205.06,941109040,PP
354,Jesse,Shugg,jshugg9t@mit.edu,Male,$443038.05,434535159,IT
355,Spence,Keywood,skeywood9u@amazon.com,Male,$956976.11,648705860,IT
356,Lowell,Ughini,lughini9v@lulu.com,Male,$897908.35,543954071,PP
357,Cori,Folger,cfolger9w@who.int,Female,$373074.26,752219717,PP
358,Casandra,Davidavidovics,cdavidavidovics9x@cafepress.com,Female,$321856.24,556843300,CC
359,Iver,De Clairmont,ideclairmont9y@g.co,Male,$561415.46,7432254,IT
360,Lanie,Lowell,llowell9z@nydailynews.com,Male,$830265.80,803184082,PP
361,Theressa,Cash,tcasha0@ameblo.jp,Female,$580601.17,586409848,CC
362,Peter,LeEstut,pleestuta1@gnu.org,Male,$826184.50,168448540,CC
363,Jeane,Sweedy,jsweedya2@tripod.com,Female,$406389.65,365177414,CC
364,Hewet,Diano,hdianoa3@eventbrite.com,Male,$688805.61,125229700,PP
365,Myrwyn,Becaris,mbecarisa4@timesonline.co.uk,Male,$403183.41,350581751,CC
366,Steven,Humes,shumesa5@sohu.com,Male,$439699.38,86087729,CC
367,Sela,Knifton,skniftona6@newyorker.com,Female,$185235.57,532511330,PP
368,Jamie,Arne,jarnea7@netscape.com,Male,$311330.22,774046343,CC
369,Gussy,Everwin,geverwina8@alibaba.com,Female,$405024.57,269443085,CC
370,Paolina,Balling,pballinga9@google.fr,Female,$463077.94,989915567,CC
371,Irvine,Weekley,iweekleyaa@surveymonkey.com,Male,$240809.94,137566207,PP
372,Salvador,Bier,sbierab@usnews.com,Male,$402247.72,736742183,PP
373,Sofia,Beelby,sbeelbyac@wix.com,Female,$258715.60,885680950,IT
374,Edgard,Gothup,egothupad@sphinn.com,Male,$664719.82,251115391,PP
375,Valentino,Sturr,vsturrae@mail.ru,Male,$146010.96,1021653372,CC
376,Orrin,Mathivat,omathivataf@soundcloud.com,Male,$369063.88,985478380,IT
377,Rainer,Conant,rconantag@cdbaby.com,Male,$845589.02,793627509,PP
378,Gustavo,Bearns,gbearnsah@google.fr,Male,$526556.88,323820584,PP
379,Mariya,Merrisson,mmerrissonai@webnode.com,Female,$429102.65,508115645,PP
380,Audrey,Paley,apaleyaj@blinklist.com,Female,$791167.67,826484798,PP
381,Arley,Vasichev,avasichevak@people.com.cn,Male,$760748.39,792571582,CC
382,Sergei,Henken,shenkenal@furl.net,Male,$971580.92,451185745,IT
383,Brande,Carwithan,bcarwithanam@studiopress.com,Female,$649964.21,487644817,PP
384,Roana,Muat,rmuatan@washington.edu,Female,$646059.38,709954503,IT
385,Jasmina,Aitcheson,jaitchesonao@blog.com,Female,$823275.69,783756109,IT
386,Basilio,Dennant,bdennantap@devhub.com,Male,$923096.18,395672361,PP
387,Lucilia,Thornber,lthornberaq@diigo.com,Female,$346935.26,526195713,IT
388,Correy,Cinavas,ccinavasar@prweb.com,Female,$418847.07,404755587,IT
389,Hewitt,Silverthorn,hsilverthornas@epa.gov,Male,$978770.68,310941034,PP
390,Austen,Fleming,aflemingat@ucoz.com,Male,$838840.62,822427638,PP
391,Lavina,Iliffe,liliffeau@miibeian.gov.cn,Female,$422781.26,302296596,PP
392,Storm,Wale,swaleav@ameblo.jp,Female,$465295.63,620993652,PP
393,Wang,Zanetti,wzanettiaw@reference.com,Male,$234937.87,264873526,PP
394,Hilary,Wallen,hwallenax@npr.org,Male,$123227.73,733875518,PP
395,Prentiss,Fitzer,pfitzeray@mapy.cz,Male,$739244.49,384233574,CC
396,Erina,Mattiussi,emattiussiaz@purevolume.com,Female,$847132.95,953824329,CC
397,Raquel,Priestnall,rpriestnallb0@mapquest.com,Female,$505076.08,179967391,IT
398,Bard,Hoggetts,bhoggettsb1@mlb.com,Male,$576835.93,765623091,PP
399,Milt,Batey,mbateyb2@ted.com,Male,$592782.65,97080642,PP
400,Sansone,Osborn,sosbornb3@state.gov,Male,$484675.95,975199222,PP
401,Cassi,McLernon,cmclernonb4@merriam-webster.com,Female,$372978.78,16116615,PP
402,Francyne,Derill,fderillb5@goo.ne.jp,Female,$162466.40,648491195,PP
403,Durand,O'Corrigane,docorriganeb6@domainmarket.com,Male,$506829.61,951842969,IT
404,Carlyle,Hacker,chackerb7@bluehost.com,Male,$371109.01,673682114,CC
405,Colin,Kuller,ckullerb8@newyorker.com,Male,$741964.46,660750169,IT
406,Gleda,Debling,gdeblingb9@sun.com,Female,$296674.16,803296339,IT
407,Federico,Emby,fembyba@etsy.com,Male,$993087.61,149508439,IT
408,Rancell,Caudray,rcaudraybb@nifty.com,Male,$358399.16,667513601,IT
409,Kaine,Millyard,kmillyardbc@admin.ch,Male,$956117.46,535009401,IT
410,Artemas,Spear,aspearbd@t.co,Male,$612184.72,439714133,CC
411,Creighton,Tarbert,ctarbertbe@skype.com,Male,$356846.67,568178405,PP
412,Athena,Duffell,aduffellbf@google.com.au,Female,$710381.11,173979410,IT
413,Hurlee,Rich,hrichbg@github.io,Male,$828728.86,653590605,CC
414,Amerigo,Tregale,atregalebh@technorati.com,Male,$814162.80,501360153,CC
415,Derward,De Cristofalo,ddecristofalobi@mail.ru,Male,$608486.53,375278346,PP
416,Catlee,Burgot,cburgotbj@github.com,Female,$212128.30,203096556,CC
417,Armin,Yackiminie,ayackiminiebk@msn.com,Male,$395108.24,53755318,IT
418,Karena,Duncan,kduncanbl@wikipedia.org,Female,$365692.69,502871121,PP
419,Marten,Hutcheson,mhutchesonbm@google.it,Male,$225437.37,293512569,IT
420,Olvan,O'Dunniom,oodunniombn@w3.org,Male,$459605.93,43467921,PP
421,Drugi,Belfelt,dbelfeltbo@topsy.com,Male,$739900.19,519949787,CC
422,Dennie,Jockle,djocklebp@prnewswire.com,Female,$549268.55,664925355,IT
423,Tirrell,Barnhart,tbarnhartbq@columbia.edu,Male,$798539.89,809937733,IT
424,Violet,Setter,vsetterbr@artisteer.com,Female,$195046.24,678693116,CC
425,Reggy,Coucha,rcouchabs@hud.gov,Male,$253067.35,174702206,PP
426,Stephi,Castangia,scastangiabt@yellowpages.com,Female,$211655.52,1024750939,CC
427,Fonsie,Dollar,fdollarbu@dell.com,Male,$213799.76,937375017,PP
428,Maxwell,Zuanelli,mzuanellibv@nytimes.com,Male,$490762.92,1027558893,CC
429,Trenna,McSkin,tmcskinbw@homestead.com,Female,$115308.12,38322070,IT
430,Jacquelynn,Knocker,jknockerbx@amazonaws.com,Female,$599775.73,555257894,IT
431,Maddi,Mattisssen,mmattisssenby@ed.gov,Female,$321662.46,188968759,IT
432,Nike,Crank,ncrankbz@columbia.edu,Female,$577631.46,423185212,PP
433,Laurena,Rumney,lrumneyc0@house.gov,Female,$411767.80,121423878,PP
434,Dacie,Masey,dmaseyc1@ebay.com,Female,$295562.52,153178752,CC
435,Drusilla,Clair,dclairc2@hostgator.com,Female,$533703.12,286994341,CC
436,Marilee,Grushin,mgrushinc3@nytimes.com,Female,$162866.15,989661784,CC
437,Guthry,Kunkler,gkunklerc4@constantcontact.com,Male,$713345.47,718325874,CC
438,Bud,O'Deegan,bodeeganc5@feedburner.com,Male,$676126.02,929110505,PP
439,Kellen,Backhurst,kbackhurstc6@eepurl.com,Female,$208471.97,584356565,PP
440,Derril,Guildford,dguildfordc7@google.cn,Male,$558388.21,11010194,PP
441,Allina,Goudie,agoudiec8@mediafire.com,Female,$101184.45,541600319,PP
442,Salomon,Jansa,sjansac9@irs.gov,Male,$325994.22,132388098,IT
443,Dominica,Tellenbrok,dtellenbrokca@vk.com,Female,$846529.31,76124796,IT
444,Shell,Hartegan,shartegancb@istockphoto.com,Male,$632682.53,165098485,PP
445,Remy,Ubsdell,rubsdellcc@wisc.edu,Female,$121251.92,143507355,CC
446,Dru,Catcheside,dcatchesidecd@barnesandnoble.com,Male,$312672.02,677583182,CC
447,Keen,Fullstone,kfullstonece@google.com.au,Male,$143364.49,425685891,IT
448,Althea,Stonehewer,astonehewercf@netlog.com,Female,$931542.97,359949741,IT
449,Isidoro,Wellwood,iwellwoodcg@yandex.ru,Male,$858936.93,319753106,IT
450,Marcella,Hugnot,mhugnotch@tuttocitta.it,Female,$460422.81,898065348,PP
451,Norris,Wink,nwinkci@sakura.ne.jp,Male,$419948.18,72447626,CC
452,Antonella,Aleshkov,aaleshkovcj@hp.com,Female,$572441.27,720205350,CC
453,Otto,Bustard,obustardck@nyu.edu,Male,$283270.43,439602571,PP
454,Kelcey,Christaeas,kchristaeascl@intel.com,Female,$225371.00,449222210,IT
455,Tony,Bister,tbistercm@goodreads.com,Female,$435596.16,266722320,IT
456,Bessie,Matthiae,bmatthiaecn@ning.com,Female,$422211.20,237514577,PP
457,Bobbie,Greatorex,bgreatorexco@whitehouse.gov,Female,$812790.89,921835000,PP
458,Mollee,Ghidetti,mghidetticp@nsw.gov.au,Female,$215093.72,538141568,CC
459,Quintana,Cleever,qcleevercq@hc360.com,Female,$770616.82,943269743,CC
460,Ruthe,Jerok,rjerokcr@t.co,Female,$885287.83,282457638,IT
461,Tammy,Colby,tcolbycs@wikimedia.org,Male,$786011.22,754316945,CC
462,Danice,Shernock,dshernockct@wikimedia.org,Female,$636165.83,104641241,PP
463,Cathy,Hothersall,chothersallcu@usnews.com,Female,$727559.57,54272403,CC
464,Tanny,Cooch,tcoochcv@tripod.com,Male,$128648.16,635538633,PP
465,Joye,Blencoe,jblencoecw@bloglovin.com,Female,$560180.85,389938490,CC
466,Nickolas,Nears,nnearscx@umich.edu,Male,$972992.40,560198665,CC
467,Calla,MacIlraith,cmacilraithcy@msu.edu,Female,$762300.15,459886424,PP
468,Alexis,Draysay,adraysaycz@jiathis.com,Male,$530620.46,452824514,PP
469,Donall,Baynon,dbaynond0@home.pl,Male,$267646.77,496608439,PP
470,Ajay,Sottell,asottelld1@springer.com,Female,$947220.09,952035762,IT
471,Lauraine,Jedraszczyk,ljedraszczykd2@usnews.com,Female,$563153.31,685710583,PP
472,Winnie,Matushevitz,wmatushevitzd3@networksolutions.com,Female,$383473.14,575924084,CC
473,Alon,Clipsham,aclipshamd4@yandex.ru,Male,$983633.18,234697735,CC
474,Trevor,Lerohan,tlerohand5@cmu.edu,Male,$132154.23,262927425,CC
475,Sharon,Scoyne,sscoyned6@chronoengine.com,Female,$842458.69,753131631,PP
476,Rabi,Heinle,rheinled7@google.ru,Male,$914710.24,896570638,IT
477,Margarette,Kingdon,mkingdond8@si.edu,Female,$934951.39,666413348,IT
478,Zacharias,Francescoccio,zfrancescocciod9@nydailynews.com,Male,$706188.14,401566119,PP
479,Ranee,Leonida,rleonidada@qq.com,Female,$177794.15,1040608351,IT
480,Larissa,Alvy,lalvydb@rambler.ru,Female,$201683.50,857985445,CC
481,Alasteir,Gorke,agorkedc@umich.edu,Male,$506755.93,309237557,IT
482,Alvie,Crompton,acromptondd@adobe.com,Male,$367941.12,321545388,CC
483,Saul,Heathcott,sheathcottde@vistaprint.com,Male,$384882.33,678986767,PP
484,Austina,Morrow,amorrowdf@phpbb.com,Female,$516016.87,392036205,PP
485,Jehu,Giovanitti,jgiovanittidg@phoca.cz,Male,$549387.55,52382381,IT
486,Ronald,Cotsford,rcotsforddh@about.me,Male,$673675.20,742655476,CC
487,Pandora,Fridd,pfridddi@dagondesign.com,Female,$754024.86,1042388183,CC
488,Glenda,Maddie,gmaddiedj@usda.gov,Female,$979293.22,863966713,IT
489,Melosa,Acheson,machesondk@example.com,Female,$378593.19,500588143,CC
490,Jody,Vasser,jvasserdl@sakura.ne.jp,Female,$886604.50,513354555,IT
491,Garold,Poel,gpoeldm@vkontakte.ru,Male,$124361.39,740398662,CC
492,Sherye,Hackey,shackeydn@jigsy.com,Female,$710949.03,925492874,PP
493,Fields,Ourtic,fourticdo@t.co,Male,$543614.43,873774990,CC
494,Leonidas,Flowers,lflowersdp@jigsy.com,Male,$864048.94,462638119,IT
495,Brandyn,Youngs,byoungsdq@xrea.com,Male,$907523.11,938984678,IT
496,Hatty,Stango,hstangodr@apache.org,Female,$401020.63,1004376033,PP
497,Ximenez,Whitticks,xwhitticksds@uol.com.br,Male,$324696.25,14601680,IT
498,Doris,Sarrell,dsarrelldt@amazonaws.com,Female,$925154.34,850978801,PP
499,Derrek,Vaen,dvaendu@archive.org,Male,$541337.06,427427157,IT
500,Brad,McLewd,bmclewddv@sciencedirect.com,Male,$602412.93,244299640,IT
501,Aretha,Millott,amillottdw@bandcamp.com,Female,$301495.82,44460605,CC
502,Talia,Nollet,tnolletdx@example.com,Female,$645709.42,1017613302,IT
503,Maynord,Jarrard,mjarrarddy@utexas.edu,Male,$867965.12,306823603,PP
504,Bobbie,Buddleigh,bbuddleighdz@prlog.org,Female,$251357.33,885618032,CC
505,Edin,Prevost,eprevoste0@taobao.com,Female,$439577.39,208107580,IT
506,Abigale,Tregensoe,atregensoee1@wufoo.com,Female,$283943.00,237164300,CC
507,Arlen,Purseglove,apurseglovee2@mashable.com,Female,$672038.91,84633489,IT
508,Andrey,Taylour,atayloure3@sogou.com,Male,$729188.78,506548358,CC
509,Harman,Diament,hdiamente4@earthlink.net,Male,$532612.86,195200726,PP
510,Mac,Bilton,mbiltone5@oaic.gov.au,Male,$664619.88,439249005,IT
511,Debera,Ratter,drattere6@addthis.com,Female,$508654.93,456573795,PP
512,Gay,Kures,gkurese7@simplemachines.org,Female,$669951.88,361051273,PP
513,Ealasaid,Harroll,eharrolle8@oaic.gov.au,Female,$270226.10,62705858,CC
514,Darwin,Cesconi,dcesconie9@dagondesign.com,Male,$782323.78,839494859,PP
515,Massimo,Babbidge,mbabbidgeea@mapquest.com,Male,$201581.79,183874124,IT
516,Westley,MacDermand,wmacdermandeb@blogger.com,Male,$933647.66,419445438,CC
517,Amandie,Deville,adevilleec@parallels.com,Female,$713728.68,558546511,PP
518,Kylila,Pyzer,kpyzered@desdev.cn,Female,$964742.15,693068169,CC
519,Dallas,Balam,dbalamee@youtube.com,Female,$506421.36,252879515,IT
520,Mark,Scotfurth,mscotfurthef@ocn.ne.jp,Male,$829742.50,426668162,PP
521,Fowler,Hebdon,fhebdoneg@cnbc.com,Male,$768008.00,292941321,IT
522,Rollin,Nower,rnowereh@house.gov,Male,$715992.79,617282519,CC
523,Brunhilda,Sales,bsalesei@mlb.com,Female,$786613.20,288182505,CC
524,Meghan,Mowle,mmowleej@ucla.edu,Female,$426961.27,884388375,CC
525,Guinna,Coleby,gcolebyek@omniture.com,Female,$905111.28,729583737,IT
526,Bret,Olivie,bolivieel@baidu.com,Male,$981033.53,319730132,IT
527,Renato,Marde,rmardeem@nba.com,Male,$559704.95,822683654,IT
528,Carley,Hiseman,chisemanen@360.cn,Female,$642847.88,575085043,IT
529,Jackson,Le Barr,jlebarreo@joomla.org,Male,$981206.97,375640303,CC
530,Krystal,Klimov,kklimovep@princeton.edu,Female,$890180.75,366657009,CC
531,Elianore,Kagan,ekaganeq@issuu.com,Female,$100879.42,974693475,IT
532,Ephrayim,Whenham,ewhenhamer@soup.io,Male,$739038.66,47900247,PP
533,Ardene,Kenworthey,akenwortheyes@google.cn,Female,$884017.81,619240576,IT
534,Austin,Stears,astearset@cornell.edu,Female,$972943.49,779674009,CC
535,Isabelita,Silverston,isilverstoneu@flavors.me,Female,$937754.78,675248780,CC
536,Freddy,Stobbie,fstobbieev@va.gov,Male,$703979.31,308795004,IT
537,Merell,Gregolotti,mgregolottiew@hatena.ne.jp,Male,$170309.87,171142867,CC
538,Belicia,Hocking,bhockingex@example.com,Female,$576089.26,797185423,PP
539,Drusy,Arnli,darnliey@constantcontact.com,Female,$300607.87,434854252,PP
540,Sauveur,Benley,sbenleyez@goo.ne.jp,Male,$270964.76,208559618,IT
541,Giorgi,Ramsbotham,gramsbothamf0@aboutads.info,Male,$959004.84,297494894,IT
542,Cristin,Dillinger,cdillingerf1@nbcnews.com,Female,$259971.10,171445179,CC
543,Dede,Fanti,dfantif2@blogtalkradio.com,Female,$377721.71,227618421,PP
544,Alidia,MacLise,amaclisef3@skyrock.com,Female,$198303.75,248684505,IT
545,Ainsley,Cozzi,acozzif4@topsy.com,Female,$532427.76,890955589,PP
546,Hewett,Fowley,hfowleyf5@globo.com,Male,$914875.32,570002503,PP
547,Giulietta,Keller,gkellerf6@merriam-webster.com,Female,$953537.94,463281053,IT
548,Cletus,Nuton,cnutonf7@dot.gov,Male,$817858.72,1034659686,PP
549,Shawnee,Starr,sstarrf8@instagram.com,Female,$341753.03,1041361891,PP
550,Ogden,Bordessa,obordessaf9@si.edu,Male,$190419.41,167791321,IT
551,Don,Dawbury,ddawburyfa@gnu.org,Male,$624548.76,589618955,CC
552,Gui,Whapple,gwhapplefb@sitemeter.com,Female,$549285.53,337891659,PP
553,Darin,Ivison,divisonfc@ucsd.edu,Male,$955110.21,982146058,PP
554,Margaretha,McBay,mmcbayfd@weebly.com,Female,$485496.30,346876359,CC
555,Trueman,Acheson,tachesonfe@clickbank.net,Male,$337074.82,1029945845,CC
556,Yves,Atrill,yatrillff@blogtalkradio.com,Male,$415545.20,921229992,PP
557,Babb,Kolczynski,bkolczynskifg@wiley.com,Female,$620913.25,911489283,PP
558,Christophe,Antrack,cantrackfh@aol.com,Male,$195706.91,809802529,IT
559,Corenda,Haibel,chaibelfi@parallels.com,Female,$612513.67,500337698,CC
560,Evie,Millichap,emillichapfj@cisco.com,Female,$243924.28,714662774,PP
561,Lyndsay,Upchurch,lupchurchfk@blogger.com,Female,$953336.05,545990624,IT
562,Cam,Lillecrap,clillecrapfl@ameblo.jp,Male,$708184.21,78709422,PP
563,Even,Sapshed,esapshedfm@eepurl.com,Male,$264834.35,584555561,IT
564,Winni,Stothard,wstothardfn@opensource.org,Female,$642449.32,930669589,CC
565,Jodee,Jaumet,jjaumetfo@topsy.com,Female,$356241.14,759774353,IT
566,Zacharias,Nann,znannfp@stanford.edu,Male,$447190.11,211193282,IT
567,Jerrine,Garvey,jgarveyfq@sciencedaily.com,Female,$409798.97,977045490,PP
568,Shaun,Phipard-Shears,sphipardshearsfr@seattletimes.com,Female,$545956.43,200967386,IT
569,Zackariah,Harnwell,zharnwellfs@geocities.jp,Male,$537371.95,50884119,IT
570,Mozelle,Tutton,mtuttonft@vkontakte.ru,Female,$865045.67,131894437,CC
571,Shea,Weigh,sweighfu@rambler.ru,Female,$564546.34,148949720,PP
572,Ansell,Fold,afoldfv@vinaora.com,Male,$435229.65,368340931,CC
573,Tiphanie,Gaiford,tgaifordfw@scribd.com,Female,$538627.19,859894608,PP
574,Micheil,Rangle,mranglefx@house.gov,Male,$998745.50,137455841,CC
575,Audry,Alexsandrov,aalexsandrovfy@fema.gov,Female,$488238.91,678511994,IT
576,Clay,Samples,csamplesfz@nymag.com,Male,$336254.45,520658909,CC
577,Prudence,Shark,psharkg0@virginia.edu,Female,$959106.56,293639314,PP
578,Lorenza,Le Friec,llefriecg1@cbslocal.com,Female,$214165.90,983394399,PP
579,Yoshi,Sackes,ysackesg2@ycombinator.com,Female,$266443.25,48467428,PP
580,Christalle,Garfit,cgarfitg3@china.com.cn,Female,$456127.24,1014098510,PP
581,Lowell,Mottley,lmottleyg4@loc.gov,Male,$459729.36,415988701,CC
582,Merrick,Dymock,mdymockg5@php.net,Male,$378472.29,124762579,PP
583,Shandra,Lowerson,slowersong6@hao123.com,Female,$847112.46,400839633,PP
584,Barris,Seiter,bseiterg7@examiner.com,Male,$944194.56,156314716,IT
585,Shelbi,Tattershaw,stattershawg8@home.pl,Female,$965311.75,956728584,IT
586,Olivie,Jozaitis,ojozaitisg9@answers.com,Female,$343061.37,194037995,CC
587,Russell,Beaton,rbeatonga@army.mil,Male,$873140.55,619802474,IT
588,Barton,de Voiels,bdevoielsgb@51.la,Male,$804358.74,339569918,PP
589,Tadio,Hegden,thegdengc@i2i.jp,Male,$416583.95,1017717518,IT
590,Tabbi,De Fries,tdefriesgd@sitemeter.com,Female,$996827.33,769769493,IT
591,Phoebe,Lobbe,plobbege@mit.edu,Female,$736021.70,724488803,CC
592,Mikkel,Beavon,mbeavongf@people.com.cn,Male,$535426.04,1008018736,IT
593,Bartlett,Weedon,bweedongg@cloudflare.com,Male,$669691.83,987531485,IT
594,Peggi,Eastwell,peastwellgh@newsvine.com,Female,$116247.38,816910302,PP
595,Emmet,Berrecloth,eberreclothgi@e-recht24.de,Male,$174397.76,642529082,PP
596,Wilburt,Worboys,wworboysgj@howstuffworks.com,Male,$550219.61,966162881,CC
597,Myrah,O'Leary,molearygk@biblegateway.com,Female,$339718.04,583457350,CC
598,Kahlil,Tissiman,ktissimangl@myspace.com,Male,$874070.45,361840394,IT
599,Trudey,Bowlas,tbowlasgm@ameblo.jp,Female,$633291.45,1040124555,CC
600,Gene,Piwall,gpiwallgn@hostgator.com,Female,$440076.20,715825486,CC
601,Cassey,Garmons,cgarmonsgo@squidoo.com,Female,$455614.64,34819034,IT
602,Garik,Schurcke,gschurckegp@patch.com,Male,$475225.38,593610618,PP
603,Gertrude,Yakubovics,gyakubovicsgq@mlb.com,Female,$974899.82,202760722,CC
604,Sonia,Andriessen,sandriessengr@ft.com,Female,$755586.25,609413935,PP
605,Annaliese,Riccardo,ariccardogs@nature.com,Female,$222356.25,907892746,IT
606,Garvey,Tie,gtiegt@de.vu,Male,$548987.30,105127900,PP
607,Billie,MacHostie,bmachostiegu@ucsd.edu,Female,$552265.59,229252067,PP
608,Harmon,Elsmore,helsmoregv@imageshack.us,Male,$532026.52,47355597,IT
609,Kerianne,Antonin,kantoningw@marketwatch.com,Female,$292866.01,602889567,IT
610,Maggi,Gosson,mgossongx@webs.com,Female,$541082.70,803995769,IT
611,Berna,Frisdick,bfrisdickgy@mediafire.com,Female,$473908.09,352445715,CC
612,Clare,Kyllford,ckyllfordgz@psu.edu,Male,$260937.14,311964723,PP
613,Farlee,Bean,fbeanh0@springer.com,Male,$389435.28,584905935,PP
614,Joseph,Saltman,jsaltmanh1@cbslocal.com,Male,$932870.45,32592892,IT
615,Poul,Faithfull,pfaithfullh2@icio.us,Male,$119659.87,150307872,IT
616,Leticia,Kauble,lkaubleh3@unblog.fr,Female,$831625.28,271407082,PP
617,Hal,Rehor,hrehorh4@plala.or.jp,Male,$245891.33,506539193,IT
618,Lowrance,Camellini,lcamellinih5@house.gov,Male,$406888.31,761781227,CC
619,Alysia,Ferrino,aferrinoh6@nps.gov,Female,$211732.30,881661017,PP
620,Griffy,Pothbury,gpothburyh7@lulu.com,Male,$724095.49,929554952,IT
621,Nikki,Palatini,npalatinih8@odnoklassniki.ru,Male,$763750.30,536703269,IT
622,Cordula,Rankin,crankinh9@dedecms.com,Female,$523752.54,161708219,PP
623,Laurie,Mathivon,lmathivonha@goo.gl,Male,$562567.55,650906126,IT
624,Almire,Scemp,ascemphb@yahoo.com,Female,$486525.81,20430237,CC
625,Atlante,Awde,aawdehc@youtu.be,Female,$672993.34,413597716,IT
626,Tobias,Hamil,thamilhd@jalbum.net,Male,$410949.43,1041757659,PP
627,Farrah,Aleksankin,faleksankinhe@rediff.com,Female,$346282.41,375040067,PP
628,Sebastian,Ricket,srickethf@1688.com,Male,$793518.74,133034979,PP
629,Lindy,Bracknell,lbracknellhg@opensource.org,Male,$274595.16,14749170,CC
630,Sibley,Kubal,skubalhh@istockphoto.com,Female,$490134.14,82265505,CC
631,Berk,Rampton,bramptonhi@tiny.cc,Male,$483170.22,498287878,IT
632,Johnny,Copnar,jcopnarhj@latimes.com,Male,$304941.68,634322831,PP
633,Janifer,Hay,jhayhk@unc.edu,Female,$659172.91,838270489,IT
634,Keir,Winch,kwinchhl@ezinearticles.com,Male,$424783.80,727318289,CC
635,Brendan,Siege,bsiegehm@youku.com,Male,$676331.32,564497873,CC
636,Shannon,Seeney,sseeneyhn@fc2.com,Male,$604838.59,513677446,IT
637,Millicent,Fealy,mfealyho@apache.org,Female,$343491.66,592883544,CC
638,Lorry,Navarijo,lnavarijohp@ucla.edu,Male,$464225.58,951757352,PP
639,Danette,Proudman,dproudmanhq@flavors.me,Female,$975439.52,149275570,CC
640,Ximenes,Happer,xhapperhr@sun.com,Male,$226533.44,819396098,IT
641,Anna-diane,Mordaunt,amordaunths@studiopress.com,Female,$405685.29,386894536,IT
642,Fianna,Ivasyushkin,fivasyushkinht@goo.gl,Female,$349560.44,81591062,CC
643,Nathaniel,Bound,nboundhu@census.gov,Male,$437279.12,1047559622,IT
644,Herrick,McLaughlan,hmclaughlanhv@soup.io,Male,$602635.13,198111947,PP
645,Gunter,Etter,getterhw@de.vu,Male,$969891.25,548122827,CC
646,Desirae,Gerhold,dgerholdhx@pinterest.com,Female,$345779.79,320641209,CC
647,Fabian,Thunders,fthundershy@disqus.com,Male,$105691.26,671756949,CC
648,Berky,McCole,bmccolehz@wsj.com,Male,$545509.07,46956390,IT
649,Dene,Hiseman,dhisemani0@fotki.com,Male,$624301.43,412929328,PP
650,Frank,Origan,forigani1@bloglovin.com,Female,$759535.89,77022170,PP
651,Gerome,Pearton,gpeartoni2@hexun.com,Male,$412245.70,740138367,IT
652,Grier,Klawi,gklawii3@xrea.com,Female,$293997.12,711716032,PP
653,Dalli,Mac,dmaci4@symantec.com,Male,$962532.15,47299595,PP
654,Alli,Collis,acollisi5@acquirethisname.com,Female,$931572.23,672440636,IT
655,Garrett,Brunelli,gbrunellii6@imdb.com,Male,$256483.14,282987153,PP
656,Mitzi,Papez,mpapezi7@gmpg.org,Female,$574360.67,427013869,PP
657,Tamma,Chaston,tchastoni8@fda.gov,Female,$743831.13,1035365169,PP
658,Vikki,Dullingham,vdullinghami9@acquirethisname.com,Female,$314665.90,122676174,PP
659,Nicola,Collin,ncollinia@zdnet.com,Male,$433389.36,819617902,IT
660,Michel,Keir,mkeirib@histats.com,Female,$899918.08,606188124,PP
661,Dacia,Sherville,dshervilleic@dagondesign.com,Female,$310015.50,734818823,PP
662,Jasmine,Chesser,jchesserid@rambler.ru,Female,$463999.10,739553969,CC
663,Pincus,Ife,pifeie@example.com,Male,$545868.89,632548536,PP
664,Gerrilee,Arminger,garmingerif@dedecms.com,Female,$731733.78,512596121,PP
665,Tallulah,Caseri,tcaseriig@harvard.edu,Female,$880389.35,623906166,IT
666,Rutger,Maultby,rmaultbyih@utexas.edu,Male,$610632.14,443062887,CC
667,Ezequiel,Brussell,ebrussellii@usgs.gov,Male,$208223.98,446227990,IT
668,Trenton,Yousef,tyousefij@jugem.jp,Male,$245611.85,54558210,IT
669,Alisander,Papen,apapenik@aol.com,Male,$100126.26,1037227280,IT
670,Wylie,Wickersley,wwickersleyil@bravesites.com,Male,$199639.17,780299346,PP
671,Hebert,Wallworth,hwallworthim@w3.org,Male,$901272.31,244823380,CC
672,Kevon,Altoft,kaltoftin@mozilla.org,Male,$631203.87,950339141,CC
673,Cynthia,Mc Caughen,cmccaughenio@theatlantic.com,Female,$741423.09,494150315,CC
674,Micah,Helm,mhelmip@tiny.cc,Male,$601629.80,310501119,IT
675,Noby,Lyvon,nlyvoniq@histats.com,Male,$201687.57,490089010,IT
676,Reidar,Annakin,rannakinir@friendfeed.com,Male,$892456.09,967672729,PP
677,Ulla,Idwal Evans,uidwalevansis@sciencedaily.com,Female,$830097.02,558301497,IT
678,Beltran,Grunguer,bgrunguerit@theglobeandmail.com,Male,$690413.27,66822656,IT
679,Wadsworth,Walsh,wwalshiu@friendfeed.com,Male,$778491.09,912399851,PP
680,Codie,Stirling,cstirlingiv@nps.gov,Female,$151374.85,591956145,PP
681,Danice,Koeppe,dkoeppeiw@aol.com,Female,$575461.35,253420782,CC
682,Waldon,Bramall,wbramallix@washingtonpost.com,Male,$119187.13,574950251,IT
683,Nicolea,Dulinty,ndulintyiy@usgs.gov,Female,$593322.47,973874036,PP
684,Martie,Arlidge,marlidgeiz@ask.com,Female,$117136.20,457362653,IT
685,Terrell,Medd,tmeddj0@kickstarter.com,Male,$697186.91,277010020,PP
686,Miller,Casarino,mcasarinoj1@csmonitor.com,Male,$797568.44,357622438,IT
687,Kendricks,Gludor,kgludorj2@princeton.edu,Male,$337428.26,1040750779,IT
688,Valenka,Bromet,vbrometj3@eepurl.com,Female,$752624.41,686397900,CC
689,Minnnie,Littlewood,mlittlewoodj4@answers.com,Female,$192812.60,308751340,PP
690,Bronson,Halsworth,bhalsworthj5@etsy.com,Male,$985150.58,635471825,CC
691,Nessie,Burbage,nburbagej6@bing.com,Female,$635973.39,923377056,IT
692,Fey,Owttrim,fowttrimj7@yale.edu,Female,$240936.18,236880941,CC
693,Dody,Laming,dlamingj8@engadget.com,Female,$831306.14,234736405,CC
694,Cordey,Twohig,ctwohigj9@delicious.com,Female,$693751.93,184033045,CC
695,Gaston,Aguirrezabal,gaguirrezabalja@com.com,Male,$447385.92,711751241,PP
696,Janel,Rutter,jrutterjb@vimeo.com,Female,$458061.14,645176939,CC
697,Teresina,Walbridge,twalbridgejc@vistaprint.com,Female,$938252.13,466438894,CC
698,Adelind,Callway,acallwayjd@narod.ru,Female,$573488.67,730371514,PP
699,Wandie,De Hooge,wdehoogeje@topsy.com,Female,$225902.47,515550539,IT
700,Dora,Yurchishin,dyurchishinjf@walmart.com,Female,$899843.33,451113835,PP
701,Paco,Gryglewski,pgryglewskijg@cargocollective.com,Male,$703182.31,165420111,CC
702,Aimil,Matiashvili,amatiashvilijh@yellowbook.com,Female,$443999.39,173671675,IT
703,Catie,Siddaley,csiddaleyji@google.com.br,Female,$975480.92,829963945,IT
704,Lock,Tizzard,ltizzardjj@hao123.com,Male,$912844.98,611438261,IT
705,Lilas,Wauchope,lwauchopejk@squidoo.com,Female,$267603.51,230430607,CC
706,Daisy,Prando,dprandojl@macromedia.com,Female,$974448.50,715070597,CC
707,Berthe,Grushin,bgrushinjm@cmu.edu,Female,$663599.51,11001827,PP
708,Burch,Massen,bmassenjn@nba.com,Male,$277879.99,730933215,PP
709,Galven,Apps,gappsjo@howstuffworks.com,Male,$983007.87,701682545,CC
710,Jock,Tapsell,jtapselljp@npr.org,Male,$346098.40,894078828,IT
711,Fee,Giamelli,fgiamellijq@theguardian.com,Male,$809061.96,772843306,PP
712,Camilla,Scothern,cscothernjr@google.com.br,Female,$169829.25,131366172,IT
713,Roderick,Daughtrey,rdaughtreyjs@ifeng.com,Male,$803554.41,331425556,IT
714,Birdie,Wardell,bwardelljt@quantcast.com,Female,$892175.90,96860839,IT
715,Fania,Beggi,fbeggiju@moonfruit.com,Female,$760477.70,453533592,IT
716,Blondell,Illingsworth,billingsworthjv@hc360.com,Female,$305665.26,214206605,PP
717,Page,Bore,pborejw@godaddy.com,Female,$781828.65,117694055,CC
718,Charil,Billingham,cbillinghamjx@blinklist.com,Female,$932538.92,883723121,IT
719,Walker,Mc Cahey,wmccaheyjy@last.fm,Male,$252262.53,403130628,IT
720,Chrysa,Scoyles,cscoylesjz@umn.edu,Female,$106706.36,581125168,CC
721,Vitia,Bellfield,vbellfieldk0@twitter.com,Female,$348580.88,9899522,IT
722,Lannie,Gallahue,lgallahuek1@rediff.com,Male,$670836.59,570213136,PP
723,Thaxter,Luxton,tluxtonk2@europa.eu,Male,$490645.02,751905076,CC
724,Haskell,Gath,hgathk3@msu.edu,Male,$486481.52,57423274,CC
725,Chandler,Itzchaki,citzchakik4@noaa.gov,Male,$575200.56,111089398,PP
726,Shaylah,MacGilmartin,smacgilmartink5@bing.com,Female,$914145.08,901566845,CC
727,Wally,Allender,wallenderk6@webnode.com,Male,$176609.38,140187816,IT
728,Gerta,Littrell,glittrellk7@ihg.com,Female,$181212.32,919660732,PP
729,Catlin,Betjes,cbetjesk8@slate.com,Female,$769843.54,667671049,IT
730,Francisco,Antonescu,fantonescuk9@theguardian.com,Male,$905895.94,288842126,PP
731,Huey,Cockney,hcockneyka@noaa.gov,Male,$627580.67,946149434,IT
732,Teddi,Singers,tsingerskb@artisteer.com,Female,$698008.65,29316887,IT
733,Skip,Itskovitz,sitskovitzkc@dyndns.org,Male,$199311.26,39131710,IT
734,Maggy,Coleshill,mcoleshillkd@fc2.com,Female,$204533.01,643458912,PP
735,Hamilton,Geany,hgeanyke@skype.com,Male,$458601.55,730106529,IT
736,Wood,Skune,wskunekf@dagondesign.com,Male,$607630.64,801555246,IT
737,Regina,Ianni,riannikg@imdb.com,Female,$852693.80,340786823,CC
738,Budd,Lickess,blickesskh@ed.gov,Male,$630040.08,100483708,IT
739,Craggie,Gason,cgasonki@archive.org,Male,$110826.81,705406146,PP
740,Aube,Brambell,abrambellkj@digg.com,Male,$499006.85,586010633,PP
741,Agatha,Skyrme,askyrmekk@wufoo.com,Female,$214194.67,312038718,IT
742,Sigmund,Knoton,sknotonkl@bbc.co.uk,Male,$741650.92,902977162,CC
743,Lindy,Brandli,lbrandlikm@aol.com,Female,$836779.68,156897722,CC
744,Tressa,Brazelton,tbrazeltonkn@hao123.com,Female,$981766.38,289714042,IT
745,Agretha,Rubinov,arubinovko@huffingtonpost.com,Female,$312350.95,74393379,IT
746,Marlene,Dell,mdellkp@timesonline.co.uk,Female,$672232.51,968590085,PP
747,Holly,Langelay,hlangelaykq@pbs.org,Male,$630085.42,611543359,CC
748,Stephenie,Wahlberg,swahlbergkr@reverbnation.com,Female,$864161.56,311314909,CC
749,Antonio,Garnsworthy,agarnsworthyks@1und1.de,Male,$574265.84,833600924,CC
750,Herbert,Edlin,hedlinkt@pagesperso-orange.fr,Male,$726170.79,646814541,CC
751,Andriette,Barensky,abarenskyku@acquirethisname.com,Female,$566896.37,1049226249,PP
752,Dian,Skerratt,dskerrattkv@bloglines.com,Female,$867996.54,760250220,PP
753,Karlis,Badam,kbadamkw@uol.com.br,Male,$926859.90,645028623,PP
754,Barty,Scoon,bscoonkx@acquirethisname.com,Male,$788908.96,762328411,IT
755,Kristen,Feldhuhn,kfeldhuhnky@hao123.com,Female,$910286.06,190928002,PP
756,Cherri,Van Schafflaer,cvanschafflaerkz@businessinsider.com,Female,$388468.87,1047699413,CC
757,Hildy,Duthy,hduthyl0@pinterest.com,Female,$714529.09,380337684,CC
758,Idell,Large,ilargel1@twitter.com,Female,$903181.29,732023129,CC
759,Fae,Marshal,fmarshall2@amazon.com,Female,$211910.94,606852247,IT
760,Allene,Michelet,amicheletl3@redcross.org,Female,$227605.06,245809307,IT
761,Keelby,Bowdrey,kbowdreyl4@cbc.ca,Male,$223263.04,452866923,CC
762,Giacomo,Baldocci,gbaldoccil5@goo.gl,Male,$178692.73,990753330,CC
763,Rowland,Gruszczak,rgruszczakl6@slideshare.net,Male,$409423.67,57024429,PP
764,Borg,Oldnall,boldnalll7@shinystat.com,Male,$931914.45,248289113,PP
765,Nicholle,Marqyes,nmarqyesl8@bandcamp.com,Female,$640584.66,737465890,PP
766,Nickey,Grog,ngrogl9@sakura.ne.jp,Male,$488030.94,879562211,PP
767,Artus,Brugh,abrughla@amazon.de,Male,$628636.89,78498357,IT
768,Irvin,Corr,icorrlb@rediff.com,Male,$733805.40,247044503,PP
769,Una,Resun,uresunlc@fda.gov,Female,$939129.79,117603165,CC
770,Ada,Sawnwy,asawnwyld@bloomberg.com,Female,$437554.65,139619582,PP
771,Fionna,Welbelove,fwelbelovele@clickbank.net,Female,$440076.27,519835002,PP
772,Herbie,Armstead,harmsteadlf@umich.edu,Male,$728424.77,373879863,CC
773,Garrard,Mizzi,gmizzilg@dedecms.com,Male,$427127.60,872539329,CC
774,Davita,Beatey,dbeateylh@163.com,Female,$979643.07,65545760,IT
775,Aldous,Booth,aboothli@hao123.com,Male,$893313.09,649349974,IT
776,Ewart,Marunchak,emarunchaklj@gizmodo.com,Male,$759585.27,800322710,CC
777,Josias,Izatt,jizattlk@imageshack.us,Male,$604840.93,1006083934,CC
778,Johnnie,Heskin,jheskinll@domainmarket.com,Male,$306741.45,773133152,CC
779,Warner,Toal,wtoallm@godaddy.com,Male,$737300.14,826862976,PP
780,Jud,Aireton,jairetonln@fema.gov,Male,$385789.69,269119792,PP
781,Pauly,Pidduck,ppidducklo@livejournal.com,Male,$997569.45,654985898,IT
782,Polly,O' Sullivan,posullivanlp@topsy.com,Female,$290867.30,56517383,CC
783,Marlowe,Dellar,mdellarlq@skyrock.com,Male,$187758.17,843357433,PP
784,Pattie,De Gouy,pdegouylr@adobe.com,Male,$385009.97,893831348,IT
785,Cletus,Ogan,coganls@meetup.com,Male,$259760.06,238407095,IT
786,Caresa,Poynter,cpoynterlt@wufoo.com,Female,$709521.34,927287900,PP
787,Mark,Halling,mhallinglu@lycos.com,Male,$263020.10,546066621,CC
788,Ossie,Gabe,ogabelv@psu.edu,Male,$420748.05,252392551,CC
789,Paul,Speed,pspeedlw@aol.com,Male,$809166.49,869884027,PP
790,Ahmad,Hunton,ahuntonlx@etsy.com,Male,$812604.65,318946136,IT
791,Howey,Hallewell,hhallewellly@thetimes.co.uk,Male,$787077.03,119671707,PP
792,Juditha,Fronzek,jfronzeklz@wikimedia.org,Female,$603103.14,117325081,CC
793,Jemima,Atto,jattom0@princeton.edu,Female,$650120.20,776774920,IT
794,Caron,Wrathmall,cwrathmallm1@mtv.com,Female,$673842.20,461855619,IT
795,Sayers,Stott,sstottm2@hhs.gov,Male,$757859.73,878500123,IT
796,Herculie,Hembery,hhemberym3@digg.com,Male,$447469.88,167657247,IT
797,Orlando,Andrin,oandrinm4@washingtonpost.com,Male,$391785.10,1031535438,IT
798,Jone,Ungerechts,jungerechtsm5@freewebs.com,Male,$139593.12,224239292,PP
799,Craggie,O'Dyvoie,codyvoiem6@twitpic.com,Male,$439461.56,836563696,IT
800,Neely,Trippick,ntrippickm7@imgur.com,Female,$749258.46,975019426,PP
801,Laurence,Rosenblum,lrosenblumm8@diigo.com,Male,$524648.26,834146122,IT
802,Tore,Blaber,tblaberm9@nationalgeographic.com,Male,$167644.38,671713979,PP
803,Kaylee,Jeandin,kjeandinma@mapquest.com,Female,$769518.26,1008805727,CC
804,Bogart,Gent,bgentmb@mozilla.org,Male,$316525.68,933352496,CC
805,Northrup,Androck,nandrockmc@icio.us,Male,$201835.28,844949089,IT
806,Glen,Fergyson,gfergysonmd@so-net.ne.jp,Female,$444475.58,308579786,IT
807,Goldarina,Riseley,griseleyme@independent.co.uk,Female,$535198.85,183717233,PP
808,Portie,Puden,ppudenmf@cocolog-nifty.com,Male,$372759.01,454006395,CC
809,Ermanno,Werndly,ewerndlymg@youtube.com,Male,$870338.58,398505209,CC
810,Ellerey,Batistelli,ebatistellimh@domainmarket.com,Male,$235139.82,344868781,IT
811,Owen,Petrashov,opetrashovmi@networksolutions.com,Male,$701029.15,194136218,PP
812,Gypsy,Louder,gloudermj@umich.edu,Female,$771831.74,392269685,IT
813,Garald,Pole,gpolemk@wufoo.com,Male,$610408.57,11405979,IT
814,Bree,De Atta,bdeattaml@amazon.co.uk,Female,$659452.13,662676440,PP
815,Fabio,Augie,faugiemm@timesonline.co.uk,Male,$343121.36,836247335,CC
816,Kermie,Laurencot,klaurencotmn@washington.edu,Male,$961528.14,942065007,IT
817,Westbrook,Brooking,wbrookingmo@cam.ac.uk,Male,$397575.12,405525983,PP
818,Diann,Ickovici,dickovicimp@newyorker.com,Female,$144505.52,687348273,PP
819,Joey,Brickhill,jbrickhillmq@phpbb.com,Female,$297191.41,66866425,PP
820,Hesther,Seleway,hselewaymr@omniture.com,Female,$745627.76,859634419,IT
821,Malinde,Hirtz,mhirtzms@shutterfly.com,Female,$431470.71,689959688,CC
822,Celisse,Papen,cpapenmt@icq.com,Female,$534539.97,754338423,IT
823,Saloma,Storah,sstorahmu@auda.org.au,Female,$818783.67,696806366,IT
824,Chelsae,Deschelle,cdeschellemv@zdnet.com,Female,$783964.17,541841281,CC
825,Brandyn,Pococke,bpocockemw@wunderground.com,Male,$471259.11,888813182,IT
826,Obidiah,Harland,oharlandmx@elpais.com,Male,$596351.32,11059848,CC
827,Joana,Everley,jeverleymy@unc.edu,Female,$222186.01,243843273,PP
828,Larry,Pennazzi,lpennazzimz@ocn.ne.jp,Male,$594768.14,854636745,IT
829,Krystyna,Volett,kvolettn0@seattletimes.com,Female,$611290.24,877743587,PP
830,Lelia,Juster,ljustern1@com.com,Female,$854099.01,796209990,PP
831,Raimundo,Feyer,rfeyern2@google.com.hk,Male,$296238.49,97138476,PP
832,Hank,Hedylstone,hhedylstonen3@pbs.org,Male,$171085.74,129650528,PP
833,Neale,Hopkins,nhopkinsn4@fda.gov,Male,$763091.91,115167612,CC
834,Gabey,Deaville,gdeavillen5@discuz.net,Female,$756337.02,434174414,CC
835,Jeannie,Cuthbert,jcuthbertn6@sina.com.cn,Female,$495168.55,504806526,IT
836,Salvador,Ebbs,sebbsn7@chicagotribune.com,Male,$295777.43,1028101546,CC
837,Gabey,Deverell,gdeverelln8@godaddy.com,Female,$438091.84,962554701,CC
838,Rand,Rosenkrantz,rrosenkrantzn9@china.com.cn,Male,$139915.90,105365651,IT
839,Hobart,Spondley,hspondleyna@123-reg.co.uk,Male,$795765.36,562275223,IT
840,Bee,Sollas,bsollasnb@newsvine.com,Female,$214567.23,869549555,IT
841,Brand,Allcoat,ballcoatnc@marketwatch.com,Male,$282879.69,619228949,IT
842,Elfie,Kiggel,ekiggelnd@msn.com,Female,$677562.50,168292517,CC
843,Ericka,Denny,edennyne@cam.ac.uk,Female,$923924.53,223487055,CC
844,Brion,Knappett,bknappettnf@addtoany.com,Male,$585066.31,454751965,CC
845,Minetta,Reardon,mreardonng@amazon.de,Female,$789022.34,701155984,IT
846,Spence,Millhouse,smillhousenh@cdbaby.com,Male,$706367.28,303566854,PP
847,Hugibert,Foister,hfoisterni@oaic.gov.au,Male,$798047.30,985188015,IT
848,Modesta,Forrestall,mforrestallnj@ox.ac.uk,Female,$102635.66,899619120,CC
849,Guthrey,Altoft,galtoftnk@merriam-webster.com,Male,$814879.60,288176233,PP
850,Lon,Brignell,lbrignellnl@cmu.edu,Male,$815894.63,579271561,IT
851,Silvan,Locks,slocksnm@huffingtonpost.com,Male,$877502.57,328213335,PP
852,Isak,von Grollmann,ivongrollmannnn@de.vu,Male,$540071.20,248874326,IT
853,Benni,Jacobsohn,bjacobsohnno@ihg.com,Female,$264282.73,901267735,CC
854,Keith,Ranstead,kransteadnp@tamu.edu,Male,$531745.16,408918736,PP
855,Camille,Betje,cbetjenq@amazon.de,Female,$486351.59,416308533,CC
856,Hortensia,Ewan,hewannr@wikispaces.com,Female,$716396.17,435602966,PP
857,Helge,Lavington,hlavingtonns@smugmug.com,Female,$364002.65,411606971,PP
858,Becka,Guitonneau,bguitonneaunt@bigcartel.com,Female,$810453.96,403628892,PP
859,Viviyan,Titman,vtitmannu@cnn.com,Female,$341599.59,581402839,PP
860,Rosabelle,McKue,rmckuenv@discovery.com,Female,$976501.94,535525104,CC
861,Tiphanie,Melan,tmelannw@jigsy.com,Female,$487295.18,486846897,IT
862,Emlyn,Smitherham,esmitherhamnx@ibm.com,Female,$940044.35,308122496,CC
863,Madonna,Usborn,musbornny@usgs.gov,Female,$447730.86,233942794,PP
864,Remus,Learoyd,rlearoydnz@google.com.br,Male,$369192.43,101195587,CC
865,Stoddard,Anker,sankero0@weebly.com,Female,$184387.21,113036790,IT
866,Evelyn,Billett,ebilletto1@mayoclinic.com,Male,$988102.15,720518022,IT
867,Myron,Bossel,mbosselo2@netvibes.com,Male,$952278.85,743985271,IT
868,Dulciana,McGarrahan,dmcgarrahano3@mozilla.com,Female,$604913.32,996824305,PP
869,Anna-maria,Foltin,afoltino4@cpanel.net,Female,$329148.58,148370134,PP
870,Gordy,Janew,gjanewo5@webmd.com,Male,$993877.98,92696549,IT
871,Candide,Houchen,choucheno6@live.com,Female,$398559.51,601439290,CC
872,Moselle,Edwin,medwino7@constantcontact.com,Female,$149349.83,153863906,CC
873,Farah,Ovett,fovetto8@tuttocitta.it,Female,$413027.66,41427041,PP
874,Margaretta,Gennrich,mgennricho9@soundcloud.com,Female,$830604.74,642932156,CC
875,Percy,Ewington,pewingtonoa@wikia.com,Male,$117440.04,606645214,PP
876,Francklin,Genney,fgenneyob@vkontakte.ru,Male,$847513.17,156826646,CC
877,Dennet,Skellington,dskellingtonoc@ucsd.edu,Male,$426871.96,751359991,CC
878,Conn,Coppins,ccoppinsod@flickr.com,Male,$965972.62,241661781,IT
879,Nertie,Woodcock,nwoodcockoe@ow.ly,Female,$171825.24,46644183,IT
880,Natasha,Whyffen,nwhyffenof@freewebs.com,Female,$790913.50,400559951,PP
881,Catha,Farnaby,cfarnabyog@sciencedaily.com,Female,$956268.67,973485220,CC
882,Marianna,Pulver,mpulveroh@hp.com,Female,$287204.28,416402765,IT
883,Korney,Luttger,kluttgeroi@t-online.de,Female,$290752.36,504775181,IT
884,Darryl,Formilli,dformillioj@apple.com,Male,$134085.36,407844301,CC
885,Bernardine,Oby,bobyok@histats.com,Female,$740903.99,497809973,CC
886,Erny,MacDearmont,emacdearmontol@about.me,Male,$631653.09,467221630,IT
887,Pepi,Geindre,pgeindreom@friendfeed.com,Female,$918210.17,323326631,PP
888,Winne,Lugsdin,wlugsdinon@printfriendly.com,Female,$239479.61,786623657,CC
889,Denys,Lathleiffure,dlathleiffureoo@webmd.com,Male,$167677.25,627972424,IT
890,Jefferey,Sea,jseaop@virginia.edu,Male,$759132.66,972708528,CC
891,Scarlett,Bamber,sbamberoq@stumbleupon.com,Female,$161306.32,892358614,PP
892,Stephenie,Borer,sboreror@cnbc.com,Female,$699677.33,987703374,IT
893,Sherwin,Belleny,sbellenyos@friendfeed.com,Male,$948241.65,146606801,IT
894,Izaak,Doornbos,idoornbosot@chicagotribune.com,Male,$780888.06,567272531,PP
895,Taddeusz,Matyushonok,tmatyushonokou@google.co.uk,Male,$496407.73,503691184,CC
896,Laurel,Lightbourne,llightbourneov@yelp.com,Female,$628336.41,806790408,CC
897,Godfry,Burdell,gburdellow@acquirethisname.com,Male,$942227.56,253935821,CC
898,Mohandas,Peirpoint,mpeirpointox@merriam-webster.com,Male,$779282.22,277413030,CC
899,Darlene,Broadley,dbroadleyoy@tiny.cc,Female,$829563.50,782469541,CC
900,Eberto,Noe,enoeoz@yolasite.com,Male,$391352.63,86973929,PP
901,Brigitte,Viles,bvilesp0@microsoft.com,Female,$921370.47,922255313,CC
902,Anabel,Orrocks,aorrocksp1@is.gd,Female,$308442.73,1018839048,PP
903,Miriam,Blumire,mblumirep2@alexa.com,Female,$405737.08,529570909,PP
904,Christel,Larose,clarosep3@buzzfeed.com,Female,$591883.68,414923159,CC
905,Fulvia,Ryton,frytonp4@phoca.cz,Female,$236533.67,336904889,IT
906,Douglass,Pearmain,dpearmainp5@reuters.com,Male,$788149.25,428247296,CC
907,Jule,Southey,jsoutheyp6@oaic.gov.au,Male,$845347.73,252252037,PP
908,Lynna,Wankel,lwankelp7@wikia.com,Female,$910676.34,498855638,IT
909,Burtie,Berggren,bberggrenp8@state.gov,Male,$981822.66,666490181,CC
910,Myrtie,Quennell,mquennellp9@opensource.org,Female,$116752.38,409447326,CC
911,Emmie,Mathewes,emathewespa@google.fr,Female,$331396.91,669607432,CC
912,Dwight,Gaddesby,dgaddesbypb@tamu.edu,Male,$497445.48,586866162,CC
913,Bertrando,Lammert,blammertpc@behance.net,Male,$786231.05,593150030,PP
914,Fidelia,Fleischer,ffleischerpd@cnbc.com,Female,$843709.22,227932348,PP
915,Freddy,Rickards,frickardspe@columbia.edu,Male,$916972.53,550965018,PP
916,Frederick,Golby,fgolbypf@mozilla.org,Male,$407163.78,218017892,IT
917,Allyce,Angrock,aangrockpg@accuweather.com,Female,$882560.43,250387030,CC
918,Zach,Lindell,zlindellph@arstechnica.com,Male,$170488.37,978264028,PP
919,Magnum,Kundert,mkundertpi@miibeian.gov.cn,Male,$816382.65,801299897,CC
920,Iseabal,Shackesby,ishackesbypj@deviantart.com,Female,$136694.79,521257321,IT
921,Derk,Bradbrook,dbradbrookpk@artisteer.com,Male,$459304.52,687681345,IT
922,Sandra,McKellen,smckellenpl@hibu.com,Female,$398264.85,67768666,PP
923,Jennine,Yankishin,jyankishinpm@surveymonkey.com,Female,$509780.93,570375461,CC
924,Lindie,Hixson,lhixsonpn@tinypic.com,Female,$132163.99,115358477,CC
925,Robin,Strathern,rstrathernpo@bluehost.com,Female,$120989.13,427798690,CC
926,Garrick,Slorach,gslorachpp@vk.com,Male,$260143.11,207016838,IT
927,Marlie,Winch,mwinchpq@hao123.com,Female,$679983.42,421564216,PP
928,Jeramie,Willgoose,jwillgoosepr@diigo.com,Male,$463083.54,375874314,CC
929,Jose,Legges,jleggesps@a8.net,Male,$515959.97,703950638,IT
930,Gwynne,Pinchbeck,gpinchbeckpt@jalbum.net,Female,$943620.89,117118030,CC
931,Maryanna,Paolucci,mpaoluccipu@nhs.uk,Female,$245045.58,904672638,PP
932,Tibold,Mathison,tmathisonpv@forbes.com,Male,$428864.86,631542498,CC
933,Johnette,Pawlaczyk,jpawlaczykpw@mashable.com,Female,$613855.87,305588322,CC
934,Dot,Ceci,dcecipx@sohu.com,Female,$459945.41,191980401,PP
935,Burtie,Cholomin,bcholominpy@odnoklassniki.ru,Male,$675408.69,149021992,CC
936,Frazer,Hamel,fhamelpz@nasa.gov,Male,$715520.65,268926399,IT
937,Emlyn,Davet,edavetq0@netlog.com,Female,$182548.28,55777610,PP
938,Georgianne,Brewitt,gbrewittq1@deliciousdays.com,Female,$197763.49,645926324,CC
939,Bevon,Barter,bbarterq2@cargocollective.com,Male,$997622.86,669211687,IT
940,Valenka,Bolton,vboltonq3@noaa.gov,Female,$153940.13,68713006,CC
941,Rorke,Seamons,rseamonsq4@bbc.co.uk,Male,$346745.09,933363070,IT
942,Claude,Glavin,cglavinq5@businessweek.com,Female,$843584.87,373989194,CC
943,Mikey,Goldster,mgoldsterq6@forbes.com,Male,$155000.69,986397133,IT
944,Nathanael,Gateley,ngateleyq7@feedburner.com,Male,$986254.60,27577748,IT
945,Lela,Patise,lpatiseq8@latimes.com,Female,$737086.37,119336620,CC
946,Trefor,McElroy,tmcelroyq9@comsenz.com,Male,$168240.08,896862899,PP
947,Pennie,Senyard,psenyardqa@cdbaby.com,Male,$275632.43,875961769,CC
948,Janenna,Dahlman,jdahlmanqb@unicef.org,Female,$827665.99,1025549177,PP
949,Price,Bullent,pbullentqc@springer.com,Male,$747831.46,280358765,PP
950,Priscilla,Bagot,pbagotqd@npr.org,Female,$942259.07,344160846,IT
951,Joye,Dugdale,jdugdaleqe@smugmug.com,Female,$256583.69,933599843,IT
952,Matthias,Foister,mfoisterqf@bbb.org,Male,$896486.35,518863434,PP
953,Elsbeth,Pleming,eplemingqg@jugem.jp,Female,$879735.69,307078055,CC
954,Balduin,Kupis,bkupisqh@so-net.ne.jp,Male,$364710.52,115041501,PP
955,Ingra,Tideswell,itideswellqi@fema.gov,Male,$767582.25,237692289,IT
956,Jeana,Hatliff,jhatliffqj@bluehost.com,Female,$129840.59,387132032,CC
957,Winston,Lark,wlarkqk@amazon.co.jp,Male,$558759.65,789556444,IT
958,Pacorro,Brown,pbrownql@icio.us,Male,$426613.55,19800744,CC
959,Roma,Lawrance,rlawranceqm@storify.com,Male,$758719.99,377431033,IT
960,Arnoldo,Camber,acamberqn@dot.gov,Male,$448116.02,642192018,PP
961,Gwendolin,Cutforth,gcutforthqo@twitpic.com,Female,$361709.54,673229764,PP
962,Dyna,Shakespear,dshakespearqp@virginia.edu,Female,$285015.67,612933576,IT
963,Raffaello,Domico,rdomicoqq@gmpg.org,Male,$871095.39,410855660,PP
964,Elizabeth,Ralphs,eralphsqr@usa.gov,Female,$519649.98,651073239,IT
965,Magnum,O'Hegertie,mohegertieqs@imageshack.us,Male,$467780.72,726062693,PP
966,Hamish,Studeart,hstudeartqt@cbslocal.com,Male,$311266.12,353136909,PP
967,Hattie,Jeyes,hjeyesqu@accuweather.com,Female,$946162.94,782809534,PP
968,Starlin,Labell,slabellqv@youtu.be,Female,$373795.72,294553562,CC
969,Lothaire,Glanville,lglanvilleqw@harvard.edu,Male,$507470.86,543227447,IT
970,Maurene,Pellington,mpellingtonqx@delicious.com,Female,$741281.94,439472816,PP
971,Keenan,Byrne,kbyrneqy@odnoklassniki.ru,Male,$831795.83,934711887,IT
972,Darlene,Cartwight,dcartwightqz@fema.gov,Female,$943865.46,654493526,CC
973,Salomi,Lelievre,slelievrer0@networkadvertising.org,Female,$122833.09,656227573,IT
974,Pat,MacParlan,pmacparlanr1@netscape.com,Female,$333565.05,762616315,PP
975,Simon,Ibbotson,sibbotsonr2@posterous.com,Male,$804104.27,498224329,CC
976,Woody,Luffman,wluffmanr3@ucoz.com,Male,$218511.33,969062652,PP
977,Thorstein,Baudins,tbaudinsr4@hexun.com,Male,$512949.61,943229177,PP
978,Padraig,Becom,pbecomr5@vk.com,Male,$571614.21,764577845,IT
979,Quintus,Sawyer,qsawyerr6@altervista.org,Male,$219191.24,364739506,PP
980,Jammal,Iacobucci,jiacobuccir7@privacy.gov.au,Male,$206519.23,568392660,IT
981,Sinclare,Slemming,sslemmingr8@latimes.com,Male,$540038.59,684963838,CC
982,Ole,Clifforth,oclifforthr9@ihg.com,Male,$384351.65,474322511,PP
983,Holden,Menichelli,hmenichellira@nyu.edu,Male,$997586.80,1023335434,CC
984,Louis,Towey,ltoweyrb@issuu.com,Male,$645184.54,725163118,PP
985,Bradley,Taffurelli,btaffurellirc@slate.com,Male,$891125.82,682405350,IT
986,Ladonna,Spurdens,lspurdensrd@is.gd,Female,$666697.90,67094075,PP
987,Jayne,Birbeck,jbirbeckre@mashable.com,Female,$956598.24,414949705,PP
988,Judon,Gussie,jgussierf@walmart.com,Male,$476688.73,851607261,CC
989,Sam,Dillon,sdillonrg@ebay.co.uk,Female,$519200.41,605069456,IT
990,Kerk,Kennet,kkennetrh@ihg.com,Male,$842200.32,715377398,PP
991,Patrica,MacDonald,pmacdonaldri@goo.gl,Female,$874370.15,712917251,CC
992,Roxanna,Risbridge,rrisbridgerj@oaic.gov.au,Female,$749563.54,120636105,PP
993,Mathian,Glusby,mglusbyrk@mozilla.com,Male,$234480.29,428136598,CC
994,Ellie,Danhel,edanhelrl@g.co,Female,$543398.75,370189756,CC
995,Matteo,Beynkn,mbeynknrm@storify.com,Male,$837385.36,530219939,PP
996,Hilario,Hargraves,hhargravesrn@usa.gov,Male,$457622.01,604740529,IT
997,Elwood,Bygrave,ebygravero@edublogs.org,Male,$409988.78,928600585,IT
998,Lyssa,Fleeming,lfleemingrp@geocities.com,Female,$166364.86,169782708,CC
999,Hymie,Florio,hfloriorq@godaddy.com,Male,$322438.08,843924806,PP
1000,Dale,Dearing,ddearingrr@indiatimes.com,Female,$472934.91,797001959,PP
