id,nombre,apellido,email,genero,valor_tx,numero_identificacion,tipo_identificacion
1,Wiley,Ackroyd,wackroyd0@netvibes.com,Male,$549188.00,888116847,CC
2,Theo,Pierton,tpierton1@printfriendly.com,Female,$761157.26,389283103,IT
3,Kelsey,Blaksley,kblaksley2@example.com,Male,$231944.09,278290080,CC
4,Sallie,MacBarron,smacbarron3@e-recht24.de,Female,$907076.66,1001877705,CC
5,Michale,Plaunch,mplaunch4@freewebs.com,Male,$252725.50,735799194,PP
6,Nadean,Kuhwald,nkuhwald5@friendfeed.com,Female,$760277.07,102327515,PP
7,Dallon,Loins,dloins6@salon.com,Male,$165694.83,325731567,IT
8,Herschel,Eccersley,heccersley7@exblog.jp,Male,$740028.48,464420929,PP
9,Melita,Rotte,mrotte8@army.mil,Female,$542787.40,203344987,PP
10,Heloise,Mouton,hmouton9@unesco.org,Female,$135428.59,738736992,IT
11,Blane,Rosterne,brosternea@earthlink.net,Male,$972139.34,778933492,PP
12,Alessandro,Groneway,agronewayb@yale.edu,Male,$407232.21,635199604,IT
13,Ronnie,McMaster,rmcmasterc@yolasite.com,Male,$913406.57,265662803,CC
14,Carr,Peppin,cpeppind@yelp.com,Male,$349865.92,441452666,IT
15,Byran,Nelissen,bnelissene@mac.com,Male,$630053.38,551017914,CC
16,Rae,Bullier,rbullierf@buzzfeed.com,Female,$202294.05,1017666955,IT
17,Kristien,Buncher,kbuncherg@nih.gov,Female,$382429.63,617336185,PP
18,Pennie,Kach,pkachh@discovery.com,Female,$106399.35,755548902,CC
19,Glenda,Rosenthal,grosenthali@google.fr,Female,$345648.14,251555315,CC
20,Ilysa,Lumb,ilumbj@cnet.com,Female,$870416.07,690918199,IT
21,Bren,Searjeant,bsearjeantk@fastcompany.com,Male,$191631.50,148363501,IT
22,Ula,Pally,upallyl@deliciousdays.com,Female,$455965.50,881844978,CC
23,Ezequiel,Lay,elaym@liveinternet.ru,Male,$250213.56,1031528843,PP
24,Gretta,Raffon,graffonn@dailymail.co.uk,Female,$648394.27,396714285,CC
25,Isidore,Djokic,idjokico@mit.edu,Male,$671864.27,503211513,IT
26,Johnathon,Thunnercliff,jthunnercliffp@columbia.edu,Male,$985245.33,85828973,PP
27,Klarrisa,Rubinsohn,krubinsohnq@cdbaby.com,Female,$361305.62,36039069,IT
28,Daryl,Brech,dbrechr@qq.com,Male,$750998.37,679592491,IT
29,Lamont,Fontell,lfontells@google.cn,Male,$673669.25,466090796,IT
30,Elia,Hebard,ehebardt@4shared.com,Male,$328614.13,21880587,CC
31,Steven,Costerd,scosterdu@dyndns.org,Male,$575803.87,640074853,IT
32,Amalea,Brierton,abriertonv@biglobe.ne.jp,Female,$197084.52,832886875,CC
33,Angele,Parres,aparresw@sitemeter.com,Female,$156914.09,356645674,IT
34,Ross,Beddon,rbeddonx@symantec.com,Male,$742495.01,162457733,IT
35,Roosevelt,Pavolini,rpavoliniy@weibo.com,Male,$959180.16,27354310,PP
36,Cammy,Hubner,chubnerz@toplist.cz,Male,$144586.54,170513693,CC
37,Easter,Lippett,elippett10@walmart.com,Female,$719219.04,207823770,IT
38,Abrahan,Kalb,akalb11@cbc.ca,Male,$379196.13,32039114,PP
39,Kelci,Newing,knewing12@bloomberg.com,Female,$870797.27,789396598,CC
40,Cleveland,Churchin,cchurchin13@studiopress.com,Male,$364649.35,451467765,IT
41,Bobby,Potte,bpotte14@pinterest.com,Female,$772407.56,509492029,CC
42,Wendall,Kember,wkember15@businessinsider.com,Male,$550276.89,273991214,IT
43,Correy,Summersby,csummersby16@adobe.com,Female,$319104.21,605216543,CC
44,Cyrill,Hugli,chugli17@symantec.com,Male,$392308.55,489222645,IT
45,Vicky,Splain,vsplain18@twitpic.com,Female,$341376.35,103854824,CC
46,Willette,Shankland,wshankland19@spotify.com,Female,$674392.92,20978807,CC
47,Devonna,Effnert,deffnert1a@ifeng.com,Female,$706991.16,836554714,CC
48,Haydon,Whitelaw,hwhitelaw1b@yandex.ru,Male,$372896.07,321804415,CC
49,Oralie,Androck,oandrock1c@merriam-webster.com,Female,$557597.69,448857197,CC
50,Harri,Danilewicz,hdanilewicz1d@loc.gov,Female,$513733.29,112767707,IT
51,Faber,Elce,felce1e@tmall.com,Male,$500538.36,1037808025,PP
52,Angelle,Ragless,aragless1f@ow.ly,Female,$563990.56,630967987,PP
53,Muhammad,Worrell,mworrell1g@parallels.com,Male,$699092.16,558919484,IT
54,Siusan,Crop,scrop1h@cnet.com,Female,$324015.12,336227957,PP
55,Celestia,Jendricke,cjendricke1i@networkadvertising.org,Female,$451265.59,210347658,PP
56,Geri,Shaefer,gshaefer1j@hc360.com,Female,$413065.75,338312957,IT
57,Tish,Grigolli,tgrigolli1k@behance.net,Female,$586167.08,857688219,CC
58,Kristin,Bladesmith,kbladesmith1l@answers.com,Female,$389011.59,358165285,IT
59,Prentiss,Slainey,pslainey1m@ebay.com,Male,$545172.25,347170396,PP
60,Everett,Wasylkiewicz,ewasylkiewicz1n@paginegialle.it,Male,$440641.19,342795571,PP
61,Ardene,Buckthorpe,abuckthorpe1o@behance.net,Female,$353505.23,412590025,PP
62,Shelagh,Chapelhow,schapelhow1p@ustream.tv,Female,$389112.22,176924148,CC
63,Nil,Clevely,nclevely1q@narod.ru,Male,$522135.52,349213080,PP
64,Boycie,Chitter,bchitter1r@tripadvisor.com,Male,$491185.77,845809485,CC
65,Oberon,Searston,osearston1s@sciencedirect.com,Male,$217737.65,896940038,CC
66,Rosana,Hacking,rhacking1t@sitemeter.com,Female,$102056.95,564210984,PP
67,Andie,Jeannin,ajeannin1u@nbcnews.com,Female,$497589.38,692874805,CC
68,Donetta,Brewett,dbrewett1v@canalblog.com,Female,$961970.87,803665137,PP
69,Anjela,Frensch,afrensch1w@ovh.net,Female,$435643.27,462406938,PP
70,Walton,Ilem,wilem1x@t.co,Male,$667085.09,251828463,IT
71,Cordy,McTrustram,cmctrustram1y@stanford.edu,Male,$761307.11,307487489,IT
72,Hy,Chicchelli,hchicchelli1z@technorati.com,Male,$391096.41,215355716,PP
73,Terri-jo,Adelberg,tadelberg20@admin.ch,Female,$223098.26,923183366,CC
74,Prudence,Twyford,ptwyford21@diigo.com,Female,$940797.52,368810615,IT
75,Katine,Dodamead,kdodamead22@nbcnews.com,Female,$151821.88,411059304,CC
76,Blithe,Quarrington,bquarrington23@about.com,Female,$521879.62,817382975,CC
77,Bran,Wallace,bwallace24@jugem.jp,Male,$244496.22,166732982,PP
78,Bryn,Justice,bjustice25@globo.com,Male,$247498.54,791483610,PP
79,Oates,Sitch,ositch26@zimbio.com,Male,$146777.73,578072798,PP
80,Frederik,Bourgeois,fbourgeois27@army.mil,Male,$935423.77,196646419,IT
81,Rozalin,Hirtz,rhirtz28@surveymonkey.com,Female,$611364.97,168363368,IT
82,Giavani,Keilloh,gkeilloh29@pcworld.com,Male,$573245.39,650853159,IT
83,Harland,Christoffersen,hchristoffersen2a@google.de,Male,$120404.80,335830573,IT
84,Skippie,Elldred,selldred2b@t-online.de,Male,$250915.00,201530848,IT
85,Frans,Colbridge,fcolbridge2c@phoca.cz,Male,$250419.76,1030333360,IT
86,Barb,Shoulder,bshoulder2d@cnbc.com,Female,$552352.78,768306717,IT
87,Ber,Allabarton,ballabarton2e@aboutads.info,Male,$377790.68,203826540,PP
88,Gerrard,Demke,gdemke2f@devhub.com,Male,$413849.28,791555317,PP
89,Debby,Dengate,ddengate2g@theguardian.com,Female,$519435.26,79853604,PP
90,Etienne,Bartalucci,ebartalucci2h@sbwire.com,Male,$528222.57,796310106,CC
91,Arlana,Eltringham,aeltringham2i@hatena.ne.jp,Female,$573869.91,325212018,CC
92,Fabio,McGougan,fmcgougan2j@google.it,Male,$624449.39,586075019,PP
93,Audrye,Jacobbe,ajacobbe2k@illinois.edu,Female,$409691.77,312092009,IT
94,Darcy,Storcke,dstorcke2l@macromedia.com,Male,$720608.91,194496676,PP
95,Theodore,Goody,tgoody2m@youtu.be,Male,$631552.25,659760994,PP
96,Alysa,L'Homme,alhomme2n@exblog.jp,Female,$164959.95,10477303,IT
97,Scott,Glazzard,sglazzard2o@arizona.edu,Male,$661857.90,275131408,IT
98,Eugen,Moffat,emoffat2p@163.com,Male,$443230.28,1013372693,IT
99,Susana,Ongin,songin2q@vk.com,Female,$416596.83,193964723,IT
100,Cybill,Dalgety,cdalgety2r@nba.com,Female,$463181.35,329124618,CC
101,Gothart,Kob,gkob2s@smugmug.com,Male,$984300.62,367566151,PP
102,Olimpia,Weitzel,oweitzel2t@aol.com,Female,$101674.83,1006484159,PP
103,Marylynne,Norville,mnorville2u@independent.co.uk,Female,$100371.97,348551269,IT
104,Ashil,Goodinge,agoodinge2v@eventbrite.com,Female,$122569.21,944131868,CC
105,Ferris,Giovannacci,fgiovannacci2w@abc.net.au,Male,$741117.54,484614481,PP
106,Dennie,Donaghy,ddonaghy2x@booking.com,Male,$181651.49,621961119,IT
107,Barron,Lawdham,blawdham2y@jimdo.com,Male,$889112.78,974848659,PP
108,Zorah,Forbes,zforbes2z@posterous.com,Female,$377894.13,735319353,PP
109,Abbye,Pendrill,apendrill30@tuttocitta.it,Female,$442268.03,382140475,IT
110,Rhiamon,Owttrim,rowttrim31@amazonaws.com,Female,$890219.55,213279675,CC
111,Elmer,Ellens,eellens32@github.io,Male,$954462.81,70713524,PP
112,Orly,Labbez,olabbez33@ihg.com,Female,$879376.41,274539850,CC
113,Phillie,Galey,pgaley34@unesco.org,Female,$876499.91,226474081,PP
114,Nan,Nassi,nnassi35@guardian.co.uk,Female,$471525.90,126665480,PP
115,Bradan,Galletly,bgalletly36@w3.org,Male,$990466.22,705029588,IT
116,Broddie,Masham,bmasham37@google.co.uk,Male,$719003.93,815869459,IT
117,Laurena,Ocheltree,locheltree38@163.com,Female,$320777.47,431648069,CC
118,Anthiathia,Elverstone,aelverstone39@issuu.com,Female,$274994.28,745083996,PP
119,Erik,Budik,ebudik3a@pbs.org,Male,$486722.80,157064746,PP
120,Rance,Chaffin,rchaffin3b@devhub.com,Male,$243488.23,867324615,IT
121,Darin,Hucklesby,dhucklesby3c@virginia.edu,Male,$514183.87,776107655,PP
122,Worthington,Dinwoodie,wdinwoodie3d@indiegogo.com,Male,$247730.60,597798510,PP
123,Ailey,Batte,abatte3e@columbia.edu,Female,$342143.51,465296823,IT
124,Graig,Dobbyn,gdobbyn3f@live.com,Male,$568092.80,625841137,PP
125,Lita,Breslau,lbreslau3g@bing.com,Female,$778176.27,774239589,IT
126,Virgilio,O'Farrell,vofarrell3h@chron.com,Male,$622021.72,487080790,IT
127,Gradeigh,Millom,gmillom3i@themeforest.net,Male,$412607.08,87559454,PP
128,Lance,Alpe,lalpe3j@photobucket.com,Male,$968950.65,600969633,PP
129,Ceciley,Long,clong3k@bbc.co.uk,Female,$447557.47,211218440,PP
130,Brett,O'Deegan,bodeegan3l@ameblo.jp,Male,$526915.00,219866687,PP
131,Isac,Esel,iesel3m@nps.gov,Male,$896756.98,572554925,PP
132,Rollin,Surgood,rsurgood3n@cargocollective.com,Male,$496813.55,462568826,PP
133,Arliene,Benditt,abenditt3o@sakura.ne.jp,Female,$107696.60,996779432,PP
134,Stella,Merriott,smerriott3p@skype.com,Female,$311267.30,710759706,PP
135,Jackson,Parman,jparman3q@springer.com,Male,$801553.69,762741640,CC
136,Ediva,Winfrey,ewinfrey3r@is.gd,Female,$280494.79,930788610,IT
137,Ronnica,Kington,rkington3s@xinhuanet.com,Female,$877807.00,943882598,PP
138,Mae,Minards,mminards3t@cam.ac.uk,Female,$449547.66,308702020,IT
139,Rolfe,Broadberry,rbroadberry3u@cbc.ca,Male,$245834.93,49346901,CC
140,Mata,Vaney,mvaney3v@kickstarter.com,Male,$971437.71,1042355672,CC
141,Elbert,Conichie,econichie3w@theatlantic.com,Male,$858278.04,945187969,IT
142,Ragnar,Oldland,roldland3x@accuweather.com,Male,$644566.33,188586461,CC
143,Paddy,Maren,pmaren3y@discuz.net,Male,$789872.33,406039463,PP
144,Carina,Bramford,cbramford3z@nytimes.com,Female,$625069.58,282007645,PP
145,Porty,Wardell,pwardell40@lulu.com,Male,$444632.25,991886687,IT
146,Dionysus,Jaxon,djaxon41@webs.com,Male,$242682.85,116598720,PP
147,Georgine,Heppenspall,gheppenspall42@typepad.com,Female,$384726.03,5766980,CC
148,Kale,Emeney,kemeney43@bloglovin.com,Male,$123128.61,417475024,IT
149,Livy,Starkings,lstarkings44@biblegateway.com,Female,$251817.90,703412786,PP
150,De,Krink,dkrink45@taobao.com,Female,$264588.47,742493885,CC
151,Goldarina,Curling,gcurling46@com.com,Female,$572748.95,774797078,CC
152,Vin,Gibbs,vgibbs47@networkadvertising.org,Male,$471963.85,546835363,CC
153,Cullin,Balm,cbalm48@plala.or.jp,Male,$523802.42,211693067,PP
154,Gussy,Foddy,gfoddy49@seesaa.net,Female,$495181.50,929947124,PP
155,Marlene,Sewards,msewards4a@nih.gov,Female,$516828.91,98841202,IT
156,Jorie,Lavall,jlavall4b@samsung.com,Female,$130813.01,528919728,IT
157,Arch,Adelman,aadelman4c@barnesandnoble.com,Male,$182027.17,339753399,IT
158,Molly,Glastonbury,mglastonbury4d@senate.gov,Female,$260287.72,519184273,CC
159,Sanson,Teligin,steligin4e@linkedin.com,Male,$296079.44,453922973,CC
160,Jabez,Bonnell,jbonnell4f@auda.org.au,Male,$939950.21,84507414,CC
161,Roland,Lambal,rlambal4g@walmart.com,Male,$863322.51,185190022,IT
162,Whitby,Talby,wtalby4h@sourceforge.net,Male,$855443.36,949148465,CC
163,Karlotta,Aucoate,kaucoate4i@example.com,Female,$547931.75,179652430,IT
164,Zollie,Brocking,zbrocking4j@dagondesign.com,Male,$533915.37,362392535,PP
165,Terri,Tellesson,ttellesson4k@woothemes.com,Male,$657222.85,130645826,IT
166,Kalli,Fierro,kfierro4l@fda.gov,Female,$418418.98,14059496,PP
167,Dodi,Tharme,dtharme4m@europa.eu,Female,$672986.60,951912598,PP
168,Joelie,Castan,jcastan4n@answers.com,Female,$723684.72,527804582,CC
169,Gearalt,Nortunen,gnortunen4o@deliciousdays.com,Male,$192204.19,603178015,PP
170,Hedy,Storcke,hstorcke4p@irs.gov,Female,$151852.88,833846514,CC
171,Audrey,McManamen,amcmanamen4q@etsy.com,Female,$649481.40,896802824,CC
172,Blake,Handrahan,bhandrahan4r@fema.gov,Male,$200453.79,259137425,IT
173,Molli,Dobinson,mdobinson4s@pen.io,Female,$870002.25,1037098511,IT
174,Melvyn,Lorek,mlorek4t@wordpress.com,Male,$605949.51,279985512,IT
175,Hugues,Orridge,horridge4u@hubpages.com,Male,$522860.25,770209774,IT
176,Niven,Hoolaghan,nhoolaghan4v@geocities.com,Male,$527269.44,991552902,CC
177,Janella,Anderl,janderl4w@marketwatch.com,Female,$261441.32,270288314,CC
178,Doris,Strettle,dstrettle4x@prweb.com,Female,$481368.18,1011286774,CC
179,Saundra,Winslett,swinslett4y@independent.co.uk,Male,$806723.89,372693555,PP
180,Edeline,Tabbernor,etabbernor4z@senate.gov,Female,$881248.13,748456730,CC
181,Burl,Rimmington,brimmington50@zimbio.com,Male,$622025.67,885028446,PP
182,Timmi,O'Kinedy,tokinedy51@auda.org.au,Female,$852294.25,856317676,CC
183,Barnabas,Ferguson,bferguson52@pen.io,Male,$756660.85,342048994,PP
184,Lucian,Trevillion,ltrevillion53@google.com,Male,$186449.62,646115344,PP
185,Adelbert,Kensington,akensington54@archive.org,Male,$324982.09,230383265,IT
186,Felipa,Haggas,fhaggas55@photobucket.com,Female,$570833.62,977685288,IT
187,Pennie,Starking,pstarking56@twitpic.com,Male,$164921.16,304092003,CC
188,Brian,Mulbry,bmulbry57@prlog.org,Male,$212733.01,387034761,CC
189,Rodolfo,Fosten,rfosten58@dropbox.com,Male,$807974.59,688059605,CC
190,Mathilde,Girton,mgirton59@utexas.edu,Female,$770828.21,178066740,PP
191,Ingrid,Apfelmann,iapfelmann5a@google.es,Female,$472295.37,113387649,PP
192,Bev,Ellson,bellson5b@addthis.com,Male,$361329.91,417650849,CC
193,Abdel,Sommerton,asommerton5c@google.com.hk,Male,$535720.06,605568214,PP
194,Bernie,Mannin,bmannin5d@tripod.com,Female,$989944.56,989142986,PP
195,Chickie,Arro,carro5e@ca.gov,Male,$846899.28,704426302,CC
196,Elke,Pepi,epepi5f@csmonitor.com,Female,$542808.40,119348504,IT
197,Ellie,Finkle,efinkle5g@java.com,Female,$625259.41,655004767,PP
198,Giselbert,Gouldthorpe,ggouldthorpe5h@mtv.com,Male,$700324.30,599234514,PP
199,Bax,Bresner,bbresner5i@utexas.edu,Male,$520853.33,692860019,CC
200,Alexandros,Kermath,akermath5j@smh.com.au,Male,$190160.33,220075776,CC
201,Alena,Heam,aheam5k@aol.com,Female,$716639.60,215441022,CC
202,Giffard,Britcher,gbritcher5l@altervista.org,Male,$323540.34,142235414,IT
203,Carolyne,Coite,ccoite5m@blogtalkradio.com,Female,$459644.17,357709880,IT
204,Betsy,Vasnev,bvasnev5n@usnews.com,Female,$676091.31,112571907,CC
205,Lilla,Ghiotto,lghiotto5o@g.co,Female,$367888.64,775184558,CC
206,Tamma,Bigham,tbigham5p@rakuten.co.jp,Female,$850382.56,789704234,PP
207,Deeanne,Curnock,dcurnock5q@mapquest.com,Female,$977247.79,536169173,CC
208,Ola,Gosswell,ogosswell5r@list-manage.com,Female,$446109.71,82002103,CC
209,Arman,Gowdie,agowdie5s@discuz.net,Male,$588116.72,308507456,CC
210,Sheffy,Isted,sisted5t@altervista.org,Male,$315992.26,302907385,IT
211,Selena,Mattheeuw,smattheeuw5u@theglobeandmail.com,Female,$100345.55,902103870,IT
212,Freddi,Urien,furien5v@ucoz.ru,Female,$512011.74,1006696183,IT
213,Gunter,Insall,ginsall5w@home.pl,Male,$598408.87,76999874,CC
214,Glenda,Martill,gmartill5x@whitehouse.gov,Female,$592401.90,724526240,PP
215,Georgeta,Ryde,gryde5y@usgs.gov,Female,$733257.28,667330732,PP
216,Early,Sutheran,esutheran5z@angelfire.com,Male,$139436.49,745940572,CC
217,Tuckie,Lacroix,tlacroix60@nifty.com,Male,$700140.74,383509448,PP
218,Moise,Hilary,mhilary61@apache.org,Male,$400362.15,723774089,CC
219,Ario,Eisak,aeisak62@globo.com,Male,$145597.40,252960336,PP
220,Terri,Pfaffel,tpfaffel63@jalbum.net,Male,$681332.35,46934938,PP
221,Ainslee,Aartsen,aaartsen64@mlb.com,Female,$480954.83,488743522,CC
222,Junia,Gellibrand,jgellibrand65@craigslist.org,Female,$755073.51,101705283,PP
223,Vi,Berthe,vberthe66@gov.uk,Female,$356594.26,574151018,CC
224,Nestor,Yakuntzov,nyakuntzov67@ox.ac.uk,Male,$770167.96,972045885,CC
225,Minnnie,Commander,mcommander68@vinaora.com,Female,$904386.52,261566314,PP
226,Annis,Burling,aburling69@cnn.com,Female,$300616.24,1002913406,PP
227,Bendix,Porch,bporch6a@github.io,Male,$468414.46,678378087,IT
228,Margarethe,Nunnery,mnunnery6b@live.com,Female,$140891.37,276443766,IT
229,Leontine,Held,lheld6c@whitehouse.gov,Female,$311232.25,610840644,PP
230,Caresse,Simeoni,csimeoni6d@ucla.edu,Female,$361041.67,308651182,PP
231,Gipsy,Wreak,gwreak6e@people.com.cn,Female,$401164.73,958368467,CC
232,Alyosha,Hatchman,ahatchman6f@omniture.com,Male,$252691.43,17771332,CC
233,Shurwood,Gaze,sgaze6g@edublogs.org,Male,$380150.51,93597875,PP
234,Tori,Dalzell,tdalzell6h@pen.io,Female,$672911.76,249114110,PP
235,Linette,Arnaudin,larnaudin6i@so-net.ne.jp,Female,$767098.18,320402219,CC
236,Fraze,Cobby,fcobby6j@miitbeian.gov.cn,Male,$848251.55,443601612,CC
237,Maximilianus,Olenin,molenin6k@live.com,Male,$241500.20,741584750,CC
238,Tod,Leipelt,tleipelt6l@flickr.com,Male,$309993.48,936097187,PP
239,Ranee,Proschke,rproschke6m@state.gov,Female,$667238.85,676088593,PP
240,Hyatt,Lademann,hlademann6n@about.me,Male,$938521.71,382445228,PP
241,Kylie,Lindsey,klindsey6o@shop-pro.jp,Male,$842410.75,862409859,IT
242,Kiley,Levi,klevi6p@mediafire.com,Female,$942259.89,197892412,CC
243,Ingeborg,Luetkemeyers,iluetkemeyers6q@last.fm,Female,$905270.18,602253157,PP
244,Roselia,Tettley,rtettley6r@intel.com,Female,$571410.18,219664017,CC
245,Noreen,Fenimore,nfenimore6s@last.fm,Female,$670854.14,400833946,PP
246,Derrek,Traut,dtraut6t@hatena.ne.jp,Male,$238117.03,292629401,IT
247,Earvin,Canacott,ecanacott6u@sfgate.com,Male,$482921.16,784311351,IT
248,Helge,Menichino,hmenichino6v@yahoo.co.jp,Female,$178036.09,861758145,IT
249,Rosa,Hurndall,rhurndall6w@wufoo.com,Female,$430411.37,378803343,PP
250,Rena,Porte,rporte6x@toplist.cz,Female,$934527.34,11183738,CC
251,Gunther,Orpin,gorpin6y@tinypic.com,Male,$629719.41,961230238,IT
252,Rene,Bartosiak,rbartosiak6z@hc360.com,Female,$671761.09,982285226,CC
253,Ingeborg,D'Elias,idelias70@eventbrite.com,Female,$951857.36,955246164,CC
254,Gardiner,Quakley,gquakley71@paginegialle.it,Male,$889545.29,303519380,PP
255,Faustina,Gudde,fgudde72@discuz.net,Female,$553928.80,489031125,IT
256,Evelina,Lapree,elapree73@wisc.edu,Female,$904315.77,167194017,IT
257,Deena,Yanez,dyanez74@narod.ru,Female,$402241.35,819082356,PP
258,Oby,Rickert,orickert75@netscape.com,Male,$802613.13,652221007,PP
259,Caressa,Cinelli,ccinelli76@ow.ly,Female,$745499.70,445763458,PP
260,Rufe,Caverhill,rcaverhill77@ucla.edu,Male,$481427.53,462380382,IT
261,Ingeborg,Kosiada,ikosiada78@over-blog.com,Female,$582384.79,901794905,IT
262,Michel,Domleo,mdomleo79@nasa.gov,Male,$977421.83,594844085,CC
263,Timi,Keogh,tkeogh7a@cornell.edu,Female,$277198.22,574677590,PP
264,Garvin,Arrol,garrol7b@github.io,Male,$175987.54,635051724,CC
265,Nolan,Pethybridge,npethybridge7c@indiegogo.com,Male,$939371.13,226457468,IT
266,Leeland,Tschersich,ltschersich7d@addtoany.com,Male,$597760.42,989005137,CC
267,Nicolai,Newbigging,nnewbigging7e@liveinternet.ru,Male,$168344.77,113437063,PP
268,Cecilius,Hinstridge,chinstridge7f@shop-pro.jp,Male,$173309.44,124264958,IT
269,Kaile,Bolmann,kbolmann7g@wisc.edu,Female,$408956.24,999850021,PP
270,Bone,Parfrey,bparfrey7h@sourceforge.net,Male,$578995.55,646654680,IT
271,Allie,Gaythor,agaythor7i@pinterest.com,Female,$208021.46,166908547,PP
272,Pearle,Ambage,pambage7j@webnode.com,Female,$514298.70,200484554,CC
273,Grange,Witul,gwitul7k@comsenz.com,Male,$929367.89,660651524,IT
274,Barron,Beecraft,bbeecraft7l@ebay.com,Male,$403314.15,1027565113,IT
275,Terrell,Risdall,trisdall7m@nytimes.com,Male,$734388.99,875416550,CC
276,Celka,Rekes,crekes7n@skype.com,Female,$383933.30,354694119,IT
277,Scarlet,Fauning,sfauning7o@acquirethisname.com,Female,$280494.36,754570291,PP
278,Rex,Baude,rbaude7p@booking.com,Male,$476742.05,62281006,CC
279,Gail,St Angel,gstangel7q@salon.com,Female,$848078.64,270134176,CC
280,Winifred,Box,wbox7r@booking.com,Female,$932674.99,454653190,IT
281,Gregoor,Morais,gmorais7s@fema.gov,Male,$296009.19,818962588,IT
282,Shandeigh,Leiden,sleiden7t@home.pl,Female,$811175.55,336919439,PP
283,Tressa,O'Neill,toneill7u@meetup.com,Female,$292853.07,291832786,IT
284,Bartholomeo,Sugar,bsugar7v@cnn.com,Male,$643886.68,763887395,CC
285,Murray,Erni,merni7w@nationalgeographic.com,Male,$243954.87,1035406490,CC
286,Tull,Kluge,tkluge7x@buzzfeed.com,Male,$441764.46,963321717,IT
287,Laural,Gudgin,lgudgin7y@go.com,Female,$200861.34,977056397,CC
288,Bartolemo,Vinten,bvinten7z@about.me,Male,$955403.84,483835270,PP
289,Masha,Ludlom,mludlom80@joomla.org,Female,$601888.36,426675782,IT
290,Teena,Crum,tcrum81@123-reg.co.uk,Female,$623294.01,306280019,PP
291,Fredek,Cyson,fcyson82@china.com.cn,Male,$867460.57,614194771,PP
292,Julius,Champneys,jchampneys83@narod.ru,Male,$167570.70,64287326,PP
293,Travers,Brekonridge,tbrekonridge84@state.gov,Male,$915037.63,148994281,CC
294,Warner,Jeakins,wjeakins85@earthlink.net,Male,$260626.40,1048141593,PP
295,Rosabella,MacElroy,rmacelroy86@github.com,Female,$799734.95,973325176,PP
296,Shaylynn,Lambot,slambot87@ovh.net,Female,$332570.25,228300931,PP
297,Marley,Ridge,mridge88@blogs.com,Female,$400568.99,419283539,IT
298,Moll,Czaple,mczaple89@vinaora.com,Female,$188703.04,288580779,PP
299,Buck,Minihane,bminihane8a@posterous.com,Male,$283157.59,812522691,PP
300,Joaquin,Looker,jlooker8b@si.edu,Male,$342193.18,681238304,PP
301,Stanislas,Thalmann,sthalmann8c@xinhuanet.com,Male,$617131.48,560774321,IT
302,Leah,Galgey,lgalgey8d@studiopress.com,Female,$220093.85,663801323,CC
303,Hinze,Ephgrave,hephgrave8e@baidu.com,Male,$544880.74,707379144,IT
304,Ricca,Treves,rtreves8f@mail.ru,Female,$337049.97,978117833,CC
305,Brit,Maciocia,bmaciocia8g@miitbeian.gov.cn,Male,$841794.34,373275146,CC
306,Jervis,Petlyura,jpetlyura8h@delicious.com,Male,$364021.38,711848312,CC
307,Chrissy,Lomax,clomax8i@examiner.com,Male,$195018.23,987271552,CC
308,Celka,Patridge,cpatridge8j@slate.com,Female,$581515.60,658350821,PP
309,Deloria,Garie,dgarie8k@about.com,Female,$811089.32,15125809,CC
310,Clarice,Warlowe,cwarlowe8l@homestead.com,Female,$968755.82,113568907,CC
311,Tore,Jorgensen,tjorgensen8m@patch.com,Male,$255981.24,355668701,CC
312,Eirena,Ayrs,eayrs8n@howstuffworks.com,Female,$673809.49,939457208,CC
313,Sergent,Matusson,smatusson8o@live.com,Male,$670144.53,815945045,PP
314,Asher,Ughelli,aughelli8p@mozilla.com,Male,$955219.59,360566271,CC
315,Clo,Golsthorp,cgolsthorp8q@thetimes.co.uk,Female,$513525.62,635039801,CC
316,Kalvin,Forker,kforker8r@bloglines.com,Male,$300216.13,587363730,IT
317,Arley,Dudson,adudson8s@uiuc.edu,Male,$743263.71,518469505,CC
318,Patsy,Archambault,parchambault8t@wunderground.com,Female,$102163.82,56044349,CC
319,Cello,Parades,cparades8u@sciencedirect.com,Male,$323646.82,993592651,PP
320,Ezechiel,Kitchenside,ekitchenside8v@unesco.org,Male,$231224.72,282917316,CC
321,Zorah,McCambridge,zmccambridge8w@state.gov,Female,$581051.03,825263950,CC
322,Vincenty,Rowett,vrowett8x@domainmarket.com,Male,$285359.72,315021042,IT
323,Jillie,Gorch,jgorch8y@goo.ne.jp,Female,$855368.25,936608034,PP
324,Wally,Cowden,wcowden8z@prweb.com,Male,$588543.65,891782027,PP
325,Johnny,Ackermann,jackermann90@prnewswire.com,Male,$206345.70,616200036,CC
326,Amye,Wigglesworth,awigglesworth91@zdnet.com,Female,$108832.73,203625436,IT
327,Nicoli,Mordue,nmordue92@gmpg.org,Female,$541408.85,248611546,PP
328,Towny,Abeau,tabeau93@taobao.com,Male,$555146.70,925063851,IT
329,Cchaddie,Jacquot,cjacquot94@utexas.edu,Male,$943155.90,595223122,IT
330,Rollin,Ronan,rronan95@soup.io,Male,$792056.24,905591003,CC
331,Sula,Allbon,sallbon96@google.com.au,Female,$838621.67,718228297,PP
332,Maxy,Barca,mbarca97@gravatar.com,Female,$301434.20,804879840,IT
333,Sonny,Fumagall,sfumagall98@umn.edu,Male,$965034.54,927802764,CC
334,Kimmy,Salandino,ksalandino99@reverbnation.com,Female,$268839.81,489263687,PP
335,Karyl,Layzell,klayzell9a@behance.net,Female,$129483.27,163545479,IT
336,Betteanne,Kerans,bkerans9b@dedecms.com,Female,$361807.87,1030348072,IT
337,Ninnetta,Linneman,nlinneman9c@springer.com,Female,$206351.27,108603912,IT
338,Ange,Ullyott,aullyott9d@privacy.gov.au,Male,$388644.40,539670524,IT
339,Marrissa,Hillborne,mhillborne9e@printfriendly.com,Female,$740422.58,289898510,CC
340,Kim,Probert,kprobert9f@house.gov,Male,$359008.05,13286418,PP
341,Pen,Wathey,pwathey9g@tamu.edu,Female,$489532.77,241845061,IT
342,Tobye,Inde,tinde9h@ucoz.ru,Female,$485806.23,746357044,PP
343,Charmaine,Tuxwell,ctuxwell9i@economist.com,Female,$140034.64,517359102,PP
344,Sibeal,Somers,ssomers9j@wp.com,Female,$226773.18,117497966,CC
345,Gayel,Christofor,gchristofor9k@cbsnews.com,Female,$762105.86,909913590,PP
346,Miner,Olden,molden9l@ocn.ne.jp,Male,$673347.33,328570607,PP
347,Kingston,Boles,kboles9m@youtube.com,Male,$684061.68,84049192,IT
348,Cher,Brooke,cbrooke9n@is.gd,Female,$426695.36,69062021,CC
349,Salim,Grabham,sgrabham9o@reverbnation.com,Male,$720165.75,841344263,CC
350,Urbanus,Dampney,udampney9p@google.com,Male,$796860.12,22872335,PP
351,Sheela,Bortolomei,sbortolomei9q@networkadvertising.org,Female,$912943.96,719266417,CC
352,Berget,Mixter,bmixter9r@purevolume.com,Female,$191731.84,413201051,IT
353,Richardo,Willgoose,rwillgoose9s@paypal.com,Male,$652711.64,132842944,IT
354,Shela,Panks,spanks9t@ebay.co.uk,Female,$681192.93,998110907,CC
355,Orren,Walas,owalas9u@mapquest.com,Male,$137197.37,173993540,PP
356,Eugenie,O'Duane,eoduane9v@wikia.com,Female,$278722.17,62986870,IT
357,Gilberte,Sellwood,gsellwood9w@tinypic.com,Female,$737731.60,885011891,CC
358,Bartholomew,Stubbes,bstubbes9x@imgur.com,Male,$706624.02,55020386,IT
359,Baldwin,Webbe,bwebbe9y@google.cn,Male,$619353.15,857913118,IT
360,Ros,Yerbury,ryerbury9z@npr.org,Female,$698102.18,899270424,CC
361,Enrika,Willshire,ewillshirea0@vimeo.com,Female,$362442.04,361960315,PP
362,Eleen,Leuren,eleurena1@forbes.com,Female,$552730.50,431144944,PP
363,Farrel,Venard,fvenarda2@google.cn,Male,$338407.59,461077378,IT
364,Lela,MacCrann,lmaccranna3@ycombinator.com,Female,$238358.32,758043243,CC
365,Helen,Nutbeem,hnutbeema4@geocities.jp,Female,$726867.87,156015040,PP
366,Nessa,O'Malley,nomalleya5@dailymotion.com,Female,$903747.34,149703785,PP
367,Anabelle,Thorouggood,athorouggooda6@typepad.com,Female,$821924.76,371588481,IT
368,Khalil,Amberg,kamberga7@cloudflare.com,Male,$716976.57,681853076,PP
369,Hermina,Game,hgamea8@whitehouse.gov,Female,$790631.78,680447246,PP
370,Hank,Antosch,hantoscha9@chronoengine.com,Male,$959556.98,666713058,IT
371,Freda,Sweetnam,fsweetnamaa@ask.com,Female,$372093.39,24292208,PP
372,Barton,Cherry Holme,bcherryholmeab@pcworld.com,Male,$734356.64,828005657,PP
373,Killian,Onians,koniansac@vk.com,Male,$129297.25,212359139,PP
374,Anya,Fayre,afayread@stanford.edu,Female,$416660.63,666054607,CC
375,Dode,McLeod,dmcleodae@about.me,Female,$334794.16,833112187,PP
376,Katuscha,Naisbitt,knaisbittaf@paginegialle.it,Female,$515136.54,657287994,IT
377,Rhona,Salzburg,rsalzburgag@mtv.com,Female,$741311.19,806184110,CC
378,Corbet,Lewer,clewerah@unesco.org,Male,$295500.90,132176722,CC
379,Bonnee,Fisbburne,bfisbburneai@oaic.gov.au,Female,$162999.09,303743790,PP
380,Van,Jerisch,vjerischaj@joomla.org,Male,$534234.31,264317101,PP
381,Yorgo,Asquez,yasquezak@walmart.com,Male,$478724.56,998000003,CC
382,Nappy,Iacopini,niacopinial@ucoz.ru,Male,$920454.69,613590103,PP
383,Tobiah,McGillivrie,tmcgillivrieam@hibu.com,Male,$258048.27,876627082,CC
384,Lura,Tugwell,ltugwellan@blinklist.com,Female,$871266.39,161384394,IT
385,Veriee,Bome,vbomeao@netscape.com,Female,$454580.41,686850409,IT
386,Glad,Eccleston,gecclestonap@sogou.com,Female,$287632.37,864807787,CC
387,Miguel,Peskett,mpeskettaq@canalblog.com,Male,$341002.05,58871708,PP
388,Bab,Baudouin,bbaudouinar@phoca.cz,Female,$283578.10,150103936,CC
389,Marve,Bunney,mbunneyas@4shared.com,Male,$141542.82,361270277,IT
390,Tim,Artois,tartoisat@moonfruit.com,Male,$264007.95,59380512,PP
391,Brandea,Wethered,bwetheredau@tuttocitta.it,Female,$337122.71,794311816,CC
392,Sloan,Screas,sscreasav@cnbc.com,Male,$324766.91,602148775,CC
393,Vassily,Hullah,vhullahaw@behance.net,Male,$286184.91,431888473,IT
394,Catherina,Sparkwill,csparkwillax@google.com.hk,Female,$327985.42,98016489,CC
395,Jasen,Osbaldeston,josbaldestonay@time.com,Male,$759585.86,298727901,PP
396,Elisha,Sallowaye,esallowayeaz@youtu.be,Male,$118303.28,612044865,CC
397,Dyana,Iori,diorib0@dailymotion.com,Female,$576980.17,883246148,PP
398,Christy,Moses,cmosesb1@dot.gov,Male,$946689.60,306608833,CC
399,Orson,Sokell,osokellb2@google.co.jp,Male,$791722.56,1043563399,PP
400,Rudy,Valdes,rvaldesb3@cam.ac.uk,Male,$179071.19,361641935,IT
401,Major,Fairlem,mfairlemb4@diigo.com,Male,$437970.53,1032296504,IT
402,Ashlin,Guirard,aguirardb5@facebook.com,Male,$850907.26,590281979,IT
403,Vidovic,Braunlein,vbraunleinb6@wordpress.org,Male,$583107.12,875545070,CC
404,Odell,Larose,olaroseb7@timesonline.co.uk,Male,$217689.00,108776107,IT
405,Kerwin,Toffetto,ktoffettob8@nydailynews.com,Male,$402761.09,218114548,PP
406,Ramonda,Doyle,rdoyleb9@wikia.com,Female,$693292.45,310394617,CC
407,Darn,Yushachkov,dyushachkovba@stumbleupon.com,Male,$455984.38,543303584,CC
408,Heywood,Yantsurev,hyantsurevbb@howstuffworks.com,Male,$233850.43,466728929,PP
409,Melloney,Buckel,mbuckelbc@nps.gov,Female,$239153.16,232772504,CC
410,Dew,Moorey,dmooreybd@usgs.gov,Male,$492671.90,187318355,IT
411,Laura,Adan,ladanbe@japanpost.jp,Female,$898642.82,951613613,CC
412,Benedetto,Dahl,bdahlbf@ox.ac.uk,Male,$676107.83,602461358,PP
413,Carita,Langran,clangranbg@upenn.edu,Female,$302196.75,827335115,IT
414,Maury,Gabbott,mgabbottbh@taobao.com,Male,$587197.70,6187848,IT
415,Zorina,Goodey,zgoodeybi@google.es,Female,$399123.57,516665584,CC
416,Kimberly,Kittiman,kkittimanbj@epa.gov,Female,$609024.91,518900678,PP
417,Annette,Theunissen,atheunissenbk@usda.gov,Female,$359754.25,178797548,IT
418,Casie,Rawnsley,crawnsleybl@craigslist.org,Female,$838286.85,1009903370,IT
419,Bruis,Bernhart,bbernhartbm@twitpic.com,Male,$503081.42,141220303,IT
420,Guthry,Oguz,goguzbn@wsj.com,Male,$291607.37,385844251,IT
421,Davina,Sedworth,dsedworthbo@abc.net.au,Female,$412801.20,892325948,CC
422,Lonnie,De Gregorio,ldegregoriobp@yahoo.com,Male,$272522.82,903317374,IT
423,Ara,Darby,adarbybq@jalbum.net,Female,$801236.51,618670025,IT
424,Gael,Lyes,glyesbr@dmoz.org,Male,$664800.07,153750037,PP
425,Nelle,Drynan,ndrynanbs@163.com,Female,$961207.12,774154481,CC
426,Warren,Lempel,wlempelbt@odnoklassniki.ru,Male,$759486.02,1020996108,CC
427,Obie,Hollingsby,ohollingsbybu@apple.com,Male,$975081.65,561074627,CC
428,Rayner,O'Hoolahan,rohoolahanbv@stanford.edu,Male,$208447.25,916252480,PP
429,Alyson,Salamon,asalamonbw@icio.us,Female,$583204.64,372280826,PP
430,Phoebe,Hindrick,phindrickbx@domainmarket.com,Female,$327457.44,411839792,CC
431,Helli,Cully,hcullyby@live.com,Female,$133272.46,448593313,IT
432,Venus,Gittoes,vgittoesbz@usgs.gov,Female,$676011.11,360926216,CC
433,Randene,Oliveti,rolivetic0@usatoday.com,Female,$507354.87,867428567,IT
434,Aviva,Sansome,asansomec1@ucsd.edu,Female,$303458.14,241318842,IT
435,Harrison,Thynne,hthynnec2@wikimedia.org,Male,$810258.36,669447942,IT
436,Pooh,Boat,pboatc3@deliciousdays.com,Male,$487992.26,821531202,IT
437,Shoshana,Duffus,sduffusc4@yelp.com,Female,$950624.67,697121094,CC
438,Alfredo,Mapowder,amapowderc5@blinklist.com,Male,$341064.28,185944499,CC
439,Elizabet,McDade,emcdadec6@dropbox.com,Female,$285135.40,8152188,IT
440,Diann,Lusher,dlusherc7@facebook.com,Female,$802619.82,807610412,PP
441,Ros,Bostick,rbostickc8@taobao.com,Female,$784123.52,653075073,PP
442,Cecilla,Lamond,clamondc9@google.cn,Female,$213982.84,948751572,IT
443,Keenan,Brisseau,kbrisseauca@de.vu,Male,$789215.58,493461396,PP
444,Frasquito,Hesser,fhessercb@huffingtonpost.com,Male,$524944.31,587390299,PP
445,Tibold,Van der Beken,tvanderbekencc@dyndns.org,Male,$269060.65,103489039,IT
446,Taddeo,Mattiassi,tmattiassicd@booking.com,Male,$855071.10,500809920,CC
447,Arline,Sheryne,asherynece@twitpic.com,Female,$176692.06,331959689,CC
448,Randi,Nolot,rnolotcf@theglobeandmail.com,Male,$956570.74,334753928,CC
449,Maurise,Carnalan,mcarnalancg@miitbeian.gov.cn,Female,$599805.90,126222774,PP
450,Sutherlan,Athelstan,sathelstanch@fc2.com,Male,$688283.19,403377680,PP
451,Innis,Jenner,ijennerci@amazon.de,Male,$517590.78,1013383234,PP
452,Clari,Barizeret,cbarizeretcj@naver.com,Female,$562650.08,1010519425,CC
453,Ebeneser,Ellwell,eellwellck@surveymonkey.com,Male,$603459.49,61222096,PP
454,Kandy,Fronek,kfronekcl@nsw.gov.au,Female,$204662.40,541247348,CC
455,Marlee,Benyan,mbenyancm@t-online.de,Female,$143177.13,626242933,IT
456,Brandi,Emblen,bemblencn@uol.com.br,Female,$434235.66,341321886,PP
457,Darnell,Petrichat,dpetrichatco@skyrock.com,Male,$862434.12,648716820,PP
458,Imelda,Mussared,imussaredcp@1688.com,Female,$138687.53,804527518,CC
459,Chancey,McQuilliam,cmcquilliamcq@sohu.com,Male,$623243.33,131442606,CC
460,Cissiee,Labet,clabetcr@thetimes.co.uk,Female,$491679.87,248495665,IT
461,Maritsa,Squirrell,msquirrellcs@sohu.com,Female,$226602.34,71078783,IT
462,Den,Roskeilly,droskeillyct@ameblo.jp,Male,$378254.85,757979795,PP
463,Lorne,Hacaud,lhacaudcu@cnet.com,Female,$363052.36,339272394,PP
464,Tracey,Hellin,thellincv@icio.us,Male,$720207.29,486284635,IT
465,Feodora,Burkitt,fburkittcw@networkadvertising.org,Female,$381745.80,61200482,CC
466,Katy,Lodevick,klodevickcx@creativecommons.org,Female,$661990.39,16467068,CC
467,Budd,Mobley,bmobleycy@fc2.com,Male,$813505.26,1007064500,PP
468,Chadwick,Halso,chalsocz@skyrock.com,Male,$956675.59,742286556,PP
469,Melinda,Cowern,mcowernd0@google.ca,Female,$104346.23,622735786,CC
470,Mureil,Speck,mspeckd1@vistaprint.com,Female,$465602.85,146958931,IT
471,Augustine,Grote,agroted2@clickbank.net,Female,$898392.59,942636145,CC
472,Patty,Simonini,psimoninid3@com.com,Male,$979095.12,887767462,PP
473,Theodore,Morse,tmorsed4@wikia.com,Male,$261713.42,24187845,IT
474,Yancey,Cudde,ycudded5@mayoclinic.com,Male,$343982.23,362574185,PP
475,Tuckie,Foucher,tfoucherd6@flickr.com,Male,$719943.46,524650517,PP
476,Hiram,Kattenhorn,hkattenhornd7@newyorker.com,Male,$941086.44,81781558,PP
477,Andra,Musker,amuskerd8@usgs.gov,Female,$198762.44,753447960,CC
478,Aldous,Meake,ameaked9@google.de,Male,$301436.64,385068314,CC
479,Fransisco,O'Reilly,foreillyda@princeton.edu,Male,$279015.35,932524478,IT
480,Nathanial,Kopmann,nkopmanndb@biglobe.ne.jp,Male,$948237.46,734805546,CC
481,Matilda,Gonnet,mgonnetdc@theglobeandmail.com,Female,$566333.68,688571172,CC
482,Nelli,Derobert,nderobertdd@barnesandnoble.com,Female,$812887.19,295836045,PP
483,Wandie,Joron,wjoronde@ucoz.com,Female,$927778.42,21479171,PP
484,Maurits,Lidster,mlidsterdf@marketwatch.com,Male,$294705.70,830742638,PP
485,Nonie,Warboys,nwarboysdg@guardian.co.uk,Female,$940945.33,878893614,PP
486,Vaclav,Simpkin,vsimpkindh@phpbb.com,Male,$323250.75,443183842,CC
487,Dorotea,Duffet,dduffetdi@usa.gov,Female,$481916.90,916648076,PP
488,Herminia,Byfield,hbyfielddj@flickr.com,Female,$597460.99,510629729,CC
489,Garvy,Peace,gpeacedk@google.com.br,Male,$758080.43,939422885,PP
490,Tami,Werny,twernydl@creativecommons.org,Female,$555625.54,466303837,IT
491,Baron,Bligh,bblighdm@unesco.org,Male,$912556.20,894343041,CC
492,Kinnie,Treadgear,ktreadgeardn@cmu.edu,Male,$493526.22,810629600,PP
493,Hy,Silmon,hsilmondo@google.it,Male,$452425.60,332874384,PP
494,Martelle,Clohisey,mclohiseydp@dagondesign.com,Female,$918302.98,665337313,CC
495,Pancho,Payton,ppaytondq@over-blog.com,Male,$994671.90,690701904,IT
496,Tonye,Snead,tsneaddr@1und1.de,Female,$472762.72,173660913,IT
497,Guillermo,Ferrierio,gferrieriods@nationalgeographic.com,Male,$225545.42,335385694,IT
498,Axe,Rubinsztein,arubinszteindt@biglobe.ne.jp,Male,$511352.16,543296555,IT
499,Stillmann,Saines,ssainesdu@webmd.com,Male,$760177.16,641757983,IT
500,Rees,Cadge,rcadgedv@mlb.com,Male,$572229.72,431424319,IT
501,Shirl,Tennison,stennisondw@berkeley.edu,Female,$574780.64,190772004,PP
502,Cobbie,Taffarello,ctaffarellodx@joomla.org,Male,$154396.28,171658475,PP
503,Wald,Butler,wbutlerdy@nifty.com,Male,$482032.27,416416194,IT
504,Emlyn,Puckett,epuckettdz@bluehost.com,Female,$132862.72,550329536,IT
505,Ewart,Bradtke,ebradtkee0@canalblog.com,Male,$192519.45,770357815,IT
506,Sabrina,Sharpin,ssharpine1@phoca.cz,Female,$579709.91,1010950409,CC
507,Mahmoud,Borrows,mborrowse2@cargocollective.com,Male,$838998.98,705761424,CC
508,Odetta,Nelius,oneliuse3@prlog.org,Female,$586463.20,803783232,PP
509,Dreddy,Baldetti,dbaldettie4@buzzfeed.com,Female,$464411.83,771967734,CC
510,Kristine,Corah,kcorahe5@is.gd,Female,$605314.08,846847067,IT
511,Ketti,Cancelier,kcanceliere6@quantcast.com,Female,$398344.60,350182144,IT
512,Helsa,Fice,hficee7@hp.com,Female,$623085.66,168795645,CC
513,Vaclav,Giberd,vgiberde8@bigcartel.com,Male,$363577.98,107400925,IT
514,Gabey,Bakesef,gbakesefe9@miitbeian.gov.cn,Female,$965420.72,311842431,IT
515,Sissie,Clemmens,sclemmensea@cpanel.net,Female,$528294.94,762593271,IT
516,Yolane,Sponer,ysponereb@cnet.com,Female,$464747.88,345939563,PP
517,Dyana,Heino,dheinoec@zimbio.com,Female,$428426.55,812039981,CC
518,Brandy,Hutten,bhuttened@adobe.com,Male,$589667.61,967146238,PP
519,Base,Bea,bbeaee@edublogs.org,Male,$218851.10,317508192,IT
520,Berthe,Ailsbury,bailsburyef@java.com,Female,$692456.64,7250531,PP
521,Wilton,Ochiltree,wochiltreeeg@plala.or.jp,Male,$872138.90,168986701,IT
522,Barbee,Loveless,blovelesseh@altervista.org,Female,$299797.45,1003859920,IT
523,Heddi,Salkild,hsalkildei@answers.com,Female,$781069.94,722279096,IT
524,Maurice,Arnoldi,marnoldiej@jimdo.com,Male,$361717.21,285950456,CC
525,Hazel,Gulberg,hgulbergek@ihg.com,Male,$185080.23,916178420,PP
526,Giuditta,Cordoba,gcordobael@cornell.edu,Female,$660740.95,504922040,PP
527,Roslyn,Evens,revensem@google.ca,Female,$297833.00,707113132,IT
528,Danika,Shimmin,dshimminen@facebook.com,Female,$884660.10,581373341,IT
529,Shaun,Vinau,svinaueo@discovery.com,Male,$821954.48,189261752,IT
530,Reginauld,Ghelardoni,rghelardoniep@skype.com,Male,$256189.84,539796269,IT
531,Beau,Cockley,bcockleyeq@miitbeian.gov.cn,Male,$281872.52,1006948528,IT
532,Robby,Kenningley,rkenningleyer@reverbnation.com,Male,$904124.57,382646755,PP
533,Gwen,Haney,ghaneyes@163.com,Female,$456660.30,213198881,CC
534,Starlin,Jeves,sjeveset@go.com,Female,$433957.69,346849867,IT
535,Zabrina,Donnellan,zdonnellaneu@usatoday.com,Female,$698852.43,461353510,IT
536,Dal,Backwell,dbackwellev@icio.us,Male,$144387.44,664146946,PP
537,Aaron,Doog,adoogew@theglobeandmail.com,Male,$196703.63,825629406,CC
538,Tammy,Spellar,tspellarex@storify.com,Male,$640058.11,916290481,IT
539,Candra,Rankine,crankineey@drupal.org,Female,$849087.40,1019727780,CC
540,Bord,Paskins,bpaskinsez@tinypic.com,Male,$749159.27,72998256,IT
541,Danella,Grivori,dgrivorif0@csmonitor.com,Female,$366836.92,844450932,PP
542,Lindy,Probetts,lprobettsf1@bizjournals.com,Male,$829780.47,1048796960,PP
543,Gawen,Pietasch,gpietaschf2@admin.ch,Male,$908568.47,199371028,IT
544,Bondy,Griffith,bgriffithf3@elegantthemes.com,Male,$424584.91,747959661,CC
545,Bale,McKendry,bmckendryf4@alibaba.com,Male,$480213.44,110397841,IT
546,Tanney,Perel,tperelf5@jimdo.com,Male,$612517.23,636241227,IT
547,Neille,Sciacovelli,nsciacovellif6@boston.com,Female,$743685.85,53693978,CC
548,Rozele,Bartunek,rbartunekf7@cdbaby.com,Female,$771550.35,749899243,PP
549,Sadye,Antonietti,santoniettif8@dell.com,Female,$715582.76,154968243,CC
550,Merrily,Camings,mcamingsf9@amazon.de,Female,$877230.04,820497352,CC
551,Roth,Haddington,rhaddingtonfa@accuweather.com,Male,$606777.75,37229643,CC
552,Pete,Barks,pbarksfb@loc.gov,Male,$296578.68,220224912,CC
553,Bryon,McCaskill,bmccaskillfc@furl.net,Male,$389257.40,575189135,PP
554,Erie,Parken,eparkenfd@fda.gov,Male,$385185.05,440690513,CC
555,Lefty,Gundrey,lgundreyfe@merriam-webster.com,Male,$333626.40,1003225050,IT
556,Corrina,Guiver,cguiverff@slate.com,Female,$910038.72,941723795,IT
557,Grant,Peeters,gpeetersfg@hostgator.com,Male,$319933.41,668409781,IT
558,Concettina,Gricks,cgricksfh@taobao.com,Female,$769447.15,885687803,PP
559,Britni,Klesel,bkleselfi@answers.com,Female,$474825.91,279463537,CC
560,Abelard,Bardsley,abardsleyfj@freewebs.com,Male,$530315.02,336773632,CC
561,Katine,Golsworthy,kgolsworthyfk@sitemeter.com,Female,$819209.38,8573087,IT
562,Nicolis,Goodee,ngoodeefl@apple.com,Male,$119688.71,193216706,IT
563,Ozzie,Paulsen,opaulsenfm@samsung.com,Male,$898390.32,946940220,CC
564,Geralda,Jeffs,gjeffsfn@dmoz.org,Female,$232413.70,652892077,IT
565,Marilin,Duffer,mdufferfo@upenn.edu,Female,$550690.72,877912622,CC
566,Hyman,Degenhardt,hdegenhardtfp@loc.gov,Male,$339073.99,431101627,IT
567,Maury,Skill,mskillfq@opensource.org,Male,$190111.47,995651693,IT
568,Nelli,Duckitt,nduckittfr@phpbb.com,Female,$822360.71,128317651,CC
569,Tulley,Thaller,tthallerfs@csmonitor.com,Male,$344272.04,173544852,CC
570,Agnola,Staterfield,astaterfieldft@nbcnews.com,Female,$957748.43,974033227,IT
571,Franciskus,Delf,fdelffu@biblegateway.com,Male,$608969.14,216307994,IT
572,Pat,Kenlin,pkenlinfv@goo.ne.jp,Female,$548318.36,589741762,PP
573,Thoma,Uccelli,tuccellifw@delicious.com,Male,$776641.68,34966515,IT
574,Horace,Riba,hribafx@amazon.com,Male,$731584.04,98840085,PP
575,Val,Sullivan,vsullivanfy@imgur.com,Male,$580011.20,995919755,PP
576,Barnabas,MacGibbon,bmacgibbonfz@woothemes.com,Male,$240171.76,558117944,CC
577,Berna,Breukelman,bbreukelmang0@last.fm,Female,$881833.17,974872071,IT
578,Rudolf,Caban,rcabang1@mapquest.com,Male,$964400.08,660811008,IT
579,Eugenie,Wannop,ewannopg2@live.com,Female,$483988.80,994926855,CC
580,Wolfy,Orys,worysg3@prweb.com,Male,$520527.46,38542510,CC
581,Kordula,Pedden,kpeddeng4@theatlantic.com,Female,$789674.91,654796368,PP
582,Grover,Joddens,gjoddensg5@gizmodo.com,Male,$874650.67,422302347,CC
583,Rani,Guislin,rguisling6@infoseek.co.jp,Female,$366405.64,140914696,PP
584,Janine,Braywood,jbraywoodg7@com.com,Female,$740684.66,556902241,PP
585,Waverley,Georgins,wgeorginsg8@sitemeter.com,Male,$873437.16,904583518,PP
586,Raddie,Gavin,rgaving9@naver.com,Male,$230087.78,554537362,CC
587,Lissa,Flinn,lflinnga@xrea.com,Female,$573505.08,225798328,IT
588,Krysta,Lawland,klawlandgb@nationalgeographic.com,Female,$743116.94,885431079,CC
589,Read,Trusty,rtrustygc@flavors.me,Male,$909379.37,724533445,IT
590,Hamish,Denness,hdennessgd@ezinearticles.com,Male,$281962.60,955173377,PP
591,Niven,Liley,nlileyge@is.gd,Male,$751377.49,979617944,IT
592,Alva,Monk,amonkgf@marketwatch.com,Male,$586843.58,891368079,PP
593,Lane,Perrin,lperringg@gizmodo.com,Male,$936579.59,517571757,PP
594,Sib,Denmead,sdenmeadgh@wp.com,Female,$860330.36,181446652,IT
595,Brittne,Dies,bdiesgi@behance.net,Female,$682986.71,811595528,CC
596,Darrelle,Ellwell,dellwellgj@ehow.com,Female,$413576.87,78829585,PP
597,Agnella,Guyet,aguyetgk@businessweek.com,Female,$593358.43,523993628,IT
598,Frayda,Fishlee,ffishleegl@foxnews.com,Female,$815011.79,982156326,PP
599,Vina,Oxburgh,voxburghgm@chronoengine.com,Female,$442138.59,736787971,IT
600,Cort,Turford,cturfordgn@businessinsider.com,Male,$844116.57,24585872,CC
601,Andonis,Donizeau,adonizeaugo@addthis.com,Male,$120204.59,684004196,CC
602,Meredith,Leggat,mleggatgp@tuttocitta.it,Female,$803629.43,936077371,CC
603,Fleming,Couth,fcouthgq@sohu.com,Male,$470938.80,895147980,PP
604,Filberte,Tschierse,ftschiersegr@phpbb.com,Male,$678410.73,41721464,CC
605,Wilt,Colleran,wcollerangs@artisteer.com,Male,$221319.60,962879897,IT
606,Hana,Brafield,hbrafieldgt@dailymotion.com,Female,$176830.34,530495666,IT
607,Teressa,Pitkaithly,tpitkaithlygu@google.ca,Female,$617828.19,267506464,PP
608,Carleen,Bernolet,cbernoletgv@cbc.ca,Female,$420129.88,960662478,PP
609,Yasmin,Lente,ylentegw@va.gov,Female,$929805.71,205629879,IT
610,Eugen,Leebeter,eleebetergx@friendfeed.com,Male,$912629.61,422052497,IT
611,Gunter,Rawlins,grawlinsgy@pagesperso-orange.fr,Male,$557861.73,324451285,IT
612,Julian,Alessandone,jalessandonegz@gizmodo.com,Male,$385657.15,404987935,PP
613,Hattie,Torre,htorreh0@51.la,Female,$170762.16,1041752202,IT
614,Lucian,Giacubbo,lgiacubboh1@cbc.ca,Male,$947963.61,1049260463,CC
615,Crissie,Danford,cdanfordh2@photobucket.com,Female,$130920.94,32183241,IT
616,Zacherie,Henfre,zhenfreh3@wikispaces.com,Male,$591358.93,129275015,CC
617,Tedi,Mangenet,tmangeneth4@alexa.com,Female,$183753.50,950326688,PP
618,Abdel,Schenkel,aschenkelh5@state.gov,Male,$542719.49,764756660,IT
619,Garrick,Lies,gliesh6@multiply.com,Male,$297750.33,652354871,IT
620,Packston,Willoughey,pwillougheyh7@rediff.com,Male,$842020.38,924918134,CC
621,Roi,Badini,rbadinih8@twitter.com,Male,$440486.54,820215290,PP
622,Huntlee,Langsbury,hlangsburyh9@wisc.edu,Male,$191922.02,598626304,CC
623,Margareta,Bamlett,mbamlettha@live.com,Female,$883888.54,912436305,PP
624,Gaylene,Vasichev,gvasichevhb@devhub.com,Female,$353031.88,695224322,PP
625,Shelagh,Audus,saudushc@chicagotribune.com,Female,$532943.75,964787274,CC
626,Erek,Jankin,ejankinhd@gmpg.org,Male,$190549.44,251329225,PP
627,Dorri,Frearson,dfrearsonhe@huffingtonpost.com,Female,$181700.35,794757013,CC
628,Aluin,Primrose,aprimrosehf@vimeo.com,Male,$943916.45,746902779,IT
629,Adlai,Sharpling,asharplinghg@cam.ac.uk,Male,$531624.85,945928885,CC
630,Jedd,Labusquiere,jlabusquierehh@usatoday.com,Male,$106538.98,658410931,PP
631,Susi,Drance,sdrancehi@reference.com,Female,$706043.14,79925328,PP
632,Marsh,Ginn,mginnhj@goo.gl,Male,$988340.36,296395534,CC
633,Phaidra,O'Doohaine,podoohainehk@bravesites.com,Female,$294128.15,987261745,IT
634,Auguste,Milley,amilleyhl@people.com.cn,Female,$134758.13,206662867,PP
635,Joann,Critchley,jcritchleyhm@google.it,Female,$674585.88,32954997,PP
636,Jerome,Tull,jtullhn@pagesperso-orange.fr,Male,$489947.97,391523821,PP
637,Neils,Benford,nbenfordho@wordpress.org,Male,$902272.42,491546745,CC
638,Lori,Corradengo,lcorradengohp@stanford.edu,Female,$486938.38,230247351,IT
639,Stanwood,Dagworthy,sdagworthyhq@vk.com,Male,$527578.14,709730956,PP
640,Cassandra,Mabbitt,cmabbitthr@telegraph.co.uk,Female,$993808.74,555178600,IT
641,Tobias,Quantrell,tquantrellhs@elpais.com,Male,$840819.60,82736547,IT
642,Adham,Housecroft,ahousecroftht@bloglovin.com,Male,$704666.81,547136759,PP
643,Darryl,Keeney,dkeeneyhu@simplemachines.org,Female,$164460.10,479472082,PP
644,Gaston,Grayling,ggraylinghv@lulu.com,Male,$515806.08,69890356,CC
645,Paula,Hainey`,phaineyhw@google.com.hk,Female,$211723.68,930844007,CC
646,Dennie,Arp,darphx@va.gov,Male,$292709.66,969323448,IT
647,Gilbert,Millsom,gmillsomhy@freewebs.com,Male,$188104.00,984784759,IT
648,Candide,Kave,ckavehz@sohu.com,Female,$977805.24,873478568,IT
649,Devlin,Muehle,dmuehlei0@fema.gov,Male,$212255.93,664134184,PP
650,Andy,Omar,aomari1@lulu.com,Male,$130762.14,330966755,IT
651,Boothe,Lissaman,blissamani2@psu.edu,Male,$158756.44,655812559,IT
652,Francene,Tregidgo,ftregidgoi3@github.com,Female,$568203.91,493227932,PP
653,Ber,Kerford,bkerfordi4@ca.gov,Male,$646221.57,468567479,IT
654,Amalita,Spencer,aspenceri5@illinois.edu,Female,$438171.00,646844883,PP
655,Gualterio,Wadeling,gwadelingi6@fema.gov,Male,$858074.38,243885247,IT
656,Andrew,Maysor,amaysori7@hp.com,Male,$469591.28,85170049,PP
657,Roland,Bruno,rbrunoi8@lulu.com,Male,$907671.34,171689682,CC
658,Tania,Caustick,tcausticki9@geocities.jp,Female,$618856.42,584504502,PP
659,Farica,Pallasch,fpallaschia@myspace.com,Female,$111329.70,685631571,IT
660,Buddie,Bodsworth,bbodsworthib@stanford.edu,Male,$864170.28,965678073,CC
661,Karin,Chaloner,kchaloneric@redcross.org,Female,$325417.37,418065511,IT
662,Hayden,Youhill,hyouhillid@51.la,Male,$160365.09,541667342,IT
663,Barbabas,McNiven,bmcnivenie@weebly.com,Male,$630268.74,887621290,PP
664,Xerxes,Sign,xsignif@hexun.com,Male,$414867.80,69000482,IT
665,Vivia,Bevens,vbevensig@dyndns.org,Female,$952975.62,877389353,CC
666,Dara,Odom,dodomih@people.com.cn,Female,$350188.32,565247169,PP
667,Garrick,Swithenby,gswithenbyii@si.edu,Male,$133461.34,978495948,PP
668,Skipper,Mobley,smobleyij@mtv.com,Male,$502113.55,171502419,CC
669,Berkley,Tincombe,btincombeik@tinypic.com,Male,$878071.35,567885066,IT
670,Rosaleen,Dykins,rdykinsil@auda.org.au,Female,$223242.57,327884526,PP
671,Mickie,Dohr,mdohrim@tinypic.com,Male,$463375.23,309705472,CC
672,Kristo,Falco,kfalcoin@accuweather.com,Male,$810614.44,622325877,PP
673,Anabella,Barter,abarterio@wikimedia.org,Female,$340861.61,889456474,IT
674,Udale,Bolf,ubolfip@meetup.com,Male,$852926.26,866287927,PP
675,Kareem,Bunworth,kbunworthiq@hugedomains.com,Male,$778049.39,199232466,CC
676,Curran,Jeavons,cjeavonsir@geocities.com,Male,$430303.63,766944303,PP
677,Betsey,Leffek,bleffekis@a8.net,Female,$944781.69,712078840,CC
678,Barr,de Castelain,bdecastelainit@microsoft.com,Male,$775265.02,783643525,PP
679,Averil,Goldbourn,agoldbourniu@usda.gov,Female,$616658.98,288690251,CC
680,Ellary,Layborn,elayborniv@google.co.uk,Male,$441250.29,238143500,CC
681,Jessika,Dyment,jdymentiw@skyrock.com,Female,$829915.79,116899635,CC
682,Pace,Padefield,ppadefieldix@fda.gov,Male,$968267.91,222855833,PP
683,Shelden,Sleeman,ssleemaniy@phoca.cz,Male,$355597.39,49176225,CC
684,Hyacinthie,Villaret,hvillaretiz@thetimes.co.uk,Female,$192525.97,878164877,CC
685,Ulrick,Maylam,umaylamj0@flickr.com,Male,$401156.76,963346153,IT
686,Corny,Haggith,chaggithj1@jimdo.com,Male,$669082.95,174541259,IT
687,Nick,Meas,nmeasj2@surveymonkey.com,Male,$478932.31,165240676,PP
688,Woody,Jotcham,wjotchamj3@usnews.com,Male,$801909.24,300001109,PP
689,Thaddus,Zellick,tzellickj4@is.gd,Male,$634427.51,386607307,CC
690,Hermann,Aronsohn,haronsohnj5@360.cn,Male,$250086.74,671853910,PP
691,Roman,Alenin,raleninj6@weebly.com,Male,$435006.67,848201285,CC
692,David,Matuszewski,dmatuszewskij7@theatlantic.com,Male,$623946.29,840898898,PP
693,Eddy,Dransfield,edransfieldj8@java.com,Male,$107410.26,977856509,CC
694,Birgitta,Sheran,bsheranj9@nbcnews.com,Female,$353554.56,564484373,IT
695,Stephanus,de'-Ancy Willis,sdeancywillisja@mayoclinic.com,Male,$485679.23,861259286,IT
696,Lonni,Upwood,lupwoodjb@homestead.com,Female,$941593.81,801913901,PP
697,Pietra,Edginton,pedgintonjc@spotify.com,Female,$893581.16,306909306,PP
698,Carilyn,Bleakley,cbleakleyjd@walmart.com,Female,$180254.96,710499359,PP
699,Daniel,O'Fihily,dofihilyje@vinaora.com,Male,$541268.30,324405366,PP
700,Dominique,Toulmin,dtoulminjf@prnewswire.com,Male,$282516.41,527377216,PP
701,Gawain,Hawket,ghawketjg@soup.io,Male,$977335.03,943620811,CC
702,Web,Peaddie,wpeaddiejh@vkontakte.ru,Male,$983902.55,562301104,CC
703,Valina,Ruby,vrubyji@istockphoto.com,Female,$797668.52,513568424,CC
704,Philip,Georgi,pgeorgijj@blogger.com,Male,$516330.19,487083113,IT
705,Perkin,Smurfit,psmurfitjk@earthlink.net,Male,$940627.64,1022442698,CC
706,Sayre,Ruck,sruckjl@myspace.com,Male,$563537.23,885017984,PP
707,Dannye,Pitcock,dpitcockjm@nps.gov,Female,$587823.42,595871572,IT
708,Horatius,Crowley,hcrowleyjn@sogou.com,Male,$709541.52,152975670,IT
709,Paton,Gooding,pgoodingjo@fema.gov,Male,$416671.82,713134751,CC
710,Daryn,Grubbe,dgrubbejp@xing.com,Female,$238120.29,1023742632,PP
711,Myrle,Swire,mswirejq@house.gov,Female,$389730.21,116256665,CC
712,Olivie,Langstone,olangstonejr@omniture.com,Female,$818896.75,677886884,PP
713,Lesly,Monelli,lmonellijs@fastcompany.com,Female,$984921.13,7011787,CC
714,Meara,Szachniewicz,mszachniewiczjt@usa.gov,Female,$889286.49,607846858,CC
715,Maxim,Chiles,mchilesju@yelp.com,Male,$652182.72,1045252679,IT
716,Jacquelin,Alleburton,jalleburtonjv@github.com,Female,$763639.79,305576228,PP
717,Darill,Abbet,dabbetjw@gizmodo.com,Male,$332494.51,804701558,IT
718,Henrieta,Barnewall,hbarnewalljx@businessweek.com,Female,$256161.86,219746630,CC
719,Aurea,Gillio,agilliojy@webs.com,Female,$573188.96,275648166,PP
720,Iorgo,Froude,ifroudejz@cbsnews.com,Male,$202868.99,184820649,PP
721,Brear,O'Gormley,bogormleyk0@dmoz.org,Female,$404683.90,1033399779,PP
722,Marmaduke,Stuther,mstutherk1@walmart.com,Male,$324913.75,402362361,IT
723,Rog,Gawthorpe,rgawthorpek2@usa.gov,Male,$270962.03,625287302,IT
724,Fionna,Beveredge,fbeveredgek3@statcounter.com,Female,$235024.31,334016752,PP
725,Felizio,Van Hove,fvanhovek4@shop-pro.jp,Male,$172488.67,540412565,PP
726,Kristen,Gatecliffe,kgatecliffek5@nsw.gov.au,Female,$134509.24,214418659,IT
727,Armando,Cliffe,acliffek6@sun.com,Male,$816084.73,256896103,PP
728,Lee,Bedells,lbedellsk7@gov.uk,Male,$935180.68,1029414802,PP
729,Cherey,Lisamore,clisamorek8@addthis.com,Female,$990338.58,329829801,IT
730,Anderson,Mintoft,amintoftk9@china.com.cn,Male,$457262.26,406905451,IT
731,Griselda,Walak,gwalakka@redcross.org,Female,$560929.65,1043090466,CC
732,Francis,Morena,fmorenakb@unblog.fr,Male,$449053.90,811942231,IT
733,Aurthur,Matchett,amatchettkc@altervista.org,Male,$954271.29,610022544,IT
734,Abby,Bronger,abrongerkd@sogou.com,Female,$279522.84,647194382,CC
735,Matty,Lewerenz,mlewerenzke@spiegel.de,Male,$227743.60,224255621,IT
736,Karlens,Kinnier,kkinnierkf@tmall.com,Male,$360821.08,321581752,PP
737,Pia,Kingstne,pkingstnekg@wunderground.com,Female,$307871.27,327554559,PP
738,Nance,Ferrige,nferrigekh@soup.io,Female,$207182.38,663857215,IT
739,Julius,Djurdjevic,jdjurdjevicki@biglobe.ne.jp,Male,$587228.96,248155013,IT
740,Milly,Stempe,mstempekj@angelfire.com,Female,$568438.54,94334005,CC
741,Aurea,Watkiss,awatkisskk@cam.ac.uk,Female,$133284.94,728389743,PP
742,Yelena,Gwillim,ygwillimkl@constantcontact.com,Female,$386813.51,1001708956,PP
743,Pet,Asbery,pasberykm@yellowpages.com,Female,$551558.84,119376376,PP
744,Ruddie,Burdge,rburdgekn@nationalgeographic.com,Male,$198372.39,904881939,PP
745,Darin,Bole,dboleko@latimes.com,Male,$994067.28,339514098,PP
746,Ophelia,Lethem,olethemkp@blinklist.com,Female,$490705.58,339493815,PP
747,Leicester,Brabin,lbrabinkq@simplemachines.org,Male,$729982.18,714848241,CC
748,Renaldo,Lacky,rlackykr@sfgate.com,Male,$776758.35,865651115,PP
749,Alida,Reach,areachks@sakura.ne.jp,Female,$543452.10,519131526,CC
750,Jacynth,Hayhow,jhayhowkt@weebly.com,Female,$677888.93,884495461,IT
751,Pennie,Swindon,pswindonku@facebook.com,Male,$520102.23,200374824,CC
752,Antonius,Geer,ageerkv@businesswire.com,Male,$164890.13,216252144,IT
753,Berkley,Mountney,bmountneykw@msu.edu,Male,$231739.14,762309514,PP
754,Remus,Gelsthorpe,rgelsthorpekx@nature.com,Male,$392751.86,471565204,IT
755,Ruthanne,Alldridge,ralldridgeky@seattletimes.com,Female,$173151.49,1024540308,PP
756,Savina,Dogg,sdoggkz@nymag.com,Female,$333357.69,442297135,CC
757,Cornelia,Gudde,cguddel0@vk.com,Female,$348053.03,204181758,PP
758,Gunilla,Becarra,gbecarral1@1688.com,Female,$568874.86,929375028,CC
759,Karrie,Imbrey,kimbreyl2@blog.com,Female,$754057.95,31572254,CC
760,Dinah,Merrick,dmerrickl3@usda.gov,Female,$273007.22,24900991,CC
761,Pietra,Cottrell,pcottrelll4@nyu.edu,Female,$870300.91,817530412,IT
762,Tirrell,Hassekl,thassekll5@berkeley.edu,Male,$123206.37,640397325,PP
763,Gran,Kleingrub,gkleingrubl6@github.com,Male,$281886.61,215724118,PP
764,Brod,Hakey,bhakeyl7@japanpost.jp,Male,$430439.62,465243427,IT
765,Tam,Allabarton,tallabartonl8@patch.com,Male,$171147.60,887027610,CC
766,Piggy,Fitzpayn,pfitzpaynl9@bbc.co.uk,Male,$904251.96,235768892,PP
767,Kathy,McGrudder,kmcgrudderla@cam.ac.uk,Female,$438205.98,341486783,PP
768,Astra,Roseveare,arosevearelb@vinaora.com,Female,$894255.03,661259391,IT
769,Emalia,Lipsett,elipsettlc@google.nl,Female,$738763.71,30828647,PP
770,Brandtr,Mothersole,bmothersoleld@ameblo.jp,Male,$523592.90,485051440,PP
771,Pru,Muehle,pmuehlele@360.cn,Female,$580078.39,146429425,IT
772,Denis,Rulten,drultenlf@nationalgeographic.com,Male,$484440.46,494170010,PP
773,Viola,Willeman,vwillemanlg@reference.com,Female,$957903.92,932591545,PP
774,Maurie,Gingold,mgingoldlh@washingtonpost.com,Male,$233987.45,878379312,IT
775,Hubey,Byrne,hbyrneli@technorati.com,Male,$744866.08,740091251,IT
776,Jeremy,Skowcraft,jskowcraftlj@gnu.org,Male,$139707.25,199371381,CC
777,Mahala,Sanbrook,msanbrooklk@jimdo.com,Female,$791907.33,235479751,PP
778,Rici,Harkess,rharkessll@aboutads.info,Female,$104264.78,622118727,CC
779,Essy,Demer,edemerlm@npr.org,Female,$472670.03,50108181,CC
780,Dore,Pevie,dpevieln@yahoo.co.jp,Female,$226871.84,338230206,PP
781,Darryl,Chadband,dchadbandlo@wordpress.org,Female,$663086.99,341600451,IT
782,Starla,Golde,sgoldelp@reuters.com,Female,$174408.42,207215160,IT
783,Salvatore,Dimmer,sdimmerlq@berkeley.edu,Male,$488962.27,235277403,CC
784,Sibby,Joel,sjoellr@bandcamp.com,Female,$583634.06,632362184,CC
785,Justis,O'Bradden,jobraddenls@photobucket.com,Male,$541776.15,780532474,CC
786,Rickey,Wooff,rwoofflt@typepad.com,Male,$622549.18,951300388,CC
787,Homer,Alessandone,halessandonelu@omniture.com,Male,$263963.39,404169667,PP
788,Brewer,Hunter,bhunterlv@bbc.co.uk,Male,$917170.90,398575955,PP
789,Haywood,Pittem,hpittemlw@phpbb.com,Male,$815676.41,881577448,IT
790,Mildred,Crowden,mcrowdenlx@columbia.edu,Female,$984746.87,935530534,CC
791,Udell,Millership,umillershiply@bloglines.com,Male,$526528.45,39141904,PP
792,Myer,Pickersgill,mpickersgilllz@utexas.edu,Male,$171939.79,945894614,PP
793,Jephthah,Dron,jdronm0@comcast.net,Male,$417250.95,978992390,PP
794,Emalia,Lessmare,elessmarem1@cam.ac.uk,Female,$568364.65,900735072,IT
795,Edward,Josovitz,ejosovitzm2@imageshack.us,Male,$255813.18,226613178,PP
796,Merry,Spencer,mspencerm3@java.com,Female,$650102.75,476717302,IT
797,Warde,Schimmang,wschimmangm4@microsoft.com,Male,$341178.86,35007372,PP
798,Jo ann,Cranham,jcranhamm5@feedburner.com,Female,$994754.60,278726082,PP
799,Bartel,Truelock,btruelockm6@ted.com,Male,$861436.15,284379961,CC
800,Jacquette,Dobbinson,jdobbinsonm7@jugem.jp,Female,$555557.75,320665240,CC
801,Hank,Barsam,hbarsamm8@networkadvertising.org,Male,$155775.86,427872106,CC
802,Jody,Bayless,jbaylessm9@nature.com,Female,$452382.58,599656153,CC
803,Antonella,Kingswoode,akingswoodema@nih.gov,Female,$755573.30,985914538,CC
804,Dieter,Cashell,dcashellmb@salon.com,Male,$777697.77,654390725,IT
805,Terencio,Stubbe,tstubbemc@pagesperso-orange.fr,Male,$416734.93,101291306,CC
806,Marilin,Braune,mbraunemd@freewebs.com,Female,$756921.53,630828188,PP
807,Tally,Chifney,tchifneyme@flavors.me,Female,$728584.15,795476075,PP
808,Mable,Martusov,mmartusovmf@epa.gov,Female,$584027.13,327068026,PP
809,Tito,Tancock,ttancockmg@berkeley.edu,Male,$260314.66,508145526,IT
810,Bradley,Cady,bcadymh@cnet.com,Male,$446434.09,51357263,IT
811,Franky,Noon,fnoonmi@sitemeter.com,Male,$754194.27,456429817,PP
812,Hoyt,Risebrow,hrisebrowmj@theguardian.com,Male,$340803.03,1001377097,IT
813,Fayth,Karlicek,fkarlicekmk@arizona.edu,Female,$728543.73,973451397,PP
814,Flory,Boffey,fboffeyml@skyrock.com,Female,$537097.06,908910048,IT
815,Karylin,Warland,kwarlandmm@51.la,Female,$436340.85,239720369,PP
816,Dyna,Baumert,dbaumertmn@amazon.com,Female,$285943.16,809106153,CC
817,Christian,Fitzharris,cfitzharrismo@dailymail.co.uk,Female,$181636.52,39391031,CC
818,Sheff,Abelovitz,sabelovitzmp@edublogs.org,Male,$258480.47,432206274,CC
819,Gustaf,Hydes,ghydesmq@ovh.net,Male,$242741.71,476437277,IT
820,Trish,McPhilemy,tmcphilemymr@livejournal.com,Female,$562707.52,930739814,IT
821,Eldridge,Rosborough,erosboroughms@goo.ne.jp,Male,$393163.97,678246888,IT
822,Pyotr,Lehrmann,plehrmannmt@eventbrite.com,Male,$730748.30,304787857,CC
823,Jyoti,Dmisek,jdmisekmu@livejournal.com,Female,$762455.57,94623163,CC
824,Craggie,Eade,ceademv@theguardian.com,Male,$776162.21,824491149,PP
825,Mahmud,Heaysman,mheaysmanmw@google.ca,Male,$491585.91,877585654,IT
826,Aubree,Antoniou,aantonioumx@mapy.cz,Female,$972721.44,56927462,CC
827,Anitra,Abilowitz,aabilowitzmy@cpanel.net,Female,$472620.53,440786196,IT
828,Corabel,Riach,criachmz@alibaba.com,Female,$484744.25,800466771,IT
829,Scarlett,Fasson,sfassonn0@friendfeed.com,Female,$796114.70,950633323,PP
830,Devlen,Wagner,dwagnern1@nydailynews.com,Male,$427699.53,335981442,IT
831,Barnabas,Ayliff,bayliffn2@shinystat.com,Male,$927352.95,18198200,IT
832,Meredith,Hambidge,mhambidgen3@businesswire.com,Male,$179170.15,157016708,PP
833,Sharline,Pinniger,spinnigern4@bloomberg.com,Female,$396012.03,720999343,PP
834,Toinette,Kleinstein,tkleinsteinn5@issuu.com,Female,$856044.83,245751907,PP
835,Misty,Hinchcliffe,mhinchcliffen6@delicious.com,Female,$884406.85,767619836,IT
836,Becca,Le Blanc,bleblancn7@sbwire.com,Female,$202174.44,965776515,CC
837,Arabela,Whitcher,awhitchern8@51.la,Female,$828938.26,239091194,CC
838,Wait,Kobieriecki,wkobierieckin9@dot.gov,Male,$305559.24,917163845,PP
839,Elsbeth,Chidler,echidlerna@salon.com,Female,$896613.12,1045604962,IT
840,Kevon,Jerratsch,kjerratschnb@cdbaby.com,Male,$717231.08,473519119,CC
841,Roddy,Chesterton,rchestertonnc@liveinternet.ru,Male,$683319.43,925776060,IT
842,Frances,Took,ftooknd@wordpress.com,Female,$386466.02,461726282,CC
843,Emlen,Heims,eheimsne@bing.com,Male,$958001.26,192104009,CC
844,Dino,Poles,dpolesnf@furl.net,Male,$997106.72,86718184,IT
845,Angelica,Chantree,achantreeng@youtube.com,Female,$349948.08,868804247,CC
846,Hetti,Doerren,hdoerrennh@so-net.ne.jp,Female,$427754.05,352616972,IT
847,Carmella,Lillyman,clillymanni@rakuten.co.jp,Female,$826831.42,454956819,PP
848,Pippy,Vanstone,pvanstonenj@netlog.com,Female,$866181.21,199550666,PP
849,Kathie,Frise,kfrisenk@mail.ru,Female,$565087.65,1045867434,IT
850,Clarice,Essam,cessamnl@typepad.com,Female,$867995.61,444699175,PP
851,Danyelle,Mauditt,dmaudittnm@163.com,Female,$905913.20,807438508,IT
852,Melonie,Crommett,mcrommettnn@china.com.cn,Female,$679238.57,248787777,PP
853,Gamaliel,Weldrick,gweldrickno@gizmodo.com,Male,$963936.93,750029100,IT
854,Gerrard,Barabisch,gbarabischnp@tiny.cc,Male,$698743.04,952780095,IT
855,Astrix,O'Cannovane,aocannovanenq@list-manage.com,Female,$800762.54,57371115,IT
856,Tova,Ida,tidanr@skype.com,Female,$402857.89,423404091,PP
857,Loise,Nusche,lnuschens@ucla.edu,Female,$792457.64,875197624,PP
858,Allister,Crotty,acrottynt@over-blog.com,Male,$596769.32,833239900,PP
859,Holly,Wilkenson,hwilkensonnu@rakuten.co.jp,Female,$410829.53,340506217,PP
860,Sterling,Rosberg,srosbergnv@bbb.org,Male,$287745.06,974800680,IT
861,Elmer,Wyllis,ewyllisnw@last.fm,Male,$335159.30,580943587,IT
862,Minda,Lithcow,mlithcownx@upenn.edu,Female,$168982.38,626913888,IT
863,Aurthur,Cordelette,acordeletteny@usatoday.com,Male,$795309.36,370937794,PP
864,Thatcher,Finlay,tfinlaynz@cbsnews.com,Male,$524986.02,230967299,CC
865,Travus,Thiese,tthieseo0@homestead.com,Male,$595868.09,428862314,CC
866,Loy,Francesconi,lfrancesconio1@zimbio.com,Male,$942430.98,1011596100,PP
867,Willis,Montilla,wmontillao2@lycos.com,Male,$361044.56,747729954,IT
868,Caitlin,Frank,cfranko3@issuu.com,Female,$885594.29,325568195,PP
869,Wilton,Rosenvasser,wrosenvassero4@addthis.com,Male,$290058.33,573850920,IT
870,Nealon,Colvin,ncolvino5@blogger.com,Male,$590604.41,235356046,PP
871,Marge,Amoore,mamooreo6@apache.org,Female,$650173.96,51180949,IT
872,Gayla,Hawes,ghaweso7@wufoo.com,Female,$416254.41,979122649,IT
873,Thurston,Mattosoff,tmattosoffo8@merriam-webster.com,Male,$408159.60,939434779,IT
874,Ellis,Collicott,ecollicotto9@rediff.com,Male,$306525.27,1037951656,CC
875,Betteanne,Hyder,bhyderoa@hc360.com,Female,$674223.77,307443877,CC
876,Florry,Knewstub,fknewstubob@360.cn,Female,$508632.48,611924351,CC
877,Denys,Waliszewski,dwaliszewskioc@dagondesign.com,Male,$854483.97,378936933,IT
878,Jaquelyn,Felder,jfelderod@ucsd.edu,Female,$100842.88,356061404,PP
879,Lu,Fuentes,lfuentesoe@hc360.com,Female,$240406.82,984918033,CC
880,Johna,Feak,jfeakof@indiatimes.com,Female,$639647.21,84168587,CC
881,Kendre,Bick,kbickog@nature.com,Female,$493718.54,97748341,IT
882,Hollyanne,Havis,hhavisoh@wikimedia.org,Female,$413304.28,889434912,PP
883,Borden,Beale,bbealeoi@mac.com,Male,$659115.52,824688197,PP
884,Juline,Rape,jrapeoj@merriam-webster.com,Female,$523948.78,676124752,CC
885,Orson,Muehler,omuehlerok@yelp.com,Male,$516672.40,139476673,IT
886,Gayelord,Sapsford,gsapsfordol@microsoft.com,Male,$399828.48,857407877,PP
887,Luke,Gebb,lgebbom@yale.edu,Male,$294251.56,1037460624,CC
888,Etty,Torbeck,etorbeckon@state.gov,Female,$785124.29,397719391,PP
889,Laurent,Scalia,lscaliaoo@fotki.com,Male,$305272.26,957615363,PP
890,Alli,Levis,alevisop@123-reg.co.uk,Female,$412969.81,920798371,IT
891,Lexie,Corbitt,lcorbittoq@ezinearticles.com,Female,$113087.83,907325873,PP
892,Giuseppe,Dunthorn,gdunthornor@prlog.org,Male,$747434.04,785697792,CC
893,Dolph,Rozenzweig,drozenzweigos@arizona.edu,Male,$696039.20,630917844,CC
894,Constantin,O'Hartigan,cohartiganot@sogou.com,Male,$436018.47,294992462,IT
895,Jolyn,Proppers,jproppersou@epa.gov,Female,$618164.38,577198940,IT
896,Mariam,Bertie,mbertieov@mozilla.org,Female,$464394.01,128633411,CC
897,Arlina,Klemensiewicz,aklemensiewiczow@storify.com,Female,$437992.79,956151166,CC
898,Stoddard,Woodman,swoodmanox@google.co.jp,Female,$811106.84,983140062,PP
899,Ara,Fenech,afenechoy@issuu.com,Female,$683433.70,28883327,IT
900,Quinn,Trowle,qtrowleoz@go.com,Female,$791742.03,979902866,IT
901,Thacher,Defew,tdefewp0@businessinsider.com,Male,$899365.31,981024752,PP
902,Heywood,Minors,hminorsp1@jalbum.net,Male,$937157.23,590101718,IT
903,Bret,Thieme,bthiemep2@imgur.com,Male,$762431.21,402796811,PP
904,Fredi,Seegar,fseegarp3@trellian.com,Female,$845123.19,1013116371,PP
905,Chelsy,McKinley,cmckinleyp4@engadget.com,Female,$679392.45,996066027,CC
906,Bartholomeus,Dettmar,bdettmarp5@ezinearticles.com,Male,$938006.51,739275096,CC
907,Nelly,Sonner,nsonnerp6@google.com.hk,Female,$973852.94,838343752,CC
908,Felice,Clowes,fclowesp7@businesswire.com,Male,$346738.88,703376208,PP
909,Cori,Kringe,ckringep8@people.com.cn,Female,$754996.86,166020761,CC
910,Herta,Bagnold,hbagnoldp9@fc2.com,Female,$587550.28,57710846,IT
911,Ax,Lee,aleepa@yolasite.com,Male,$807515.12,438583179,IT
912,Jeniffer,Huckel,jhuckelpb@diigo.com,Female,$633942.86,1030684296,IT
913,Idette,Capozzi,icapozzipc@youku.com,Female,$399736.86,1004948739,CC
914,Skye,Kidd,skiddpd@tiny.cc,Male,$942656.27,697235139,PP
915,Louisette,Brager,lbragerpe@simplemachines.org,Female,$473475.54,157865545,IT
916,Morse,Pellew,mpellewpf@vimeo.com,Male,$461745.50,692948151,CC
917,Burr,Rottgers,brottgerspg@slideshare.net,Male,$297722.27,802353883,CC
918,Harriett,Beviss,hbevissph@elpais.com,Female,$657618.08,176813014,PP
919,Sollie,Hadingham,shadinghampi@alibaba.com,Male,$467288.40,119944457,IT
920,Dolly,Cummings,dcummingspj@slashdot.org,Female,$567833.74,497388426,CC
921,Arlinda,Nowill,anowillpk@weather.com,Female,$213811.97,749720526,IT
922,Maribelle,Klawi,mklawipl@blogspot.com,Female,$281771.19,437375362,CC
923,Dell,O'Neary,donearypm@tiny.cc,Male,$411995.37,510633513,IT
924,Rowan,Cianni,rciannipn@angelfire.com,Male,$979999.20,521731463,PP
925,Giana,Tumilson,gtumilsonpo@intel.com,Female,$633466.77,580987172,PP
926,Reginald,Igonet,rigonetpp@sfgate.com,Male,$707959.16,897499184,IT
927,Calv,Janaszewski,cjanaszewskipq@sciencedaily.com,Male,$698630.23,422084050,CC
928,Vevay,Wilcot,vwilcotpr@archive.org,Female,$275641.23,160479252,CC
929,Ede,Darte,edarteps@wikimedia.org,Female,$936168.05,113914343,PP
930,Ahmed,Jenkins,ajenkinspt@bravesites.com,Male,$900616.01,543810848,PP
931,Tara,Merrifield,tmerrifieldpu@indiatimes.com,Female,$198716.44,301706505,IT
932,Ruddy,Rosenthaler,rrosenthalerpv@google.it,Male,$970999.03,986961450,CC
933,Eleonora,Fouch,efouchpw@163.com,Female,$401148.25,495399197,CC
934,Ilaire,Phython,iphythonpx@xinhuanet.com,Male,$730081.41,242955454,CC
935,Kele,Asty,kastypy@illinois.edu,Male,$104453.52,289019953,PP
936,Bree,Birdsall,bbirdsallpz@umich.edu,Female,$118370.31,834377378,PP
937,Jard,Burdge,jburdgeq0@taobao.com,Male,$725041.42,21640041,CC
938,Clayson,Hairon,chaironq1@cbc.ca,Male,$410910.38,33205090,IT
939,Boote,Scanlin,bscanlinq2@howstuffworks.com,Male,$867350.12,278671940,IT
940,Andy,Igglesden,aigglesdenq3@instagram.com,Male,$114116.42,1024009449,IT
941,Consolata,Marklew,cmarklewq4@edublogs.org,Female,$979399.65,585042312,CC
942,Jeddy,Philipsen,jphilipsenq5@parallels.com,Male,$629007.56,203760230,CC
943,Darla,Leynham,dleynhamq6@cyberchimps.com,Female,$315341.79,616778569,IT
944,Clemmie,Hatrick,chatrickq7@ocn.ne.jp,Male,$502965.33,465234231,CC
945,Leonerd,Pettecrew,lpettecrewq8@springer.com,Male,$539117.23,842775905,IT
946,Kirsten,Innett,kinnettq9@nbcnews.com,Female,$879358.71,667437037,IT
947,Kerrie,Van Bruggen,kvanbruggenqa@arizona.edu,Female,$726493.98,280112425,IT
948,Mike,Timcke,mtimckeqb@miibeian.gov.cn,Male,$584039.81,780540262,IT
949,Lynn,Camillo,lcamilloqc@state.gov,Male,$853688.32,44973997,IT
950,Kevon,Cummings,kcummingsqd@adobe.com,Male,$931718.73,827128976,CC
951,Casie,Wedderburn,cwedderburnqe@wordpress.com,Female,$510717.48,793616904,IT
952,Faina,Lidgerton,flidgertonqf@tinypic.com,Female,$108577.98,536334972,CC
953,Fan,Feitosa,ffeitosaqg@ucla.edu,Female,$215127.16,991280095,PP
954,Maggee,Gemeau,mgemeauqh@paginegialle.it,Female,$831310.57,983800182,PP
955,Allan,Bergin,aberginqi@hud.gov,Male,$548205.31,897915110,PP
956,Etienne,Halgarth,ehalgarthqj@wix.com,Male,$674358.01,947783650,PP
957,Orsola,Olexa,oolexaqk@utexas.edu,Female,$609041.26,790428539,PP
958,Iosep,Hyman,ihymanql@illinois.edu,Male,$739699.28,798417412,CC
959,Louis,Van Eeden,lvaneedenqm@about.me,Male,$399680.09,13908764,PP
960,Sanford,Grimsdale,sgrimsdaleqn@foxnews.com,Male,$721271.34,685902913,PP
961,Ranna,Blueman,rbluemanqo@weebly.com,Female,$459280.68,226833450,CC
962,Rockie,Klicher,rklicherqp@nps.gov,Male,$844947.62,901204288,PP
963,Elisabet,Mingaye,emingayeqq@virginia.edu,Female,$453972.05,63441114,PP
964,Margeaux,Iwaszkiewicz,miwaszkiewiczqr@go.com,Female,$723514.41,950255475,PP
965,Graham,Landreth,glandrethqs@comsenz.com,Male,$811363.58,620229808,CC
966,Chane,Reichert,creichertqt@exblog.jp,Male,$600205.15,171589653,IT
967,Kaila,Menary,kmenaryqu@typepad.com,Female,$841130.46,46024130,CC
968,Holmes,Corradengo,hcorradengoqv@skyrock.com,Male,$480230.82,419858658,CC
969,Lothario,Readmire,lreadmireqw@pinterest.com,Male,$258058.22,113253494,CC
970,Ivor,MacIlhargy,imacilhargyqx@yellowpages.com,Male,$701760.54,827813410,IT
971,Stanleigh,Beadel,sbeadelqy@hhs.gov,Male,$689185.17,612951408,CC
972,Hestia,Giraudy,hgiraudyqz@sbwire.com,Female,$476208.07,459931614,CC
973,Doug,Pane,dpaner0@hud.gov,Male,$961018.71,829461690,PP
974,Fran,Bloxham,fbloxhamr1@ucoz.com,Female,$930851.58,157821586,IT
975,Culver,Agget,caggetr2@chron.com,Male,$716572.56,257476623,CC
976,Clerc,Harlowe,charlower3@myspace.com,Male,$694276.89,451863465,PP
977,Felisha,Harwood,fharwoodr4@quantcast.com,Female,$921793.16,922880619,IT
978,Maris,M'Quhan,mmquhanr5@cpanel.net,Female,$822747.26,863819200,PP
979,Vassili,Kimblen,vkimblenr6@feedburner.com,Male,$607159.30,537247195,IT
980,Warden,Manes,wmanesr7@mozilla.com,Male,$757524.63,723698397,IT
981,Malynda,Steuhlmeyer,msteuhlmeyerr8@facebook.com,Female,$687950.99,36824231,PP
982,Emalee,Larwell,elarwellr9@list-manage.com,Female,$139459.78,176440713,IT
983,Freddie,Cunio,fcuniora@princeton.edu,Female,$883577.66,855888402,PP
984,Tybalt,Blaik,tblaikrb@symantec.com,Male,$444932.41,574504340,CC
985,Buffy,Moehle,bmoehlerc@ft.com,Female,$150394.77,321392478,PP
986,Velma,Dursley,vdursleyrd@sciencedaily.com,Female,$510384.09,410465676,CC
987,Lisle,Tomes,ltomesre@utexas.edu,Male,$256423.06,840220125,PP
988,Nadeen,Delete,ndeleterf@google.fr,Female,$396894.99,354776396,IT
989,Van,Fandrey,vfandreyrg@china.com.cn,Male,$495767.84,1023244920,IT
990,Kiersten,Shipley,kshipleyrh@netscape.com,Female,$445691.27,801146572,CC
991,Mordecai,McCabe,mmccaberi@buzzfeed.com,Male,$801753.11,208334086,PP
992,Benedick,Foucher,bfoucherrj@furl.net,Male,$553508.82,607884092,CC
993,Olav,Vasilechko,ovasilechkork@dot.gov,Male,$880068.54,1013275142,CC
994,Marv,Earlam,mearlamrl@apache.org,Male,$802683.73,776869599,CC
995,Em,Wilce,ewilcerm@parallels.com,Male,$247844.40,160384580,PP
996,Cybill,MacQuarrie,cmacquarriern@nymag.com,Female,$739132.88,501275647,PP
997,Rubi,Gail,rgailro@imdb.com,Female,$735949.88,370477219,CC
998,Page,Lowson,plowsonrp@simplemachines.org,Male,$458544.97,351335533,IT
999,Otes,Guyet,oguyetrq@joomla.org,Male,$758726.47,192555088,IT
1000,Stern,Ionn,sionnrr@sitemeter.com,Male,$391080.00,209959287,IT
