id,nombre,apellido,email,genero,valor_tx,numero_identificacion,tipo_identificacion
1,Conrade,Kelinge,ckelinge0@google.ca,Male,$541970.35,860763543,CC
2,Ardath,Maddy,amaddy1@google.ca,Female,$974729.23,446721552,IT
3,Aleece,Yeomans,ayeomans2@mlb.com,Female,$736660.77,330662054,IT
4,Consalve,Cuttin,ccuttin3@gov.uk,Male,$328281.16,29681121,CC
5,Halley,Biagini,hbiagini4@unblog.fr,Female,$572260.99,772599853,PP
6,Jock,Jakovijevic,jjakovijevic5@senate.gov,Male,$765884.60,713617919,PP
7,Kaspar,Mazzei,kmazzei6@google.co.uk,Male,$316386.33,196301952,CC
8,Bentley,Hamman,bhamman7@webs.com,Male,$946382.92,144289988,CC
9,Eziechiele,Swyn,eswyn8@upenn.edu,Male,$705257.66,81438448,IT
10,Helsa,Yesipov,hyesipov9@theatlantic.com,Female,$351043.90,455070863,PP
11,Hulda,Perazzo,hperazzoa@bravesites.com,Female,$849699.02,538111375,CC
12,Kareem,Pelcheur,kpelcheurb@digg.com,Male,$570830.50,168806152,CC
13,Domini,Adamiak,dadamiakc@moonfruit.com,Female,$580571.74,187799300,CC
14,Rhodie,Allgood,rallgoodd@noaa.gov,Female,$220427.64,890910956,PP
15,Curry,Gutridge,cgutridgee@cloudflare.com,Male,$757612.44,732011124,IT
16,Katharine,Brotheridge,kbrotheridgef@ifeng.com,Female,$662168.37,471073254,IT
17,Kristien,McMylor,kmcmylorg@exblog.jp,Female,$954663.74,821047037,CC
18,Mickie,Soars,msoarsh@multiply.com,Male,$142578.45,81707296,IT
19,Cordy,Antoniutti,cantoniuttii@omniture.com,Female,$304506.87,346719716,CC
20,Beniamino,Gullifant,bgullifantj@bbb.org,Male,$971289.67,909762481,CC
21,Trey,Jozefowicz,tjozefowiczk@tiny.cc,Male,$746866.90,44916727,CC
22,Silvana,Stoite,sstoitel@jiathis.com,Female,$582552.37,383081409,CC
23,Tommy,Oiseau,toiseaum@marriott.com,Male,$396231.45,161728372,CC
24,Rory,Roarty,rroartyn@zdnet.com,Male,$389402.09,655134097,IT
25,Deny,Ilyin,dilyino@multiply.com,Female,$302761.29,128340288,PP
26,Emili,Fundell,efundellp@discuz.net,Female,$787983.04,770263284,IT
27,Ginelle,Furneaux,gfurneauxq@indiatimes.com,Female,$348195.38,271080567,CC
28,Farlay,Leng,flengr@creativecommons.org,Male,$631049.05,334258188,IT
29,Alyssa,Odell,aodells@google.com.hk,Female,$620605.25,1003913721,IT
30,Antonio,Blampey,ablampeyt@mapy.cz,Male,$192760.47,239127376,CC
31,Hoyt,Birkin,hbirkinu@admin.ch,Male,$412771.75,911454046,CC
32,Goddart,Pryke,gprykev@dion.ne.jp,Male,$708189.48,279445088,IT
33,Issiah,Otridge,iotridgew@blogspot.com,Male,$920254.59,393233176,PP
34,Jessalin,Forkan,jforkanx@cdc.gov,Female,$559937.67,355589826,CC
35,Rowe,Facer,rfacery@altervista.org,Female,$630863.87,232646142,CC
36,Esmaria,Airth,eairthz@soup.io,Female,$978018.25,674848347,IT
37,Derry,Lusk,dlusk10@msu.edu,Male,$769666.49,987336410,IT
38,Gabriel,Edmonstone,gedmonstone11@soup.io,Female,$612115.79,25142276,CC
39,Berna,Insko,binsko12@archive.org,Female,$610317.83,917214111,IT
40,Bancroft,Tollerfield,btollerfield13@weather.com,Male,$382926.49,148506265,PP
41,Agnola,Deedes,adeedes14@rediff.com,Female,$302466.09,276034547,PP
42,Clive,Macrae,cmacrae15@so-net.ne.jp,Male,$408314.50,761757850,PP
43,Patrizius,Jensen,pjensen16@spiegel.de,Male,$842106.99,846525272,CC
44,Benni,Newbold,bnewbold17@amazon.de,Female,$343067.81,725341757,IT
45,Xymenes,Cosgreave,xcosgreave18@cmu.edu,Male,$749022.48,878131478,PP
46,Willa,Daveridge,wdaveridge19@moonfruit.com,Female,$412053.25,922961196,CC
47,Biddy,Verman,bverman1a@google.ca,Female,$780918.24,765722729,CC
48,Shurlock,Andrzejczak,sandrzejczak1b@discovery.com,Male,$341224.84,650927896,PP
49,Ham,Hackford,hhackford1c@github.com,Male,$481112.76,892408965,CC
50,Olia,Varfolomeev,ovarfolomeev1d@sourceforge.net,Female,$295858.70,1009626256,CC
51,Afton,Norgan,anorgan1e@blogger.com,Female,$751468.94,476270618,CC
52,Rowland,Athelstan,rathelstan1f@purevolume.com,Male,$623259.14,556958613,IT
53,Flo,Kimmitt,fkimmitt1g@mysql.com,Female,$228872.46,656476880,PP
54,Tonie,Mollon,tmollon1h@goo.gl,Female,$426231.20,867607292,CC
55,Candida,Detloff,cdetloff1i@is.gd,Female,$413018.93,536238546,IT
56,Aline,Meineken,ameineken1j@shareasale.com,Female,$537497.63,852109089,PP
57,Krystyna,Minger,kminger1k@kickstarter.com,Female,$753275.61,291242867,CC
58,Derrek,Le Sarr,dlesarr1l@google.ca,Male,$819003.49,844269565,IT
59,Michele,Walsom,mwalsom1m@mediafire.com,Male,$492306.57,401796196,CC
60,Grantley,Bothram,gbothram1n@printfriendly.com,Male,$882587.15,776135153,CC
61,Gian,Jakoubec,gjakoubec1o@gov.uk,Male,$174329.43,741167334,IT
62,Maximilian,Shuker,mshuker1p@networksolutions.com,Male,$622985.83,936261741,IT
63,Arnold,Westhead,awesthead1q@ocn.ne.jp,Male,$953498.58,485665234,IT
64,Derk,Merrell,dmerrell1r@naver.com,Male,$577325.43,780779469,CC
65,Ly,Lovie,llovie1s@wisc.edu,Male,$247060.99,89853084,CC
66,Abdul,Langelay,alangelay1t@statcounter.com,Male,$512182.38,779654063,CC
67,Major,Axell,maxell1u@sciencedaily.com,Male,$459368.64,776141757,PP
68,Loria,Tallant,ltallant1v@list-manage.com,Female,$960540.74,121844216,CC
69,Win,Truckell,wtruckell1w@techcrunch.com,Male,$766455.51,82742922,PP
70,Elise,Grossman,egrossman1x@vkontakte.ru,Female,$117957.58,658229663,PP
71,Jenica,Paal,jpaal1y@amazon.com,Female,$277466.43,641915140,PP
72,Rhianon,Slaight,rslaight1z@ucoz.com,Female,$738127.53,790618134,PP
73,Alec,Scogings,ascogings20@amazon.de,Male,$101442.93,248985005,IT
74,Dulcea,Obispo,dobispo21@go.com,Female,$272138.98,848888186,PP
75,Giselbert,Fenn,gfenn22@comsenz.com,Male,$736841.41,92153160,IT
76,Welbie,Cunnow,wcunnow23@tamu.edu,Male,$212266.79,513096259,PP
77,Jori,Ormond,jormond24@google.com.hk,Female,$242955.74,967834354,PP
78,Dayna,Coche,dcoche25@netscape.com,Female,$558574.12,691398793,CC
79,Ulberto,Rigney,urigney26@wired.com,Male,$211041.27,892988862,IT
80,Frannie,Shilstone,fshilstone27@wikimedia.org,Male,$245667.43,852656770,PP
81,Hew,Bothram,hbothram28@redcross.org,Male,$319879.18,427406149,IT
82,Theodore,Phalip,tphalip29@sohu.com,Male,$431559.16,483148922,CC
83,Winny,Thunnerclef,wthunnerclef2a@ed.gov,Female,$967275.97,177469985,PP
84,Alessandra,MacIlraith,amacilraith2b@cmu.edu,Female,$182739.11,978035067,PP
85,My,Winstanley,mwinstanley2c@quantcast.com,Male,$498050.64,700130842,PP
86,Marco,Weedall,mweedall2d@adobe.com,Male,$847652.64,876967370,IT
87,Mitch,Gaskall,mgaskall2e@aboutads.info,Male,$208338.63,962240746,IT
88,Roshelle,Bainbrigge,rbainbrigge2f@vistaprint.com,Female,$884739.42,290469979,IT
89,Antonietta,Dutnell,adutnell2g@fda.gov,Female,$463707.30,987973778,PP
90,Regan,Mawson,rmawson2h@slate.com,Male,$841805.57,527097478,PP
91,Hussein,Jakubovski,hjakubovski2i@hugedomains.com,Male,$408987.22,922958086,CC
92,Demetris,Alans,dalans2j@shinystat.com,Female,$680740.14,223051392,IT
93,Katine,Dods,kdods2k@naver.com,Female,$982465.50,399799897,CC
94,Lester,Houldin,lhouldin2l@paginegialle.it,Male,$471743.13,965143427,PP
95,Jock,Tremmil,jtremmil2m@blogtalkradio.com,Male,$185918.47,640605326,PP
96,Anet,Rudkin,arudkin2n@washingtonpost.com,Female,$393979.97,788671222,IT
97,Martyn,O'Hanlon,mohanlon2o@networksolutions.com,Male,$164756.45,70370929,CC
98,Mary,Beauchop,mbeauchop2p@bloglovin.com,Female,$244305.19,733243863,IT
99,Ferdinande,Mattiazzo,fmattiazzo2q@senate.gov,Female,$835423.91,143681900,PP
100,Ford,Firby,ffirby2r@prweb.com,Male,$697206.49,389642709,CC
101,Thalia,Duckerin,tduckerin2s@paginegialle.it,Female,$298955.31,219192441,CC
102,Abelard,Licciardo,alicciardo2t@hubpages.com,Male,$373237.73,968226676,CC
103,Gladi,Braim,gbraim2u@altervista.org,Female,$833965.30,455593931,CC
104,Oliviero,Pagen,opagen2v@columbia.edu,Male,$720224.68,933612931,CC
105,Gawain,Clausner,gclausner2w@cpanel.net,Male,$127343.30,359888919,CC
106,Prince,Mitrikhin,pmitrikhin2x@is.gd,Male,$424070.13,975821433,PP
107,Kristofer,Rattray,krattray2y@craigslist.org,Male,$236234.47,716396820,CC
108,Laurette,Harefoot,lharefoot2z@hud.gov,Female,$470871.51,630199978,IT
109,Kial,Hurford,khurford30@meetup.com,Female,$730641.97,192648647,IT
110,Renelle,Minster,rminster31@ebay.co.uk,Female,$397549.01,864851694,IT
111,Amalea,Whopples,awhopples32@adobe.com,Female,$651568.89,318927380,IT
112,Charissa,Aughton,caughton33@jimdo.com,Female,$105466.62,665345641,IT
113,Rogerio,Poad,rpoad34@merriam-webster.com,Male,$827867.18,191248304,IT
114,Raoul,Campes,rcampes35@usa.gov,Male,$550723.28,266063746,IT
115,Brooke,Leggate,bleggate36@wordpress.com,Male,$360910.55,814541891,PP
116,Jandy,Everett,jeverett37@wsj.com,Female,$901176.00,188401591,CC
117,Bradly,Dunguy,bdunguy38@123-reg.co.uk,Male,$244523.16,95949136,CC
118,Ellwood,Caulliere,ecaulliere39@t.co,Male,$873340.16,341125821,CC
119,Lissie,Gabits,lgabits3a@pen.io,Female,$549404.28,272842797,CC
120,Caryl,Allman,callman3b@epa.gov,Female,$814530.68,896932965,IT
121,Alvin,Mussetti,amussetti3c@bloglovin.com,Male,$328140.44,732143780,PP
122,Lexy,Jenks,ljenks3d@desdev.cn,Female,$219205.09,966442532,PP
123,Rebeca,Giorio,rgiorio3e@blogtalkradio.com,Female,$875008.81,128942580,CC
124,Keven,Bardill,kbardill3f@networkadvertising.org,Male,$540253.82,55777544,IT
125,Julianne,Aughtie,jaughtie3g@jalbum.net,Female,$153388.50,301193625,PP
126,Arielle,Feldmesser,afeldmesser3h@latimes.com,Female,$291159.00,249770997,CC
127,Jonie,Chartman,jchartman3i@eventbrite.com,Female,$870358.93,507630049,IT
128,Hansiain,Piscopiello,hpiscopiello3j@mysql.com,Male,$805892.89,566160423,CC
129,Gawain,Pladen,gpladen3k@deliciousdays.com,Male,$823162.34,641070155,CC
130,Flori,Relton,frelton3l@oakley.com,Female,$292544.50,372646695,IT
131,Nathalia,Bramall,nbramall3m@patch.com,Female,$233838.36,1028744601,IT
132,Tom,Calcraft,tcalcraft3n@qq.com,Male,$211032.45,425822089,IT
133,Andra,Van Der Vlies,avandervlies3o@businesswire.com,Female,$928980.47,404194684,PP
134,Barrie,Nelius,bnelius3p@cafepress.com,Female,$370292.48,126177571,CC
135,Blinnie,Ort,bort3q@shareasale.com,Female,$362262.18,134755831,PP
136,Novelia,Arnowitz,narnowitz3r@pbs.org,Female,$186922.12,800383955,CC
137,Micheal,Piscot,mpiscot3s@devhub.com,Male,$848173.22,641605526,PP
138,Hilda,Crocker,hcrocker3t@zdnet.com,Female,$212878.55,378751975,IT
139,Ethelred,Borg-Bartolo,eborgbartolo3u@virginia.edu,Male,$691030.63,345530486,PP
140,Peyton,Fipp,pfipp3v@go.com,Male,$162694.59,360580008,PP
141,Fritz,Carlesso,fcarlesso3w@twitpic.com,Male,$418003.75,254817627,IT
142,Alejandro,McSweeney,amcsweeney3x@npr.org,Male,$498556.45,508385656,IT
143,Collie,Doles,cdoles3y@wp.com,Female,$972375.20,308609734,PP
144,Laraine,Seaton,lseaton3z@usatoday.com,Female,$741847.65,788797458,PP
145,Evanne,Heinlein,eheinlein40@archive.org,Female,$385883.79,798042379,PP
146,Heath,Harrowing,hharrowing41@github.com,Female,$118045.95,79903184,IT
147,Towny,Hornbuckle,thornbuckle42@parallels.com,Male,$170095.11,92716200,CC
148,Simon,Feckey,sfeckey43@google.pl,Male,$720414.40,780675027,IT
149,Collin,Risson,crisson44@goodreads.com,Male,$940313.61,554068824,CC
150,Angela,Littrick,alittrick45@sogou.com,Female,$539878.65,572976801,IT
151,Faunie,Bartholomaus,fbartholomaus46@nytimes.com,Female,$609232.16,32068678,PP
152,Rodi,Capozzi,rcapozzi47@cnet.com,Female,$442813.74,672149212,PP
153,Benedikt,Extence,bextence48@toplist.cz,Male,$202417.82,267512676,PP
154,Jacquette,Smorthit,jsmorthit49@dailymail.co.uk,Female,$286780.42,259878361,CC
155,Therese,Faraday,tfaraday4a@auda.org.au,Female,$457977.85,922059097,IT
156,Gale,Weavers,gweavers4b@ameblo.jp,Female,$123256.39,954808916,IT
157,Hillary,Bareham,hbareham4c@google.it,Female,$628955.87,679288932,CC
158,Ardys,Parsand,aparsand4d@alexa.com,Female,$784838.91,167119600,IT
159,Natty,Amthor,namthor4e@sitemeter.com,Female,$314191.46,966425763,PP
160,Manny,Skoof,mskoof4f@indiegogo.com,Male,$954800.22,422696218,IT
161,Woodman,Fontelles,wfontelles4g@columbia.edu,Male,$337383.63,353969617,IT
162,Bryna,Buckles,bbuckles4h@uol.com.br,Female,$505449.60,265967161,CC
163,Clerc,Brim,cbrim4i@weibo.com,Male,$860151.51,429123209,IT
164,Audre,Aickin,aaickin4j@sfgate.com,Female,$596930.17,644035990,PP
165,Tobin,Twitchett,ttwitchett4k@twitpic.com,Male,$701300.26,961557036,IT
166,Nikki,Wink,nwink4l@walmart.com,Male,$301254.54,122213826,IT
167,Wolfgang,Nesbeth,wnesbeth4m@parallels.com,Male,$455763.83,968196370,IT
168,Rivkah,Lambot,rlambot4n@free.fr,Female,$288443.38,435002678,IT
169,Merrel,Lethbrig,mlethbrig4o@earthlink.net,Male,$332771.88,592589815,CC
170,Mattias,Rigney,mrigney4p@smh.com.au,Male,$191061.02,708772578,CC
171,Cynthia,Brettor,cbrettor4q@about.com,Female,$981391.31,835124269,IT
172,Parrnell,Lyal,plyal4r@php.net,Male,$404283.54,1043270975,IT
173,Rozamond,Claypole,rclaypole4s@aol.com,Female,$883642.82,856031262,CC
174,Ella,Mattersley,emattersley4t@mac.com,Female,$222051.73,150575395,CC
175,Floris,Adds,fadds4u@umn.edu,Female,$726822.97,182676433,PP
176,Hercule,Gowman,hgowman4v@jigsy.com,Male,$712822.38,623628043,CC
177,Adelice,Bumphrey,abumphrey4w@ihg.com,Female,$796465.77,784356210,CC
178,Rafferty,Robertshaw,rrobertshaw4x@skype.com,Male,$900550.13,415008939,IT
179,Corny,Stilgoe,cstilgoe4y@typepad.com,Male,$967098.36,627017305,CC
180,Frasco,Kulas,fkulas4z@arstechnica.com,Male,$529332.62,491110919,PP
181,Mac,Butterworth,mbutterworth50@japanpost.jp,Male,$213370.55,144944885,CC
182,Isaak,Adamovsky,iadamovsky51@baidu.com,Male,$221911.72,285419983,CC
183,Tillie,Heathcott,theathcott52@pagesperso-orange.fr,Female,$529821.87,376586940,PP
184,Gianni,Crate,gcrate53@ebay.co.uk,Male,$415389.97,943706295,IT
185,Angela,Gamblin,agamblin54@wix.com,Female,$446017.16,757317373,CC
186,Bourke,Roseby,broseby55@geocities.jp,Male,$727145.18,618072306,IT
187,Joan,Medlin,jmedlin56@washingtonpost.com,Female,$735194.88,13473326,PP
188,Ailene,Antonognoli,aantonognoli57@cloudflare.com,Female,$903885.96,214590150,IT
189,Sacha,Laughlin,slaughlin58@miibeian.gov.cn,Female,$603250.67,735518478,CC
190,Celestyna,Spelwood,cspelwood59@google.com,Female,$980355.98,907146886,PP
191,Angel,Tarte,atarte5a@icio.us,Male,$824898.91,357437459,PP
192,Kinny,Nolleth,knolleth5b@google.com.hk,Male,$873742.98,603829373,CC
193,Corliss,Waymont,cwaymont5c@indiatimes.com,Female,$390800.30,731911804,CC
194,Shana,Clampe,sclampe5d@hugedomains.com,Female,$193387.15,57011727,CC
195,Marc,Dampier,mdampier5e@alexa.com,Male,$601050.38,189712534,PP
196,Candie,Willatt,cwillatt5f@cisco.com,Female,$591038.66,773277947,CC
197,Chick,Flecknoe,cflecknoe5g@cmu.edu,Male,$757628.74,1006353348,CC
198,Natasha,Iacopini,niacopini5h@netscape.com,Female,$825983.33,960509838,PP
199,Deck,Malinowski,dmalinowski5i@theglobeandmail.com,Male,$648048.33,126316534,CC
200,Garvin,Sheerin,gsheerin5j@thetimes.co.uk,Male,$977072.97,750322820,CC
201,Adella,Garbar,agarbar5k@vimeo.com,Female,$598025.48,462189833,IT
202,Shayna,Seer,sseer5l@issuu.com,Female,$996528.45,55974246,IT
203,Rowland,Spurgeon,rspurgeon5m@reddit.com,Male,$848450.45,149157368,CC
204,Aggi,Smees,asmees5n@smh.com.au,Female,$946991.38,619172561,IT
205,Doloritas,Cettell,dcettell5o@yolasite.com,Female,$134485.36,131308276,IT
206,Noellyn,Dummer,ndummer5p@discuz.net,Female,$568162.18,652763582,CC
207,Larina,Churches,lchurches5q@npr.org,Female,$213187.73,694427665,PP
208,Willi,Leeb,wleeb5r@examiner.com,Male,$233551.14,561962732,IT
209,Trumaine,Siward,tsiward5s@arizona.edu,Male,$782986.17,575706259,IT
210,Georgeanna,Mc Grath,gmcgrath5t@mtv.com,Female,$129585.12,368154407,IT
211,Jennie,Trees,jtrees5u@intel.com,Female,$409812.53,485272854,PP
212,Eloise,MacCoughan,emaccoughan5v@forbes.com,Female,$151808.23,903739555,IT
213,Whitney,Datte,wdatte5w@plala.or.jp,Male,$415257.92,348263381,IT
214,Josy,Lovemore,jlovemore5x@stanford.edu,Female,$807776.84,171770239,PP
215,Rhett,Bewlie,rbewlie5y@statcounter.com,Male,$582817.61,968943601,CC
216,Claudie,Boone,cboone5z@tripadvisor.com,Female,$656637.79,880888619,IT
217,Idelle,Tregear,itregear60@opera.com,Female,$831596.19,297874430,IT
218,Tracie,Cratere,tcratere61@imdb.com,Female,$851714.97,257597429,PP
219,Martelle,Brandsma,mbrandsma62@hibu.com,Female,$593300.54,700496411,PP
220,Gerome,Meekin,gmeekin63@disqus.com,Male,$923682.36,525109659,IT
221,Cara,Gauthorpp,cgauthorpp64@fda.gov,Female,$678573.56,6096415,PP
222,Rodge,Spritt,rspritt65@senate.gov,Male,$600994.31,533733028,IT
223,Aaron,Coils,acoils66@amazon.co.uk,Male,$745993.83,305792463,IT
224,Leupold,Dutson,ldutson67@wordpress.com,Male,$394907.21,646656409,CC
225,Willem,Balmann,wbalmann68@google.es,Male,$896530.50,1012018144,IT
226,Vanya,Lisciandro,vlisciandro69@stumbleupon.com,Male,$489406.10,318449246,IT
227,Isabelle,Blais,iblais6a@wiley.com,Female,$998820.38,394257967,IT
228,Hendrika,Bonde,hbonde6b@yandex.ru,Female,$802833.05,466876214,IT
229,Ange,LaBastida,alabastida6c@noaa.gov,Female,$333110.71,241008118,CC
230,Ellerey,Vause,evause6d@fda.gov,Male,$528423.28,898542613,IT
231,Wallie,Covely,wcovely6e@altervista.org,Female,$334747.86,73993082,IT
232,Doralynn,Extence,dextence6f@fotki.com,Female,$856473.13,461701400,CC
233,Ferris,Impy,fimpy6g@aboutads.info,Male,$441367.22,962410095,IT
234,Alyse,Weathey,aweathey6h@plala.or.jp,Female,$245445.76,66436010,CC
235,Pen,Lamkin,plamkin6i@aol.com,Male,$208926.38,1026061431,CC
236,Belle,Kleinfeld,bkleinfeld6j@ihg.com,Female,$221940.16,631164600,CC
237,Evelyn,Scarffe,escarffe6k@usnews.com,Female,$128219.30,798082157,IT
238,Cart,Siseland,csiseland6l@about.com,Male,$674885.24,356151801,PP
239,Margalit,Caneo,mcaneo6m@cnet.com,Female,$808322.02,904658752,IT
240,Sella,Gingold,sgingold6n@skyrock.com,Female,$197401.83,273764716,PP
241,Ilaire,Larcier,ilarcier6o@smugmug.com,Male,$271077.55,771918872,CC
242,Benn,Ricson,bricson6p@gnu.org,Male,$173547.78,347208213,CC
243,Carling,Ridley,cridley6q@histats.com,Male,$867999.25,973910631,PP
244,Cassandre,Lamperti,clamperti6r@pbs.org,Female,$825996.58,996319008,CC
245,Cyrus,Yakubowicz,cyakubowicz6s@senate.gov,Male,$939352.20,50744977,CC
246,Joellen,Halpin,jhalpin6t@telegraph.co.uk,Female,$877674.37,570488368,IT
247,Zorah,Roloff,zroloff6u@vkontakte.ru,Female,$623692.45,476451833,PP
248,Winslow,Filisov,wfilisov6v@domainmarket.com,Male,$232070.90,685140029,CC
249,Errol,Jankowski,ejankowski6w@e-recht24.de,Male,$325760.16,422853083,IT
250,Aron,Puttick,aputtick6x@addtoany.com,Male,$824679.74,668949780,CC
251,Burl,Bouda,bbouda6y@dedecms.com,Male,$959167.79,467838830,PP
252,Cassy,Chalker,cchalker6z@smugmug.com,Female,$703190.92,355354599,IT
253,Arvy,Robrow,arobrow70@cargocollective.com,Male,$531249.33,1035961559,PP
254,Isobel,Cockroft,icockroft71@nps.gov,Female,$819823.40,580390986,PP
255,Edsel,Muge,emuge72@usgs.gov,Male,$250441.35,578288280,IT
256,Dion,Wingate,dwingate73@marriott.com,Male,$141466.14,906217607,CC
257,Nonnah,Jenne,njenne74@wired.com,Female,$956599.19,275204211,IT
258,Rickard,Mertin,rmertin75@51.la,Male,$153696.09,653580339,CC
259,Pete,Berick,pberick76@google.cn,Male,$891815.40,647713158,IT
260,Fernandina,Startin,fstartin77@angelfire.com,Female,$439006.05,767372894,CC
261,Kerrie,Walsh,kwalsh78@marketwatch.com,Female,$780855.94,358910569,CC
262,Lew,Yokelman,lyokelman79@indiatimes.com,Male,$122998.81,307072024,PP
263,King,Crosbie,kcrosbie7a@flickr.com,Male,$695657.56,53778998,CC
264,Lynsey,Hintze,lhintze7b@mysql.com,Female,$927977.39,622088745,IT
265,Nathalie,Mearing,nmearing7c@squidoo.com,Female,$966108.72,735096709,PP
266,Darn,Banton,dbanton7d@printfriendly.com,Male,$470413.42,680487961,IT
267,Erie,Gelsthorpe,egelsthorpe7e@blogspot.com,Male,$601815.97,27521475,CC
268,Georgia,Welsh,gwelsh7f@eventbrite.com,Female,$620347.58,119776809,IT
269,Kippar,Stebles,kstebles7g@google.co.jp,Male,$968391.51,283947677,CC
270,Warde,Maymand,wmaymand7h@businesswire.com,Male,$959759.16,425246853,CC
271,Tulley,Laxson,tlaxson7i@java.com,Male,$142488.35,677193974,IT
272,Kearney,Mussetti,kmussetti7j@prnewswire.com,Male,$598657.76,79938282,PP
273,Shane,Sumshon,ssumshon7k@mail.ru,Male,$531643.63,737782559,PP
274,Ozzie,Capineer,ocapineer7l@drupal.org,Male,$580405.47,677673043,CC
275,Grier,Driver,gdriver7m@domainmarket.com,Female,$715307.15,234412642,IT
276,Jeralee,Guillot,jguillot7n@sun.com,Female,$226982.91,568321357,PP
277,Lynett,Demonge,ldemonge7o@woothemes.com,Female,$427726.61,607678652,PP
278,Rayna,Click,rclick7p@squidoo.com,Female,$901674.26,872112985,CC
279,Fawnia,Southern,fsouthern7q@vk.com,Female,$910747.67,919317549,CC
280,Tobit,Monte,tmonte7r@barnesandnoble.com,Male,$349952.47,776573072,PP
281,Myrtle,Abramin,mabramin7s@cdc.gov,Female,$402061.03,895400149,IT
282,Onofredo,McLaren,omclaren7t@cafepress.com,Male,$480959.31,483331695,IT
283,Brockie,Betham,bbetham7u@state.tx.us,Male,$947178.67,406495768,CC
284,Ulrica,Nussen,unussen7v@utexas.edu,Female,$607261.23,657166731,CC
285,Abbie,Heisham,aheisham7w@geocities.com,Male,$426093.74,319752155,IT
286,Kalinda,Gould,kgould7x@facebook.com,Female,$572029.51,958531983,CC
287,Trixy,MacKeeg,tmackeeg7y@taobao.com,Female,$116080.53,758541765,PP
288,Isa,Corney,icorney7z@merriam-webster.com,Female,$398407.64,112095727,CC
289,Eda,Petrushka,epetrushka80@edublogs.org,Female,$353854.84,867939383,PP
290,Ashley,MacKain,amackain81@reddit.com,Female,$547006.32,244392776,PP
291,Bonnie,Biskupski,bbiskupski82@mediafire.com,Female,$971304.72,788073945,CC
292,Onfroi,Vawton,ovawton83@quantcast.com,Male,$637477.31,1035885604,IT
293,Ardine,Kleimt,akleimt84@purevolume.com,Female,$203722.04,694689314,CC
294,Cecilio,Derricoat,cderricoat85@ezinearticles.com,Male,$295746.30,772101993,IT
295,Arlana,Fitchen,afitchen86@princeton.edu,Female,$430643.50,995559526,CC
296,Harp,Katte,hkatte87@redcross.org,Male,$993565.02,451652530,PP
297,Linnea,Kolushev,lkolushev88@webmd.com,Female,$120895.39,218001621,PP
298,Sharity,Favey,sfavey89@shutterfly.com,Female,$154412.70,584629593,PP
299,Adele,Seel,aseel8a@google.it,Female,$658188.36,669660463,PP
300,Perren,Burbury,pburbury8b@imageshack.us,Male,$483132.67,787618768,IT
301,Nicoli,Pendlington,npendlington8c@wufoo.com,Female,$434711.20,345879304,CC
302,Shana,Steenson,ssteenson8d@paypal.com,Female,$517605.18,172336861,PP
303,Dunc,Wixey,dwixey8e@census.gov,Male,$286643.95,422482819,PP
304,Lorri,Lygo,llygo8f@state.gov,Female,$456422.66,214737303,IT
305,Bernadine,Palphreyman,bpalphreyman8g@slideshare.net,Female,$244092.40,8503054,CC
306,Calvin,MacAnellye,cmacanellye8h@nationalgeographic.com,Male,$126237.90,150946424,CC
307,Victor,McIlvaney,vmcilvaney8i@odnoklassniki.ru,Male,$452886.68,389745442,PP
308,Cirstoforo,MacTeague,cmacteague8j@cafepress.com,Male,$735229.78,81504315,IT
309,Bron,Loadman,bloadman8k@icq.com,Male,$833412.10,329232390,IT
310,Wendel,Clamp,wclamp8l@weather.com,Male,$216362.26,712124972,IT
311,Daffi,Corton,dcorton8m@1und1.de,Female,$818959.18,810823764,PP
312,Sula,Jori,sjori8n@reverbnation.com,Female,$993655.51,933525630,CC
313,Hershel,Sayse,hsayse8o@comsenz.com,Male,$938780.28,748396035,PP
314,Fedora,Kissack,fkissack8p@theatlantic.com,Female,$999958.41,686095395,PP
315,Blinny,Kimbury,bkimbury8q@cpanel.net,Female,$823609.13,558038321,PP
316,Osgood,Tinston,otinston8r@people.com.cn,Male,$832923.69,743468163,IT
317,Decca,Klimentov,dklimentov8s@illinois.edu,Male,$663279.17,222070861,CC
318,Christopher,Nayer,cnayer8t@google.nl,Male,$854653.08,551522990,CC
319,Liliane,Wooder,lwooder8u@list-manage.com,Female,$410236.40,1025945898,CC
320,Stanfield,Dallander,sdallander8v@apple.com,Male,$343890.83,465988929,PP
321,Corene,Wallwork,cwallwork8w@ted.com,Female,$611407.75,564581369,PP
322,Derwin,Garm,dgarm8x@newyorker.com,Male,$647091.90,411390818,CC
323,Rubin,Trainer,rtrainer8y@cdbaby.com,Male,$701744.76,336525381,CC
324,Burton,Alfonsetti,balfonsetti8z@yellowpages.com,Male,$139031.86,200960752,PP
325,Will,Cantle,wcantle90@huffingtonpost.com,Male,$532981.53,217565647,IT
326,Torey,Aubry,taubry91@google.es,Male,$672997.53,321937346,PP
327,Ring,Bulmer,rbulmer92@wikispaces.com,Male,$223925.83,1016532388,CC
328,Rubin,Audsley,raudsley93@hc360.com,Male,$191271.12,434742770,CC
329,Karlee,Banbrook,kbanbrook94@cornell.edu,Female,$803049.48,830125036,IT
330,Audrey,Charopen,acharopen95@csmonitor.com,Female,$330326.75,476740926,IT
331,Karlee,Tremlett,ktremlett96@unc.edu,Female,$725171.43,264815479,PP
332,Roobbie,Peakman,rpeakman97@icio.us,Female,$981699.18,684343098,CC
333,Charity,Gossart,cgossart98@weebly.com,Female,$700224.71,755058999,PP
334,Von,Blakely,vblakely99@dion.ne.jp,Male,$931795.56,465627675,CC
335,Sosanna,Donhardt,sdonhardt9a@examiner.com,Female,$527697.88,984069215,PP
336,Magdalene,Vaggers,mvaggers9b@eventbrite.com,Female,$325914.00,582924046,IT
337,Hayes,Matous,hmatous9c@fastcompany.com,Male,$473561.14,355152729,IT
338,Nelle,Featherbie,nfeatherbie9d@mozilla.com,Female,$485655.96,740382592,CC
339,Lon,Wasiel,lwasiel9e@imgur.com,Male,$142985.51,26899137,PP
340,Amaleta,Lisimore,alisimore9f@goo.ne.jp,Female,$321608.72,176647155,IT
341,Gasper,Fitzer,gfitzer9g@netlog.com,Male,$614118.45,327995313,IT
342,Ailey,Plaskett,aplaskett9h@free.fr,Female,$230677.20,188989959,PP
343,Padraig,Launder,plaunder9i@photobucket.com,Male,$306920.84,922658526,PP
344,Angus,Pitcock,apitcock9j@smh.com.au,Male,$908812.10,209202847,IT
345,Alberik,Maides,amaides9k@bbc.co.uk,Male,$268854.66,27725267,CC
346,Berni,Capps,bcapps9l@t.co,Female,$148618.73,1045781859,CC
347,Emelita,Cescot,ecescot9m@google.co.jp,Female,$294938.68,500365231,PP
348,Rosamund,Mc Caughen,rmccaughen9n@uiuc.edu,Female,$923450.66,1014884913,CC
349,Arlena,Caruth,acaruth9o@abc.net.au,Female,$960036.17,357940478,IT
350,Elsinore,Coole,ecoole9p@wsj.com,Female,$372892.74,880916508,IT
351,Dominique,Zambonini,dzambonini9q@furl.net,Female,$464130.31,314706544,CC
352,Ivory,Rennebach,irennebach9r@mail.ru,Female,$205867.85,44940635,PP
353,Jodi,Cattellion,jcattellion9s@yandex.ru,Male,$125655.83,989089136,PP
354,Tildi,Barkley,tbarkley9t@paginegialle.it,Female,$740708.47,411842813,IT
355,Bert,Hamsson,bhamsson9u@state.tx.us,Male,$482369.35,67183729,IT
356,Marlin,Dockery,mdockery9v@cloudflare.com,Male,$179873.39,280389329,IT
357,Rory,Toupe,rtoupe9w@vinaora.com,Male,$966820.70,99429552,PP
358,Maxwell,Petrushanko,mpetrushanko9x@instagram.com,Male,$586480.44,708136291,IT
359,Artemas,Denial,adenial9y@businessweek.com,Male,$707517.94,763929031,PP
360,Pepillo,Stanwix,pstanwix9z@cyberchimps.com,Male,$769297.68,163618712,CC
361,Raeann,Neeves,rneevesa0@businesswire.com,Female,$309384.44,1011736553,IT
362,Jerri,Petrecz,jpetrecza1@ft.com,Male,$366318.86,98520256,PP
363,Iris,Gannicott,igannicotta2@craigslist.org,Female,$489594.79,675402556,PP
364,Regan,Kleimt,rkleimta3@vkontakte.ru,Male,$194756.27,472386638,IT
365,Letti,Reddin,lreddina4@about.me,Female,$319848.18,121563575,IT
366,Lavina,Spreckley,lspreckleya5@nasa.gov,Female,$179264.93,948730341,PP
367,Benito,Harrinson,bharrinsona6@etsy.com,Male,$356004.59,109314607,CC
368,Erek,Alberti,ealbertia7@census.gov,Male,$320988.22,592281120,IT
369,Fern,Drewett,fdrewetta8@over-blog.com,Female,$162840.71,893668735,CC
370,Nickolaus,Bellord,nbellorda9@epa.gov,Male,$284780.79,546309800,PP
371,Dalila,Josilevich,djosilevichaa@flickr.com,Female,$646950.40,677373732,CC
372,Tuck,Farnan,tfarnanab@simplemachines.org,Male,$701112.52,1024680088,PP
373,Flory,Bootton,fboottonac@blogtalkradio.com,Male,$585595.50,456094382,CC
374,Bren,Signe,bsignead@csmonitor.com,Male,$846074.85,670369986,IT
375,Justinn,Hecks,jhecksae@census.gov,Female,$849426.26,297235520,PP
376,Brian,Dionisi,bdionisiaf@topsy.com,Male,$467182.79,1049245262,CC
377,Lorinda,Kearey,lkeareyag@elpais.com,Female,$760125.58,849473880,CC
378,Marysa,Peirpoint,mpeirpointah@aboutads.info,Female,$569870.22,310778712,IT
379,Fonsie,Leander,fleanderai@webnode.com,Male,$830537.22,691793155,CC
380,Nonah,Spragge,nspraggeaj@home.pl,Female,$874176.07,377298433,CC
381,Mathias,Jorry,mjorryak@miitbeian.gov.cn,Male,$497141.84,341370452,IT
382,Aldus,Weeds,aweedsal@ucoz.com,Male,$693294.65,133201077,PP
383,Clark,Vannuchi,cvannuchiam@paginegialle.it,Male,$734203.45,836179379,CC
384,Alick,Errichiello,aerrichielloan@rediff.com,Male,$796361.89,64677246,PP
385,Geoffrey,Pershouse,gpershouseao@upenn.edu,Male,$512923.64,1030780343,IT
386,Friedrich,Swaddle,fswaddleap@rambler.ru,Male,$236735.53,199261324,CC
387,Umberto,Axelby,uaxelbyaq@youtube.com,Male,$568944.24,72030764,CC
388,Drusilla,Jozwicki,djozwickiar@google.com.br,Female,$628964.07,738624286,IT
389,Martin,Cocking,mcockingas@mlb.com,Male,$683409.53,561849188,IT
390,Herby,Mackinder,hmackinderat@ask.com,Male,$872022.87,167644649,CC
391,Gipsy,Mugglestone,gmugglestoneau@t-online.de,Female,$798108.41,369085527,IT
392,Chandler,Laborde,clabordeav@histats.com,Male,$509708.77,290630700,CC
393,Eddy,Boyda,eboydaaw@hubpages.com,Male,$766442.58,433114969,CC
394,Vidovik,Leonida,vleonidaax@dot.gov,Male,$164461.22,484809785,CC
395,Tan,Eagling,teaglingay@etsy.com,Male,$216990.48,505506379,PP
396,Donica,Corsan,dcorsanaz@shop-pro.jp,Female,$104725.43,228701820,PP
397,Missy,Cornely,mcornelyb0@tripod.com,Female,$189138.75,583105587,IT
398,Taddeo,Ygoe,tygoeb1@toplist.cz,Male,$468871.32,561349031,CC
399,Karleen,Steljes,ksteljesb2@comsenz.com,Female,$397880.06,332684501,CC
400,Tracy,Reedie,treedieb3@ehow.com,Male,$621912.23,83859248,IT
401,Hillier,Eaton,heatonb4@noaa.gov,Male,$294918.93,976926385,PP
402,Scarlett,Risborough,srisboroughb5@icq.com,Female,$286966.19,211568304,CC
403,Anjanette,Geillier,ageillierb6@state.tx.us,Female,$892201.91,411271149,IT
404,Devlen,Kynd,dkyndb7@devhub.com,Male,$494704.87,737185772,CC
405,Sidonia,Slowey,ssloweyb8@hostgator.com,Female,$887290.72,814678710,IT
406,Jock,Hansbury,jhansburyb9@whitehouse.gov,Male,$250770.87,432664621,PP
407,Adara,Van Weedenburg,avanweedenburgba@forbes.com,Female,$240889.03,972271733,CC
408,Esmeralda,Mathiasen,emathiasenbb@senate.gov,Female,$846948.46,308419306,IT
409,Harper,Moyce,hmoycebc@paginegialle.it,Male,$858694.32,436434340,PP
410,Derrek,Lissandrini,dlissandrinibd@istockphoto.com,Male,$422432.92,321752310,CC
411,Fania,Kesley,fkesleybe@hud.gov,Female,$804052.40,642027178,PP
412,Sam,Dreakin,sdreakinbf@over-blog.com,Male,$917995.86,594616491,CC
413,Olvan,Franiak,ofraniakbg@imgur.com,Male,$148532.62,565191539,IT
414,Margo,Conkey,mconkeybh@slate.com,Female,$121584.09,117565685,PP
415,Cory,Cuphus,ccuphusbi@instagram.com,Female,$124926.04,999449030,PP
416,Giraldo,Dabels,gdabelsbj@microsoft.com,Male,$612509.94,705469575,PP
417,Northrup,McCallum,nmccallumbk@yahoo.co.jp,Male,$999441.74,341305323,IT
418,Malia,Stronach,mstronachbl@godaddy.com,Female,$961406.99,449985732,IT
419,Ignace,Baack,ibaackbm@tripod.com,Male,$519168.44,426031560,PP
420,Stormi,Siely,ssielybn@mayoclinic.com,Female,$852457.22,294319530,PP
421,Giffer,Beedon,gbeedonbo@1688.com,Male,$610425.75,303547111,CC
422,Morgun,Lewsey,mlewseybp@bizjournals.com,Male,$388292.45,658266929,CC
423,Reilly,Napier,rnapierbq@barnesandnoble.com,Male,$938218.03,984869732,CC
424,Vivia,Drei,vdreibr@paypal.com,Female,$595722.89,689007201,PP
425,Gayle,Hacard,ghacardbs@eventbrite.com,Male,$738708.14,118499816,PP
426,Hurley,Gerssam,hgerssambt@goo.gl,Male,$850813.73,999724893,PP
427,Nikolas,Clulow,nclulowbu@tuttocitta.it,Male,$259547.81,607788151,CC
428,Jilly,Ruos,jruosbv@github.io,Female,$762148.38,520046846,CC
429,Adamo,Roney,aroneybw@mashable.com,Male,$511895.14,220093396,PP
430,Mychal,Speir,mspeirbx@businessinsider.com,Male,$126408.04,950039662,CC
431,Zelig,Symcox,zsymcoxby@howstuffworks.com,Male,$274702.02,970380825,PP
432,Addia,Cowely,acowelybz@jugem.jp,Female,$849327.94,831519632,PP
433,Granthem,Murton,gmurtonc0@domainmarket.com,Male,$409704.50,806147021,CC
434,Ferdinanda,Astbury,fastburyc1@feedburner.com,Female,$114558.56,117331405,IT
435,Kevina,Crichten,kcrichtenc2@auda.org.au,Female,$821644.92,322002377,CC
436,Cymbre,Wagnerin,cwagnerinc3@un.org,Female,$382409.88,399647557,IT
437,Donelle,Cockrill,dcockrillc4@tuttocitta.it,Female,$804895.89,924588153,PP
438,Carolan,Gergler,cgerglerc5@github.io,Female,$846890.92,572855932,CC
439,Solomon,Stubbin,sstubbinc6@arstechnica.com,Male,$576960.61,51439195,PP
440,Lesya,Guidi,lguidic7@arizona.edu,Female,$353602.30,795908892,IT
441,Mariann,McTiernan,mmctiernanc8@kickstarter.com,Female,$837923.98,482028154,CC
442,Carmencita,Dobsons,cdobsonsc9@booking.com,Female,$717221.69,973554283,IT
443,Connie,Jossum,cjossumca@t-online.de,Male,$977683.64,703950263,CC
444,Fidole,Maas,fmaascb@wiley.com,Male,$753464.79,185444643,IT
445,Silvia,Rowcastle,srowcastlecc@statcounter.com,Female,$467761.24,228195983,CC
446,Frans,Tume,ftumecd@virginia.edu,Male,$442464.43,124120037,CC
447,Iggie,Rowbottam,irowbottamce@prnewswire.com,Male,$176477.73,55346150,CC
448,Jack,Houston,jhoustoncf@cnn.com,Male,$854467.69,279194735,PP
449,Chery,Corris,ccorriscg@adobe.com,Female,$918198.35,1033467202,IT
450,Verile,Broose,vbroosech@apache.org,Female,$293616.12,714304074,PP
451,See,Deane,sdeaneci@ox.ac.uk,Male,$751984.35,363513954,CC
452,Birdie,Cunnell,bcunnellcj@aol.com,Female,$951672.11,264243476,IT
453,Jinny,Grouvel,jgrouvelck@wikipedia.org,Female,$781650.09,9043614,IT
454,Keenan,Rushbury,krushburycl@tinyurl.com,Male,$974531.73,753347332,PP
455,Tonnie,Roft,troftcm@dagondesign.com,Male,$984194.05,461462778,PP
456,Wilton,Kopps,wkoppscn@accuweather.com,Male,$945315.65,988579981,IT
457,Itch,Firby,ifirbyco@bloglovin.com,Male,$699710.97,182191109,PP
458,Melisent,Linskill,mlinskillcp@de.vu,Female,$262800.39,247304821,PP
459,Pyotr,Donizeau,pdonizeaucq@ucsd.edu,Male,$785389.20,793414937,IT
460,Fanechka,Kinsman,fkinsmancr@cbsnews.com,Female,$320564.10,870152047,CC
461,Ermanno,Broschek,ebroschekcs@google.fr,Male,$722067.08,37134498,PP
462,Cindie,Casiroli,ccasirolict@edublogs.org,Female,$495182.44,911127263,CC
463,Daryl,Grelik,dgrelikcu@netscape.com,Male,$515487.60,644132273,CC
464,Deidre,Rushbrook,drushbrookcv@ca.gov,Female,$309645.91,939248277,PP
465,Julie,Bonett,jbonettcw@census.gov,Male,$424836.37,86914937,CC
466,Hyman,Oxford,hoxfordcx@google.it,Male,$708838.64,632071220,IT
467,Tildie,Dorro,tdorrocy@google.de,Female,$723005.05,744360351,CC
468,Berke,Byrom,bbyromcz@vinaora.com,Male,$135350.56,1044089014,IT
469,Dino,Mico,dmicod0@twitpic.com,Male,$355612.23,684203472,IT
470,Horatius,Gehrtz,hgehrtzd1@netscape.com,Male,$108733.22,529860337,IT
471,Curr,Gerson,cgersond2@mapy.cz,Male,$919866.54,814825085,IT
472,Bryn,Margrem,bmargremd3@dailymotion.com,Male,$874637.08,882010208,CC
473,Diena,Wrigley,dwrigleyd4@unesco.org,Female,$454274.31,344989486,IT
474,Raynor,Shilito,rshilitod5@weather.com,Male,$174354.09,865512490,PP
475,Brandice,Thomerson,bthomersond6@businessinsider.com,Female,$812905.44,352697671,CC
476,Shaylah,Drain,sdraind7@virginia.edu,Female,$719724.45,758080851,PP
477,Mag,Hallgarth,mhallgarthd8@fotki.com,Female,$177992.85,225201328,IT
478,Sheila,Parsand,sparsandd9@free.fr,Female,$515483.92,194195234,IT
479,Tannie,Gasson,tgassonda@stumbleupon.com,Male,$418498.62,427658582,CC
480,Renae,Beavors,rbeavorsdb@salon.com,Female,$311554.65,229490257,IT
481,Lucian,Carrington,lcarringtondc@ted.com,Male,$777502.04,678001721,IT
482,Keary,Forrestor,kforrestordd@ftc.gov,Male,$140755.08,865839855,CC
483,Peta,Andras,pandrasde@skyrock.com,Female,$694804.98,1043606349,CC
484,Georg,Lemar,glemardf@phpbb.com,Male,$638671.45,161065646,PP
485,Bax,Gadsden,bgadsdendg@cbc.ca,Male,$389402.10,625116415,IT
486,Zedekiah,Jeakins,zjeakinsdh@histats.com,Male,$243227.61,603885481,IT
487,Claribel,Callis,ccallisdi@alibaba.com,Female,$671691.78,805046964,CC
488,Ashton,Shorland,ashorlanddj@odnoklassniki.ru,Male,$568675.00,800139345,CC
489,Cristal,Gwilt,cgwiltdk@is.gd,Female,$915520.79,699532799,CC
490,Cordy,Oakhill,coakhilldl@ocn.ne.jp,Male,$625997.74,689463248,PP
491,Cesya,Duchatel,cduchateldm@uiuc.edu,Female,$725487.88,406176452,IT
492,Nona,Ketton,nkettondn@newyorker.com,Female,$424174.99,437439432,CC
493,L;urette,Polhill,lpolhilldo@walmart.com,Female,$216524.76,276858969,PP
494,Ursola,Guarin,uguarindp@jalbum.net,Female,$947081.38,778033972,IT
495,Viola,Truswell,vtruswelldq@tmall.com,Female,$956432.40,194883917,CC
496,Martie,Cristofaro,mcristofarodr@tinyurl.com,Male,$125091.18,501926898,IT
497,Mendy,Salvin,msalvinds@mit.edu,Male,$134847.51,952258659,PP
498,Arv,Wybron,awybrondt@engadget.com,Male,$201442.74,108832541,PP
499,Mace,Hodcroft,mhodcroftdu@sohu.com,Male,$470350.70,190436344,PP
500,Tomkin,Yegorovnin,tyegorovnindv@ebay.co.uk,Male,$630397.23,553033998,IT
501,Fawn,Ernke,fernkedw@lulu.com,Female,$720209.46,364718723,CC
502,Sharleen,Shewen,sshewendx@reddit.com,Female,$190207.88,566593406,PP
503,Stacy,Pelzer,spelzerdy@aboutads.info,Male,$886603.50,280267867,CC
504,Julius,Martelet,jmarteletdz@hexun.com,Male,$658851.13,508879941,IT
505,Ann,Van Cassel,avancassele0@addthis.com,Female,$563914.46,8781413,IT
506,Marcille,Dowd,mdowde1@last.fm,Female,$714302.09,809887198,CC
507,Petra,Fonquernie,pfonquerniee2@dropbox.com,Female,$614015.42,554529297,PP
508,Davis,Senechell,dsenechelle3@buzzfeed.com,Male,$914799.78,437085580,IT
509,Emilee,Capnerhurst,ecapnerhurste4@posterous.com,Female,$359413.04,1049614601,IT
510,Nerti,Lapthorn,nlapthorne5@mac.com,Female,$883440.26,755395623,CC
511,Alair,Ciciura,aciciurae6@e-recht24.de,Male,$412596.86,944440292,CC
512,Reinhard,Stiffell,rstiffelle7@dmoz.org,Male,$517282.68,522298571,CC
513,Baryram,Biggen,bbiggene8@clickbank.net,Male,$618243.67,220236223,IT
514,Eben,Shanley,eshanleye9@gizmodo.com,Male,$325974.02,1028197023,CC
515,Kelly,Gammon,kgammonea@disqus.com,Female,$605093.85,748485294,PP
516,Ewan,Pawlett,epawletteb@oracle.com,Male,$799929.94,621175316,PP
517,Drusilla,Tutill,dtutillec@4shared.com,Female,$783984.53,418074142,PP
518,Gilbertine,Lyttle,glyttleed@trellian.com,Female,$923584.84,868656354,PP
519,Benny,Chaddock,bchaddockee@1688.com,Male,$956407.31,1043489651,PP
520,Suzann,Coats,scoatsef@alexa.com,Female,$235806.10,844810878,PP
521,Emilie,Bubeer,ebubeereg@newyorker.com,Female,$235449.62,513798727,PP
522,Boyce,Simonson,bsimonsoneh@sciencedaily.com,Male,$432800.99,151512931,IT
523,Arch,McGerr,amcgerrei@microsoft.com,Male,$695553.03,435378414,PP
524,Gwenni,Becks,gbecksej@gov.uk,Female,$729248.09,434182100,IT
525,Teodorico,Croughan,tcroughanek@wordpress.com,Male,$775401.97,837397039,CC
526,Naomi,Biskupek,nbiskupekel@imageshack.us,Female,$986938.65,758701806,CC
527,Pierce,Sage,psageem@shop-pro.jp,Male,$235665.00,59830014,IT
528,Dare,Robbins,drobbinsen@seesaa.net,Male,$196509.57,356775912,PP
529,Lynnelle,Feasey,lfeaseyeo@marriott.com,Female,$331237.89,509879784,CC
530,Morganne,Donaghie,mdonaghieep@theguardian.com,Female,$221282.68,109170927,PP
531,Torey,Stevenson,tstevensoneq@marketwatch.com,Male,$252022.86,656726556,IT
532,Shaylah,Plumptre,splumptreer@csmonitor.com,Female,$138006.38,649940831,IT
533,Yehudi,Inderwick,yinderwickes@google.nl,Male,$441879.29,31106888,PP
534,Hyatt,Skin,hskinet@house.gov,Male,$308992.12,155455527,CC
535,Anthia,Escot,aescoteu@geocities.jp,Female,$741446.49,262151719,PP
536,Sibelle,Spong,sspongev@biblegateway.com,Female,$364179.60,954896260,IT
537,Clementius,Dench,cdenchew@gravatar.com,Male,$643147.48,332502379,IT
538,Rachael,Ketton,rkettonex@auda.org.au,Female,$669632.73,700140474,PP
539,Berte,Seeborne,bseeborneey@vk.com,Female,$968118.99,69706117,IT
540,Travers,Dukesbury,tdukesburyez@taobao.com,Male,$525690.33,294327143,CC
541,Ardisj,Ramiro,aramirof0@theguardian.com,Female,$766570.55,261759196,CC
542,Lena,Iorizzi,liorizzif1@nifty.com,Female,$815830.92,520865771,IT
543,Vania,Doag,vdoagf2@slashdot.org,Female,$453997.73,406973673,PP
544,Corette,Umpleby,cumplebyf3@clickbank.net,Female,$760934.23,24958174,PP
545,Kerwinn,Stoving,kstovingf4@washington.edu,Male,$189914.78,497042609,CC
546,Georgi,Kettlestringe,gkettlestringef5@jugem.jp,Male,$163660.68,919215651,IT
547,Helen-elizabeth,Pawellek,hpawellekf6@cbc.ca,Female,$515158.59,831650899,CC
548,Breanne,Cowey,bcoweyf7@wp.com,Female,$540569.41,561805623,PP
549,Patric,Nyland,pnylandf8@fotki.com,Male,$749364.65,504574268,CC
550,Callie,Zarfat,czarfatf9@utexas.edu,Female,$927531.99,624608416,IT
551,Zeb,Dumphy,zdumphyfa@wikimedia.org,Male,$481885.04,566652496,IT
552,Crystal,Craddy,ccraddyfb@umn.edu,Female,$180188.76,537360478,IT
553,Andriette,Branni,abrannifc@squidoo.com,Female,$770069.57,901782709,PP
554,Beniamino,Solway,bsolwayfd@dot.gov,Male,$320273.71,890667359,IT
555,Celisse,Meredyth,cmeredythfe@miibeian.gov.cn,Female,$449828.85,1001368773,PP
556,Grenville,Forker,gforkerff@zdnet.com,Male,$243387.00,102955204,PP
557,Annabal,Yoseloff,ayoselofffg@plala.or.jp,Female,$975301.03,204464456,PP
558,Elenore,Elsay,eelsayfh@admin.ch,Female,$370051.77,965055294,CC
559,Lauralee,Smiley,lsmileyfi@hexun.com,Female,$580703.57,504878763,PP
560,Ernestine,Binding,ebindingfj@cyberchimps.com,Female,$715559.88,459903654,PP
561,Barry,Coull,bcoullfk@4shared.com,Male,$142741.72,402241077,PP
562,Shanan,Koschek,skoschekfl@omniture.com,Male,$918846.90,214060328,IT
563,Malvina,Dunleavy,mdunleavyfm@phpbb.com,Female,$579427.65,192039946,CC
564,Ibrahim,Hamor,ihamorfn@google.pl,Male,$539732.00,627679275,PP
565,Vinson,Sapsed,vsapsedfo@shinystat.com,Male,$609269.45,869438549,IT
566,Vidovic,Yallowley,vyallowleyfp@sun.com,Male,$828996.88,951179928,IT
567,Franchot,Sedworth,fsedworthfq@feedburner.com,Male,$556000.00,762749180,IT
568,Madelina,Robberecht,mrobberechtfr@bandcamp.com,Female,$560651.44,429432731,CC
569,Elsey,Carnson,ecarnsonfs@godaddy.com,Female,$262378.88,420150210,PP
570,Klarrisa,Benediktovich,kbenediktovichft@army.mil,Female,$614110.61,310867900,CC
571,Joyann,Slaght,jslaghtfu@java.com,Female,$973164.97,663093596,PP
572,Tabby,Shrigley,tshrigleyfv@about.com,Male,$520403.92,495952630,PP
573,Barney,Gresser,bgresserfw@intel.com,Male,$769751.88,771195139,IT
574,Robinett,Cater,rcaterfx@feedburner.com,Female,$778844.53,407645170,IT
575,William,Gurling,wgurlingfy@cbsnews.com,Male,$814522.30,676388225,PP
576,Daune,Skillett,dskillettfz@rambler.ru,Female,$305008.22,968354624,IT
577,Odo,O'Dyvoy,oodyvoyg0@whitehouse.gov,Male,$277034.07,85089727,CC
578,Irita,Lortz,ilortzg1@cbc.ca,Female,$108473.39,145210511,IT
579,Dasha,Klaes,dklaesg2@uol.com.br,Female,$774473.15,423200739,CC
580,Jeanne,Novik,jnovikg3@tiny.cc,Female,$102289.29,817650580,IT
581,Pris,Tudhope,ptudhopeg4@google.co.jp,Female,$966452.91,1015845695,CC
582,Karin,Sleeny,ksleenyg5@archive.org,Female,$841020.66,752163493,CC
583,Saxon,Simmonds,ssimmondsg6@jigsy.com,Male,$946439.57,758132538,IT
584,Anya,Planks,aplanksg7@howstuffworks.com,Female,$814431.22,306514506,PP
585,Janot,Rachuig,jrachuigg8@ft.com,Female,$748358.75,884065826,PP
586,Alberta,Bolus,abolusg9@nps.gov,Female,$957674.15,852778552,PP
587,Katina,Kneel,kkneelga@soundcloud.com,Female,$595019.04,995105592,CC
588,Shep,Tomasicchio,stomasicchiogb@marriott.com,Male,$289276.75,463354952,CC
589,Ty,Cordobes,tcordobesgc@ibm.com,Male,$359994.01,987728025,IT
590,Collen,Livsey,clivseygd@wikispaces.com,Female,$981750.31,921679736,IT
591,Angelica,Munton,amuntonge@nbcnews.com,Female,$146917.21,390025524,IT
592,Carlie,Paxeford,cpaxefordgf@answers.com,Female,$817789.33,161172446,PP
593,Gustaf,Toll,gtollgg@reuters.com,Male,$509503.86,420443219,PP
594,Kalina,Darkin,kdarkingh@tinypic.com,Female,$586942.20,524821955,PP
595,Thorpe,Zanettini,tzanettinigi@zimbio.com,Male,$249468.11,155938453,CC
596,Tan,Peacocke,tpeacockegj@ed.gov,Male,$457996.60,38593640,PP
597,Cherida,Advani,cadvanigk@latimes.com,Female,$626952.84,698771946,IT
598,Shurlock,Heberden,sheberdengl@oracle.com,Male,$688846.53,328968826,IT
599,Danya,Lowthian,dlowthiangm@earthlink.net,Male,$851198.34,167127539,PP
600,Martynne,Oene,moenegn@theatlantic.com,Female,$573440.43,516398164,IT
601,Liz,Shingler,lshinglergo@qq.com,Female,$956150.64,201073567,IT
602,Leonid,Dafydd,ldafyddgp@loc.gov,Male,$632748.73,797965233,PP
603,Reagan,Jaray,rjaraygq@surveymonkey.com,Male,$317715.64,156358525,CC
604,Chilton,O' Driscoll,codriscollgr@nps.gov,Male,$486283.79,736523891,IT
605,Ann,Burrells,aburrellsgs@google.com.hk,Female,$372658.63,411651109,PP
606,Cassondra,Whitebrook,cwhitebrookgt@storify.com,Female,$272725.26,60240081,PP
607,Barnett,Lissemore,blissemoregu@gizmodo.com,Male,$189118.34,336685855,CC
608,Blaine,Ellyatt,bellyattgv@bandcamp.com,Male,$887031.35,601661435,CC
609,Marjory,Rizzardini,mrizzardinigw@woothemes.com,Female,$122387.49,481907165,CC
610,L;urette,Odgers,lodgersgx@xrea.com,Female,$200463.34,695044260,PP
611,Jarid,Postlewhite,jpostlewhitegy@yahoo.com,Male,$399888.13,344095493,PP
612,Dukey,Thon,dthongz@narod.ru,Male,$355744.83,111143002,PP
613,Quintin,Blitzer,qblitzerh0@myspace.com,Male,$526812.84,86092393,CC
614,Bartholemy,Canto,bcantoh1@bravesites.com,Male,$146531.40,144249114,IT
615,Cletus,Biscomb,cbiscombh2@sina.com.cn,Male,$561408.89,920750281,PP
616,Gerard,Dowd,gdowdh3@chronoengine.com,Male,$644787.36,190944775,CC
617,Benyamin,Windham,bwindhamh4@japanpost.jp,Male,$353428.41,617683814,CC
618,Robinett,Olford,rolfordh5@edublogs.org,Female,$839480.96,993312362,PP
619,Arlena,Woolford,awoolfordh6@nytimes.com,Female,$259995.72,206233570,IT
620,Anthony,Carillo,acarilloh7@slideshare.net,Male,$175523.63,110550348,PP
621,Fiorenze,Pawfoot,fpawfooth8@deviantart.com,Female,$819566.01,903533733,PP
622,Xena,Peevor,xpeevorh9@technorati.com,Female,$409646.71,149221447,CC
623,Bunni,Philippe,bphilippeha@springer.com,Female,$148175.05,226754649,IT
624,Alwin,MacCoughan,amaccoughanhb@nationalgeographic.com,Male,$676481.34,991321211,CC
625,Thomasa,Mattingson,tmattingsonhc@unc.edu,Female,$332488.08,886471063,IT
626,Rutherford,Delete,rdeletehd@independent.co.uk,Male,$424159.84,13901531,CC
627,Flinn,Cawdron,fcawdronhe@bbc.co.uk,Male,$977534.37,397642244,CC
628,Goddart,Gwyther,ggwytherhf@acquirethisname.com,Male,$585443.48,8966332,CC
629,Grazia,Bathow,gbathowhg@google.co.uk,Female,$465457.15,1042014045,PP
630,Hedvige,Bridal,hbridalhh@gmpg.org,Female,$691032.77,73648317,PP
631,Elwira,Sterzaker,esterzakerhi@census.gov,Female,$940569.85,621204251,PP
632,Petronilla,Buney,pbuneyhj@alexa.com,Female,$640743.08,345681040,CC
633,Garald,Cornau,gcornauhk@unc.edu,Male,$745893.16,891082439,CC
634,Dido,Dorrington,ddorringtonhl@yelp.com,Female,$410400.88,407456164,CC
635,Cristal,Dalgarnocht,cdalgarnochthm@unc.edu,Female,$571406.59,381558439,IT
636,Vinny,Folger,vfolgerhn@ask.com,Male,$116729.48,368066062,PP
637,Denni,O'Dowling,dodowlingho@virginia.edu,Female,$676193.19,1018761582,IT
638,Paxton,Scarse,pscarsehp@mapy.cz,Male,$648366.21,931923708,IT
639,Domenico,Behrendsen,dbehrendsenhq@google.co.uk,Male,$441520.84,193646891,PP
640,Shannah,Pennick,spennickhr@php.net,Female,$931044.37,1014569776,CC
641,Stanislas,Wudeland,swudelandhs@prweb.com,Male,$127744.65,650076952,CC
642,Milton,Crownshaw,mcrownshawht@sciencedaily.com,Male,$161961.84,255145096,IT
643,Feliza,Shaudfurth,fshaudfurthhu@dell.com,Female,$987631.83,375228048,CC
644,Rolf,Flintoff,rflintoffhv@yolasite.com,Male,$359569.09,1006741578,CC
645,Dag,Ofer,doferhw@google.ca,Male,$137802.25,632478433,PP
646,Sigismond,Wildsmith,swildsmithhx@facebook.com,Male,$617672.40,404400826,CC
647,Christyna,Ruthven,cruthvenhy@ucoz.ru,Female,$480634.42,292192497,IT
648,Gonzales,Marfe,gmarfehz@paypal.com,Male,$487776.43,639977535,IT
649,Weber,Seine,wseinei0@nba.com,Male,$772935.54,573102720,IT
650,Margery,Adger,madgeri1@geocities.jp,Female,$644372.54,822319243,IT
651,Lynnea,Carlisi,lcarlisii2@pcworld.com,Female,$567917.24,547771858,CC
652,Katlin,Mechan,kmechani3@tinyurl.com,Female,$768843.14,869853817,CC
653,Hervey,Hutchence,hhutchencei4@stumbleupon.com,Male,$913848.85,810827445,IT
654,Mattie,D'Agostini,mdagostinii5@last.fm,Female,$931465.85,913597524,IT
655,Willie,Draye,wdrayei6@who.int,Male,$264071.72,748450090,CC
656,Rosalynd,Girault,rgiraulti7@ibm.com,Female,$293738.07,861945546,CC
657,Gwendolin,Pedden,gpeddeni8@wikispaces.com,Female,$200489.32,704236427,IT
658,Janela,Smedmore,jsmedmorei9@prweb.com,Female,$170713.88,891000989,IT
659,Yul,Sidebottom,ysidebottomia@msn.com,Male,$358248.77,767921556,PP
660,Freeman,Caston,fcastonib@alibaba.com,Male,$854070.95,759877816,IT
661,Alessandra,Bafford,abaffordic@unesco.org,Female,$186032.79,535705113,PP
662,Illa,Greensides,igreensidesid@liveinternet.ru,Female,$927684.38,220523868,CC
663,Persis,Grisewood,pgrisewoodie@etsy.com,Female,$244169.99,642822388,PP
664,Carrissa,Dawton,cdawtonif@hostgator.com,Female,$363174.61,965960668,CC
665,Audi,Ferneley,aferneleyig@ebay.com,Female,$880445.31,521505665,CC
666,Tandie,Albone,talboneih@hexun.com,Female,$644432.53,621608703,CC
667,Meier,Philippet,mphilippetii@amazon.co.jp,Male,$652158.43,381623435,IT
668,Cullen,Errigo,cerrigoij@hibu.com,Male,$394198.16,647136688,PP
669,Nealy,Warbys,nwarbysik@deviantart.com,Male,$971734.50,155922972,IT
670,Inglis,Creighton,icreightonil@123-reg.co.uk,Male,$472749.84,879757182,IT
671,Delly,Fishlee,dfishleeim@vistaprint.com,Female,$687751.18,301603056,IT
672,Xaviera,Daintier,xdaintierin@freewebs.com,Female,$775926.22,769481218,CC
673,Ingemar,Harbert,iharbertio@goo.gl,Male,$868828.88,588004032,IT
674,Bernete,Sommersett,bsommersettip@issuu.com,Female,$178761.39,244720199,PP
675,Nobie,Luther,nlutheriq@imdb.com,Male,$622898.82,605458609,CC
676,Alikee,Lennie,alennieir@chron.com,Female,$125235.58,948405277,CC
677,Rafa,Menchenton,rmenchentonis@163.com,Female,$447285.18,93681046,IT
678,Bertrand,Canto,bcantoit@goodreads.com,Male,$147837.52,708362829,PP
679,Dennie,Baldoni,dbaldoniiu@gnu.org,Female,$213094.64,891013306,CC
680,Geno,Elcomb,gelcombiv@irs.gov,Male,$508487.06,236420882,PP
681,Huberto,Pemberton,hpembertoniw@naver.com,Male,$305837.33,990353936,PP
682,Glad,Barneveld,gbarneveldix@yale.edu,Female,$987864.85,603731292,PP
683,Rosa,Kollaschek,rkollaschekiy@forbes.com,Female,$312847.46,510842169,IT
684,Valina,Allott,vallottiz@sitemeter.com,Female,$530662.62,603392781,CC
685,Luis,Cash,lcashj0@wix.com,Male,$373047.51,761556859,CC
686,Wenona,Stacey,wstaceyj1@unicef.org,Female,$791041.15,89219276,PP
687,Ebenezer,Fife,efifej2@upenn.edu,Male,$179075.86,840100442,IT
688,Douglas,Wilshire,dwilshirej3@imdb.com,Male,$242770.43,628821947,IT
689,Douglass,Patesel,dpateselj4@zdnet.com,Male,$206439.87,34901419,IT
690,Skipton,Redwall,sredwallj5@independent.co.uk,Male,$427168.12,568248315,PP
691,Mohandas,Smeaton,msmeatonj6@acquirethisname.com,Male,$730924.15,899332147,IT
692,Gwendolyn,Tivnan,gtivnanj7@google.ca,Female,$654367.26,1017432502,PP
693,Kelsey,Tunnock,ktunnockj8@flickr.com,Male,$965664.17,237536291,CC
694,Lethia,Moneypenny,lmoneypennyj9@zdnet.com,Female,$205272.79,763443187,CC
695,Darren,Chidwick,dchidwickja@yale.edu,Male,$461474.12,709148710,PP
696,Bealle,Atack,batackjb@wired.com,Male,$817203.90,373068880,CC
697,Katrine,Cudbertson,kcudbertsonjc@acquirethisname.com,Female,$648491.39,413391065,PP
698,Barty,Nickols,bnickolsjd@moonfruit.com,Male,$428975.63,207091139,PP
699,Shell,Fernihough,sfernihoughje@gmpg.org,Female,$708421.12,1030890291,PP
700,Lira,Huckster,lhucksterjf@virginia.edu,Female,$651533.19,32338023,CC
701,Norah,Blackburn,nblackburnjg@tiny.cc,Female,$644910.31,455325628,PP
702,Rube,Holdin,rholdinjh@netlog.com,Male,$859596.74,806507112,PP
703,Zola,Cridge,zcridgeji@sourceforge.net,Female,$884829.73,402472234,PP
704,Royall,Schustl,rschustljj@abc.net.au,Male,$693830.65,375498686,CC
705,Piper,Choake,pchoakejk@twitter.com,Female,$699926.13,829849308,CC
706,Kris,Canario,kcanariojl@cpanel.net,Male,$883116.34,545869698,IT
707,Far,Frowde,ffrowdejm@theglobeandmail.com,Male,$978991.90,673982406,CC
708,Catha,Scrowson,cscrowsonjn@constantcontact.com,Female,$119292.24,833312590,IT
709,Carce,Gurg,cgurgjo@arstechnica.com,Male,$623553.27,457833355,PP
710,Anderea,Layne,alaynejp@scribd.com,Female,$481167.34,805027586,CC
711,Zenia,Law,zlawjq@photobucket.com,Female,$240442.50,284270870,CC
712,Sonny,Sictornes,ssictornesjr@nasa.gov,Female,$323967.63,253247506,CC
713,Wakefield,Cote,wcotejs@forbes.com,Male,$825197.60,155510271,PP
714,Shari,Krink,skrinkjt@hibu.com,Female,$157840.17,110629014,CC
715,Salomone,Cullerne,scullerneju@simplemachines.org,Male,$399112.16,190381159,PP
716,Chiarra,Oene,coenejv@nasa.gov,Female,$383902.75,63480728,IT
717,Brewer,Oggers,boggersjw@tuttocitta.it,Male,$463873.63,445411517,PP
718,Milty,Bodocs,mbodocsjx@dion.ne.jp,Male,$955262.06,299037006,PP
719,Clerc,Stallwood,cstallwoodjy@tripadvisor.com,Male,$542030.06,1021953380,IT
720,Nathan,Duffie,nduffiejz@sun.com,Male,$577271.20,465931109,PP
721,Janella,Tolman,jtolmank0@google.co.jp,Female,$377776.67,571431566,CC
722,Mike,Chipping,mchippingk1@cornell.edu,Male,$742196.80,790647276,IT
723,Rosina,Waulker,rwaulkerk2@ehow.com,Female,$789572.27,376185667,PP
724,Carmel,Mc Queen,cmcqueenk3@ftc.gov,Female,$252163.07,563712554,PP
725,Adelle,Sealand,asealandk4@multiply.com,Female,$718272.54,445303141,PP
726,Aldous,Filipchikov,afilipchikovk5@w3.org,Male,$184174.99,724461676,IT
727,Sansone,Alphonso,salphonsok6@geocities.jp,Male,$230611.42,1041539015,PP
728,Paddy,Tresler,ptreslerk7@wikimedia.org,Male,$284933.76,400378382,CC
729,Lisle,Cissell,lcissellk8@odnoklassniki.ru,Male,$166594.14,863478013,CC
730,Mira,Paine,mpainek9@alibaba.com,Female,$961824.04,977191154,PP
731,Lazarus,Valens-Smith,lvalenssmithka@cnbc.com,Male,$338899.87,541656406,CC
732,Abeu,Goodwins,agoodwinskb@cpanel.net,Male,$274636.75,708352120,PP
733,Josey,MacFadden,jmacfaddenkc@smugmug.com,Female,$714545.00,397144417,PP
734,Devonna,Pepler,dpeplerkd@ovh.net,Female,$633058.41,126589002,IT
735,Dahlia,Hallor,dhallorke@springer.com,Female,$475419.14,1029323152,IT
736,Danice,Richley,drichleykf@gizmodo.com,Female,$110426.62,398469732,CC
737,Almire,Learned,alearnedkg@yale.edu,Female,$566396.61,98619218,IT
738,Jamey,Rodger,jrodgerkh@narod.ru,Male,$568460.04,15932538,CC
739,Betteanne,Jarville,bjarvilleki@slate.com,Female,$546612.46,670442679,CC
740,Cassy,Gellert,cgellertkj@artisteer.com,Female,$244291.49,207475089,PP
741,Ripley,Batiste,rbatistekk@redcross.org,Male,$965323.99,679671785,CC
742,Lenci,Ives,liveskl@abc.net.au,Male,$556020.53,533159639,IT
743,Muffin,Speeks,mspeekskm@census.gov,Male,$567859.30,837717243,IT
744,Jean,Matura,jmaturakn@addthis.com,Male,$960079.73,330263414,CC
745,Cyndy,Spensly,cspenslyko@bizjournals.com,Female,$135146.82,724858939,PP
746,Helli,Orteaux,horteauxkp@nba.com,Female,$427303.90,122393268,CC
747,Lonnie,McBrier,lmcbrierkq@intel.com,Female,$265912.68,177020240,CC
748,Napoleon,Coston,ncostonkr@wsj.com,Male,$116466.05,691244336,PP
749,Kipp,Skoof,kskoofks@ucsd.edu,Female,$105656.82,68534803,IT
750,Jerri,MacEnelly,jmacenellykt@cam.ac.uk,Male,$448538.49,613612740,IT
751,Arlina,Carpmile,acarpmileku@rambler.ru,Female,$149076.96,1025152012,CC
752,Markos,Alford,malfordkv@sciencedirect.com,Male,$901256.66,537839881,CC
753,Maurizia,Redwin,mredwinkw@vistaprint.com,Female,$596540.28,833940629,PP
754,Correy,Papaminas,cpapaminaskx@discovery.com,Male,$860351.61,822111506,PP
755,Lucia,Cicccitti,lcicccittiky@wisc.edu,Female,$813521.67,995107700,CC
756,Edgard,Laborda,elabordakz@census.gov,Male,$285459.49,193758867,CC
757,Yvon,Saynor,ysaynorl0@de.vu,Male,$264327.37,619625964,IT
758,Albert,Vassbender,avassbenderl1@cnet.com,Male,$611599.85,967617075,IT
759,Byrom,Siegertsz,bsiegertszl2@netlog.com,Male,$606928.23,569508421,CC
760,Greg,Worsnop,gworsnopl3@clickbank.net,Male,$607578.62,469150070,PP
761,Hurleigh,Strethill,hstrethilll4@amazonaws.com,Male,$821386.97,33679356,PP
762,Inga,Clerc,iclercl5@ustream.tv,Female,$616504.09,673483084,IT
763,Patton,Crips,pcripsl6@wiley.com,Male,$490458.70,224586882,PP
764,Robinette,Craddock,rcraddockl7@symantec.com,Female,$442342.77,543141648,PP
765,Vicki,Aitkin,vaitkinl8@amazon.de,Female,$333150.75,760036579,PP
766,Nicolis,Hannigane,nhanniganel9@ebay.co.uk,Male,$269711.13,301887604,CC
767,Franciskus,Barbosa,fbarbosala@sun.com,Male,$103712.98,151303684,CC
768,Sim,Pipworth,spipworthlb@virginia.edu,Male,$739934.20,947349428,CC
769,Alon,Guerreau,aguerreaulc@oaic.gov.au,Male,$868630.75,651153666,PP
770,Carlynne,Zelley,czelleyld@free.fr,Female,$570892.87,704442220,CC
771,Melloney,Scalia,mscaliale@opera.com,Female,$295203.93,447734763,CC
772,Eldridge,Bridgstock,ebridgstocklf@php.net,Male,$215932.65,435420912,PP
773,Gwyn,Gonzales,ggonzaleslg@blogspot.com,Female,$719034.02,973960132,PP
774,Westbrook,Stebbings,wstebbingslh@discuz.net,Male,$421886.70,637932432,IT
775,Euphemia,Buttress,ebuttressli@ehow.com,Female,$139612.64,704989712,CC
776,Moishe,Quogan,mquoganlj@sohu.com,Male,$928178.21,751317915,IT
777,Valina,Fishpool,vfishpoollk@huffingtonpost.com,Female,$286399.34,245595579,IT
778,Graeme,Birdsey,gbirdseyll@ocn.ne.jp,Male,$572982.74,644383388,CC
779,Darrin,Cunradi,dcunradilm@xing.com,Male,$188982.11,442710337,CC
780,Solly,Anniwell,sanniwellln@pbs.org,Male,$648583.49,755234392,PP
781,Marty,Meletti,mmelettilo@lulu.com,Male,$883214.56,352443651,CC
782,Christos,Kubiczek,ckubiczeklp@a8.net,Male,$824094.58,382647217,PP
783,Verla,Duddridge,vduddridgelq@microsoft.com,Female,$162251.48,630439174,IT
784,Vally,Mandrey,vmandreylr@zdnet.com,Female,$472157.91,1023962516,PP
785,Jeno,Ballantine,jballantinels@jigsy.com,Male,$823439.68,606504757,CC
786,Rudy,Delahunty,rdelahuntylt@delicious.com,Male,$429450.45,584494813,CC
787,Aubrette,Zanini,azaninilu@pcworld.com,Female,$607428.29,63953697,CC
788,Aldis,Pulfer,apulferlv@google.nl,Male,$443026.35,827674972,PP
789,Neysa,Ruter,nruterlw@shop-pro.jp,Female,$859862.09,825153192,IT
790,Stormie,Wain,swainlx@bravesites.com,Female,$958862.68,195584685,PP
791,Saraann,O'Heffernan,soheffernanly@merriam-webster.com,Female,$740613.99,580990595,PP
792,Hymie,Mason,hmasonlz@skype.com,Male,$710563.38,530152745,PP
793,Elisha,Twidell,etwidellm0@bandcamp.com,Female,$224119.44,723528354,CC
794,Goldy,Fishley,gfishleym1@umn.edu,Female,$642976.43,754451187,PP
795,Fawn,Gemlett,fgemlettm2@go.com,Female,$401122.15,206382573,PP
796,Lyell,Marwick,lmarwickm3@mac.com,Male,$234052.55,979404401,CC
797,Hebert,Gilding,hgildingm4@wikimedia.org,Male,$993762.17,329963980,PP
798,Ricard,Patnelli,rpatnellim5@mapy.cz,Male,$995985.87,1004461815,IT
799,Zackariah,Simonin,zsimoninm6@oracle.com,Male,$753251.58,835272984,IT
800,Almire,Issard,aissardm7@latimes.com,Female,$974520.83,111226935,PP
801,Sebastien,Kilmurry,skilmurrym8@histats.com,Male,$524511.07,555011606,CC
802,Mannie,Goldthorpe,mgoldthorpem9@sogou.com,Male,$667491.81,665190905,IT
803,Teresina,Crane,tcranema@creativecommons.org,Female,$463731.08,99160636,IT
804,Cornie,Guerriero,cguerrieromb@tumblr.com,Female,$122446.07,209660765,PP
805,Gusti,McOrkill,gmcorkillmc@360.cn,Female,$686353.77,67414024,IT
806,Joey,Bernon,jbernonmd@bloomberg.com,Female,$162563.88,301200959,CC
807,Hailey,Callender,hcallenderme@squarespace.com,Male,$248255.17,872852732,CC
808,Melessa,Gerbl,mgerblmf@slate.com,Female,$745903.77,983534816,CC
809,Raphael,Claypole,rclaypolemg@networkadvertising.org,Male,$920827.73,446737541,PP
810,Evvie,Stampe,estampemh@jiathis.com,Female,$194476.03,877918014,CC
811,Briggs,Androsik,bandrosikmi@mit.edu,Male,$457988.57,903992634,CC
812,Alvin,Beecker,abeeckermj@webeden.co.uk,Male,$410089.81,358273979,IT
813,Tiffy,Iddy,tiddymk@state.tx.us,Female,$912822.13,52175950,CC
814,Silas,de Mendoza,sdemendozaml@earthlink.net,Male,$864175.24,939442249,PP
815,Darius,Statton,dstattonmm@drupal.org,Male,$468218.06,899750224,CC
816,Holden,Jedrzejewski,hjedrzejewskimn@ow.ly,Male,$952400.33,889492515,PP
817,Saul,Gauld,sgauldmo@cafepress.com,Male,$282521.50,996736181,CC
818,Sig,Ruthen,sruthenmp@blogspot.com,Male,$601358.60,802526716,CC
819,Penn,Loos,ploosmq@about.me,Male,$700353.99,655022470,IT
820,Sinclair,Lorenzo,slorenzomr@intel.com,Male,$154184.65,287164884,IT
821,Theresa,Maulin,tmaulinms@kickstarter.com,Female,$502069.64,620347790,IT
822,Lucilia,Elt,leltmt@mail.ru,Female,$112897.38,797415663,PP
823,Korie,Chern,kchernmu@skype.com,Female,$273034.82,843380564,IT
824,Marleah,Karslake,mkarslakemv@examiner.com,Female,$143701.48,493803483,IT
825,Conroy,Grindle,cgrindlemw@rakuten.co.jp,Male,$760570.14,45376943,CC
826,Benton,Saffill,bsaffillmx@sogou.com,Male,$626955.13,334324462,PP
827,Oriana,Potbury,opotburymy@smh.com.au,Female,$536395.47,59051993,IT
828,Yoshi,Hudspith,yhudspithmz@npr.org,Female,$465457.96,436699684,IT
829,Maggy,Ivanchenkov,mivanchenkovn0@ning.com,Female,$454536.79,513202770,IT
830,Britt,Leggan,bleggann1@instagram.com,Male,$294100.00,730933848,CC
831,Maxwell,O'Crigane,mocriganen2@123-reg.co.uk,Male,$236772.14,746144711,PP
832,Dinah,Geering,dgeeringn3@timesonline.co.uk,Female,$242418.24,734204567,PP
833,Jeannette,Trenchard,jtrenchardn4@nationalgeographic.com,Female,$519898.59,171511645,CC
834,Georgianne,Pepperell,gpepperelln5@cdc.gov,Female,$198293.83,680849330,PP
835,Ferdie,Vieyra,fvieyran6@army.mil,Male,$705602.16,404658836,PP
836,Aaron,Frankema,afrankeman7@miitbeian.gov.cn,Male,$332930.67,1035778832,CC
837,Glad,Bernardeschi,gbernardeschin8@joomla.org,Female,$572101.24,170819085,IT
838,Karina,Penniall,kpennialln9@ihg.com,Female,$667076.79,716648780,IT
839,Shelia,Kinsella,skinsellana@wp.com,Female,$678179.68,568694243,IT
840,Leonidas,Oxlee,loxleenb@flavors.me,Male,$558668.69,41914941,IT
841,Fletch,Brisard,fbrisardnc@jigsy.com,Male,$684725.79,1047293867,PP
842,Sasha,Lister,slisternd@facebook.com,Male,$581535.69,469406156,IT
843,Gayle,Skokoe,gskokoene@g.co,Male,$629646.08,895354166,PP
844,Elvis,Dacres,edacresnf@pbs.org,Male,$763955.13,745378636,CC
845,Harri,McNickle,hmcnickleng@bloomberg.com,Female,$496857.80,185093661,IT
846,Adena,Dunbar,adunbarnh@blogs.com,Female,$297054.71,301343243,IT
847,Tome,MacTague,tmactagueni@wikispaces.com,Male,$137227.88,600989686,IT
848,Kalinda,Blastock,kblastocknj@sogou.com,Female,$343136.01,113160739,CC
849,Chane,Tathacott,ctathacottnk@amazon.com,Male,$521224.49,449678749,CC
850,Tabbitha,Suett,tsuettnl@fotki.com,Female,$256249.92,507224043,IT
851,Ava,McKeaney,amckeaneynm@wikispaces.com,Female,$446066.32,548864807,IT
852,Giavani,Frith,gfrithnn@examiner.com,Male,$735596.97,289348879,CC
853,Mannie,Tease,mteaseno@sbwire.com,Male,$914312.08,390779346,CC
854,Jolie,Ornelas,jornelasnp@engadget.com,Female,$930931.83,382365438,CC
855,Knox,Mattusov,kmattusovnq@tuttocitta.it,Male,$563780.68,778777131,CC
856,Tomas,Lamping,tlampingnr@thetimes.co.uk,Male,$261834.95,423615874,PP
857,Herc,Kloska,hkloskans@skyrock.com,Male,$663812.94,248470317,IT
858,Nickie,Measey,nmeaseynt@wufoo.com,Male,$444888.62,54335028,IT
859,Linc,Harkess,lharkessnu@usnews.com,Male,$109193.42,127321301,PP
860,Linda,Lanney,llanneynv@imageshack.us,Female,$332088.82,217292904,CC
861,Ashli,Pynner,apynnernw@redcross.org,Female,$418665.06,963857711,IT
862,Ronna,McGinlay,rmcginlaynx@samsung.com,Female,$187570.40,927704864,CC
863,Clarey,Knipe,cknipeny@usgs.gov,Female,$864958.67,632021729,CC
864,Kimberli,Hoyes,khoyesnz@weather.com,Female,$554224.84,333406245,IT
865,Datha,Hains,dhainso0@quantcast.com,Female,$606124.41,796786195,CC
866,Alair,Rustidge,arustidgeo1@bigcartel.com,Male,$102884.64,950421410,PP
867,Whit,Pellissier,wpellissiero2@devhub.com,Male,$104408.50,620382868,CC
868,Marja,Yeates,myeateso3@webmd.com,Female,$776379.50,488410646,IT
869,Morley,Mosedill,mmosedillo4@parallels.com,Male,$446264.27,194750048,PP
870,Elden,Fieldstone,efieldstoneo5@imgur.com,Male,$859719.48,688420688,PP
871,Thomasine,Giannasi,tgiannasio6@indiatimes.com,Female,$767340.42,532263628,CC
872,Emili,Frome,efromeo7@unblog.fr,Female,$348270.13,340360405,PP
873,Lisabeth,Boissieux,lboissieuxo8@bbc.co.uk,Female,$151134.43,889716092,CC
874,Patience,Nunes Nabarro,pnunesnabarroo9@cocolog-nifty.com,Female,$206505.04,633723599,IT
875,Armstrong,Dancy,adancyoa@techcrunch.com,Male,$542827.42,667146591,CC
876,Faulkner,Ashenhurst,fashenhurstob@google.com.au,Male,$897893.67,990195590,IT
877,Tracy,Dimitriou,tdimitriouoc@narod.ru,Male,$431991.49,809189518,IT
878,Flossi,Poure,fpoureod@theglobeandmail.com,Female,$386558.23,855552008,PP
879,Marlee,Lantoph,mlantophoe@cnn.com,Female,$228369.58,17614205,CC
880,Lexine,Frankiss,lfrankissof@networkadvertising.org,Female,$791002.61,641097469,CC
881,Neal,Rittmeyer,nrittmeyerog@hexun.com,Male,$839681.83,320477266,IT
882,Janaya,McGrayle,jmcgrayleoh@cafepress.com,Female,$729804.70,76314858,CC
883,Iosep,Gorgen,igorgenoi@craigslist.org,Male,$162739.94,784695271,PP
884,Josephine,Charman,jcharmanoj@histats.com,Female,$784913.14,222982328,PP
885,Taddeusz,Krimmer,tkrimmerok@ustream.tv,Male,$306619.92,454382853,CC
886,Glyn,Hofer,ghoferol@cmu.edu,Female,$489198.13,576608138,IT
887,Candi,Dicke,cdickeom@ifeng.com,Female,$584927.92,474792582,IT
888,Horacio,Bousler,hbousleron@geocities.com,Male,$847206.93,1019387954,CC
889,Minny,McMorland,mmcmorlandoo@opensource.org,Female,$885266.96,784736460,PP
890,Emmet,Toffolo,etoffoloop@engadget.com,Male,$978881.62,43664787,IT
891,Nealon,Greetland,ngreetlandoq@theguardian.com,Male,$257933.39,640417970,IT
892,Hedwiga,McLenaghan,hmclenaghanor@va.gov,Female,$394716.63,702931184,CC
893,Spense,Swinbourne,sswinbourneos@livejournal.com,Male,$609398.28,977077778,IT
894,Merill,Bisacre,mbisacreot@networkadvertising.org,Male,$905513.94,205504880,CC
895,Scott,Seller,ssellerou@auda.org.au,Male,$732608.24,840185917,IT
896,Reggie,Terrett,rterrettov@ihg.com,Female,$180263.39,456286084,CC
897,Britni,Illingworth,billingworthow@guardian.co.uk,Female,$215730.00,570979636,CC
898,Laurette,Humphrys,lhumphrysox@ask.com,Female,$454323.25,256029222,IT
899,Caty,Koppelmann,ckoppelmannoy@goo.gl,Female,$684548.75,431076377,PP
900,Edwin,Filmer,efilmeroz@meetup.com,Male,$155356.89,27014163,PP
901,Yolanda,O'Driscoll,yodriscollp0@csmonitor.com,Female,$466858.14,390847516,IT
902,Germayne,De Ruggero,gderuggerop1@tiny.cc,Male,$488172.52,597707619,IT
903,Cathee,Blankett,cblankettp2@hexun.com,Female,$997282.79,456943809,CC
904,Quincey,Perren,qperrenp3@sitemeter.com,Male,$556853.19,961029141,PP
905,Cele,Ternault,cternaultp4@yolasite.com,Female,$211989.29,31002092,IT
906,Eugenio,Sillitoe,esillitoep5@nps.gov,Male,$667384.92,62233173,PP
907,Lillis,Tarbath,ltarbathp6@netscape.com,Female,$235976.30,721503022,CC
908,Tallou,Chavez,tchavezp7@cisco.com,Female,$786267.32,102596864,PP
909,Clementine,Osan,cosanp8@cbc.ca,Female,$954702.58,423605922,CC
910,Richmond,Huxtable,rhuxtablep9@dell.com,Male,$486238.74,360887008,CC
911,Morgen,Kalkofer,mkalkoferpa@go.com,Female,$237296.23,7167990,PP
912,Tamiko,Passmore,tpassmorepb@qq.com,Female,$518108.83,691360471,PP
913,Lina,Telford,ltelfordpc@goo.ne.jp,Female,$969394.87,508929557,IT
914,Farrell,Chipchase,fchipchasepd@xinhuanet.com,Male,$146420.34,859603273,CC
915,Iormina,Bourthoumieux,ibourthoumieuxpe@mozilla.com,Female,$520944.45,711264014,PP
916,Elfreda,Singleton,esingletonpf@t.co,Female,$702919.05,495747846,IT
917,Willie,Rennie,wrenniepg@over-blog.com,Male,$883375.32,75445753,PP
918,Tessie,Beinisch,tbeinischph@over-blog.com,Female,$819376.06,381452038,CC
919,Tonnie,Hold,tholdpi@wired.com,Male,$963444.77,231934950,CC
920,Gerardo,Suckling,gsucklingpj@timesonline.co.uk,Male,$612144.29,527292110,PP
921,Oralla,Belfitt,obelfittpk@1und1.de,Female,$187812.25,678432807,PP
922,Iosep,Batho,ibathopl@skyrock.com,Male,$139287.92,739065205,PP
923,Winfield,Abramovic,wabramovicpm@youku.com,Male,$950495.77,768367918,PP
924,Fidela,Rubinsky,frubinskypn@symantec.com,Female,$880458.22,155432542,CC
925,Ave,Waddingham,awaddinghampo@ucoz.com,Male,$791393.34,389701292,PP
926,Portia,Kalinke,pkalinkepp@cdc.gov,Female,$577575.25,789925469,PP
927,Chariot,Schultz,cschultzpq@ebay.com,Male,$499469.27,1020404899,CC
928,Arel,Glidder,aglidderpr@youku.com,Male,$602328.00,1019069127,PP
929,Shirley,Lomasny,slomasnyps@yahoo.co.jp,Female,$937022.03,600533230,CC
930,Reeva,Stoffers,rstofferspt@dailymail.co.uk,Female,$644746.30,861805521,CC
931,Thorndike,Kruschev,tkruschevpu@etsy.com,Male,$607439.14,864792624,IT
932,Tamqrah,Hannigan,thanniganpv@reverbnation.com,Female,$885359.17,1002088074,CC
933,Keely,Firle,kfirlepw@about.com,Female,$298685.23,989579202,CC
934,Amby,Jereatt,ajereattpx@icq.com,Male,$435988.04,666793546,PP
935,Irwinn,Cheyney,icheyneypy@istockphoto.com,Male,$907528.16,90403488,IT
936,Judon,Baynes,jbaynespz@stanford.edu,Male,$453972.30,26454702,CC
937,Gusti,Roussel,grousselq0@netscape.com,Female,$409777.91,411232157,CC
938,Vincent,Eggers,veggersq1@zimbio.com,Male,$621165.90,256482182,IT
939,Mikey,Blything,mblythingq2@google.cn,Male,$426236.38,128367006,IT
940,Cloris,De Beneditti,cdebenedittiq3@archive.org,Female,$730637.50,224588426,PP
941,Riva,Allum,rallumq4@ning.com,Female,$250720.08,321042374,IT
942,Trefor,Shilito,tshilitoq5@sohu.com,Male,$555501.68,1022198405,CC
943,Britni,Cruz,bcruzq6@people.com.cn,Female,$269291.21,337313344,CC
944,Essy,Castelain,ecastelainq7@deliciousdays.com,Female,$963884.95,471249166,IT
945,Odele,Faltin,ofaltinq8@mit.edu,Female,$733448.06,837981517,PP
946,Dianemarie,Digges,ddiggesq9@wunderground.com,Female,$311553.79,798872008,PP
947,Glennis,Gniewosz,ggniewoszqa@tinyurl.com,Female,$884536.75,607964764,IT
948,Bettye,Pudden,bpuddenqb@ihg.com,Female,$523558.33,212494695,PP
949,Wadsworth,McKie,wmckieqc@dedecms.com,Male,$510601.57,785034074,IT
950,Broddie,Wisham,bwishamqd@live.com,Male,$858505.40,121939560,CC
951,Inigo,Bruneau,ibruneauqe@issuu.com,Male,$692034.31,975734317,PP
952,Alistair,Giacobbo,agiacobboqf@networksolutions.com,Male,$842134.93,212786018,IT
953,Myrah,Moysey,mmoyseyqg@moonfruit.com,Female,$635319.37,508986009,CC
954,Kimberlee,Donat,kdonatqh@flickr.com,Female,$185658.76,137487045,CC
955,Sibylle,Chue,schueqi@soundcloud.com,Female,$417233.36,176114966,PP
956,Wallache,Waud,wwaudqj@timesonline.co.uk,Male,$931991.03,636680896,CC
957,Elka,Hanhardt,ehanhardtqk@squarespace.com,Female,$146507.85,639883132,CC
958,Sherye,Dillingham,sdillinghamql@phoca.cz,Female,$849644.73,566726486,CC
959,Abrahan,Clitsome,aclitsomeqm@wikispaces.com,Male,$129129.38,746231980,IT
960,Odell,Davidovich,odavidovichqn@arizona.edu,Male,$375083.22,770067387,CC
961,Berkie,Govini,bgoviniqo@infoseek.co.jp,Male,$791985.62,987804626,PP
962,Emmanuel,Burnitt,eburnittqp@house.gov,Male,$389336.50,521194363,IT
963,Berry,Haitlie,bhaitlieqq@vinaora.com,Female,$856153.66,347586722,PP
964,Phillie,Vanderplas,pvanderplasqr@flavors.me,Female,$534359.85,340025257,CC
965,Grethel,Krier,gkrierqs@ifeng.com,Female,$507055.74,428259704,IT
966,Damara,Tether,dtetherqt@odnoklassniki.ru,Female,$175145.42,418652088,PP
967,Padraig,Jozsa,pjozsaqu@ucsd.edu,Male,$733045.05,393422709,IT
968,Arman,Rann,arannqv@shutterfly.com,Male,$815118.24,413362370,CC
969,Derek,Salomon,dsalomonqw@independent.co.uk,Male,$758180.62,433948145,PP
970,Livvyy,Wathey,lwatheyqx@pinterest.com,Female,$420637.65,942565860,CC
971,Town,Varren,tvarrenqy@hc360.com,Male,$916471.76,398967246,IT
972,Sidnee,Napleton,snapletonqz@scribd.com,Male,$580109.16,17823716,PP
973,Melisandra,Westley,mwestleyr0@cnn.com,Female,$353854.82,42963372,PP
974,Yancy,Vedekhov,yvedekhovr1@usatoday.com,Male,$960017.73,470523025,CC
975,Starlene,Hadcock,shadcockr2@ning.com,Female,$824744.32,938203711,CC
976,Ellsworth,Nevitt,enevittr3@sakura.ne.jp,Male,$960653.66,339406714,IT
977,Gayelord,Vockins,gvockinsr4@usnews.com,Male,$389465.14,366540971,IT
978,Rodolphe,Maudlin,rmaudlinr5@admin.ch,Male,$922933.49,119171417,IT
979,Nanci,Kaplan,nkaplanr6@weather.com,Female,$687235.48,441362984,PP
980,Bobinette,von Hagt,bvonhagtr7@google.co.uk,Female,$303999.01,670017691,PP
981,Kristofor,Greydon,kgreydonr8@domainmarket.com,Male,$388049.81,421684866,PP
982,Stacia,Swepson,sswepsonr9@pcworld.com,Female,$193150.03,1037391241,PP
983,Sydney,Brayn,sbraynra@google.cn,Male,$649836.87,126966452,PP
984,Silvan,Allsup,sallsuprb@intel.com,Male,$229188.55,331321024,IT
985,Bill,Schole,bscholerc@sogou.com,Male,$569297.82,934779893,IT
986,Edita,McIlhagga,emcilhaggard@unicef.org,Female,$974362.70,953111560,IT
987,Constantina,Valentin,cvalentinre@tuttocitta.it,Female,$601291.13,851928903,IT
988,Mildrid,Larcier,mlarcierrf@ifeng.com,Female,$697854.60,235749168,IT
989,Emlyn,Moehler,emoehlerrg@fda.gov,Female,$147444.27,905724159,PP
990,Celestyn,Readings,creadingsrh@xing.com,Female,$519356.93,430803216,PP
991,Davina,Balentyne,dbalentyneri@unicef.org,Female,$459824.29,379470893,CC
992,Clive,Imlen,cimlenrj@blogs.com,Male,$881056.29,1010745871,IT
993,Mella,Fetter,mfetterrk@google.com.br,Female,$629636.69,675742088,CC
994,Iosep,O'Heagertie,ioheagertierl@hao123.com,Male,$229402.38,759274177,PP
995,Feliza,Oneile,foneilerm@gizmodo.com,Female,$567147.02,678754058,IT
996,Kristofor,Couttes,kcouttesrn@usatoday.com,Male,$152793.41,740207390,CC
997,Lizzie,Pietranek,lpietranekro@typepad.com,Female,$492511.62,789619747,CC
998,Kerwinn,Bayns,kbaynsrp@google.ca,Male,$152805.17,625964278,PP
999,Kakalina,Bocking,kbockingrq@bbb.org,Female,$672227.08,541933418,CC
1000,Kristopher,Tabard,ktabardrr@networksolutions.com,Male,$427363.63,199170383,CC
