id,nombre,apellido,email,genero,valor_tx,numero_identificacion,tipo_identificacion
1,Brok,Auchterlonie,bauchterlonie0@cpanel.net,Male,$576567.52,785274270,PP
2,Anica,Lalonde,alalonde1@webnode.com,Female,$983006.31,404098223,IT
3,Tucky,Schanke,tschanke2@gravatar.com,Male,$212483.08,420545432,IT
4,Abel,Albion,aalbion3@goo.gl,Male,$692046.58,252231407,PP
5,Kennith,Rown,krown4@toplist.cz,Male,$725943.78,183562105,CC
6,Bil,Chesley,bchesley5@dion.ne.jp,Male,$485919.88,434291586,IT
7,Lezlie,Jellico,ljellico6@e-recht24.de,Female,$745968.81,474830247,PP
8,El,Legon,elegon7@trellian.com,Male,$483433.57,340105266,PP
9,Eb,Weatherby,eweatherby8@macromedia.com,Male,$125877.33,92645366,IT
10,Gracia,Cartwright,gcartwright9@clickbank.net,Female,$933017.26,234776282,CC
11,Ike,Lynagh,ilynagha@nbcnews.com,Male,$752678.70,566884530,IT
12,Arman,Livens,alivensb@barnesandnoble.com,Male,$865684.90,28548161,PP
13,Minne,Bunson,mbunsonc@flickr.com,Female,$508166.56,359972620,CC
14,Earl,Shane,eshaned@smugmug.com,Male,$743940.20,748993399,CC
15,Shurlocke,Eayres,seayrese@bloglines.com,Male,$808514.40,895746851,IT
16,Ilario,Rigeby,irigebyf@hubpages.com,Male,$353357.50,649131319,PP
17,Ferrell,Heathcott,fheathcottg@barnesandnoble.com,Male,$667748.78,199749774,PP
18,Ertha,Pick,epickh@arizona.edu,Female,$195106.10,847695673,CC
19,Sula,Dobbins,sdobbinsi@simplemachines.org,Female,$415006.69,318228229,CC
20,Georgeta,Simonich,gsimonichj@bigcartel.com,Female,$702722.17,246579104,PP
21,Turner,Deme,tdemek@seattletimes.com,Male,$179355.47,899954243,PP
22,Sergeant,Parsisson,sparsissonl@about.me,Male,$225829.52,470417645,IT
23,Nan,Franey,nfraneym@oaic.gov.au,Female,$624920.93,1036816531,CC
24,Alfie,Staneland,astanelandn@blogspot.com,Female,$597400.93,1042083656,PP
25,Ericha,McClenan,emcclenano@ovh.net,Female,$893871.34,144933711,CC
26,Thedric,Emptage,temptagep@pagesperso-orange.fr,Male,$768612.80,454711662,CC
27,Anne-corinne,Treske,atreskeq@lulu.com,Female,$314499.40,849147596,PP
28,Lorens,Keer,lkeerr@toplist.cz,Male,$634726.33,647897858,IT
29,Cyrille,Penke,cpenkes@amazon.de,Male,$948335.70,194184425,IT
30,Dennet,Michelet,dmichelett@webs.com,Male,$676022.16,162294725,PP
31,Devlin,Delgua,ddelguau@senate.gov,Male,$622812.67,827137432,CC
32,Ddene,Briant,dbriantv@mysql.com,Female,$912522.95,90916312,IT
33,Carole,Odney,codneyw@google.cn,Female,$554796.03,104909868,IT
34,Noel,Avrahm,navrahmx@independent.co.uk,Female,$149468.71,1012815605,CC
35,Merrile,Schulze,mschulzey@intel.com,Female,$866080.27,240099498,IT
36,Abramo,Fahrenbacher,afahrenbacherz@digg.com,Male,$829788.52,634871572,IT
37,Karola,Dykins,kdykins10@cnet.com,Female,$623505.91,186223564,CC
38,Avram,Issac,aissac11@chicagotribune.com,Male,$870289.03,856452583,PP
39,Christoffer,Gurko,cgurko12@ycombinator.com,Male,$868896.41,739267536,CC
40,Grady,Synan,gsynan13@ihg.com,Male,$857584.57,30809457,IT
41,Pearce,Vosse,pvosse14@i2i.jp,Male,$147766.82,908969015,PP
42,Marven,Sollon,msollon15@meetup.com,Male,$337660.07,134155970,CC
43,Esra,Cuppitt,ecuppitt16@phpbb.com,Male,$695473.35,298359075,PP
44,Tiertza,Backson,tbackson17@goodreads.com,Female,$396669.75,16451198,PP
45,Chelsae,Kimbell,ckimbell18@addtoany.com,Female,$495725.68,250704713,CC
46,Jareb,Wheble,jwheble19@shinystat.com,Male,$220145.70,5504881,CC
47,Gabrila,Pyffe,gpyffe1a@uol.com.br,Female,$311952.95,751080330,PP
48,Cyrill,Bromehed,cbromehed1b@friendfeed.com,Male,$712968.78,824525231,IT
49,Stormie,Lothlorien,slothlorien1c@about.com,Female,$470925.70,220958003,CC
50,Rowland,Larne,rlarne1d@ed.gov,Male,$834585.17,1008811222,CC
51,Hadlee,Farnan,hfarnan1e@ca.gov,Male,$526432.50,355405273,PP
52,Marquita,McKeurtan,mmckeurtan1f@unc.edu,Female,$994686.84,779528396,IT
53,Doralia,Guillain,dguillain1g@oakley.com,Female,$343705.79,912174902,IT
54,Mariquilla,Nutten,mnutten1h@bloglines.com,Female,$973975.11,604921830,CC
55,Hillard,Pittem,hpittem1i@aboutads.info,Male,$366279.51,1003380498,CC
56,Cly,Drummond,cdrummond1j@usnews.com,Male,$166540.92,956365649,PP
57,Shanon,Ferencz,sferencz1k@miibeian.gov.cn,Female,$915577.09,575918859,CC
58,Harriet,Downgate,hdowngate1l@bbc.co.uk,Female,$192819.80,493976301,PP
59,Lettie,Everil,leveril1m@wisc.edu,Female,$966455.08,529732189,CC
60,Kimberly,Wedlake,kwedlake1n@barnesandnoble.com,Female,$732036.56,67353666,PP
61,Laney,Arnopp,larnopp1o@unblog.fr,Female,$112903.62,781675373,PP
62,Sadye,Childerhouse,schilderhouse1p@elegantthemes.com,Female,$528507.53,549691847,PP
63,Calv,Collerd,ccollerd1q@gravatar.com,Male,$365370.13,439793102,PP
64,Alister,Usborn,ausborn1r@studiopress.com,Male,$597383.85,466236989,CC
65,Adelind,Croxford,acroxford1s@acquirethisname.com,Female,$157642.55,242957187,PP
66,Gerrilee,Fallis,gfallis1t@skyrock.com,Female,$549936.47,844456170,PP
67,Neely,Seaward,nseaward1u@elegantthemes.com,Female,$743636.70,1031177766,IT
68,Gianina,Blackesland,gblackesland1v@smh.com.au,Female,$471393.27,288349458,PP
69,Courtney,Broune,cbroune1w@artisteer.com,Female,$510584.23,623713242,IT
70,Bren,Poulter,bpoulter1x@geocities.jp,Male,$305130.42,32575511,IT
71,Graig,Wayte,gwayte1y@squarespace.com,Male,$281287.88,771274902,IT
72,Wynne,Dyball,wdyball1z@quantcast.com,Female,$740064.90,622086431,IT
73,Rochette,Reihill,rreihill20@about.com,Female,$687426.57,581684315,CC
74,Boone,Andreazzi,bandreazzi21@who.int,Male,$617848.95,599423946,PP
75,Basilius,Elsegood,belsegood22@msu.edu,Male,$796400.49,868502702,PP
76,Coletta,Sighart,csighart23@sciencedirect.com,Female,$306668.74,838557248,IT
77,Cyb,Hackleton,chackleton24@g.co,Female,$754209.03,952972916,CC
78,Hephzibah,Brewin,hbrewin25@lulu.com,Female,$392134.79,291063204,IT
79,Shawna,Rosone,srosone26@vistaprint.com,Female,$460980.84,971618556,IT
80,Timmi,Coakley,tcoakley27@nih.gov,Female,$241170.30,221294469,PP
81,Maxie,Bestall,mbestall28@sina.com.cn,Male,$844076.56,417738112,IT
82,Virgina,Hague,vhague29@google.com,Female,$705663.03,419472690,PP
83,Tildie,Bolter,tbolter2a@facebook.com,Female,$640622.75,104596502,IT
84,Gifford,Emburey,gemburey2b@stanford.edu,Male,$330990.83,654890677,IT
85,Stavro,Emerson,semerson2c@examiner.com,Male,$541333.34,535658692,PP
86,Hastings,Flowers,hflowers2d@live.com,Male,$407591.53,580525831,IT
87,Joelie,Avramovic,javramovic2e@shinystat.com,Female,$561688.22,21270993,PP
88,Oran,Tenwick,otenwick2f@harvard.edu,Male,$860256.60,42236773,IT
89,Gillian,Wedon,gwedon2g@php.net,Female,$430138.24,469435256,PP
90,Susann,Browne,sbrowne2h@weather.com,Female,$801861.73,328087642,IT
91,Aubrie,Crayker,acrayker2i@noaa.gov,Female,$948517.42,352036969,CC
92,Tobias,Verduin,tverduin2j@bluehost.com,Male,$421609.57,1024066580,IT
93,Vita,Lisciardelli,vlisciardelli2k@360.cn,Female,$467512.36,768612943,PP
94,Wallace,Flynn,wflynn2l@ucoz.ru,Male,$657369.98,767957103,CC
95,Izabel,Loyd,iloyd2m@ucoz.com,Female,$484463.57,434026717,PP
96,Rinaldo,Rowes,rrowes2n@nps.gov,Male,$105958.29,747923868,CC
97,Adolpho,Costock,acostock2o@google.com,Male,$354568.31,152380651,IT
98,Carlina,Maffeo,cmaffeo2p@cyberchimps.com,Female,$586890.38,746768088,IT
99,Shurlock,Binch,sbinch2q@army.mil,Male,$348275.96,407859713,IT
100,Sarette,McGerraghty,smcgerraghty2r@dagondesign.com,Female,$612174.22,715348456,IT
101,Myer,Damsell,mdamsell2s@time.com,Male,$729270.93,781034857,IT
102,Lara,Goatcher,lgoatcher2t@thetimes.co.uk,Female,$156572.43,181160102,CC
103,Alfredo,Di Carli,adicarli2u@google.com.hk,Male,$588607.35,533156023,PP
104,Mathe,Stoakley,mstoakley2v@apache.org,Male,$943768.51,11113098,PP
105,Karlik,Murby,kmurby2w@wikia.com,Male,$964483.87,230109365,CC
106,Gwendolin,Ivanenko,givanenko2x@ibm.com,Female,$799535.79,379230340,IT
107,Arlette,Barsby,abarsby2y@narod.ru,Female,$385223.74,595149247,CC
108,Job,Shugg,jshugg2z@hugedomains.com,Male,$141002.40,406080764,IT
109,Leslie,Dignall,ldignall30@zdnet.com,Male,$493690.30,801257717,CC
110,Fredelia,Keslake,fkeslake31@skype.com,Female,$629980.13,556187643,PP
111,Gan,Murrells,gmurrells32@unicef.org,Male,$419741.23,715876185,PP
112,Merwyn,Leatherborrow,mleatherborrow33@typepad.com,Male,$680462.69,183101567,CC
113,Juli,Heibl,jheibl34@cnet.com,Female,$372958.24,940638603,CC
114,Talya,Ewers,tewers35@mail.ru,Female,$647822.44,927094724,IT
115,Mikkel,Lochet,mlochet36@msu.edu,Male,$566077.15,1018487983,CC
116,Isahella,Darlington,idarlington37@icio.us,Female,$400526.07,617337491,PP
117,Flossy,Liddon,fliddon38@123-reg.co.uk,Female,$798691.96,784588341,PP
118,Torey,Dancy,tdancy39@skype.com,Male,$585856.75,803609743,CC
119,Christan,Large,clarge3a@123-reg.co.uk,Female,$545964.67,931347487,PP
120,Gretal,Handman,ghandman3b@wsj.com,Female,$748583.03,410781394,IT
121,Jany,Tomasz,jtomasz3c@uiuc.edu,Female,$266674.54,808794105,CC
122,Fredrick,Spare,fspare3d@joomla.org,Male,$663751.60,227964114,CC
123,Alfreda,Marcombe,amarcombe3e@wikispaces.com,Female,$870335.93,808254564,CC
124,Kacie,Kimpton,kkimpton3f@bluehost.com,Female,$140143.26,565211067,PP
125,Nesta,Blessed,nblessed3g@google.de,Female,$716396.60,750212892,IT
126,Glenna,Fazackerley,gfazackerley3h@bbc.co.uk,Female,$487973.15,1044855041,CC
127,Rodrick,Bauchop,rbauchop3i@123-reg.co.uk,Male,$437780.85,97843557,IT
128,Janaya,Kopec,jkopec3j@nhs.uk,Female,$319280.50,14912990,CC
129,Cory,Biasioni,cbiasioni3k@wisc.edu,Male,$863349.35,848325566,IT
130,Jarred,Huburn,jhuburn3l@pinterest.com,Male,$302788.09,454785021,PP
131,Elfreda,Hedgeman,ehedgeman3m@ow.ly,Female,$833968.89,134672730,CC
132,Ingeborg,Stienton,istienton3n@redcross.org,Female,$306547.26,610026659,IT
133,Wandis,Scarff,wscarff3o@squarespace.com,Female,$285363.88,559671848,IT
134,Redford,Kalinovich,rkalinovich3p@time.com,Male,$985477.48,112833944,CC
135,Pennie,Robbeke,probbeke3q@upenn.edu,Female,$201159.01,194883174,CC
136,Darrick,Elden,delden3r@cpanel.net,Male,$340059.18,388883429,IT
137,Lyn,Beardmore,lbeardmore3s@about.me,Male,$769057.39,779092286,PP
138,Sully,Dunaway,sdunaway3t@google.co.uk,Male,$490301.82,110739039,PP
139,Mead,Swalteridge,mswalteridge3u@ebay.com,Male,$517982.18,357630562,CC
140,Phillipe,Paramor,pparamor3v@rakuten.co.jp,Male,$149442.23,1011105221,CC
141,Ewart,Wapplington,ewapplington3w@cyberchimps.com,Male,$527656.65,977674586,CC
142,Eve,Donalson,edonalson3x@sciencedirect.com,Female,$502679.35,991138964,PP
143,Stu,MacManus,smacmanus3y@alexa.com,Male,$201204.87,83855428,IT
144,Elfreda,Langer,elanger3z@ovh.net,Female,$408486.98,395049202,IT
145,Abdul,Burborough,aburborough40@myspace.com,Male,$611921.41,122300830,IT
146,Fritz,Drewe,fdrewe41@taobao.com,Male,$980174.82,436269318,IT
147,Brucie,Meeking,bmeeking42@wikia.com,Male,$909515.68,89388164,CC
148,L;urette,Andrewartha,landrewartha43@free.fr,Female,$483769.41,603385797,PP
149,Teddie,Greene,tgreene44@furl.net,Female,$396703.14,997756138,PP
150,Daphne,Watts,dwatts45@drupal.org,Female,$130226.16,119726454,IT
151,Rea,Crofts,rcrofts46@cnbc.com,Female,$989184.80,236133058,CC
152,Roxie,Tummasutti,rtummasutti47@tmall.com,Female,$168811.08,948070138,CC
153,Effie,Hurdwell,ehurdwell48@washingtonpost.com,Female,$691427.77,980627502,IT
154,Kalvin,Godney,kgodney49@squidoo.com,Male,$959291.22,389027831,CC
155,Ephrem,Gronav,egronav4a@marketwatch.com,Male,$622877.33,900930157,PP
156,Zora,Higgoe,zhiggoe4b@scribd.com,Female,$677429.34,890371511,CC
157,Frederick,Goodban,fgoodban4c@tuttocitta.it,Male,$874683.04,699969117,PP
158,Alphonse,Wallwork,awallwork4d@latimes.com,Male,$974774.34,994597386,PP
159,Phillip,Najara,pnajara4e@shareasale.com,Male,$302065.33,319255526,PP
160,Weber,Bernuzzi,wbernuzzi4f@go.com,Male,$552529.85,201039508,CC
161,Lizzie,Beechcraft,lbeechcraft4g@aol.com,Female,$750759.55,909693351,IT
162,Kellie,Radmore,kradmore4h@adobe.com,Female,$694431.49,840735207,IT
163,Peyton,Keith,pkeith4i@alexa.com,Male,$302887.98,821087685,PP
164,Eachelle,January 1st,ejanuaryst4j@hatena.ne.jp,Female,$296448.16,328172323,IT
165,Fanchette,Cicci,fcicci4k@gravatar.com,Female,$501452.02,613535049,PP
166,Roxi,Southerns,rsoutherns4l@shareasale.com,Female,$807420.30,385117135,IT
167,Ivar,Toulamain,itoulamain4m@psu.edu,Male,$914327.58,718525398,CC
168,Howie,Matskevich,hmatskevich4n@topsy.com,Male,$848680.75,36811089,PP
169,My,Dollman,mdollman4o@booking.com,Male,$311831.70,786671503,PP
170,Skipper,Wrout,swrout4p@alibaba.com,Male,$150233.49,290616780,IT
171,Raul,Martin,rmartin4q@prnewswire.com,Male,$936008.48,643675994,CC
172,Tova,Dassindale,tdassindale4r@paypal.com,Female,$902257.81,841625590,IT
173,Adrian,Biset,abiset4s@ucla.edu,Female,$901140.32,447757969,IT
174,Glynn,Grizard,ggrizard4t@marketwatch.com,Male,$555725.12,368691423,IT
175,Pierette,Phizackarley,pphizackarley4u@discovery.com,Female,$269532.24,272723784,IT
176,Lucho,Schouthede,lschouthede4v@ebay.com,Male,$740064.45,957318624,CC
177,Adolph,Constanza,aconstanza4w@irs.gov,Male,$792111.60,598377218,PP
178,Wayland,Gladtbach,wgladtbach4x@blog.com,Male,$885863.23,1042579561,IT
179,Hobie,Pearson,hpearson4y@imageshack.us,Male,$691480.14,316037521,IT
180,Laraine,Cloughton,lcloughton4z@paypal.com,Female,$479328.41,129230179,PP
181,Kerk,Turmell,kturmell50@desdev.cn,Male,$930742.26,643772936,IT
182,Marje,Toopin,mtoopin51@webs.com,Female,$774022.52,113982278,IT
183,Richmound,Weall,rweall52@bing.com,Male,$747504.44,695796885,CC
184,Heida,Faccini,hfaccini53@linkedin.com,Female,$872758.66,562241692,IT
185,Gare,Skeech,gskeech54@tamu.edu,Male,$299590.20,309101380,PP
186,Joshia,Chstney,jchstney55@chronoengine.com,Male,$183271.49,187318438,CC
187,Fallon,Nisot,fnisot56@miitbeian.gov.cn,Female,$531370.10,212111122,PP
188,Mischa,Colquete,mcolquete57@technorati.com,Male,$844080.72,422968647,IT
189,Lukas,Endrici,lendrici58@java.com,Male,$191419.00,790266951,CC
190,Bay,Cornfield,bcornfield59@stumbleupon.com,Male,$807822.45,183150193,CC
191,Britni,Doe,bdoe5a@tiny.cc,Female,$266772.15,57075798,CC
192,Ardine,Sawden,asawden5b@gov.uk,Female,$201002.17,989395377,PP
193,Wanda,Sate,wsate5c@youtu.be,Female,$120551.29,215894273,CC
194,Steward,Reford,sreford5d@tuttocitta.it,Male,$421891.04,496915516,PP
195,Zacharias,Connechy,zconnechy5e@issuu.com,Male,$376745.60,904953728,CC
196,Hill,McIlhone,hmcilhone5f@tripod.com,Male,$506763.73,457261834,PP
197,Olav,Papierz,opapierz5g@upenn.edu,Male,$430031.47,674731831,IT
198,Heall,Critchlow,hcritchlow5h@tumblr.com,Male,$120134.12,401253115,CC
199,Adina,McPhate,amcphate5i@acquirethisname.com,Female,$181472.22,342574318,CC
200,Winn,Reburn,wreburn5j@nbcnews.com,Male,$229832.76,902475430,IT
201,Pattie,Meyer,pmeyer5k@apple.com,Female,$527496.86,84194612,CC
202,Costa,Wesgate,cwesgate5l@walmart.com,Male,$803358.56,876653392,PP
203,Rance,Cleghorn,rcleghorn5m@prlog.org,Male,$508161.31,558455059,PP
204,Korrie,MacIlraith,kmacilraith5n@washingtonpost.com,Female,$351717.40,566533817,PP
205,Anders,Heskin,aheskin5o@ted.com,Male,$826141.37,849652786,PP
206,Sarajane,Eim,seim5p@meetup.com,Female,$477159.22,602367966,PP
207,Bette-ann,Rambaut,brambaut5q@bravesites.com,Female,$256509.63,171169047,IT
208,Nikolos,Stadding,nstadding5r@hp.com,Male,$974276.72,822510946,IT
209,Justin,Vayro,jvayro5s@jalbum.net,Male,$192416.65,457271654,IT
210,Gannie,Broscombe,gbroscombe5t@oakley.com,Male,$806807.36,693349780,PP
211,Eolande,Thies,ethies5u@reference.com,Female,$352488.81,728922819,CC
212,Astrix,Yurasov,ayurasov5v@sciencedirect.com,Female,$493714.37,640443458,CC
213,Anneliese,Firk,afirk5w@usgs.gov,Female,$337771.85,530363325,IT
214,Leeann,Sandeford,lsandeford5x@shinystat.com,Female,$791933.99,977950326,IT
215,Leroy,Dowell,ldowell5y@addthis.com,Male,$695656.13,354327425,PP
216,Ekaterina,Beastall,ebeastall5z@shutterfly.com,Female,$281188.68,712129697,IT
217,Glen,Stace,gstace60@ovh.net,Male,$953247.76,439824512,CC
218,Lodovico,Barajas,lbarajas61@google.com,Male,$392100.38,66851874,IT
219,Case,Philbrook,cphilbrook62@vistaprint.com,Male,$439540.14,852384518,CC
220,Felicle,Founds,ffounds63@wp.com,Female,$794061.26,496689463,PP
221,Tonya,Leete,tleete64@time.com,Female,$124734.12,644447155,IT
222,Jordon,Joblin,jjoblin65@netvibes.com,Male,$616362.49,277621580,IT
223,Wiatt,Seignior,wseignior66@umich.edu,Male,$300404.13,332441483,PP
224,Dexter,Trippack,dtrippack67@thetimes.co.uk,Male,$298101.95,245179374,PP
225,Cly,Bukac,cbukac68@auda.org.au,Male,$240285.71,930424820,IT
226,Thorpe,Clell,tclell69@nature.com,Male,$864629.32,277512723,IT
227,Bogey,Batterbee,bbatterbee6a@latimes.com,Male,$927133.25,887826250,CC
228,Matelda,Radford,mradford6b@ustream.tv,Female,$404815.81,343023600,IT
229,Latrena,Jakubovits,ljakubovits6c@craigslist.org,Female,$732118.86,967997981,PP
230,Loraine,Figg,lfigg6d@globo.com,Female,$812879.80,944749433,IT
231,Linnet,Wayon,lwayon6e@geocities.com,Female,$792170.03,879309713,PP
232,Neil,Mouser,nmouser6f@g.co,Male,$161937.29,298937813,CC
233,Sanderson,Padley,spadley6g@fotki.com,Male,$112568.31,288382977,PP
234,Bendix,Spaight,bspaight6h@pcworld.com,Male,$669856.50,338473928,CC
235,Terese,Divers,tdivers6i@addthis.com,Female,$583941.36,662796681,IT
236,Tripp,Braz,tbraz6j@aboutads.info,Male,$543425.06,336577711,CC
237,Ingra,Watkins,iwatkins6k@go.com,Male,$190677.80,419794103,IT
238,Mireielle,Kleinplac,mkleinplac6l@hugedomains.com,Female,$166988.52,706638390,CC
239,Franz,Patty,fpatty6m@webeden.co.uk,Male,$903749.11,170397787,CC
240,Joanna,Eallis,jeallis6n@purevolume.com,Female,$538670.11,898623266,IT
241,Julietta,Walworche,jwalworche6o@businessweek.com,Female,$819724.60,801819958,IT
242,Lamond,McKall,lmckall6p@hp.com,Male,$471059.66,700995079,PP
243,Marianna,Verlinden,mverlinden6q@1und1.de,Female,$672979.61,941451296,PP
244,Audy,Ogglebie,aogglebie6r@dagondesign.com,Female,$170659.52,183070170,PP
245,Karlis,Bazeley,kbazeley6s@angelfire.com,Male,$387652.01,728707060,CC
246,Meaghan,Peedell,mpeedell6t@netlog.com,Female,$956819.56,723959985,IT
247,Gleda,Hammill,ghammill6u@google.ru,Female,$312940.11,269936405,CC
248,Michaella,Dutnell,mdutnell6v@twitter.com,Female,$902076.19,833499742,IT
249,Corette,Tissier,ctissier6w@acquirethisname.com,Female,$892097.41,112256361,IT
250,Codie,Shillum,cshillum6x@51.la,Female,$308470.96,377521584,IT
251,Marian,Hamberstone,mhamberstone6y@dagondesign.com,Female,$671996.89,443070218,PP
252,Genovera,Edge,gedge6z@addtoany.com,Female,$185794.39,980027642,CC
253,Griffy,Baildon,gbaildon70@deliciousdays.com,Male,$165330.01,24271753,CC
254,Marsha,Langsdon,mlangsdon71@tmall.com,Female,$105623.29,331707999,IT
255,Dun,Pledger,dpledger72@house.gov,Male,$263169.28,525439749,PP
256,Gibb,Cready,gcready73@skyrock.com,Male,$403473.23,136358692,PP
257,Fawn,Lohden,flohden74@php.net,Female,$635159.12,479305020,IT
258,Aaren,Ariss,aariss75@ca.gov,Female,$764458.10,252806138,IT
259,Mauricio,Tiptaft,mtiptaft76@cisco.com,Male,$422340.26,6088604,IT
260,Quill,Duplain,qduplain77@spiegel.de,Male,$956252.90,83029482,IT
261,Morlee,Hunnawill,mhunnawill78@nymag.com,Male,$951781.51,542426811,CC
262,Yolanda,Coundley,ycoundley79@mail.ru,Female,$751614.76,428352226,CC
263,Evania,Guyonnet,eguyonnet7a@dyndns.org,Female,$601783.38,676782355,CC
264,Linn,Nottingham,lnottingham7b@4shared.com,Female,$206386.00,668956243,IT
265,Verna,Attwoull,vattwoull7c@guardian.co.uk,Female,$852247.99,758537597,PP
266,Clerc,Geggus,cgeggus7d@a8.net,Male,$377677.82,413279848,CC
267,Vincenz,Sallery,vsallery7e@themeforest.net,Male,$679438.79,475438383,PP
268,Engelbert,Greenslade,egreenslade7f@home.pl,Male,$280196.93,221726745,CC
269,Christian,Merrywether,cmerrywether7g@techcrunch.com,Female,$963489.08,690880333,CC
270,Didi,Digance,ddigance7h@ca.gov,Female,$157452.06,1042672219,PP
271,Amitie,Brushneen,abrushneen7i@bizjournals.com,Female,$843138.58,158127898,IT
272,Renato,Kemery,rkemery7j@stanford.edu,Male,$210658.83,170300652,IT
273,Jeanette,Bowshire,jbowshire7k@phpbb.com,Female,$361377.00,386855411,PP
274,Vergil,Paoloni,vpaoloni7l@disqus.com,Male,$772020.11,174163521,CC
275,Cassandry,Howard - Gater,chowardgater7m@oaic.gov.au,Female,$427863.80,11648386,PP
276,Seth,Oloshin,soloshin7n@harvard.edu,Male,$547863.77,493380563,PP
277,Riane,Spritt,rspritt7o@plala.or.jp,Female,$880739.89,134457324,CC
278,Tanney,Katz,tkatz7p@indiatimes.com,Male,$267233.50,146171395,CC
279,Nealon,Tyhurst,ntyhurst7q@hp.com,Male,$861120.79,178614158,CC
280,Liz,Staddart,lstaddart7r@nbcnews.com,Female,$637639.70,346380913,PP
281,Elset,Sample,esample7s@yahoo.co.jp,Female,$139887.99,754462088,PP
282,Celene,Bousquet,cbousquet7t@webeden.co.uk,Female,$741170.00,834970284,PP
283,Romola,Ogglebie,rogglebie7u@house.gov,Female,$139129.97,1046605435,CC
284,Noak,Mariaud,nmariaud7v@ca.gov,Male,$722482.86,1004640899,IT
285,Niccolo,Samwell,nsamwell7w@scribd.com,Male,$360840.26,169843198,PP
286,Grannie,Loyns,gloyns7x@howstuffworks.com,Male,$237626.54,926981542,IT
287,Sherman,Cobden,scobden7y@shinystat.com,Male,$313038.20,387392789,PP
288,Percival,Rossborough,prossborough7z@howstuffworks.com,Male,$783183.02,529681269,PP
289,Ryon,Scaice,rscaice80@facebook.com,Male,$340480.14,412271109,IT
290,Floria,Plett,fplett81@ucla.edu,Female,$711271.28,214141251,IT
291,Elsworth,McCory,emccory82@yolasite.com,Male,$440886.67,935568045,CC
292,Reynard,Lampen,rlampen83@bbc.co.uk,Male,$629151.50,841302682,PP
293,Audrey,Muneely,amuneely84@de.vu,Female,$353514.49,544171942,IT
294,Hildagard,Bovaird,hbovaird85@vkontakte.ru,Female,$273205.37,675542365,PP
295,Marty,Spiaggia,mspiaggia86@amazon.co.uk,Female,$836777.24,216034516,CC
296,Gregorio,Ilem,gilem87@ebay.com,Male,$852100.23,115925593,CC
297,Dore,Rowe,drowe88@macromedia.com,Female,$173513.03,107533791,CC
298,Jobina,Goseling,jgoseling89@phpbb.com,Female,$731140.43,268255884,PP
299,Yurik,Pimblett,ypimblett8a@mac.com,Male,$223648.06,935120068,IT
300,Korie,Peotz,kpeotz8b@youku.com,Female,$784572.68,1013294520,IT
301,Katalin,Ashfield,kashfield8c@blinklist.com,Female,$797228.55,220716078,PP
302,Lynda,Tompkiss,ltompkiss8d@marriott.com,Female,$935251.10,818170923,IT
303,Gram,Devonish,gdevonish8e@reddit.com,Male,$899149.38,464958159,CC
304,Ragnar,Seager,rseager8f@wikipedia.org,Male,$201833.37,453400016,IT
305,Lowe,Eldrett,leldrett8g@tamu.edu,Male,$760844.97,813444122,CC
306,Barnebas,Standish,bstandish8h@ox.ac.uk,Male,$274203.06,243566270,IT
307,Phineas,Syder,psyder8i@japanpost.jp,Male,$535180.04,773845438,IT
308,Anson,Link,alink8j@eepurl.com,Male,$646422.66,427912713,PP
309,Kelci,Cookley,kcookley8k@tiny.cc,Female,$762635.90,138722792,PP
310,Kendall,Goracci,kgoracci8l@indiegogo.com,Male,$620322.59,597151457,IT
311,Merwyn,Sandcroft,msandcroft8m@so-net.ne.jp,Male,$915757.99,14665852,CC
312,Petra,Pablo,ppablo8n@google.co.jp,Female,$112477.98,53587441,PP
313,Cash,Merwede,cmerwede8o@people.com.cn,Male,$855371.62,619740363,CC
314,Patricia,Mullins,pmullins8p@networksolutions.com,Female,$280966.66,990904736,IT
315,Babita,Cantero,bcantero8q@topsy.com,Female,$921917.43,635061549,PP
316,Gretta,Redgrave,gredgrave8r@bbc.co.uk,Female,$568062.29,931609655,IT
317,Giffard,Manntschke,gmanntschke8s@naver.com,Male,$550494.10,326480548,IT
318,Lorelei,Hairsine,lhairsine8t@dion.ne.jp,Female,$991310.44,20306428,IT
319,Agustin,Mattiuzzi,amattiuzzi8u@theglobeandmail.com,Male,$937134.30,962069809,PP
320,Mair,Counihan,mcounihan8v@psu.edu,Female,$383766.68,436644269,CC
321,Amitie,Monson,amonson8w@abc.net.au,Female,$547683.12,378230759,CC
322,Yvon,MacNeilley,ymacneilley8x@state.gov,Male,$428073.14,779363549,PP
323,Meade,MacDirmid,mmacdirmid8y@phpbb.com,Female,$898649.88,345139790,CC
324,Shandy,Thorouggood,sthorouggood8z@uiuc.edu,Female,$427720.02,634746103,IT
325,Willy,Linning,wlinning90@51.la,Female,$692105.62,703999832,IT
326,Phil,Milroy,pmilroy91@nhs.uk,Female,$629395.92,942124119,PP
327,Winnah,Bradneck,wbradneck92@sina.com.cn,Female,$110418.28,649231266,IT
328,Beverlie,Lawford,blawford93@nps.gov,Female,$508527.59,1025652953,PP
329,Gasper,Lawrenceson,glawrenceson94@go.com,Male,$413614.02,197369579,IT
330,Si,O'Gormley,sogormley95@over-blog.com,Male,$544477.89,836822282,CC
331,Antonino,Bart,abart96@bloglines.com,Male,$565750.50,222114139,IT
332,Patty,Fassbindler,pfassbindler97@godaddy.com,Male,$643000.19,533193271,CC
333,Joellen,Jaumet,jjaumet98@pagesperso-orange.fr,Female,$137097.17,970196862,CC
334,Craig,Baum,cbaum99@mediafire.com,Male,$143094.72,705372091,IT
335,Letizia,Turford,lturford9a@toplist.cz,Female,$632671.58,777620756,CC
336,Chrissie,Anstiss,canstiss9b@toplist.cz,Male,$672799.77,675485807,PP
337,Bogart,Pennuzzi,bpennuzzi9c@wordpress.org,Male,$903600.92,568813413,PP
338,Fee,Darko,fdarko9d@eepurl.com,Male,$858233.96,742059328,CC
339,Kelly,Krug,kkrug9e@ustream.tv,Female,$844713.93,518826096,PP
340,Robinette,Brabin,rbrabin9f@blog.com,Female,$204251.34,261448548,PP
341,Arnie,Ablewhite,aablewhite9g@goo.gl,Male,$571368.99,173686129,PP
342,Laurella,Atherley,latherley9h@joomla.org,Female,$664092.46,228847342,IT
343,Melitta,Golley,mgolley9i@freewebs.com,Female,$345818.61,309948393,IT
344,Marika,Shilliday,mshilliday9j@telegraph.co.uk,Female,$730480.03,935131396,PP
345,Dur,Matei,dmatei9k@drupal.org,Male,$772219.59,110723927,IT
346,Sapphira,McAndie,smcandie9l@wsj.com,Female,$920896.03,228177386,PP
347,Gregg,Varty,gvarty9m@domainmarket.com,Male,$959564.32,479899951,IT
348,Cullan,Eisikowitch,ceisikowitch9n@seattletimes.com,Male,$209555.70,846332501,PP
349,Greggory,Treker,gtreker9o@blinklist.com,Male,$445118.14,232577898,PP
350,Marcille,MacKee,mmackee9p@abc.net.au,Female,$615835.98,458098298,PP
351,Madeleine,Jollie,mjollie9q@oaic.gov.au,Female,$164859.67,466345710,PP
352,Lilla,Giacoppoli,lgiacoppoli9r@apple.com,Female,$818104.09,528392448,CC
353,Pen,Lippi,plippi9s@hibu.com,Female,$835938.55,435308987,CC
354,Alis,Kellick,akellick9t@youtu.be,Female,$589805.33,14073172,CC
355,Terri,Inglesant,tinglesant9u@ftc.gov,Male,$298330.75,456342559,IT
356,Erda,Dannehl,edannehl9v@sbwire.com,Female,$982811.64,326169972,CC
357,Tripp,McGowran,tmcgowran9w@shinystat.com,Male,$129975.68,617453261,CC
358,Cindy,Lawlee,clawlee9x@discuz.net,Female,$657391.97,807873331,CC
359,Renee,Damiral,rdamiral9y@symantec.com,Female,$942508.90,495837883,CC
360,Jocelin,Huebner,jhuebner9z@xing.com,Female,$360665.99,198916225,CC
361,Lorene,Anthoine,lanthoinea0@census.gov,Female,$321036.37,706552032,IT
362,Sayres,Reinmar,sreinmara1@tuttocitta.it,Male,$460770.53,250760100,CC
363,Nara,Joselin,njoselina2@dailymotion.com,Female,$481109.13,931737403,PP
364,Kiley,Gerard,kgerarda3@stanford.edu,Female,$875409.92,456229740,IT
365,Titus,Etheridge,tetheridgea4@merriam-webster.com,Male,$966851.33,774006647,IT
366,Ealasaid,Catenot,ecatenota5@nationalgeographic.com,Female,$516336.65,301378394,IT
367,Jeana,Rotherham,jrotherhama6@deliciousdays.com,Female,$630018.44,655414987,IT
368,Zeke,Kennan,zkennana7@freewebs.com,Male,$345771.48,356658284,PP
369,Hayward,Andreopolos,handreopolosa8@theatlantic.com,Male,$507113.08,134860008,CC
370,Kristoffer,Waddams,kwaddamsa9@comsenz.com,Male,$811492.99,827774531,PP
371,Derwin,Attaway,dattawayaa@usatoday.com,Male,$770909.14,812724759,IT
372,Trisha,Lathleiff,tlathleiffab@ow.ly,Female,$703328.31,427647928,IT
373,Sarita,Ellery,selleryac@hhs.gov,Female,$968568.37,922790722,PP
374,Hamish,Rollings,hrollingsad@newsvine.com,Male,$871914.59,921771631,PP
375,Dallon,Calderwood,dcalderwoodae@toplist.cz,Male,$685838.09,729364140,IT
376,Adriena,Sieve,asieveaf@dropbox.com,Female,$744370.62,1022669307,IT
377,Ellynn,Turpey,eturpeyag@cnn.com,Female,$751060.31,151587889,IT
378,Tabbatha,Dackombe,tdackombeah@tinyurl.com,Female,$239891.76,114881229,PP
379,Pauly,Pley,ppleyai@tinypic.com,Male,$651729.23,44503985,PP
380,Arron,Lambird,alambirdaj@51.la,Male,$502540.93,488005487,IT
381,Lilah,Guiducci,lguiducciak@imdb.com,Female,$176011.05,333368487,CC
382,Denys,Rieme,driemeal@istockphoto.com,Female,$861425.65,571534625,CC
383,Jamil,Tarver,jtarveram@symantec.com,Male,$334587.39,552664890,CC
384,Corena,Pinckstone,cpinckstonean@opera.com,Female,$717613.29,891542858,PP
385,Mord,Dillimore,mdillimoreao@time.com,Male,$611110.15,945244806,PP
386,Boonie,Povah,bpovahap@netscape.com,Male,$437889.69,806715380,PP
387,Kanya,Limeburn,klimeburnaq@1und1.de,Female,$953602.99,773552254,CC
388,Zonnya,Berthod,zberthodar@amazon.co.uk,Female,$385013.37,369576052,PP
389,Danie,Shyres,dshyresas@columbia.edu,Male,$844423.33,449530936,PP
390,Ivor,Mallender,imallenderat@army.mil,Male,$168166.78,153448821,PP
391,Carlyle,Broose,cbrooseau@t.co,Male,$509603.51,103693026,IT
392,Adela,Carneck,acarneckav@prweb.com,Female,$506015.43,563010279,PP
393,Marna,Gilding,mgildingaw@360.cn,Female,$471086.17,404778956,CC
394,Ethelbert,MacAindreis,emacaindreisax@imgur.com,Male,$475694.05,249763237,PP
395,Marlin,Deuss,mdeussay@apple.com,Male,$888225.12,317253068,PP
396,Natal,Kose,nkoseaz@wsj.com,Male,$704450.23,857270991,CC
397,Hewe,Scrivener,hscrivenerb0@reddit.com,Male,$927164.60,1001440152,IT
398,Corabella,Casebourne,ccasebourneb1@ft.com,Female,$166224.26,137241199,IT
399,Karia,Leadbetter,kleadbetterb2@posterous.com,Female,$947191.78,1031225025,CC
400,Frederik,Vernay,fvernayb3@parallels.com,Male,$917342.47,283546905,PP
401,Deni,Shirrell,dshirrellb4@gravatar.com,Female,$335872.12,995068965,PP
402,Jannelle,Zavittieri,jzavittierib5@facebook.com,Female,$330325.18,963744664,PP
403,Timmi,Goodall,tgoodallb6@homestead.com,Female,$830983.44,230509758,CC
404,Sinclair,Duxbury,sduxburyb7@geocities.com,Male,$195877.42,527093140,IT
405,Alix,Blaker,ablakerb8@ucsd.edu,Female,$753526.34,422156640,PP
406,Ree,Hugill,rhugillb9@weather.com,Female,$699197.00,543156512,CC
407,Gardy,Bruhnsen,gbruhnsenba@fc2.com,Male,$510009.78,918727187,CC
408,Edward,Fox,efoxbb@tiny.cc,Male,$594892.39,800727194,PP
409,Tierney,Espino,tespinobc@businesswire.com,Female,$105792.82,642692542,IT
410,Clareta,Collen,ccollenbd@nydailynews.com,Female,$851071.35,295875626,IT
411,Danila,Lempke,dlempkebe@abc.net.au,Female,$812478.99,691418055,PP
412,Glenine,Rissen,grissenbf@mysql.com,Female,$916003.65,625506290,IT
413,Sydelle,Kem,skembg@tripadvisor.com,Female,$223409.90,1006120843,IT
414,Jacklyn,Muslim,jmuslimbh@live.com,Female,$383678.93,69686610,PP
415,Lucho,Corden,lcordenbi@google.fr,Male,$540063.16,758448023,CC
416,Jermain,Siggens,jsiggensbj@bing.com,Male,$258523.83,863997639,IT
417,Georgy,Mowlam,gmowlambk@uiuc.edu,Male,$455810.83,622812753,CC
418,Sashenka,Hanaby,shanabybl@weather.com,Female,$254839.36,633486813,IT
419,Torre,Kintzel,tkintzelbm@com.com,Male,$208009.92,891414902,IT
420,Kristian,Prosser,kprosserbn@pinterest.com,Male,$588467.73,594234207,CC
421,Niccolo,Hodgins,nhodginsbo@php.net,Male,$727072.43,105192834,CC
422,Sonny,McHardy,smchardybp@fastcompany.com,Female,$735962.29,179686070,PP
423,Sibilla,Morigan,smoriganbq@apple.com,Female,$379539.22,503045381,PP
424,Syd,Carnegie,scarnegiebr@booking.com,Male,$808330.43,456435491,CC
425,Ardisj,Verrill,averrillbs@xrea.com,Female,$164440.08,804772313,CC
426,Nicola,Stirgess,nstirgessbt@pbs.org,Male,$841164.53,997752736,IT
427,Noak,Balcon,nbalconbu@elegantthemes.com,Male,$186452.82,338167565,CC
428,Renelle,Ubsdall,rubsdallbv@qq.com,Female,$474977.44,95073970,IT
429,Marena,Sonier,msonierbw@deliciousdays.com,Female,$686669.80,919336117,PP
430,Caitlin,Greenwood,cgreenwoodbx@fastcompany.com,Female,$731235.24,212268583,CC
431,Dominique,Fills,dfillsby@google.co.jp,Female,$322599.76,67412819,CC
432,Kimbra,Hollindale,khollindalebz@plala.or.jp,Female,$739635.78,908082624,PP
433,Merrili,Macci,mmaccic0@miitbeian.gov.cn,Female,$608906.74,968684363,CC
434,Dougie,Kreber,dkreberc1@springer.com,Male,$554809.58,20603443,IT
435,Mathias,Courtenay,mcourtenayc2@google.ru,Male,$239044.92,502332989,IT
436,Teodoor,Gidman,tgidmanc3@chicagotribune.com,Male,$983879.77,288046250,CC
437,Elspeth,Crannell,ecrannellc4@nhs.uk,Female,$426270.44,646323949,PP
438,Anthiathia,Malafe,amalafec5@plala.or.jp,Female,$703990.27,117131727,CC
439,Rickert,Fernandez,rfernandezc6@cloudflare.com,Male,$580041.96,558035361,CC
440,Hobie,Mudge,hmudgec7@wikia.com,Male,$192354.64,581536716,IT
441,Dick,Fenwick,dfenwickc8@mlb.com,Male,$983657.19,10060273,IT
442,Brittney,Minto,bmintoc9@qq.com,Female,$257560.39,121575212,PP
443,Raeann,Humphries,rhumphriesca@weibo.com,Female,$299955.08,617928549,PP
444,Leslie,Adams,ladamscb@washingtonpost.com,Male,$628820.44,675244262,CC
445,Genni,McComiskey,gmccomiskeycc@histats.com,Female,$341558.06,937349921,PP
446,Sigvard,Marden,smardencd@indiegogo.com,Male,$587195.61,290250230,CC
447,Frederico,Losty,flostyce@house.gov,Male,$811171.00,777822171,PP
448,Hilarius,Madoc-Jones,hmadocjonescf@msn.com,Male,$778058.48,628641696,IT
449,Donovan,O'Heaney,doheaneycg@dyndns.org,Male,$158843.09,887664230,PP
450,Otha,Flancinbaum,oflancinbaumch@gnu.org,Female,$195753.36,489625825,IT
451,Asher,Umpleby,aumplebyci@sphinn.com,Male,$502647.29,754747600,PP
452,Domingo,Singleton,dsingletoncj@bluehost.com,Male,$384177.32,93842833,PP
453,Maury,Marples,mmarplesck@unc.edu,Male,$370823.90,47864047,PP
454,Maurizio,Eastham,measthamcl@topsy.com,Male,$308977.37,717932361,CC
455,Al,Saenz,asaenzcm@ning.com,Male,$199816.47,936946673,PP
456,Lammond,Kment,lkmentcn@wikimedia.org,Male,$966533.90,954825058,IT
457,Westbrooke,Vigneron,wvigneronco@flavors.me,Male,$695348.65,7161463,CC
458,Malanie,Criple,mcriplecp@discovery.com,Female,$309034.24,677909363,IT
459,Witty,Allbut,wallbutcq@soundcloud.com,Male,$266105.46,627800689,IT
460,Cazzie,Housiaux,chousiauxcr@indiatimes.com,Male,$160440.14,454792154,CC
461,Jolene,Schruyer,jschruyercs@baidu.com,Female,$828703.64,958565151,IT
462,Benson,Upsale,bupsalect@cnn.com,Male,$417284.52,606523558,IT
463,Toni,Elcoux,telcouxcu@guardian.co.uk,Female,$807156.85,266046921,PP
464,Curry,Popescu,cpopescucv@patch.com,Male,$691610.83,792196603,IT
465,Corinne,Piccop,cpiccopcw@e-recht24.de,Female,$803607.96,930352986,IT
466,Kath,Devin,kdevincx@state.gov,Female,$269527.61,403766341,IT
467,Foster,Yegorshin,fyegorshincy@joomla.org,Male,$196536.84,96442914,CC
468,Lee,Shird,lshirdcz@cnbc.com,Female,$180872.93,285161651,PP
469,Artemus,Dummer,adummerd0@weather.com,Male,$124784.94,734281636,CC
470,Meridith,Stampfer,mstampferd1@ask.com,Female,$952464.95,815450216,PP
471,Melissa,Thiem,mthiemd2@slideshare.net,Female,$150721.15,1009325848,CC
472,Ingunna,Slyne,islyned3@telegraph.co.uk,Female,$868367.24,429480736,CC
473,Heddie,Lathleiffure,hlathleiffured4@ocn.ne.jp,Female,$582327.06,101534570,PP
474,Bessy,Gornall,bgornalld5@friendfeed.com,Female,$453206.36,144606878,PP
475,Tyne,Devonside,tdevonsided6@wix.com,Female,$412592.14,704054793,IT
476,Natalya,Baskwell,nbaskwelld7@guardian.co.uk,Female,$356814.77,141140827,CC
477,Isis,Lumsden,ilumsdend8@nyu.edu,Female,$890112.49,464677720,IT
478,Dehlia,Kasparski,dkasparskid9@blinklist.com,Female,$145147.98,336316026,PP
479,Gigi,Reinmar,greinmarda@bravesites.com,Female,$330424.00,649502231,IT
480,Gerick,Jobling,gjoblingdb@acquirethisname.com,Male,$199841.62,818844250,PP
481,Hilde,Wolverson,hwolversondc@google.pl,Female,$253924.27,778955300,CC
482,Liliane,Cattini,lcattinidd@mapquest.com,Female,$577953.17,966321600,PP
483,Isadora,Glyn,iglynde@marriott.com,Female,$624470.15,58493004,PP
484,Roosevelt,Willatts,rwillattsdf@umich.edu,Male,$315456.26,412732596,IT
485,Eva,Choppin,echoppindg@goo.ne.jp,Female,$522961.14,125367209,PP
486,Marianne,Guy,mguydh@woothemes.com,Female,$720404.45,788713121,IT
487,Sibelle,Wadley,swadleydi@webmd.com,Female,$408332.30,6716942,IT
488,Zaria,Catchpole,zcatchpoledj@youtu.be,Female,$343465.01,462235936,IT
489,Jeffie,Fickling,jficklingdk@macromedia.com,Male,$197921.69,527549642,PP
490,Percival,Stook,pstookdl@tuttocitta.it,Male,$647478.38,484406225,IT
491,Dynah,Rumens,drumensdm@discovery.com,Female,$934242.03,53182235,IT
492,Rudy,Roles,rrolesdn@pbs.org,Male,$678023.97,964901727,PP
493,Margarete,Swepstone,mswepstonedo@umich.edu,Female,$569691.32,619407943,CC
494,Christan,Sheardown,csheardowndp@cornell.edu,Female,$992017.42,362534016,IT
495,Peta,Seczyk,pseczykdq@phpbb.com,Female,$143473.62,418982470,IT
496,Nat,Bedingfield,nbedingfielddr@mozilla.org,Female,$597637.51,12764172,CC
497,Carlie,Drennan,cdrennands@drupal.org,Male,$358771.57,610757823,PP
498,Torre,Sineath,tsineathdt@youtu.be,Male,$306541.22,165898211,IT
499,Olwen,Slamaker,oslamakerdu@samsung.com,Female,$495992.23,829731948,PP
500,Lorrie,Aukland,lauklanddv@yelp.com,Female,$860924.23,927710990,PP
501,Shermy,Burnhard,sburnharddw@fda.gov,Male,$463740.38,267705264,CC
502,Joel,Thickett,jthickettdx@hhs.gov,Male,$247671.00,1030314493,IT
503,Julina,Grigorkin,jgrigorkindy@flickr.com,Female,$174968.45,1003487270,CC
504,Guthry,Guyonneau,gguyonneaudz@si.edu,Male,$300766.72,345774901,PP
505,Dominic,Barnsdale,dbarnsdalee0@nifty.com,Male,$837793.48,320496930,CC
506,Dale,Nevinson,dnevinsone1@tamu.edu,Male,$374552.58,244293675,PP
507,Aleta,McQuirter,amcquirtere2@dagondesign.com,Female,$115726.82,374376091,PP
508,Darnell,Conti,dcontie3@123-reg.co.uk,Male,$342192.73,363659065,IT
509,Dion,Menaul,dmenaule4@kickstarter.com,Female,$650790.46,381081179,IT
510,Arty,Skeggs,askeggse5@youku.com,Male,$148488.19,981836537,CC
511,Koren,Burchill,kburchille6@ucoz.ru,Female,$897214.32,138825565,CC
512,Lenore,Pennicard,lpennicarde7@furl.net,Female,$626033.66,645831280,CC
513,Evania,Cordova,ecordovae8@wordpress.org,Female,$106875.28,432820524,IT
514,Gregorio,Grout,ggroute9@sciencedaily.com,Male,$849664.52,218832483,PP
515,Kincaid,Clemmow,kclemmowea@devhub.com,Male,$402831.11,137184818,PP
516,Hermy,Pepin,hpepineb@163.com,Male,$376456.99,31102211,CC
517,Zilvia,Ivanisov,zivanisovec@guardian.co.uk,Female,$687905.69,895993335,IT
518,Tamqrah,Spofford,tspofforded@oakley.com,Female,$203919.42,492935353,PP
519,Ede,Tedahl,etedahlee@edublogs.org,Female,$706219.01,422735892,IT
520,Yankee,Herrema,yherremaef@comcast.net,Male,$441348.34,741934976,CC
521,Desiri,Briant,dbrianteg@instagram.com,Female,$808836.23,703352040,IT
522,Hans,Aplin,haplineh@themeforest.net,Male,$292589.32,677660253,PP
523,Lacie,Uridge,luridgeei@ocn.ne.jp,Female,$543980.15,603080703,CC
524,Torrance,Enticott,tenticottej@mapy.cz,Male,$510736.78,367998711,PP
525,Horten,deKnevet,hdeknevetek@ucla.edu,Male,$396629.63,212085142,PP
526,Daisy,Prevost,dprevostel@mtv.com,Female,$465678.11,288280726,IT
527,Barney,Gillicuddy,bgillicuddyem@ebay.com,Male,$402953.90,604171927,IT
528,Maye,Lofts,mloftsen@newsvine.com,Female,$265855.27,717226260,IT
529,Crin,Kierans,ckieranseo@cloudflare.com,Female,$799149.23,869422396,CC
530,Quintilla,Luff,qluffep@alexa.com,Female,$535199.03,12296932,CC
531,Andris,Lamputt,alamputteq@bloglovin.com,Male,$664407.88,970909856,IT
532,Estrella,Kropach,ekropacher@nymag.com,Female,$964192.97,951129166,IT
533,Cliff,Dellow,cdellowes@accuweather.com,Male,$888916.18,1008118746,CC
534,Keri,Belchem,kbelchemet@amazon.co.jp,Female,$810549.23,786001645,CC
535,Briant,Cello,bcelloeu@ibm.com,Male,$567441.75,925772582,CC
536,Warden,Van den Hof,wvandenhofev@ebay.co.uk,Male,$309776.30,112142386,CC
537,Cirstoforo,Dufour,cdufourew@google.ru,Male,$435302.36,848676568,IT
538,Nannie,Beamand,nbeamandex@friendfeed.com,Female,$538269.31,398593243,PP
539,Henrietta,Jeppensen,hjeppenseney@mashable.com,Female,$529002.77,78005152,PP
540,Henrik,Alessandone,halessandoneez@sphinn.com,Male,$362450.51,55636428,PP
541,Weylin,Halsall,whalsallf0@hc360.com,Male,$360880.69,650524968,PP
542,Dannie,McGunley,dmcgunleyf1@sfgate.com,Male,$947056.09,495560578,PP
543,Mike,Courtin,mcourtinf2@rakuten.co.jp,Male,$639379.27,524133081,IT
544,Madeline,Bartosiak,mbartosiakf3@china.com.cn,Female,$140418.96,539927387,IT
545,Mavra,Ferrucci,mferruccif4@shutterfly.com,Female,$560669.43,176512778,CC
546,Stacee,Syson,ssysonf5@tumblr.com,Female,$827513.30,946175547,PP
547,Gui,Inworth,ginworthf6@aboutads.info,Female,$172901.96,541261367,PP
548,Frayda,McKirton,fmckirtonf7@techcrunch.com,Female,$754476.55,706138446,IT
549,Katie,Coathup,kcoathupf8@guardian.co.uk,Female,$154051.69,538750180,IT
550,Emmye,Weavers,eweaversf9@goo.gl,Female,$917969.44,13729896,CC
551,Bryce,Ferroni,bferronifa@salon.com,Male,$918357.33,403651044,CC
552,Francene,Eads,feadsfb@engadget.com,Female,$701926.46,965721115,PP
553,Ronna,McAleese,rmcaleesefc@networkadvertising.org,Female,$407302.78,359659337,CC
554,Davidson,Bourcq,dbourcqfd@squidoo.com,Male,$325730.30,718099960,IT
555,Teador,Soigne,tsoignefe@paypal.com,Male,$679850.06,173193029,CC
556,Kathie,Foulsham,kfoulshamff@ask.com,Female,$909796.40,659727627,CC
557,Stefanie,O'Nolan,sonolanfg@howstuffworks.com,Female,$553427.81,259017180,PP
558,Roxie,Eckley,reckleyfh@rambler.ru,Female,$188683.12,304422257,CC
559,Crissy,Woolfoot,cwoolfootfi@about.me,Female,$621598.97,674706597,CC
560,Beaufort,Willgress,bwillgressfj@cnbc.com,Male,$442900.55,492355675,PP
561,Annelise,Bohler,abohlerfk@pagesperso-orange.fr,Female,$809967.04,573573141,CC
562,Chrotoem,Allabush,callabushfl@nasa.gov,Male,$743921.26,897457600,CC
563,Carmencita,Hanaford,chanafordfm@sina.com.cn,Female,$723888.43,94233848,CC
564,Gene,Gawen,ggawenfn@google.pl,Male,$650265.21,788323782,CC
565,Karlie,Blundell,kblundellfo@guardian.co.uk,Female,$315532.43,659103232,PP
566,Meredith,Melbury,mmelburyfp@chronoengine.com,Male,$823206.24,268390761,PP
567,Leicester,Edler,ledlerfq@cam.ac.uk,Male,$861960.30,16413975,CC
568,Mina,Corstan,mcorstanfr@arstechnica.com,Female,$490833.05,874479836,PP
569,Ikey,Enston,ienstonfs@salon.com,Male,$976094.24,798352405,CC
570,Heda,Szymanzyk,hszymanzykft@youtu.be,Female,$805567.48,585285521,IT
571,Creight,Inman,cinmanfu@toplist.cz,Male,$842765.41,613596199,IT
572,Andrea,Winning,awinningfv@cpanel.net,Male,$816210.45,19377986,CC
573,Tobye,Sowthcote,tsowthcotefw@smugmug.com,Female,$450611.67,896736965,PP
574,Aguie,Stilgo,astilgofx@bandcamp.com,Male,$587398.08,373210999,IT
575,Edin,Viney,evineyfy@illinois.edu,Female,$344732.21,693985829,IT
576,Anastasie,Angier,aangierfz@ifeng.com,Female,$706621.80,177362712,PP
577,Bancroft,Philipsen,bphilipseng0@miibeian.gov.cn,Male,$340550.99,295366916,IT
578,Kellsie,Lindegard,klindegardg1@unesco.org,Female,$813101.72,1047227934,IT
579,Johny,Goldine,jgoldineg2@sfgate.com,Male,$101879.64,678503517,IT
580,Cindee,Simons,csimonsg3@mozilla.org,Female,$737697.43,691178998,CC
581,Minda,Fere,mfereg4@mapquest.com,Female,$161418.79,709626053,IT
582,Liv,Kliemann,lkliemanng5@timesonline.co.uk,Female,$364008.64,527023054,IT
583,Erich,McKerrow,emckerrowg6@jugem.jp,Male,$672262.69,690618196,PP
584,Jodee,Minghi,jminghig7@tmall.com,Female,$299892.46,724675186,CC
585,Stefa,Ayscough,sayscoughg8@macromedia.com,Female,$534437.65,149925183,PP
586,Roderich,Avery,raveryg9@jugem.jp,Male,$373060.79,369405146,IT
587,Jacky,Miall,jmiallga@live.com,Male,$128840.25,342052740,CC
588,Grange,Tabbernor,gtabbernorgb@shop-pro.jp,Male,$491955.63,583548848,IT
589,Collete,Danser,cdansergc@reuters.com,Female,$338990.07,131421270,IT
590,Odetta,Canner,ocannergd@tiny.cc,Female,$133234.60,861666325,CC
591,Chrissy,Dosdill,cdosdillge@deviantart.com,Female,$226114.95,864781633,IT
592,Anestassia,Joselevitz,ajoselevitzgf@businesswire.com,Female,$748786.80,602725581,CC
593,Armstrong,Busst,abusstgg@umn.edu,Male,$795267.90,244570890,CC
594,Johnna,Vasey,jvaseygh@army.mil,Female,$688592.42,518748649,PP
595,Ardith,Smurfitt,asmurfittgi@nsw.gov.au,Female,$922099.99,547387812,IT
596,Pearline,Van den Hof,pvandenhofgj@mtv.com,Female,$769923.30,39502845,PP
597,Tory,Baress,tbaressgk@lulu.com,Female,$897122.44,1040710174,CC
598,Cissiee,Presshaugh,cpresshaughgl@youku.com,Female,$131880.54,162293285,CC
599,Rudd,Offa,roffagm@netvibes.com,Male,$622738.64,742554036,CC
600,Loralee,Bagnold,lbagnoldgn@vinaora.com,Female,$624447.84,388704039,CC
601,Ailis,Rable,arablego@businessweek.com,Female,$221151.07,643181911,CC
602,Siana,Gold,sgoldgp@prnewswire.com,Female,$347080.30,542690284,PP
603,Broderic,Schroder,bschrodergq@oracle.com,Male,$341003.34,272691161,IT
604,Darrel,Rodell,drodellgr@cisco.com,Male,$662194.51,1047408636,PP
605,Brand,Reffe,breffegs@bizjournals.com,Male,$231789.02,28346959,CC
606,Conny,Taffley,ctaffleygt@latimes.com,Female,$535455.06,261877119,IT
607,Darci,Kilgrew,dkilgrewgu@admin.ch,Female,$597952.36,1039412915,CC
608,Garnet,Alston,galstongv@ebay.co.uk,Female,$385142.76,1016844803,IT
609,Mallissa,Taylour,mtaylourgw@booking.com,Female,$337733.12,154309081,PP
610,Florina,Popplewell,fpopplewellgx@arizona.edu,Female,$881053.30,317646475,IT
611,Toddy,Roots,trootsgy@feedburner.com,Male,$697123.05,59384616,PP
612,Payton,Gillaspy,pgillaspygz@meetup.com,Male,$619395.74,759228244,IT
613,Annabella,Woodrough,awoodroughh0@theatlantic.com,Female,$306379.79,425372781,PP
614,Dyna,Badrick,dbadrickh1@cocolog-nifty.com,Female,$976547.79,348827607,IT
615,Judah,Iscowitz,jiscowitzh2@blog.com,Male,$619027.09,1037602964,CC
616,Giovanni,Lesper,glesperh3@admin.ch,Male,$452425.16,1025943297,IT
617,Franciskus,Farbrother,ffarbrotherh4@time.com,Male,$144581.44,684883239,IT
618,Torry,Duffrie,tduffrieh5@businessinsider.com,Male,$759389.55,321703525,CC
619,Haley,Petriello,hpetrielloh6@gizmodo.com,Male,$935274.41,525986082,CC
620,Kristian,Currey,kcurreyh7@vinaora.com,Male,$489388.84,507622748,PP
621,Georgianne,Halpen,ghalpenh8@unesco.org,Female,$113693.10,787455198,PP
622,Winny,Garaghan,wgaraghanh9@nifty.com,Male,$719608.50,924561151,PP
623,Gene,Shrubshall,gshrubshallha@techcrunch.com,Male,$160510.19,553422103,PP
624,Toby,Cresser,tcresserhb@miitbeian.gov.cn,Male,$482493.77,421085086,PP
625,Adelaida,Foffano,afoffanohc@woothemes.com,Female,$382989.45,236067022,CC
626,Viva,McGlew,vmcglewhd@wiley.com,Female,$481267.05,580937561,CC
627,Marjory,Yelyashev,myelyashevhe@51.la,Female,$630173.00,77372167,IT
628,Cesare,Robertson,crobertsonhf@stumbleupon.com,Male,$653617.07,128965362,CC
629,Vanna,Beedon,vbeedonhg@newyorker.com,Female,$280645.50,529492599,CC
630,Laurella,Beddoe,lbeddoehh@netscape.com,Female,$518556.49,892653480,PP
631,Alla,Ritelli,aritellihi@usatoday.com,Female,$501719.52,717580303,IT
632,Magdaia,Pidler,mpidlerhj@cpanel.net,Female,$425219.54,760623298,IT
633,Breanne,Grealish,bgrealishhk@oracle.com,Female,$727927.98,386786883,PP
634,Ambrosi,Houtby,ahoutbyhl@slashdot.org,Male,$625254.63,1045942150,CC
635,Marjy,Mabbitt,mmabbitthm@nsw.gov.au,Female,$738323.82,172814186,CC
636,Joye,Beamish,jbeamishhn@infoseek.co.jp,Female,$903436.54,90596941,CC
637,Gaye,Haigh,ghaighho@tiny.cc,Female,$394940.37,50879504,PP
638,Salvidor,Skilling,sskillinghp@fda.gov,Male,$132190.94,588189028,PP
639,Levey,Ramshay,lramshayhq@wiley.com,Male,$467570.55,188534074,CC
640,Nichols,Francescozzi,nfrancescozzihr@examiner.com,Male,$284857.46,1013575598,PP
641,Monti,Gourlie,mgourliehs@ustream.tv,Male,$189511.80,609529422,PP
642,Hephzibah,Caddens,hcaddensht@discovery.com,Female,$858200.10,674212954,CC
643,Carolus,Langhor,clanghorhu@army.mil,Male,$469330.13,334271942,CC
644,Anitra,Broschke,abroschkehv@disqus.com,Female,$586721.92,611687415,CC
645,Vaughan,Geraldi,vgeraldihw@wunderground.com,Male,$650041.27,505327572,IT
646,Eydie,Goodwell,egoodwellhx@1688.com,Female,$876391.56,630839478,PP
647,Jodee,Dunbobbin,jdunbobbinhy@biglobe.ne.jp,Female,$936717.11,6265318,PP
648,Demetris,Illingworth,dillingworthhz@state.gov,Female,$510825.41,494502351,PP
649,Sergent,Castagnasso,scastagnassoi0@drupal.org,Male,$821361.10,530656829,PP
650,Ethelbert,Power,epoweri1@elpais.com,Male,$628040.28,645678727,CC
651,Gordy,Jailler,gjailleri2@studiopress.com,Male,$389247.85,807729339,PP
652,Gabriellia,Runnacles,grunnaclesi3@123-reg.co.uk,Female,$188649.91,813000555,CC
653,Kinnie,Praundl,kpraundli4@google.ca,Male,$370411.53,504217154,IT
654,Virge,Pryn,vpryni5@fotki.com,Male,$117827.15,762840482,CC
655,Pauletta,Fiddiman,pfiddimani6@arstechnica.com,Female,$883799.24,697008049,IT
656,Hershel,Adame,hadamei7@msn.com,Male,$126112.43,700081780,CC
657,Thibaud,Brimfield,tbrimfieldi8@mashable.com,Male,$629625.92,230098776,PP
658,Lelah,Jorck,ljorcki9@telegraph.co.uk,Female,$921755.92,760221547,IT
659,Travus,Faires,tfairesia@ftc.gov,Male,$859069.39,152026760,IT
660,Binny,Schruurs,bschruursib@google.com.au,Female,$205071.18,738294667,CC
661,Cybill,Stoite,cstoiteic@gov.uk,Female,$521910.50,325915980,CC
662,Rayna,Hurburt,rhurburtid@salon.com,Female,$333371.07,718442169,CC
663,Antoine,Rowe,aroweie@chronoengine.com,Male,$220801.55,981720982,IT
664,Goldina,Petrozzi,gpetrozziif@ed.gov,Female,$797965.38,933841954,PP
665,Tailor,Gainsford,tgainsfordig@psu.edu,Male,$876338.29,190720156,CC
666,Avram,Chaize,achaizeih@usa.gov,Male,$171008.33,545882986,CC
667,Aundrea,Spurdens,aspurdensii@geocities.com,Female,$622760.32,201072872,IT
668,Mathew,Liddon,mliddonij@jugem.jp,Male,$152407.63,815818142,PP
669,Vernice,Riccio,vriccioik@ucoz.com,Female,$141543.89,993568515,CC
670,Tamarra,Sarfatti,tsarfattiil@lulu.com,Female,$806133.42,650586478,PP
671,Grace,Tasker,gtaskerim@hexun.com,Male,$114102.60,680205773,CC
672,Ethelbert,Postle,epostlein@php.net,Male,$560213.55,138048215,PP
673,Ardeen,La Vigne,alavigneio@oracle.com,Female,$226250.16,740433459,CC
674,Judd,Scocroft,jscocroftip@wikia.com,Male,$336281.02,360350390,PP
675,Emile,Serjent,eserjentiq@howstuffworks.com,Male,$656808.55,471981212,IT
676,Fulvia,Honniebal,fhonniebalir@rambler.ru,Female,$406308.37,466059253,PP
677,Shantee,Oda,sodais@bravesites.com,Female,$368014.12,271560067,PP
678,Lily,Entwistle,lentwistleit@umich.edu,Female,$815565.41,562143644,PP
679,Wanda,Brackenridge,wbrackenridgeiu@cbslocal.com,Female,$651922.41,971076862,CC
680,Dalston,Bulbrook,dbulbrookiv@godaddy.com,Male,$466030.27,345700523,IT
681,Dillon,Filkin,dfilkiniw@hexun.com,Male,$826349.96,32080387,IT
682,Genevieve,Frail,gfrailix@prlog.org,Female,$205356.70,892434072,CC
683,Guenna,Ford,gfordiy@apple.com,Female,$171967.06,36989898,PP
684,Paolo,Haughian,phaughianiz@skype.com,Male,$954669.38,373151125,IT
685,Terri,Frisel,tfriselj0@ca.gov,Male,$173932.94,473170883,PP
686,Fawn,Bedbury,fbedburyj1@sphinn.com,Female,$492309.94,250650576,IT
687,Melony,Dumbell,mdumbellj2@ustream.tv,Female,$900875.74,876851677,CC
688,Heather,McLugaish,hmclugaishj3@businessweek.com,Female,$569423.65,307869999,CC
689,Winnifred,Widdocks,wwiddocksj4@oakley.com,Female,$930990.03,914283350,CC
690,Nolana,Wellington,nwellingtonj5@gov.uk,Female,$192492.44,495645802,IT
691,Ranice,Carverhill,rcarverhillj6@xinhuanet.com,Female,$731184.60,834139967,CC
692,Katee,Vasilechko,kvasilechkoj7@soup.io,Female,$236068.34,641803627,CC
693,Elysee,Pickover,epickoverj8@google.co.jp,Female,$551370.96,395418303,CC
694,Richie,Hamby,rhambyj9@vkontakte.ru,Male,$862615.43,25606899,CC
695,Jammal,Sealey,jsealeyja@businessweek.com,Male,$500562.05,142969899,PP
696,Eba,Bierman,ebiermanjb@trellian.com,Female,$585191.22,316182182,PP
697,Filbert,Bridgeland,fbridgelandjc@fotki.com,Male,$890147.95,739218621,PP
698,Waylon,De Castri,wdecastrijd@slate.com,Male,$497069.42,64874455,PP
699,Tressa,Hargreves,thargrevesje@wufoo.com,Female,$790312.06,180681478,IT
700,Bebe,Buglar,bbuglarjf@dion.ne.jp,Female,$594013.94,202991739,IT
701,Regan,MacBrearty,rmacbreartyjg@mapquest.com,Male,$924972.47,601271678,CC
702,Johannes,Eymer,jeymerjh@quantcast.com,Male,$670278.28,488884153,PP
703,Heather,Kenewel,hkenewelji@gizmodo.com,Female,$113279.02,349267085,CC
704,Kory,Gerckens,kgerckensjj@soup.io,Male,$908652.43,709324173,CC
705,Harlin,Feighry,hfeighryjk@ucla.edu,Male,$727956.12,152749699,CC
706,Livvyy,Coghlin,lcoghlinjl@rediff.com,Female,$461207.97,155433950,PP
707,Ramonda,De la croix,rdelacroixjm@xrea.com,Female,$437105.59,730594232,CC
708,Duffie,Fayers,dfayersjn@wiley.com,Male,$579441.67,234942374,CC
709,Desmond,Gowenlock,dgowenlockjo@nhs.uk,Male,$988953.69,728394731,IT
710,Nikos,Cohn,ncohnjp@tripadvisor.com,Male,$637193.63,565855614,PP
711,Chane,Kinane,ckinanejq@accuweather.com,Male,$141189.00,920057671,PP
712,Cleavland,Squeers,csqueersjr@studiopress.com,Male,$984664.28,833045767,CC
713,Norina,Shiel,nshieljs@paypal.com,Female,$125453.41,571410144,IT
714,Joyan,Ramalhete,jramalhetejt@t-online.de,Female,$465995.44,199601705,IT
715,Johnathan,Cicculi,jcicculiju@ning.com,Male,$111253.32,757222587,PP
716,Dorri,Merida,dmeridajv@nymag.com,Female,$271961.70,731967945,PP
717,Miguela,Lydiatt,mlydiattjw@princeton.edu,Female,$574370.75,1002187625,CC
718,Vernice,Lampert,vlampertjx@gravatar.com,Female,$393313.02,256254779,PP
719,Blayne,Conway,bconwayjy@nasa.gov,Male,$152999.71,493637039,IT
720,Wendell,Rodda,wroddajz@uiuc.edu,Male,$559648.82,572109451,IT
721,Isidora,Whiley,iwhileyk0@google.de,Female,$828271.76,165920385,PP
722,Alethea,Jesteco,ajestecok1@mlb.com,Female,$570174.77,621351282,CC
723,Judi,Slaght,jslaghtk2@bing.com,Female,$617792.66,361937506,IT
724,Arlie,Freeborne,afreebornek3@trellian.com,Female,$353462.20,751818875,IT
725,Gayla,Gislebert,ggislebertk4@dagondesign.com,Female,$767450.55,918596313,IT
726,Maye,Briant,mbriantk5@cmu.edu,Female,$442477.24,42949972,PP
727,Tyne,Hort,thortk6@ftc.gov,Female,$881444.01,868987044,IT
728,Lorene,Jervoise,ljervoisek7@simplemachines.org,Female,$157590.91,652112434,CC
729,Claudio,Gadsdon,cgadsdonk8@hao123.com,Male,$891342.56,908727934,IT
730,Ethelyn,Ayliff,eayliffk9@imageshack.us,Female,$940207.38,572994537,PP
731,Hobard,Marzelo,hmarzeloka@chron.com,Male,$971901.48,840455134,PP
732,Kinna,Spurden,kspurdenkb@yale.edu,Female,$395108.31,853361687,CC
733,Joscelin,Benedek,jbenedekkc@theglobeandmail.com,Female,$505208.00,410118750,IT
734,Sansone,Brownsea,sbrownseakd@w3.org,Male,$416984.66,684831746,IT
735,Laurene,Grima,lgrimake@shinystat.com,Female,$284005.64,1028492609,IT
736,Peter,Lamball,plamballkf@ehow.com,Male,$252172.40,329169179,IT
737,Pren,Chattey,pchatteykg@furl.net,Male,$296247.82,455875859,CC
738,Cobb,Fitzsymons,cfitzsymonskh@twitpic.com,Male,$906806.80,75646900,PP
739,Lucienne,Gajewski,lgajewskiki@accuweather.com,Female,$406087.42,912354702,IT
740,Corrine,Shoppee,cshoppeekj@bloglovin.com,Female,$258678.50,513314023,IT
741,Patrizio,Whiting,pwhitingkk@php.net,Male,$736692.94,434376152,IT
742,Marvin,Cargill,mcargillkl@ucoz.com,Male,$467101.04,587869617,PP
743,Sondra,Bezarra,sbezarrakm@gmpg.org,Female,$254546.71,811577004,IT
744,Andie,Margetson,amargetsonkn@google.cn,Male,$753321.87,504704257,CC
745,Heloise,McFarlan,hmcfarlanko@wikia.com,Female,$157939.08,467731305,PP
746,Lorene,Klemz,lklemzkp@theglobeandmail.com,Female,$281707.65,190487010,CC
747,Kaycee,Tenaunt,ktenauntkq@cyberchimps.com,Female,$576203.14,402051335,PP
748,Ashton,Carder,acarderkr@walmart.com,Male,$338869.31,939609661,PP
749,Rita,Van der Veldt,rvanderveldtks@smugmug.com,Female,$195033.33,721917387,IT
750,Cullie,Magnus,cmagnuskt@tripadvisor.com,Male,$661508.90,6542490,IT
751,Lacy,Tinston,ltinstonku@bloglines.com,Female,$561435.93,269169891,CC
752,Renae,Gritland,rgritlandkv@omniture.com,Female,$995089.59,276448607,PP
753,Udell,Fratson,ufratsonkw@forbes.com,Male,$643371.14,434068100,IT
754,Bernardina,Heber,bheberkx@youtube.com,Female,$266468.96,85926083,CC
755,Nilson,Creyke,ncreykeky@delicious.com,Male,$404947.71,933625271,IT
756,Del,Southcott,dsouthcottkz@xing.com,Female,$647901.80,832405071,IT
757,Hetti,Cato,hcatol0@flickr.com,Female,$104031.45,67817697,PP
758,Rutledge,Ference,rferencel1@cyberchimps.com,Male,$383297.55,547612743,CC
759,Hart,Edgeler,hedgelerl2@icq.com,Male,$823583.27,744571426,PP
760,Netti,Zanitti,nzanittil3@gravatar.com,Female,$647648.35,22640171,IT
761,Christophorus,Niemetz,cniemetzl4@cisco.com,Male,$170264.70,543858404,IT
762,Ingmar,Blayd,iblaydl5@cisco.com,Male,$465210.14,70932366,IT
763,Joannes,Rennick,jrennickl6@php.net,Female,$380719.30,594470143,CC
764,Grover,Ollive,gollivel7@google.es,Male,$478044.92,501635696,IT
765,Karlan,Sprull,ksprulll8@google.es,Male,$703438.41,641934623,IT
766,Janene,Chidzoy,jchidzoyl9@barnesandnoble.com,Female,$483389.55,577936168,IT
767,Jami,Yancey,jyanceyla@blogger.com,Female,$345943.85,950660596,IT
768,Halsy,Kingsman,hkingsmanlb@cnet.com,Male,$797610.74,612061745,PP
769,Bevin,Cuolahan,bcuolahanlc@salon.com,Male,$219021.52,382516112,IT
770,Jamill,Rundall,jrundallld@parallels.com,Male,$536318.95,291100625,CC
771,Celene,Habbon,chabbonle@tumblr.com,Female,$824880.61,857291039,IT
772,Thomasina,Staniforth,tstaniforthlf@mtv.com,Female,$285861.64,720019150,IT
773,Trenna,Mosedall,tmosedalllg@latimes.com,Female,$759837.24,94774914,PP
774,Eolanda,Birtchnell,ebirtchnelllh@cbsnews.com,Female,$824504.05,83848097,PP
775,Niels,Carvill,ncarvillli@slideshare.net,Male,$864423.72,263739995,CC
776,Torr,Yair,tyairlj@yahoo.com,Male,$519831.12,741532975,IT
777,Atalanta,Tamsett,atamsettlk@uiuc.edu,Female,$369515.57,673868154,PP
778,Kippar,Fellgett,kfellgettll@dailymail.co.uk,Male,$517340.32,59732710,PP
779,Mic,Kelinge,mkelingelm@eepurl.com,Male,$487419.66,1008876116,PP
780,Daveta,Grigore,dgrigoreln@businesswire.com,Female,$867002.36,110757949,CC
781,Pauletta,Wonham,pwonhamlo@huffingtonpost.com,Female,$613227.06,580967215,PP
782,Wait,Bockler,wbocklerlp@pcworld.com,Male,$234059.57,214492231,CC
783,Averil,Van Merwe,avanmerwelq@digg.com,Male,$855140.64,1034376210,CC
784,Skye,Barnett,sbarnettlr@alibaba.com,Male,$230886.92,845456898,IT
785,Lonnie,Bentall,lbentallls@statcounter.com,Female,$291350.44,999818438,PP
786,Falito,Bicksteth,fbickstethlt@wp.com,Male,$174782.87,505103165,PP
787,Juliette,Sweeting,jsweetinglu@posterous.com,Female,$468946.40,759867285,PP
788,Charisse,Cradock,ccradocklv@diigo.com,Female,$498000.77,824568611,PP
789,Alvina,McAuliffe,amcauliffelw@economist.com,Female,$232499.24,861598516,IT
790,Callie,Crissil,ccrissillx@symantec.com,Female,$235119.12,234241773,IT
791,Arty,Alfonsini,aalfonsinily@microsoft.com,Male,$294196.92,1031331160,PP
792,Waylan,Geockle,wgeocklelz@mtv.com,Male,$419514.84,837346433,CC
793,Laurette,Rivaland,lrivalandm0@myspace.com,Female,$722093.36,625664768,IT
794,Garrott,Mikalski,gmikalskim1@livejournal.com,Male,$502433.49,112360919,IT
795,Andres,Bruniges,abrunigesm2@umn.edu,Male,$739231.55,490005171,IT
796,Billy,Conkie,bconkiem3@nsw.gov.au,Male,$302404.78,1038263652,IT
797,Sanson,Mc Grath,smcgrathm4@sphinn.com,Male,$723688.50,697075077,IT
798,Sharity,Carlon,scarlonm5@soup.io,Female,$102152.76,708942972,PP
799,Geri,Deackes,gdeackesm6@photobucket.com,Male,$856246.37,322101784,IT
800,Alwyn,Owen,aowenm7@imgur.com,Male,$139295.12,868006848,IT
801,Prinz,Mallam,pmallamm8@com.com,Male,$987499.90,579254883,IT
802,Fax,Philippon,fphilipponm9@over-blog.com,Male,$418779.06,877140970,CC
803,Tildy,Clulee,tcluleema@google.ca,Female,$194412.57,573490081,PP
804,Amberly,Delacote,adelacotemb@who.int,Female,$130009.44,500557503,IT
805,Ezra,Johnsee,ejohnseemc@tripod.com,Male,$687474.47,604963036,CC
806,Kim,Rastall,krastallmd@dmoz.org,Male,$393995.72,690814478,CC
807,Donetta,De la Barre,ddelabarreme@opera.com,Female,$545839.76,526533329,CC
808,Jerald,MacMeeking,jmacmeekingmf@moonfruit.com,Male,$827742.54,892521068,CC
809,Meryl,Drewitt,mdrewittmg@about.me,Female,$108408.93,347033188,PP
810,Jason,Plowright,jplowrightmh@cbc.ca,Male,$773261.98,290589556,IT
811,Indira,Twentyman,itwentymanmi@cnn.com,Female,$944488.35,397425206,CC
812,Harvey,MacVay,hmacvaymj@sogou.com,Male,$395936.11,701985550,CC
813,Kaitlyn,Queripel,kqueripelmk@omniture.com,Female,$559008.74,387062146,PP
814,Gilbertina,Counsell,gcounsellml@webs.com,Female,$467648.43,32351823,PP
815,Skipper,Elmer,selmermm@bbb.org,Male,$274345.02,47149688,IT
816,Twila,Whittington,twhittingtonmn@phoca.cz,Female,$880820.25,201685442,PP
817,Davida,Wicklen,dwicklenmo@webmd.com,Female,$322357.52,815657894,IT
818,Sibley,Iannitti,siannittimp@1und1.de,Female,$876111.03,975684717,PP
819,Frasco,Bale,fbalemq@toplist.cz,Male,$456047.97,1023771462,PP
820,Dre,Rudall,drudallmr@lycos.com,Female,$272824.89,246649560,CC
821,Lisle,Spraging,lspragingms@army.mil,Male,$735095.88,918334779,PP
822,Ulrich,Lawrence,ulawrencemt@cdbaby.com,Male,$418153.75,20521626,IT
823,Laryssa,Jacqueme,ljacquememu@lulu.com,Female,$338679.49,239162198,PP
824,Berke,Blondell,bblondellmv@phoca.cz,Male,$280086.25,175204905,CC
825,Roldan,Rockliffe,rrockliffemw@list-manage.com,Male,$523093.82,873207186,CC
826,Faythe,McFadden,fmcfaddenmx@amazonaws.com,Female,$659402.05,734941005,CC
827,Kariotta,Butlin,kbutlinmy@slideshare.net,Female,$378047.38,755051480,PP
828,Noak,Drewry,ndrewrymz@mac.com,Male,$932686.76,241998199,IT
829,Danie,Cauderlie,dcauderlien0@feedburner.com,Male,$516161.65,1002553341,PP
830,Emerson,Pau,epaun1@rakuten.co.jp,Male,$618840.78,75047784,PP
831,Berny,Shirrell,bshirrelln2@bloglines.com,Female,$511523.41,504613766,PP
832,Quint,Dumbleton,qdumbletonn3@domainmarket.com,Male,$986383.51,589634769,PP
833,My,Honacker,mhonackern4@columbia.edu,Male,$551481.74,887984525,IT
834,Nerty,O'Conor,noconorn5@wikia.com,Female,$839613.18,29276122,CC
835,Thornie,Hubback,thubbackn6@independent.co.uk,Male,$788224.67,32049172,CC
836,Kevina,Heak,kheakn7@howstuffworks.com,Female,$180501.48,261240269,PP
837,Thoma,Verick,tverickn8@g.co,Male,$349000.62,982137653,CC
838,Tailor,Stowe,tstowen9@shop-pro.jp,Male,$214959.48,75264436,IT
839,Austen,Lisciandri,alisciandrina@go.com,Male,$109108.70,593761574,IT
840,Isidro,Chable,ichablenb@cnbc.com,Male,$885600.08,1003255907,CC
841,Glenn,Geill,ggeillnc@marketwatch.com,Female,$913283.72,388360852,CC
842,Martguerita,Toulamain,mtoulamainnd@state.tx.us,Female,$838254.18,185054672,CC
843,Laurena,Brammer,lbrammerne@typepad.com,Female,$508371.24,394300807,PP
844,Rainer,Dressell,rdressellnf@cam.ac.uk,Male,$922660.97,615016343,IT
845,Aeriel,Castenda,acastendang@cam.ac.uk,Female,$827710.16,48907169,IT
846,Earle,Smidmoor,esmidmoornh@wikimedia.org,Male,$891209.12,559555409,PP
847,Cosimo,Pavia,cpaviani@microsoft.com,Male,$605212.05,877638334,IT
848,Bobine,Boulds,bbouldsnj@plala.or.jp,Female,$306601.62,61443587,IT
849,Deerdre,Kinsett,dkinsettnk@google.com.au,Female,$503858.10,34246667,IT
850,Rosabella,Quinton,rquintonnl@domainmarket.com,Female,$710665.40,593767506,PP
851,Lemuel,Marrows,lmarrowsnm@epa.gov,Male,$131096.56,810891452,CC
852,Lalo,Beenham,lbeenhamnn@samsung.com,Male,$258439.40,472957705,IT
853,Emyle,Chellenham,echellenhamno@spotify.com,Female,$386523.88,203529034,PP
854,Katharyn,Franklyn,kfranklynnp@indiatimes.com,Female,$261730.18,287408284,PP
855,Dallon,Jouanot,djouanotnq@businessweek.com,Male,$136600.85,691597081,PP
856,Sergent,Valero,svaleronr@wordpress.org,Male,$314025.17,376588339,IT
857,Fran,Orbon,forbonns@angelfire.com,Male,$697279.95,528939407,CC
858,Ulrick,Lindup,ulindupnt@merriam-webster.com,Male,$364475.14,748992116,PP
859,Drake,Sellars,dsellarsnu@wsj.com,Male,$533050.52,389428906,IT
860,Haslett,Galiero,hgalieronv@biglobe.ne.jp,Male,$239105.82,442628144,PP
861,Vita,Aynsley,vaynsleynw@furl.net,Female,$593761.57,373275002,PP
862,Jessie,Subhan,jsubhannx@apple.com,Male,$346189.77,511316382,PP
863,Lonnard,Eadmeads,leadmeadsny@biglobe.ne.jp,Male,$422016.80,342572833,IT
864,Constancy,Shaxby,cshaxbynz@disqus.com,Female,$874894.36,621502363,IT
865,Kimberlyn,Klyner,kklynero0@usa.gov,Female,$407179.72,781540326,PP
866,Earlie,Checchetelli,echecchetellio1@lycos.com,Male,$787539.73,583598146,IT
867,Cobb,MacFayden,cmacfaydeno2@ucla.edu,Male,$363633.41,676229319,CC
868,Obed,Belfitt,obelfitto3@indiegogo.com,Male,$365179.25,618291462,CC
869,Nicky,Landrean,nlandreano4@unesco.org,Male,$278507.80,335363116,PP
870,Felizio,Beddall,fbeddallo5@youtube.com,Male,$351894.29,321922899,IT
871,Spenser,Damarell,sdamarello6@hostgator.com,Male,$613354.24,198477487,IT
872,Zenia,Lemarie,zlemarieo7@salon.com,Female,$760129.95,95609517,CC
873,Morgan,McGillivrie,mmcgillivrieo8@taobao.com,Female,$411070.63,80486855,PP
874,Jeramey,Cleiment,jcleimento9@nifty.com,Male,$856073.56,880277447,CC
875,Blinny,Halsall,bhalsalloa@mapy.cz,Female,$718396.27,367006235,PP
876,Neill,Berrow,nberrowob@netscape.com,Male,$413708.06,884705075,IT
877,Theodora,Dusting,tdustingoc@pcworld.com,Female,$128340.63,408271477,CC
878,Roderigo,Blowick,rblowickod@seattletimes.com,Male,$545175.14,893241099,IT
879,Garnet,Maplesden,gmaplesdenoe@4shared.com,Female,$694470.82,673345026,IT
880,Penrod,Helks,phelksof@economist.com,Male,$440781.11,1046761000,CC
881,Kim,Liccardi,kliccardiog@unicef.org,Female,$149536.19,458035289,IT
882,Coleen,Strutt,cstruttoh@4shared.com,Female,$792634.23,175483412,PP
883,Rick,Stredwick,rstredwickoi@wikipedia.org,Male,$114408.13,909213450,CC
884,Dale,Teasey,dteaseyoj@uiuc.edu,Female,$791808.10,619858366,PP
885,Eamon,Flaonier,eflaonierok@spiegel.de,Male,$273848.97,112547689,CC
886,Chan,McMains,cmcmainsol@buzzfeed.com,Male,$917482.83,999771513,CC
887,Sheffie,Woolland,swoollandom@oracle.com,Male,$803655.29,317267886,CC
888,Wain,McIlhatton,wmcilhattonon@yolasite.com,Male,$552466.88,526745886,IT
889,Lotta,Cassella,lcassellaoo@soup.io,Female,$664561.06,448859911,IT
890,Morie,Talboy,mtalboyop@people.com.cn,Male,$616962.08,510465048,PP
891,Bart,Bleue,bbleueoq@trellian.com,Male,$699613.15,725405117,IT
892,Tracie,Bogges,tboggesor@shinystat.com,Female,$379645.54,368474380,CC
893,Robinette,Gianulli,rgianullios@engadget.com,Female,$261207.02,879383339,PP
894,Byram,Ventham,bventhamot@biblegateway.com,Male,$947778.45,551216454,IT
895,Burke,Whiles,bwhilesou@hhs.gov,Male,$915871.29,59284133,PP
896,Lorianne,Casterton,lcastertonov@hostgator.com,Female,$570947.02,560361638,PP
897,Antonella,Whiteway,awhitewayow@godaddy.com,Female,$144094.63,582361699,IT
898,Rickard,Perello,rperelloox@usda.gov,Male,$174580.39,600107267,CC
899,Peggy,Wilby,pwilbyoy@dion.ne.jp,Female,$354338.19,312884495,CC
900,Jackson,Heindrick,jheindrickoz@bravesites.com,Male,$701419.83,558410491,CC
901,Haydon,Peake,hpeakep0@jiathis.com,Male,$628600.90,607201519,CC
902,Flory,Sebring,fsebringp1@upenn.edu,Male,$106825.68,648125411,PP
903,Izak,McCosker,imccoskerp2@ebay.co.uk,Male,$154923.57,407851256,CC
904,Keven,Micheli,kmichelip3@cnet.com,Male,$122025.37,70224019,CC
905,Emmerich,Elwel,eelwelp4@bloomberg.com,Male,$186174.90,616344904,CC
906,Daron,Skinley,dskinleyp5@google.ru,Male,$608461.19,83494052,CC
907,Kissiah,Maharry,kmaharryp6@instagram.com,Female,$986357.22,209757587,IT
908,Freddi,Aitcheson,faitchesonp7@cocolog-nifty.com,Female,$120402.93,982735064,PP
909,Roderic,Farlamb,rfarlambp8@cbc.ca,Male,$599422.80,644478878,IT
910,Cecil,Jansa,cjansap9@shop-pro.jp,Male,$225068.17,133835132,PP
911,Yurik,Janas,yjanaspa@skype.com,Male,$139907.67,979854757,IT
912,Barnie,Antonignetti,bantonignettipb@washington.edu,Male,$857212.97,341719769,CC
913,Annnora,Harvie,aharviepc@edublogs.org,Female,$125438.93,226268120,CC
914,Ferguson,Kelsell,fkelsellpd@paginegialle.it,Male,$501162.12,710637352,IT
915,Jocelyn,Munro,jmunrope@themeforest.net,Female,$523811.04,565243991,IT
916,Wade,O'Sculley,wosculleypf@chicagotribune.com,Male,$176433.00,719102556,IT
917,Gerrie,Thorsby,gthorsbypg@usatoday.com,Female,$339564.48,193287099,PP
918,Yetty,Larrett,ylarrettph@typepad.com,Female,$959250.27,314260410,IT
919,Neda,Dowey,ndoweypi@w3.org,Female,$641945.48,687390926,CC
920,Kane,Pozer,kpozerpj@huffingtonpost.com,Male,$959260.66,876113656,PP
921,Griffy,Cordsen,gcordsenpk@opensource.org,Male,$964409.33,741859167,PP
922,Georgie,Abramow,gabramowpl@cbsnews.com,Female,$493843.51,470087213,PP
923,Karin,Osbourne,kosbournepm@ustream.tv,Female,$429676.28,991018354,CC
924,Roxanne,Jayes,rjayespn@zimbio.com,Female,$791889.46,425936647,IT
925,Broderick,Weddeburn - Scrimgeour,bweddeburnscrimgeourpo@rediff.com,Male,$182083.75,31163274,PP
926,Willow,Doelle,wdoellepp@omniture.com,Female,$926169.31,1003535506,IT
927,Kitty,Fleischer,kfleischerpq@howstuffworks.com,Female,$266384.89,728600127,PP
928,Kurt,Hessay,khessaypr@wikimedia.org,Male,$273345.09,394452758,CC
929,Yankee,Copperwaite,ycopperwaiteps@discuz.net,Male,$647477.73,607989976,CC
930,Ruprecht,Wyldbore,rwyldborept@patch.com,Male,$838169.88,343864301,IT
931,Pen,Haggata,phaggatapu@tmall.com,Female,$594728.38,470663060,IT
932,Crissy,Mabbe,cmabbepv@tumblr.com,Female,$281357.43,124838235,IT
933,Andrej,Feares,afearespw@1und1.de,Male,$959521.60,772677579,IT
934,Quincey,Ormesher,qormesherpx@furl.net,Male,$334014.16,1042631792,PP
935,Tirrell,O'Corrin,tocorrinpy@aboutads.info,Male,$636891.42,539652138,PP
936,Eduard,Garatty,egarattypz@seesaa.net,Male,$779255.92,209388395,IT
937,Walton,Pizey,wpizeyq0@cam.ac.uk,Male,$674482.61,913489370,PP
938,Hew,Cooke,hcookeq1@illinois.edu,Male,$600583.18,175078264,PP
939,Zarah,Wimpey,zwimpeyq2@scribd.com,Female,$762023.93,928016953,IT
940,Daven,Addy,daddyq3@wikispaces.com,Male,$990254.73,24582728,IT
941,Dasha,Argrave,dargraveq4@indiatimes.com,Female,$999823.52,181404566,CC
942,Delano,MacTrustie,dmactrustieq5@lycos.com,Male,$100031.90,1036288962,PP
943,Shelba,Pentony,spentonyq6@slashdot.org,Female,$664415.33,822709751,IT
944,Malanie,Genney,mgenneyq7@360.cn,Female,$625592.16,820753177,PP
945,Pammy,Tredgold,ptredgoldq8@ehow.com,Female,$690909.59,411363924,PP
946,Martin,Drakard,mdrakardq9@bing.com,Male,$108409.84,663818523,CC
947,Tommy,Giovannacc@i,tgiovannacciqa@washington.edu,Male,$735123.90,757682503,PP
948,Grethel,Figgins,gfigginsqb@indiatimes.com,Female,$941300.70,584850236,CC
949,Ursuline,Kidwell,ukidwellqc@answers.com,Female,$707391.57,903643496,PP
950,Gery,Bresner,gbresnerqd@ocn.ne.jp,Male,$894774.56,289937459,PP
951,Yanaton,Armatys,yarmatysqe@ft.com,Male,$387747.71,845488418,PP
952,Doroteya,Messager,dmessagerqf@hao123.com,Female,$841357.49,860071116,CC
953,Richie,Sprull,rsprullqg@state.gov,Male,$409610.13,528534367,PP
954,Dunc,Goodfield,dgoodfieldqh@springer.com,Male,$517276.87,34530439,IT
955,Emmeline,Windebank,ewindebankqi@mtv.com,Female,$795137.78,994867200,IT
956,Homer,Gormally,hgormallyqj@mac.com,Male,$982358.25,370870677,IT
957,Genovera,Pietri,gpietriqk@imdb.com,Female,$734942.02,621140606,IT
958,Webb,Yegoshin,wyegoshinql@mayoclinic.com,Male,$450917.80,891549229,PP
959,Eleonora,Ivanusyev,eivanusyevqm@imageshack.us,Female,$442304.93,899504966,PP
960,Ira,Rountree,irountreeqn@addthis.com,Male,$952717.80,120037706,PP
961,Thane,Slayton,tslaytonqo@shinystat.com,Male,$741887.26,432820665,CC
962,Laird,Donneely,ldonneelyqp@gov.uk,Male,$985039.35,451760725,PP
963,Bard,Berr,bberrqq@shareasale.com,Male,$485237.57,1009134666,PP
964,Peyton,Calafate,pcalafateqr@intel.com,Male,$802769.62,762375502,CC
965,Goldi,Colafate,gcolafateqs@google.ca,Female,$297226.40,334981786,CC
966,Malinda,Janota,mjanotaqt@rakuten.co.jp,Female,$337499.23,659508862,PP
967,Ellynn,L'Hommeau,elhommeauqu@oaic.gov.au,Female,$462176.66,290060252,CC
968,Isacco,Balleine,iballeineqv@yellowpages.com,Male,$643773.45,769650028,CC
969,Esmaria,Lockitt,elockittqw@kickstarter.com,Female,$911200.75,714314995,CC
970,Maryanna,Kingham,mkinghamqx@pen.io,Female,$985801.28,484377711,CC
971,Gloria,Persian,gpersianqy@cdbaby.com,Female,$358002.83,1000508299,PP
972,Orazio,Bruffell,obruffellqz@nbcnews.com,Male,$671705.78,115374792,CC
973,Padget,Gartenfeld,pgartenfeldr0@booking.com,Male,$213455.73,1048159591,IT
974,Aurore,McCorkell,amccorkellr1@youku.com,Female,$493309.57,446137244,CC
975,Georgina,Ashe,gasher2@ow.ly,Female,$450741.04,908700523,IT
976,Gilbert,Prester,gpresterr3@tamu.edu,Male,$870416.91,586486479,IT
977,Helaine,de Juares,hdejuaresr4@bbc.co.uk,Female,$977982.82,865771012,CC
978,Lennard,Spraberry,lspraberryr5@ustream.tv,Male,$604414.05,863560455,PP
979,Max,Rowthorne,mrowthorner6@webmd.com,Female,$493322.60,24908672,CC
980,Phil,Cheverell,pcheverellr7@pcworld.com,Male,$411872.41,164873431,PP
981,Steve,Dunstan,sdunstanr8@pbs.org,Male,$420647.77,853861123,IT
982,Keri,Rowthorn,krowthornr9@usa.gov,Female,$863754.57,760488160,IT
983,Major,Walhedd,mwalheddra@unicef.org,Male,$739215.32,275911934,IT
984,Almira,Rydzynski,arydzynskirb@xrea.com,Female,$797369.19,244160536,IT
985,Darcy,Franseco,dfransecorc@google.ca,Male,$692182.71,292865371,IT
986,Norbert,Farbrother,nfarbrotherrd@dyndns.org,Male,$345337.96,189449696,IT
987,Carolus,Weatherill,cweatherillre@vistaprint.com,Male,$355604.27,72194768,CC
988,Johny,Attard,jattardrf@linkedin.com,Male,$294314.34,273059866,CC
989,Prentice,Verbruggen,pverbruggenrg@xrea.com,Male,$595564.75,482672589,IT
990,Marco,Gethins,mgethinsrh@spotify.com,Male,$470246.02,193915609,IT
991,Martyn,Cecere,mcecereri@cornell.edu,Male,$182344.13,902526669,IT
992,Hope,Chesney,hchesneyrj@mapquest.com,Female,$266451.99,881977032,CC
993,Paul,Fordyce,pfordycerk@pen.io,Male,$929407.98,852443632,CC
994,Tami,Dumbrill,tdumbrillrl@surveymonkey.com,Female,$289641.79,758094298,CC
995,Meggy,Cornwell,mcornwellrm@ebay.com,Female,$273362.07,875677462,IT
996,Cass,Colum,ccolumrn@taobao.com,Female,$652727.43,805134833,CC
997,Jobey,Norree,jnorreero@gnu.org,Female,$987419.50,742930215,IT
998,Kimble,Weatherhead,kweatherheadrp@reuters.com,Male,$726187.44,688873445,IT
999,Constantine,Orro,corrorq@is.gd,Female,$519698.16,516061767,PP
1000,Kristoforo,Oda,kodarr@free.fr,Male,$895680.85,615570959,PP
