id,nombre,apellido,email,genero,valor_tx,numero_identificacion,tipo_identificacion
1,Netty,Fittall,nfittall0@dagondesign.com,Female,$186653.25,755177817,IT
2,Maude,Kilbourne,mkilbourne1@opera.com,Female,$379297.74,347011397,IT
3,Terry,Carver,tcarver2@youku.com,Female,$735075.47,1035236803,PP
4,Jobi,Millgate,jmillgate3@homestead.com,Female,$757132.14,60017914,CC
5,Ellery,Bradburne,ebradburne4@mtv.com,Male,$568662.32,347958101,PP
6,Georgeta,Brasener,gbrasener5@bloglovin.com,Female,$736537.86,88916663,PP
7,Cecilio,Stokey,cstokey6@army.mil,Male,$323493.68,799558837,IT
8,Creight,Propper,cpropper7@hugedomains.com,Male,$469453.61,361201740,PP
9,Alaric,Scorah,ascorah8@qq.com,Male,$846348.17,659972815,CC
10,Nickie,Hodinton,nhodinton9@state.gov,Male,$476328.88,332676438,IT
11,Hadleigh,Geddes,hgeddesa@dailymotion.com,Male,$746416.53,907064220,PP
12,Estell,Caldaro,ecaldarob@printfriendly.com,Female,$188475.51,142092082,PP
13,Bernete,Hackleton,bhackletonc@spiegel.de,Female,$887601.99,740680855,PP
14,Mareah,Le Grys,mlegrysd@biglobe.ne.jp,Female,$969827.68,868707010,PP
15,Mala,Perillo,mperilloe@xing.com,Female,$249289.33,348215208,PP
16,Roxanna,Elland,rellandf@feedburner.com,Female,$641264.93,757689221,CC
17,Derick,Rootham,droothamg@slideshare.net,Male,$833745.23,530143192,IT
18,Corrinne,Burtonshaw,cburtonshawh@is.gd,Female,$383764.53,930910484,IT
19,Herc,Fraanchyonok,hfraanchyonoki@ucoz.ru,Male,$775011.47,528632892,CC
20,Natassia,Whanstall,nwhanstallj@indiatimes.com,Female,$892005.20,175304033,IT
21,Aretha,Maffia,amaffiak@wp.com,Female,$192535.66,821811809,PP
22,Cord,Benfield,cbenfieldl@wikispaces.com,Male,$265995.28,416071114,IT
23,Damita,Kilmartin,dkilmartinm@shutterfly.com,Female,$856079.79,289668317,CC
24,Cece,Fernely,cfernelyn@jigsy.com,Male,$538698.11,808950407,PP
25,Vite,Andrea,vandreao@dion.ne.jp,Male,$876331.60,339973496,PP
26,Cort,Mowsley,cmowsleyp@google.fr,Male,$178976.21,983895284,PP
27,Kellen,Finch,kfinchq@netvibes.com,Female,$148535.11,137809064,CC
28,Grove,MacLaig,gmaclaigr@nhs.uk,Male,$939793.85,710620510,CC
29,Winnie,Gair,wgairs@dell.com,Male,$172923.70,533505957,IT
30,Hartwell,Hourston,hhourstont@trellian.com,Male,$590194.02,303357523,CC
31,Anna-diane,Nulty,anultyu@businesswire.com,Female,$966534.30,877307867,PP
32,Chiquia,Stanyard,cstanyardv@ebay.co.uk,Female,$972675.16,560830758,IT
33,Sephira,Barthropp,sbarthroppw@mayoclinic.com,Female,$949672.00,213137515,PP
34,Ferris,Fantone,ffantonex@zdnet.com,Male,$924421.14,1041065302,CC
35,Terza,Lezemere,tlezemerey@arizona.edu,Female,$740783.95,21751940,CC
36,Regina,Malser,rmalserz@cpanel.net,Female,$158695.36,504214455,IT
37,Geordie,Galvan,ggalvan10@creativecommons.org,Male,$628284.89,65949572,IT
38,Sonni,Asbury,sasbury11@google.com,Female,$351778.74,504179960,IT
39,Gaston,Teers,gteers12@yellowpages.com,Male,$384046.67,782338309,CC
40,Bendick,Atling,batling13@globo.com,Male,$238285.24,668795304,IT
41,Katharina,Brownsett,kbrownsett14@intel.com,Female,$819040.99,811691641,IT
42,Feodor,Stopper,fstopper15@ustream.tv,Male,$872640.02,731980220,CC
43,Sondra,Tuberfield,stuberfield16@engadget.com,Female,$277978.13,306593297,CC
44,Alysa,Mansell,amansell17@rakuten.co.jp,Female,$333920.90,988215492,PP
45,Lemmy,Balffye,lbalffye18@g.co,Male,$788319.38,289891337,CC
46,Leslie,Gonthier,lgonthier19@businesswire.com,Male,$248119.32,492972201,PP
47,Dodi,Arkell,darkell1a@slate.com,Female,$389501.48,912016089,CC
48,Mikkel,Deerr,mdeerr1b@facebook.com,Male,$229638.38,7331253,CC
49,Veriee,Ridder,vridder1c@hp.com,Female,$884251.03,327985652,PP
50,Yettie,Filipov,yfilipov1d@chronoengine.com,Female,$482232.11,665666129,IT
51,Olimpia,Lathee,olathee1e@free.fr,Female,$217677.32,909221121,IT
52,Gerrie,Harford,gharford1f@gmpg.org,Female,$613214.65,199490926,CC
53,Parnell,Spain-Gower,pspaingower1g@smugmug.com,Male,$642921.09,949613468,PP
54,Ruprecht,Hehnke,rhehnke1h@cnbc.com,Male,$453233.37,155302347,CC
55,Drusy,Duckitt,dduckitt1i@umn.edu,Female,$984184.65,294519955,IT
56,Heloise,Barneville,hbarneville1j@drupal.org,Female,$730418.69,910043246,PP
57,Brooks,Duffill,bduffill1k@studiopress.com,Male,$643104.87,235408743,IT
58,Tabbitha,Jagels,tjagels1l@businesswire.com,Female,$620086.66,565085026,IT
59,Gerhardine,Folkard,gfolkard1m@discuz.net,Female,$664628.53,40219500,CC
60,Mab,Tickner,mtickner1n@marriott.com,Female,$123278.16,766121911,IT
61,Saundra,Mouncey,smouncey1o@un.org,Male,$448138.58,905646623,IT
62,Rodrique,Skidmore,rskidmore1p@is.gd,Male,$264258.28,327668270,IT
63,Wendi,O'Scollee,woscollee1q@moonfruit.com,Female,$455433.91,156554454,IT
64,Devora,Wick,dwick1r@vistaprint.com,Female,$318580.36,878888240,PP
65,Marcellus,Elfe,melfe1s@ft.com,Male,$608930.62,988210052,PP
66,Nevil,Briton,nbriton1t@cdbaby.com,Male,$352417.64,485379149,CC
67,Darell,Arger,darger1u@house.gov,Female,$998409.95,399475047,IT
68,Lorena,Lipprose,llipprose1v@weibo.com,Female,$657802.04,230611458,IT
69,Winnah,Kasperski,wkasperski1w@marketwatch.com,Female,$319284.82,1041949898,PP
70,Alfred,Blackborn,ablackborn1x@trellian.com,Male,$421942.20,889214845,PP
71,Matthus,Ilett,milett1y@yolasite.com,Male,$406108.83,209676589,CC
72,Erena,Portam,eportam1z@ameblo.jp,Female,$590721.90,414256598,IT
73,Meggie,Bolin,mbolin20@chronoengine.com,Female,$366602.56,316978547,PP
74,Lorinda,Wessell,lwessell21@addthis.com,Female,$675291.43,610521083,IT
75,Ivett,Gresty,igresty22@smh.com.au,Female,$170565.86,660279407,IT
76,Mabelle,Coltman,mcoltman23@amazon.co.uk,Female,$323760.67,769044654,IT
77,Son,Clemenzi,sclemenzi24@people.com.cn,Male,$474463.20,251147118,IT
78,Rianon,Juschke,rjuschke25@mit.edu,Female,$464643.15,1042629426,PP
79,Gabriel,Duferie,gduferie26@archive.org,Male,$218837.29,576326988,PP
80,Hartley,Hinz,hhinz27@lycos.com,Male,$807500.59,389467256,PP
81,Jan,Gillooly,jgillooly28@blogger.com,Male,$230775.79,691179917,PP
82,Bree,Iacovacci,biacovacci29@twitpic.com,Female,$850497.45,816564576,PP
83,Alisha,Pestell,apestell2a@opera.com,Female,$304273.11,962007879,IT
84,Donna,McMurty,dmcmurty2b@quantcast.com,Female,$319019.67,454968476,PP
85,Rosene,Ruf,rruf2c@free.fr,Female,$883374.34,882773827,PP
86,Meghan,O'Gavin,mogavin2d@sogou.com,Female,$772829.14,809462442,PP
87,Drud,Leander,dleander2e@wired.com,Male,$731198.85,463979744,PP
88,Joelie,Tilio,jtilio2f@mayoclinic.com,Female,$610487.92,146261911,CC
89,Caddric,Astman,castman2g@multiply.com,Male,$782271.70,879153788,IT
90,Rafaelita,Siebart,rsiebart2h@sourceforge.net,Female,$853538.94,122192523,PP
91,Guilbert,Primarolo,gprimarolo2i@behance.net,Male,$654288.81,543548749,IT
92,Theresa,Llewelyn,tllewelyn2j@economist.com,Female,$497034.59,948323655,CC
93,Livvyy,Yakob,lyakob2k@nymag.com,Female,$414592.26,502143323,CC
94,Shaughn,Cran,scran2l@goo.gl,Male,$875306.00,598953685,CC
95,Otto,Codner,ocodner2m@arstechnica.com,Male,$802304.87,132601419,PP
96,Elihu,Sweett,esweett2n@ted.com,Male,$276518.87,654251552,CC
97,Kristel,Broke,kbroke2o@google.co.jp,Female,$214680.11,765938668,PP
98,Robinett,Sawrey,rsawrey2p@intel.com,Female,$548205.92,600461187,PP
99,Timmie,Lorne,tlorne2q@privacy.gov.au,Male,$195640.91,570900431,IT
100,Lexine,Prowse,lprowse2r@fotki.com,Female,$257484.04,459909912,CC
101,Idelle,Scoates,iscoates2s@squidoo.com,Female,$130639.10,780621977,CC
102,Fee,Breffit,fbreffit2t@ycombinator.com,Male,$525857.75,901775729,IT
103,Ximenez,Rounding,xrounding2u@slideshare.net,Male,$671715.47,386673498,PP
104,Tabbitha,Braffington,tbraffington2v@newsvine.com,Female,$888888.42,951588261,CC
105,Pippo,Lidgett,plidgett2w@myspace.com,Male,$905704.43,619379126,CC
106,Lacy,Gollin,lgollin2x@addthis.com,Female,$582847.89,763329723,CC
107,Gabriel,Batha,gbatha2y@unc.edu,Male,$430618.71,314212619,PP
108,Bern,Ramsbotham,bramsbotham2z@sciencedirect.com,Male,$483248.98,870345741,CC
109,Vilhelmina,Wise,vwise30@google.nl,Female,$301079.36,884425507,PP
110,Lilas,Whanstall,lwhanstall31@slate.com,Female,$122212.23,548813267,CC
111,Land,Peaden,lpeaden32@pbs.org,Male,$655623.09,266198733,CC
112,Catina,Mannix,cmannix33@google.ru,Female,$337332.78,891906661,PP
113,Annecorinne,Stronough,astronough34@goo.ne.jp,Female,$523986.76,109477106,CC
114,Jarret,Verity,jverity35@mtv.com,Male,$384984.23,11865461,IT
115,Town,Trayford,ttrayford36@prnewswire.com,Male,$859005.56,557936599,CC
116,Franky,Battaille,fbattaille37@about.me,Male,$734033.00,258778837,CC
117,Guss,Braikenridge,gbraikenridge38@uiuc.edu,Male,$357589.43,240408479,PP
118,Lorinda,Pidduck,lpidduck39@canalblog.com,Female,$921596.75,807407577,PP
119,Piper,Geggus,pgeggus3a@home.pl,Female,$560969.63,447574401,PP
120,Cairistiona,Yellop,cyellop3b@blog.com,Female,$499353.52,686714308,PP
121,Ahmad,Craddy,acraddy3c@xing.com,Male,$975820.26,797689213,CC
122,Harper,Coultas,hcoultas3d@sourceforge.net,Male,$196199.92,740472963,IT
123,Erminie,Livings,elivings3e@barnesandnoble.com,Female,$152856.02,1046588806,PP
124,Westleigh,Arndt,warndt3f@mapy.cz,Male,$800056.32,75633619,CC
125,Rouvin,Bucke,rbucke3g@examiner.com,Male,$215359.52,943904534,PP
126,Daryle,Shellum,dshellum3h@google.com.br,Male,$442107.40,154197394,PP
127,Whittaker,Fletham,wfletham3i@noaa.gov,Male,$344906.29,872558140,IT
128,Paulo,Mowling,pmowling3j@ibm.com,Male,$119860.88,832293484,IT
129,Saraann,Linskill,slinskill3k@123-reg.co.uk,Female,$300605.00,643446952,IT
130,Eliot,Mungin,emungin3l@wufoo.com,Male,$723396.28,275979826,PP
131,Edgar,Izod,eizod3m@sbwire.com,Male,$349905.70,588792189,PP
132,Fanchette,Wixon,fwixon3n@chronoengine.com,Female,$861611.25,166155937,IT
133,Ignazio,Sabathier,isabathier3o@sourceforge.net,Male,$399378.06,769377208,IT
134,Lorilyn,Tetther,ltetther3p@techcrunch.com,Female,$127609.88,193783410,PP
135,Gunther,Ethington,gethington3q@tuttocitta.it,Male,$835150.03,770585519,IT
136,Alexis,Yakobovitz,ayakobovitz3r@cloudflare.com,Male,$555530.27,921359469,CC
137,Ryann,Rosenfield,rrosenfield3s@alibaba.com,Female,$428660.29,644070536,PP
138,Vivianna,Stainton - Skinn,vstaintonskinn3t@shutterfly.com,Female,$965600.53,480738537,CC
139,Janella,Woan,jwoan3u@wsj.com,Female,$450964.41,790785815,PP
140,Marj,Ekkel,mekkel3v@plala.or.jp,Female,$590217.15,75406987,PP
141,Hagan,Stormes,hstormes3w@google.co.jp,Male,$775463.78,731963030,CC
142,Gale,Feltham,gfeltham3x@creativecommons.org,Female,$881606.08,362688536,IT
143,Rhonda,Pimerick,rpimerick3y@pen.io,Female,$749971.66,712957457,CC
144,Damon,McGlade,dmcglade3z@wp.com,Male,$572997.55,829950533,IT
145,Kelby,McKelvey,kmckelvey40@spiegel.de,Male,$923148.83,260039167,IT
146,Xylina,Blakemore,xblakemore41@desdev.cn,Female,$971916.38,802529202,CC
147,Madelyn,Hastilow,mhastilow42@weibo.com,Female,$800417.00,215340341,PP
148,Cello,Hellikes,chellikes43@zimbio.com,Male,$232820.39,582194481,CC
149,Stuart,Frostdyke,sfrostdyke44@google.ca,Male,$937736.50,375973762,PP
150,Farand,Nickels,fnickels45@ow.ly,Female,$618378.36,533457534,IT
151,Cammie,Fairbourn,cfairbourn46@toplist.cz,Female,$335907.81,809152904,PP
152,Hurley,Itzkovwich,hitzkovwich47@dion.ne.jp,Male,$709614.24,955040066,PP
153,Maurise,Dymoke,mdymoke48@w3.org,Male,$948077.57,1049880558,IT
154,Yelena,McGragh,ymcgragh49@weather.com,Female,$635276.69,283357037,IT
155,Dorette,Scarce,dscarce4a@infoseek.co.jp,Female,$445431.88,805601824,IT
156,Harald,Hoofe,hhoofe4b@latimes.com,Male,$605303.12,788768756,PP
157,Carolee,Pashenkov,cpashenkov4c@amazon.co.uk,Female,$145396.04,393588268,CC
158,Gwendolin,Hing,ghing4d@loc.gov,Female,$369897.31,551463567,CC
159,Karlen,Manuelli,kmanuelli4e@ovh.net,Female,$547826.25,233725595,CC
160,Alex,Wemyss,awemyss4f@youku.com,Male,$615028.70,802976151,CC
161,Reynard,Freegard,rfreegard4g@nydailynews.com,Male,$222426.67,354895705,CC
162,Dru,Pickring,dpickring4h@i2i.jp,Female,$116289.29,677977558,PP
163,Blair,Barneveld,bbarneveld4i@java.com,Male,$499440.55,670460233,CC
164,Johnath,Kidson,jkidson4j@mail.ru,Female,$893534.02,910775003,IT
165,Earvin,Guilliatt,eguilliatt4k@tamu.edu,Male,$978462.26,998714507,PP
166,Auria,Ioannou,aioannou4l@marriott.com,Female,$368777.34,867031962,IT
167,Charisse,Alderman,calderman4m@cnbc.com,Female,$640035.02,664635972,PP
168,Sande,Barthelet,sbarthelet4n@163.com,Female,$835265.09,841470707,IT
169,Melvin,Kille,mkille4o@furl.net,Male,$725090.04,557788924,PP
170,Marianne,Tull,mtull4p@biglobe.ne.jp,Female,$900117.90,643909793,PP
171,Oliy,Leggatt,oleggatt4q@webnode.com,Female,$969960.11,19829615,CC
172,Sibeal,Craik,scraik4r@thetimes.co.uk,Female,$370389.05,228740267,IT
173,Ethelda,Mullord,emullord4s@booking.com,Female,$403498.25,865445216,IT
174,Brok,Beards,bbeards4t@reference.com,Male,$976448.70,84644067,IT
175,Francklin,Ochiltree,fochiltree4u@ask.com,Male,$668621.99,774444022,PP
176,Gillian,Yurasov,gyurasov4v@tamu.edu,Female,$156922.79,763727440,IT
177,Ortensia,Cosin,ocosin4w@sphinn.com,Female,$151269.73,865316063,IT
178,Rosemary,Kivlehan,rkivlehan4x@phoca.cz,Female,$360214.55,371025009,PP
179,Auroora,Vivash,avivash4y@joomla.org,Female,$834853.95,649452915,CC
180,Aldrich,Durker,adurker4z@tinyurl.com,Male,$568986.62,889460112,CC
181,Annis,Leap,aleap50@fotki.com,Female,$115670.19,207544961,IT
182,Jedediah,Geibel,jgeibel51@cbc.ca,Male,$621951.68,912995629,CC
183,Corette,McGuigan,cmcguigan52@amazon.co.uk,Female,$940593.47,547637192,PP
184,Dayna,Franke,dfranke53@booking.com,Female,$851314.15,868562740,PP
185,Granny,Durrington,gdurrington54@discuz.net,Male,$950934.06,187772757,PP
186,Neall,Antrag,nantrag55@scientificamerican.com,Male,$414656.54,732188604,IT
187,Arabella,Spencock,aspencock56@reference.com,Female,$969239.04,302512005,PP
188,Skipper,Haggarth,shaggarth57@posterous.com,Male,$237321.73,153684553,IT
189,Carlin,McGettigan,cmcgettigan58@nationalgeographic.com,Female,$387787.63,471264364,CC
190,Cherida,Beernt,cbeernt59@japanpost.jp,Female,$474449.63,703029532,CC
191,Ebony,Nashe,enashe5a@nps.gov,Female,$304871.93,835568763,IT
192,Hillard,Kuhnert,hkuhnert5b@feedburner.com,Male,$591996.11,492779293,CC
193,Tracey,Wyllcock,twyllcock5c@cdc.gov,Female,$561748.93,841900895,IT
194,Dante,McKernon,dmckernon5d@163.com,Male,$485627.15,160721989,CC
195,Lilias,Crasford,lcrasford5e@gnu.org,Female,$408442.40,524944872,PP
196,Kile,Hanby,khanby5f@uol.com.br,Male,$157038.71,615912078,PP
197,Niven,Berkowitz,nberkowitz5g@xing.com,Male,$199650.42,509127109,IT
198,Brittaney,Mutlow,bmutlow5h@edublogs.org,Female,$771300.30,547538014,IT
199,Lothario,McNair,lmcnair5i@bluehost.com,Male,$310482.84,393773449,PP
200,Jocelin,De Maria,jdemaria5j@gravatar.com,Female,$237935.32,652237628,CC
201,Beale,Pedler,bpedler5k@cyberchimps.com,Male,$669771.58,355663420,CC
202,Nanette,Pasquale,npasquale5l@tinyurl.com,Female,$604141.77,1023731740,CC
203,Winslow,Gabriely,wgabriely5m@usatoday.com,Male,$290410.83,465888591,CC
204,Mag,Gabotti,mgabotti5n@state.tx.us,Female,$209598.05,529670134,CC
205,Selle,Throughton,sthroughton5o@123-reg.co.uk,Female,$659769.39,575253540,PP
206,Sara,Temple,stemple5p@wordpress.com,Female,$603034.61,560768230,PP
207,Meris,Bromwich,mbromwich5q@nyu.edu,Female,$784006.73,654691715,CC
208,Gasper,Britland,gbritland5r@microsoft.com,Male,$905876.33,830510747,CC
209,Virgil,Froggatt,vfroggatt5s@mashable.com,Male,$711409.73,691870046,CC
210,Tommy,Baradel,tbaradel5t@google.nl,Female,$760435.56,177848466,IT
211,Tera,Stacey,tstacey5u@mediafire.com,Female,$171236.57,700801808,PP
212,Jayme,Otterwell,jotterwell5v@newsvine.com,Male,$984378.56,127657856,CC
213,Mikkel,Spires,mspires5w@opensource.org,Male,$351405.12,946693633,CC
214,Leigh,Glossup,lglossup5x@illinois.edu,Male,$918879.12,113753601,PP
215,Emmery,Esterbrook,eesterbrook5y@mail.ru,Male,$654689.46,719312859,CC
216,Gilberto,Belchem,gbelchem5z@com.com,Male,$952343.43,422431815,IT
217,Maighdiln,Hirthe,mhirthe60@netlog.com,Female,$880583.36,21449908,CC
218,Marilee,Gaither,mgaither61@yale.edu,Female,$221082.64,316388708,PP
219,Shannon,Gravenor,sgravenor62@weibo.com,Female,$391047.46,554177898,CC
220,Rik,De la Yglesia,rdelayglesia63@nyu.edu,Male,$313448.60,880629782,PP
221,Theressa,Gwillym,tgwillym64@pagesperso-orange.fr,Female,$880645.00,593722496,IT
222,Zuzana,Flemmich,zflemmich65@phoca.cz,Female,$160924.74,949070012,PP
223,Elbertine,Fitzpatrick,efitzpatrick66@cnbc.com,Female,$620289.29,919986780,CC
224,Devlin,Ream,dream67@economist.com,Male,$543097.45,554928193,IT
225,Terrance,Pinckstone,tpinckstone68@chron.com,Male,$832495.88,736296417,IT
226,Nicol,Morley,nmorley69@wikispaces.com,Female,$676548.90,155821298,CC
227,Ira,Rockingham,irockingham6a@booking.com,Male,$997004.03,658612166,CC
228,Ansell,Crowest,acrowest6b@elegantthemes.com,Male,$924411.94,319766369,CC
229,Lisbeth,Gioani,lgioani6c@seattletimes.com,Female,$667665.00,625991305,PP
230,Monah,Bremmell,mbremmell6d@adobe.com,Female,$164150.77,925134765,PP
231,Jamison,Havoc,jhavoc6e@technorati.com,Male,$778831.48,603335522,PP
232,Christan,Franek,cfranek6f@techcrunch.com,Female,$936126.55,82040625,PP
233,Ferdy,Dawby,fdawby6g@toplist.cz,Male,$110284.50,363625330,PP
234,Brooke,Surgener,bsurgener6h@wikispaces.com,Female,$699493.13,49339932,PP
235,Jennica,Marvel,jmarvel6i@google.ca,Female,$662192.88,674725528,IT
236,Ramona,Borless,rborless6j@behance.net,Female,$637600.27,62587908,IT
237,Andrei,Pauls,apauls6k@google.nl,Female,$240175.52,435630476,IT
238,Bancroft,Okey,bokey6l@netlog.com,Male,$600379.86,185225233,PP
239,Amelie,Margarson,amargarson6m@japanpost.jp,Female,$974097.85,980667565,CC
240,Elroy,Crummey,ecrummey6n@microsoft.com,Male,$363945.50,833036296,PP
241,Marielle,Pygott,mpygott6o@mediafire.com,Female,$440629.64,694861010,CC
242,Der,Drivers,ddrivers6p@ifeng.com,Male,$568530.94,652654259,IT
243,Jacenta,Buckie,jbuckie6q@tripadvisor.com,Female,$255403.90,186880618,IT
244,Witty,Schimke,wschimke6r@washingtonpost.com,Male,$689448.14,896670454,IT
245,Leonidas,Hatter,lhatter6s@archive.org,Male,$110623.26,975848661,CC
246,Arther,Beumant,abeumant6t@ning.com,Male,$341376.40,641010921,CC
247,Cyndia,Lauritsen,clauritsen6u@mapy.cz,Female,$835989.69,590220435,PP
248,Alene,Pallent,apallent6v@simplemachines.org,Female,$203054.05,937601604,CC
249,Helsa,Aldersley,haldersley6w@wix.com,Female,$500374.51,284159351,PP
250,Trey,Harpin,tharpin6x@statcounter.com,Male,$341300.38,642415017,CC
251,Jaquelin,Virgin,jvirgin6y@slideshare.net,Female,$351213.40,168171094,PP
252,Launce,O'Driscole,lodriscole6z@oracle.com,Male,$791215.27,183868928,IT
253,Corliss,Thornewill,cthornewill70@vistaprint.com,Female,$219142.95,398030634,IT
254,Dennie,Talby,dtalby71@unc.edu,Female,$925280.42,649976088,IT
255,Schuyler,McMurty,smcmurty72@chronoengine.com,Male,$767632.63,1025383871,PP
256,Kiley,Dowson,kdowson73@pcworld.com,Male,$270301.00,712495619,CC
257,Pat,McAvin,pmcavin74@businesswire.com,Female,$188285.69,1032658229,IT
258,Bank,Faldo,bfaldo75@senate.gov,Male,$774530.33,787733261,PP
259,Garvy,Ellingford,gellingford76@nymag.com,Male,$476166.65,1038765520,CC
260,Rodd,Botler,rbotler77@infoseek.co.jp,Male,$649804.43,237728244,IT
261,Zonnya,Whymark,zwhymark78@canalblog.com,Female,$552618.50,283241125,CC
262,Katleen,Weekly,kweekly79@smugmug.com,Female,$943769.21,780693107,CC
263,Doralia,Metschke,dmetschke7a@hatena.ne.jp,Female,$687240.24,27204685,CC
264,Carlita,Flippen,cflippen7b@comsenz.com,Female,$850867.50,735659929,PP
265,Gert,Mannix,gmannix7c@woothemes.com,Female,$634899.80,516655934,PP
266,Ninon,Densey,ndensey7d@sphinn.com,Female,$491227.68,684568358,IT
267,Balduin,Wilkison,bwilkison7e@gizmodo.com,Male,$183687.03,906403059,CC
268,Dania,Barthelme,dbarthelme7f@wikia.com,Female,$570280.01,186130972,PP
269,Christyna,Shirley,cshirley7g@dailymail.co.uk,Female,$112951.33,894754692,CC
270,Hester,Mawby,hmawby7h@bluehost.com,Female,$789227.24,1017869743,IT
271,Gayleen,Chettle,gchettle7i@harvard.edu,Female,$897342.56,520917465,PP
272,Darb,Elleton,delleton7j@narod.ru,Female,$484618.28,970391770,PP
273,Free,Pollen,fpollen7k@meetup.com,Male,$709303.37,158997165,PP
274,Ed,Sygrove,esygrove7l@yelp.com,Male,$501016.89,462268714,IT
275,Gale,Lanchester,glanchester7m@wsj.com,Female,$132147.89,468423730,IT
276,Meier,Trusler,mtrusler7n@yale.edu,Male,$378466.31,856827402,CC
277,Obie,McArley,omcarley7o@indiatimes.com,Male,$547387.62,676363658,IT
278,Valdemar,McCrum,vmccrum7p@ocn.ne.jp,Male,$109470.97,684307148,PP
279,Sly,Boreham,sboreham7q@tuttocitta.it,Male,$927497.49,1017499236,PP
280,Rubina,Readman,rreadman7r@weather.com,Female,$581439.77,775618820,IT
281,Warde,Calan,wcalan7s@indiatimes.com,Male,$669340.80,190760438,IT
282,Frederico,Dauney,fdauney7t@usatoday.com,Male,$584404.42,1007237643,CC
283,Elisabet,Millwall,emillwall7u@disqus.com,Female,$855167.73,567810192,CC
284,Randal,Pasfield,rpasfield7v@comcast.net,Male,$842442.58,303749879,PP
285,Reinald,Brenston,rbrenston7w@hostgator.com,Male,$768057.48,391500968,CC
286,Sheelah,Bathowe,sbathowe7x@nyu.edu,Female,$472581.90,41565435,CC
287,Esmaria,Greenall,egreenall7y@multiply.com,Female,$155101.40,119738923,PP
288,Jojo,Mantione,jmantione7z@chicagotribune.com,Female,$197523.77,332672766,IT
289,Morissa,Catling,mcatling80@xing.com,Female,$295933.23,163238402,IT
290,Stanislaus,Karchowski,skarchowski81@soup.io,Male,$462446.21,725413423,CC
291,Gloriane,Falkinder,gfalkinder82@noaa.gov,Female,$521530.18,326855702,IT
292,Eve,Wigelsworth,ewigelsworth83@wufoo.com,Female,$301632.03,705585523,IT
293,Rasia,Scoines,rscoines84@google.co.uk,Female,$715706.63,134105730,PP
294,Aguie,Scatcher,ascatcher85@seattletimes.com,Male,$326190.76,227643331,PP
295,Ilsa,Whithalgh,iwhithalgh86@weather.com,Female,$368065.67,651139242,PP
296,Dallon,Barr,dbarr87@nationalgeographic.com,Male,$572332.30,988012082,PP
297,Jamima,Saladine,jsaladine88@pen.io,Female,$975913.59,177729568,PP
298,Ingamar,Kingzet,ikingzet89@goo.ne.jp,Male,$574103.52,892318656,CC
299,Billy,Eminson,beminson8a@wikispaces.com,Female,$727737.61,401880566,CC
300,Leilah,Fearon,lfearon8b@mail.ru,Female,$775364.52,753715652,PP
301,Tymothy,Dummigan,tdummigan8c@mediafire.com,Male,$841353.46,437742121,IT
302,Gusty,Blaxland,gblaxland8d@icio.us,Female,$910983.73,825078017,CC
303,Pierette,Napoli,pnapoli8e@epa.gov,Female,$710463.99,856277867,IT
304,Alexis,Piche,apiche8f@sciencedaily.com,Female,$229544.93,900385243,CC
305,Mariam,Blinco,mblinco8g@flickr.com,Female,$331981.41,104035241,IT
306,Jacqui,Carwithim,jcarwithim8h@reuters.com,Female,$392357.83,710654160,CC
307,Ellary,Conlon,econlon8i@dailymotion.com,Male,$612273.47,823253034,IT
308,Mae,Oram,moram8j@github.com,Female,$603271.47,880147613,CC
309,Marlo,Aikett,maikett8k@surveymonkey.com,Male,$481252.71,895494465,PP
310,Clerkclaude,Faldo,cfaldo8l@infoseek.co.jp,Male,$569792.52,944295380,CC
311,Eugenia,Cyples,ecyples8m@buzzfeed.com,Female,$388365.73,419673543,CC
312,Linette,Angear,langear8n@posterous.com,Female,$249159.98,823957547,IT
313,Caz,Randals,crandals8o@mapy.cz,Male,$539478.05,357878166,PP
314,Jaime,Brickstock,jbrickstock8p@wired.com,Female,$872548.44,858622980,IT
315,Mychal,Shippam,mshippam8q@ycombinator.com,Male,$360274.51,307886345,CC
316,Nanette,Lechelle,nlechelle8r@china.com.cn,Female,$443269.66,429112642,PP
317,Irvin,Keymer,ikeymer8s@tinypic.com,Male,$478328.86,107524741,CC
318,Dee,Chazerand,dchazerand8t@biblegateway.com,Female,$173650.14,578034777,PP
319,Stacee,Worthing,sworthing8u@virginia.edu,Female,$698572.55,160154098,IT
320,Kurtis,Wildman,kwildman8v@sciencedaily.com,Male,$781951.90,319143193,IT
321,Carlie,Aberdein,caberdein8w@mail.ru,Female,$101253.84,554173747,CC
322,Vinson,Dranfield,vdranfield8x@ucsd.edu,Male,$241741.05,736217885,PP
323,Irv,Pettegree,ipettegree8y@mtv.com,Male,$443467.50,665000437,CC
324,Bili,Abramamov,babramamov8z@addthis.com,Female,$744570.55,400996658,PP
325,Padget,Tomlinson,ptomlinson90@shutterfly.com,Male,$548614.52,690789992,CC
326,Lemmy,Caunt,lcaunt91@ca.gov,Male,$764495.27,927811502,PP
327,Jordon,Buckeridge,jbuckeridge92@miitbeian.gov.cn,Male,$229664.46,385354882,IT
328,Leyla,Andrichak,landrichak93@weibo.com,Female,$441228.33,378217057,CC
329,Renate,Baytrop,rbaytrop94@apache.org,Female,$221323.34,761914260,PP
330,Kaine,Sumsion,ksumsion95@telegraph.co.uk,Male,$447955.18,450493059,CC
331,Hermie,Drewe,hdrewe96@state.tx.us,Male,$126956.40,984529929,CC
332,Courtnay,Plait,cplait97@t-online.de,Male,$356890.32,975970741,IT
333,Pavlov,Haruard,pharuard98@sogou.com,Male,$912713.22,58673888,PP
334,Todd,Osichev,tosichev99@privacy.gov.au,Male,$621041.06,151669124,IT
335,Phil,Howland,phowland9a@bloglovin.com,Male,$766480.84,801687763,CC
336,Ilysa,Coole,icoole9b@mysql.com,Female,$520302.29,434729221,IT
337,Jarvis,Tuttiett,jtuttiett9c@1und1.de,Male,$118599.74,1014173531,CC
338,Delinda,Urey,durey9d@nih.gov,Female,$695724.25,264620480,PP
339,Janet,Worg,jworg9e@nba.com,Female,$518608.78,153948569,CC
340,Marlo,Wabey,mwabey9f@ihg.com,Male,$425486.49,696834185,IT
341,Hayley,Cushe,hcushe9g@fotki.com,Female,$108571.95,129266309,PP
342,Cole,Cragell,ccragell9h@redcross.org,Male,$700783.81,394224606,PP
343,Pinchas,Duce,pduce9i@uiuc.edu,Male,$188306.43,12767531,CC
344,Lee,Luto,lluto9j@omniture.com,Female,$495564.82,868384987,PP
345,Ximenes,Joysey,xjoysey9k@shop-pro.jp,Male,$671041.53,727454054,IT
346,Aila,MacAlpyne,amacalpyne9l@nih.gov,Female,$825174.52,66479389,CC
347,Maurits,Kingsland,mkingsland9m@netlog.com,Male,$848230.52,228884822,CC
348,Obidiah,Bickell,obickell9n@techcrunch.com,Male,$837184.84,202905703,PP
349,Thedrick,Ebbett,tebbett9o@cnet.com,Male,$681144.95,520734351,PP
350,Waite,Brownfield,wbrownfield9p@state.gov,Male,$832063.82,1001087998,IT
351,Tamas,Clyde,tclyde9q@last.fm,Male,$445120.95,869736789,CC
352,Granville,Fewlass,gfewlass9r@disqus.com,Male,$160447.56,605028944,CC
353,Flynn,Kirley,fkirley9s@ocn.ne.jp,Male,$110114.47,787119250,IT
354,Giulia,Kirkby,gkirkby9t@godaddy.com,Female,$783154.31,503639845,CC
355,Fraser,Ruller,fruller9u@multiply.com,Male,$662734.58,729767083,PP
356,Hillard,Reef,hreef9v@java.com,Male,$936583.60,135151711,PP
357,Courtnay,Dhennin,cdhennin9w@gizmodo.com,Female,$879479.69,386000838,IT
358,Arron,Salsbury,asalsbury9x@bbc.co.uk,Male,$170699.90,495699963,IT
359,Lazarus,Assard,lassard9y@opera.com,Male,$867995.92,587592826,PP
360,Damita,Linden,dlinden9z@themeforest.net,Female,$723678.92,872392309,IT
361,Kippy,Balazot,kbalazota0@webmd.com,Female,$510153.85,551979535,CC
362,Odelia,Rogger,oroggera1@patch.com,Female,$235637.09,724317596,IT
363,Naoma,Huckleby,nhucklebya2@sphinn.com,Female,$959759.10,429310169,IT
364,Panchito,Christensen,pchristensena3@ihg.com,Male,$358669.14,767278705,IT
365,Rodrique,Kyncl,rkyncla4@businessinsider.com,Male,$833678.89,939354993,IT
366,Carola,Haldin,chaldina5@google.com.br,Female,$855824.43,191804264,CC
367,Nico,Neathway,nneathwaya6@printfriendly.com,Male,$544507.89,937256703,IT
368,Don,Sally,dsallya7@tumblr.com,Male,$516985.89,806969472,CC
369,Rodrique,Elcock,relcocka8@bloomberg.com,Male,$707256.81,923078320,IT
370,Cassi,Laughrey,claughreya9@lulu.com,Female,$404365.47,817787081,CC
371,Lethia,Welburn,lwelburnaa@ezinearticles.com,Female,$239101.62,62150021,IT
372,Lionello,Wanek,lwanekab@friendfeed.com,Male,$271618.50,294616804,CC
373,Gage,Amies,gamiesac@pen.io,Male,$582252.54,809547274,PP
374,Mae,Causnett,mcausnettad@yale.edu,Female,$713687.71,958933557,PP
375,Brandie,Vickers,bvickersae@marketwatch.com,Female,$880868.29,1017351159,PP
376,Nero,Sherr,nsherraf@4shared.com,Male,$220421.78,158552764,IT
377,Dorree,Halbert,dhalbertag@lycos.com,Female,$401906.89,34075907,IT
378,Deck,Malkinson,dmalkinsonah@tripadvisor.com,Male,$305761.22,546826220,IT
379,Ivar,Crufts,icruftsai@usgs.gov,Male,$426752.20,167908304,CC
380,Pembroke,Heggman,pheggmanaj@printfriendly.com,Male,$800031.23,865506351,CC
381,Kristofor,Umpleby,kumplebyak@theguardian.com,Male,$367882.75,44403166,IT
382,Bartholomew,Berresford,bberresfordal@indiegogo.com,Male,$498539.31,204513936,CC
383,Hobart,Ellcome,hellcomeam@dmoz.org,Male,$354170.44,326904503,CC
384,Demott,Manifold,dmanifoldan@so-net.ne.jp,Male,$429972.92,1026294754,CC
385,Parrnell,Plampeyn,pplampeynao@4shared.com,Male,$832773.18,670178845,IT
386,Lauri,Skipperbottom,lskipperbottomap@dyndns.org,Female,$593168.71,22621869,CC
387,Perle,Nollet,pnolletaq@yale.edu,Female,$203341.90,973240974,PP
388,Bald,Boissier,bboissierar@princeton.edu,Male,$477035.60,480617784,CC
389,Carmela,Kloisner,ckloisneras@sciencedaily.com,Female,$197672.82,314322465,PP
390,Ron,Ollcott,rollcottat@people.com.cn,Male,$675088.35,915837014,IT
391,Vaclav,O'Ruane,voruaneau@ezinearticles.com,Male,$940485.69,570912598,PP
392,Allissa,Mifflin,amifflinav@g.co,Female,$732106.64,218254614,CC
393,Roosevelt,Wiltshier,rwiltshieraw@harvard.edu,Male,$166988.83,79558387,IT
394,Katrine,Plewes,kplewesax@163.com,Female,$495732.42,55878419,PP
395,Cherida,Tosh,ctoshay@bbb.org,Female,$812964.81,739876891,CC
396,Rriocard,Issacson,rissacsonaz@issuu.com,Male,$214221.96,782805309,PP
397,Auberta,Greener,agreenerb0@house.gov,Female,$542026.29,440540286,CC
398,Minerva,Worsnup,mworsnupb1@tinypic.com,Female,$534458.28,913490626,CC
399,Lesley,Giffkins,lgiffkinsb2@cbsnews.com,Male,$635824.71,479623599,CC
400,Hollis,D'Aubney,hdaubneyb3@google.fr,Male,$621898.40,325471651,CC
401,Theadora,Phillip,tphillipb4@goo.gl,Female,$779861.84,196929719,CC
402,Reta,Bilsland,rbilslandb5@yale.edu,Female,$935605.20,582722968,PP
403,Odette,Eloy,oeloyb6@flickr.com,Female,$345192.58,248880097,PP
404,Harmon,Boothe,hbootheb7@vinaora.com,Male,$977842.22,467066409,PP
405,Lucita,Burgill,lburgillb8@t.co,Female,$765240.16,54969781,CC
406,Hilary,Ede,hedeb9@multiply.com,Female,$625169.92,687291855,PP
407,Thorpe,Jorin,tjorinba@miitbeian.gov.cn,Male,$780161.26,277591876,CC
408,Ruby,Markwelley,rmarkwelleybb@nydailynews.com,Female,$314251.49,398459522,CC
409,Isadore,Ouslem,iouslembc@salon.com,Male,$763797.77,469842574,IT
410,Garret,Gress,ggressbd@comsenz.com,Male,$800283.47,669478767,CC
411,La verne,McCaster,lmccasterbe@digg.com,Female,$279959.92,673288557,IT
412,Ruthanne,Ferreo,rferreobf@ask.com,Female,$159181.13,170042826,CC
413,Carly,Mistry,cmistrybg@yellowpages.com,Female,$305944.05,543951453,PP
414,Caz,Crookshank,ccrookshankbh@mapy.cz,Male,$532933.17,414372638,CC
415,Corissa,Elvy,celvybi@biblegateway.com,Female,$552328.75,770182405,CC
416,Wally,Ubsdall,wubsdallbj@gravatar.com,Female,$320882.30,486212022,CC
417,Monica,Slidders,msliddersbk@omniture.com,Female,$334026.08,568129719,IT
418,Demetrius,Inskipp,dinskippbl@webmd.com,Male,$637965.94,736341891,IT
419,Aurilia,Patrickson,apatricksonbm@vk.com,Female,$406851.10,293350382,IT
420,Adrienne,Chardin,achardinbn@wp.com,Female,$825920.37,689160503,IT
421,Vance,Harm,vharmbo@google.com.hk,Male,$190673.43,1019513724,CC
422,Millisent,D'Alwis,mdalwisbp@java.com,Female,$802700.60,32359883,PP
423,Aleda,Ruddiman,aruddimanbq@springer.com,Female,$605795.29,424846453,PP
424,Merna,Fotitt,mfotittbr@cocolog-nifty.com,Female,$188468.43,661153830,CC
425,Deanna,Benn,dbennbs@usda.gov,Female,$568183.25,76911747,PP
426,Cale,Gentsch,cgentschbt@mayoclinic.com,Male,$223384.13,791982947,PP
427,Fleming,Dayce,fdaycebu@diigo.com,Male,$174488.85,650556576,IT
428,Carolus,Nockells,cnockellsbv@meetup.com,Male,$811042.92,117365320,IT
429,Kelsy,Mohammed,kmohammedbw@wired.com,Female,$793669.63,245547873,PP
430,Jean,Pilgram,jpilgrambx@domainmarket.com,Female,$254802.16,1028089600,PP
431,Rockey,Le Claire,rleclaireby@angelfire.com,Male,$722363.32,828961916,IT
432,Templeton,Korda,tkordabz@epa.gov,Male,$838014.75,833004172,IT
433,Art,Skures,askuresc0@com.com,Male,$398786.67,342807649,CC
434,Jozef,Cecely,jcecelyc1@chron.com,Male,$953127.80,555663563,CC
435,Cassandra,Chesswas,cchesswasc2@theglobeandmail.com,Female,$451747.36,814505133,CC
436,Lion,Twell,ltwellc3@msu.edu,Male,$636192.79,612387214,CC
437,Kermy,Avison,kavisonc4@nyu.edu,Male,$494888.13,65918872,PP
438,Dru,Guerrero,dguerreroc5@diigo.com,Female,$672414.31,378258252,IT
439,Sari,Hindmore,shindmorec6@myspace.com,Female,$195553.96,418085646,CC
440,Adler,Galbraith,agalbraithc7@japanpost.jp,Male,$501992.83,152657095,PP
441,Nicholle,Dorling,ndorlingc8@java.com,Female,$365778.24,1020955147,CC
442,Brnaba,Pagitt,bpagittc9@wikipedia.org,Male,$393931.82,147011883,PP
443,Wilbur,Meininking,wmeininkingca@uiuc.edu,Male,$163856.22,892726751,IT
444,Grant,Sarton,gsartoncb@google.nl,Male,$707215.24,773865676,PP
445,Marsiella,Greenough,mgreenoughcc@chron.com,Female,$801780.77,395253911,IT
446,Gaven,Gudgen,ggudgencd@google.ru,Male,$958703.24,670156965,IT
447,Terencio,Pulver,tpulverce@wunderground.com,Male,$184715.34,157241768,CC
448,Candice,Coley,ccoleycf@mapy.cz,Female,$155997.41,841468786,CC
449,Lionel,Callaby,lcallabycg@domainmarket.com,Male,$999471.21,456488371,IT
450,Kearney,Comolli,kcomollich@ebay.com,Male,$702241.20,10826004,CC
451,Niko,Bracco,nbraccoci@macromedia.com,Male,$409965.31,55099874,CC
452,Genevra,Codeman,gcodemancj@google.it,Female,$929702.92,287656283,PP
453,Emelyne,Schirok,eschirokck@illinois.edu,Female,$718065.46,709752954,IT
454,Elmer,Pim,epimcl@businessinsider.com,Male,$948077.89,701693118,PP
455,Hillel,Fawdrie,hfawdriecm@bbb.org,Male,$118841.42,10315459,PP
456,Piggy,Ratlee,pratleecn@google.de,Male,$246504.51,439426833,CC
457,Luis,Demcik,ldemcikco@admin.ch,Male,$492300.65,125788479,IT
458,Vivianna,Kenington,vkeningtoncp@gnu.org,Female,$515257.65,416167585,PP
459,Erik,Stadding,estaddingcq@webeden.co.uk,Male,$926843.22,5822869,IT
460,Devan,Elis,deliscr@usnews.com,Female,$231021.84,207331483,IT
461,Dierdre,Harragin,dharragincs@last.fm,Female,$818277.42,244257938,PP
462,Beatrisa,Rabbage,brabbagect@squarespace.com,Female,$161773.47,284748009,CC
463,Noach,Milland,nmillandcu@e-recht24.de,Male,$721588.78,56502352,IT
464,Nerty,Danser,ndansercv@reverbnation.com,Female,$497512.35,89688793,CC
465,Clint,Salzen,csalzencw@flickr.com,Male,$985416.53,708943878,IT
466,Drucie,Gurwood,dgurwoodcx@hubpages.com,Female,$531630.12,383411693,PP
467,Judye,Warret,jwarretcy@netscape.com,Female,$856819.14,1041408539,CC
468,Gwenny,Danaher,gdanahercz@google.ca,Female,$307876.69,615693607,IT
469,Dorian,Anlay,danlayd0@cnn.com,Female,$638809.24,232630532,IT
470,Terrel,Minards,tminardsd1@dagondesign.com,Male,$972444.08,755523648,PP
471,Reinald,Rosenbarg,rrosenbargd2@trellian.com,Male,$102741.81,214201405,IT
472,Al,Thorneley,athorneleyd3@unicef.org,Male,$521388.68,759352824,CC
473,Hobie,Lapere,hlapered4@ifeng.com,Male,$121075.13,703374067,PP
474,Jacki,Michieli,jmichielid5@ted.com,Female,$568865.76,392699544,IT
475,Lura,Summersett,lsummersettd6@opensource.org,Female,$561834.12,967999396,IT
476,Carlita,Skipperbottom,cskipperbottomd7@dion.ne.jp,Female,$547019.92,513028609,CC
477,Dare,Bloor,dbloord8@ca.gov,Male,$468431.67,158933161,CC
478,Roselia,Shimmin,rshimmind9@bloglovin.com,Female,$720340.53,592970530,CC
479,Emmett,Jirus,ejirusda@comcast.net,Male,$343369.36,631374628,PP
480,Didi,Ovendon,dovendondb@elpais.com,Female,$184404.88,65917772,IT
481,Sylvia,Trundle,strundledc@admin.ch,Female,$107264.00,1013045262,PP
482,Darrel,Clinkard,dclinkarddd@mediafire.com,Male,$438348.17,202925722,PP
483,Stirling,Leyden,sleydende@toplist.cz,Male,$380443.80,59367385,PP
484,Hasty,Korous,hkorousdf@hugedomains.com,Male,$707219.98,346754395,CC
485,Aylmar,Brownsey,abrownseydg@amazon.co.jp,Male,$965760.91,222539023,IT
486,Idalina,Lyon,ilyondh@epa.gov,Female,$936539.53,118401489,IT
487,Clary,Siveyer,csiveyerdi@pcworld.com,Female,$959313.92,546938134,PP
488,Rikki,Culley,rculleydj@pbs.org,Male,$312303.53,655984834,PP
489,Frederick,Colnet,fcolnetdk@spotify.com,Male,$105923.41,879145328,PP
490,Artur,Wooder,awooderdl@hubpages.com,Male,$605470.74,82443908,CC
491,Jeralee,Dat,jdatdm@ed.gov,Female,$221820.80,558426403,IT
492,Jethro,Baddiley,jbaddileydn@home.pl,Male,$515853.41,123624308,CC
493,Baxie,Maffi,bmaffido@jigsy.com,Male,$203929.21,128503240,PP
494,Blake,Merigon,bmerigondp@nih.gov,Male,$923555.47,542147613,IT
495,Simone,Casajuana,scasajuanadq@newyorker.com,Female,$268383.03,686196797,PP
496,Brittany,Emmitt,bemmittdr@xrea.com,Female,$674711.47,965262973,PP
497,Lindi,D'Ugo,ldugods@fotki.com,Female,$802635.29,1001441209,CC
498,Elsbeth,Drabble,edrabbledt@tamu.edu,Female,$491770.27,841402443,CC
499,Sloan,Blumer,sblumerdu@cam.ac.uk,Male,$457430.66,1021931708,CC
500,Pavlov,Sloan,psloandv@uiuc.edu,Male,$320610.01,162652348,CC
501,Cort,Alldred,calldreddw@hud.gov,Male,$273309.18,178837008,IT
502,Brit,Harsnep,bharsnepdx@drupal.org,Female,$544116.38,674055876,IT
503,Rosalyn,Altofts,raltoftsdy@rediff.com,Female,$567873.17,620267083,CC
504,Sandie,Coultass,scoultassdz@qq.com,Female,$644708.72,653258656,PP
505,Bertrand,Antoshin,bantoshine0@ovh.net,Male,$332231.53,534665042,IT
506,Wilhelm,Hugonneau,whugonneaue1@rediff.com,Male,$773960.64,928433543,IT
507,Nikkie,Sarfati,nsarfatie2@princeton.edu,Female,$761735.74,661587240,CC
508,Barney,Tourot,btourote3@tinyurl.com,Male,$302822.22,756525153,CC
509,Shae,Mariolle,smariollee4@netvibes.com,Female,$132463.38,589116560,CC
510,Stacia,Lauga,slaugae5@unblog.fr,Female,$834131.50,710530645,CC
511,Obidiah,Penniell,opennielle6@amazonaws.com,Male,$758154.74,266468486,IT
512,Maxy,Keat,mkeate7@angelfire.com,Male,$435716.16,569741781,IT
513,Ingra,Gosenell,igosenelle8@state.gov,Male,$931324.56,419505599,PP
514,Corri,Bottrell,cbottrelle9@tamu.edu,Female,$628178.39,483636607,PP
515,Babs,Brum,bbrumea@dyndns.org,Female,$177726.80,164884685,IT
516,Dwight,Moresby,dmoresbyeb@msn.com,Male,$710860.72,942724146,CC
517,Nata,Nand,nnandec@youtube.com,Female,$313270.18,170540283,CC
518,Belicia,Danne,bdanneed@microsoft.com,Female,$693548.06,378205071,CC
519,Winona,Pauler,wpauleree@nih.gov,Female,$608479.30,316793397,PP
520,Ezra,Escalero,eescaleroef@histats.com,Male,$677473.30,177718437,CC
521,Rahel,Docket,rdocketeg@alibaba.com,Female,$137808.40,465954174,IT
522,Milly,Gymlett,mgymletteh@nytimes.com,Female,$590900.57,627778219,PP
523,See,Hugo,shugoei@sciencedaily.com,Male,$692359.45,829059127,IT
524,Nicolea,Crangle,ncrangleej@ebay.com,Female,$330617.18,453744898,IT
525,Guthrie,Newick,gnewickek@bloglovin.com,Male,$352682.14,16693241,CC
526,Deana,Westhofer,dwesthoferel@hhs.gov,Female,$918299.78,975874312,CC
527,Marrilee,Elmhurst,melmhurstem@cocolog-nifty.com,Female,$969679.75,470945825,CC
528,Vite,Longhorne,vlonghorneen@slate.com,Male,$969597.84,511750718,PP
529,Diane-marie,Belk,dbelkeo@baidu.com,Female,$136666.76,791704802,PP
530,Morgana,Chaulk,mchaulkep@jalbum.net,Female,$180151.08,496036213,PP
531,Alta,Landis,alandiseq@smh.com.au,Female,$980872.61,501538405,PP
532,Hewe,Hendrickx,hhendrickxer@taobao.com,Male,$808743.21,734867566,PP
533,Shalom,Izatt,sizattes@artisteer.com,Male,$227657.04,618164851,IT
534,Alaric,Felton,afeltonet@economist.com,Male,$900544.93,774322253,PP
535,Susy,Oliphard,soliphardeu@bravesites.com,Female,$586056.19,918644263,CC
536,Linus,Dunphie,ldunphieev@unblog.fr,Male,$382305.60,184200560,IT
537,Bordie,Ramard,bramardew@yale.edu,Male,$162985.20,461358685,PP
538,Tallie,Kupper,tkupperex@barnesandnoble.com,Female,$346974.53,792995203,CC
539,Candida,Woolland,cwoollandey@who.int,Female,$458600.34,716423190,CC
540,Kippie,Poker,kpokerez@go.com,Female,$439399.78,292460904,PP
541,Merrili,Seabourne,mseabournef0@mlb.com,Female,$381871.32,570730941,CC
542,Christi,Sibbe,csibbef1@deliciousdays.com,Female,$789568.91,168733051,PP
543,Tobie,Sellens,tsellensf2@technorati.com,Male,$649010.29,941194176,PP
544,Frederick,Boddy,fboddyf3@disqus.com,Male,$177877.64,43128232,IT
545,Margaux,Blemings,mblemingsf4@wunderground.com,Female,$542013.26,723416697,IT
546,Janette,Peele,jpeelef5@comcast.net,Female,$237043.56,449740901,PP
547,Brewer,Kytley,bkytleyf6@moonfruit.com,Male,$830745.31,808565758,PP
548,Urbanus,Lordon,ulordonf7@nih.gov,Male,$461819.05,386199984,IT
549,Kaitlynn,Lazarus,klazarusf8@tamu.edu,Female,$784822.36,523699215,PP
550,Wendall,Sillitoe,wsillitoef9@pagesperso-orange.fr,Male,$871570.31,483959444,CC
551,Frants,Speers,fspeersfa@typepad.com,Male,$538772.02,950264263,PP
552,Federico,Whitechurch,fwhitechurchfb@newyorker.com,Male,$190545.95,409461973,CC
553,Alric,Baudin,abaudinfc@homestead.com,Male,$449942.44,467837065,CC
554,Creigh,Hentze,chentzefd@imgur.com,Male,$346465.03,873409644,CC
555,Ferrel,Haddleston,fhaddlestonfe@elegantthemes.com,Male,$977231.22,847956432,PP
556,Gasper,Linton,glintonff@tmall.com,Male,$294046.17,727118385,CC
557,Ozzie,Riehm,oriehmfg@microsoft.com,Male,$342074.33,642542035,IT
558,Tadeas,Schettini,tschettinifh@merriam-webster.com,Male,$462639.78,138338185,CC
559,Anna-diane,Lecount,alecountfi@state.gov,Female,$366542.49,203199604,PP
560,Grady,Tonkes,gtonkesfj@epa.gov,Male,$135200.58,592212043,IT
561,Harlan,MacKain,hmackainfk@thetimes.co.uk,Male,$147097.52,712200636,PP
562,Teodoro,Harpin,tharpinfl@eventbrite.com,Male,$285714.34,460533500,CC
563,Lilas,Hydes,lhydesfm@fastcompany.com,Female,$268749.07,971809393,PP
564,Faythe,Grenshields,fgrenshieldsfn@accuweather.com,Female,$530240.29,773598202,PP
565,Gladys,Minihan,gminihanfo@wunderground.com,Female,$271594.95,1036092908,CC
566,Conway,Canceller,ccancellerfp@auda.org.au,Male,$849188.81,1024737179,IT
567,Flss,Lomasny,flomasnyfq@imageshack.us,Female,$473456.29,217583823,IT
568,Tandy,Baxendale,tbaxendalefr@amazonaws.com,Female,$568257.85,561077370,PP
569,Verge,Perceval,vpercevalfs@mlb.com,Male,$234395.44,91416863,PP
570,Hayward,Farrimond,hfarrimondft@java.com,Male,$433587.37,224287581,CC
571,Daffy,Keatch,dkeatchfu@gravatar.com,Female,$317409.61,595011360,IT
572,Klemens,Peaker,kpeakerfv@so-net.ne.jp,Male,$290840.34,611425448,PP
573,Merill,Mougenel,mmougenelfw@comcast.net,Male,$145964.23,1040222436,CC
574,Nicole,Nawton,nnawtonfx@rambler.ru,Female,$305838.29,530800041,CC
575,Bryant,Casine,bcasinefy@ft.com,Male,$696709.36,710519128,IT
576,Con,Petruk,cpetrukfz@lulu.com,Male,$334840.30,536884544,IT
577,Jocelin,Barke,jbarkeg0@unblog.fr,Female,$930105.57,665231144,IT
578,Guy,O'Bruen,gobrueng1@mysql.com,Male,$159628.37,1016014184,PP
579,Corbin,Keston,ckestong2@noaa.gov,Male,$726776.75,680239831,PP
580,Neil,Vondrak,nvondrakg3@angelfire.com,Male,$520185.49,829562339,PP
581,Wolf,Liles,wlilesg4@blogger.com,Male,$248710.39,761859422,CC
582,Gideon,Joberne,gjoberneg5@redcross.org,Male,$370310.56,378790209,IT
583,Cesar,Czaple,cczapleg6@china.com.cn,Male,$483981.25,682662648,CC
584,Dasi,Durgan,ddurgang7@techcrunch.com,Female,$562463.69,813266198,IT
585,Caren,Guerra,cguerrag8@telegraph.co.uk,Female,$136906.38,658408489,CC
586,Minetta,Rippingale,mrippingaleg9@wikipedia.org,Female,$172826.91,945095316,PP
587,Darnell,Willowby,dwillowbyga@hibu.com,Male,$106927.72,886079598,IT
588,Enid,Leist,eleistgb@narod.ru,Female,$406016.10,365855446,PP
589,Krissie,Edington,kedingtongc@amazon.co.uk,Female,$550338.99,751531744,PP
590,Lezley,Methringham,lmethringhamgd@rediff.com,Male,$549736.31,631087530,IT
591,Ignacio,Stubbs,istubbsge@geocities.com,Male,$444788.81,614125594,CC
592,Ardine,Fowell,afowellgf@altervista.org,Female,$992744.30,333674503,CC
593,Amalita,De Andreis,adeandreisgg@chronoengine.com,Female,$882322.27,74838552,PP
594,Karna,Lovelock,klovelockgh@salon.com,Female,$412743.88,682401289,CC
595,Arlen,Frere,afreregi@sina.com.cn,Female,$133703.23,173834645,IT
596,Griffy,Critzen,gcritzengj@mapquest.com,Male,$247309.73,628541837,CC
597,Hester,Pinck,hpinckgk@mapy.cz,Female,$530842.39,670999931,PP
598,Trevor,Deadman,tdeadmangl@bluehost.com,Male,$200428.12,1005237864,IT
599,Frasco,Pybworth,fpybworthgm@hubpages.com,Male,$582748.86,547576794,PP
600,Clerissa,Beyer,cbeyergn@yale.edu,Female,$748629.78,946174894,IT
601,Ginger,Gourlay,ggourlaygo@posterous.com,Female,$713446.32,367893427,PP
602,Richardo,Rubinovitch,rrubinovitchgp@shareasale.com,Male,$650703.20,730838285,CC
603,Davy,Ellens,dellensgq@cyberchimps.com,Male,$232274.40,631965029,IT
604,Mathias,Stickford,mstickfordgr@uiuc.edu,Male,$632484.72,630836884,PP
605,Kirsteni,MacChaell,kmacchaellgs@behance.net,Female,$539949.56,178836129,IT
606,Sutton,Cullin,scullingt@army.mil,Male,$868803.45,698944603,IT
607,Veronike,Kirke,vkirkegu@skyrock.com,Female,$602953.77,446084776,PP
608,Cassius,Louch,clouchgv@yale.edu,Male,$666888.88,571892642,CC
609,Gaultiero,Oxborough,goxboroughgw@acquirethisname.com,Male,$831577.50,235485051,IT
610,Horten,Pavlik,hpavlikgx@microsoft.com,Male,$856284.63,737856830,PP
611,Dale,Hillyatt,dhillyattgy@bbb.org,Male,$560508.15,868933910,IT
612,Ginger,Clitheroe,gclitheroegz@washington.edu,Male,$670594.76,736177206,IT
613,Zeke,Gyenes,zgyenesh0@boston.com,Male,$669564.65,845224657,PP
614,Lira,Blencowe,lblencoweh1@istockphoto.com,Female,$465375.83,580374548,CC
615,Aeriel,Matthai,amatthaih2@vistaprint.com,Female,$227330.97,253799027,CC
616,Daron,Baggarley,dbaggarleyh3@netlog.com,Male,$655911.31,887455675,CC
617,Kassey,Alflat,kalflath4@indiegogo.com,Female,$242960.03,322419855,CC
618,Robyn,Keetch,rkeetchh5@ox.ac.uk,Female,$472540.92,587324611,PP
619,Jesselyn,Burman,jburmanh6@hud.gov,Female,$791355.83,923122436,IT
620,Lexine,Vidler,lvidlerh7@hostgator.com,Female,$931731.86,794796701,IT
621,Dani,Rouzet,drouzeth8@va.gov,Female,$571485.38,475819245,CC
622,Thomasin,Dalgety,tdalgetyh9@spotify.com,Female,$481103.19,965135398,IT
623,Krishnah,Raithby,kraithbyha@latimes.com,Male,$614038.55,1042477089,PP
624,Christina,Axtonne,caxtonnehb@china.com.cn,Female,$496322.66,399156360,CC
625,Lyman,Willatt,lwillatthc@homestead.com,Male,$783201.25,308321332,IT
626,Mal,Klemz,mklemzhd@amazon.de,Male,$916770.88,409645952,IT
627,Faustina,Reder,frederhe@theatlantic.com,Female,$753336.90,144961757,PP
628,Halsey,Poytress,hpoytresshf@etsy.com,Male,$178848.72,972006262,PP
629,Marty,Lomath,mlomathhg@blogtalkradio.com,Female,$566259.17,837086489,CC
630,Karita,Rookeby,krookebyhh@blogtalkradio.com,Female,$621707.46,502333953,CC
631,Bradley,Edelheid,bedelheidhi@reference.com,Male,$547984.72,893873484,IT
632,Case,Gallyhaock,cgallyhaockhj@addtoany.com,Male,$608099.19,808822896,PP
633,Thia,Hawney,thawneyhk@guardian.co.uk,Female,$228451.84,92527804,PP
634,Batholomew,Greenrod,bgreenrodhl@blog.com,Male,$414932.91,484325080,CC
635,Udell,Farquarson,ufarquarsonhm@mac.com,Male,$180501.08,314916502,PP
636,Vale,Van de Castele,vvandecastelehn@opera.com,Male,$911860.43,665248954,IT
637,Fancy,Allkins,fallkinsho@addthis.com,Female,$838218.45,25367598,PP
638,Jannelle,Branca,jbrancahp@indiegogo.com,Female,$243065.42,445677968,CC
639,Zahara,Stracey,zstraceyhq@indiegogo.com,Female,$554114.02,603438560,PP
640,Saleem,Lalevee,slaleveehr@diigo.com,Male,$940448.48,71851557,CC
641,Micheline,Quesne,mquesnehs@yahoo.co.jp,Female,$976863.80,1011757795,CC
642,Ursala,Donett,udonettht@youtube.com,Female,$866531.82,722312280,PP
643,Thane,Frood,tfroodhu@eventbrite.com,Male,$239357.21,233357959,CC
644,Godart,Mustarde,gmustardehv@slideshare.net,Male,$818215.10,297399201,CC
645,Meier,Turk,mturkhw@ed.gov,Male,$888346.65,73296886,IT
646,Shayla,Christal,schristalhx@twitter.com,Female,$597707.00,720479257,PP
647,Calhoun,Wolpert,cwolperthy@bravesites.com,Male,$648386.47,766319037,IT
648,Marven,Brownrigg,mbrownrigghz@merriam-webster.com,Male,$295979.85,194263629,PP
649,Wilhelmina,Simo,wsimoi0@stumbleupon.com,Female,$541996.28,665028765,IT
650,Ferd,Cheke,fchekei1@nydailynews.com,Male,$449493.08,1005117249,PP
651,Tamar,Eldin,teldini2@youku.com,Female,$428907.90,236294077,CC
652,Berkie,Gellett,bgelletti3@utexas.edu,Male,$353991.58,636762977,IT
653,Currey,Harses,charsesi4@google.com.au,Male,$313539.67,648788583,PP
654,Vachel,Hyams,vhyamsi5@hibu.com,Male,$371054.02,529671836,PP
655,Toinette,Bondy,tbondyi6@disqus.com,Female,$516083.13,381649505,PP
656,Estel,Cockshutt,ecockshutti7@dropbox.com,Female,$272540.07,750828813,PP
657,Pia,Prescot,pprescoti8@mashable.com,Female,$648254.04,991534311,PP
658,Mab,Bastock,mbastocki9@constantcontact.com,Female,$774742.94,432081602,IT
659,Bastian,Glewe,bgleweia@cnbc.com,Male,$722853.45,870344794,IT
660,Van,Ricold,vricoldib@businessweek.com,Female,$852448.20,826957412,IT
661,Bonnee,Walstow,bwalstowic@go.com,Female,$670277.40,746477263,IT
662,Emery,Lapthorn,elapthornid@merriam-webster.com,Male,$772393.21,970499870,CC
663,Elvira,Allsebrook,eallsebrookie@studiopress.com,Female,$728240.90,433767841,PP
664,Jojo,Edensor,jedensorif@nifty.com,Female,$764628.89,573434825,IT
665,Gipsy,Connachan,gconnachanig@issuu.com,Female,$913841.06,979560836,PP
666,Darci,Boyles,dboylesih@accuweather.com,Female,$705799.13,250660675,PP
667,Caldwell,Dodsworth,cdodsworthii@wikimedia.org,Male,$888156.36,999249202,IT
668,Katinka,Skyram,kskyramij@desdev.cn,Female,$639831.97,944215931,IT
669,Lamont,Togwell,ltogwellik@nbcnews.com,Male,$823022.62,313194482,PP
670,Jordan,Tonner,jtonneril@bigcartel.com,Male,$634574.83,762558903,CC
671,Kristofor,Lemary,klemaryim@myspace.com,Male,$383568.77,680227161,IT
672,Rosette,Broadbury,rbroadburyin@discuz.net,Female,$339005.55,618260539,PP
673,Abey,Wintle,awintleio@linkedin.com,Male,$658239.84,146201540,CC
674,Linnea,Cellier,lcellierip@mashable.com,Female,$106611.99,656457152,PP
675,Eziechiele,Jentin,ejentiniq@acquirethisname.com,Male,$490055.84,360315214,IT
676,Erik,Keveren,ekeverenir@printfriendly.com,Male,$824064.95,357044012,CC
677,Annabella,Joslyn,ajoslynis@eventbrite.com,Female,$268319.37,624140528,CC
678,Cedric,Scampion,cscampionit@seattletimes.com,Male,$488150.64,435865341,IT
679,Edik,Bettis,ebettisiu@cnet.com,Male,$867343.80,711974289,CC
680,Corbin,Anderson,candersoniv@si.edu,Male,$977700.31,410603903,IT
681,Desmund,Dungay,ddungayiw@walmart.com,Male,$723879.41,448373261,PP
682,Ari,Winters,awintersix@cdc.gov,Male,$754540.49,227294731,IT
683,Eloisa,Bustard,ebustardiy@reference.com,Female,$986923.80,1043523426,PP
684,Olvan,Barrasse,obarrasseiz@go.com,Male,$150029.35,194079199,PP
685,Nessie,Hunt,nhuntj0@posterous.com,Female,$422672.99,378850997,CC
686,Fredek,Berrill,fberrillj1@nature.com,Male,$284649.23,675263879,PP
687,Edlin,Moyser,emoyserj2@nature.com,Male,$688323.35,981972701,IT
688,Laryssa,Haller,lhallerj3@nature.com,Female,$219760.25,933168234,IT
689,Nonna,Spreadbury,nspreadburyj4@google.com.br,Female,$365259.85,974980975,PP
690,Michale,Lemmertz,mlemmertzj5@netvibes.com,Male,$680082.02,168796561,PP
691,Timmie,Muff,tmuffj6@mapquest.com,Male,$334331.08,497570756,IT
692,Fannie,Sunners,fsunnersj7@123-reg.co.uk,Female,$817187.50,1025696461,IT
693,Chariot,Exeter,cexeterj8@sina.com.cn,Male,$860235.74,1023890472,CC
694,Deane,Amberson,dambersonj9@blogtalkradio.com,Male,$266299.99,391840022,PP
695,Marci,Kelsell,mkelsellja@rakuten.co.jp,Female,$981789.73,953209048,IT
696,Cullen,Seson,csesonjb@un.org,Male,$197260.04,160014866,IT
697,Barnaby,Farbrace,bfarbracejc@army.mil,Male,$762567.75,362965217,PP
698,Guenevere,Cadwell,gcadwelljd@scribd.com,Female,$521166.11,422506856,PP
699,Ali,Elham,aelhamje@nifty.com,Male,$894861.14,890273355,PP
700,Karyl,O'Scanlon,koscanlonjf@gov.uk,Female,$784723.50,28739012,IT
701,Maxy,Demare,mdemarejg@deliciousdays.com,Male,$978715.24,480979652,PP
702,Mehetabel,Bumby,mbumbyjh@hao123.com,Female,$666789.93,1032652995,IT
703,Holly,Callan,hcallanji@csmonitor.com,Female,$406289.34,189803904,IT
704,Emyle,Grisard,egrisardjj@nationalgeographic.com,Female,$569257.73,749052843,IT
705,Judith,Messitt,jmessittjk@vk.com,Female,$779349.38,520426846,CC
706,Johnathon,Richfield,jrichfieldjl@blinklist.com,Male,$324015.46,252900296,PP
707,Elmer,Tripett,etripettjm@europa.eu,Male,$328632.20,298061526,IT
708,Christy,Durham,cdurhamjn@wired.com,Female,$309919.92,476899566,CC
709,Boyd,Gauthorpp,bgauthorppjo@wix.com,Male,$590044.63,939332459,CC
710,Jyoti,Poolton,jpooltonjp@nymag.com,Female,$401731.19,140585305,PP
711,Fidelio,Dodsley,fdodsleyjq@opera.com,Male,$401828.47,738690365,PP
712,Aylmer,Hindmoor,ahindmoorjr@discovery.com,Male,$112309.35,818735243,IT
713,Rosalind,Moralee,rmoraleejs@weibo.com,Female,$153526.66,286567061,PP
714,Devonne,Manns,dmannsjt@blogspot.com,Female,$466870.71,848958246,CC
715,Gayelord,Brockelsby,gbrockelsbyju@symantec.com,Male,$469913.80,368466339,CC
716,Alis,Tamburi,atamburijv@epa.gov,Female,$196656.39,734878794,IT
717,Tyson,Kneath,tkneathjw@ucsd.edu,Male,$577578.60,869418213,PP
718,Harrie,Bratten,hbrattenjx@sitemeter.com,Female,$983846.99,182655712,CC
719,Anastasie,Espin,aespinjy@nymag.com,Female,$440154.53,209508763,CC
720,Noel,Lawlan,nlawlanjz@yolasite.com,Female,$590110.41,1000474862,IT
721,Michaella,Battye,mbattyek0@omniture.com,Female,$601329.54,167876772,PP
722,Brand,Gaule,bgaulek1@patch.com,Male,$113650.50,786018338,IT
723,Josey,Marney,jmarneyk2@narod.ru,Female,$911865.40,245619313,CC
724,Bancroft,MacKerley,bmackerleyk3@digg.com,Male,$449440.05,45442122,PP
725,Chick,Deegan,cdeegank4@ox.ac.uk,Male,$459751.02,1020900999,CC
726,Banky,Whistan,bwhistank5@discuz.net,Male,$747225.58,799477790,CC
727,Glynnis,Eddie,geddiek6@ocn.ne.jp,Female,$883936.93,485150449,CC
728,Minnaminnie,Faich,mfaichk7@artisteer.com,Female,$755898.56,912929717,PP
729,Nert,Dorney,ndorneyk8@intel.com,Female,$121002.28,366723503,CC
730,Woodie,Chamney,wchamneyk9@mashable.com,Male,$665640.32,1017234144,PP
731,Ari,Hoonahan,ahoonahanka@unesco.org,Male,$617614.64,700193358,IT
732,Huey,Pressdee,hpressdeekb@fema.gov,Male,$776701.19,556194752,CC
733,Ardra,Emblin,aemblinkc@cloudflare.com,Female,$906800.21,255513798,PP
734,Franni,Beach,fbeachkd@parallels.com,Female,$573532.79,54245589,IT
735,Doll,Elcott,delcottke@stanford.edu,Female,$702016.90,43221829,CC
736,Almire,Elden,aeldenkf@stumbleupon.com,Female,$373535.77,391270636,CC
737,Leigha,Penrice,lpenricekg@ehow.com,Female,$611027.80,155881389,IT
738,Bailey,Jedras,bjedraskh@skype.com,Male,$104791.37,361400582,CC
739,Bev,Swinnerton,bswinnertonki@baidu.com,Male,$594885.24,876037989,IT
740,Karin,Felton,kfeltonkj@state.gov,Female,$259699.17,37649151,CC
741,Angelico,Maw,amawkk@unicef.org,Male,$318499.12,882928624,PP
742,Katinka,Addekin,kaddekinkl@instagram.com,Female,$850215.85,851370080,CC
743,Dianna,Boyson,dboysonkm@hugedomains.com,Female,$430430.74,729618590,CC
744,Chet,Quartly,cquartlykn@theatlantic.com,Male,$954905.37,381868318,IT
745,Codi,Hovell,chovellko@thetimes.co.uk,Male,$216224.30,164000761,CC
746,Maddy,Langfitt,mlangfittkp@google.nl,Female,$511421.93,576850077,IT
747,Bastien,Kasher,bkasherkq@si.edu,Male,$511055.75,580119581,CC
748,Mitchael,Gianneschi,mgianneschikr@wikispaces.com,Male,$935594.09,373089197,IT
749,Arvie,Blindermann,ablindermannks@wunderground.com,Male,$652426.64,962756170,PP
750,Meryl,Ropp,mroppkt@usnews.com,Male,$944792.43,115822445,IT
751,Kaitlynn,Durnall,kdurnallku@dyndns.org,Female,$602927.86,1035547130,PP
752,Cris,Kopecka,ckopeckakv@scribd.com,Female,$938337.76,742452728,IT
753,Marcy,Corfield,mcorfieldkw@sina.com.cn,Female,$333787.59,900077638,IT
754,Vidovic,Furneaux,vfurneauxkx@cnbc.com,Male,$252432.04,347227822,CC
755,Juieta,McCanny,jmccannyky@state.tx.us,Female,$865508.77,337978117,CC
756,Olimpia,Plain,oplainkz@mysql.com,Female,$575756.56,355408294,PP
757,Daniele,Scoone,dscoonel0@google.co.jp,Female,$465118.78,211816963,CC
758,Art,Twoohy,atwoohyl1@issuu.com,Male,$117527.43,506192079,PP
759,Quent,Strange,qstrangel2@fotki.com,Male,$864113.70,794737651,PP
760,Anatole,Izzatt,aizzattl3@hp.com,Male,$803446.03,199205490,PP
761,Silvanus,Tolomelli,stolomellil4@loc.gov,Male,$182902.79,375914865,IT
762,Arv,Snaddin,asnaddinl5@theatlantic.com,Male,$860926.50,650108549,IT
763,Lydia,Featherston,lfeatherstonl6@cbc.ca,Female,$396269.88,188365868,CC
764,Brodie,Charrier,bcharrierl7@nationalgeographic.com,Male,$600464.75,440426715,PP
765,Inna,Ibbison,iibbisonl8@is.gd,Female,$654600.80,597897309,IT
766,Frederik,Clampton,fclamptonl9@diigo.com,Male,$740206.17,787502230,PP
767,Clemens,Dykas,cdykasla@skype.com,Male,$354169.71,84490604,PP
768,Quint,Issatt,qissattlb@issuu.com,Male,$392111.92,924912432,PP
769,Pamella,Sinnett,psinnettlc@aol.com,Female,$862856.15,920863734,CC
770,Zola,Prendeville,zprendevilleld@google.co.uk,Female,$671146.42,879028374,IT
771,Solly,Euels,seuelsle@twitter.com,Male,$492231.13,816634888,IT
772,Alvie,Trewman,atrewmanlf@thetimes.co.uk,Male,$487718.53,558451585,IT
773,Bary,Langston,blangstonlg@angelfire.com,Male,$453997.13,63105026,IT
774,Bink,Eberlein,beberleinlh@parallels.com,Male,$969855.74,1049949787,PP
775,Brandi,Guittet,bguittetli@blogger.com,Female,$518384.38,292909415,CC
776,Clerkclaude,Cheater,ccheaterlj@themeforest.net,Male,$993443.58,538360928,CC
777,Morly,Renne,mrennelk@amazon.co.jp,Male,$640032.22,110994488,IT
778,Lynn,Merrikin,lmerrikinll@blog.com,Male,$994098.63,469725424,CC
779,Melody,Lernihan,mlernihanlm@youtu.be,Female,$418143.07,1036443527,PP
780,Lisetta,Stratford,lstratfordln@shinystat.com,Female,$141082.15,87380297,PP
781,Dorolisa,Batterton,dbattertonlo@usatoday.com,Female,$827639.07,151199312,PP
782,Virge,Quarmby,vquarmbylp@xing.com,Male,$437058.32,57010187,PP
783,Erny,Gehringer,egehringerlq@google.it,Male,$464372.35,58119997,PP
784,Anabelle,Bedward,abedwardlr@purevolume.com,Female,$648047.70,700045364,IT
785,Christina,Eyckel,ceyckells@prlog.org,Female,$585794.87,186324708,PP
786,Orlando,Glasper,oglasperlt@pbs.org,Male,$499361.18,613814287,CC
787,Babb,Mulbery,bmulberylu@hubpages.com,Female,$251819.53,736085160,IT
788,Sada,Dowyer,sdowyerlv@skype.com,Female,$238131.73,672715841,CC
789,Doro,Malling,dmallinglw@biblegateway.com,Female,$492747.01,718543158,CC
790,Munmro,Wreak,mwreaklx@nasa.gov,Male,$709749.43,52771365,PP
791,Laverna,Tague,ltaguely@wufoo.com,Female,$988845.49,1027449971,PP
792,Wainwright,Meads,wmeadslz@live.com,Male,$190492.41,350249532,PP
793,Bronnie,Gozzett,bgozzettm0@topsy.com,Male,$385477.30,651159203,PP
794,Rupert,Goulter,rgoulterm1@over-blog.com,Male,$337324.51,1028209709,PP
795,Fernanda,McQuorkel,fmcquorkelm2@ftc.gov,Female,$750768.46,770314641,IT
796,Keane,Lates,klatesm3@prnewswire.com,Male,$739820.43,361552028,IT
797,Ronni,Janczak,rjanczakm4@nature.com,Female,$611579.46,378808613,CC
798,Evyn,Bolley,ebolleym5@hatena.ne.jp,Male,$291685.95,750573252,PP
799,Lorry,Thrower,lthrowerm6@admin.ch,Male,$397138.96,819499655,PP
800,Maia,Trendle,mtrendlem7@oaic.gov.au,Female,$168177.00,1040077634,CC
801,Blanche,Conner,bconnerm8@umn.edu,Female,$460351.73,227984960,IT
802,Cassandry,McRuvie,cmcruviem9@nih.gov,Female,$798177.56,405929229,PP
803,Rolf,Tweddle,rtweddlema@simplemachines.org,Male,$864225.97,265368408,PP
804,Wallas,Simao,wsimaomb@admin.ch,Male,$869272.98,1023707653,CC
805,Sunny,Baudry,sbaudrymc@123-reg.co.uk,Male,$907353.64,149616899,PP
806,Lincoln,Jakubowicz,ljakubowiczmd@army.mil,Male,$730809.44,183031292,IT
807,Ferdie,Golledge,fgolledgeme@ucoz.ru,Male,$889878.24,744296007,PP
808,Kliment,Treske,ktreskemf@ycombinator.com,Male,$939759.62,258983098,IT
809,Haze,Scullion,hscullionmg@reference.com,Male,$616810.67,330563466,CC
810,Aluin,Nutbeam,anutbeammh@nydailynews.com,Male,$195271.24,464475252,PP
811,Malory,Gower,mgowermi@paypal.com,Female,$771897.97,82305186,CC
812,Mario,Greenfield,mgreenfieldmj@free.fr,Male,$386661.33,504274864,CC
813,Bron,Keeley,bkeeleymk@upenn.edu,Male,$657087.67,306625655,PP
814,Kristofer,Greeve,kgreeveml@goodreads.com,Male,$219726.22,796965521,CC
815,Lyn,Murrhardt,lmurrhardtmm@omniture.com,Male,$809883.33,728183140,PP
816,Zollie,Edsall,zedsallmn@time.com,Male,$448863.95,317749516,CC
817,Xaviera,Varlow,xvarlowmo@uol.com.br,Female,$930837.33,116622464,CC
818,Kimmie,O'Kynsillaghe,kokynsillaghemp@hugedomains.com,Female,$272494.44,585817063,PP
819,Barbabra,Scandrett,bscandrettmq@dyndns.org,Female,$924868.03,893740544,IT
820,Terence,Tickle,tticklemr@skype.com,Male,$661520.01,880412964,IT
821,Cyril,Gratten,cgrattenms@businessinsider.com,Male,$831962.96,613671411,IT
822,Ketti,Cornelius,kcorneliusmt@bizjournals.com,Female,$464986.49,827960094,PP
823,Idell,Dugood,idugoodmu@google.com.au,Female,$509110.48,624473597,PP
824,Bernie,Verdy,bverdymv@imdb.com,Male,$113950.07,251626644,PP
825,Sandor,Aberchirder,saberchirdermw@netlog.com,Male,$485119.00,50420215,IT
826,Michel,Causier,mcausiermx@123-reg.co.uk,Female,$460639.15,589022761,CC
827,Emile,Rosentholer,erosentholermy@sbwire.com,Male,$342920.35,921620532,PP
828,Justin,Sinderson,jsindersonmz@chicagotribune.com,Male,$925932.35,15687687,CC
829,Dianna,Pateman,dpatemann0@washingtonpost.com,Female,$437174.44,40146087,IT
830,Gizela,Croser,gcrosern1@independent.co.uk,Female,$854519.97,909643248,IT
831,Lennard,Boam,lboamn2@booking.com,Male,$904668.51,901892465,IT
832,Juanita,Elliff,jelliffn3@boston.com,Female,$365448.53,90069207,IT
833,Dur,Beggin,dbegginn4@dedecms.com,Male,$199798.37,726623122,PP
834,Murdoch,Ritchings,mritchingsn5@about.me,Male,$185989.70,31880335,PP
835,Bride,Jandl,bjandln6@uiuc.edu,Female,$104493.61,125546947,CC
836,Dorian,Overstall,doverstalln7@instagram.com,Male,$194292.09,350398253,PP
837,Roley,Tetford,rtetfordn8@statcounter.com,Male,$955776.44,908224376,CC
838,Chandra,Carncross,ccarncrossn9@webnode.com,Female,$775256.12,914827859,IT
839,Ignaz,Overington,ioveringtonna@opera.com,Male,$563492.72,174830360,PP
840,Stavro,Curedell,scuredellnb@economist.com,Male,$934934.06,231715394,IT
841,Mannie,Jaggi,mjagginc@tamu.edu,Male,$243552.90,542322933,CC
842,Piggy,Cisar,pcisarnd@squidoo.com,Male,$104608.50,549068139,IT
843,Frants,Castille,fcastillene@infoseek.co.jp,Male,$799381.73,130837879,PP
844,Patience,Lewnden,plewndennf@google.com.au,Female,$968001.66,263951129,CC
845,Hilary,Willett,hwillettng@usnews.com,Female,$322630.10,541856571,IT
846,Miguela,Windmill,mwindmillnh@gravatar.com,Female,$767880.87,207252858,IT
847,Charlotta,Taks,ctaksni@sakura.ne.jp,Female,$881190.06,181058557,CC
848,Simonne,Patrone,spatronenj@macromedia.com,Female,$223798.21,200592403,PP
849,Fin,Hritzko,fhritzkonk@mit.edu,Male,$533761.14,956973746,PP
850,Puff,Wintringham,pwintringhamnl@bizjournals.com,Male,$627670.23,253397851,CC
851,Mirabella,Speeding,mspeedingnm@google.de,Female,$377754.43,177259944,IT
852,Deedee,Lettington,dlettingtonnn@i2i.jp,Female,$265070.06,869521078,CC
853,Alberik,Fishley,afishleyno@ebay.com,Male,$768164.42,517959802,PP
854,Tracy,Bugbee,tbugbeenp@geocities.com,Female,$695389.54,770266878,IT
855,Christa,Hambrook,chambrooknq@nytimes.com,Female,$159205.83,926669605,CC
856,Jillene,Beneze,jbenezenr@sfgate.com,Female,$339788.60,1001323579,PP
857,Merrel,Denne,mdennens@uol.com.br,Male,$959116.12,930822609,PP
858,Minny,Bage,mbagent@house.gov,Female,$153286.06,360576622,PP
859,Mycah,Mully,mmullynu@yellowpages.com,Male,$578934.39,363392480,PP
860,Cornell,Menel,cmenelnv@youtu.be,Male,$497165.04,909774500,CC
861,Maybelle,Timblett,mtimblettnw@mtv.com,Female,$950585.48,119314165,IT
862,Foss,Ollcott,follcottnx@tinyurl.com,Male,$593331.10,609167236,IT
863,Petronia,Incogna,pincognany@google.co.uk,Female,$371032.81,126911904,CC
864,Pietro,Whebell,pwhebellnz@ocn.ne.jp,Male,$442719.25,379817375,IT
865,Cyndi,Trusslove,ctrussloveo0@gnu.org,Female,$303609.02,328441609,IT
866,Kaitlynn,Dibb,kdibbo1@census.gov,Female,$444466.92,461437246,CC
867,Patrice,Matteris,pmatteriso2@amazon.co.uk,Female,$566061.23,14168686,IT
868,Pollyanna,Placido,pplacidoo3@jigsy.com,Female,$983295.04,499118294,PP
869,Allyson,Morde,amordeo4@omniture.com,Female,$147215.64,1023001675,CC
870,Titus,Goodbarne,tgoodbarneo5@blog.com,Male,$288558.54,659208612,IT
871,Eda,Whyte,ewhyteo6@time.com,Female,$860891.92,764548942,PP
872,Polly,Klicher,pklichero7@nsw.gov.au,Female,$193689.53,565209820,CC
873,Clo,Nickolls,cnickollso8@paypal.com,Female,$425066.15,372751011,PP
874,Lester,Behn,lbehno9@fc2.com,Male,$698642.16,173026048,IT
875,Mark,Simmonett,msimmonettoa@stumbleupon.com,Male,$506761.10,762246260,PP
876,Morganica,Davidsohn,mdavidsohnob@typepad.com,Female,$809866.81,820369619,IT
877,Connie,Larret,clarretoc@tripod.com,Male,$992123.27,525066645,CC
878,Karrie,Gerardot,kgerardotod@free.fr,Female,$354626.28,800045585,IT
879,Kristin,Cumbes,kcumbesoe@geocities.com,Female,$261063.52,117513169,CC
880,Rubetta,Ianniello,riannielloof@issuu.com,Female,$282300.34,660539208,IT
881,Myrah,Ierland,mierlandog@eventbrite.com,Female,$235657.72,534141694,CC
882,Alaster,Bettenay,abettenayoh@jalbum.net,Male,$882876.40,255468697,CC
883,Junette,Coche,jcocheoi@amazon.co.jp,Female,$140261.58,571718988,PP
884,Kaylyn,Cawsey,kcawseyoj@qq.com,Female,$542803.13,36482135,CC
885,Dudley,Isard,disardok@google.ca,Male,$416584.89,288629145,CC
886,Jere,Bleibaum,jbleibaumol@timesonline.co.uk,Male,$924104.26,829479697,CC
887,Corrine,Zanelli,czanelliom@smh.com.au,Female,$308698.68,880375764,IT
888,Berky,Herreros,bherreroson@google.it,Male,$844597.45,560967710,IT
889,Batsheva,Upcraft,bupcraftoo@issuu.com,Female,$579404.39,839008224,IT
890,Bryan,Dudny,bdudnyop@usnews.com,Male,$741408.19,115271769,PP
891,Quint,Ciobotaru,qciobotaruoq@japanpost.jp,Male,$694014.13,239722702,CC
892,Hephzibah,Lobell,hlobellor@mac.com,Female,$521462.99,1042096393,CC
893,Lynett,Gainseford,lgainsefordos@homestead.com,Female,$915535.04,1033889018,IT
894,Norean,Duplan,nduplanot@slate.com,Female,$199027.58,874416802,CC
895,Zarla,Balling,zballingou@berkeley.edu,Female,$725457.66,430214612,IT
896,Sofia,Sterricker,ssterrickerov@engadget.com,Female,$825887.03,773012839,CC
897,Lorrayne,Wyne,lwyneow@addtoany.com,Female,$446568.88,405519073,IT
898,Lewiss,Capel,lcapelox@google.es,Male,$560070.68,825441064,CC
899,Clerissa,Lydall,clydalloy@tripadvisor.com,Female,$959446.26,937278935,CC
900,Larry,Parman,lparmanoz@ameblo.jp,Male,$158880.31,429933230,PP
901,Darline,Bracci,dbraccip0@theglobeandmail.com,Female,$840893.55,624813163,IT
902,Orland,Schimon,oschimonp1@indiatimes.com,Male,$702880.15,659840260,IT
903,Abbot,Jeaycock,ajeaycockp2@zdnet.com,Male,$526980.97,101096536,PP
904,Angeli,Nijs,anijsp3@github.com,Male,$266572.02,982021380,PP
905,Berthe,Chaperlin,bchaperlinp4@phoca.cz,Female,$718432.23,363786259,CC
906,Ravi,Brislawn,rbrislawnp5@wunderground.com,Male,$469118.45,626237690,PP
907,Jobye,Barta,jbartap6@ucsd.edu,Female,$230650.93,579332340,CC
908,Joscelin,Blood,jbloodp7@mapy.cz,Female,$245240.98,234406697,PP
909,Ole,Simchenko,osimchenkop8@constantcontact.com,Male,$930610.98,975480660,IT
910,Ursulina,Newberry,unewberryp9@xing.com,Female,$107693.58,199980687,IT
911,Rudiger,Franzke,rfranzkepa@theatlantic.com,Male,$767749.97,208200806,IT
912,Eugene,Damsell,edamsellpb@nationalgeographic.com,Male,$902956.81,130339141,IT
913,Janka,Scurlock,jscurlockpc@disqus.com,Female,$209359.00,291271957,PP
914,Brenden,Riddington,briddingtonpd@engadget.com,Male,$901114.48,38396809,PP
915,Corey,Helix,chelixpe@ocn.ne.jp,Female,$316926.71,1024294927,IT
916,Dave,Mandy,dmandypf@cnbc.com,Male,$312480.17,250072211,PP
917,Gerhard,Willmer,gwillmerpg@g.co,Male,$893654.71,936966162,PP
918,Eduard,Scramage,escramageph@sfgate.com,Male,$455762.83,599770398,CC
919,Casey,Veldman,cveldmanpi@thetimes.co.uk,Male,$240347.83,882353819,PP
920,Shawn,Ammer,sammerpj@walmart.com,Female,$414706.01,366385113,PP
921,Lazarus,Ioan,lioanpk@eepurl.com,Male,$322881.08,28409510,IT
922,Moe,Vivash,mvivashpl@elpais.com,Male,$766708.43,587289342,IT
923,Cassondra,Fee,cfeepm@stumbleupon.com,Female,$889087.51,105140636,IT
924,Josey,Deeming,jdeemingpn@usda.gov,Female,$596194.10,176359458,CC
925,Nikolai,Scargill,nscargillpo@amazon.co.jp,Male,$838164.40,668441308,CC
926,Alan,Longstaffe,alongstaffepp@github.io,Male,$148857.38,960428328,CC
927,Brad,Cominello,bcominellopq@utexas.edu,Male,$337672.80,431347047,PP
928,Weylin,Rann,wrannpr@weather.com,Male,$624257.24,644383052,IT
929,Fayth,Sawell,fsawellps@elpais.com,Female,$697069.96,218344845,IT
930,Andria,Millam,amillampt@washingtonpost.com,Female,$862480.47,798275088,IT
931,Homere,Caress,hcaresspu@microsoft.com,Male,$120417.60,437092681,PP
932,Susannah,Lening,sleningpv@mail.ru,Female,$668602.60,859887120,IT
933,Sammy,Byrom,sbyrompw@mediafire.com,Male,$120344.38,945527945,CC
934,Joan,Gossage,jgossagepx@statcounter.com,Female,$566687.73,597152716,PP
935,Marsh,Fronks,mfronkspy@bravesites.com,Male,$810360.52,32477998,CC
936,Locke,Haskell,lhaskellpz@oracle.com,Male,$653057.94,426200898,IT
937,Carolus,Upton,cuptonq0@clickbank.net,Male,$187043.92,423082006,CC
938,Jerrold,Hemeret,jhemeretq1@craigslist.org,Male,$818377.80,661523486,IT
939,Aurora,Izatt,aizattq2@ibm.com,Female,$585296.24,52360669,PP
940,Clo,Fritzer,cfritzerq3@chron.com,Female,$104808.40,866582593,PP
941,Melissa,Ingley,mingleyq4@cdbaby.com,Female,$909302.28,900381236,IT
942,Seth,Hargerie,shargerieq5@ebay.com,Male,$361191.92,588734015,PP
943,Theda,Jerdan,tjerdanq6@psu.edu,Female,$345424.62,741846274,PP
944,Allin,Dymock,adymockq7@rambler.ru,Male,$291443.07,804929224,CC
945,Jessie,Quiddihy,jquiddihyq8@flavors.me,Male,$279511.51,347023543,IT
946,Tye,Moyers,tmoyersq9@cocolog-nifty.com,Male,$222217.79,920925511,IT
947,Deana,Dearing,ddearingqa@sfgate.com,Female,$207147.12,876772623,CC
948,Josi,Hawarden,jhawardenqb@google.de,Female,$540531.62,72319754,IT
949,Filippo,Rielly,friellyqc@addtoany.com,Male,$825793.58,414797438,PP
950,Keely,Beebee,kbeebeeqd@themeforest.net,Female,$126212.21,264558614,IT
951,Willey,Brahms,wbrahmsqe@ycombinator.com,Male,$932999.67,175546678,PP
952,Silvie,Foottit,sfoottitqf@exblog.jp,Female,$873630.33,168073814,PP
953,Chance,Boutcher,cboutcherqg@odnoklassniki.ru,Male,$156214.18,20531319,CC
954,Fidole,Feely,ffeelyqh@nydailynews.com,Male,$129285.08,125873495,CC
955,Tomasine,De la Feld,tdelafeldqi@free.fr,Female,$643082.03,873365085,CC
956,Barnett,Wynrehame,bwynrehameqj@ovh.net,Male,$396711.04,221293664,IT
957,Gradey,Van Castele,gvancasteleqk@vkontakte.ru,Male,$767236.59,798551609,IT
958,Ignazio,Deverill,ideverillql@linkedin.com,Male,$127546.91,500476867,IT
959,Wendel,Gobel,wgobelqm@toplist.cz,Male,$695212.37,25402333,PP
960,Cherey,Izakov,cizakovqn@lulu.com,Female,$215120.54,363050199,CC
961,Kania,Grichukhin,kgrichukhinqo@nyu.edu,Female,$979305.32,417771064,CC
962,Annnora,Sharratt,asharrattqp@samsung.com,Female,$502004.82,680814080,PP
963,Andromache,Myring,amyringqq@youku.com,Female,$402182.20,141597249,PP
964,Angele,Suttaby,asuttabyqr@dailymail.co.uk,Female,$113201.36,1028952042,IT
965,Stevena,Gunson,sgunsonqs@nasa.gov,Female,$911281.33,905008367,CC
966,Deirdre,Outridge,doutridgeqt@topsy.com,Female,$917244.77,424007724,IT
967,Benetta,Tallant,btallantqu@howstuffworks.com,Female,$807354.14,929642331,CC
968,Sarene,Jacklin,sjacklinqv@theatlantic.com,Female,$936984.27,299251348,IT
969,Carolin,Brock,cbrockqw@deliciousdays.com,Female,$809208.45,616594330,CC
970,Ynes,Korejs,ykorejsqx@usda.gov,Female,$198416.20,894591236,CC
971,Renaud,Robecon,rrobeconqy@oakley.com,Male,$828612.49,245173256,IT
972,Ulric,Gabb,ugabbqz@irs.gov,Male,$598936.75,848508302,IT
973,Carlos,Siggery,csiggeryr0@comcast.net,Male,$900628.58,255264583,CC
974,Pippa,Tombs,ptombsr1@guardian.co.uk,Female,$587311.50,121042409,CC
975,Coleen,Crowthe,ccrowther2@hubpages.com,Female,$246174.55,1035105876,PP
976,Inglebert,Mainland,imainlandr3@jugem.jp,Male,$955754.33,778254000,PP
977,Petr,Drioli,pdriolir4@hc360.com,Male,$675992.42,417519432,CC
978,Krishna,Baptist,kbaptistr5@w3.org,Male,$279063.87,552267545,IT
979,Suzi,Lenoir,slenoirr6@ebay.co.uk,Female,$293896.01,709145901,IT
980,Wiley,Durrance,wdurrancer7@behance.net,Male,$210751.33,11524936,IT
981,Arvy,Vidler,avidlerr8@msu.edu,Male,$736478.13,107499976,IT
982,Pauletta,MacCourt,pmaccourtr9@multiply.com,Female,$909437.74,828416275,PP
983,Ladonna,Guilaem,lguilaemra@over-blog.com,Female,$801035.93,856884392,PP
984,Gerty,McCorley,gmccorleyrb@sina.com.cn,Female,$298678.66,698074311,IT
985,Rey,Boddice,rboddicerc@cnn.com,Female,$616323.28,1016593345,PP
986,Emmett,McCurley,emccurleyrd@dagondesign.com,Male,$907766.62,1001749953,IT
987,Neely,Scay,nscayre@diigo.com,Female,$616110.70,197142753,PP
988,Rici,Minister,rministerrf@yellowbook.com,Female,$987697.49,75054928,IT
989,Mathian,Fruin,mfruinrg@netvibes.com,Male,$598920.37,932746645,PP
990,Rachael,Labbett,rlabbettrh@barnesandnoble.com,Female,$863470.18,974970279,CC
991,Brodie,Palffy,bpalffyri@arizona.edu,Male,$741164.56,769986221,PP
992,Linn,Meffen,lmeffenrj@japanpost.jp,Male,$726740.29,790129210,IT
993,Catlin,Gascar,cgascarrk@discuz.net,Female,$962892.78,449690144,PP
994,Rustin,McGregor,rmcgregorrl@businesswire.com,Male,$910138.55,737932492,IT
995,Isobel,Rissen,irissenrm@cbslocal.com,Female,$714260.63,274836790,CC
996,Trent,Stokey,tstokeyrn@networksolutions.com,Male,$797630.76,1015846362,IT
997,Abdul,Bernadon,abernadonro@ucla.edu,Male,$408664.15,702597001,CC
998,Hayes,Gumb,hgumbrp@java.com,Male,$694486.52,257123133,CC
999,Millicent,Mix,mmixrq@nps.gov,Female,$676084.61,200422875,IT
1000,Siusan,Thatcham,sthatchamrr@blogspot.com,Female,$521578.66,59575595,CC
