id,nombre,apellido,email,genero,valor_tx,numero_identificacion,tipo_identificacion
1,Henri,Squirrell,hsquirrell0@reddit.com,Male,$825036.87,850060872,PP
2,Lucky,Lowis,llowis1@dyndns.org,Female,$422819.54,267282389,IT
3,Gusta,Humphery,ghumphery2@deliciousdays.com,Female,$518192.43,843893553,PP
4,Allys,Ragbourn,aragbourn3@ifeng.com,Female,$591031.37,613568290,PP
5,Vanda,Disdel,vdisdel4@cnet.com,Female,$960159.80,216838519,CC
6,Tremain,Basey,tbasey5@webnode.com,Male,$507187.27,729980707,CC
7,Zaria,Idiens,zidiens6@gmpg.org,Female,$741848.72,82605943,IT
8,Carlynne,Devenny,cdevenny7@comsenz.com,Female,$876290.85,919203884,IT
9,Yvonne,Spatarul,yspatarul8@uiuc.edu,Female,$381898.95,246524133,PP
10,Phillip,Trippitt,ptrippitt9@seattletimes.com,Male,$346130.37,129494105,CC
11,Talya,Benninck,tbennincka@rambler.ru,Female,$886028.56,27954419,IT
12,Fernando,Gowan,fgowanb@de.vu,Male,$988598.61,222817723,IT
13,Kenyon,Blazeby,kblazebyc@apache.org,Male,$337670.53,1003134399,PP
14,Twila,de Amaya,tdeamayad@bloglovin.com,Female,$550940.67,447032936,CC
15,Cathyleen,Zebedee,czebedeee@addtoany.com,Female,$198059.39,265516194,PP
16,Jada,Juan,jjuanf@cisco.com,Female,$592457.93,195337800,PP
17,Jarvis,Flooks,jflooksg@moonfruit.com,Male,$506035.56,802511520,CC
18,Nil,Gheorghescu,ngheorghescuh@newyorker.com,Male,$603445.64,484616204,IT
19,Sheff,Agett,sagetti@rediff.com,Male,$581540.19,549387616,CC
20,Fayre,Skellington,fskellingtonj@myspace.com,Female,$415934.29,565087979,CC
21,Cris,Poznanski,cpoznanskik@paginegialle.it,Female,$365166.05,852276353,CC
22,Abbey,Rehme,arehmel@google.pl,Male,$934078.92,948769883,IT
23,Marjory,Bowkett,mbowkettm@linkedin.com,Female,$353153.25,582576139,IT
24,Andris,Pendlington,apendlingtonn@usgs.gov,Male,$602746.06,721947612,PP
25,Marilin,Drewe,mdreweo@sbwire.com,Female,$713786.38,964352116,CC
26,Ianthe,Astie,iastiep@un.org,Female,$179990.09,230033952,CC
27,Maye,Yakushkev,myakushkevq@elegantthemes.com,Female,$725874.68,868286401,IT
28,Massimo,Kilshall,mkilshallr@jiathis.com,Male,$433076.99,1017036714,IT
29,Spenser,Birney,sbirneys@about.com,Male,$586459.71,1037224404,IT
30,Sybyl,McKean,smckeant@cnet.com,Female,$476663.73,358871154,CC
31,Burnard,Levey,bleveyu@indiegogo.com,Male,$403361.84,966035624,PP
32,Lebbie,Henrie,lhenriev@weather.com,Female,$634317.84,947239015,CC
33,Bellina,Franceschelli,bfranceschelliw@merriam-webster.com,Female,$915990.61,899821762,IT
34,Michelle,Denny,mdennyx@webnode.com,Female,$830597.58,553559503,PP
35,Lesley,Merioth,lmeriothy@mozilla.com,Male,$999522.23,1042771966,PP
36,Frants,Birkin,fbirkinz@xinhuanet.com,Male,$729688.41,146417049,CC
37,Brew,Hicks,bhicks10@wordpress.org,Male,$675781.07,291409648,PP
38,Giselbert,D'Enrico,gdenrico11@paypal.com,Male,$387241.22,1038306379,IT
39,Nicola,Jagson,njagson12@feedburner.com,Female,$686900.65,611656412,PP
40,Elvin,Le Huquet,elehuquet13@wikia.com,Male,$366174.89,1040202254,IT
41,Nadiya,Wain,nwain14@thetimes.co.uk,Female,$827118.57,88833498,CC
42,Tabb,Tweedell,ttweedell15@jalbum.net,Male,$406077.97,873689214,IT
43,Shandeigh,Boyat,sboyat16@wp.com,Female,$493096.05,339413752,CC
44,Jacob,Gyse,jgyse17@prnewswire.com,Male,$820262.53,587218035,PP
45,Basile,Lupton,blupton18@sfgate.com,Male,$759514.05,771067936,PP
46,Gardiner,Woolner,gwoolner19@about.com,Male,$102282.11,998578190,CC
47,Shermy,Guerre,sguerre1a@buzzfeed.com,Male,$981499.68,49029735,CC
48,Maryrose,Ambroise,mambroise1b@delicious.com,Female,$606108.80,250218524,IT
49,Vanessa,Foskew,vfoskew1c@cpanel.net,Female,$512100.42,97116200,IT
50,Reinaldos,Pressnell,rpressnell1d@usgs.gov,Male,$534825.80,63078028,IT
51,Berny,Walenta,bwalenta1e@ucsd.edu,Male,$278599.99,867678832,CC
52,Kristina,Faulkes,kfaulkes1f@tiny.cc,Female,$320270.70,904625565,CC
53,Valina,Shovlin,vshovlin1g@walmart.com,Female,$476585.17,788757167,IT
54,Chrissy,Keoghane,ckeoghane1h@timesonline.co.uk,Male,$198502.64,253874731,PP
55,Kerk,Arber,karber1i@usnews.com,Male,$346414.19,1013811098,IT
56,Maurise,Stachini,mstachini1j@wordpress.org,Male,$365597.48,29456159,PP
57,Zorine,Waulker,zwaulker1k@house.gov,Female,$451717.28,67892398,CC
58,Gerta,Conry,gconry1l@barnesandnoble.com,Female,$121538.17,643379853,IT
59,Shane,Vasyukov,svasyukov1m@youku.com,Male,$997707.87,528627378,CC
60,Eadie,Kellar,ekellar1n@illinois.edu,Female,$964363.73,254405962,IT
61,Elenore,Walklot,ewalklot1o@google.ru,Female,$619839.28,254186720,CC
62,Ethel,Caren,ecaren1p@tiny.cc,Female,$629477.07,114254676,CC
63,Moyra,Kropach,mkropach1q@ebay.com,Female,$456626.65,526357686,PP
64,Worth,Dagon,wdagon1r@dell.com,Male,$207846.43,212570398,IT
65,Correy,Tomkins,ctomkins1s@infoseek.co.jp,Male,$127807.77,764418326,CC
66,Jesselyn,Ruselin,jruselin1t@cdbaby.com,Female,$739996.26,709509583,CC
67,Dalis,Makin,dmakin1u@nih.gov,Male,$898043.49,205624503,IT
68,Shane,Perrone,sperrone1v@amazon.de,Female,$951798.12,831161339,IT
69,Esme,Antoons,eantoons1w@cdbaby.com,Male,$528672.15,328544051,IT
70,Bar,Tortoise,btortoise1x@prweb.com,Male,$412884.11,692114018,PP
71,Gallagher,Danielut,gdanielut1y@harvard.edu,Male,$511439.01,980399870,CC
72,Brittany,Fairbairn,bfairbairn1z@cbc.ca,Female,$161241.87,276698334,CC
73,Gisela,Phippin,gphippin20@mac.com,Female,$390972.36,647765932,IT
74,Kristo,Giacomasso,kgiacomasso21@auda.org.au,Male,$329646.47,831180720,IT
75,Ferdy,Arnaldy,farnaldy22@alibaba.com,Male,$183879.28,535347251,IT
76,Westbrook,Harrad,wharrad23@smugmug.com,Male,$937988.40,176949634,IT
77,Blayne,Mellor,bmellor24@umn.edu,Male,$227202.21,435794746,PP
78,Travers,Stockow,tstockow25@engadget.com,Male,$138656.69,761604723,IT
79,Morena,Fardy,mfardy26@exblog.jp,Female,$836283.76,631522297,PP
80,Eli,Tattersfield,etattersfield27@boston.com,Male,$522955.56,930622970,IT
81,Pavia,Stollberg,pstollberg28@geocities.com,Female,$481200.70,529566185,CC
82,Justinian,Brazer,jbrazer29@squarespace.com,Male,$158221.40,370162543,CC
83,Brunhilde,Berresford,bberresford2a@alexa.com,Female,$299795.56,108477399,IT
84,Gillian,Ginn,gginn2b@nba.com,Female,$718491.96,395116273,IT
85,Joelly,Crossdale,jcrossdale2c@bloomberg.com,Female,$994947.04,1001885193,CC
86,Angeli,Brandrick,abrandrick2d@dell.com,Male,$731187.85,748867432,PP
87,Eva,Henze,ehenze2e@ft.com,Female,$244012.01,899103436,IT
88,Zita,Letten,zletten2f@techcrunch.com,Female,$463259.20,908437655,CC
89,Jasun,Inglish,jinglish2g@posterous.com,Male,$331760.65,148401266,CC
90,Merrily,Janaud,mjanaud2h@ebay.co.uk,Female,$414690.08,1031224821,PP
91,Hettie,Dungay,hdungay2i@stumbleupon.com,Female,$556462.47,550413267,CC
92,Shanie,Snelling,ssnelling2j@guardian.co.uk,Female,$501372.83,393694790,IT
93,Jo,Badrock,jbadrock2k@fema.gov,Female,$586411.92,431916206,CC
94,Kenon,Ghiraldi,kghiraldi2l@amazon.co.jp,Male,$565832.77,97106115,PP
95,Chance,Fowlds,cfowlds2m@a8.net,Male,$544645.71,14256196,IT
96,Noam,Jacobi,njacobi2n@usatoday.com,Male,$299969.31,558507011,CC
97,Coralie,Lackey,clackey2o@ebay.com,Female,$483765.51,752649330,CC
98,Gustavo,Gerrey,ggerrey2p@wsj.com,Male,$224100.48,613991211,CC
99,Robinet,Pien,rpien2q@google.de,Male,$403370.50,631023378,IT
100,Elspeth,Soutter,esoutter2r@ebay.co.uk,Female,$367500.12,624551522,PP
101,Harmon,Lobb,hlobb2s@baidu.com,Male,$670789.64,645856719,CC
102,Florette,Alford,falford2t@prweb.com,Female,$400556.25,158611249,PP
103,Val,Dilleston,vdilleston2u@china.com.cn,Female,$485745.71,589935345,PP
104,Nat,Caig,ncaig2v@marketwatch.com,Male,$501566.24,855475730,PP
105,Hynda,Tax,htax2w@usnews.com,Female,$669226.02,392054792,IT
106,Ilyse,Mineghelli,imineghelli2x@deliciousdays.com,Female,$570133.98,30146781,IT
107,Brnaba,Ginner,bginner2y@fastcompany.com,Male,$163345.06,837342476,CC
108,Upton,Ludlow,uludlow2z@goo.ne.jp,Male,$430529.28,259031148,PP
109,Davie,de Courcey,ddecourcey30@guardian.co.uk,Male,$766580.48,423109226,CC
110,Kristin,Dzeniskevich,kdzeniskevich31@bravesites.com,Female,$881386.09,959063182,IT
111,Janie,Cheeney,jcheeney32@seattletimes.com,Female,$546204.12,789568234,CC
112,Randal,Sivills,rsivills33@infoseek.co.jp,Male,$198702.82,990978078,PP
113,Cherry,Cahillane,ccahillane34@spiegel.de,Female,$373324.29,154400670,PP
114,Codie,Loughnan,cloughnan35@ocn.ne.jp,Male,$220527.44,68800497,CC
115,Clo,Edgett,cedgett36@cnet.com,Female,$506641.18,402856500,IT
116,Aleksandr,Tregale,atregale37@quantcast.com,Male,$471506.89,846078958,CC
117,Marietta,Korda,mkorda38@craigslist.org,Male,$222197.60,152204899,PP
118,Lindsay,Micco,lmicco39@macromedia.com,Female,$408322.63,723203127,IT
119,Bobbi,Mackriell,bmackriell3a@angelfire.com,Female,$842421.77,507852201,PP
120,Larisa,Ferronel,lferronel3b@sitemeter.com,Female,$169789.15,94921037,PP
121,Darn,Andri,dandri3c@desdev.cn,Male,$115694.49,72339410,IT
122,Jerrylee,Whordley,jwhordley3d@sourceforge.net,Female,$506192.52,68131797,IT
123,Sapphire,Bucktrout,sbucktrout3e@ox.ac.uk,Female,$439565.34,56884094,CC
124,Katrina,Kilbride,kkilbride3f@drupal.org,Female,$110997.08,138113349,PP
125,Herculie,Cadd,hcadd3g@skyrock.com,Male,$793232.63,152029389,CC
126,Chiquita,Osgar,cosgar3h@yahoo.com,Female,$834358.16,857873527,CC
127,Evelyn,Bramah,ebramah3i@prnewswire.com,Male,$632901.23,741393079,CC
128,Chester,Emblin,cemblin3j@ebay.com,Male,$936107.85,880488184,IT
129,Burt,Kite,bkite3k@bravesites.com,Male,$786782.75,471327765,PP
130,Shane,Frenchum,sfrenchum3l@ycombinator.com,Male,$791503.13,475132673,IT
131,Addy,Bonner,abonner3m@fc2.com,Male,$639015.95,651913981,IT
132,Alfredo,Mitchelson,amitchelson3n@china.com.cn,Male,$446874.95,938693995,PP
133,Jori,Henrique,jhenrique3o@nasa.gov,Female,$831074.34,788560852,CC
134,Chucho,Althorpe,calthorpe3p@rambler.ru,Male,$832361.06,836893884,CC
135,Ogdon,Bursnoll,obursnoll3q@infoseek.co.jp,Male,$202897.26,669808163,IT
136,Laney,Oldroyd,loldroyd3r@nydailynews.com,Male,$175741.42,642338927,PP
137,Noelyn,Raulstone,nraulstone3s@amazon.de,Female,$184038.28,59264056,IT
138,Aldrich,Keay,akeay3t@sphinn.com,Male,$946937.19,364742558,PP
139,Fredi,Newart,fnewart3u@de.vu,Female,$706736.27,431806710,IT
140,Marcel,Beggi,mbeggi3v@tinyurl.com,Male,$673074.83,827210215,PP
141,Davon,Croxon,dcroxon3w@naver.com,Male,$550403.00,1000192183,CC
142,Saraann,Heningham,sheningham3x@posterous.com,Female,$956233.17,880889385,CC
143,Rycca,Sabathier,rsabathier3y@house.gov,Female,$415842.11,103160930,CC
144,Amata,Frostdyke,afrostdyke3z@youtube.com,Female,$659652.45,398366445,PP
145,Alexander,Pree,apree40@icio.us,Male,$613527.64,328378166,PP
146,Clarinda,Skirvane,cskirvane41@wix.com,Female,$196722.49,166929245,IT
147,Laurena,Gerlts,lgerlts42@europa.eu,Female,$685382.38,135299869,IT
148,Carmine,Catterell,ccatterell43@joomla.org,Male,$293997.20,413440203,CC
149,Harbert,Bubeer,hbubeer44@walmart.com,Male,$863561.64,675999675,PP
150,Elana,Westwater,ewestwater45@usatoday.com,Female,$726337.57,295059370,PP
151,Giraldo,Zoanetti,gzoanetti46@usda.gov,Male,$233946.11,272022718,IT
152,Verina,Kopf,vkopf47@bloglovin.com,Female,$121557.66,341676198,IT
153,Reilly,Layman,rlayman48@blogger.com,Male,$876358.05,627722182,IT
154,Ulrich,Morison,umorison49@umich.edu,Male,$684776.57,848934565,PP
155,Ora,Szymanowicz,oszymanowicz4a@i2i.jp,Female,$894023.21,455804111,IT
156,Iain,Carsey,icarsey4b@flickr.com,Male,$895564.73,254057509,PP
157,Roanna,Lurriman,rlurriman4c@state.gov,Female,$216790.58,276041482,IT
158,Gregg,Midghall,gmidghall4d@europa.eu,Male,$286117.31,818759849,CC
159,Meggi,Shurrocks,mshurrocks4e@springer.com,Female,$271820.20,123757240,IT
160,Kara-lynn,Kristiansen,kkristiansen4f@soundcloud.com,Female,$845817.88,395481720,PP
161,Carine,Grassick,cgrassick4g@google.com.hk,Female,$633578.51,577720570,PP
162,Tamas,Trelevan,ttrelevan4h@fema.gov,Male,$913107.31,214489026,IT
163,Linnet,Bodham,lbodham4i@wisc.edu,Female,$629833.19,207327467,PP
164,Robina,Wanklyn,rwanklyn4j@adobe.com,Female,$416387.63,79171602,CC
165,Melesa,Mellanby,mmellanby4k@cargocollective.com,Female,$417840.27,538897860,IT
166,Delly,Anfrey,danfrey4l@va.gov,Female,$246442.01,694409598,IT
167,Lanny,McKelvie,lmckelvie4m@statcounter.com,Female,$599251.62,636727453,IT
168,Daryl,Matyushonok,dmatyushonok4n@si.edu,Female,$948445.69,494064381,PP
169,Augustin,Chart,achart4o@icio.us,Male,$703473.30,525462496,IT
170,Bail,Benda,bbenda4p@dropbox.com,Male,$192654.08,555099292,IT
171,Arron,Toyne,atoyne4q@samsung.com,Male,$874734.54,237862353,IT
172,Eulalie,Glasbey,eglasbey4r@umich.edu,Female,$129232.09,347629558,CC
173,Lorilyn,Crossgrove,lcrossgrove4s@yelp.com,Female,$787859.18,195974118,PP
174,Lora,Matthesius,lmatthesius4t@360.cn,Female,$208609.90,849958975,CC
175,Prent,Novotna,pnovotna4u@yellowbook.com,Male,$361798.18,849702097,CC
176,Charlie,Batham,cbatham4v@si.edu,Male,$109364.18,24740977,CC
177,Deina,Danskine,ddanskine4w@vkontakte.ru,Female,$192628.99,547260915,IT
178,Giffy,Cheeld,gcheeld4x@google.de,Male,$662754.53,146701244,IT
179,Merrily,Livermore,mlivermore4y@gizmodo.com,Female,$907257.28,275068862,CC
180,Bryon,Merrisson,bmerrisson4z@canalblog.com,Male,$916090.62,508457833,CC
181,Tynan,Clappson,tclappson50@cdc.gov,Male,$492110.85,847314017,IT
182,Raven,McGovern,rmcgovern51@hhs.gov,Female,$764138.58,491446435,PP
183,Ronalda,Hainge,rhainge52@youtube.com,Female,$371832.67,633441294,CC
184,Clio,Edworthie,cedworthie53@sphinn.com,Female,$186265.78,488626118,CC
185,Isak,Heare,iheare54@reddit.com,Male,$646682.03,525790116,CC
186,Freida,Greenaway,fgreenaway55@nytimes.com,Female,$835009.04,910937626,PP
187,Lindy,Caroline,lcaroline56@wikia.com,Male,$963856.86,367594736,CC
188,Shari,Cayser,scayser57@ustream.tv,Female,$627873.91,234705708,PP
189,Fulton,Webborn,fwebborn58@yelp.com,Male,$229513.60,623777455,CC
190,Dudley,Wastell,dwastell59@arstechnica.com,Male,$664332.91,614479196,PP
191,Gibbie,Daniellot,gdaniellot5a@forbes.com,Male,$987151.28,483673635,IT
192,Angelika,Haggerty,ahaggerty5b@ft.com,Female,$153286.90,797535298,PP
193,Cozmo,Hlavac,chlavac5c@washington.edu,Male,$394930.33,875264058,CC
194,Eldredge,Loukes,eloukes5d@pcworld.com,Male,$742816.50,749247117,CC
195,Emili,Kopp,ekopp5e@sakura.ne.jp,Female,$170124.45,169252014,CC
196,Kay,Paulusch,kpaulusch5f@google.it,Female,$164998.25,733206054,PP
197,Garik,Trembath,gtrembath5g@taobao.com,Male,$143208.40,278351806,PP
198,Kit,Romeo,kromeo5h@storify.com,Male,$604992.18,60993354,CC
199,Prescott,Cordel,pcordel5i@sciencedirect.com,Male,$579678.50,277221528,IT
200,Beverie,Hastelow,bhastelow5j@webeden.co.uk,Female,$152837.02,320163049,IT
201,Raffarty,Gayle,rgayle5k@about.me,Male,$430562.77,705503208,IT
202,Nara,Bengal,nbengal5l@vinaora.com,Female,$250052.32,757970699,PP
203,Paige,O'Farris,pofarris5m@vkontakte.ru,Male,$482031.14,490496994,IT
204,Ileana,Winkett,iwinkett5n@ca.gov,Female,$463859.05,998137950,CC
205,Mellicent,Marfell,mmarfell5o@unicef.org,Female,$199618.90,789360829,PP
206,Dar,Oswal,doswal5p@tuttocitta.it,Male,$544594.50,869100655,IT
207,Cooper,Furmonger,cfurmonger5q@quantcast.com,Male,$672918.40,281998202,PP
208,Hastings,Giriardelli,hgiriardelli5r@gravatar.com,Male,$315485.28,332532875,IT
209,Rosco,Nickless,rnickless5s@usgs.gov,Male,$903326.13,595996853,IT
210,Barron,Bickerdicke,bbickerdicke5t@nih.gov,Male,$845010.26,787713004,CC
211,Rona,Maggill'Andreis,rmaggillandreis5u@amazon.co.jp,Female,$474438.37,994410511,CC
212,Missie,Dodgshon,mdodgshon5v@jalbum.net,Female,$416118.34,763417953,PP
213,Hoyt,Munsey,hmunsey5w@hp.com,Male,$306788.61,172578086,PP
214,Mollie,Fullegar,mfullegar5x@vkontakte.ru,Female,$217521.20,474971406,IT
215,Thurston,De Wolfe,tdewolfe5y@theguardian.com,Male,$125639.52,835854348,CC
216,Sterne,Steels,ssteels5z@twitter.com,Male,$163075.42,950129888,PP
217,Jedidiah,Crudge,jcrudge60@google.com.hk,Male,$994529.84,688684629,IT
218,Wilone,Wheatcroft,wwheatcroft61@fda.gov,Female,$625683.89,657789163,PP
219,Gavrielle,Durbann,gdurbann62@ezinearticles.com,Female,$170799.00,370548316,PP
220,Andris,Crosgrove,acrosgrove63@time.com,Male,$917596.72,774332071,IT
221,Stephana,Menary,smenary64@instagram.com,Female,$424272.85,690031936,CC
222,Trumaine,McGahern,tmcgahern65@flavors.me,Male,$687374.28,494875869,PP
223,Elane,Hollingdale,ehollingdale66@marketwatch.com,Female,$769770.30,45102088,PP
224,Wayland,Ivancevic,wivancevic67@baidu.com,Male,$802925.89,516041746,IT
225,Della,Beddon,dbeddon68@edublogs.org,Female,$822448.89,293882357,CC
226,Rod,Freire,rfreire69@gnu.org,Male,$124422.42,539105691,IT
227,Magdaia,Millthorpe,mmillthorpe6a@businessinsider.com,Female,$774056.47,875379741,CC
228,Kettie,Parkhouse,kparkhouse6b@vkontakte.ru,Female,$900175.46,239611343,IT
229,Rawley,Habbert,rhabbert6c@spotify.com,Male,$568938.40,547181653,CC
230,Malchy,Challis,mchallis6d@ucla.edu,Male,$644464.65,150563180,IT
231,Blondell,Edwinson,bedwinson6e@histats.com,Female,$584651.31,943656221,PP
232,Ottilie,Pretorius,opretorius6f@wiley.com,Female,$873455.47,6789320,IT
233,Cory,Pritty,cpritty6g@addthis.com,Male,$891589.17,466364655,CC
234,Quintin,Ruthen,qruthen6h@dropbox.com,Male,$251416.24,461159792,IT
235,Ede,Yaknov,eyaknov6i@edublogs.org,Female,$650269.81,868351048,PP
236,Ilysa,Cantle,icantle6j@mayoclinic.com,Female,$816415.90,954106396,IT
237,Sonny,Cowles,scowles6k@pcworld.com,Female,$264701.73,646520188,PP
238,Finlay,MacKeller,fmackeller6l@wordpress.com,Male,$912618.93,523291374,PP
239,Cornie,Yaus,cyaus6m@umn.edu,Female,$650216.45,45633858,CC
240,Norina,Moston,nmoston6n@google.fr,Female,$795758.92,534591420,CC
241,Archie,Lippingwell,alippingwell6o@google.pl,Male,$747285.43,338762748,CC
242,Kala,Hearnshaw,khearnshaw6p@home.pl,Female,$388087.52,887449156,PP
243,Garrott,Coley,gcoley6q@hud.gov,Male,$867260.39,537927788,CC
244,Ina,Pleace,ipleace6r@census.gov,Female,$602964.32,709820734,CC
245,Lorant,Chiechio,lchiechio6s@hugedomains.com,Male,$481468.60,673901442,IT
246,Rafa,Georgiades,rgeorgiades6t@imgur.com,Female,$489266.24,865270005,IT
247,Celle,Antonutti,cantonutti6u@ucoz.ru,Female,$339535.93,908764782,IT
248,Dominic,Guidetti,dguidetti6v@bloglovin.com,Male,$850161.47,1016339091,CC
249,Grange,Gabriel,ggabriel6w@clickbank.net,Male,$507665.84,985407495,CC
250,Polly,Giannazzo,pgiannazzo6x@biblegateway.com,Female,$944109.21,541872300,IT
251,Putnam,Foxten,pfoxten6y@github.com,Male,$288725.61,167267004,PP
252,Sibeal,Hunnicutt,shunnicutt6z@hao123.com,Female,$664374.03,315704981,IT
253,Lynelle,Incogna,lincogna70@odnoklassniki.ru,Female,$428456.33,562671957,CC
254,Jany,Puddin,jpuddin71@boston.com,Female,$237450.41,61618573,PP
255,Vevay,Fotitt,vfotitt72@arstechnica.com,Female,$717672.24,531194873,PP
256,Sandy,Carradice,scarradice73@nhs.uk,Male,$908326.91,216454025,CC
257,Joelie,Chung,jchung74@booking.com,Female,$723719.08,7816048,PP
258,Alard,Eggar,aeggar75@oracle.com,Male,$640693.94,568056164,IT
259,Wynn,Cancellor,wcancellor76@bloomberg.com,Male,$547600.44,728983237,PP
260,Elisabetta,Melmore,emelmore77@blogtalkradio.com,Female,$582922.24,563410247,IT
261,Iosep,Mingey,imingey78@bbc.co.uk,Male,$409976.76,958488043,CC
262,Andreas,Dibner,adibner79@aboutads.info,Male,$469004.97,344975961,IT
263,Debee,Stubbs,dstubbs7a@etsy.com,Female,$743870.03,544670526,IT
264,Helaine,MacDuffie,hmacduffie7b@bing.com,Female,$973340.46,348568509,CC
265,Iosep,Trenchard,itrenchard7c@twitpic.com,Male,$539178.59,317778427,PP
266,Doloritas,Axtonne,daxtonne7d@taobao.com,Female,$393973.44,304535840,IT
267,Euell,Antonignetti,eantonignetti7e@blogger.com,Male,$784309.77,568344081,CC
268,Erinn,Vuitton,evuitton7f@sciencedaily.com,Female,$860052.74,191817257,IT
269,Gilemette,Marr,gmarr7g@google.nl,Female,$612334.54,966039879,IT
270,Eugenie,Zecchi,ezecchi7h@cdc.gov,Female,$296671.15,35987062,PP
271,Odey,Swapp,oswapp7i@mit.edu,Male,$710145.81,324901589,IT
272,Zackariah,Fisher,zfisher7j@webmd.com,Male,$559133.20,359329469,PP
273,Madelena,Bossingham,mbossingham7k@zimbio.com,Female,$823839.08,518013274,CC
274,Samaria,Morrish,smorrish7l@flickr.com,Female,$735688.11,569616315,PP
275,Micky,Lestor,mlestor7m@mozilla.org,Female,$238076.49,335504036,PP
276,Krishnah,Alcide,kalcide7n@nasa.gov,Male,$946884.90,1031385614,IT
277,Chad,Simone,csimone7o@rediff.com,Male,$309392.22,539585408,PP
278,Peder,Sigge,psigge7p@github.io,Male,$391162.62,495871920,CC
279,Lorne,Klich,lklich7q@blogger.com,Female,$423761.98,909735842,PP
280,Idalina,Twamley,itwamley7r@craigslist.org,Female,$209416.25,246500177,PP
281,Worthington,Clow,wclow7s@meetup.com,Male,$264463.46,940022885,CC
282,Field,Bourgaize,fbourgaize7t@tripadvisor.com,Male,$998084.67,839871377,PP
283,Dee dee,Henner,dhenner7u@nih.gov,Female,$794528.36,152996704,CC
284,Winnie,Fyrth,wfyrth7v@vkontakte.ru,Male,$450349.28,710172395,IT
285,Julie,Toffanini,jtoffanini7w@illinois.edu,Male,$670999.12,468620346,IT
286,Justis,Tooting,jtooting7x@geocities.com,Male,$771301.72,736249191,PP
287,Kristian,Hawes,khawes7y@eventbrite.com,Male,$845389.15,55742480,IT
288,Benedetto,Onians,bonians7z@de.vu,Male,$954237.48,327273494,PP
289,Woody,Fayne,wfayne80@wiley.com,Male,$865856.40,477254614,CC
290,Helge,Ettels,hettels81@reddit.com,Female,$642733.75,435636277,PP
291,Ardella,Cockburn,acockburn82@aboutads.info,Female,$336127.07,413931168,IT
292,Jewelle,Pistol,jpistol83@utexas.edu,Female,$946782.25,98361928,CC
293,Tory,Reasun,treasun84@nydailynews.com,Female,$845792.94,732871186,CC
294,Megen,Ilive,milive85@unesco.org,Female,$788631.83,316962668,CC
295,Orly,Ormond,oormond86@t-online.de,Female,$467058.95,782804049,CC
296,Alfy,Colbeck,acolbeck87@amazonaws.com,Male,$290979.72,417834042,PP
297,Morena,Birkenhead,mbirkenhead88@gnu.org,Female,$425948.32,261523627,CC
298,Yvon,Boyle,yboyle89@slate.com,Male,$578003.68,1015450466,IT
299,Bourke,Seggie,bseggie8a@amazon.com,Male,$546201.38,164682799,IT
300,Rodolph,Loyley,rloyley8b@unesco.org,Male,$427039.36,844562774,PP
301,Tabbitha,Connachan,tconnachan8c@bluehost.com,Female,$302604.73,104166206,IT
302,Nikos,Normadell,nnormadell8d@behance.net,Male,$492484.28,1021383856,CC
303,Nels,Papa,npapa8e@hao123.com,Male,$384391.32,368144018,PP
304,Bartholomeus,Janku,bjanku8f@yahoo.co.jp,Male,$816643.26,768559633,CC
305,Desiri,Lewtey,dlewtey8g@ft.com,Female,$265374.43,953786909,IT
306,Fonz,Loosemore,floosemore8h@amazonaws.com,Male,$894394.86,11830394,IT
307,Cort,Hatz,chatz8i@php.net,Male,$834643.78,643175064,IT
308,Dredi,O'Scanlon,doscanlon8j@w3.org,Female,$525580.33,40753364,PP
309,Merwyn,Rist,mrist8k@cafepress.com,Male,$108446.83,510165090,IT
310,Harald,Louth,hlouth8l@list-manage.com,Male,$254331.21,1048254506,IT
311,Valentino,Glowacha,vglowacha8m@patch.com,Male,$549157.84,80423575,IT
312,Blinny,Lapidus,blapidus8n@house.gov,Female,$956538.61,780680041,PP
313,Moore,Spedding,mspedding8o@tamu.edu,Male,$507489.63,242267189,IT
314,Kala,Novill,knovill8p@seesaa.net,Female,$205246.96,291499669,PP
315,Conny,Dawidowitsch,cdawidowitsch8q@hao123.com,Male,$457560.39,923646573,PP
316,Moses,Haddleton,mhaddleton8r@cyberchimps.com,Male,$418534.84,239911499,IT
317,Amberly,Skullet,askullet8s@gnu.org,Female,$806337.53,169736542,PP
318,Randal,Strainge,rstrainge8t@oaic.gov.au,Male,$591267.19,472659614,PP
319,Chilton,Renard,crenard8u@irs.gov,Male,$395013.42,731045822,PP
320,Nicolea,Epinay,nepinay8v@princeton.edu,Female,$513920.45,267887726,IT
321,Cris,Astle,castle8w@digg.com,Male,$118885.22,545027949,IT
322,Yancy,Hammer,yhammer8x@delicious.com,Male,$298566.22,725921916,PP
323,Kerk,Jaqueme,kjaqueme8y@gmpg.org,Male,$553915.41,362269772,IT
324,Ynez,Pankethman,ypankethman8z@bloglovin.com,Female,$182632.17,556032053,IT
325,Corny,Tilford,ctilford90@prlog.org,Male,$323776.82,1008666044,PP
326,Tatum,Yakunikov,tyakunikov91@ow.ly,Female,$579483.53,979254455,IT
327,Lauri,Toghill,ltoghill92@google.co.uk,Female,$741746.14,968153252,CC
328,Kelli,Tackle,ktackle93@amazon.com,Female,$786977.94,1027200877,IT
329,Winne,McGuinness,wmcguinness94@squidoo.com,Female,$229292.15,725237383,PP
330,Bren,Scoles,bscoles95@shop-pro.jp,Female,$643497.96,424464943,CC
331,Noami,Gianinotti,ngianinotti96@mashable.com,Female,$775762.73,321456357,IT
332,Nate,Ledgerton,nledgerton97@meetup.com,Male,$370444.01,123171333,IT
333,Yorgos,Cyples,ycyples98@wired.com,Male,$377683.53,675288045,CC
334,Fax,Cino,fcino99@networkadvertising.org,Male,$939963.62,610233282,IT
335,Niccolo,Cardenas,ncardenas9a@engadget.com,Male,$640215.88,791843944,PP
336,Jarret,Swanwick,jswanwick9b@ustream.tv,Male,$606899.62,72654044,PP
337,Roana,Cuel,rcuel9c@alibaba.com,Female,$549772.68,155391162,CC
338,Nils,Lathleiff,nlathleiff9d@miibeian.gov.cn,Male,$517171.08,431458521,IT
339,Toiboid,Linny,tlinny9e@naver.com,Male,$595798.22,405838078,CC
340,Matthiew,Challiner,mchalliner9f@mediafire.com,Male,$480321.93,1042189670,PP
341,Cammi,Savine,csavine9g@loc.gov,Female,$547233.50,116717416,CC
342,Matty,Groom,mgroom9h@xinhuanet.com,Female,$832190.57,103557848,PP
343,Orson,Karpenko,okarpenko9i@oakley.com,Male,$688159.32,111668328,IT
344,Rodolph,Matushevitz,rmatushevitz9j@people.com.cn,Male,$879924.97,1002821932,CC
345,Hillier,Dispencer,hdispencer9k@scientificamerican.com,Male,$675084.16,810060919,CC
346,Rick,Eddleston,reddleston9l@weibo.com,Male,$664131.97,522742768,CC
347,Albina,Pagitt,apagitt9m@google.de,Female,$818648.56,149364719,IT
348,Jaquelyn,Pencot,jpencot9n@infoseek.co.jp,Female,$370039.22,134976795,CC
349,Amy,Ends,aends9o@intel.com,Female,$893871.55,736166770,PP
350,Linnet,Gorwood,lgorwood9p@moonfruit.com,Female,$350324.45,69949200,PP
351,Celestyna,Francklyn,cfrancklyn9q@jigsy.com,Female,$124235.16,52292595,IT
352,Elysia,Antrobus,eantrobus9r@wix.com,Female,$336488.55,517327393,PP
353,Dionisio,Clingan,dclingan9s@yellowpages.com,Male,$469485.31,63688105,IT
354,Garwin,Betton,gbetton9t@elegantthemes.com,Male,$411264.86,194334868,CC
355,Fania,Foster-Smith,ffostersmith9u@paypal.com,Female,$789931.69,497283840,PP
356,Charil,Taaffe,ctaaffe9v@hexun.com,Female,$644567.88,342076792,CC
357,Jordain,Baline,jbaline9w@sakura.ne.jp,Female,$678118.72,276003039,CC
358,Reena,Trice,rtrice9x@photobucket.com,Female,$913360.27,188887602,CC
359,Filide,McLay,fmclay9y@guardian.co.uk,Female,$588889.57,945712710,IT
360,Roley,Strongitharm,rstrongitharm9z@howstuffworks.com,Male,$717497.00,1041738661,PP
361,Reina,Coom,rcooma0@vistaprint.com,Female,$258478.54,805957993,IT
362,Viviana,Gerok,vgeroka1@mail.ru,Female,$457725.29,493693358,IT
363,Wilow,MacDuffie,wmacduffiea2@scribd.com,Female,$996759.62,625033801,IT
364,Amberly,Worsalls,aworsallsa3@cdbaby.com,Female,$788586.33,428499992,CC
365,Mort,Stode,mstodea4@icio.us,Male,$829240.15,204843960,PP
366,Tarrah,Hammell,thammella5@scribd.com,Female,$278114.16,637058668,PP
367,Chalmers,Mackie,cmackiea6@army.mil,Male,$181534.05,13234460,IT
368,Moise,Roderick,mrodericka7@mtv.com,Male,$274214.95,272287453,PP
369,Dolley,Swaine,dswainea8@hatena.ne.jp,Female,$554880.60,896307170,PP
370,Maritsa,Hawkeswood,mhawkeswooda9@vinaora.com,Female,$474002.43,891074855,IT
371,Mallory,Ply,mplyaa@opera.com,Male,$834548.16,719427926,IT
372,Florry,Ogdahl,fogdahlab@sitemeter.com,Female,$901422.90,662891920,PP
373,Yvon,Mulmuray,ymulmurayac@live.com,Male,$774418.56,86637812,PP
374,Calv,Belleny,cbellenyad@archive.org,Male,$476910.30,1049874031,IT
375,Ame,Test,atestae@google.co.jp,Female,$409337.62,922826474,IT
376,Marlo,Cassel,mcasselaf@fastcompany.com,Male,$462117.72,519690904,PP
377,Cristen,Welsh,cwelshag@gmpg.org,Female,$762251.01,597555280,PP
378,Randie,Ragdale,rragdaleah@mapy.cz,Female,$472751.31,674826768,CC
379,Andras,Amey,aameyai@sohu.com,Male,$674419.08,568267209,CC
380,Jessie,Napolione,jnapolioneaj@webmd.com,Female,$288912.46,543116399,IT
381,Anselm,Gherardi,agherardiak@jiathis.com,Male,$792376.05,708038539,IT
382,Udall,Bines,ubinesal@independent.co.uk,Male,$110537.47,998935054,CC
383,Meg,Kures,mkuresam@aol.com,Female,$229260.41,787626307,CC
384,Allyn,Arens,aarensan@vistaprint.com,Male,$113142.19,756099308,CC
385,Bran,Covell,bcovellao@home.pl,Male,$326958.92,122172224,CC
386,Marquita,Rehor,mrehorap@tamu.edu,Female,$380690.77,819508650,CC
387,Tasia,Purle,tpurleaq@symantec.com,Female,$272440.79,755774158,PP
388,Saunderson,Mellanby,smellanbyar@google.es,Male,$675038.28,132529062,IT
389,Claybourne,Coyett,ccoyettas@weebly.com,Male,$403899.05,219450012,PP
390,Giana,Arrigucci,garrigucciat@miitbeian.gov.cn,Female,$274249.02,935282726,IT
391,Noland,McOwen,nmcowenau@studiopress.com,Male,$883869.12,823022685,PP
392,Shaw,Cowans,scowansav@bloglines.com,Male,$552411.19,743984519,IT
393,Pall,Jerzycowski,pjerzycowskiaw@sitemeter.com,Male,$217758.85,634952083,CC
394,Neal,Burnsides,nburnsidesax@desdev.cn,Male,$567456.48,811796699,IT
395,Lynne,Wilfinger,lwilfingeray@sina.com.cn,Female,$621330.84,547828550,CC
396,Crystal,Westnage,cwestnageaz@4shared.com,Female,$778850.58,550740967,IT
397,Gabe,Tanner,gtannerb0@squarespace.com,Male,$970783.38,90828443,IT
398,Saunderson,Warr,swarrb1@wired.com,Male,$100178.66,479408539,CC
399,Orelia,Worton,owortonb2@netvibes.com,Female,$190897.19,251739222,IT
400,Giffie,Othen,gothenb3@de.vu,Male,$344709.03,66549889,IT
401,Elvin,Pollak,epollakb4@goo.gl,Male,$465027.13,598714207,CC
402,Rem,Peplaw,rpeplawb5@boston.com,Male,$263207.68,30984362,PP
403,Domenic,Leedes,dleedesb6@samsung.com,Male,$686918.89,896314670,CC
404,Hasheem,Welch,hwelchb7@time.com,Male,$547627.56,415844246,PP
405,Gav,Vogeller,gvogellerb8@xinhuanet.com,Male,$565457.91,235618824,IT
406,Millie,Joules,mjoulesb9@addtoany.com,Female,$954989.81,581174132,PP
407,Wendi,Gofforth,wgofforthba@furl.net,Female,$254599.03,636489378,PP
408,Rosina,Swinglehurst,rswinglehurstbb@youtu.be,Female,$384881.88,855325714,PP
409,Malissa,O' Flaherty,moflahertybc@marriott.com,Female,$251878.13,777442617,IT
410,Doug,Faire,dfairebd@oracle.com,Male,$331660.12,417027837,PP
411,Minne,Patman,mpatmanbe@reddit.com,Female,$849391.03,993785965,IT
412,Ellene,Stonhard,estonhardbf@fotki.com,Female,$421146.95,415865401,CC
413,Jorgan,Mattimoe,jmattimoebg@webnode.com,Male,$472291.35,353235685,CC
414,Udale,Olney,uolneybh@alexa.com,Male,$381392.58,995808192,PP
415,Beniamino,Geertz,bgeertzbi@geocities.com,Male,$943785.93,963094841,IT
416,Joanne,Sausman,jsausmanbj@is.gd,Female,$282552.84,898070808,IT
417,Giraldo,Rollins,grollinsbk@i2i.jp,Male,$289907.36,178765825,PP
418,Peg,Balint,pbalintbl@biglobe.ne.jp,Female,$350744.17,114575707,IT
419,Norby,D'Angeli,ndangelibm@icio.us,Male,$738631.41,486899769,PP
420,Stan,Beecker,sbeeckerbn@mapquest.com,Male,$170756.16,666568384,IT
421,Leanora,Gillean,lgilleanbo@xrea.com,Female,$182896.90,344045300,IT
422,Berthe,Colrein,bcolreinbp@pbs.org,Female,$612386.63,750561388,IT
423,Carri,Kayser,ckayserbq@cloudflare.com,Female,$706650.66,40029352,PP
424,Ninette,MacNish,nmacnishbr@bloomberg.com,Female,$767259.93,955901365,CC
425,Nedda,Vaillant,nvaillantbs@squidoo.com,Female,$513770.05,643682241,CC
426,Blake,O' Concannon,boconcannonbt@51.la,Female,$487021.58,677244360,CC
427,Corney,Liell,cliellbu@lycos.com,Male,$543194.42,935330825,IT
428,Stavro,Danniell,sdanniellbv@pbs.org,Male,$399177.95,142961525,PP
429,Dasie,Alpine,dalpinebw@admin.ch,Female,$131574.78,213054978,IT
430,Stevana,Seelbach,sseelbachbx@so-net.ne.jp,Female,$155473.84,937899555,PP
431,Kiri,Melmeth,kmelmethby@ftc.gov,Female,$513493.47,109467993,IT
432,Piper,MacElholm,pmacelholmbz@free.fr,Female,$106584.64,953926306,CC
433,Aldo,Mapledoore,amapledoorec0@sun.com,Male,$801471.20,510036093,CC
434,Olenka,Lodge,olodgec1@irs.gov,Female,$714598.80,696419581,CC
435,Blair,Netherwood,bnetherwoodc2@indiegogo.com,Male,$450136.81,136512813,IT
436,Corbie,Blesli,cbleslic3@fotki.com,Male,$929268.46,583153721,CC
437,Julie,Faint,jfaintc4@jimdo.com,Female,$271357.93,308673257,IT
438,Garv,Dalgetty,gdalgettyc5@domainmarket.com,Male,$633829.35,43505397,IT
439,Pincus,Goldthorp,pgoldthorpc6@wired.com,Male,$573514.39,343578834,IT
440,Ramona,Hunnicot,rhunnicotc7@elpais.com,Female,$251567.77,601157465,IT
441,Ambrose,Tamburo,atamburoc8@biglobe.ne.jp,Male,$762111.04,458894288,PP
442,Haven,Netti,hnettic9@cocolog-nifty.com,Male,$539053.58,366045026,CC
443,Whitney,Healey,whealeyca@netvibes.com,Female,$438294.04,513950290,CC
444,Barn,Hatherall,bhatherallcb@discuz.net,Male,$928027.87,522141907,IT
445,Ainslee,Giannotti,agiannotticc@facebook.com,Female,$715900.33,914378836,PP
446,Ruthy,Angless,ranglesscd@indiatimes.com,Female,$768639.26,746475427,IT
447,Marika,Gaytor,mgaytorce@joomla.org,Female,$893084.37,382522170,PP
448,Charity,Fairbairn,cfairbairncf@army.mil,Female,$505560.84,837888746,PP
449,Olivier,Danihelka,odanihelkacg@blogger.com,Male,$311188.32,244041129,IT
450,Tamma,Syers,tsyersch@imageshack.us,Female,$834796.54,78223965,CC
451,Felipe,Mingame,fmingameci@boston.com,Male,$276099.23,976060662,PP
452,Fairlie,Nerne,fnernecj@bizjournals.com,Male,$672879.21,537696226,CC
453,Dunstan,Scalera,dscalerack@narod.ru,Male,$180732.81,548193704,CC
454,Malory,Dearnley,mdearnleycl@uol.com.br,Female,$398800.31,371374467,IT
455,Melli,Crehan,mcrehancm@hc360.com,Female,$248601.57,821971970,IT
456,Fanya,De Malchar,fdemalcharcn@businessweek.com,Female,$310492.91,209635387,PP
457,Brok,Behning,bbehningco@reddit.com,Male,$267470.60,962966224,IT
458,Fara,Yoxall,fyoxallcp@goo.ne.jp,Female,$197382.23,82130687,PP
459,Edie,Wabey,ewabeycq@pagesperso-orange.fr,Female,$673703.02,286004373,CC
460,Maxie,Khomin,mkhomincr@state.tx.us,Male,$546316.48,960119522,PP
461,Rusty,Dawtry,rdawtrycs@163.com,Male,$450082.51,821415800,IT
462,Hendrick,Van der Son,hvandersonct@howstuffworks.com,Male,$600490.04,1011318828,IT
463,Carrie,Cuss,ccusscu@google.co.jp,Female,$880600.88,170980761,PP
464,Claire,Folder,cfoldercv@cbslocal.com,Female,$137489.31,171313318,CC
465,Darci,Hopewell,dhopewellcw@technorati.com,Female,$186318.02,10208452,CC
466,Adriane,Albasini,aalbasinicx@over-blog.com,Female,$657723.54,511242800,PP
467,Michaeline,Goodlatt,mgoodlattcy@wunderground.com,Female,$580381.79,172017583,PP
468,Idelle,Segar,isegarcz@bigcartel.com,Female,$513249.15,853880368,IT
469,Carmen,Nortcliffe,cnortcliffed0@time.com,Female,$862874.48,634397444,IT
470,Man,Jouning,mjouningd1@jiathis.com,Male,$587009.95,74068939,IT
471,Marshal,Roggieri,mroggierid2@indiatimes.com,Male,$557194.49,115251138,CC
472,Balduin,Moen,bmoend3@hud.gov,Male,$652133.83,657750223,IT
473,Verne,Coudray,vcoudrayd4@walmart.com,Male,$817204.03,586713846,CC
474,Tully,Whittuck,twhittuckd5@xing.com,Male,$768330.10,272373604,CC
475,Elly,Jankovic,ejankovicd6@google.fr,Female,$171551.81,807218621,PP
476,Nathalie,Lilburn,nlilburnd7@arizona.edu,Female,$677067.08,769736497,PP
477,D'arcy,Di Gregorio,ddigregoriod8@ebay.co.uk,Male,$723846.75,114769250,CC
478,Neville,Flooks,nflooksd9@parallels.com,Male,$120965.29,140777406,IT
479,Gilberto,Lode,glodeda@geocities.jp,Male,$157942.95,557604973,CC
480,Johnathon,Shower,jshowerdb@gizmodo.com,Male,$134314.43,328052029,CC
481,Ches,Harbin,charbindc@instagram.com,Male,$304406.26,782500841,PP
482,Meier,De Stoop,mdestoopdd@time.com,Male,$832500.09,149393835,PP
483,Dorice,Kinchlea,dkinchleade@cisco.com,Female,$738797.82,790200506,CC
484,Ellis,Lambregts,elambregtsdf@cnbc.com,Male,$119872.45,683631089,PP
485,Nertie,Pigny,npignydg@shutterfly.com,Female,$340302.05,642323830,PP
486,Arlette,MacTrustie,amactrustiedh@eepurl.com,Female,$935714.76,400269782,IT
487,Sissy,Cuthbertson,scuthbertsondi@domainmarket.com,Female,$551374.56,385402761,PP
488,Jessamine,Madelin,jmadelindj@surveymonkey.com,Female,$372876.47,634788149,IT
489,Dill,Piff,dpiffdk@mapquest.com,Male,$786318.37,674924715,PP
490,Annemarie,Gresch,agreschdl@ucsd.edu,Female,$274862.12,788015643,PP
491,Diana,Rodolphe,drodolphedm@discuz.net,Female,$866484.25,638211114,PP
492,Eadith,Sirrell,esirrelldn@nymag.com,Female,$904825.68,910698765,IT
493,Obadias,Krimmer,okrimmerdo@nba.com,Male,$235116.72,506091156,CC
494,Sergei,Trayhorn,strayhorndp@marketwatch.com,Male,$723250.62,801610034,IT
495,Vanya,Colbrun,vcolbrundq@nbcnews.com,Female,$897367.71,239735185,CC
496,Daniele,Bidder,dbidderdr@surveymonkey.com,Female,$986410.73,927246191,CC
497,John,Farr,jfarrds@dedecms.com,Male,$249062.03,18826671,IT
498,Minnaminnie,Toun,mtoundt@google.com.au,Female,$293928.48,800067743,CC
499,Rafaellle,McGinnis,rmcginnisdu@sciencedaily.com,Male,$853724.11,305244138,IT
500,Herman,Olpin,holpindv@mapquest.com,Male,$748031.90,122778404,PP
501,Kathryne,Cocci,kcoccidw@uol.com.br,Female,$361485.49,921944046,CC
502,Jeffry,Crinson,jcrinsondx@gizmodo.com,Male,$193511.72,957641616,PP
503,Drew,Livesley,dlivesleydy@irs.gov,Male,$711488.16,350459654,CC
504,Amil,Dunridge,adunridgedz@phpbb.com,Female,$867299.36,682091121,CC
505,Rikki,Cousen,rcousene0@virginia.edu,Female,$670572.55,173436748,PP
506,Isak,Huffy,ihuffye1@drupal.org,Male,$196896.01,576058931,IT
507,Nerissa,Cushworth,ncushworthe2@technorati.com,Female,$329691.59,627870322,IT
508,Susi,Ames,samese3@netscape.com,Female,$337925.35,646121797,IT
509,Correna,Clarricoates,cclarricoatese4@squidoo.com,Female,$908567.18,304950446,IT
510,Emmye,Seabrook,eseabrooke5@google.com.hk,Female,$682682.21,684208477,PP
511,Kate,Schulze,kschulzee6@ask.com,Female,$342156.40,103381115,IT
512,Dylan,Edmons,dedmonse7@elegantthemes.com,Male,$901832.86,643503100,PP
513,Tamera,Focke,tfockee8@themeforest.net,Female,$461784.41,132802903,CC
514,Drugi,Windrus,dwindruse9@dedecms.com,Male,$151334.45,674453994,IT
515,Zolly,Kersey,zkerseyea@intel.com,Male,$359740.07,99196170,IT
516,Mariya,Ranklin,mranklineb@ifeng.com,Female,$929495.84,129568969,CC
517,Eddi,Montel,emontelec@telegraph.co.uk,Female,$911275.48,385335576,CC
518,Graeme,Sture,gstureed@google.com.hk,Male,$602288.36,221201011,IT
519,Jose,Kubicki,jkubickiee@amazon.co.uk,Male,$138385.58,1032999750,IT
520,Cletus,Trayford,ctrayfordef@wisc.edu,Male,$208716.46,419606006,PP
521,Page,Triplet,ptripleteg@yandex.ru,Female,$128477.84,708360936,PP
522,Tremaine,Siddle,tsiddleeh@hp.com,Male,$646113.75,776685849,CC
523,Pet,Okroy,pokroyei@google.com,Female,$554783.75,254541634,IT
524,Wait,Chenery,wcheneryej@cdc.gov,Male,$885223.11,373270265,IT
525,Gretta,Raffels,graffelsek@oaic.gov.au,Female,$906266.03,255053391,PP
526,Daryle,Boothebie,dboothebieel@ucoz.ru,Male,$172175.47,126836826,CC
527,Nicola,Dukelow,ndukelowem@ibm.com,Male,$303677.75,1031256708,CC
528,Durand,Kinsella,dkinsellaen@usda.gov,Male,$575246.03,291143286,CC
529,Anatola,Karp,akarpeo@e-recht24.de,Female,$804419.19,686762760,PP
530,Evey,Cogzell,ecogzellep@intel.com,Female,$257579.37,878186384,IT
531,Morty,Stockell,mstockelleq@scientificamerican.com,Male,$773733.76,272132125,PP
532,Clemente,Crowcroft,ccrowcrofter@privacy.gov.au,Male,$376768.17,663086596,PP
533,Pierrette,Halburton,phalburtones@hud.gov,Female,$785893.62,362418073,CC
534,Darwin,Sawter,dsawteret@tripadvisor.com,Male,$110936.14,697764931,IT
535,Ernestus,Wallsam,ewallsameu@liveinternet.ru,Male,$911882.82,579162445,CC
536,Allie,Kuhlen,akuhlenev@quantcast.com,Female,$908877.41,987476952,PP
537,Benjie,Klulik,bklulikew@usnews.com,Male,$314410.66,871173062,CC
538,Spenser,Ruppeli,sruppeliex@gnu.org,Male,$635611.48,1005803219,PP
539,Paul,Ossenna,possennaey@wikispaces.com,Male,$727630.82,274970622,PP
540,Deanne,Bantick,dbantickez@wired.com,Female,$704030.79,878386921,IT
541,Carmelita,Mellody,cmellodyf0@usda.gov,Female,$566641.50,976857172,PP
542,Avis,Beckitt,abeckittf1@bigcartel.com,Female,$575682.66,23758749,PP
543,Clovis,Foster,cfosterf2@arizona.edu,Female,$879652.12,98844762,PP
544,Demott,Sinnott,dsinnottf3@java.com,Male,$944891.53,813282902,CC
545,Violante,Clue,vcluef4@parallels.com,Female,$739540.87,515218006,CC
546,Lulita,MacGillivray,lmacgillivrayf5@cmu.edu,Female,$454458.64,828305074,IT
547,Dotty,Le land,dlelandf6@privacy.gov.au,Female,$741995.08,220873914,IT
548,Lew,Issit,lissitf7@drupal.org,Male,$959223.96,760404242,CC
549,Hugibert,Norbury,hnorburyf8@yale.edu,Male,$932605.44,257541933,PP
550,Faustina,De Brett,fdebrettf9@themeforest.net,Female,$710322.97,103712203,PP
551,Yurik,Ody,yodyfa@tinypic.com,Male,$432658.09,537156983,CC
552,Albertine,Woolham,awoolhamfb@last.fm,Female,$976091.25,53477297,PP
553,Cassaundra,Crowe,ccrowefc@earthlink.net,Female,$638503.29,915228145,PP
554,Piggy,Morena,pmorenafd@elegantthemes.com,Male,$379392.61,267525398,CC
555,Matteo,Durbyn,mdurbynfe@phoca.cz,Male,$436770.75,474017707,PP
556,Janeva,Tumulty,jtumultyff@foxnews.com,Female,$592033.39,425131795,IT
557,Zia,Elesander,zelesanderfg@ebay.com,Female,$774180.09,796746193,IT
558,Dino,Batalini,dbatalinifh@weibo.com,Male,$217097.34,425414071,CC
559,Butch,Neill,bneillfi@geocities.com,Male,$237855.60,100651278,IT
560,Constantina,Mee,cmeefj@wunderground.com,Female,$397061.54,474116656,IT
561,Ximenez,Broz,xbrozfk@berkeley.edu,Male,$323466.24,633642904,IT
562,Calhoun,Gillbey,cgillbeyfl@chronoengine.com,Male,$405518.33,339490172,PP
563,Alberto,Jagson,ajagsonfm@mapy.cz,Male,$291935.72,944977656,CC
564,Margot,Andell,mandellfn@nifty.com,Female,$489054.91,609413174,PP
565,Julius,Seawright,jseawrightfo@apple.com,Male,$423740.39,746236168,CC
566,Mikol,Venning,mvenningfp@nbcnews.com,Male,$289875.67,321384064,IT
567,Joell,Budgey,jbudgeyfq@behance.net,Female,$376748.65,990167997,PP
568,Penni,Belfitt,pbelfittfr@mtv.com,Female,$937279.84,913365022,IT
569,Drusi,Gotmann,dgotmannfs@wikipedia.org,Female,$307778.39,238832419,PP
570,Alexa,Malenfant,amalenfantft@odnoklassniki.ru,Female,$274018.16,979070251,CC
571,Stern,de'-Ancy Willis,sdeancywillisfu@slideshare.net,Male,$387936.98,354905502,CC
572,Jakie,Blodgett,jblodgettfv@last.fm,Male,$912588.04,266452448,CC
573,Terrel,Crampsey,tcrampseyfw@myspace.com,Male,$788042.05,184600727,IT
574,Herc,Link,hlinkfx@gmpg.org,Male,$676367.75,27171794,CC
575,Hurley,Stagge,hstaggefy@blinklist.com,Male,$599120.73,466125169,CC
576,Theodore,Duplock,tduplockfz@fema.gov,Male,$558448.09,490257943,PP
577,Freemon,Sellek,fsellekg0@php.net,Male,$897178.84,591340270,IT
578,Debera,Buckel,dbuckelg1@aol.com,Female,$189658.60,278877627,PP
579,Abby,Syred,asyredg2@sciencedirect.com,Male,$268234.21,835780104,PP
580,Alasteir,Freund,afreundg3@google.co.uk,Male,$325034.49,823078095,IT
581,Wait,Worsell,wworsellg4@sciencedaily.com,Male,$115359.44,313461485,IT
582,Nanci,Cordery,ncorderyg5@hhs.gov,Female,$413595.56,85627245,CC
583,Mindy,Haresnaip,mharesnaipg6@foxnews.com,Female,$846584.32,869702258,PP
584,Ethyl,Oxenden,eoxendeng7@reddit.com,Female,$324682.37,555329190,CC
585,Clayson,Shillitoe,cshillitoeg8@fastcompany.com,Male,$682259.99,985587287,CC
586,Killie,Eshmade,keshmadeg9@wsj.com,Male,$939653.99,760159656,CC
587,Jamil,Maton,jmatonga@ebay.com,Male,$138565.88,803068365,PP
588,Sampson,Cleminshaw,scleminshawgb@storify.com,Male,$655552.73,172391607,CC
589,Michaella,Feaks,mfeaksgc@amazonaws.com,Female,$587784.49,1008421267,CC
590,Toni,Whitesel,twhiteselgd@disqus.com,Female,$129357.58,203138733,IT
591,Jo-anne,Renard,jrenardge@abc.net.au,Female,$971444.98,944282241,PP
592,Baxie,Ahmed,bahmedgf@infoseek.co.jp,Male,$859482.02,301249991,PP
593,Dwain,Tambling,dtamblinggg@google.co.uk,Male,$455702.87,36137854,PP
594,Tabb,Inchley,tinchleygh@un.org,Male,$193383.67,901655535,CC
595,Guinevere,Farrer,gfarrergi@bigcartel.com,Female,$762135.13,985739906,PP
596,Roddie,Falconer,rfalconergj@angelfire.com,Male,$355083.62,515806582,IT
597,Brady,Biermatowicz,bbiermatowiczgk@51.la,Male,$816424.54,557358435,CC
598,Annmarie,Harcombe,aharcombegl@moonfruit.com,Female,$783963.91,893573561,PP
599,Melinda,Van T'Hoog,mvanthooggm@yale.edu,Female,$328251.57,581171832,PP
600,Trula,Anetts,tanettsgn@businessinsider.com,Female,$123072.55,815965615,PP
601,Emelia,Goodlet,egoodletgo@google.cn,Female,$882265.69,70972652,PP
602,Lydie,Buzek,lbuzekgp@hibu.com,Female,$293264.33,904447166,IT
603,Almeta,Cridlin,acridlingq@nature.com,Female,$786123.60,932655583,PP
604,Denys,Ragsdale,dragsdalegr@nps.gov,Female,$430577.44,491596809,CC
605,Towney,Rehm,trehmgs@umn.edu,Male,$923012.86,829229625,IT
606,Dulcinea,De Vaan,ddevaangt@apple.com,Female,$244280.04,424717056,CC
607,Amelie,Breslau,abreslaugu@chronoengine.com,Female,$593316.95,194359562,PP
608,Faunie,Coolbear,fcoolbeargv@slideshare.net,Female,$648068.81,672944848,IT
609,Audrye,Forestel,aforestelgw@buzzfeed.com,Female,$951370.11,767503827,PP
610,Karon,Sterman,kstermangx@state.tx.us,Female,$362110.31,291949483,IT
611,Devlin,Vallow,dvallowgy@imageshack.us,Male,$753274.58,470852227,CC
612,Rubin,Cunney,rcunneygz@i2i.jp,Male,$187001.92,752062982,PP
613,Marcelline,Bucke,mbuckeh0@discovery.com,Female,$150415.97,423629735,IT
614,Marleen,Earwaker,mearwakerh1@studiopress.com,Female,$791393.56,156843364,IT
615,Ailee,Ros,arosh2@buzzfeed.com,Female,$383351.02,443032530,IT
616,Horace,Akam,hakamh3@hubpages.com,Male,$467101.63,412718487,PP
617,Lezley,Benwell,lbenwellh4@youtube.com,Male,$694848.41,398801218,PP
618,Tamarra,Sinnatt,tsinnatth5@tamu.edu,Female,$999679.57,860972323,PP
619,Nady,Dowyer,ndowyerh6@constantcontact.com,Female,$190626.30,433226327,IT
620,Hewitt,Allchin,hallchinh7@merriam-webster.com,Male,$524484.70,699830876,PP
621,Ricoriki,Olesen,rolesenh8@bloglovin.com,Male,$787349.77,91199096,PP
622,Hermina,Danelutti,hdaneluttih9@edublogs.org,Female,$478435.98,298669356,CC
623,Percival,Shipley,pshipleyha@freewebs.com,Male,$746212.54,982429574,PP
624,Puff,Reckhouse,preckhousehb@msn.com,Male,$815101.77,423902633,IT
625,Riki,Flemming,rflemminghc@gov.uk,Female,$410941.48,829087160,PP
626,Annelise,Cleiment,acleimenthd@plala.or.jp,Female,$639615.07,438462178,PP
627,Elyssa,Levinge,elevingehe@gmpg.org,Female,$337561.15,311200131,CC
628,Ailee,Retallack,aretallackhf@imdb.com,Female,$614104.62,322724466,PP
629,Garwin,Everett,geveretthg@vimeo.com,Male,$170670.85,954844806,CC
630,Maxy,Tellenbroker,mtellenbrokerhh@ted.com,Female,$798596.98,271193528,IT
631,Boris,Manvelle,bmanvellehi@globo.com,Male,$820644.48,976778142,CC
632,Thornton,Ballintyne,tballintynehj@bizjournals.com,Male,$363129.82,245502208,CC
633,Torin,Cowper,tcowperhk@si.edu,Male,$323500.11,911997347,PP
634,Issie,Lindman,ilindmanhl@ebay.co.uk,Female,$580803.10,875877922,IT
635,Natasha,Tudor,ntudorhm@answers.com,Female,$751987.32,808078807,CC
636,Lexine,Ashdown,lashdownhn@smugmug.com,Female,$554113.94,544928542,IT
637,Susette,Guiot,sguiotho@time.com,Female,$139215.43,194733659,IT
638,Michel,Hoggins,mhogginshp@japanpost.jp,Male,$595800.05,502831497,PP
639,Annalee,Bus,abushq@umn.edu,Female,$624220.86,542494209,PP
640,Odetta,O' Gara,oogarahr@sogou.com,Female,$192712.49,754471644,IT
641,Jo-anne,De Carlo,jdecarlohs@ustream.tv,Female,$991712.18,42603969,IT
642,Con,Patkin,cpatkinht@seesaa.net,Female,$676492.00,207711208,PP
643,Yorgos,Eacle,yeaclehu@netlog.com,Male,$225205.44,226327342,CC
644,Kristin,Couchman,kcouchmanhv@gov.uk,Female,$378808.29,60483488,PP
645,Igor,Brownill,ibrownillhw@about.com,Male,$568780.02,445330225,PP
646,Truda,De Laspee,tdelaspeehx@utexas.edu,Female,$257207.00,915810755,IT
647,Maurine,Guiver,mguiverhy@sourceforge.net,Female,$152536.22,597404390,PP
648,Barbi,Floyde,bfloydehz@newsvine.com,Female,$292136.11,622269643,IT
649,Leonhard,Delany,ldelanyi0@drupal.org,Male,$169183.57,306916597,CC
650,Nora,Radmore,nradmorei1@issuu.com,Female,$651576.31,954532173,PP
651,Dulcy,Micheli,dmichelii2@boston.com,Female,$610097.78,682735980,IT
652,Pearle,Kment,pkmenti3@npr.org,Female,$843932.20,56670847,PP
653,Dix,Poynser,dpoynseri4@typepad.com,Female,$506927.38,636192794,IT
654,Ardra,Messier,amessieri5@godaddy.com,Female,$116866.11,896930894,IT
655,Danya,Onge,dongei6@vimeo.com,Female,$655349.48,477824295,PP
656,Arlyn,Buffham,abuffhami7@toplist.cz,Female,$531355.62,140378736,PP
657,Michele,Notti,mnottii8@chicagotribune.com,Female,$987116.97,581750559,IT
658,Carlina,Chinery,cchineryi9@fastcompany.com,Female,$900726.64,924702015,PP
659,Amaleta,Talloe,atalloeia@foxnews.com,Female,$665971.96,97300477,PP
660,Orton,MacSherry,omacsherryib@imageshack.us,Male,$273109.45,178289452,IT
661,Robina,Fratczak,rfratczakic@dot.gov,Female,$631194.55,529978321,PP
662,Alta,Bull,abullid@disqus.com,Female,$240045.61,595659753,PP
663,Cher,Geist,cgeistie@etsy.com,Female,$309815.05,437365945,PP
664,Jere,Dorkin,jdorkinif@delicious.com,Female,$804414.70,816991049,IT
665,Amie,Howgill,ahowgillig@google.com.au,Female,$556539.62,868355766,PP
666,Tristan,De Rye Barrett,tderyebarrettih@omniture.com,Male,$303149.61,970175120,IT
667,Vincenty,Senter,vsenterii@un.org,Male,$927805.48,428822229,PP
668,Sapphire,Courtese,scourteseij@biglobe.ne.jp,Female,$785581.81,890985462,PP
669,Gwendolyn,Clapison,gclapisonik@reddit.com,Female,$647084.11,632736998,PP
670,Valera,Stoile,vstoileil@macromedia.com,Female,$820446.61,536717321,CC
671,Rudolph,Wardlaw,rwardlawim@pinterest.com,Male,$243287.51,305457443,CC
672,Arlen,Pennini,apenniniin@cyberchimps.com,Male,$655553.99,353564180,IT
673,Dollie,Glewe,dgleweio@discuz.net,Female,$426340.09,169466845,PP
674,Danni,Pargeter,dpargeterip@wikipedia.org,Female,$383808.10,68246998,CC
675,Thorndike,Uwins,tuwinsiq@addthis.com,Male,$680282.31,70011887,PP
676,Schuyler,Humburton,shumburtonir@ocn.ne.jp,Male,$865820.70,843870347,PP
677,Leontine,Reddyhoff,lreddyhoffis@arizona.edu,Female,$262947.39,749499803,IT
678,Barbara-anne,Paulin,bpaulinit@rakuten.co.jp,Female,$315893.42,519982428,PP
679,Stillman,Squire,ssquireiu@prnewswire.com,Male,$141233.99,25043886,CC
680,Lenna,Gavriel,lgavrieliv@columbia.edu,Female,$894262.59,486953562,PP
681,Justen,Gosker,jgoskeriw@chicagotribune.com,Male,$728165.19,909234387,PP
682,Serge,Woodward,swoodwardix@washingtonpost.com,Male,$101404.16,316527212,CC
683,Laurence,Banisch,lbanischiy@admin.ch,Male,$629872.64,15237510,CC
684,Margie,Glencorse,mglencorseiz@tinyurl.com,Female,$486321.80,777424937,CC
685,Myriam,Addess,maddessj0@cmu.edu,Female,$553838.54,357200468,IT
686,Lorilyn,Beament,lbeamentj1@joomla.org,Female,$636618.17,861164924,IT
687,Garland,Ugoni,gugonij2@businesswire.com,Female,$469355.66,471203100,CC
688,Arny,Lethlay,alethlayj3@fotki.com,Male,$231660.63,375344902,IT
689,Alfreda,Shipton,ashiptonj4@rakuten.co.jp,Female,$492517.63,15619803,CC
690,Jordan,Horley,jhorleyj5@booking.com,Male,$751653.48,998561646,PP
691,Wiley,Leppingwell,wleppingwellj6@flavors.me,Male,$741218.66,769040373,IT
692,Rowan,Coleby,rcolebyj7@blogger.com,Male,$160836.17,27794370,CC
693,Rudyard,Nancekivell,rnancekivellj8@slideshare.net,Male,$221446.16,581594636,IT
694,Anjela,Mackro,amackroj9@printfriendly.com,Female,$323759.75,285490972,PP
695,Therese,Van Castele,tvancasteleja@homestead.com,Female,$371857.88,581903004,IT
696,Grace,Trevino,gtrevinojb@dot.gov,Male,$829553.35,106209211,IT
697,Dona,Chance,dchancejc@altervista.org,Female,$359408.51,259450564,PP
698,Mariejeanne,Lefridge,mlefridgejd@cloudflare.com,Female,$881583.84,139989214,CC
699,Franklin,Mattityahou,fmattityahouje@google.pl,Male,$524229.99,630768837,CC
700,Roxine,Ilott,rilottjf@nih.gov,Female,$607212.77,86166493,IT
701,Dru,Cawt,dcawtjg@upenn.edu,Male,$591335.70,262573554,CC
702,Amalia,Nowakowska,anowakowskajh@hao123.com,Female,$760765.40,696289304,IT
703,Sandra,Sedcole,ssedcoleji@forbes.com,Female,$335723.50,490354508,CC
704,Raf,Clampton,rclamptonjj@globo.com,Female,$164812.39,173126104,IT
705,Sharai,Jarred,sjarredjk@typepad.com,Female,$318357.95,634455353,IT
706,Stanley,Baume,sbaumejl@domainmarket.com,Male,$936620.04,182307877,CC
707,Marga,Hick,mhickjm@wikipedia.org,Female,$714675.08,256787225,CC
708,Liesa,Fullick,lfullickjn@istockphoto.com,Female,$956050.71,836144856,PP
709,Amandi,Farrants,afarrantsjo@washingtonpost.com,Female,$619309.45,347696461,PP
710,Waldemar,Leyre,wleyrejp@meetup.com,Male,$859578.46,549201782,PP
711,Neda,Astbery,nastberyjq@soup.io,Female,$124940.65,534935252,CC
712,Kory,Lubeck,klubeckjr@woothemes.com,Male,$851933.54,412796847,IT
713,Carmina,Reddington,creddingtonjs@va.gov,Female,$370407.49,417408507,CC
714,Rosabella,Mowles,rmowlesjt@amazon.de,Female,$425687.48,414616390,PP
715,Reece,Amiranda,ramirandaju@yolasite.com,Male,$156441.07,297851059,PP
716,Ignace,Castiello,icastiellojv@uol.com.br,Male,$413040.11,580445166,IT
717,Lissa,Moorhouse,lmoorhousejw@hhs.gov,Female,$422681.97,22916136,IT
718,Francene,Schout,fschoutjx@wunderground.com,Female,$494599.21,208748725,IT
719,Jerry,Swatradge,jswatradgejy@businessinsider.com,Male,$476818.54,387815991,CC
720,Bobbette,Hawkslee,bhawksleejz@imdb.com,Female,$955877.31,333649444,CC
721,Elfreda,Bricklebank,ebricklebankk0@sogou.com,Female,$555307.46,118406312,IT
722,Avril,Topham,atophamk1@mapy.cz,Female,$420048.23,336786397,PP
723,De,Hast,dhastk2@aol.com,Female,$742171.02,451516300,IT
724,Aubree,Ableson,aablesonk3@sina.com.cn,Female,$468306.19,294341440,PP
725,Spenser,Murdy,smurdyk4@usatoday.com,Male,$924653.99,198077324,PP
726,Gilemette,Whatson,gwhatsonk5@ca.gov,Female,$804565.46,744190226,CC
727,Helyn,Ivasechko,hivasechkok6@usnews.com,Female,$887983.10,158200291,PP
728,Violette,Rivelin,vrivelink7@aol.com,Female,$192719.46,927565399,CC
729,Jyoti,Colombier,jcolombierk8@ca.gov,Female,$490498.47,149648647,CC
730,Jordanna,Gay,jgayk9@dyndns.org,Female,$709200.77,438462631,PP
731,Cindy,Klossmann,cklossmannka@google.ca,Female,$306204.13,184288066,CC
732,Angil,Ziems,aziemskb@prweb.com,Female,$228725.25,1041192555,IT
733,Adolph,Leipoldt,aleipoldtkc@blog.com,Male,$233511.79,30506211,CC
734,Orly,Wisedale,owisedalekd@webs.com,Female,$213974.09,316304628,IT
735,Rachelle,Bulger,rbulgerke@soundcloud.com,Female,$915213.14,947808927,IT
736,Velvet,Barkus,vbarkuskf@rediff.com,Female,$164413.65,526243093,CC
737,Shel,Paramore,sparamorekg@fotki.com,Female,$275388.24,791558932,IT
738,Josh,De Dantesie,jdedantesiekh@plala.or.jp,Male,$685343.02,730179980,CC
739,Linus,Eagling,leaglingki@irs.gov,Male,$184274.64,861702073,CC
740,Kerry,Bartoszewicz,kbartoszewiczkj@go.com,Female,$882872.52,219663791,PP
741,Lemmie,Gorey,lgoreykk@pagesperso-orange.fr,Male,$817013.86,542644832,CC
742,Free,Fandrey,ffandreykl@hugedomains.com,Male,$154033.14,152547135,PP
743,Angelle,Mynett,amynettkm@ed.gov,Female,$707565.01,156061766,PP
744,Matias,Gaine,mgainekn@mac.com,Male,$795334.41,843283364,CC
745,Winnie,Cuseick,wcuseickko@nyu.edu,Male,$447437.12,599837915,CC
746,Tyson,Harbron,tharbronkp@jalbum.net,Male,$228889.01,422415356,IT
747,Ode,Winser,owinserkq@drupal.org,Male,$970089.29,729182237,IT
748,Clemmie,Grinstead,cgrinsteadkr@chicagotribune.com,Male,$108955.71,200798394,PP
749,Evyn,Cambling,ecamblingks@bing.com,Male,$586098.68,663105692,CC
750,Derward,Dalglish,ddalglishkt@dmoz.org,Male,$595912.65,390192592,PP
751,Oberon,Colebeck,ocolebeckku@webs.com,Male,$493339.84,327556030,CC
752,Malissia,Spruce,msprucekv@spotify.com,Female,$947860.59,958740994,CC
753,Harv,Padefield,hpadefieldkw@guardian.co.uk,Male,$138078.41,351570679,IT
754,Homer,Benfell,hbenfellkx@foxnews.com,Male,$803339.20,294624082,PP
755,Maxine,Sautter,msautterky@shareasale.com,Female,$167005.03,402652134,PP
756,Ingaborg,Roma,iromakz@buzzfeed.com,Female,$591424.80,798110483,CC
757,Toby,Nouch,tnouchl0@webs.com,Female,$388833.59,1041452944,PP
758,Darwin,Klaff,dklaffl1@cdbaby.com,Male,$555584.76,466657223,PP
759,Bendick,Bilney,bbilneyl2@dedecms.com,Male,$209410.74,654208654,IT
760,Elisha,Sherwyn,esherwynl3@tiny.cc,Female,$109184.64,442788816,IT
761,Robinetta,Feldbrin,rfeldbrinl4@ucoz.com,Female,$362043.95,256228841,CC
762,Gawen,Leicester,gleicesterl5@vinaora.com,Male,$660757.30,851202463,CC
763,Tawnya,Gifkins,tgifkinsl6@wikipedia.org,Female,$982720.70,739612484,PP
764,Edie,Brinson,ebrinsonl7@google.co.uk,Female,$454835.53,22641601,CC
765,Wendie,Daen,wdaenl8@amazon.de,Female,$741326.86,10991104,IT
766,Mattie,McDell,mmcdelll9@unblog.fr,Male,$157195.78,584194447,IT
767,Laurene,Shute,lshutela@paginegialle.it,Female,$157328.51,109147894,IT
768,Chastity,Damp,cdamplb@is.gd,Female,$430564.32,10111559,IT
769,Dud,Ruspine,druspinelc@guardian.co.uk,Male,$943286.55,530976255,CC
770,Arlina,Greggersen,agreggersenld@imdb.com,Female,$973923.94,351517930,PP
771,Stillmann,Scarlet,sscarletle@google.ca,Male,$643718.92,700473526,IT
772,Alica,Latan,alatanlf@mediafire.com,Female,$562338.09,659913075,CC
773,Amargo,Spink,aspinklg@mtv.com,Female,$261214.57,769044690,PP
774,Kerr,Bleiman,kbleimanlh@slate.com,Male,$660129.30,6019140,IT
775,Marcelle,Hillen,mhillenli@delicious.com,Female,$582031.97,18968151,PP
776,Jaimie,Reinhardt,jreinhardtlj@alibaba.com,Female,$866362.17,377487867,CC
777,Samantha,Klink,sklinklk@ustream.tv,Female,$624550.16,236345466,PP
778,Olga,Golde,ogoldell@buzzfeed.com,Female,$715208.59,8747734,PP
779,Evelyn,Scurry,escurrylm@google.es,Female,$585521.81,269287247,IT
780,Ossie,Jenne,ojenneln@istockphoto.com,Male,$876230.25,325034659,IT
781,Terencio,M'Barron,tmbarronlo@newyorker.com,Male,$357970.16,355202695,CC
782,Delly,MacDermand,dmacdermandlp@unc.edu,Female,$200644.26,741751029,IT
783,Ramon,Oxshott,roxshottlq@tmall.com,Male,$465370.59,887761486,IT
784,Osbert,Reah,oreahlr@newyorker.com,Male,$838775.59,871345126,CC
785,Killie,Gilbank,kgilbankls@answers.com,Male,$925926.83,21586363,PP
786,Tucker,Larmett,tlarmettlt@indiegogo.com,Male,$422082.89,905336473,CC
787,Saul,Dinning,sdinninglu@house.gov,Male,$240293.70,807379328,IT
788,Matthias,Petschelt,mpetscheltlv@studiopress.com,Male,$831278.00,719383609,IT
789,Francoise,Crosfeld,fcrosfeldlw@chicagotribune.com,Female,$511348.94,719265512,PP
790,Keelby,Klemke,kklemkelx@goo.gl,Male,$952634.69,358406381,PP
791,Etan,Blondelle,eblondellely@tripod.com,Male,$568720.71,274201958,CC
792,Ailyn,Curd,acurdlz@cam.ac.uk,Female,$149422.67,131296987,PP
793,Lilian,McGeaney,lmcgeaneym0@ftc.gov,Female,$649330.51,212630343,CC
794,Randal,Thicking,rthickingm1@blogs.com,Male,$685981.78,988319609,PP
795,Boote,Tinghill,btinghillm2@vk.com,Male,$952781.23,686295132,IT
796,Othelia,Atton,oattonm3@slashdot.org,Female,$351193.88,45229080,PP
797,Doralynne,Barns,dbarnsm4@engadget.com,Female,$453483.96,434137625,CC
798,Chev,Pepperd,cpepperdm5@tripadvisor.com,Male,$787213.04,266681314,IT
799,Hasheem,Raggitt,hraggittm6@wikimedia.org,Male,$636979.71,253764873,PP
800,Maribel,Prazor,mprazorm7@mayoclinic.com,Female,$846081.51,657879626,IT
801,Colette,Stooders,cstoodersm8@eepurl.com,Female,$148517.18,436436095,CC
802,Jean,Priddis,jpriddism9@123-reg.co.uk,Female,$551709.63,252325955,IT
803,My,Daile,mdailema@simplemachines.org,Male,$462060.98,373318400,CC
804,Aloisia,Memmory,amemmorymb@people.com.cn,Female,$913918.47,744759284,CC
805,Portie,Pisco,ppiscomc@addthis.com,Male,$614199.38,132345714,IT
806,Rupert,McPheat,rmcpheatmd@cocolog-nifty.com,Male,$555031.05,925215133,IT
807,Hazel,Carloni,hcarlonime@accuweather.com,Male,$310722.86,113865119,CC
808,Carmine,Greveson,cgrevesonmf@ucoz.com,Male,$428994.11,411244475,CC
809,Hadrian,Nolte,hnoltemg@jimdo.com,Male,$878294.48,22729992,CC
810,Luciano,Riediger,lriedigermh@geocities.com,Male,$270935.34,67115801,CC
811,Torrin,Barthelme,tbarthelmemi@theatlantic.com,Male,$394863.01,333929794,PP
812,Harmon,Elliot,helliotmj@noaa.gov,Male,$823910.69,138027294,PP
813,Penrod,Paddy,ppaddymk@liveinternet.ru,Male,$330220.48,406945254,CC
814,Mirna,Rouchy,mrouchyml@latimes.com,Female,$291965.86,998028165,CC
815,Bell,Maynell,bmaynellmm@mit.edu,Female,$124291.17,402837449,PP
816,Donny,Derkes,dderkesmn@statcounter.com,Male,$964827.82,446946854,CC
817,Fayth,Bramall,fbramallmo@admin.ch,Female,$724703.06,960782564,CC
818,Nev,Kabos,nkabosmp@independent.co.uk,Male,$609565.77,603412775,CC
819,Niki,Turpey,nturpeymq@twitpic.com,Male,$887912.36,822389648,CC
820,Gabi,Bliss,gblissmr@mozilla.com,Male,$811696.49,78821652,CC
821,Colman,Stuffins,cstuffinsms@taobao.com,Male,$365968.58,438924025,PP
822,Fanchette,Coope,fcoopemt@goodreads.com,Female,$234708.76,597201531,PP
823,Jewell,Corrie,jcorriemu@nationalgeographic.com,Female,$262022.34,656503926,PP
824,Anthe,Orys,aorysmv@macromedia.com,Female,$457644.06,257764910,IT
825,Nettle,Haggerston,nhaggerstonmw@cam.ac.uk,Female,$414376.79,756546903,IT
826,Connie,Filoniere,cfilonieremx@ask.com,Male,$270317.77,195027830,CC
827,Leonelle,Stokes,lstokesmy@nba.com,Female,$429455.04,732754361,CC
828,Maynord,Charteris,mcharterismz@sohu.com,Male,$806257.49,672039663,PP
829,Iggie,Franies,ifraniesn0@csmonitor.com,Male,$635663.69,1009403824,CC
830,Maurits,Fasson,mfassonn1@last.fm,Male,$840629.55,341437536,CC
831,Rab,Margram,rmargramn2@vkontakte.ru,Male,$187686.52,146237799,IT
832,Marjy,Lansdale,mlansdalen3@java.com,Female,$501781.99,665529221,CC
833,Klement,Hallewell,khallewelln4@hexun.com,Male,$873948.45,690486113,IT
834,Giustina,Galtone,ggaltonen5@apple.com,Female,$592058.08,292117855,CC
835,Bink,Tattersfield,btattersfieldn6@dedecms.com,Male,$350661.39,158175815,PP
836,Margarete,Grigoliis,mgrigoliisn7@businessweek.com,Female,$118183.04,264065193,IT
837,Rockey,Littlejohn,rlittlejohnn8@ehow.com,Male,$109039.67,743972588,CC
838,Luca,O'Hoey,lohoeyn9@bing.com,Male,$890126.07,625122789,IT
839,Paige,Espadero,pespaderona@lycos.com,Male,$196531.20,450805087,CC
840,Rogers,Mauchlen,rmauchlennb@si.edu,Male,$118446.60,658004620,CC
841,Van,Beldam,vbeldamnc@europa.eu,Female,$586527.92,15006734,IT
842,Thom,Beatson,tbeatsonnd@clickbank.net,Male,$788913.99,819718271,CC
843,Aura,Downe,adownene@seattletimes.com,Female,$192660.27,1013306487,IT
844,Travis,Verner,tvernernf@ameblo.jp,Male,$605469.51,712177289,PP
845,Abbye,Allner,aallnerng@symantec.com,Female,$466833.64,1041777365,CC
846,Malchy,Gason,mgasonnh@about.com,Male,$487296.44,148798778,IT
847,Yurik,Hassur,yhassurni@ucoz.com,Male,$897002.61,567947783,PP
848,Vernice,Petrazzi,vpetrazzinj@instagram.com,Female,$210860.61,615322833,IT
849,Mireielle,Bodill,mbodillnk@soup.io,Female,$782153.63,902568325,IT
850,Curtis,Engelbrecht,cengelbrechtnl@biglobe.ne.jp,Male,$760143.75,241204802,PP
851,Theodore,Pettiford,tpettifordnm@slideshare.net,Male,$268901.26,1045265855,CC
852,Kermie,Skelly,kskellynn@discovery.com,Male,$146760.00,617270523,PP
853,Irv,Moniker,imonikerno@sakura.ne.jp,Male,$102986.64,738543799,PP
854,Germain,Abdee,gabdeenp@google.ru,Female,$796531.08,649366397,CC
855,Derrek,Gini,dgininq@whitehouse.gov,Male,$129619.94,802295590,IT
856,Pincas,Clancy,pclancynr@arstechnica.com,Male,$285962.31,1044199600,PP
857,Merrilee,Ucceli,muccelins@linkedin.com,Female,$100943.16,634304312,IT
858,Griz,Blackaller,gblackallernt@flickr.com,Male,$203981.40,63363167,IT
859,Shandeigh,Clough,scloughnu@shinystat.com,Female,$834863.37,993777152,CC
860,Dannel,Brewett,dbrewettnv@blogs.com,Male,$983921.32,967500014,IT
861,Siusan,Scane,sscanenw@ucla.edu,Female,$947186.00,421736894,IT
862,Blane,Blackstock,bblackstocknx@yahoo.co.jp,Male,$307088.63,482626980,IT
863,Beatriz,Jeacock,bjeacockny@sogou.com,Female,$199637.83,293769664,PP
864,Sherill,Eisenberg,seisenbergnz@github.com,Female,$548366.43,1041098621,CC
865,Yorgo,Barthropp,ybarthroppo0@canalblog.com,Male,$276105.67,544729447,PP
866,Kaile,Greated,kgreatedo1@phoca.cz,Female,$530863.64,570609638,PP
867,Erica,Jolin,ejolino2@dot.gov,Female,$287448.96,873682903,IT
868,Darcy,Collerd,dcollerdo3@google.co.uk,Female,$968990.22,93152099,CC
869,Cesaro,Croysdale,ccroysdaleo4@uol.com.br,Male,$318021.62,856122352,PP
870,Ambrosio,Fattori,afattorio5@java.com,Male,$422113.56,175346097,PP
871,Babette,Stollwerck,bstollwercko6@virginia.edu,Female,$893932.84,352382204,PP
872,Fedora,Lyttle,flyttleo7@unicef.org,Female,$395204.99,646730863,PP
873,Nicoli,Halstead,nhalsteado8@ucsd.edu,Female,$489363.41,170346644,IT
874,Cesya,Klaaassen,cklaaasseno9@histats.com,Female,$782260.94,124257705,IT
875,Jethro,Makiver,jmakiveroa@narod.ru,Male,$837068.10,14244095,CC
876,Beverie,Brandt,bbrandtob@booking.com,Female,$170233.16,92167280,PP
877,Chrotoem,Torel,ctoreloc@paginegialle.it,Male,$996938.40,894779546,PP
878,Tera,Paeckmeyer,tpaeckmeyerod@phoca.cz,Female,$904113.07,248084662,IT
879,Davon,Menzies,dmenziesoe@a8.net,Male,$527850.46,150571241,PP
880,Malorie,MacDunlevy,mmacdunlevyof@linkedin.com,Female,$997148.88,750421812,PP
881,Jonathan,Rudyard,jrudyardog@hud.gov,Male,$955273.45,83789371,IT
882,Lovell,Remmers,lremmersoh@pagesperso-orange.fr,Male,$136070.49,766460389,CC
883,Zsazsa,Hunston,zhunstonoi@dot.gov,Female,$692513.74,130977020,PP
884,Klarika,Corrie,kcorrieoj@scribd.com,Female,$779077.00,1031137382,PP
885,Janeta,Valentine,jvalentineok@webnode.com,Female,$163436.94,908652818,IT
886,Shirlee,Crush,scrushol@4shared.com,Female,$233186.27,612304334,CC
887,Gualterio,Mosedill,gmosedillom@examiner.com,Male,$494169.38,824432219,PP
888,Iggie,Nern,inernon@github.io,Male,$419179.51,841805198,IT
889,Alia,McCullouch,amccullouchoo@cnet.com,Female,$510051.33,931189926,CC
890,Richart,Howard - Gater,rhowardgaterop@hhs.gov,Male,$570951.04,365681469,CC
891,Gunter,Cheale,gchealeoq@cornell.edu,Male,$911584.50,591567372,IT
892,Sigfrid,Osmund,sosmundor@toplist.cz,Male,$571820.97,122517682,IT
893,Oralla,Cleverly,ocleverlyos@naver.com,Female,$708298.34,301227299,IT
894,Wat,Cordelette,wcordeletteot@vinaora.com,Male,$250578.41,138591824,PP
895,Gibby,Capper,gcapperou@friendfeed.com,Male,$855408.15,880408388,PP
896,Rodge,Rubroe,rrubroeov@sciencedirect.com,Male,$767981.11,240915239,IT
897,Lew,Meaden,lmeadenow@europa.eu,Male,$122981.91,92987479,IT
898,Odele,Schuelcke,oschuelckeox@mayoclinic.com,Female,$173914.47,254395848,PP
899,Julita,Baggarley,jbaggarleyoy@oakley.com,Female,$841826.29,75625922,IT
900,Suzi,Cooch,scoochoz@sogou.com,Female,$941740.63,229431447,IT
901,Annabel,Thynne,athynnep0@bizjournals.com,Female,$377277.51,25290313,IT
902,Ronny,Revance,rrevancep1@mit.edu,Male,$724568.70,23134305,PP
903,Harper,Bulbrook,hbulbrookp2@de.vu,Male,$912430.67,566426106,CC
904,Judd,Lamberts,jlambertsp3@indiatimes.com,Male,$172753.45,764868697,CC
905,Nancie,Vannoni,nvannonip4@ocn.ne.jp,Female,$417497.42,94788668,IT
906,Britt,MacGebenay,bmacgebenayp5@buzzfeed.com,Male,$494440.40,588960103,CC
907,Margret,Mungane,mmunganep6@jigsy.com,Female,$829208.03,406417657,IT
908,Ad,Bayle,abaylep7@google.ru,Male,$890163.62,860283016,PP
909,Orin,Asser,oasserp8@aol.com,Male,$444250.36,559738328,CC
910,Garald,Upfold,gupfoldp9@google.co.uk,Male,$547712.30,987737957,PP
911,Rockwell,MacFall,rmacfallpa@yandex.ru,Male,$650993.79,508286654,PP
912,Gerda,Drysdale,gdrysdalepb@princeton.edu,Female,$819349.16,284000608,CC
913,Whitney,Worley,wworleypc@cocolog-nifty.com,Male,$347735.34,338963064,CC
914,Camella,Henrot,chenrotpd@studiopress.com,Female,$388026.53,947222438,IT
915,Domeniga,Crace,dcracepe@stumbleupon.com,Female,$269208.76,1026389755,IT
916,Jemmie,Pidduck,jpidduckpf@youtu.be,Female,$635772.19,671153634,PP
917,Lorine,Gross,lgrosspg@mashable.com,Female,$357727.91,453518387,PP
918,Nevin,Amor,namorph@nationalgeographic.com,Male,$537214.39,18687072,PP
919,Yurik,Pirrey,ypirreypi@hibu.com,Male,$818167.35,273353814,CC
920,Torry,Ewols,tewolspj@patch.com,Male,$286718.81,798312161,CC
921,Marwin,Gorman,mgormanpk@4shared.com,Male,$616854.21,571829690,PP
922,Saunder,Tomaselli,stomasellipl@google.nl,Male,$748670.27,874610226,CC
923,Dewie,Pratley,dpratleypm@bbc.co.uk,Male,$155262.94,132827959,CC
924,Giulietta,MacGilrewy,gmacgilrewypn@plala.or.jp,Female,$661451.23,632906187,PP
925,Waverly,Diglin,wdiglinpo@spotify.com,Male,$421329.21,713710387,CC
926,Melvyn,Slowley,mslowleypp@icio.us,Male,$788255.13,298355973,PP
927,Jade,Shimuk,jshimukpq@canalblog.com,Female,$400534.35,504503846,CC
928,Trista,Gudgion,tgudgionpr@domainmarket.com,Female,$275636.52,829009793,CC
929,Onofredo,Beeswing,obeeswingps@hugedomains.com,Male,$310478.25,121652129,PP
930,Michail,Gander,mganderpt@shareasale.com,Male,$437575.53,664166442,PP
931,Kahaleel,Asbrey,kasbreypu@marriott.com,Male,$742363.70,267938175,CC
932,Cornelius,Olle,collepv@hubpages.com,Male,$432014.38,402449622,IT
933,Oswald,Core,ocorepw@craigslist.org,Male,$745252.71,473748313,IT
934,Alard,Mumm,amummpx@earthlink.net,Male,$208667.13,322783875,PP
935,Gabby,Barrasse,gbarrassepy@google.it,Male,$271276.13,611173586,IT
936,Keir,Trevino,ktrevinopz@unicef.org,Male,$236020.40,198355096,PP
937,Darlene,Kightly,dkightlyq0@dyndns.org,Female,$518925.73,933667059,CC
938,Shaylyn,Bartak,sbartakq1@bigcartel.com,Female,$615857.71,1048306677,IT
939,Ailina,Bussetti,abussettiq2@japanpost.jp,Female,$298257.18,261272396,IT
940,Hermy,Ambresin,hambresinq3@howstuffworks.com,Male,$982894.75,896098314,IT
941,Wolfie,Neachell,wneachellq4@cbslocal.com,Male,$699203.52,800760440,IT
942,Yale,Egiloff,yegiloffq5@dailymotion.com,Male,$875346.93,919617980,PP
943,Joellen,Pallister,jpallisterq6@nydailynews.com,Female,$463675.75,33506559,CC
944,Sofia,Eplate,seplateq7@nifty.com,Female,$959109.02,321206054,CC
945,Nicolis,Kilfether,nkilfetherq8@paginegialle.it,Male,$100333.36,1044670543,IT
946,Mollee,Morford,mmorfordq9@clickbank.net,Female,$787038.78,679558878,PP
947,Bria,Hegg,bheggqa@dedecms.com,Female,$361267.25,359305827,IT
948,Clerc,Faulds,cfauldsqb@a8.net,Male,$613588.34,356444818,IT
949,Bay,Virr,bvirrqc@behance.net,Male,$789114.27,547461572,IT
950,Alden,Copestake,acopestakeqd@unicef.org,Male,$794371.28,110351453,PP
951,Shaylyn,Dalliston,sdallistonqe@jigsy.com,Female,$359634.49,390826942,IT
952,Menard,Espinha,mespinhaqf@yellowpages.com,Male,$415979.85,944819045,CC
953,Zach,Lardner,zlardnerqg@bloglovin.com,Male,$822325.87,497709896,IT
954,Erskine,Strowlger,estrowlgerqh@freewebs.com,Male,$889853.44,862051445,PP
955,Bary,Flaunier,bflaunierqi@naver.com,Male,$874114.20,673019760,PP
956,Ricoriki,Ecclesall,recclesallqj@sciencedirect.com,Male,$196109.13,717234002,PP
957,Wendell,Deakins,wdeakinsqk@alexa.com,Male,$238387.63,59720615,CC
958,Devlen,Nockolds,dnockoldsql@archive.org,Male,$262371.64,407833034,CC
959,Roana,Filipson,rfilipsonqm@tinypic.com,Female,$751966.64,122500200,CC
960,Gil,Hallin,ghallinqn@sbwire.com,Male,$492810.39,699233525,IT
961,Jacenta,Cran,jcranqo@blogger.com,Female,$938615.47,330427463,IT
962,Garvey,Rignoldes,grignoldesqp@japanpost.jp,Male,$636611.15,382113416,IT
963,Milty,Inderwick,minderwickqq@shareasale.com,Male,$252505.75,30191574,IT
964,Maryanne,Cavanaugh,mcavanaughqr@ebay.com,Female,$570931.65,203822204,CC
965,Noelani,McInnes,nmcinnesqs@virginia.edu,Female,$139757.13,59808757,PP
966,Torr,Eacle,teacleqt@shutterfly.com,Male,$455261.21,526406822,PP
967,Ava,Sextone,asextonequ@blog.com,Female,$117539.77,146713596,IT
968,Chrystal,Foynes,cfoynesqv@gov.uk,Female,$780514.71,1032615290,CC
969,Lawton,Peeter,lpeeterqw@cbc.ca,Male,$831444.72,630269943,PP
970,Fabien,Tutchings,ftutchingsqx@de.vu,Male,$999702.03,547013731,IT
971,Arel,Deboick,adeboickqy@nature.com,Male,$895435.38,506313975,PP
972,Cybill,Benediktovich,cbenediktovichqz@mac.com,Female,$540433.05,682646337,CC
973,Wallace,Raiston,wraistonr0@quantcast.com,Male,$831670.08,213623329,PP
974,Hill,Syder,hsyderr1@hao123.com,Male,$786825.69,350746262,IT
975,Gorden,Biaggetti,gbiaggettir2@wikimedia.org,Male,$440964.61,788545966,CC
976,Alexandros,Watmough,awatmoughr3@ow.ly,Male,$546962.28,70770919,CC
977,Mart,Arnaldo,marnaldor4@nyu.edu,Male,$149095.17,171876509,CC
978,Perla,Splevins,psplevinsr5@hao123.com,Female,$695877.83,547757849,CC
979,Laraine,Noton,lnotonr6@exblog.jp,Female,$210939.59,386836693,IT
980,Wenonah,Cowins,wcowinsr7@washingtonpost.com,Female,$986822.64,696235006,PP
981,Wald,Croxton,wcroxtonr8@ox.ac.uk,Male,$930853.33,10622379,CC
982,Elmore,Prop,epropr9@seesaa.net,Male,$293203.02,273084677,CC
983,Gage,Barends,gbarendsra@mac.com,Male,$930954.93,8984922,IT
984,Heath,Brownlie,hbrownlierb@soup.io,Male,$454994.49,861222793,IT
985,Lottie,Downage,ldownagerc@mozilla.com,Female,$864224.65,905966511,CC
986,Jarad,Harraway,jharrawayrd@posterous.com,Male,$775261.12,146207427,IT
987,Janene,Houtbie,jhoutbiere@cpanel.net,Female,$902247.12,573640650,CC
988,Hendrik,Thorneywork,hthorneyworkrf@unc.edu,Male,$464759.83,151782372,IT
989,Keene,Diggin,kdigginrg@nbcnews.com,Male,$107552.49,84817505,IT
990,Archibald,Escoffrey,aescoffreyrh@canalblog.com,Male,$608994.36,582057944,IT
991,Cornie,Bezants,cbezantsri@scribd.com,Male,$278528.25,767640180,IT
992,Cammie,Jacobsohn,cjacobsohnrj@uiuc.edu,Female,$372938.32,933447757,PP
993,Claudell,Eva,cevark@creativecommons.org,Male,$369649.10,473671552,CC
994,Simone,Tschiersch,stschierschrl@xinhuanet.com,Female,$220412.39,559168160,PP
995,Bessie,Andell,bandellrm@sun.com,Female,$738616.64,480107592,PP
996,Torry,Bake,tbakern@mapy.cz,Male,$389164.35,580094108,PP
997,Anatol,Karchewski,akarchewskiro@alexa.com,Male,$223249.72,334250352,PP
998,Gilemette,Bainton,gbaintonrp@utexas.edu,Female,$180415.41,116062059,IT
999,Pamelina,Swalteridge,pswalteridgerq@sciencedaily.com,Female,$570697.93,655006374,IT
1000,Far,Negal,fnegalrr@gravatar.com,Male,$788457.93,953706286,IT
