id,nombre,apellido,email,genero,valor_tx,numero_identificacion,tipo_identificacion
1,Kaela,McLarnon,kmclarnon0@mac.com,Female,$281192.91,1022228613,PP
2,Nessi,Glauber,nglauber1@usa.gov,Female,$197464.24,899949182,PP
3,Zuzana,Toffolini,ztoffolini2@phoca.cz,Female,$495881.10,168965603,CC
4,Phip,Begley,pbegley3@auda.org.au,Male,$845648.45,49691348,IT
5,Kurtis,Cumesky,kcumesky4@pagesperso-orange.fr,Male,$431121.42,58645885,IT
6,Lion,Danzig,ldanzig5@amazonaws.com,Male,$892354.68,793482069,IT
7,Ulrike,Bradtke,ubradtke6@wunderground.com,Female,$113639.37,287965582,PP
8,Paulita,Rhys,prhys7@intel.com,Female,$530584.71,822053490,CC
9,Laughton,Scaysbrook,lscaysbrook8@twitpic.com,Male,$816972.48,954095121,CC
10,Dori,Zanettini,dzanettini9@dedecms.com,Female,$812225.60,401648286,PP
11,Conrado,Jandak,cjandaka@wufoo.com,Male,$693592.87,796879922,PP
12,Calvin,Hamshaw,chamshawb@over-blog.com,Male,$953341.52,892600578,CC
13,Robbi,Ravenscroftt,rravenscrofttc@washingtonpost.com,Female,$368829.20,728586651,CC
14,Rozina,Livesley,rlivesleyd@mac.com,Female,$160146.20,906328805,IT
15,Caddric,Tabram,ctabrame@nih.gov,Male,$411691.13,596726844,CC
16,Arnold,Lewin,alewinf@uol.com.br,Male,$293209.50,604750783,CC
17,Rica,Cressy,rcressyg@4shared.com,Female,$880812.88,183966591,PP
18,Conrado,Plume,cplumeh@pinterest.com,Male,$888273.31,219881352,CC
19,Lurline,McGlaud,lmcglaudi@accuweather.com,Female,$249592.95,815916752,CC
20,Pandora,Chasemoore,pchasemoorej@washington.edu,Female,$415685.69,980567434,CC
21,Bathsheba,Ivashov,bivashovk@businesswire.com,Female,$791490.92,940034972,PP
22,Waiter,Labb,wlabbl@soundcloud.com,Male,$312482.14,636639947,CC
23,Abra,Fleetham,afleethamm@dot.gov,Female,$370092.26,743298608,CC
24,Mandy,Waulker,mwaulkern@google.com.br,Female,$293944.28,236549949,IT
25,Ameline,Tarr,atarro@webnode.com,Female,$555418.19,773831524,CC
26,Emelia,Orrin,eorrinp@upenn.edu,Female,$763114.26,166344408,CC
27,Benoite,Jesse,bjesseq@who.int,Female,$680527.94,827158041,IT
28,Dorian,Bennetts,dbennettsr@oaic.gov.au,Male,$809045.97,179645865,CC
29,Weylin,Shatford,wshatfords@guardian.co.uk,Male,$602220.64,841298895,IT
30,Walther,Wood,wwoodt@usatoday.com,Male,$324529.30,941133508,CC
31,Gard,Reicherz,greicherzu@chron.com,Male,$572796.12,582498452,IT
32,Marnia,Ruprecht,mruprechtv@nydailynews.com,Female,$252028.46,205605540,CC
33,Fairleigh,Gallandre,fgallandrew@ca.gov,Male,$167911.92,558896759,CC
34,Annmaria,Vaun,avaunx@free.fr,Female,$853232.56,435397516,CC
35,Mahala,Arnault,marnaulty@theguardian.com,Female,$282593.34,96544071,PP
36,Wendel,Kingswood,wkingswoodz@state.gov,Male,$104702.05,921033061,IT
37,Adelina,Hatley,ahatley10@shutterfly.com,Female,$485801.52,1019175933,IT
38,Willdon,Elsworth,welsworth11@buzzfeed.com,Male,$371754.78,522227186,PP
39,Emmit,Fruin,efruin12@nba.com,Male,$420866.03,510208150,CC
40,Merry,Pedlar,mpedlar13@globo.com,Male,$455038.71,285004620,PP
41,Kevina,Polotti,kpolotti14@walmart.com,Female,$253158.02,431956894,CC
42,Blakelee,Sone,bsone15@utexas.edu,Female,$469691.32,36876027,CC
43,Conney,Karpychev,ckarpychev16@nature.com,Male,$503359.23,763978740,PP
44,Corina,Hockell,chockell17@delicious.com,Female,$117232.52,449952943,PP
45,Sim,Howarth,showarth18@nature.com,Male,$411143.31,864906800,PP
46,Andy,Hackley,ahackley19@answers.com,Female,$635305.35,616395086,IT
47,Frederik,Saville,fsaville1a@goodreads.com,Male,$712719.55,1018148929,CC
48,Klement,Feak,kfeak1b@alexa.com,Male,$643341.78,227757115,PP
49,Errick,McClurg,emcclurg1c@npr.org,Male,$368307.26,460853776,IT
50,Carolyne,Danielut,cdanielut1d@mozilla.org,Female,$114393.75,23611748,CC
51,Wainwright,Sizland,wsizland1e@nps.gov,Male,$285267.64,426087119,CC
52,Kaja,Bruster,kbruster1f@squidoo.com,Female,$212920.11,616295101,PP
53,Prent,Grant,pgrant1g@nature.com,Male,$773324.03,943701932,CC
54,Tatiana,Mitchelmore,tmitchelmore1h@hostgator.com,Female,$171804.26,918916199,CC
55,Nyssa,D'Agostino,ndagostino1i@noaa.gov,Female,$372669.20,257996797,PP
56,Flint,Di Carli,fdicarli1j@wikispaces.com,Male,$469978.89,313260614,CC
57,Vladamir,Fensome,vfensome1k@vinaora.com,Male,$797079.18,848386744,PP
58,Spencer,Janauschek,sjanauschek1l@tripadvisor.com,Male,$128512.50,794979858,PP
59,Owen,Alldred,oalldred1m@youku.com,Male,$225936.01,528256072,IT
60,Johny,Jolland,jjolland1n@bing.com,Male,$143350.20,38254110,IT
61,Stephanus,Blow,sblow1o@un.org,Male,$935380.62,111474693,PP
62,Travers,Kitchingham,tkitchingham1p@plala.or.jp,Male,$321900.07,438180617,IT
63,Ursa,Swales,uswales1q@walmart.com,Female,$343361.66,939339395,PP
64,Neils,Donizeau,ndonizeau1r@bigcartel.com,Male,$876260.14,133573626,CC
65,Chilton,Parsall,cparsall1s@ycombinator.com,Male,$594688.31,885161133,IT
66,Corliss,O'Hickey,cohickey1t@dell.com,Female,$533492.41,265349612,IT
67,Dolf,Croysdale,dcroysdale1u@csmonitor.com,Male,$272761.45,666626020,CC
68,Sterne,Guinane,sguinane1v@sina.com.cn,Male,$388238.56,857289139,IT
69,Wildon,Cabera,wcabera1w@kickstarter.com,Male,$835232.46,32049180,IT
70,Ernesta,Coultas,ecoultas1x@phoca.cz,Female,$281881.14,8401955,IT
71,Victoir,Medgewick,vmedgewick1y@google.com,Male,$529937.59,157197553,CC
72,Fredek,Agass,fagass1z@usa.gov,Male,$178577.62,578709057,CC
73,Lynnell,Stickles,lstickles20@dedecms.com,Female,$595236.01,376685334,IT
74,Cam,McAloren,cmcaloren21@yellowbook.com,Female,$940732.58,58719045,CC
75,Aila,Choke,achoke22@networkadvertising.org,Female,$851786.53,617598524,CC
76,Eda,Vanacci,evanacci23@paginegialle.it,Female,$816174.21,266376762,PP
77,Harriett,Gossling,hgossling24@ning.com,Female,$649354.30,840528288,CC
78,Marcellus,Golagley,mgolagley25@umn.edu,Male,$840909.13,891365949,PP
79,Renault,Caulder,rcaulder26@gravatar.com,Male,$176870.38,375807769,IT
80,Petrina,Coverdill,pcoverdill27@oaic.gov.au,Female,$313311.31,1018699742,PP
81,Cora,Earngy,cearngy28@nba.com,Female,$541680.47,15675224,IT
82,Ruthie,Peers,rpeers29@miitbeian.gov.cn,Female,$901862.32,560699359,CC
83,Philip,Sedgefield,psedgefield2a@istockphoto.com,Male,$173745.79,743588801,CC
84,Audrye,Jakubiak,ajakubiak2b@ftc.gov,Female,$314810.78,178092972,CC
85,Marcie,Eliot,meliot2c@unc.edu,Female,$403107.62,939726258,CC
86,Brody,Patershall,bpatershall2d@yahoo.com,Male,$753273.25,267640761,IT
87,Pincus,Hampshire,phampshire2e@last.fm,Male,$522475.98,698898067,PP
88,Rici,Fullstone,rfullstone2f@uol.com.br,Female,$795757.91,474726613,CC
89,Sloan,Laroux,slaroux2g@meetup.com,Male,$147217.09,464489634,PP
90,Kathrine,Norrington,knorrington2h@webmd.com,Female,$718272.03,938782063,IT
91,Shelby,Fettis,sfettis2i@engadget.com,Male,$786239.10,827217632,IT
92,Pam,Maccari,pmaccari2j@quantcast.com,Female,$198195.03,482640897,CC
93,Nikoletta,Medforth,nmedforth2k@opensource.org,Female,$800506.64,583113507,IT
94,Jeralee,Silbersak,jsilbersak2l@sciencedaily.com,Female,$105732.51,729767259,IT
95,Danie,Stenton,dstenton2m@ifeng.com,Male,$889344.85,111356236,PP
96,Brandie,Crack,bcrack2n@is.gd,Female,$403523.76,460283206,CC
97,Brear,Gerrans,bgerrans2o@nyu.edu,Female,$292809.48,437484134,IT
98,Orsa,Akast,oakast2p@hc360.com,Female,$705361.21,294856971,CC
99,Ellette,Bousler,ebousler2q@usatoday.com,Female,$883929.19,129221234,PP
100,Lockwood,Eckhard,leckhard2r@cargocollective.com,Male,$986828.76,488315106,PP
101,Alden,Stapels,astapels2s@edublogs.org,Male,$199015.07,684142899,CC
102,Madalyn,Adds,madds2t@reference.com,Female,$780752.52,823817733,CC
103,Saleem,Boggs,sboggs2u@ca.gov,Male,$914753.67,301524074,CC
104,Todd,Wallington,twallington2v@intel.com,Male,$822725.28,13221459,CC
105,Joshia,Rutledge,jrutledge2w@cmu.edu,Male,$483176.56,482343196,CC
106,Laural,Fend,lfend2x@nsw.gov.au,Female,$992555.57,561743153,PP
107,Lyndell,Sebrens,lsebrens2y@yandex.ru,Female,$318183.42,401516931,IT
108,Francois,Mowsdale,fmowsdale2z@sitemeter.com,Male,$108674.77,1029230115,IT
109,Ludovika,Kroll,lkroll30@buzzfeed.com,Female,$724031.12,550293653,PP
110,Geoffrey,Bourthouloume,gbourthouloume31@t.co,Male,$357186.79,997341525,IT
111,Nina,Tapner,ntapner32@paypal.com,Female,$375185.09,308454179,IT
112,Jeno,Sambiedge,jsambiedge33@slate.com,Male,$467840.36,501335041,PP
113,Royall,Lamond,rlamond34@seattletimes.com,Male,$417903.69,678264465,IT
114,Dannel,McTrustrie,dmctrustrie35@dailymotion.com,Male,$937151.57,533722750,PP
115,Frederique,Peffer,fpeffer36@buzzfeed.com,Female,$886914.10,684427575,CC
116,Tiena,Senior,tsenior37@sohu.com,Female,$402832.38,693520764,CC
117,Prudy,Bernardos,pbernardos38@tinyurl.com,Female,$384603.82,860949421,PP
118,Dov,Knappe,dknappe39@pbs.org,Male,$756571.83,496820146,CC
119,Janette,Ruddick,jruddick3a@economist.com,Female,$378817.33,202681536,CC
120,Jeremie,Melding,jmelding3b@auda.org.au,Male,$619632.88,581374879,PP
121,Aindrea,Smewing,asmewing3c@storify.com,Female,$938771.20,436071269,IT
122,Elora,Pierce,epierce3d@shop-pro.jp,Female,$467240.14,923482212,CC
123,Kurt,Starkie,kstarkie3e@xinhuanet.com,Male,$717800.18,766426291,CC
124,Geoffrey,Guidone,gguidone3f@constantcontact.com,Male,$873667.38,316504836,IT
125,Stefan,Myall,smyall3g@shareasale.com,Male,$371897.73,422914766,IT
126,Mohammed,Ledeker,mledeker3h@yahoo.co.jp,Male,$994590.11,240426339,PP
127,Irvin,Sudell,isudell3i@marketwatch.com,Male,$337364.76,367360421,IT
128,Consolata,Muckersie,cmuckersie3j@fda.gov,Female,$574966.14,585780219,CC
129,Sibilla,McKew,smckew3k@youtu.be,Female,$585227.06,102534636,CC
130,Hube,Becerro,hbecerro3l@pinterest.com,Male,$881885.43,336885836,PP
131,Ag,Alyonov,aalyonov3m@dropbox.com,Female,$923164.87,622592490,PP
132,Boony,Mundy,bmundy3n@wordpress.org,Male,$984230.65,840455277,CC
133,Granger,Thorwarth,gthorwarth3o@usnews.com,Male,$300141.23,614593744,PP
134,Alon,Trobridge,atrobridge3p@uol.com.br,Male,$702426.06,444590917,CC
135,Guglielmo,Loy,gloy3q@dailymotion.com,Male,$277232.95,62876363,PP
136,Harlin,Rebert,hrebert3r@odnoklassniki.ru,Male,$751260.45,1034838914,CC
137,Jarid,Dowdeswell,jdowdeswell3s@wiley.com,Male,$935955.36,359094030,IT
138,Janelle,Pfeifer,jpfeifer3t@latimes.com,Female,$234759.45,788355306,CC
139,Riordan,Rodway,rrodway3u@pen.io,Male,$388661.91,445709712,CC
140,Sawyer,Dunnico,sdunnico3v@sun.com,Male,$127442.53,539753030,IT
141,Nicky,Lambillion,nlambillion3w@virginia.edu,Female,$869543.06,1039938101,PP
142,Farand,Coggeshall,fcoggeshall3x@woothemes.com,Female,$227491.60,109363011,IT
143,Georgeta,Craighead,gcraighead3y@virginia.edu,Female,$954235.41,115588671,IT
144,Burch,Farey,bfarey3z@joomla.org,Male,$288407.89,270792153,CC
145,Odo,Sweetenham,osweetenham40@mayoclinic.com,Male,$882662.17,994662118,IT
146,Lindsey,Vandenhoff,lvandenhoff41@fc2.com,Male,$975542.71,179887030,IT
147,Fairlie,Bellam,fbellam42@soup.io,Male,$475114.67,537560455,IT
148,Lulita,Mulqueen,lmulqueen43@unicef.org,Female,$320772.58,13336171,IT
149,Gabriel,Elliot,gelliot44@about.com,Male,$321821.03,692855846,CC
150,Inge,Charker,icharker45@hostgator.com,Female,$510717.72,134450943,PP
151,Kendell,Grimsdith,kgrimsdith46@hugedomains.com,Male,$507549.36,632989333,PP
152,Rodolphe,Trevaskiss,rtrevaskiss47@yolasite.com,Male,$434600.07,88489297,IT
153,Isiahi,Scholte,ischolte48@barnesandnoble.com,Male,$781525.95,954457545,CC
154,Theobald,Twinborough,ttwinborough49@apache.org,Male,$623720.08,288621721,CC
155,Evelina,Coverlyn,ecoverlyn4a@mit.edu,Female,$313967.03,320163716,CC
156,Mahala,Rubinow,mrubinow4b@slate.com,Female,$389609.30,16027580,IT
157,Vicki,Cloke,vcloke4c@1688.com,Female,$232341.30,329035499,PP
158,Preston,Heinsh,pheinsh4d@arstechnica.com,Male,$751572.31,362014721,PP
159,Vivianna,Loram,vloram4e@chronoengine.com,Female,$218059.52,124511179,IT
160,Genny,Glanvill,gglanvill4f@t-online.de,Female,$827063.76,634785681,IT
161,Dannye,Lanfranconi,dlanfranconi4g@miitbeian.gov.cn,Female,$324463.42,360735255,PP
162,Kalil,Flew,kflew4h@bandcamp.com,Male,$361702.12,797628505,CC
163,Marni,Phil,mphil4i@fotki.com,Female,$174379.93,948578866,IT
164,Ulick,Symcox,usymcox4j@nasa.gov,Male,$685264.30,761643080,CC
165,Darleen,Westmoreland,dwestmoreland4k@gmpg.org,Female,$202702.52,37944002,IT
166,Eugene,Mundell,emundell4l@zdnet.com,Male,$547186.83,952337952,PP
167,Parrnell,Thexton,pthexton4m@arstechnica.com,Male,$311247.26,792949118,CC
168,Emilia,Jarrad,ejarrad4n@sun.com,Female,$288351.31,860171314,CC
169,Monica,Stimpson,mstimpson4o@gnu.org,Female,$425212.57,469928947,IT
170,Nady,Torre,ntorre4p@tuttocitta.it,Female,$236680.03,433389801,IT
171,Saudra,Ree,sree4q@nps.gov,Female,$638544.37,539327810,IT
172,Butch,Astell,bastell4r@usgs.gov,Male,$444267.92,186968934,PP
173,Britte,McEttigen,bmcettigen4s@wordpress.com,Female,$697708.46,249437641,PP
174,Fabio,Rochell,frochell4t@ucoz.ru,Male,$282024.54,1002587187,IT
175,Ximenes,Yarr,xyarr4u@networkadvertising.org,Male,$386944.29,717996400,PP
176,Angel,Florentine,aflorentine4v@usatoday.com,Male,$935891.09,1049173456,CC
177,Juana,Pecey,jpecey4w@123-reg.co.uk,Female,$450020.09,82087015,CC
178,Danielle,Naper,dnaper4x@sfgate.com,Female,$310564.08,653102489,CC
179,Dedie,Farreil,dfarreil4y@google.pl,Female,$796279.07,292641175,PP
180,Kristoforo,Nappin,knappin4z@ox.ac.uk,Male,$810323.70,617809670,IT
181,Harper,Ovett,hovett50@squidoo.com,Male,$551548.68,230199538,PP
182,Blayne,Kohtler,bkohtler51@gmpg.org,Male,$526674.60,270893105,CC
183,Vida,Peers,vpeers52@businesswire.com,Female,$989267.78,475909452,CC
184,Loralee,Maile,lmaile53@xinhuanet.com,Female,$617974.78,716918177,PP
185,Felicdad,Barfoot,fbarfoot54@php.net,Female,$577478.51,967645489,IT
186,Amabel,Chaves,achaves55@marketwatch.com,Female,$183239.38,345337791,CC
187,Brietta,Collinwood,bcollinwood56@hugedomains.com,Female,$999065.21,13501125,PP
188,Lane,Hamshaw,lhamshaw57@merriam-webster.com,Male,$184043.39,741211386,CC
189,Marcelo,Aujean,maujean58@google.com.br,Male,$961195.74,871190913,CC
190,Roy,Routhorn,rrouthorn59@cpanel.net,Male,$756558.39,289722043,IT
191,Sharona,Martinie,smartinie5a@livejournal.com,Female,$145828.56,618074774,PP
192,Ferrell,Yesenin,fyesenin5b@hexun.com,Male,$491204.76,188434594,IT
193,Merilyn,Dobbison,mdobbison5c@npr.org,Female,$901851.99,606726178,PP
194,Dallas,Rioch,drioch5d@google.fr,Male,$620780.20,366922188,IT
195,Padriac,Krzyzowski,pkrzyzowski5e@nih.gov,Male,$378267.61,921278601,PP
196,Jorge,Mitroshinov,jmitroshinov5f@dailymotion.com,Male,$197182.71,642957083,CC
197,Cicely,Poplee,cpoplee5g@un.org,Female,$692207.82,11355999,IT
198,Arel,Danilchenko,adanilchenko5h@gmpg.org,Male,$257498.85,979648027,PP
199,Dyanne,Calendar,dcalendar5i@nba.com,Female,$202397.95,261449130,PP
200,Gerome,Hurd,ghurd5j@fotki.com,Male,$563215.04,929512698,PP
201,Ninon,Scally,nscally5k@discovery.com,Female,$660950.50,660773495,IT
202,Arty,Padkin,apadkin5l@ft.com,Male,$662192.62,217660728,PP
203,Delmer,Silversmidt,dsilversmidt5m@moonfruit.com,Male,$804486.98,187670235,CC
204,Scot,Sebley,ssebley5n@opensource.org,Male,$781093.56,74773602,CC
205,Tamma,Hyslop,thyslop5o@joomla.org,Female,$548371.88,663879243,IT
206,Laurent,Somerville,lsomerville5p@1und1.de,Male,$246916.55,84146878,CC
207,Clarinda,Grebert,cgrebert5q@china.com.cn,Female,$576054.20,808226055,PP
208,Giuseppe,Camillo,gcamillo5r@yolasite.com,Male,$556990.53,267421457,CC
209,Arlee,Carvell,acarvell5s@newsvine.com,Female,$370054.58,95218597,IT
210,Fanni,Fleming,ffleming5t@posterous.com,Female,$266267.59,365331014,PP
211,Cyndie,Chidzoy,cchidzoy5u@fema.gov,Female,$135723.69,32681020,CC
212,Woodie,Seatter,wseatter5v@fotki.com,Male,$378990.29,1024435949,PP
213,Bryan,Langabeer,blangabeer5w@meetup.com,Male,$456613.02,987040484,PP
214,Cam,Guillotin,cguillotin5x@nps.gov,Male,$594178.23,473713992,IT
215,Esmaria,Wackly,ewackly5y@weather.com,Female,$364612.83,333777264,CC
216,Anthea,Whatham,awhatham5z@nasa.gov,Female,$520522.94,672651237,PP
217,Julieta,Stather,jstather60@t-online.de,Female,$344547.04,451171980,CC
218,Ulises,Gettone,ugettone61@diigo.com,Male,$170668.62,186903297,IT
219,Odetta,MacDonald,omacdonald62@deliciousdays.com,Female,$665711.02,774698150,CC
220,Martainn,Abramowitch,mabramowitch63@cloudflare.com,Male,$568932.18,113109341,CC
221,Nealson,Bucknell,nbucknell64@sphinn.com,Male,$632036.07,426489922,CC
222,Alleen,Ahearne,aahearne65@cornell.edu,Female,$337820.65,125410976,IT
223,Verena,Armin,varmin66@shinystat.com,Female,$469875.83,763480076,IT
224,Laurice,Letson,lletson67@columbia.edu,Female,$527095.68,1001986788,CC
225,Roi,Marcombe,rmarcombe68@moonfruit.com,Male,$112867.63,788067293,CC
226,Cori,Confort,cconfort69@princeton.edu,Female,$196165.10,103087247,PP
227,Clarke,Fothergill,cfothergill6a@comsenz.com,Male,$220964.11,770575293,PP
228,Mallory,Sedgefield,msedgefield6b@imdb.com,Male,$974694.17,20104121,IT
229,Anthea,Estable,aestable6c@theatlantic.com,Female,$713604.53,1009823441,IT
230,Lyndsey,Loudian,lloudian6d@google.co.uk,Female,$957173.23,584032708,IT
231,Hermione,Bibb,hbibb6e@amazon.co.jp,Female,$530635.51,692771337,PP
232,Glynn,Muggleston,gmuggleston6f@slideshare.net,Male,$126561.47,644508909,PP
233,Ophelia,Lawrey,olawrey6g@reddit.com,Female,$611542.77,916506324,CC
234,Chet,Macklin,cmacklin6h@huffingtonpost.com,Male,$568267.80,222685454,IT
235,Chery,Sweeney,csweeney6i@wunderground.com,Female,$325934.63,621933633,CC
236,Mac,Oxford,moxford6j@sphinn.com,Male,$617506.90,812986480,CC
237,Gussie,Shubotham,gshubotham6k@purevolume.com,Female,$949203.26,574139867,CC
238,Graig,Bostock,gbostock6l@ebay.com,Male,$564923.48,804506160,IT
239,Dynah,Dyas,ddyas6m@cafepress.com,Female,$389486.07,685939098,PP
240,Caroline,Mabon,cmabon6n@nationalgeographic.com,Female,$213819.17,785310757,CC
241,Lindsay,Wyborn,lwyborn6o@nba.com,Male,$123719.70,948146130,PP
242,Guendolen,Chartres,gchartres6p@aol.com,Female,$343289.98,202310831,IT
243,Tildy,Cornthwaite,tcornthwaite6q@mlb.com,Female,$242245.69,502770045,CC
244,Penny,Kears,pkears6r@infoseek.co.jp,Male,$444833.73,729805230,PP
245,Burgess,Brewett,bbrewett6s@nih.gov,Male,$676977.44,426142937,CC
246,Lynda,Sauvain,lsauvain6t@accuweather.com,Female,$437251.15,749785679,CC
247,Lani,Petrello,lpetrello6u@wix.com,Female,$313368.40,279756127,IT
248,Reinaldos,Falloon,rfalloon6v@pagesperso-orange.fr,Male,$472048.01,711467137,CC
249,Krishnah,Royson,kroyson6w@sohu.com,Male,$219609.94,884648575,CC
250,Nikolos,Altree,naltree6x@tripadvisor.com,Male,$359762.76,726253731,CC
251,Joly,Furmston,jfurmston6y@bbc.co.uk,Female,$781965.38,871626924,PP
252,Erny,De Cleyne,edecleyne6z@vinaora.com,Male,$500580.96,971656248,CC
253,Ben,Springford,bspringford70@walmart.com,Male,$586148.25,420460172,IT
254,Paco,Gravet,pgravet71@bbc.co.uk,Male,$806269.02,570394905,IT
255,Ash,Lovatt,alovatt72@edublogs.org,Male,$888417.42,40172076,PP
256,Rosaleen,Stealy,rstealy73@go.com,Female,$996793.09,654267844,PP
257,Simonette,Beden,sbeden74@hubpages.com,Female,$529107.94,169889498,PP
258,Avrom,Lavers,alavers75@usda.gov,Male,$435760.58,1009180594,IT
259,Jelene,Bedrosian,jbedrosian76@hibu.com,Female,$538674.11,455961350,CC
260,Regen,Windebank,rwindebank77@tuttocitta.it,Male,$980251.88,163027493,PP
261,Matelda,De Nisco,mdenisco78@scribd.com,Female,$374930.54,496140337,IT
262,Corrianne,McCay,cmccay79@sciencedirect.com,Female,$860562.71,208370029,IT
263,Kip,Wynes,kwynes7a@usgs.gov,Female,$984331.04,721286255,CC
264,Almire,Shanklin,ashanklin7b@hexun.com,Female,$702695.77,40611545,CC
265,Matilde,Prosch,mprosch7c@msu.edu,Female,$764828.23,593095524,PP
266,Tadio,Yesichev,tyesichev7d@163.com,Male,$946007.81,858545097,PP
267,Glendon,Simmig,gsimmig7e@state.gov,Male,$438378.80,765720246,IT
268,Mallorie,Adriaens,madriaens7f@answers.com,Female,$789651.12,1041453110,IT
269,Courtenay,Kertess,ckertess7g@vkontakte.ru,Female,$219709.24,292884700,CC
270,Wiley,Healy,whealy7h@rakuten.co.jp,Male,$328704.98,88306688,CC
271,Ring,Rylstone,rrylstone7i@wix.com,Male,$381210.68,895470643,PP
272,Timmi,Vonderdell,tvonderdell7j@squidoo.com,Female,$621912.09,996325352,PP
273,Torrie,Butte,tbutte7k@mac.com,Female,$711738.18,788106763,PP
274,Renaud,Weems,rweems7l@nhs.uk,Male,$189758.80,210788329,IT
275,Marquita,De Domenici,mdedomenici7m@sun.com,Female,$504677.26,527362337,PP
276,Sibel,Lerego,slerego7n@webs.com,Female,$671542.18,210962197,PP
277,Clifford,Bigmore,cbigmore7o@hud.gov,Male,$738865.74,947617553,CC
278,Forester,McIlmorow,fmcilmorow7p@infoseek.co.jp,Male,$687206.14,97371067,IT
279,Penni,Blackadder,pblackadder7q@army.mil,Female,$470924.00,229160613,CC
280,Gerianna,Crofts,gcrofts7r@php.net,Female,$275301.54,329469401,CC
281,Chadd,Crumly,ccrumly7s@marketwatch.com,Male,$162002.94,397760843,PP
282,Delano,Marke,dmarke7t@ucoz.ru,Male,$616068.37,11115623,PP
283,Lou,Peddie,lpeddie7u@list-manage.com,Female,$871763.40,255526952,CC
284,Brannon,Solly,bsolly7v@census.gov,Male,$741260.92,470920559,IT
285,Hale,Eton,heton7w@wordpress.org,Male,$920510.64,812113428,PP
286,Lizbeth,Feander,lfeander7x@skyrock.com,Female,$580439.46,696182486,CC
287,Chip,Yacobsohn,cyacobsohn7y@umich.edu,Male,$104963.50,381935545,IT
288,Rosabel,Matussov,rmatussov7z@over-blog.com,Female,$674364.01,807465574,IT
289,Vitia,Pittle,vpittle80@list-manage.com,Female,$299888.01,949154333,PP
290,Israel,Thornton,ithornton81@dion.ne.jp,Male,$928321.53,153883286,CC
291,Gary,Dubble,gdubble82@digg.com,Male,$849136.61,779426307,PP
292,Patten,Konert,pkonert83@fda.gov,Male,$458909.93,693911581,PP
293,Herschel,Winnett,hwinnett84@vinaora.com,Male,$513487.70,807771183,IT
294,Abie,Wilson,awilson85@vkontakte.ru,Male,$220431.45,367019778,CC
295,Helene,Leeson,hleeson86@cbsnews.com,Female,$971736.23,15469181,PP
296,Larine,Fossick,lfossick87@nyu.edu,Female,$171174.26,62909779,CC
297,Riane,De Vile,rdevile88@time.com,Female,$390979.71,418404678,CC
298,Sutton,Nobles,snobles89@cloudflare.com,Male,$485354.78,479555118,CC
299,Nelie,Gookey,ngookey8a@cam.ac.uk,Female,$884303.83,55166443,PP
300,Pail,De Carteret,pdecarteret8b@cnet.com,Male,$821451.68,228155981,CC
301,Toby,Lippo,tlippo8c@geocities.com,Male,$994932.72,476036817,PP
302,Erminie,McGennis,emcgennis8d@xrea.com,Female,$184287.13,959211799,PP
303,Rhodia,Lawry,rlawry8e@hp.com,Female,$681123.98,522593715,PP
304,Fletch,Dutch,fdutch8f@goodreads.com,Male,$648266.57,362789028,IT
305,Anatollo,Poyser,apoyser8g@tamu.edu,Male,$169583.47,399325798,IT
306,Joleen,Glasscoo,jglasscoo8h@senate.gov,Female,$818613.02,280760329,PP
307,Kelley,Leheude,kleheude8i@nifty.com,Male,$909968.87,814854481,CC
308,Isaak,Warbrick,iwarbrick8j@shinystat.com,Male,$727708.07,184271616,CC
309,Byrle,Kalderon,bkalderon8k@posterous.com,Male,$669805.48,463807970,IT
310,Amie,Sommerfeld,asommerfeld8l@tripadvisor.com,Female,$932649.81,166978708,PP
311,Keely,Gorler,kgorler8m@webeden.co.uk,Female,$103056.73,772596624,IT
312,Edsel,Goalby,egoalby8n@sciencedirect.com,Male,$964651.06,296083956,PP
313,Pall,Rillstone,prillstone8o@technorati.com,Male,$576034.14,304075319,IT
314,Vivia,Morshead,vmorshead8p@cbc.ca,Female,$106176.44,285987640,CC
315,Robers,Tomsett,rtomsett8q@shutterfly.com,Male,$884600.84,15022119,CC
316,Janice,Breming,jbreming8r@themeforest.net,Female,$334996.24,860257027,IT
317,Rebecka,Small,rsmall8s@blogtalkradio.com,Female,$686991.03,388667281,CC
318,Elset,Earpe,eearpe8t@marriott.com,Female,$600097.88,645928966,CC
319,Raoul,Dibden,rdibden8u@statcounter.com,Male,$445954.45,71048537,CC
320,Corine,Dutnall,cdutnall8v@go.com,Female,$862521.83,465040305,PP
321,Jerry,Archbould,jarchbould8w@networkadvertising.org,Female,$729779.60,508922296,PP
322,Augusta,Busek,abusek8x@utexas.edu,Female,$618876.10,147385417,PP
323,Don,Troyes,dtroyes8y@bing.com,Male,$582961.67,277723673,IT
324,Mose,Dobrovsky,mdobrovsky8z@tiny.cc,Male,$125099.70,278599036,PP
325,Binni,Winmill,bwinmill90@google.ru,Female,$189106.12,716362236,PP
326,Franky,MacKall,fmackall91@exblog.jp,Male,$231068.45,42689097,CC
327,Halsey,Bridle,hbridle92@army.mil,Male,$892705.82,1044843469,CC
328,Julieta,Dumingo,jdumingo93@wired.com,Female,$207147.38,1022296949,PP
329,Ricoriki,Kroger,rkroger94@123-reg.co.uk,Male,$290907.80,586192489,CC
330,Culver,Braunds,cbraunds95@slashdot.org,Male,$921102.89,835740321,IT
331,Padraig,Gonneau,pgonneau96@yelp.com,Male,$380307.30,790883495,IT
332,Trey,Gadsby,tgadsby97@myspace.com,Male,$698160.41,320494512,IT
333,Bonny,Gorghetto,bgorghetto98@nbcnews.com,Female,$156723.99,843021380,PP
334,Immanuel,Cowely,icowely99@amazon.co.uk,Male,$763867.79,985495924,IT
335,Francene,Santos,fsantos9a@wisc.edu,Female,$337782.46,1018454421,IT
336,Annette,De Ambrosis,adeambrosis9b@godaddy.com,Female,$535549.61,184817368,IT
337,Bernadene,Saphir,bsaphir9c@goo.gl,Female,$853314.71,494468278,PP
338,Leticia,Boord,lboord9d@oracle.com,Female,$647495.05,1024663583,CC
339,Imogene,Caplen,icaplen9e@acquirethisname.com,Female,$823383.54,946546138,IT
340,Bord,Ginity,bginity9f@sourceforge.net,Male,$376418.98,259480990,CC
341,Amil,Stronough,astronough9g@stumbleupon.com,Female,$289802.72,119909117,CC
342,Sydney,Starbucke,sstarbucke9h@ycombinator.com,Female,$125873.45,1007093457,CC
343,Leland,Mitcheson,lmitcheson9i@amazon.de,Male,$879145.50,10924299,PP
344,Salvidor,Janson,sjanson9j@mail.ru,Male,$908853.93,197835337,CC
345,Ginger,Hainning,ghainning9k@foxnews.com,Female,$790090.56,897215252,IT
346,Britney,Falshaw,bfalshaw9l@mtv.com,Female,$378176.01,633254149,IT
347,Corby,Romagnosi,cromagnosi9m@squidoo.com,Male,$112995.84,489999084,IT
348,Linnet,Koop,lkoop9n@123-reg.co.uk,Female,$537183.84,886266477,PP
349,Harriett,Ingleson,hingleson9o@jalbum.net,Female,$247055.95,413666000,IT
350,Roddie,Abdie,rabdie9p@stumbleupon.com,Male,$739931.21,934477825,IT
351,Fabio,Rotter,frotter9q@acquirethisname.com,Male,$528103.17,304141412,IT
352,Cliff,Graalmans,cgraalmans9r@examiner.com,Male,$630708.51,110756993,CC
353,Mikael,Rimes,mrimes9s@mtv.com,Male,$960539.29,927300477,PP
354,Janella,Deas,jdeas9t@prlog.org,Female,$691357.45,430838335,CC
355,Lurline,Barfford,lbarfford9u@tuttocitta.it,Female,$695091.93,889039420,IT
356,Arron,MacAllan,amacallan9v@odnoklassniki.ru,Male,$677833.35,681988661,IT
357,Abbey,Jakubovsky,ajakubovsky9w@amazon.co.uk,Female,$994796.35,420009825,PP
358,Niall,Kubczak,nkubczak9x@baidu.com,Male,$458691.98,965689726,CC
359,Cora,Angrave,cangrave9y@cbc.ca,Female,$270700.29,771536395,IT
360,Christi,Habershon,chabershon9z@adobe.com,Female,$630073.45,441476131,IT
361,Verna,Doding,vdodinga0@whitehouse.gov,Female,$492482.67,347224573,IT
362,Kelwin,Totton,ktottona1@weather.com,Male,$517304.44,1025214372,CC
363,Jacob,Kingaby,jkingabya2@ycombinator.com,Male,$495521.48,577165176,PP
364,Twyla,Puckett,tpucketta3@edublogs.org,Female,$497783.69,579364686,IT
365,Ranna,Oppery,ropperya4@java.com,Female,$607207.05,193816353,CC
366,Broddie,Whiskin,bwhiskina5@com.com,Male,$152153.46,464836333,IT
367,Cornela,Lipman,clipmana6@sciencedirect.com,Female,$259112.93,654017425,IT
368,Noak,Guillerman,nguillermana7@blogs.com,Male,$719371.95,771620502,IT
369,Lianna,Alpine,lalpinea8@un.org,Female,$867123.20,651652507,IT
370,Herby,Pabelik,hpabelika9@opera.com,Male,$900655.51,993349891,IT
371,Consalve,MacTeggart,cmacteggartaa@slideshare.net,Male,$120462.07,370088387,CC
372,Livy,Paffitt,lpaffittab@ucla.edu,Female,$821246.36,280279256,PP
373,Hilarius,Coale,hcoaleac@wunderground.com,Male,$238834.57,492478242,IT
374,Jody,Abbado,jabbadoad@bbc.co.uk,Male,$200720.55,41523841,CC
375,Dorry,Abbets,dabbetsae@latimes.com,Female,$819644.38,459104939,IT
376,Valentine,Lumley,vlumleyaf@bandcamp.com,Male,$157363.74,1028997373,IT
377,Heinrick,Jewiss,hjewissag@hud.gov,Male,$109408.51,184007128,IT
378,Keelia,Kochlin,kkochlinah@sourceforge.net,Female,$646618.92,298572531,PP
379,Killy,Laise,klaiseai@constantcontact.com,Male,$928742.07,295224402,CC
380,Donovan,Herion,dherionaj@1688.com,Male,$527332.13,910827851,CC
381,Norry,Cogswell,ncogswellak@wikimedia.org,Female,$970848.20,999881087,IT
382,Anet,Sach,asachal@wordpress.com,Female,$875645.75,434297068,PP
383,Launce,Armit,larmitam@hexun.com,Male,$823676.50,202195908,CC
384,Jacobo,Draco,jdracoan@examiner.com,Male,$595541.02,341259457,IT
385,Ingeberg,Rumming,irummingao@sakura.ne.jp,Female,$915506.35,70091936,IT
386,Balduin,Becken,bbeckenap@etsy.com,Male,$790408.92,103767840,PP
387,Carmelita,Grishankov,cgrishankovaq@si.edu,Female,$681809.56,213498293,PP
388,Rossie,Peyro,rpeyroar@nsw.gov.au,Male,$791385.95,1042566006,CC
389,Celle,Toffel,ctoffelas@weather.com,Female,$474585.29,349146317,IT
390,Kissiah,Haberfield,khaberfieldat@theguardian.com,Female,$288647.89,398276122,IT
391,Jade,Bellow,jbellowau@slideshare.net,Female,$331469.85,189428492,CC
392,Zacherie,Give,zgiveav@harvard.edu,Male,$928905.32,703417096,IT
393,Barny,Sickert,bsickertaw@umn.edu,Male,$797660.50,762309622,IT
394,Emeline,Schulz,eschulzax@live.com,Female,$620630.61,172422917,IT
395,Deeyn,Coad,dcoaday@homestead.com,Female,$672270.10,28203125,PP
396,Kylie,Trueman,ktruemanaz@theguardian.com,Male,$490844.91,212288457,PP
397,Gunar,Strippling,gstripplingb0@upenn.edu,Male,$949797.51,861325370,IT
398,Lona,Creddon,lcreddonb1@thetimes.co.uk,Female,$179052.79,276598500,IT
399,Malinde,Jonsson,mjonssonb2@gov.uk,Female,$109025.92,535181379,IT
400,Jeff,Lince,jlinceb3@123-reg.co.uk,Male,$553260.00,483454304,PP
401,Ottilie,Cattlemull,ocattlemullb4@sfgate.com,Female,$864233.68,951819855,IT
402,Tabbatha,Abraham,tabrahamb5@wiley.com,Female,$575505.49,796602468,PP
403,Henrik,Mc Giffin,hmcgiffinb6@miitbeian.gov.cn,Male,$901345.22,855673626,PP
404,Dorothea,Paulus,dpaulusb7@discovery.com,Female,$665535.04,910422341,IT
405,Udell,Milley,umilleyb8@hostgator.com,Male,$158207.25,31792041,PP
406,Jard,Mallabar,jmallabarb9@un.org,Male,$169122.51,480948663,IT
407,Tony,Skerrett,tskerrettba@soundcloud.com,Male,$596579.02,256342165,CC
408,Ralina,Durrans,rdurransbb@smh.com.au,Female,$844440.83,1017973152,PP
409,Koo,Sainer,ksainerbc@i2i.jp,Female,$202854.00,641444382,PP
410,Leese,Rapson,lrapsonbd@earthlink.net,Female,$427549.28,420048976,CC
411,Kaylee,Di Giacomo,kdigiacomobe@state.gov,Female,$449460.33,1024641694,CC
412,Luis,Redfern,lredfernbf@xrea.com,Male,$727178.13,843927334,PP
413,Mirella,Shrimplin,mshrimplinbg@msu.edu,Female,$129781.94,168311912,PP
414,Mirelle,Dawtry,mdawtrybh@tamu.edu,Female,$388511.88,909693618,IT
415,Ninnette,Bycraft,nbycraftbi@blog.com,Female,$733910.67,188895330,PP
416,Jorry,Rudsdell,jrudsdellbj@yelp.com,Female,$580316.15,965462501,CC
417,Hesther,Parysiak,hparysiakbk@chron.com,Female,$176544.07,168578584,CC
418,Norby,Zammett,nzammettbl@bloglines.com,Male,$830939.98,326624924,IT
419,Ethelbert,Stockney,estockneybm@ycombinator.com,Male,$776245.03,209566293,PP
420,Rosamund,Farnaby,rfarnabybn@wired.com,Female,$948567.21,1023759282,IT
421,Reinaldo,Worviell,rworviellbo@google.de,Male,$503368.35,240682883,IT
422,Allys,Frayn,afraynbp@163.com,Female,$141768.46,410165002,IT
423,Gerti,Izakov,gizakovbq@rambler.ru,Female,$818235.03,233977137,CC
424,Sebastiano,Tollemache,stollemachebr@pagesperso-orange.fr,Male,$222004.31,296955705,PP
425,Bald,Bromfield,bbromfieldbs@myspace.com,Male,$677992.15,599551918,IT
426,Beckie,Dackombe,bdackombebt@illinois.edu,Female,$966610.79,122531208,PP
427,Lana,Clausson,lclaussonbu@princeton.edu,Female,$601668.19,218385008,IT
428,Kristian,Antognetti,kantognettibv@ow.ly,Male,$293573.80,654570930,PP
429,Kizzee,Pedycan,kpedycanbw@walmart.com,Female,$271768.88,580918514,PP
430,Patty,Stevings,pstevingsbx@diigo.com,Female,$283844.01,7591046,CC
431,Car,Loxton,cloxtonby@cam.ac.uk,Male,$196799.97,1046147549,IT
432,Delcine,Eicheler,deichelerbz@is.gd,Female,$509509.26,609084451,CC
433,Barry,Legon,blegonc0@quantcast.com,Male,$863710.93,561643586,IT
434,Berty,Slobom,bslobomc1@ft.com,Male,$586368.25,457823776,PP
435,Petronilla,Petrik,ppetrikc2@google.com.br,Female,$670004.16,336972600,IT
436,Wade,Over,woverc3@macromedia.com,Male,$392346.86,214150848,PP
437,Troy,Gave,tgavec4@seesaa.net,Male,$755095.77,860341939,CC
438,Townsend,Howen,thowenc5@forbes.com,Male,$845244.13,720194870,PP
439,David,Brawson,dbrawsonc6@princeton.edu,Male,$120193.44,982372791,PP
440,Susi,Mellmer,smellmerc7@flavors.me,Female,$103046.82,467978478,IT
441,Lucias,Mallord,lmallordc8@un.org,Male,$920258.89,131953450,PP
442,Gerladina,Simioli,gsimiolic9@webs.com,Female,$229184.74,699387158,IT
443,Guillema,Arboine,garboineca@google.de,Female,$392656.73,775102656,IT
444,Berky,Louden,bloudencb@cbc.ca,Male,$918400.81,574934523,IT
445,Theodosia,Ferrotti,tferrotticc@gnu.org,Female,$183716.18,214879528,PP
446,Louis,Smallshaw,lsmallshawcd@sohu.com,Male,$336281.53,774353961,IT
447,Josi,Wardle,jwardlece@hatena.ne.jp,Female,$489398.73,870714688,PP
448,Keen,Rene,krenecf@huffingtonpost.com,Male,$760492.66,929572395,CC
449,Nadine,Calverd,ncalverdcg@netlog.com,Female,$985551.22,149463555,IT
450,Rickey,Sides,rsidesch@aol.com,Male,$509160.74,621676742,PP
451,Dill,Cranidge,dcranidgeci@soundcloud.com,Male,$965474.53,940141655,PP
452,Agnola,Muzzillo,amuzzillocj@usatoday.com,Female,$849283.00,345605842,PP
453,Willabella,Lobb,wlobbck@huffingtonpost.com,Female,$181605.59,255822893,IT
454,Helenka,Corrington,hcorringtoncl@cdc.gov,Female,$571475.90,228726101,CC
455,Cloris,Purkis,cpurkiscm@domainmarket.com,Female,$478161.29,564436411,CC
456,Darn,Large,dlargecn@wired.com,Male,$158616.42,245301568,IT
457,Linda,Vasic,lvasicco@businesswire.com,Female,$871614.15,348707032,CC
458,Verina,Ruslinge,vruslingecp@ehow.com,Female,$148083.01,420341884,CC
459,Zaccaria,Cavan,zcavancq@webnode.com,Male,$736228.91,912629690,CC
460,Rachael,Bridgen,rbridgencr@blogger.com,Female,$889254.90,391446468,PP
461,Lindsey,Alesin,lalesincs@google.com,Male,$278659.53,570269864,IT
462,Domeniga,Kerin,dkerinct@gmpg.org,Female,$506460.08,274306542,IT
463,Dalis,Flawn,dflawncu@blogger.com,Male,$414413.43,14895035,PP
464,Waldemar,Atherton,wathertoncv@guardian.co.uk,Male,$570855.36,928965161,CC
465,Chelsey,Duplan,cduplancw@prweb.com,Female,$504140.50,266660044,PP
466,Vitoria,Cleminson,vcleminsoncx@live.com,Female,$326262.26,265604859,IT
467,Cece,Jay,cjaycy@merriam-webster.com,Male,$978857.01,952071056,CC
468,Siffre,Boyfield,sboyfieldcz@ezinearticles.com,Male,$972468.23,729287686,CC
469,Torrence,Bilfoot,tbilfootd0@yahoo.com,Male,$152457.59,1001958892,CC
470,Chet,Popov,cpopovd1@ftc.gov,Male,$737994.26,951480388,IT
471,Kamila,Kerbler,kkerblerd2@macromedia.com,Female,$451042.27,517660469,IT
472,Bianka,Henkmann,bhenkmannd3@unesco.org,Female,$813059.55,997394518,CC
473,Georgeanne,MacTrustrie,gmactrustried4@pbs.org,Female,$496714.80,164516437,CC
474,Hayden,Duguid,hduguidd5@xing.com,Male,$854493.60,731454323,IT
475,Freddie,Borris,fborrisd6@umn.edu,Male,$322449.71,753784412,PP
476,Feodora,Sherebrooke,fsherebrooked7@creativecommons.org,Female,$280152.51,980291781,PP
477,Davidde,L'Episcopi,dlepiscopid8@creativecommons.org,Male,$849459.85,59761767,CC
478,Ulrick,Iacovacci,uiacovaccid9@youtube.com,Male,$505099.15,59309971,PP
479,Neil,Grimmett,ngrimmettda@bing.com,Male,$322607.09,421481488,IT
480,Lana,Alvar,lalvardb@taobao.com,Female,$382333.13,927045541,PP
481,Rabi,Eddisford,reddisforddc@symantec.com,Male,$184826.98,817867395,IT
482,Malissia,Pinard,mpinarddd@google.ca,Female,$493357.73,616127323,PP
483,Jeanelle,Mowle,jmowlede@hc360.com,Female,$434347.49,1022512227,IT
484,Moshe,Hague,mhaguedf@skype.com,Male,$770694.06,328486787,PP
485,Gil,Truitt,gtruittdg@github.com,Male,$948052.32,862797023,CC
486,Margalit,Diben,mdibendh@cocolog-nifty.com,Female,$481068.98,751412780,IT
487,Alisander,Seavers,aseaversdi@hexun.com,Male,$633541.03,534295020,CC
488,Bruis,Wantling,bwantlingdj@nytimes.com,Male,$328727.86,681915660,IT
489,Gaultiero,Durtnell,gdurtnelldk@youtu.be,Male,$180228.34,873899583,IT
490,Kalinda,Glancy,kglancydl@bloglines.com,Female,$179175.90,693254224,CC
491,Lilia,Snowball,lsnowballdm@mlb.com,Female,$861158.50,599703153,IT
492,Bernetta,Wardesworth,bwardesworthdn@1und1.de,Female,$166889.03,331563731,PP
493,Elysha,Delgardo,edelgardodo@hp.com,Female,$465918.24,278290618,CC
494,Wallie,Dorbin,wdorbindp@vinaora.com,Male,$824633.46,625629529,PP
495,Annmaria,Coslett,acoslettdq@nasa.gov,Female,$563646.03,47243387,IT
496,Janifer,Darco,jdarcodr@instagram.com,Female,$107511.49,856051916,PP
497,Chrotoem,Whitear,cwhiteards@360.cn,Male,$116101.85,420362523,CC
498,Selinda,Simonaitis,ssimonaitisdt@geocities.com,Female,$381688.89,779758686,IT
499,Ulric,Rodbourne,urodbournedu@goodreads.com,Male,$642625.03,816223468,CC
500,Lily,Tunbridge,ltunbridgedv@soup.io,Female,$131293.21,737130226,IT
501,William,Battrick,wbattrickdw@google.com.au,Male,$136861.93,721058360,CC
502,Bogart,Speeding,bspeedingdx@jimdo.com,Male,$555420.27,219526430,IT
503,Artus,Demchen,ademchendy@state.gov,Male,$471868.19,245140960,PP
504,Corby,Paulo,cpaulodz@fotki.com,Male,$877132.53,320284892,PP
505,Alia,Eyden,aeydene0@archive.org,Female,$419257.14,669297726,CC
506,Brandon,Mibourne,bmibournee1@dion.ne.jp,Male,$142513.01,358771677,PP
507,Ronnica,Mayers,rmayerse2@paginegialle.it,Female,$179155.40,412598574,IT
508,Lin,Arnison,larnisone3@canalblog.com,Female,$122977.36,36083364,IT
509,Amery,Soots,asootse4@cmu.edu,Male,$445054.47,992875884,IT
510,Caye,Koubek,ckoubeke5@sbwire.com,Female,$629565.34,255610540,PP
511,Nydia,Gatherell,ngatherelle6@statcounter.com,Female,$821463.45,554883012,PP
512,Caroline,Wiffler,cwifflere7@merriam-webster.com,Female,$422325.61,548856644,PP
513,Farrell,Guirardin,fguirardine8@hatena.ne.jp,Male,$547978.82,917865605,IT
514,Gerianna,Saunter,gsauntere9@skyrock.com,Female,$916594.58,61199039,PP
515,Nedi,Sapey,nsapeyea@dedecms.com,Female,$742347.39,543340123,IT
516,Carl,Fullilove,cfulliloveeb@dell.com,Male,$629631.74,145739001,IT
517,Gale,Naish,gnaishec@shutterfly.com,Male,$827522.55,145924270,IT
518,Ettie,Heaslip,eheasliped@tmall.com,Female,$618884.13,1039489721,CC
519,Genni,Sabati,gsabatiee@mozilla.org,Female,$958039.19,855102273,IT
520,Joete,Lovekin,jlovekinef@delicious.com,Female,$865734.62,396631920,CC
521,Shepard,Lampett,slampetteg@livejournal.com,Male,$436453.68,731060360,CC
522,Mervin,Andree,mandreeeh@fotki.com,Male,$166498.69,1035848423,CC
523,Joice,Gotecliffe,jgotecliffeei@yellowpages.com,Female,$826572.65,553677544,IT
524,Giustino,Hannum,ghannumej@webeden.co.uk,Male,$189442.20,717417987,PP
525,Bax,Lummis,blummisek@merriam-webster.com,Male,$778714.62,320287476,IT
526,Tara,Cockshutt,tcockshuttel@google.es,Female,$725141.23,1020188391,PP
527,Gigi,Stopps,gstoppsem@uiuc.edu,Female,$145207.38,1045803548,IT
528,Scott,Filipczak,sfilipczaken@imageshack.us,Male,$386873.16,390148011,CC
529,Garrik,Antonognoli,gantonognolieo@paypal.com,Male,$735710.23,193522341,PP
530,Aksel,Gorrie,agorrieep@ehow.com,Male,$202092.65,225193494,IT
531,Garvin,Grissett,ggrissetteq@wikimedia.org,Male,$539065.58,561295449,CC
532,Christie,Sambles,csambleser@gnu.org,Male,$626378.36,212984388,PP
533,Moshe,Girdler,mgirdleres@hp.com,Male,$949783.13,795373494,CC
534,Dev,Caseborne,dcaseborneet@google.com.au,Male,$442069.85,390536492,PP
535,Skyler,Leachman,sleachmaneu@prweb.com,Male,$161823.27,110794928,PP
536,Karrah,Muslim,kmuslimev@1und1.de,Female,$565914.30,569678434,CC
537,Yettie,Minster,yminsterew@wix.com,Female,$664711.80,543029771,IT
538,Port,Landell,plandellex@globo.com,Male,$539605.02,1014468964,IT
539,Shela,Van Weedenburg,svanweedenburgey@mtv.com,Female,$805986.92,98566897,IT
540,Karlens,Napier,knapierez@ucla.edu,Male,$368671.80,29649242,IT
541,Ilsa,Berlin,iberlinf0@sogou.com,Female,$394247.81,697688614,CC
542,Casi,Mote,cmotef1@nyu.edu,Female,$106519.04,530160183,PP
543,Hew,Woodroff,hwoodrofff2@meetup.com,Male,$584701.44,1034060855,PP
544,Clementine,Vergo,cvergof3@google.ca,Female,$666279.06,39434982,PP
545,Karmen,Keenan,kkeenanf4@irs.gov,Female,$461837.64,400890783,PP
546,Ambrosius,Beardshaw,abeardshawf5@businessweek.com,Male,$116585.91,238885663,PP
547,Nickey,Colecrough,ncolecroughf6@bbb.org,Male,$715887.45,261659357,CC
548,Gregorius,Lernihan,glernihanf7@umn.edu,Male,$224743.38,428459555,IT
549,Deina,Luckman,dluckmanf8@last.fm,Female,$618149.24,125886629,IT
550,Tamarah,Josephs,tjosephsf9@webeden.co.uk,Female,$433535.86,485637709,PP
551,Gardie,Willshear,gwillshearfa@jimdo.com,Male,$619630.87,715120058,IT
552,Frannie,Readman,freadmanfb@uiuc.edu,Male,$977904.12,477296048,CC
553,Findlay,Rampton,framptonfc@wufoo.com,Male,$905386.65,64669295,IT
554,Casar,Dicey,cdiceyfd@acquirethisname.com,Male,$495100.89,911109081,IT
555,Bran,Diviney,bdivineyfe@nih.gov,Male,$479805.96,632309556,CC
556,Salvidor,Craister,scraisterff@amazon.de,Male,$306949.71,524085669,CC
557,Kaylil,Capaldo,kcapaldofg@msu.edu,Female,$828825.67,129576024,CC
558,Merrielle,Arthey,martheyfh@usatoday.com,Female,$873869.31,762593261,CC
559,Cristi,Fancy,cfancyfi@usatoday.com,Female,$677274.15,285939218,PP
560,Robbin,Singh,rsinghfj@independent.co.uk,Female,$231852.62,362122663,CC
561,Judas,Ancliff,janclifffk@baidu.com,Male,$576620.71,372493378,PP
562,Yoshiko,McCraw,ymccrawfl@bigcartel.com,Female,$537281.33,464480439,PP
563,Andreana,Sorrill,asorrillfm@mediafire.com,Female,$775938.90,730918548,CC
564,Cammi,Adamczyk,cadamczykfn@hp.com,Female,$477623.48,1037309890,IT
565,Reece,Lindback,rlindbackfo@phpbb.com,Male,$421992.87,1020627639,PP
566,Mose,Ilyas,milyasfp@cocolog-nifty.com,Male,$319987.02,12573378,IT
567,Stanford,Tapper,stapperfq@nps.gov,Male,$286987.41,650153235,IT
568,Mercedes,Cookman,mcookmanfr@webnode.com,Female,$473915.82,293419506,IT
569,Aron,Henner,ahennerfs@icio.us,Male,$216841.96,639353295,CC
570,Jean,Iiannoni,jiiannonift@cnn.com,Male,$560806.09,825547761,IT
571,Llywellyn,Mowlam,lmowlamfu@eepurl.com,Male,$511228.53,427397591,CC
572,Reese,Menichini,rmenichinifv@live.com,Male,$764587.09,790392669,PP
573,Ardyce,Grog,agrogfw@aol.com,Female,$356163.54,585421805,CC
574,Ogdon,Downing,odowningfx@mail.ru,Male,$899155.98,558375426,PP
575,Gabriella,Howden,ghowdenfy@newsvine.com,Female,$401215.32,968903787,IT
576,Karly,Raeburn,kraeburnfz@sogou.com,Female,$431060.34,235573684,PP
577,Shellysheldon,Cariss,scarissg0@godaddy.com,Male,$692663.87,757050704,IT
578,Cletis,Woodnutt,cwoodnuttg1@fc2.com,Male,$918299.03,547602898,CC
579,Terencio,Hackford,thackfordg2@google.com.br,Male,$808872.97,903669310,IT
580,Zea,Munslow,zmunslowg3@list-manage.com,Female,$626099.00,345251274,PP
581,Robinett,Baudasso,rbaudassog4@posterous.com,Female,$878007.89,995435946,CC
582,Imelda,Jannex,ijannexg5@ca.gov,Female,$371462.52,340794395,PP
583,Elberta,Berthod,eberthodg6@harvard.edu,Female,$217149.78,274974257,CC
584,Illa,Schubbert,ischubbertg7@weebly.com,Female,$299019.02,389110783,IT
585,Aksel,Haime,ahaimeg8@narod.ru,Male,$324022.32,511100546,CC
586,Towney,Tipping,ttippingg9@unc.edu,Male,$222936.71,1021359949,PP
587,Tabbatha,Mulchrone,tmulchronega@blogs.com,Female,$751505.42,594498047,IT
588,Jacquelin,Gudeman,jgudemangb@apple.com,Female,$866140.69,825471469,CC
589,Joshia,Denman,jdenmangc@npr.org,Male,$226015.44,579460229,CC
590,Devy,Clery,dclerygd@geocities.jp,Male,$140373.41,149783656,CC
591,Augie,Meredith,ameredithge@live.com,Male,$401462.03,258611829,PP
592,Haley,Langstone,hlangstonegf@guardian.co.uk,Female,$367570.95,1003986140,IT
593,Myra,Ainslee,mainsleegg@fotki.com,Female,$934341.81,889636652,IT
594,Hayden,Undy,hundygh@ebay.com,Male,$644626.77,16258706,CC
595,Durante,Dewey,ddeweygi@rambler.ru,Male,$944957.33,470268758,CC
596,Olvan,Jacobbe,ojacobbegj@wordpress.com,Male,$989223.76,230586357,PP
597,Athena,Spratling,aspratlinggk@oracle.com,Female,$930038.49,256933467,PP
598,Jeromy,Lutz,jlutzgl@sohu.com,Male,$816862.78,132227642,CC
599,Law,Van Der Walt,lvanderwaltgm@tinypic.com,Male,$119999.08,63599941,PP
600,Raleigh,Drews,rdrewsgn@wikispaces.com,Male,$527970.13,74643282,CC
601,Analiese,Dullingham,adullinghamgo@dailymail.co.uk,Female,$701090.82,620801749,CC
602,Delcina,Hartup,dhartupgp@spiegel.de,Female,$738439.70,58540503,PP
603,Artie,Piscot,apiscotgq@ifeng.com,Male,$926013.07,865371852,CC
604,Milton,Flahive,mflahivegr@washingtonpost.com,Male,$606536.56,117386773,PP
605,Emmey,Cotmore,ecotmoregs@parallels.com,Female,$364573.69,215855367,PP
606,Cass,Larciere,clarcieregt@gmpg.org,Male,$393898.67,288130118,IT
607,Zachary,Endle,zendlegu@pcworld.com,Male,$582031.08,682838100,IT
608,Ediva,Simmonds,esimmondsgv@angelfire.com,Female,$499889.12,731241439,PP
609,Neron,Glayzer,nglayzergw@independent.co.uk,Male,$591382.71,500599575,CC
610,Cliff,Clamo,cclamogx@ucsd.edu,Male,$188796.64,409226361,CC
611,Murial,Jedrzejewsky,mjedrzejewskygy@kickstarter.com,Female,$450554.71,487078802,CC
612,Berny,Cordelette,bcordelettegz@chron.com,Female,$434160.93,410143518,IT
613,Jamison,Gianninotti,jgianninottih0@t.co,Male,$528401.99,260906533,CC
614,Felike,Chritchlow,fchritchlowh1@newsvine.com,Male,$581294.73,388886101,PP
615,Myrtie,Bushel,mbushelh2@npr.org,Female,$893858.81,881423588,IT
616,Karlis,Bertolin,kbertolinh3@blogspot.com,Male,$675304.55,307314184,IT
617,Dulce,Carlon,dcarlonh4@merriam-webster.com,Female,$482696.10,34199327,CC
618,Reamonn,Broschek,rbroschekh5@mac.com,Male,$583798.30,89920350,PP
619,Honoria,Cullington,hcullingtonh6@bing.com,Female,$769823.77,869124170,IT
620,Saunders,Conring,sconringh7@diigo.com,Male,$974729.75,1004956237,PP
621,Graehme,Marquese,gmarqueseh8@instagram.com,Male,$253014.75,394453705,IT
622,Kent,Gregg,kgreggh9@prlog.org,Male,$899225.25,907702565,PP
623,Grantley,Folomkin,gfolomkinha@baidu.com,Male,$238443.05,554764233,CC
624,Yank,Terbeck,yterbeckhb@hugedomains.com,Male,$627235.74,401873477,IT
625,Rosalynd,Bernucci,rbernuccihc@omniture.com,Female,$194822.46,925998371,PP
626,Adah,Bewshea,abewsheahd@deliciousdays.com,Female,$549968.55,591120754,CC
627,Piotr,Gouldthorpe,pgouldthorpehe@disqus.com,Male,$834574.62,366756786,IT
628,Venus,Withers,vwithershf@elegantthemes.com,Female,$757202.51,1008518290,IT
629,Adella,Sowthcote,asowthcotehg@friendfeed.com,Female,$118159.62,256309854,PP
630,Sigismund,Bloom,sbloomhh@booking.com,Male,$821506.11,680682849,CC
631,Jordon,Cleft,jclefthi@usa.gov,Male,$936764.13,110810054,CC
632,Gertrude,Ottam,gottamhj@ask.com,Female,$437965.46,834047137,IT
633,Rolfe,Groucock,rgroucockhk@google.com.br,Male,$743468.93,202324122,PP
634,Zackariah,Vuittet,zvuittethl@mysql.com,Male,$452099.07,991803357,CC
635,Shandie,Jost,sjosthm@sogou.com,Female,$350007.80,936243252,CC
636,Ingunna,Griffin,igriffinhn@stumbleupon.com,Female,$942329.49,779542847,PP
637,Padgett,Bremmell,pbremmellho@weebly.com,Male,$340288.36,17261208,IT
638,Arabelle,Mattei,amatteihp@360.cn,Female,$131457.01,575844530,CC
639,Bronnie,McQuarrie,bmcquarriehq@newyorker.com,Male,$166795.77,100570253,PP
640,Petronille,Peacop,ppeacophr@mayoclinic.com,Female,$869588.96,180321255,IT
641,Chaim,Kuhle,ckuhlehs@google.co.jp,Male,$305663.02,751783258,CC
642,Georgetta,Wyllie,gwyllieht@marketwatch.com,Female,$507122.46,504349107,PP
643,Fabian,Farnaby,ffarnabyhu@dropbox.com,Male,$558005.79,845340464,IT
644,Dulcie,Larciere,dlarcierehv@twitter.com,Female,$237806.17,647815195,CC
645,Aline,McFall,amcfallhw@macromedia.com,Female,$761746.08,651540882,PP
646,Modesty,Steptoe,msteptoehx@pagesperso-orange.fr,Female,$692034.72,650434408,IT
647,Buck,Chittleburgh,bchittleburghhy@hatena.ne.jp,Male,$855322.71,975602065,CC
648,Bent,Desporte,bdesportehz@skyrock.com,Male,$656931.49,1046838745,PP
649,Carlota,de Juares,cdejuaresi0@bluehost.com,Female,$392056.82,133754111,IT
650,Marrissa,Andrejs,mandrejsi1@ezinearticles.com,Female,$695631.83,978915720,IT
651,Teddie,Lochead,tlocheadi2@histats.com,Male,$797653.15,411108396,PP
652,Sarita,Waistall,swaistalli3@cdbaby.com,Female,$583578.45,994327248,CC
653,See,Eckersley,seckersleyi4@yale.edu,Male,$286820.82,618864398,PP
654,Reece,Samworth,rsamworthi5@drupal.org,Male,$969987.31,913911940,CC
655,Hastings,Brookes,hbrookesi6@deliciousdays.com,Male,$477532.89,825414275,CC
656,Ingaborg,Alesi,ialesii7@skype.com,Female,$437068.90,400957062,CC
657,Angelo,Dael,adaeli8@live.com,Male,$750758.45,768966334,PP
658,Nicky,Broxholme,nbroxholmei9@wsj.com,Male,$962176.75,860697055,PP
659,Tito,Klewer,tkleweria@360.cn,Male,$145921.18,836571644,IT
660,Jo-anne,Radeliffe,jradeliffeib@t.co,Female,$885882.38,381065596,CC
661,Constantino,Triner,ctrineric@bing.com,Male,$857168.96,774516680,CC
662,Merl,Walkden,mwalkdenid@foxnews.com,Female,$359875.39,40261439,CC
663,Jo-ann,Worthy,jworthyie@earthlink.net,Female,$250065.94,221283021,PP
664,Caressa,Guildford,cguildfordif@google.com,Female,$862255.62,231524813,CC
665,Giles,Petters,gpettersig@wix.com,Male,$205175.98,858936808,PP
666,Marco,Suter,msuterih@bizjournals.com,Male,$596125.29,181107381,IT
667,Norean,McEniry,nmceniryii@mediafire.com,Female,$310500.95,831970393,IT
668,Brose,Crimmins,bcrimminsij@blogtalkradio.com,Male,$349312.63,77646343,IT
669,Valida,Amdohr,vamdohrik@alexa.com,Female,$325141.55,949193560,CC
670,Gretchen,Novak,gnovakil@deliciousdays.com,Female,$555522.55,663623970,PP
671,Herculie,Scattergood,hscattergoodim@dion.ne.jp,Male,$884018.29,809910839,CC
672,Baudoin,Izkoveski,bizkoveskiin@skype.com,Male,$193644.92,340970347,CC
673,Kristoforo,Pawlaczyk,kpawlaczykio@bluehost.com,Male,$658318.93,110293479,CC
674,Teodora,Spalton,tspaltonip@marketwatch.com,Female,$213762.05,313733250,CC
675,Cchaddie,GiacobbiniJacob,cgiacobbinijacobiq@mediafire.com,Male,$356006.83,345088433,PP
676,Hermine,Danaher,hdanaherir@webnode.com,Female,$967099.50,980845992,PP
677,Tirrell,Bowie,tbowieis@furl.net,Male,$102144.52,803414340,PP
678,Colver,Beaby,cbeabyit@topsy.com,Male,$316831.07,988585943,IT
679,Artus,Gout,agoutiu@dagondesign.com,Male,$855475.28,66474278,PP
680,Aubrie,Cree,acreeiv@networkadvertising.org,Female,$575509.53,420240777,IT
681,Trace,Hugnin,thugniniw@ca.gov,Male,$620773.40,717611651,CC
682,Hyacinthe,Deignan,hdeignanix@cpanel.net,Female,$648400.60,481164263,CC
683,Emmaline,Squibe,esquibeiy@fema.gov,Female,$651794.61,838897519,PP
684,Hillie,Whild,hwhildiz@livejournal.com,Male,$809338.77,630654177,IT
685,Sanders,Oosthout de Vree,soosthoutdevreej0@bloglovin.com,Male,$663251.58,749421063,IT
686,Coleman,McLaggan,cmclagganj1@rambler.ru,Male,$977554.88,728340978,IT
687,Russell,Luker,rlukerj2@tmall.com,Male,$265418.09,974579485,CC
688,Josepha,Housecroft,jhousecroftj3@behance.net,Female,$194982.60,135480196,PP
689,Reggie,Cornick,rcornickj4@bbc.co.uk,Male,$411995.70,939183719,PP
690,Zachariah,Shawel,zshawelj5@google.com,Male,$793292.84,509573579,PP
691,Dulcine,Di Maggio,ddimaggioj6@seattletimes.com,Female,$555155.39,356218678,CC
692,Ester,Gerardin,egerardinj7@webmd.com,Female,$612124.85,676839712,IT
693,Mellicent,Francescuzzi,mfrancescuzzij8@google.it,Female,$771875.25,358006403,IT
694,Cristobal,Metson,cmetsonj9@yale.edu,Male,$112526.15,458611863,PP
695,Zack,Pattisson,zpattissonja@squarespace.com,Male,$786037.55,14558035,PP
696,Ingmar,Hadwin,ihadwinjb@disqus.com,Male,$229037.17,824627934,PP
697,Giorgio,Stapford,gstapfordjc@bbc.co.uk,Male,$500220.78,443577729,CC
698,Clark,Dosdill,cdosdilljd@ucoz.com,Male,$260484.40,836708906,PP
699,Kennan,Smerdon,ksmerdonje@soundcloud.com,Male,$295349.40,944622386,CC
700,Doll,Ansill,dansilljf@jimdo.com,Female,$689329.37,959681668,CC
701,Ursola,De Minico,udeminicojg@addtoany.com,Female,$755466.62,924260762,CC
702,Shoshanna,Bogaert,sbogaertjh@census.gov,Female,$313718.92,399997709,IT
703,Arvie,Bushby,abushbyji@discovery.com,Male,$882949.67,688320333,CC
704,Cindi,Whitely,cwhitelyjj@hud.gov,Female,$726437.80,340146514,IT
705,Babs,Fishwick,bfishwickjk@webmd.com,Female,$258221.78,992554350,IT
706,Giovanni,Cuthbertson,gcuthbertsonjl@purevolume.com,Male,$525954.43,19305399,PP
707,Ysabel,Martins,ymartinsjm@merriam-webster.com,Female,$182438.77,254652791,IT
708,Eustace,Axtell,eaxtelljn@etsy.com,Male,$113434.69,361272028,PP
709,Trever,Adicot,tadicotjo@phoca.cz,Male,$412952.70,998839509,PP
710,Kile,O'Heyne,koheynejp@ox.ac.uk,Male,$566579.15,434201316,IT
711,Damiano,Iorillo,diorillojq@ihg.com,Male,$122417.69,892005113,PP
712,Mahmoud,Vales,mvalesjr@xing.com,Male,$591627.83,12580927,PP
713,Louisette,Cradoc,lcradocjs@pen.io,Female,$749936.17,630678585,CC
714,Sasha,Giovannazzi,sgiovannazzijt@shinystat.com,Male,$820906.55,365656241,CC
715,Dinnie,Logan,dloganju@bizjournals.com,Female,$386558.37,995875631,CC
716,Jacquelyn,Blackborow,jblackborowjv@dion.ne.jp,Female,$432670.28,761394294,CC
717,Bartholemy,Packman,bpackmanjw@people.com.cn,Male,$229791.86,92033062,PP
718,Hatti,Richard,hrichardjx@bizjournals.com,Female,$476646.82,863731331,CC
719,Carline,Gorst,cgorstjy@cdc.gov,Female,$718494.24,833862728,PP
720,Kessiah,Tregunna,ktregunnajz@webmd.com,Female,$102444.26,533087762,IT
721,Greg,Yarwood,gyarwoodk0@g.co,Male,$161744.92,944291498,PP
722,Ryann,Oxtarby,roxtarbyk1@ca.gov,Female,$793918.46,360000379,IT
723,Frasier,Woolrich,fwoolrichk2@desdev.cn,Male,$176315.50,157455838,CC
724,Ertha,Devonside,edevonsidek3@nyu.edu,Female,$106708.62,229863518,CC
725,Jemmy,Vedenisov,jvedenisovk4@paypal.com,Female,$645848.90,906232733,IT
726,Kacie,Greenall,kgreenallk5@scribd.com,Female,$301510.71,48107617,PP
727,Aube,Arbuckel,aarbuckelk6@webmd.com,Male,$889360.81,358762238,CC
728,Francesco,Tansley,ftansleyk7@wunderground.com,Male,$599494.60,980556857,IT
729,Raffarty,Lamprey,rlampreyk8@apple.com,Male,$566799.25,208774435,IT
730,Godiva,Yuryev,gyuryevk9@google.co.jp,Female,$131194.99,442386636,IT
731,Alvira,Miskimmon,amiskimmonka@telegraph.co.uk,Female,$620453.43,533945485,PP
732,Harlin,Pointon,hpointonkb@apache.org,Male,$124040.54,192499503,PP
733,Damara,Cuniffe,dcuniffekc@dmoz.org,Female,$960140.77,65583827,IT
734,Aleksandr,McJerrow,amcjerrowkd@boston.com,Male,$906318.77,987478761,CC
735,Fitz,Ralls,frallske@goo.ne.jp,Male,$875099.01,769739606,CC
736,Lelah,Waterhowse,lwaterhowsekf@fc2.com,Female,$876610.57,6988642,IT
737,Nara,Southway,nsouthwaykg@mit.edu,Female,$555060.51,780815412,CC
738,Meade,Annice,mannicekh@cmu.edu,Female,$854643.01,867161934,PP
739,Nerti,Marran,nmarranki@state.gov,Female,$388148.50,306897185,PP
740,Leilah,Benediktovich,lbenediktovichkj@biblegateway.com,Female,$143051.38,482612907,CC
741,Bastian,Berry,bberrykk@intel.com,Male,$335448.52,974266677,CC
742,Jana,Quince,jquincekl@wp.com,Female,$121242.52,149447525,IT
743,Amory,Jonuzi,ajonuzikm@alibaba.com,Male,$629901.86,621531712,PP
744,Jemmie,Kock,jkockkn@spiegel.de,Female,$669418.04,583503376,IT
745,Fayth,Halfhead,fhalfheadko@cloudflare.com,Female,$705028.36,18953876,PP
746,Alford,Fellibrand,afellibrandkp@smh.com.au,Male,$330629.81,871155749,IT
747,Scotty,Rives,sriveskq@twitter.com,Male,$715992.39,126930042,IT
748,Carey,Cheel,ccheelkr@hhs.gov,Male,$525017.50,729692691,IT
749,Nevins,Tidball,ntidballks@uol.com.br,Male,$898975.13,190072106,IT
750,Seka,Jacobsen,sjacobsenkt@odnoklassniki.ru,Female,$285125.57,601457043,CC
751,Albert,Oglevie,aoglevieku@trellian.com,Male,$382883.52,778769683,CC
752,Quinta,Saddington,qsaddingtonkv@fotki.com,Female,$989062.96,925323146,PP
753,Raphael,Petticrew,rpetticrewkw@t-online.de,Male,$177052.49,145194553,IT
754,Tyne,Howsden,thowsdenkx@java.com,Female,$795906.53,1014874509,PP
755,Lenore,Gircke,lgirckeky@myspace.com,Female,$323656.13,576318414,PP
756,Hamel,Stening,hsteningkz@bravesites.com,Male,$452797.25,900636605,IT
757,Siward,Marzelle,smarzellel0@globo.com,Male,$471901.80,672062204,IT
758,Maitilde,Stammirs,mstammirsl1@cloudflare.com,Female,$227348.22,244646235,IT
759,Tedman,Bulloch,tbullochl2@elegantthemes.com,Male,$406870.53,615367558,CC
760,Gena,Calendar,gcalendarl3@miibeian.gov.cn,Female,$217280.18,16925193,PP
761,Krishnah,Pettecrew,kpettecrewl4@psu.edu,Male,$900389.46,247954105,CC
762,Fanny,Peek,fpeekl5@alibaba.com,Female,$713889.88,79582123,PP
763,Lira,Yurocjhin,lyurocjhinl6@blogtalkradio.com,Female,$542957.24,365886320,IT
764,Guenevere,Portman,gportmanl7@nifty.com,Female,$829804.05,322037873,PP
765,Akim,Struis,astruisl8@nymag.com,Male,$620064.38,375890034,CC
766,Krishna,Trever,ktreverl9@fema.gov,Male,$401253.78,61673908,IT
767,Rhody,Inkster,rinksterla@bizjournals.com,Female,$158076.10,49501860,CC
768,Kai,Broddle,kbroddlelb@devhub.com,Female,$623251.52,600883432,IT
769,Marven,Wanklyn,mwanklynlc@reverbnation.com,Male,$918312.75,343700475,CC
770,Penrod,Grellier,pgrellierld@indiegogo.com,Male,$402000.99,509216135,IT
771,Corri,Purkins,cpurkinsle@lulu.com,Female,$443735.54,505079413,CC
772,Layla,Moultrie,lmoultrielf@constantcontact.com,Female,$358570.60,109862752,PP
773,Sholom,Stedall,sstedalllg@is.gd,Male,$424712.16,125072078,CC
774,Carny,Bustin,cbustinlh@linkedin.com,Male,$525263.13,760743780,IT
775,Ericka,McDade,emcdadeli@infoseek.co.jp,Female,$404677.80,37617608,PP
776,Walsh,Baumford,wbaumfordlj@phoca.cz,Male,$524060.56,989061709,PP
777,Hugh,Wantling,hwantlinglk@nytimes.com,Male,$953009.92,43575518,CC
778,Brion,Chicchelli,bchicchellill@amazonaws.com,Male,$152440.17,855771334,PP
779,Rickert,Vassbender,rvassbenderlm@google.com.au,Male,$126724.91,29283023,PP
780,Jorge,Gooms,jgoomsln@blog.com,Male,$706817.08,253016184,PP
781,Gerianna,Ladyman,gladymanlo@acquirethisname.com,Female,$311943.91,98010642,PP
782,Carola,Barford,cbarfordlp@disqus.com,Female,$953998.88,316321428,IT
783,Laverna,Birth,lbirthlq@meetup.com,Female,$799046.64,7605838,IT
784,Trefor,Froggatt,tfroggattlr@msn.com,Male,$520012.34,435156412,IT
785,Danette,Scurman,dscurmanls@123-reg.co.uk,Female,$305853.64,959110669,CC
786,Carine,Stebbings,cstebbingslt@mapquest.com,Female,$724317.47,638965184,IT
787,Brooke,Leates,bleateslu@free.fr,Female,$909375.95,1008967911,IT
788,Daniele,Jacobowitz,djacobowitzlv@oakley.com,Female,$650728.38,513707748,PP
789,Caril,Verrills,cverrillslw@hatena.ne.jp,Female,$513465.70,541476333,PP
790,Estevan,Eykelhof,eeykelhoflx@ow.ly,Male,$782857.29,878262152,CC
791,Etienne,Tezure,etezurely@vinaora.com,Male,$609277.06,12822203,PP
792,Georgette,Mullett,gmullettlz@deliciousdays.com,Female,$968196.84,878263810,PP
793,Constancia,Gullis,cgullism0@sciencedaily.com,Female,$275147.37,531805302,PP
794,Stacie,Corder,scorderm1@dailymail.co.uk,Female,$830502.71,490232810,IT
795,Obadias,Aldrick,oaldrickm2@arstechnica.com,Male,$164648.82,33306154,PP
796,Ashby,De La Salle,adelasallem3@php.net,Male,$125350.91,682410182,CC
797,Mason,Bernardotte,mbernardottem4@businessweek.com,Male,$610582.38,131567454,IT
798,Smith,Vashchenko,svashchenkom5@51.la,Male,$675246.85,636980149,CC
799,Amii,Claricoates,aclaricoatesm6@kickstarter.com,Female,$830002.15,811940041,CC
800,Simon,Simak,ssimakm7@ucla.edu,Male,$253818.83,112503757,CC
801,Ingemar,Di Pietro,idipietrom8@drupal.org,Male,$648032.19,778545176,IT
802,Elinor,Spencook,espencookm9@weebly.com,Female,$922898.27,776681788,PP
803,Karin,Easseby,keassebyma@admin.ch,Female,$491747.76,224044241,PP
804,Alejandra,Lieber,aliebermb@meetup.com,Female,$638686.89,441180642,IT
805,Deck,Woolnough,dwoolnoughmc@microsoft.com,Male,$146348.49,1049830990,PP
806,Cobby,Brittlebank,cbrittlebankmd@epa.gov,Male,$740936.53,373642830,IT
807,Tamarah,Kunzler,tkunzlerme@cnet.com,Female,$409211.78,472103513,IT
808,Alvy,Frood,afroodmf@intel.com,Male,$900090.21,593428153,IT
809,Nina,Gelland,ngellandmg@ucla.edu,Female,$819541.71,772903158,PP
810,Camey,Tothacot,ctothacotmh@odnoklassniki.ru,Male,$836626.70,369566510,CC
811,Maribel,Pautard,mpautardmi@tinypic.com,Female,$520812.86,334429130,IT
812,Jacquelin,Farmer,jfarmermj@posterous.com,Female,$963770.88,179442694,CC
813,Arri,Jaspar,ajasparmk@telegraph.co.uk,Male,$880154.23,791637679,PP
814,Benjie,Caldayrou,bcaldayrouml@state.tx.us,Male,$853788.61,857757113,PP
815,Axe,Alldis,aalldismm@sbwire.com,Male,$144644.29,189669508,PP
816,Corey,Krzyzanowski,ckrzyzanowskimn@t.co,Male,$956938.70,826739795,PP
817,Kizzee,Ronisch,kronischmo@privacy.gov.au,Female,$921215.15,28074194,IT
818,Rae,Vader,rvadermp@wired.com,Female,$838103.13,956095975,PP
819,Garrott,Bagwell,gbagwellmq@homestead.com,Male,$902851.32,684117509,PP
820,Bryce,Green,bgreenmr@google.co.uk,Male,$201901.31,77682936,CC
821,Whitaker,Dorking,wdorkingms@symantec.com,Male,$671612.00,76472529,IT
822,Demetria,Meardon,dmeardonmt@networksolutions.com,Female,$710958.65,731518032,IT
823,Berte,Nurse,bnursemu@t.co,Female,$693498.45,79656161,PP
824,Pepita,Dodshun,pdodshunmv@arizona.edu,Female,$305594.39,722045498,CC
825,Dell,Mattaser,dmattasermw@csmonitor.com,Female,$271069.33,21584944,PP
826,Aylmer,Souley,asouleymx@devhub.com,Male,$469975.70,976162176,CC
827,Jody,Mankor,jmankormy@nymag.com,Male,$732570.98,646744716,PP
828,Kim,Forte,kfortemz@blogspot.com,Male,$156465.74,53731576,CC
829,Fran,Buckleigh,fbuckleighn0@hc360.com,Female,$426488.28,569222466,IT
830,Marnie,Ellerton,mellertonn1@t-online.de,Female,$163850.25,188560840,CC
831,Colly,Simkin,csimkinn2@cargocollective.com,Female,$470012.07,498636806,IT
832,Bryant,Abrahams,babrahamsn3@mysql.com,Male,$910360.30,800475985,CC
833,Dido,Fabler,dfablern4@ted.com,Female,$683057.92,381544977,CC
834,Donny,Hastwall,dhastwalln5@vinaora.com,Female,$865642.52,918810702,PP
835,Kristian,Perrett,kperrettn6@miibeian.gov.cn,Male,$285642.99,970835130,IT
836,Alysia,Trusler,atruslern7@themeforest.net,Female,$486446.05,954227448,IT
837,Gwenette,Pirrone,gpirronen8@liveinternet.ru,Female,$466391.75,904699704,IT
838,Elmore,Gocke,egocken9@accuweather.com,Male,$341045.07,223474360,IT
839,Kiri,Bogaert,kbogaertna@cnn.com,Female,$463555.49,907134440,PP
840,Stephine,Pigdon,spigdonnb@hp.com,Female,$695700.62,83201334,IT
841,Brigit,Danelutti,bdaneluttinc@cocolog-nifty.com,Female,$739618.42,338993106,CC
842,Benedetta,Soldner,bsoldnernd@naver.com,Female,$516519.73,112644729,CC
843,Sharona,Tills,stillsne@lycos.com,Female,$480469.76,658152084,IT
844,Daveen,Janicijevic,djanicijevicnf@cafepress.com,Female,$232574.05,818818943,IT
845,Carrissa,Golson,cgolsonng@dion.ne.jp,Female,$431178.63,289211138,IT
846,Karney,Bellamy,kbellamynh@google.fr,Male,$946215.97,800562465,CC
847,Arlana,Clarke-Williams,aclarkewilliamsni@hatena.ne.jp,Female,$346311.66,308536509,IT
848,Brok,Hearnden,bhearndennj@altervista.org,Male,$512762.59,760520367,CC
849,Isaac,Castles,icastlesnk@noaa.gov,Male,$458563.56,564266772,PP
850,Elsie,Cowdray,ecowdraynl@qq.com,Female,$394498.69,164873038,PP
851,Prudy,Himpson,phimpsonnm@google.nl,Female,$414188.21,985950190,CC
852,Nichols,Lomasney,nlomasneynn@hibu.com,Male,$963871.33,1031850666,IT
853,Ambrosio,Reddings,areddingsno@xinhuanet.com,Male,$441519.86,599700850,IT
854,Ingelbert,Duesberry,iduesberrynp@amazon.co.jp,Male,$107688.24,10228969,CC
855,Maressa,Patrone,mpatronenq@angelfire.com,Female,$790907.52,885841767,IT
856,Tana,Wayman,twaymannr@merriam-webster.com,Female,$313370.72,585199369,PP
857,Bernie,Colquite,bcolquitens@cafepress.com,Male,$306019.65,398067127,IT
858,Patrizio,Atte-Stone,pattestonent@fda.gov,Male,$940175.79,806031209,CC
859,Glen,Yurshev,gyurshevnu@npr.org,Female,$990528.09,651907563,IT
860,Nadean,Bool,nboolnv@archive.org,Female,$148284.43,758181097,PP
861,Brody,McLenahan,bmclenahannw@mozilla.com,Male,$565010.23,685741425,IT
862,Yevette,Pellew,ypellewnx@skyrock.com,Female,$583348.66,599446762,IT
863,Euphemia,Vaan,evaanny@webmd.com,Female,$209762.25,663083094,IT
864,Fidel,Praten,fpratennz@weibo.com,Male,$707624.25,165672209,CC
865,Bank,Sunley,bsunleyo0@wired.com,Male,$466598.15,752653224,PP
866,Boniface,Ivatts,bivattso1@wikipedia.org,Male,$185431.22,323290985,IT
867,Patricia,Jayes,pjayeso2@noaa.gov,Female,$637249.72,318240052,CC
868,Daryl,Bloss,dblosso3@shop-pro.jp,Male,$453700.97,158520721,CC
869,Morley,Beri,mberio4@usnews.com,Male,$763910.97,829112190,IT
870,Sidonia,Kellington,skellingtono5@ftc.gov,Female,$447626.77,1032219962,CC
871,Verge,Heaviside,vheavisideo6@microsoft.com,Male,$622013.43,356099458,PP
872,Stephanus,De Freyne,sdefreyneo7@blogtalkradio.com,Male,$751700.54,16944800,IT
873,Shay,Castane,scastaneo8@nih.gov,Female,$649532.88,633842863,CC
874,Tammy,Hugueville,thuguevilleo9@google.de,Male,$157607.56,334541889,CC
875,Jocelin,Uttley,juttleyoa@yahoo.co.jp,Female,$460987.95,923047838,PP
876,Riane,Owbrick,rowbrickob@issuu.com,Female,$389209.58,889699957,CC
877,Lucienne,Janca,ljancaoc@omniture.com,Female,$326131.65,512592226,CC
878,Tibold,Cosstick,tcosstickod@vimeo.com,Male,$243908.87,757389592,CC
879,Vinson,Borel,vboreloe@adobe.com,Male,$861815.94,343403336,IT
880,Jami,Poulton,jpoultonof@mozilla.org,Female,$404500.62,869549901,IT
881,Taylor,Aldgate,taldgateog@engadget.com,Male,$918036.40,115238502,CC
882,Lois,Dyzart,ldyzartoh@ucoz.ru,Female,$750701.11,925078071,CC
883,Chrisy,Hordell,chordelloi@cpanel.net,Male,$111158.01,710682595,IT
884,Car,Dally,cdallyoj@blogspot.com,Male,$175533.80,313451744,PP
885,Mufinella,Jovanovic,mjovanovicok@scientificamerican.com,Female,$823131.53,29979711,IT
886,Carry,Antcliff,cantcliffol@wikimedia.org,Female,$292039.16,194449813,PP
887,Aile,Augustus,aaugustusom@i2i.jp,Female,$623536.00,567401829,CC
888,Ninette,Kleanthous,nkleanthouson@dell.com,Female,$392690.65,229578847,CC
889,Ernie,Rulton,erultonoo@shutterfly.com,Male,$998344.81,461739865,IT
890,Herman,Cocozza,hcocozzaop@hibu.com,Male,$657054.16,552812045,CC
891,Stearne,Andrus,sandrusoq@microsoft.com,Male,$888258.70,88216943,IT
892,Yasmin,Tantum,ytantumor@vkontakte.ru,Female,$522852.16,1030407993,IT
893,Skylar,Cantera,scanteraos@t-online.de,Male,$873841.50,430469207,IT
894,Nelia,Fettiplace,nfettiplaceot@theglobeandmail.com,Female,$376151.92,695632744,PP
895,Ainslie,Milne,amilneou@unc.edu,Female,$818501.18,557513001,CC
896,Rupert,Worsam,rworsamov@umich.edu,Male,$842357.27,390557246,PP
897,Neron,Braunroth,nbraunrothow@wikimedia.org,Male,$111598.88,720710225,PP
898,Gennie,Dymond,gdymondox@un.org,Female,$357513.62,446605966,IT
899,Tremaine,Brookson,tbrooksonoy@symantec.com,Male,$815745.38,1008068165,PP
900,Derrick,Waszczyk,dwaszczykoz@jugem.jp,Male,$624999.27,418481370,IT
901,Jarrod,Worboys,jworboysp0@instagram.com,Male,$447404.37,428313929,PP
902,Pascale,Leggitt,pleggittp1@wufoo.com,Male,$326392.88,994208333,IT
903,Isak,Guitt,iguittp2@ox.ac.uk,Male,$843525.68,463814090,PP
904,Aldo,Pickard,apickardp3@spiegel.de,Male,$926382.13,838969781,IT
905,Gaynor,Dewen,gdewenp4@stumbleupon.com,Female,$309209.90,765233012,IT
906,Gillian,Kerrey,gkerreyp5@exblog.jp,Female,$820431.45,907959163,IT
907,Rosa,Ranald,rranaldp6@cnn.com,Female,$809890.66,1046305190,IT
908,Davy,Knowller,dknowllerp7@nydailynews.com,Male,$185690.92,223245731,CC
909,Nicolis,Gornal,ngornalp8@howstuffworks.com,Male,$867916.73,848185020,PP
910,Jackelyn,Shoute,jshoutep9@themeforest.net,Female,$487333.58,692885676,CC
911,Mindy,Fosberry,mfosberrypa@bandcamp.com,Female,$529828.82,760999778,CC
912,Anallise,Tofanelli,atofanellipb@angelfire.com,Female,$554380.92,418433869,PP
913,Dallas,Strike,dstrikepc@rakuten.co.jp,Female,$490296.09,624098702,IT
914,Husain,Raisher,hraisherpd@boston.com,Male,$855090.14,1043296325,PP
915,Vite,Boick,vboickpe@unicef.org,Male,$421584.80,629421290,CC
916,Tiffanie,Paulucci,tpauluccipf@icq.com,Female,$487558.70,862504253,CC
917,Cleveland,Masser,cmasserpg@google.co.uk,Male,$175186.52,719946656,PP
918,Micheil,Haymes,mhaymesph@ca.gov,Male,$930656.68,516567853,CC
919,Laurence,Maliphant,lmaliphantpi@java.com,Male,$969906.65,532181195,PP
920,Tate,Gowar,tgowarpj@economist.com,Male,$707800.81,718353837,CC
921,Vevay,St Quenin,vstqueninpk@aol.com,Female,$944482.86,819461559,CC
922,Dedie,Dendle,ddendlepl@parallels.com,Female,$216140.35,227000648,PP
923,Taryn,Reditt,tredittpm@blogs.com,Female,$257916.77,1014555533,IT
924,Jacquenetta,Gascoine,jgascoinepn@ezinearticles.com,Female,$220641.18,615361116,CC
925,Zorina,Fairbrother,zfairbrotherpo@state.tx.us,Female,$934111.25,68616933,CC
926,Urban,Hateley,uhateleypp@devhub.com,Male,$491429.53,287545016,CC
927,Cissiee,Nilles,cnillespq@wikimedia.org,Female,$922787.12,745292292,CC
928,Erik,Sturge,esturgepr@forbes.com,Male,$920486.74,249497512,IT
929,Wally,Kantor,wkantorps@360.cn,Male,$961267.60,919119334,PP
930,Carline,Pilsworth,cpilsworthpt@usda.gov,Female,$122106.07,436927573,IT
931,Enid,Duck,educkpu@dell.com,Female,$821030.34,429145823,PP
932,Keene,Martt,kmarttpv@webnode.com,Male,$342173.17,456765628,PP
933,Rupert,Swatton,rswattonpw@wikipedia.org,Male,$354588.67,987019878,IT
934,Ema,Beardshall,ebeardshallpx@home.pl,Female,$484373.60,23506986,PP
935,Averell,Hamblin,ahamblinpy@amazonaws.com,Male,$307970.94,502188618,CC
936,Bendick,Swetland,bswetlandpz@walmart.com,Male,$704137.26,122486730,IT
937,Rutledge,Spridgeon,rspridgeonq0@fema.gov,Male,$590253.74,607442488,IT
938,Ebba,Bruhnicke,ebruhnickeq1@liveinternet.ru,Female,$921060.46,1019482821,CC
939,Maximilian,Meier,mmeierq2@marriott.com,Male,$911440.50,349357008,IT
940,Candy,Coffee,ccoffeeq3@printfriendly.com,Female,$426512.52,264438332,CC
941,Anestassia,Chapell,achapellq4@vimeo.com,Female,$933694.13,391713114,IT
942,Julianna,Jentges,jjentgesq5@disqus.com,Female,$822704.49,426204141,IT
943,Dede,Stickley,dstickleyq6@statcounter.com,Female,$882987.85,439658354,IT
944,Wain,Sharply,wsharplyq7@amazon.com,Male,$652328.31,906353979,CC
945,Doreen,Sagerson,dsagersonq8@myspace.com,Female,$439152.32,34540307,CC
946,Morie,Halford,mhalfordq9@senate.gov,Male,$907917.86,271293130,IT
947,Federica,De Vaux,fdevauxqa@pbs.org,Female,$111568.98,1000327154,IT
948,Kennie,Horick,khorickqb@hao123.com,Male,$885056.96,310093603,CC
949,Bebe,Gymblett,bgymblettqc@blogtalkradio.com,Female,$818786.69,76065552,IT
950,Elston,Simonyi,esimonyiqd@walmart.com,Male,$178554.93,689233033,CC
951,Archy,Mityashev,amityashevqe@twitpic.com,Male,$414811.09,292517957,PP
952,Giorgio,Krinks,gkrinksqf@cnet.com,Male,$317564.81,255601916,PP
953,Francklyn,Dawdary,fdawdaryqg@spiegel.de,Male,$833504.97,608789353,CC
954,Findlay,Allport,fallportqh@mayoclinic.com,Male,$320843.52,827628087,IT
955,Elva,Clare,eclareqi@apple.com,Female,$105586.54,672881400,CC
956,Denney,Haslewood,dhaslewoodqj@unicef.org,Male,$505511.42,286381629,PP
957,Emmy,Bleything,ebleythingqk@prweb.com,Male,$584280.05,284834462,IT
958,Faulkner,Pauly,fpaulyql@hugedomains.com,Male,$264328.42,525283924,CC
959,Ethelind,Brooksby,ebrooksbyqm@hostgator.com,Female,$915535.07,151593487,PP
960,Edgar,Dikes,edikesqn@si.edu,Male,$471784.27,866040868,PP
961,Arley,Ahrend,aahrendqo@slate.com,Male,$398866.09,199477876,CC
962,Kellyann,Merriton,kmerritonqp@chicagotribune.com,Female,$663410.61,126799998,PP
963,Rosalind,Berecloth,rbereclothqq@cocolog-nifty.com,Female,$205590.74,717742447,PP
964,Yolanthe,Purton,ypurtonqr@com.com,Female,$479889.01,418883645,IT
965,Fredrick,Gittoes,fgittoesqs@gnu.org,Male,$770616.50,917813886,PP
966,Hetti,Bevans,hbevansqt@dmoz.org,Female,$193541.57,683127081,CC
967,Fonsie,Gerholz,fgerholzqu@archive.org,Male,$935977.93,1011697825,IT
968,Faye,Northin,fnorthinqv@bandcamp.com,Female,$220986.78,716403200,PP
969,Tim,Ingram,tingramqw@indiegogo.com,Female,$473040.03,920958601,PP
970,Nariko,Asman,nasmanqx@usa.gov,Female,$325392.53,535441186,PP
971,Vernice,Airton,vairtonqy@yolasite.com,Female,$769142.05,226672201,PP
972,Shermy,Cowle,scowleqz@oakley.com,Male,$505801.68,669510199,IT
973,Dannie,Tchir,dtchirr0@state.tx.us,Male,$217848.60,226255684,PP
974,Armstrong,Ferreras,aferrerasr1@fc2.com,Male,$336812.51,835279993,CC
975,Sabra,Fourmy,sfourmyr2@prnewswire.com,Female,$745283.12,43196532,PP
976,Valry,Margetson,vmargetsonr3@cam.ac.uk,Female,$131984.91,839409736,PP
977,Danila,West-Frimley,dwestfrimleyr4@google.co.uk,Female,$915233.15,201884746,CC
978,Herminia,Feehery,hfeeheryr5@meetup.com,Female,$234304.92,904164389,CC
979,Rafaellle,Irlam,rirlamr6@senate.gov,Male,$537537.82,237899424,PP
980,Zola,Kloser,zkloserr7@google.es,Female,$782648.90,983980406,CC
981,Marge,Davidwitz,mdavidwitzr8@abc.net.au,Female,$697479.40,805414696,CC
982,Rich,Baudacci,rbaudaccir9@angelfire.com,Male,$385265.96,725831395,CC
983,Kym,Roft,kroftra@bravesites.com,Female,$154330.29,545954646,PP
984,Carroll,Ixer,cixerrb@prweb.com,Female,$427333.51,239789932,IT
985,Rowan,Basilone,rbasilonerc@yolasite.com,Male,$754046.07,1011909980,PP
986,Corina,Cardis,ccardisrd@virginia.edu,Female,$746403.76,12249518,PP
987,Edmon,Lewzey,elewzeyre@soundcloud.com,Male,$542772.63,176202050,CC
988,Frants,Gomer,fgomerrf@ftc.gov,Male,$263274.75,374661564,PP
989,Beauregard,Croxley,bcroxleyrg@craigslist.org,Male,$463965.58,369412155,CC
990,Cedric,Lidington,clidingtonrh@ning.com,Male,$585542.90,713205637,CC
991,Rufe,Pridie,rpridieri@webeden.co.uk,Male,$321998.57,790659801,CC
992,Maggie,Vigers,mvigersrj@reference.com,Female,$273450.66,633058764,IT
993,Jaymie,Courtese,jcourteserk@ca.gov,Male,$740731.18,539642230,CC
994,Diarmid,Jervois,djervoisrl@addthis.com,Male,$510931.87,456428247,IT
995,Euphemia,Jankovsky,ejankovskyrm@github.io,Female,$298931.13,567660772,PP
996,Peria,Cappel,pcappelrn@intel.com,Female,$607714.53,615312591,PP
997,Anissa,Cuberley,acuberleyro@bbb.org,Female,$928940.05,1046592634,IT
998,Richmond,Knevet,rknevetrp@blogger.com,Male,$919361.44,467336237,IT
999,Brendon,Milbank,bmilbankrq@businesswire.com,Male,$952827.44,624326621,CC
1000,Burk,Grimbleby,bgrimblebyrr@shutterfly.com,Male,$392574.35,1002141767,CC
