id,nombre,apellido,email,genero,valor_tx,numero_identificacion,tipo_identificacion
1,Whit,Gabrieli,wgabrieli0@intel.com,Male,$132202.80,554152977,PP
2,Susanne,Courtese,scourtese1@newsvine.com,Female,$706319.92,120356106,CC
3,Raphael,Iffland,riffland2@yellowpages.com,Male,$601683.34,201435226,IT
4,Legra,Drache,ldrache3@smh.com.au,Female,$183161.88,289377039,CC
5,Peder,Luchelli,pluchelli4@hatena.ne.jp,Male,$290536.03,386989265,PP
6,Orelee,Frears,ofrears5@istockphoto.com,Female,$999917.31,1029473059,PP
7,Adolph,Hawthorne,ahawthorne6@ed.gov,Male,$437043.10,421475660,PP
8,Dot,Westley,dwestley7@amazon.co.jp,Female,$283851.96,279584269,IT
9,Randi,Husset,rhusset8@plala.or.jp,Male,$637058.29,786331583,IT
10,Maridel,Castagne,mcastagne9@surveymonkey.com,Female,$392769.91,678765948,PP
11,Trescha,D'Ambrosio,tdambrosioa@google.ca,Female,$551004.31,304566874,IT
12,Abba,Groom,agroomb@home.pl,Male,$626025.28,171910564,IT
13,Camellia,Lochet,clochetc@unesco.org,Female,$712183.26,487284363,PP
14,Vincent,Leyburn,vleyburnd@4shared.com,Male,$162921.50,268494164,PP
15,Sande,Metson,smetsone@indiegogo.com,Female,$294218.79,191344890,CC
16,Romeo,Lowndesbrough,rlowndesbroughf@ebay.com,Male,$452672.09,145184147,IT
17,Sabrina,Swire,sswireg@cam.ac.uk,Female,$361365.97,861664892,PP
18,Lilla,Crippill,lcrippillh@webmd.com,Female,$439780.71,231575410,IT
19,Barth,Caen,bcaeni@chicagotribune.com,Male,$176192.93,101411458,PP
20,Margeaux,Shaddock,mshaddockj@topsy.com,Female,$435215.04,945290634,CC
21,Farly,Wrathmell,fwrathmellk@twitpic.com,Male,$894726.33,298770399,CC
22,Phyllys,Chipman,pchipmanl@blogger.com,Female,$739417.09,570834623,IT
23,Zacherie,Fallis,zfallism@google.co.uk,Male,$623314.29,961931930,IT
24,Clem,Corbie,ccorbien@nps.gov,Male,$175423.87,846175803,PP
25,Orelie,Dunnaway,odunnawayo@state.tx.us,Female,$983839.80,686229239,CC
26,Morgen,Payler,mpaylerp@ucla.edu,Female,$725023.74,371843452,CC
27,Damian,Huws,dhuwsq@archive.org,Male,$153982.90,375166756,IT
28,Ferris,Dronsfield,fdronsfieldr@indiatimes.com,Male,$437507.37,1008313819,IT
29,Anna-diana,Hyatt,ahyatts@hugedomains.com,Female,$419410.72,687366208,IT
30,Mick,Chisholm,mchisholmt@51.la,Male,$273498.86,782197918,PP
31,Shara,Loosley,sloosleyu@arizona.edu,Female,$197520.49,958667369,CC
32,Felike,Golsworthy,fgolsworthyv@prnewswire.com,Male,$627251.85,301559019,IT
33,Patricio,Alvarado,palvaradow@craigslist.org,Male,$539502.87,826797437,IT
34,Claybourne,Gleadhall,cgleadhallx@joomla.org,Male,$331252.15,698923130,IT
35,Riva,Bowstead,rbowsteady@wikia.com,Female,$814140.55,470456537,IT
36,Merissa,Curgenven,mcurgenvenz@princeton.edu,Female,$585764.12,784843652,CC
37,Chanda,Clowley,cclowley10@geocities.com,Female,$460317.64,174076930,IT
38,Melessa,Lines,mlines11@mozilla.org,Female,$272482.89,762865447,CC
39,Traci,Heathfield,theathfield12@google.co.jp,Female,$142719.72,480879807,PP
40,Denny,Glentworth,dglentworth13@blogs.com,Female,$561749.06,93021701,PP
41,Rriocard,Gallagher,rgallagher14@narod.ru,Male,$749049.38,372640919,PP
42,Adrianna,Parkhouse,aparkhouse15@simplemachines.org,Female,$642649.30,443182363,PP
43,Renato,Ellph,rellph16@icq.com,Male,$756749.56,269122449,PP
44,Gerome,Giampietro,ggiampietro17@godaddy.com,Male,$669717.93,80094586,PP
45,Janet,Arrigucci,jarrigucci18@ca.gov,Female,$732516.13,598487044,PP
46,Preston,Yven,pyven19@bing.com,Male,$579142.32,925756568,PP
47,Dennie,Minchi,dminchi1a@microsoft.com,Male,$866989.24,819107167,IT
48,Elsy,Stockin,estockin1b@reddit.com,Female,$335858.14,704652204,PP
49,Horten,Lansly,hlansly1c@umich.edu,Male,$591740.85,306826068,CC
50,Gerty,Tolemache,gtolemache1d@com.com,Female,$174220.34,340906875,IT
51,Sheelagh,Knevett,sknevett1e@wufoo.com,Female,$464588.94,641717055,PP
52,Vilma,Ingleton,vingleton1f@house.gov,Female,$342234.76,443266300,CC
53,Cirstoforo,Lowless,clowless1g@businessweek.com,Male,$679302.13,126995260,CC
54,Cirilo,Pawel,cpawel1h@alexa.com,Male,$541672.42,329582887,IT
55,Thorstein,Grasner,tgrasner1i@amazonaws.com,Male,$711045.10,304535614,CC
56,Erich,Briat,ebriat1j@yahoo.com,Male,$292116.41,236008359,PP
57,Boniface,Sparshutt,bsparshutt1k@howstuffworks.com,Male,$141411.50,946447504,IT
58,Chastity,Rodolico,crodolico1l@cnn.com,Female,$512607.17,817685271,PP
59,Claude,Pittle,cpittle1m@shop-pro.jp,Female,$191401.12,136194544,CC
60,Duffie,Murrish,dmurrish1n@hao123.com,Male,$825820.18,472172303,IT
61,Lucinda,Stockey,lstockey1o@elegantthemes.com,Female,$853650.71,414934674,PP
62,Maiga,Saunter,msaunter1p@springer.com,Female,$508074.34,226232320,PP
63,Vladamir,O'Cannovane,vocannovane1q@cam.ac.uk,Male,$629388.27,354654881,CC
64,Nat,Rubinovitch,nrubinovitch1r@typepad.com,Female,$463156.15,995114614,PP
65,Joy,McMenamin,jmcmenamin1s@salon.com,Female,$742716.43,998564995,PP
66,Sigfried,Alejandri,salejandri1t@cpanel.net,Male,$698177.63,733762345,IT
67,Starlene,Leinster,sleinster1u@narod.ru,Female,$281576.52,89603840,PP
68,Lesli,Whight,lwhight1v@sogou.com,Female,$160673.99,89843720,IT
69,Odell,Fant,ofant1w@stanford.edu,Male,$830998.38,304480446,IT
70,Edd,Dener,edener1x@typepad.com,Male,$541453.88,241695404,PP
71,Garrik,Sired,gsired1y@rambler.ru,Male,$323902.94,706739917,PP
72,Karylin,Wetherald,kwetherald1z@wikimedia.org,Female,$746694.72,872386264,IT
73,Ysabel,McPhater,ymcphater20@scribd.com,Female,$969392.22,277186641,CC
74,Goran,Fuge,gfuge21@miibeian.gov.cn,Male,$266484.47,519436525,IT
75,Lynnell,Dundendale,ldundendale22@sphinn.com,Female,$180055.37,976133653,IT
76,Cassandre,Woodburne,cwoodburne23@mail.ru,Female,$393064.33,547547816,IT
77,Astrix,Housiaux,ahousiaux24@meetup.com,Female,$725075.94,890241726,IT
78,Todd,Marryatt,tmarryatt25@upenn.edu,Male,$748483.78,201208344,PP
79,Lebbie,Smittoune,lsmittoune26@bloglines.com,Female,$566038.59,1028657583,CC
80,Sheelagh,Goney,sgoney27@zimbio.com,Female,$128846.71,166253864,PP
81,Dennison,Bending,dbending28@china.com.cn,Male,$342045.19,727113928,CC
82,Emmit,Loach,eloach29@constantcontact.com,Male,$739727.24,538296562,IT
83,Joana,Hawkswell,jhawkswell2a@blogspot.com,Female,$985023.05,1035703438,CC
84,Tami,Southcott,tsouthcott2b@irs.gov,Female,$781555.55,147523072,IT
85,Reinwald,Saurin,rsaurin2c@webs.com,Male,$385150.26,568090180,PP
86,Bennie,Snaden,bsnaden2d@hexun.com,Male,$404031.07,106931849,IT
87,Myriam,Blundin,mblundin2e@github.io,Female,$983579.73,117850557,CC
88,Adolpho,Labon,alabon2f@indiatimes.com,Male,$787042.21,865583154,CC
89,Annabella,Bumphrey,abumphrey2g@google.cn,Female,$293782.95,980981141,CC
90,Marco,Gaize,mgaize2h@amazon.com,Male,$298684.49,838464746,PP
91,Clerkclaude,Jenik,cjenik2i@dailymotion.com,Male,$598691.08,623512980,IT
92,Joanne,Flemyng,jflemyng2j@webnode.com,Female,$710509.12,156135516,CC
93,Sapphira,Cammell,scammell2k@yale.edu,Female,$385511.86,278163114,PP
94,Lu,Corwin,lcorwin2l@smh.com.au,Female,$686049.66,939881875,PP
95,Carol,Ambrosini,cambrosini2m@ucla.edu,Female,$386935.11,1021786552,CC
96,Gertrud,Darrington,gdarrington2n@istockphoto.com,Female,$167644.91,260489079,PP
97,Cherilynn,Lumb,clumb2o@ibm.com,Female,$939344.45,116268788,CC
98,Gottfried,Girk,ggirk2p@t-online.de,Male,$384104.62,763992525,CC
99,Helaine,Klaas,hklaas2q@hibu.com,Female,$578534.76,681132054,PP
100,Lisabeth,Kennedy,lkennedy2r@scientificamerican.com,Female,$394371.07,593019223,CC
101,Nanete,McPeice,nmcpeice2s@deliciousdays.com,Female,$645407.67,622854813,CC
102,Gates,Klich,gklich2t@list-manage.com,Female,$745563.85,977861616,CC
103,Winfield,Lanbertoni,wlanbertoni2u@ucoz.com,Male,$634568.09,730622173,PP
104,Charmane,Ashling,cashling2v@nyu.edu,Female,$239393.45,679431234,CC
105,Johnna,Freeland,jfreeland2w@dailymotion.com,Female,$462981.50,762330909,PP
106,Willie,Mottershaw,wmottershaw2x@oracle.com,Male,$640226.83,120888479,CC
107,Chance,Franzke,cfranzke2y@wufoo.com,Male,$667888.06,553800741,PP
108,Vassily,O'Carmody,vocarmody2z@google.de,Male,$465738.40,181950770,IT
109,Pearl,Deverell,pdeverell30@ifeng.com,Female,$959716.12,453608862,IT
110,Beniamino,Prujean,bprujean31@addtoany.com,Male,$215230.54,810102985,IT
111,Prudence,Feckey,pfeckey32@mozilla.org,Female,$856172.65,258790759,PP
112,Almira,Lissaman,alissaman33@gizmodo.com,Female,$569940.20,184410697,PP
113,Lyssa,Palek,lpalek34@51.la,Female,$239001.86,382571298,IT
114,Granger,Manklow,gmanklow35@imageshack.us,Male,$119374.52,986317180,CC
115,Jamie,Boseley,jboseley36@scientificamerican.com,Female,$149101.96,735722830,IT
116,Raul,Grave,rgrave37@indiegogo.com,Male,$616777.00,620892242,IT
117,Jessamyn,Jurick,jjurick38@acquirethisname.com,Female,$528608.53,826997172,CC
118,Caterina,Garci,cgarci39@liveinternet.ru,Female,$869752.58,102438499,PP
119,Evie,Yallop,eyallop3a@mozilla.com,Female,$997299.01,161856158,IT
120,Major,Gealy,mgealy3b@istockphoto.com,Male,$926285.40,776375124,PP
121,Brooks,Blasetti,bblasetti3c@rediff.com,Male,$126067.48,195880037,CC
122,Freedman,Dulake,fdulake3d@prlog.org,Male,$830069.28,378513827,CC
123,Dore,Drackford,ddrackford3e@live.com,Male,$755758.91,802427515,PP
124,Donall,Kundt,dkundt3f@home.pl,Male,$333486.93,275428789,IT
125,Perice,Russilll,prussilll3g@fotki.com,Male,$612706.39,857751094,CC
126,Maxim,Aust,maust3h@last.fm,Male,$377667.97,520634825,IT
127,Britteny,Boshers,bboshers3i@msu.edu,Female,$340125.25,160729107,CC
128,Allene,Sussems,asussems3j@icq.com,Female,$523024.36,86554783,PP
129,Emmett,Vardon,evardon3k@google.com.hk,Male,$797545.56,891787969,CC
130,Berne,Kayes,bkayes3l@tinypic.com,Male,$338291.16,250261785,IT
131,Hersch,Heggadon,hheggadon3m@goo.ne.jp,Male,$156434.08,415964188,IT
132,Claude,Housley,chousley3n@1und1.de,Female,$264769.27,663449029,IT
133,Gideon,Radband,gradband3o@google.co.jp,Male,$158175.22,942523848,IT
134,Giavani,Briskey,gbriskey3p@sakura.ne.jp,Male,$706534.44,912430922,CC
135,Olive,Ajean,oajean3q@fastcompany.com,Female,$796692.80,535619710,CC
136,Orlando,Sapsforde,osapsforde3r@fda.gov,Male,$558237.88,9214609,IT
137,Debor,Vanns,dvanns3s@chronoengine.com,Female,$585782.48,1020426171,PP
138,Rosamund,Risman,rrisman3t@ow.ly,Female,$346954.87,621760598,IT
139,Christopher,Kenewel,ckenewel3u@xing.com,Male,$425475.40,201778684,CC
140,Nicola,Fergusson,nfergusson3v@vk.com,Female,$607633.29,728414943,IT
141,Irene,Shallow,ishallow3w@merriam-webster.com,Female,$514286.31,693065265,CC
142,Grady,Bolens,gbolens3x@ow.ly,Male,$344313.44,710870709,PP
143,Idell,Habbergham,ihabbergham3y@skype.com,Female,$669090.20,1034990538,CC
144,Kelcy,O'Corr,kocorr3z@vimeo.com,Female,$248286.79,79332257,CC
145,Marion,Tramel,mtramel40@bigcartel.com,Male,$490661.69,1002688198,PP
146,Edi,Okeshott,eokeshott41@princeton.edu,Female,$342591.73,131909514,IT
147,Ashley,Chastan,achastan42@sphinn.com,Male,$692868.60,595171333,CC
148,Vivie,Spaule,vspaule43@uiuc.edu,Female,$151513.70,706854683,CC
149,Birgit,Spreull,bspreull44@domainmarket.com,Female,$569275.81,887908924,IT
150,Dorotea,Gellibrand,dgellibrand45@sitemeter.com,Female,$265035.55,648296347,CC
151,Kalie,Pamplin,kpamplin46@yale.edu,Female,$641114.86,705851902,CC
152,Ward,Blewitt,wblewitt47@phpbb.com,Male,$846815.43,102721096,IT
153,Hermy,Hassent,hhassent48@mozilla.org,Male,$430871.55,291338813,PP
154,Mariquilla,Maus,mmaus49@whitehouse.gov,Female,$912602.61,914916743,IT
155,Samantha,Stoffels,sstoffels4a@wired.com,Female,$961705.84,121190303,IT
156,Isidora,Duchateau,iduchateau4b@cnbc.com,Female,$477266.23,754225587,IT
157,Chrissie,Nathon,cnathon4c@biblegateway.com,Male,$707176.07,85341901,CC
158,Jamison,Sterland,jsterland4d@springer.com,Male,$889939.34,657781513,IT
159,Binny,Seebert,bseebert4e@odnoklassniki.ru,Female,$230519.61,691904426,PP
160,Donall,Franzonello,dfranzonello4f@cocolog-nifty.com,Male,$486938.10,579044412,PP
161,Adlai,Reeds,areeds4g@answers.com,Male,$764255.86,85938946,CC
162,Dave,Crombleholme,dcrombleholme4h@barnesandnoble.com,Male,$153796.47,560092772,CC
163,Oralle,Kulic,okulic4i@amazon.de,Female,$347215.33,1023318866,CC
164,Nevins,McFall,nmcfall4j@cnbc.com,Male,$216910.68,212651045,CC
165,Dore,Bull,dbull4k@de.vu,Male,$688731.56,726528588,IT
166,Taylor,Stannering,tstannering4l@yahoo.co.jp,Male,$595294.32,39327871,CC
167,Desmond,Rennebach,drennebach4m@squidoo.com,Male,$510712.07,104223793,PP
168,Stoddard,Fawdrie,sfawdrie4n@histats.com,Female,$130921.71,607414043,PP
169,Ole,Comusso,ocomusso4o@com.com,Male,$424069.24,247209043,IT
170,Doralyn,Curgenven,dcurgenven4p@msu.edu,Female,$938963.90,326617241,IT
171,Janette,Danilyuk,jdanilyuk4q@biblegateway.com,Female,$754048.61,119149053,CC
172,Webster,Vanns,wvanns4r@cnet.com,Male,$959325.68,141657703,IT
173,Wilt,Goddard,wgoddard4s@msu.edu,Male,$760402.71,191757750,PP
174,Sayres,Ullett,sullett4t@moonfruit.com,Male,$474316.25,8518792,PP
175,Penni,McVeagh,pmcveagh4u@hud.gov,Female,$270941.77,893080601,CC
176,Renate,Pail,rpail4v@ocn.ne.jp,Female,$476408.55,337640191,PP
177,Buck,Mabb,bmabb4w@goodreads.com,Male,$219601.57,588701335,PP
178,Jeane,Callen,jcallen4x@tripadvisor.com,Female,$608824.28,166572270,CC
179,Pernell,Moakson,pmoakson4y@yale.edu,Male,$208239.18,815201053,PP
180,Hope,Gillbanks,hgillbanks4z@dailymotion.com,Female,$199814.82,446702358,PP
181,Meier,Galliard,mgalliard50@edublogs.org,Male,$643932.50,560678081,PP
182,Fiorenze,Matei,fmatei51@nba.com,Female,$682290.64,7682243,CC
183,Raquel,Fairney,rfairney52@seattletimes.com,Female,$878952.79,1013781966,CC
184,Gothart,Altree,galtree53@yale.edu,Male,$744277.87,571421105,CC
185,Tonie,Rzehorz,trzehorz54@netlog.com,Female,$936520.76,510218556,PP
186,Frazer,Axup,faxup55@nbcnews.com,Male,$237117.51,824992457,PP
187,Matthus,Halleday,mhalleday56@clickbank.net,Male,$587143.08,561701501,PP
188,Gabriela,Surgenor,gsurgenor57@mail.ru,Female,$764221.65,361050925,IT
189,Ellene,Mellor,emellor58@ycombinator.com,Female,$531975.39,886514490,CC
190,Teri,Arthy,tarthy59@amazon.co.uk,Female,$428240.80,543723212,CC
191,Giacopo,Samme,gsamme5a@ft.com,Male,$883917.44,79686270,IT
192,Chiquita,Ayree,cayree5b@usa.gov,Female,$482918.12,391790590,IT
193,Sanson,Kenzie,skenzie5c@1688.com,Male,$975345.39,796829614,PP
194,Orren,Scarasbrick,oscarasbrick5d@mapquest.com,Male,$335575.39,764355563,PP
195,Tanny,Bontein,tbontein5e@cornell.edu,Male,$754856.71,634925714,PP
196,Tod,Bartoszewski,tbartoszewski5f@pinterest.com,Male,$975813.13,1011359876,IT
197,Roman,Carsey,rcarsey5g@hugedomains.com,Male,$221837.78,223161835,PP
198,Anissa,Kightly,akightly5h@wunderground.com,Female,$641268.18,10635611,IT
199,Rakel,Ary,rary5i@bluehost.com,Female,$828611.04,208544952,PP
200,Salomi,Gero,sgero5j@vimeo.com,Female,$230329.69,484129642,CC
201,Dorothea,Hansana,dhansana5k@wunderground.com,Female,$533864.23,20188837,PP
202,Moyra,Troake,mtroake5l@eepurl.com,Female,$954666.24,23593236,CC
203,Jemimah,Phelps,jphelps5m@gizmodo.com,Female,$503447.29,463211169,IT
204,Clemmie,Pennycook,cpennycook5n@abc.net.au,Male,$109399.46,200714447,CC
205,Harry,Lowthian,hlowthian5o@cnet.com,Male,$259909.62,837550465,PP
206,Natasha,Renney,nrenney5p@fda.gov,Female,$368442.97,476221304,CC
207,Ody,Harston,oharston5q@bluehost.com,Male,$646053.24,798284377,CC
208,Arturo,Latimer,alatimer5r@thetimes.co.uk,Male,$551783.44,232067380,IT
209,Traci,Begwell,tbegwell5s@bravesites.com,Female,$520826.30,999398438,PP
210,Elmore,Oland,eoland5t@goo.ne.jp,Male,$384506.60,933205189,CC
211,Wallie,Munt,wmunt5u@sourceforge.net,Female,$104173.30,983116255,IT
212,Levi,Kenner,lkenner5v@washington.edu,Male,$336475.21,162767769,CC
213,Kareem,Beckhouse,kbeckhouse5w@joomla.org,Male,$860184.47,562095253,IT
214,Binny,Sore,bsore5x@un.org,Female,$180241.21,41642412,CC
215,Ozzy,Skipping,oskipping5y@deviantart.com,Male,$649904.94,208527313,PP
216,Lucio,Bearsmore,lbearsmore5z@blog.com,Male,$917233.99,23525989,PP
217,Correy,Esslement,cesslement60@gmpg.org,Male,$146716.86,129968967,CC
218,Bernice,Titcumb,btitcumb61@list-manage.com,Female,$564725.41,164148771,PP
219,Reynard,Grimwad,rgrimwad62@imdb.com,Male,$121891.29,1003514644,CC
220,Wenda,Cohalan,wcohalan63@wsj.com,Female,$559714.93,775704018,PP
221,Louis,Jefferson,ljefferson64@nih.gov,Male,$601016.12,552559035,CC
222,Pooh,Evequot,pevequot65@elpais.com,Male,$688448.59,496328006,PP
223,Paton,Lanceter,planceter66@domainmarket.com,Male,$746596.33,210034022,IT
224,Isidora,Velasquez,ivelasquez67@twitpic.com,Female,$197624.57,157337927,CC
225,Pebrook,Goracci,pgoracci68@linkedin.com,Male,$668582.63,890310398,PP
226,Jed,Dickie,jdickie69@unesco.org,Male,$534858.43,276288656,CC
227,Wini,Schroeder,wschroeder6a@drupal.org,Female,$697927.12,486273861,PP
228,Thane,Banaszczyk,tbanaszczyk6b@hhs.gov,Male,$972807.63,819862513,PP
229,Patten,Eastmead,peastmead6c@g.co,Male,$168923.79,544271795,PP
230,Aloin,Astbery,aastbery6d@unicef.org,Male,$161073.44,938286681,CC
231,Goddard,Kembley,gkembley6e@hao123.com,Male,$210827.06,587814228,IT
232,Aldin,McMorran,amcmorran6f@yolasite.com,Male,$841525.65,322761564,PP
233,Avivah,Olczak,aolczak6g@nyu.edu,Female,$810848.38,1032666675,IT
234,Alard,Guerra,aguerra6h@ed.gov,Male,$762244.85,153619627,CC
235,Archibold,Upex,aupex6i@facebook.com,Male,$553217.25,7175488,PP
236,Bryce,Brazenor,bbrazenor6j@symantec.com,Male,$360902.99,351107236,CC
237,Rawley,Doberer,rdoberer6k@globo.com,Male,$712275.92,271074230,IT
238,Brnaba,Eldin,beldin6l@gmpg.org,Male,$351141.00,172814620,CC
239,Shane,Ajean,sajean6m@sphinn.com,Female,$985991.49,197532210,PP
240,Rebekah,Arnao,rarnao6n@wikimedia.org,Female,$300798.67,161211523,PP
241,Kendricks,Medgewick,kmedgewick6o@skype.com,Male,$346067.66,628954548,PP
242,Perice,Archbold,parchbold6p@timesonline.co.uk,Male,$792631.72,627891997,CC
243,Brenda,Brake,bbrake6q@bloglines.com,Female,$482987.80,682425117,CC
244,Donnajean,Gonnin,dgonnin6r@time.com,Female,$511753.17,940395615,IT
245,Babita,Erangey,berangey6s@slate.com,Female,$867896.13,756018427,CC
246,Robers,Flahy,rflahy6t@un.org,Male,$954418.98,84552529,CC
247,Hillel,Savile,hsavile6u@time.com,Male,$998912.28,414867604,IT
248,Geri,Crimes,gcrimes6v@furl.net,Female,$615651.21,474412961,CC
249,Tybie,Perin,tperin6w@istockphoto.com,Female,$690932.74,492092079,IT
250,Linus,Middlewick,lmiddlewick6x@java.com,Male,$829798.91,481736649,IT
251,Virginia,Espinel,vespinel6y@paginegialle.it,Female,$987146.78,1037967660,CC
252,Jazmin,Abramamovh,jabramamovh6z@sfgate.com,Female,$614322.20,411343870,IT
253,Devina,O'Reilly,doreilly70@constantcontact.com,Female,$404225.33,295900549,CC
254,Michaella,Telling,mtelling71@imgur.com,Female,$891903.84,569290342,IT
255,Earle,Cloney,ecloney72@dion.ne.jp,Male,$121407.02,404065040,CC
256,Darci,Demsey,ddemsey73@seattletimes.com,Female,$128765.72,109961321,CC
257,Margarette,Metzel,mmetzel74@clickbank.net,Female,$327917.95,412804910,CC
258,Erma,Garbar,egarbar75@cam.ac.uk,Female,$889782.67,146875922,PP
259,Kimberlyn,Emanueli,kemanueli76@odnoklassniki.ru,Female,$577614.13,451922573,CC
260,Sanders,Beauvais,sbeauvais77@icq.com,Male,$924250.94,927343594,IT
261,Florette,Roussel,froussel78@yolasite.com,Female,$628012.22,571529140,PP
262,Zebulen,Errichiello,zerrichiello79@nytimes.com,Male,$905182.51,547421902,CC
263,Lilith,Skeel,lskeel7a@buzzfeed.com,Female,$801596.00,187640082,CC
264,Mame,Lashbrook,mlashbrook7b@cafepress.com,Female,$985287.46,482014423,CC
265,Matilde,Sheldon,msheldon7c@odnoklassniki.ru,Female,$201624.49,562035373,PP
266,Kizzie,Docharty,kdocharty7d@theguardian.com,Female,$945544.17,223040332,IT
267,Rebecka,Tasker,rtasker7e@skyrock.com,Female,$773074.09,140883696,PP
268,Giles,Duffett,gduffett7f@multiply.com,Male,$880236.19,713526454,IT
269,Dennison,Greenslade,dgreenslade7g@hc360.com,Male,$873576.70,658415378,PP
270,Derril,Bougourd,dbougourd7h@squarespace.com,Male,$491628.35,147044541,IT
271,Gray,Conan,gconan7i@businesswire.com,Male,$998588.82,610120714,IT
272,Kirby,Tilford,ktilford7j@hostgator.com,Male,$776886.05,767350363,PP
273,Brig,Parsons,bparsons7k@bloglovin.com,Male,$561694.31,773110574,CC
274,Billie,Kinastan,bkinastan7l@bloomberg.com,Male,$868287.11,436159099,CC
275,Orly,Coventry,ocoventry7m@cnbc.com,Female,$323504.46,271906805,PP
276,Jamal,Bluschke,jbluschke7n@wikipedia.org,Male,$592201.87,707881536,IT
277,Adolph,Penna,apenna7o@amazon.com,Male,$752533.50,525498459,IT
278,Ravi,Stollberger,rstollberger7p@blogspot.com,Male,$992203.01,690606592,IT
279,Annalee,Sentinella,asentinella7q@reference.com,Female,$501384.59,111470566,CC
280,Ericha,Pond,epond7r@ed.gov,Female,$717717.23,68128667,CC
281,Konstantin,Geaves,kgeaves7s@statcounter.com,Male,$174514.33,1037279145,CC
282,Arty,Southeran,asoutheran7t@devhub.com,Male,$656413.93,107181012,IT
283,Nathaniel,Hitchens,nhitchens7u@ed.gov,Male,$513136.17,347579266,IT
284,Ronny,O'Corrigane,rocorrigane7v@ameblo.jp,Female,$760232.76,195869949,IT
285,Charo,Smiley,csmiley7w@angelfire.com,Female,$340652.82,762071242,PP
286,Lyon,Methuen,lmethuen7x@skyrock.com,Male,$888600.17,963810334,CC
287,Kalila,Sommers,ksommers7y@state.gov,Female,$885365.25,767471828,CC
288,Aldwin,Haddrill,ahaddrill7z@whitehouse.gov,Male,$298724.56,281924514,CC
289,Britta,Annand,bannand80@sohu.com,Female,$137084.55,135961287,PP
290,Hilda,Phipson,hphipson81@cyberchimps.com,Female,$628434.66,151311986,IT
291,Janot,Margrett,jmargrett82@statcounter.com,Female,$789063.74,320795980,CC
292,Constancia,Birchner,cbirchner83@google.com.au,Female,$110706.02,352283005,PP
293,Axel,Thewles,athewles84@blinklist.com,Male,$153719.40,992340882,IT
294,Joey,Wilmington,jwilmington85@ihg.com,Male,$377733.58,887001322,CC
295,Edgardo,Schieferstein,eschieferstein86@thetimes.co.uk,Male,$472876.65,481191273,PP
296,Conrad,Sieur,csieur87@flickr.com,Male,$762109.53,121929755,IT
297,Anthiathia,Buglass,abuglass88@51.la,Female,$902312.83,190122506,PP
298,Matti,Matias,mmatias89@samsung.com,Female,$129209.22,840640879,PP
299,Jenica,Booley,jbooley8a@mit.edu,Female,$210635.49,435358568,IT
300,Nicholle,Woofinden,nwoofinden8b@geocities.com,Female,$690621.21,731380649,CC
301,Stavro,Coats,scoats8c@utexas.edu,Male,$569572.84,136201173,IT
302,Hamlin,McCroary,hmccroary8d@github.com,Male,$862256.28,505464700,CC
303,Bryce,Durham,bdurham8e@paypal.com,Male,$907725.19,264883517,IT
304,Aloisia,Wissby,awissby8f@weebly.com,Female,$534463.63,561899004,IT
305,Christye,Regorz,cregorz8g@aol.com,Female,$772329.86,942128641,IT
306,Anna-diana,Liveley,aliveley8h@foxnews.com,Female,$608492.14,778299917,PP
307,Jessie,Pettingall,jpettingall8i@earthlink.net,Male,$855333.10,953536820,IT
308,Julius,Dewdeny,jdewdeny8j@photobucket.com,Male,$733523.60,1030623223,PP
309,Marie-jeanne,Clemetts,mclemetts8k@google.ru,Female,$921026.13,660639147,PP
310,Rachael,Sodory,rsodory8l@prweb.com,Female,$786210.79,54304025,PP
311,Milton,Wattisham,mwattisham8m@wordpress.org,Male,$998532.41,124621588,PP
312,Maible,Clarke,mclarke8n@amazonaws.com,Female,$755142.74,1042782655,IT
313,Blane,Jencken,bjencken8o@live.com,Male,$527584.87,533693995,IT
314,Ellery,Rummery,erummery8p@rambler.ru,Male,$216201.15,178197836,CC
315,Randolph,Crothers,rcrothers8q@disqus.com,Male,$468631.06,667554411,CC
316,Shep,Gagen,sgagen8r@newyorker.com,Male,$441407.38,64974415,CC
317,Bendite,Stannett,bstannett8s@tiny.cc,Female,$965203.32,565665299,IT
318,Panchito,Crocombe,pcrocombe8t@weibo.com,Male,$349109.59,591141721,CC
319,Boigie,Ivantsov,bivantsov8u@cbslocal.com,Male,$555883.33,36986777,CC
320,Raynor,Matsell,rmatsell8v@odnoklassniki.ru,Male,$610082.57,147961010,PP
321,Reynolds,Gilffillan,rgilffillan8w@mapquest.com,Male,$166778.50,399439341,CC
322,Nona,Life,nlife8x@cpanel.net,Female,$424923.28,59352226,PP
323,Hector,Goretti,hgoretti8y@imageshack.us,Male,$501804.45,276104997,CC
324,Bertie,Look,blook8z@yellowpages.com,Female,$644164.50,545865704,PP
325,Florencia,Sainsberry,fsainsberry90@tripod.com,Female,$767942.46,176278730,PP
326,Dru,Davidsson,ddavidsson91@github.io,Male,$331378.50,342893833,CC
327,Almira,Stickney,astickney92@rediff.com,Female,$327455.23,608390192,PP
328,Gwenneth,Whitehall,gwhitehall93@shinystat.com,Female,$284510.13,970450116,CC
329,Lu,Adne,ladne94@un.org,Female,$785541.86,976045955,CC
330,Alphard,Tydd,atydd95@acquirethisname.com,Male,$247415.18,40731839,PP
331,Parsifal,Seckington,pseckington96@sciencedirect.com,Male,$928293.11,350185715,PP
332,Dewie,Van Geffen,dvangeffen97@google.ru,Male,$914871.22,1038640999,PP
333,Ardisj,Hairsnape,ahairsnape98@liveinternet.ru,Female,$599820.00,137874866,CC
334,Benedetta,Beldum,bbeldum99@tumblr.com,Female,$940725.09,351197011,CC
335,Brewster,Minihan,bminihan9a@merriam-webster.com,Male,$276791.47,228816775,CC
336,Kerstin,Shemelt,kshemelt9b@yellowbook.com,Female,$239566.44,766567959,CC
337,Yolande,Balfour,ybalfour9c@example.com,Female,$602120.36,637582280,PP
338,Ian,Sedcole,isedcole9d@statcounter.com,Male,$815254.83,848461790,CC
339,Papageno,Giovanizio,pgiovanizio9e@youtube.com,Male,$235393.70,349540775,CC
340,Clair,Bolduc,cbolduc9f@reddit.com,Male,$114627.77,184117992,IT
341,Shelba,Hessay,shessay9g@lulu.com,Female,$689620.39,415396112,IT
342,Pietro,Eddins,peddins9h@google.co.jp,Male,$866488.85,887939301,PP
343,Kalindi,Morffew,kmorffew9i@oaic.gov.au,Female,$281800.94,790334484,CC
344,Emmaline,Klaaasen,eklaaasen9j@ucoz.ru,Female,$622671.63,602609241,CC
345,Matilde,Axtonne,maxtonne9k@independent.co.uk,Female,$380042.25,272339042,PP
346,Aldridge,Frohock,afrohock9l@disqus.com,Male,$427013.21,618890610,PP
347,Pauly,MacMickan,pmacmickan9m@mail.ru,Male,$441558.58,834623543,CC
348,Cindra,Castellaccio,ccastellaccio9n@hhs.gov,Female,$303233.57,360001631,CC
349,Adrea,Chiverstone,achiverstone9o@wix.com,Female,$940535.76,753065325,PP
350,Quinta,Burnell,qburnell9p@vk.com,Female,$988202.31,910390069,PP
351,Roderigo,Douce,rdouce9q@technorati.com,Male,$916860.55,90580060,CC
352,Tana,Boyack,tboyack9r@spotify.com,Female,$535803.08,340789024,CC
353,Romy,Craigs,rcraigs9s@smh.com.au,Female,$445703.35,678240201,CC
354,Roshelle,Pellissier,rpellissier9t@smh.com.au,Female,$727649.32,316394268,IT
355,Fred,Del Monte,fdelmonte9u@last.fm,Female,$894475.67,922512495,IT
356,Kerby,Arnaud,karnaud9v@youku.com,Male,$646757.97,34975895,PP
357,Virginia,Baxter,vbaxter9w@nih.gov,Female,$377801.34,661547647,PP
358,Alexandro,Spearett,aspearett9x@google.com.br,Male,$936804.89,14461022,CC
359,Janek,Triggle,jtriggle9y@google.co.jp,Male,$753602.84,136035995,IT
360,Alphonso,Thurling,athurling9z@de.vu,Male,$485948.06,584539839,PP
361,Rawley,Dabels,rdabelsa0@microsoft.com,Male,$715547.02,748446154,PP
362,Marris,Evason,mevasona1@arstechnica.com,Female,$717492.44,462830059,PP
363,Svend,Iacovaccio,siacovaccioa2@usa.gov,Male,$613653.94,160636467,CC
364,Talbot,Coverlyn,tcoverlyna3@bing.com,Male,$658675.94,45445426,CC
365,Parke,Cantu,pcantua4@guardian.co.uk,Male,$819630.47,610908528,PP
366,Derby,Methley,dmethleya5@i2i.jp,Male,$583999.96,292020945,CC
367,Renard,Veschi,rveschia6@jimdo.com,Male,$364151.38,736335188,IT
368,Jard,Teulier,jteuliera7@mozilla.org,Male,$808937.63,768885742,IT
369,Sarita,Anear,saneara8@comsenz.com,Female,$952214.34,801483948,CC
370,Flora,Ternott,fternotta9@tuttocitta.it,Female,$855823.08,941207737,PP
371,Karilynn,Antognozzii,kantognozziiaa@topsy.com,Female,$474901.38,192844915,IT
372,Wolfgang,Rawlin,wrawlinab@github.com,Male,$840307.69,370465481,IT
373,Drucie,Pashan,dpashanac@icio.us,Female,$754396.59,78194217,IT
374,Carlo,Adolf,cadolfad@rambler.ru,Male,$291164.47,707666488,PP
375,Toma,Andryushchenko,tandryushchenkoae@pcworld.com,Female,$902674.65,919693781,IT
376,Aila,Callen,acallenaf@admin.ch,Female,$536496.39,463641998,IT
377,Merla,McKew,mmckewag@sphinn.com,Female,$183521.27,322381305,PP
378,Logan,Sones,lsonesah@wired.com,Male,$200880.59,871435315,IT
379,Wren,Ottewill,wottewillai@chicagotribune.com,Female,$882819.49,719892089,IT
380,Brenna,Goward,bgowardaj@histats.com,Female,$234734.80,411252549,IT
381,Aubry,Haly,ahalyak@fema.gov,Female,$499706.95,93218808,IT
382,Elliot,Chazette,echazetteal@altervista.org,Male,$358313.69,682277519,IT
383,Daveen,Gusney,dgusneyam@thetimes.co.uk,Female,$650752.22,489086196,IT
384,Stormie,Robet,srobetan@dmoz.org,Female,$496571.96,730313934,CC
385,Franzen,Ranscombe,franscombeao@elegantthemes.com,Male,$497937.65,560267166,CC
386,Lydon,Burbudge,lburbudgeap@blogtalkradio.com,Male,$283753.06,823959581,IT
387,Ade,Gregolotti,agregolottiaq@ucsd.edu,Male,$678936.07,37020656,CC
388,Vic,Ashdown,vashdownar@cpanel.net,Male,$320749.10,854029726,PP
389,Shani,Maxworthy,smaxworthyas@php.net,Female,$692462.01,309251750,PP
390,Dita,Rickaert,drickaertat@altervista.org,Female,$359196.76,747416579,PP
391,Cortney,Portman,cportmanau@weibo.com,Female,$833094.06,722614303,IT
392,Zachary,Horsfield,zhorsfieldav@hugedomains.com,Male,$553224.92,808121548,PP
393,Hillel,Summerskill,hsummerskillaw@unicef.org,Male,$963730.87,330418911,PP
394,Mildred,Ryhorovich,mryhorovichax@youtube.com,Female,$673365.75,896054300,IT
395,Joellen,Cometto,jcomettoay@booking.com,Female,$578465.60,621759081,CC
396,Elberta,Larrie,elarrieaz@ifeng.com,Female,$592976.02,55490235,IT
397,Hedvig,Jurczyk,hjurczykb0@ftc.gov,Female,$125715.75,553938776,CC
398,Glenna,Flaunier,gflaunierb1@craigslist.org,Female,$338679.12,731782003,IT
399,Monti,McIvor,mmcivorb2@apache.org,Male,$404225.70,610546601,IT
400,Christie,Chasemoore,cchasemooreb3@wsj.com,Male,$806421.18,976544596,PP
401,Aldus,Raeside,araesideb4@gnu.org,Male,$732115.13,434877469,PP
402,Sidonnie,Durand,sdurandb5@prlog.org,Female,$704182.79,690095166,CC
403,Meade,Foux,mfouxb6@edublogs.org,Male,$581112.39,556797730,PP
404,Regan,Carillo,rcarillob7@ox.ac.uk,Male,$385602.80,758449732,CC
405,Deanna,Whittlesee,dwhittleseeb8@prlog.org,Female,$488572.79,47777850,IT
406,Bevvy,O'Riordan,boriordanb9@vk.com,Female,$738287.08,84933880,PP
407,Marni,Couves,mcouvesba@unc.edu,Female,$129529.05,311428245,PP
408,Obie,Dwire,odwirebb@indiegogo.com,Male,$117410.53,398884760,PP
409,Rahal,Verni,rvernibc@statcounter.com,Female,$352335.52,654468405,PP
410,Jennilee,Ketteman,jkettemanbd@ameblo.jp,Female,$460383.29,441945826,IT
411,Alyosha,Pencott,apencottbe@aboutads.info,Male,$323624.19,890440030,PP
412,Ardisj,McPeice,amcpeicebf@go.com,Female,$520575.63,141760079,CC
413,Jonas,Lumley,jlumleybg@marriott.com,Male,$625384.72,433527795,IT
414,Rene,Lampet,rlampetbh@meetup.com,Female,$352923.40,455509685,PP
415,Lynnet,Gambell,lgambellbi@wikia.com,Female,$262840.62,112714243,CC
416,Rosalynd,Tasseler,rtasselerbj@de.vu,Female,$642212.74,851358031,PP
417,Sharleen,Aronoff,saronoffbk@blinklist.com,Female,$848306.04,799135349,PP
418,Neala,Sommerville,nsommervillebl@census.gov,Female,$156673.58,672070501,IT
419,Daven,Blencowe,dblencowebm@toplist.cz,Male,$742427.85,163467098,IT
420,Tallou,Shedden,tsheddenbn@google.ca,Female,$150650.80,59642142,IT
421,Ward,Zemler,wzemlerbo@time.com,Male,$269645.40,746721408,PP
422,Vere,Deeprose,vdeeprosebp@yandex.ru,Female,$763006.01,623375814,IT
423,Iorgo,Dufore,iduforebq@icq.com,Male,$201012.08,452239413,CC
424,Neils,Wenderott,nwenderottbr@ovh.net,Male,$684702.09,63387478,CC
425,Marwin,Dangerfield,mdangerfieldbs@ehow.com,Male,$739723.17,360192431,CC
426,Val,Curnnokk,vcurnnokkbt@samsung.com,Male,$526694.32,459788906,PP
427,Kipp,Woolatt,kwoolattbu@paginegialle.it,Female,$987090.83,498065116,CC
428,Jenny,Jewett,jjewettbv@home.pl,Female,$497434.08,751057176,PP
429,Leah,Mussared,lmussaredbw@cdbaby.com,Female,$560001.75,408851526,CC
430,Mendel,Brimfield,mbrimfieldbx@noaa.gov,Male,$518149.48,454969469,PP
431,Tansy,Rebbeck,trebbeckby@symantec.com,Female,$399612.49,165344388,PP
432,Angelle,Blaisdale,ablaisdalebz@admin.ch,Female,$473586.69,999456651,PP
433,Matty,Whear,mwhearc0@sina.com.cn,Female,$193204.57,333725777,IT
434,Nancee,Redmain,nredmainc1@uiuc.edu,Female,$633849.60,489141862,PP
435,Nomi,Gunby,ngunbyc2@yellowpages.com,Female,$143181.26,956009436,IT
436,Sidney,Tambling,stamblingc3@nih.gov,Male,$513430.49,213291691,IT
437,Karrie,Mulrean,kmulreanc4@ft.com,Female,$768638.45,1021397639,PP
438,Cherish,Jenson,cjensonc5@ameblo.jp,Female,$458760.38,375054236,IT
439,Borg,Eighteen,beighteenc6@mozilla.com,Male,$420098.33,909911357,CC
440,Sollie,Kornas,skornasc7@foxnews.com,Male,$722562.51,475044360,PP
441,Cissy,Lovitt,clovittc8@cam.ac.uk,Female,$478373.02,127602967,IT
442,Dorotea,Foucard,dfoucardc9@fastcompany.com,Female,$104303.10,509733865,IT
443,Sampson,Triggol,striggolca@npr.org,Male,$216571.30,568521147,IT
444,Lavinie,Ert,lertcb@sogou.com,Female,$606836.46,531498616,PP
445,Dasie,Winterbotham,dwinterbothamcc@hc360.com,Female,$426037.26,794837256,CC
446,Gerti,Treven,gtrevencd@sphinn.com,Female,$321139.73,334518506,IT
447,Marillin,Upston,mupstonce@arizona.edu,Female,$718100.75,7686350,IT
448,Gran,Mustard,gmustardcf@latimes.com,Male,$772260.88,443980314,PP
449,Simona,Bryers,sbryerscg@tinypic.com,Female,$890164.27,21566003,PP
450,Hatti,Wisby,hwisbych@harvard.edu,Female,$117798.15,294719130,IT
451,Francesco,Ranger,frangerci@meetup.com,Male,$380077.58,38520679,IT
452,Trey,O'Lennachain,tolennachaincj@wsj.com,Male,$598962.05,922437465,CC
453,Manya,Load,mloadck@gnu.org,Female,$894454.97,510410025,CC
454,Demott,Perocci,dperoccicl@state.tx.us,Male,$625054.48,913877710,IT
455,Etta,Sargint,esargintcm@cmu.edu,Female,$609157.43,886149987,IT
456,Mirna,Hopkins,mhopkinscn@baidu.com,Female,$731539.25,194913354,CC
457,Juliane,Janik,jjanikco@last.fm,Female,$745801.93,619412168,IT
458,Lucias,Baiyle,lbaiylecp@nba.com,Male,$723432.49,732529594,CC
459,Boot,Thibodeaux,bthibodeauxcq@artisteer.com,Male,$423727.73,275376997,PP
460,Rorie,Penning,rpenningcr@japanpost.jp,Female,$728898.88,340604241,PP
461,Sherry,Ewen,sewencs@bigcartel.com,Female,$880788.11,692407300,CC
462,Devonna,Rocca,droccact@ed.gov,Female,$632512.13,80746480,CC
463,Kaspar,Stilliard,kstilliardcu@mlb.com,Male,$898494.07,690357772,PP
464,Alessandra,Sinclair,asinclaircv@comsenz.com,Female,$306010.32,525254095,PP
465,Grier,Angell,gangellcw@123-reg.co.uk,Female,$326756.53,180692016,IT
466,Iorgos,Aikett,iaikettcx@discovery.com,Male,$839190.90,181283529,IT
467,Efrem,McCaghan,emccaghancy@themeforest.net,Male,$477161.30,668488350,PP
468,Elena,Montford,emontfordcz@answers.com,Female,$760858.46,710240460,IT
469,Nanice,McAtamney,nmcatamneyd0@msu.edu,Female,$402185.46,667787907,IT
470,Valma,Blakeney,vblakeneyd1@un.org,Female,$352421.71,771243275,IT
471,Orlan,Manketell,omanketelld2@boston.com,Male,$196811.50,917517716,IT
472,Margarethe,Mateescu,mmateescud3@dailymail.co.uk,Female,$250447.96,87940683,IT
473,Sherman,Kirrens,skirrensd4@chronoengine.com,Male,$105671.37,202010893,CC
474,Karlie,Nannoni,knannonid5@moonfruit.com,Female,$327828.57,929957599,IT
475,Layton,Martino,lmartinod6@angelfire.com,Male,$881345.02,664733286,CC
476,Boonie,Shawcroft,bshawcroftd7@sourceforge.net,Male,$924591.90,106785037,PP
477,Pauletta,Chaston,pchastond8@altervista.org,Female,$737012.70,61781828,IT
478,Reinhold,Simeoli,rsimeolid9@bloglines.com,Male,$543308.42,347477049,CC
479,Cosme,Monckman,cmonckmanda@myspace.com,Male,$428104.06,89679474,CC
480,Myranda,Caulcutt,mcaulcuttdb@cnet.com,Female,$451328.74,304656886,CC
481,Gwenneth,Kidney,gkidneydc@ustream.tv,Female,$955438.09,473035162,CC
482,Arlyne,Prince,aprincedd@qq.com,Female,$420662.08,993143998,CC
483,Dru,Kingshott,dkingshottde@examiner.com,Female,$309592.97,597918074,PP
484,Michele,Mohamed,mmohameddf@google.pl,Male,$315634.13,713887498,CC
485,Sallie,Tidmas,stidmasdg@de.vu,Female,$229320.25,1002538514,PP
486,Caroline,Pikhno,cpikhnodh@gmpg.org,Female,$762051.17,689080157,IT
487,Iormina,Ofener,iofenerdi@storify.com,Female,$322946.08,747802844,CC
488,Ariella,Shiril,ashirildj@forbes.com,Female,$398534.70,251408411,IT
489,Clay,Bullus,cbullusdk@artisteer.com,Male,$898303.61,202548055,CC
490,Anna,Bolderstone,abolderstonedl@theglobeandmail.com,Female,$982317.52,445092288,CC
491,Gracia,Pittaway,gpittawaydm@intel.com,Female,$585464.28,445393976,CC
492,Sven,Lippett,slippettdn@joomla.org,Male,$928737.00,352139902,IT
493,Revkah,Abrahamsen,rabrahamsendo@reverbnation.com,Female,$506719.06,527786701,CC
494,Libbie,Landrieu,llandrieudp@xing.com,Female,$960173.34,825128619,IT
495,Zacharie,Woolmington,zwoolmingtondq@bloglines.com,Male,$430776.82,889011627,IT
496,Lester,Coggell,lcoggelldr@joomla.org,Male,$827542.31,235167239,PP
497,Thorstein,Shillito,tshillitods@nbcnews.com,Male,$923832.85,483882353,IT
498,Gilbertina,Garretts,ggarrettsdt@flickr.com,Female,$259142.10,220626033,PP
499,Deane,Cranstone,dcranstonedu@baidu.com,Female,$932754.87,117544460,IT
500,Lazare,Fadian,lfadiandv@auda.org.au,Male,$214905.32,55312508,PP
501,Carmina,Buesden,cbuesdendw@hao123.com,Female,$661422.47,636439482,CC
502,Rowan,Gaffon,rgaffondx@arizona.edu,Male,$570370.92,495402385,PP
503,Sarine,Akister,sakisterdy@umn.edu,Female,$172181.24,303947868,PP
504,Tades,Tramel,ttrameldz@omniture.com,Male,$172270.97,812668914,CC
505,Lonny,Sergent,lsergente0@accuweather.com,Male,$828086.44,350029406,CC
506,Alethea,D' Angelo,adangeloe1@globo.com,Female,$320027.35,11223463,PP
507,Kenon,Cridlin,kcridline2@g.co,Male,$690017.69,214005958,CC
508,Valaria,Ketcher,vketchere3@house.gov,Female,$719008.36,1000930336,IT
509,Dolf,Ivasechko,divasechkoe4@ning.com,Male,$378639.56,94388745,IT
510,Fern,Scutchin,fscutchine5@state.gov,Female,$467667.67,350805640,IT
511,Geri,Lawrence,glawrencee6@live.com,Female,$373044.20,789926583,CC
512,Clerc,De Pero,cdeperoe7@goodreads.com,Male,$287606.53,1027822380,IT
513,Gertrudis,Benmore,gbenmoree8@blogger.com,Female,$249680.56,106907493,IT
514,Shanon,Corless,scorlesse9@mapy.cz,Female,$789884.44,60976831,CC
515,Mervin,McDougal,mmcdougalea@theatlantic.com,Male,$244292.80,806369182,CC
516,Tobit,Roumier,troumiereb@techcrunch.com,Male,$408792.42,115017837,PP
517,Anastassia,Shepherd,ashepherdec@ask.com,Female,$200196.12,916601350,PP
518,Goldie,Sillis,gsillised@intel.com,Female,$338079.29,239526096,PP
519,Pierce,Conyard,pconyardee@oracle.com,Male,$420282.57,227338385,PP
520,Antonia,Forlonge,aforlongeef@tiny.cc,Female,$981542.67,213632831,PP
521,Brig,Onyon,bonyoneg@fda.gov,Male,$842224.80,888588223,PP
522,Irving,Barth,ibartheh@microsoft.com,Male,$712000.52,136351100,IT
523,Erny,Simmonett,esimmonettei@sakura.ne.jp,Male,$313676.71,126033165,PP
524,Farlee,Chaulk,fchaulkej@epa.gov,Male,$600750.05,7383399,PP
525,Clo,Nevill,cnevillek@amazon.co.jp,Female,$780194.54,686997250,IT
526,Moll,Tarbett,mtarbettel@123-reg.co.uk,Female,$239439.10,571040384,PP
527,Lucien,Casassa,lcasassaem@goodreads.com,Male,$891454.69,327453948,CC
528,Lizbeth,Bier,lbieren@ebay.com,Female,$879939.08,439361304,PP
529,Bobby,Kilfoyle,bkilfoyleeo@omniture.com,Female,$674879.66,694875500,IT
530,Jo ann,Vinden,jvindenep@4shared.com,Female,$234451.03,938447412,PP
531,Linn,Ryce,lryceeq@dailymotion.com,Male,$866094.90,1000857692,IT
532,Tobias,Pinnell,tpinneller@ehow.com,Male,$358748.43,922688697,CC
533,Silva,Caville,scavillees@amazonaws.com,Female,$487000.32,287777917,PP
534,Bowie,Pedroni,bpedroniet@tuttocitta.it,Male,$711826.13,23825795,CC
535,Joella,Nunnery,jnunneryeu@geocities.jp,Female,$945442.34,936737911,IT
536,Antonie,Tippetts,atippettsev@bravesites.com,Female,$283087.86,675173349,PP
537,Timmi,Abad,tabadew@blogs.com,Female,$265865.56,783599281,IT
538,Petey,Donat,pdonatex@dailymotion.com,Male,$276545.49,837789309,PP
539,Chandal,Jessope,cjessopeey@comcast.net,Female,$330341.59,505666625,CC
540,Anatollo,Petre,apetreez@multiply.com,Male,$295915.82,597339954,CC
541,Leighton,Redborn,lredbornf0@phoca.cz,Male,$358174.43,185680054,PP
542,Nealson,Wilkison,nwilkisonf1@xing.com,Male,$930161.62,91971286,IT
543,Cornie,Jeandin,cjeandinf2@google.nl,Male,$814500.39,519768740,CC
544,Randee,Ravenscroftt,rravenscrofttf3@fotki.com,Female,$905138.46,39060431,IT
545,Milo,Chrishop,mchrishopf4@hostgator.com,Male,$871209.92,271188888,PP
546,Viki,Dosdell,vdosdellf5@slashdot.org,Female,$204858.95,328535038,IT
547,Curtis,Bache,cbachef6@mysql.com,Male,$807120.39,359191523,CC
548,Celestine,Chaldecott,cchaldecottf7@paypal.com,Female,$207229.29,715176971,PP
549,Norton,Clemenson,nclemensonf8@arizona.edu,Male,$988365.33,570093019,IT
550,Bette,Gartin,bgartinf9@sina.com.cn,Female,$520786.28,1022997202,CC
551,Lanny,Iskow,liskowfa@latimes.com,Male,$575676.35,837101562,PP
552,Megan,Border,mborderfb@miibeian.gov.cn,Female,$982973.53,834452043,IT
553,Nicoli,Weatherall,nweatherallfc@imdb.com,Female,$546100.01,296714633,CC
554,Nickolas,Drescher,ndrescherfd@storify.com,Male,$332858.95,784992730,CC
555,Diandra,Puffett,dpuffettfe@go.com,Female,$249456.45,1038147367,CC
556,Sisile,Venables,svenablesff@devhub.com,Female,$114177.04,900038417,PP
557,Ruby,Whilder,rwhilderfg@devhub.com,Female,$725311.16,832707780,CC
558,Borden,Nissle,bnisslefh@furl.net,Male,$433827.71,30586122,PP
559,Bibbie,Tumber,btumberfi@ox.ac.uk,Female,$478652.77,388262573,PP
560,Lucho,Meineken,lmeinekenfj@google.ru,Male,$567007.25,802147002,PP
561,Alonzo,Popham,apophamfk@ehow.com,Male,$885400.58,177435097,PP
562,Claudine,Ching,cchingfl@privacy.gov.au,Female,$750191.98,719554513,PP
563,Walden,Somerset,wsomersetfm@newyorker.com,Male,$410922.02,696194920,IT
564,Cherise,Osgarby,cosgarbyfn@storify.com,Female,$890773.09,731597581,IT
565,Decca,Ovey,doveyfo@de.vu,Male,$587124.08,841356489,PP
566,Marcile,Kretschmer,mkretschmerfp@wordpress.org,Female,$947849.65,554617172,PP
567,Jania,Chaney,jchaneyfq@unicef.org,Female,$627663.41,368063371,CC
568,Rudolf,Rosthorn,rrosthornfr@rakuten.co.jp,Male,$327070.74,691490493,IT
569,Kristofer,Newman,knewmanfs@symantec.com,Male,$967574.58,41841336,IT
570,Lynnette,Ralston,lralstonft@psu.edu,Female,$107443.84,73783267,IT
571,Laetitia,Harradence,lharradencefu@ezinearticles.com,Female,$812432.17,686732485,IT
572,Beltran,Schrader,bschraderfv@reverbnation.com,Male,$532167.11,709248335,CC
573,Rorie,Menier,rmenierfw@privacy.gov.au,Female,$192774.42,1001725303,IT
574,Biron,Gosby,bgosbyfx@globo.com,Male,$488247.76,962484599,CC
575,Hughie,Vuitte,hvuittefy@nifty.com,Male,$352845.63,604132025,PP
576,Doy,Beavers,dbeaversfz@photobucket.com,Male,$629011.99,306568894,IT
577,Starlene,Huison,shuisong0@google.pl,Female,$182330.82,96939969,CC
578,Cassius,Cicculini,ccicculinig1@blogspot.com,Male,$746900.30,741604388,CC
579,Vlad,Castanaga,vcastanagag2@acquirethisname.com,Male,$847882.39,699216473,CC
580,Broddie,Flisher,bflisherg3@disqus.com,Male,$429440.07,682622188,CC
581,Roderick,Kelland,rkellandg4@vk.com,Male,$393146.86,789370204,CC
582,Kim,Matteo,kmatteog5@netscape.com,Male,$884154.80,1003543058,IT
583,Austin,MacGuiness,amacguinessg6@marriott.com,Male,$181219.96,882305414,CC
584,Bax,Ludovico,bludovicog7@vinaora.com,Male,$786021.19,440124258,IT
585,Dori,Jaquiss,djaquissg8@techcrunch.com,Female,$579696.64,384146618,CC
586,Kasper,Blore,kbloreg9@a8.net,Male,$269434.62,889849246,IT
587,Truman,Fetherby,tfetherbyga@wiley.com,Male,$338178.43,86779156,IT
588,Dalia,Wallbrook,dwallbrookgb@accuweather.com,Female,$388916.88,105910963,IT
589,Fanya,Barensky,fbarenskygc@live.com,Female,$685610.88,961651705,CC
590,Elayne,Moubray,emoubraygd@nationalgeographic.com,Female,$814214.30,507379118,CC
591,Avram,Layzell,alayzellge@dmoz.org,Male,$290894.94,48808643,PP
592,Pembroke,Mollindinia,pmollindiniagf@jiathis.com,Male,$572776.10,151404501,PP
593,Kylen,MacElholm,kmacelholmgg@engadget.com,Female,$547207.91,130540907,CC
594,Germaine,Branno,gbrannogh@delicious.com,Male,$432930.98,358420925,IT
595,Barbee,Ianson,biansongi@paginegialle.it,Female,$166853.93,742060416,PP
596,Francklin,Winspar,fwinspargj@ocn.ne.jp,Male,$210392.33,842148928,CC
597,Annamarie,Wiley,awileygk@seattletimes.com,Female,$415020.11,146663624,CC
598,Jarret,Paula,jpaulagl@blinklist.com,Male,$464744.66,777506338,PP
599,Loise,Geistmann,lgeistmanngm@unicef.org,Female,$805437.27,855422241,IT
600,Tannie,Popley,tpopleygn@friendfeed.com,Male,$359847.78,197308207,CC
601,Tobin,Winchcomb,twinchcombgo@businesswire.com,Male,$276070.17,668157464,CC
602,Steward,Mitchel,smitchelgp@yolasite.com,Male,$429867.18,631607289,CC
603,Hale,Priter,hpritergq@example.com,Male,$150947.86,295409058,IT
604,Andy,Starbucke,astarbuckegr@nyu.edu,Male,$718568.48,245004180,PP
605,Randell,Shakspeare,rshakspearegs@ow.ly,Male,$879937.17,489011917,CC
606,Cariotta,Thackray,cthackraygt@bigcartel.com,Female,$182352.36,610299853,CC
607,Myron,Blaxall,mblaxallgu@gov.uk,Male,$650638.23,865913566,CC
608,Georg,Evans,gevansgv@sbwire.com,Male,$797669.72,282187495,CC
609,Quinn,Isack,qisackgw@netscape.com,Male,$661475.38,403736597,IT
610,Brew,Luetkemeyers,bluetkemeyersgx@about.me,Male,$471523.80,1010560722,PP
611,Darelle,Petraitis,dpetraitisgy@typepad.com,Female,$246673.44,451839319,IT
612,Elsie,Leyban,eleybangz@house.gov,Female,$670567.09,632881401,IT
613,Tessi,Chadbourne,tchadbourneh0@alexa.com,Female,$396275.32,686667510,PP
614,Zacherie,Jerok,zjerokh1@netscape.com,Male,$505952.76,483680167,PP
615,Jannel,Braune,jbrauneh2@aboutads.info,Female,$135987.98,271583310,PP
616,Bethena,McMillian,bmcmillianh3@uiuc.edu,Female,$853006.19,704937774,IT
617,Florance,Dilworth,fdilworthh4@google.it,Female,$928674.01,317649993,IT
618,Jasun,Delves,jdelvesh5@timesonline.co.uk,Male,$174832.17,741696305,IT
619,Eloisa,Bottinelli,ebottinellih6@kickstarter.com,Female,$583619.58,888924134,IT
620,Halimeda,Ellens,hellensh7@reuters.com,Female,$362174.66,65195928,IT
621,Lynda,Goalby,lgoalbyh8@phpbb.com,Female,$489088.01,270346082,PP
622,Chrissie,Baxendale,cbaxendaleh9@cafepress.com,Male,$496389.75,946428318,PP
623,Cassondra,Marrison,cmarrisonha@infoseek.co.jp,Female,$915313.49,440640088,PP
624,Isaiah,Deeman,ideemanhb@yandex.ru,Male,$313539.51,439135387,IT
625,Maighdiln,Hubberstey,mhubbersteyhc@tmall.com,Female,$197086.82,116826439,PP
626,Zachery,Cashman,zcashmanhd@spiegel.de,Male,$147252.75,700854654,IT
627,Ezri,Ingrey,eingreyhe@icq.com,Male,$476133.21,198658760,PP
628,Rochella,Lorimer,rlorimerhf@chronoengine.com,Female,$799868.49,815371835,IT
629,Peterus,Blaxlande,pblaxlandehg@facebook.com,Male,$115543.31,576912506,PP
630,Ave,Jereatt,ajereatthh@msu.edu,Male,$324720.54,395276121,PP
631,Arney,Loxdale,aloxdalehi@goodreads.com,Male,$707319.63,374981761,PP
632,Helaine,Woollacott,hwoollacotthj@baidu.com,Female,$216898.84,638781550,PP
633,Sylvia,Staunton,sstauntonhk@huffingtonpost.com,Female,$148325.26,631158531,PP
634,Mikael,Hackforth,mhackforthhl@tamu.edu,Male,$969395.50,722306927,CC
635,Ervin,Spering,esperinghm@macromedia.com,Male,$340211.56,209797332,IT
636,Oren,Philpault,ophilpaulthn@csmonitor.com,Male,$583106.10,919053804,IT
637,Araldo,Perche,apercheho@exblog.jp,Male,$438866.27,424404638,IT
638,Blair,De Maria,bdemariahp@simplemachines.org,Male,$948365.41,564452510,IT
639,Kelley,Pharrow,kpharrowhq@lycos.com,Male,$111074.80,675817283,PP
640,Myrvyn,Lynd,mlyndhr@macromedia.com,Male,$259010.97,655231216,IT
641,Sal,Guyet,sguyeths@google.co.uk,Male,$827329.06,14096150,IT
642,Clemmy,Cicchitello,ccicchitelloht@cpanel.net,Female,$241774.96,157047089,PP
643,Gwenni,Mattedi,gmattedihu@linkedin.com,Female,$229565.79,31455976,IT
644,Rollin,Visco,rviscohv@artisteer.com,Male,$147294.75,186145568,CC
645,Marie,Wickey,mwickeyhw@xinhuanet.com,Female,$109534.14,80555661,CC
646,Dion,Tarzey,dtarzeyhx@flickr.com,Female,$946160.38,577663282,IT
647,Sergeant,Klaffs,sklaffshy@issuu.com,Male,$351941.34,376055739,PP
648,Elnar,Smerdon,esmerdonhz@bravesites.com,Male,$217406.61,948144062,IT
649,Winni,Yegoshin,wyegoshini0@smugmug.com,Female,$945016.85,822023295,CC
650,Jessi,Folds,jfoldsi1@ycombinator.com,Female,$886322.60,685205202,CC
651,Willdon,Atcherley,watcherleyi2@e-recht24.de,Male,$721917.26,586958627,PP
652,Clayson,Keach,ckeachi3@de.vu,Male,$754464.55,329563369,PP
653,Herta,Gundrey,hgundreyi4@theglobeandmail.com,Female,$906489.41,867792407,CC
654,Kelvin,Alyukin,kalyukini5@myspace.com,Male,$766020.68,10682079,PP
655,Berkie,Jochen,bjocheni6@miitbeian.gov.cn,Male,$822986.86,648763646,CC
656,Stephenie,Jakes,sjakesi7@abc.net.au,Female,$963046.74,368636952,PP
657,Jo-ann,Osipov,josipovi8@altervista.org,Female,$990634.78,846398620,PP
658,Spenser,O'Luby,solubyi9@google.com,Male,$683937.71,210997668,CC
659,Meade,Dannell,mdannellia@xing.com,Female,$220450.14,246145223,IT
660,Kizzee,Callard,kcallardib@sohu.com,Female,$746839.20,222954984,CC
661,Agnes,Mallabon,amallabonic@nytimes.com,Female,$767542.27,614788328,PP
662,Sanford,Luby,slubyid@nymag.com,Male,$344427.89,767370559,IT
663,Cassi,Douthwaite,cdouthwaiteie@oracle.com,Female,$595253.11,529514573,CC
664,Darnell,Janodet,djanodetif@utexas.edu,Male,$861941.86,726807470,PP
665,Haleigh,Kohring,hkohringig@apple.com,Female,$659788.53,248668089,PP
666,Heddi,Peerless,hpeerlessih@nifty.com,Female,$780059.89,706726277,PP
667,Willis,Navarro,wnavarroii@webeden.co.uk,Male,$241693.19,635649440,CC
668,Johannah,Naptine,jnaptineij@g.co,Female,$440694.99,125942651,PP
669,Florence,Hunstone,fhunstoneik@yellowpages.com,Female,$688539.61,554365067,CC
670,Hermia,Sparshott,hsparshottil@thetimes.co.uk,Female,$391730.87,842708676,IT
671,Kip,Turpie,kturpieim@topsy.com,Male,$918766.50,195891132,CC
672,Orly,Najera,onajerain@godaddy.com,Female,$388226.77,714877983,PP
673,El,Bernot,ebernotio@artisteer.com,Male,$131610.25,872768188,PP
674,Alan,Fenney,afenneyip@unblog.fr,Male,$280088.96,904302851,IT
675,Toby,Malcher,tmalcheriq@rakuten.co.jp,Female,$995906.09,894467196,CC
676,Pepillo,Brandes,pbrandesir@pagesperso-orange.fr,Male,$269227.19,1039098380,CC
677,Jordon,Olland,jollandis@desdev.cn,Male,$770941.46,123993535,PP
678,Selestina,Davis,sdavisit@squarespace.com,Female,$941425.73,277237522,IT
679,Josy,Matterson,jmattersoniu@who.int,Female,$609074.15,528615238,PP
680,Zorina,Bearblock,zbearblockiv@buzzfeed.com,Female,$591643.32,600277214,IT
681,Cindee,Beattie,cbeattieiw@free.fr,Female,$841339.02,196404544,PP
682,Layton,Shillabear,lshillabearix@trellian.com,Male,$797663.18,690310484,IT
683,Nickie,Marner,nmarneriy@noaa.gov,Female,$414697.12,230867791,CC
684,Gilligan,Winchurst,gwinchurstiz@miibeian.gov.cn,Female,$322696.76,29880691,CC
685,Stacy,Kempster,skempsterj0@github.io,Female,$443317.93,100190926,CC
686,Eadith,Durdle,edurdlej1@fema.gov,Female,$354207.98,510275109,PP
687,Sharline,Temporal,stemporalj2@google.com,Female,$687038.17,859437689,IT
688,Bibbye,Pratley,bpratleyj3@earthlink.net,Female,$269656.70,459444728,CC
689,Tremain,Milton,tmiltonj4@abc.net.au,Male,$333800.39,175996935,IT
690,Romeo,Wingate,rwingatej5@ted.com,Male,$249652.79,198291351,CC
691,Trey,Weaving,tweavingj6@multiply.com,Male,$640835.32,396200800,IT
692,Crosby,Dallin,cdallinj7@epa.gov,Male,$228564.75,767636311,CC
693,Omero,Tettersell,otettersellj8@google.es,Male,$987334.25,624249020,PP
694,Lee,Lingfoot,llingfootj9@merriam-webster.com,Male,$199807.08,714541707,PP
695,Jesus,Sherer,jshererja@bluehost.com,Male,$478606.52,352846653,IT
696,Eldredge,Halling,ehallingjb@imageshack.us,Male,$880575.81,155077017,IT
697,Olwen,Sich,osichjc@newsvine.com,Female,$635009.37,729357765,PP
698,Valaria,Trosdall,vtrosdalljd@mashable.com,Female,$437773.28,457750190,IT
699,Fran,Talloe,ftalloeje@statcounter.com,Male,$997317.22,820170937,PP
700,Alverta,Henden,ahendenjf@youku.com,Female,$625917.35,1037595832,CC
701,Ruthanne,Overshott,rovershottjg@economist.com,Female,$525021.00,472098038,IT
702,Lavinie,Bruckstein,lbrucksteinjh@ucsd.edu,Female,$447268.56,1009435881,CC
703,Regan,Tatersale,rtatersaleji@disqus.com,Male,$773337.81,317986111,CC
704,Rance,McPhelimy,rmcphelimyjj@nytimes.com,Male,$404716.63,828457044,CC
705,Laraine,Frith,lfrithjk@paypal.com,Female,$293617.60,159751579,CC
706,Jana,Cordelette,jcordelettejl@flavors.me,Female,$985367.08,550273242,CC
707,Jobi,Whittock,jwhittockjm@msn.com,Female,$953046.22,385471513,IT
708,Diarmid,Schwandner,dschwandnerjn@smh.com.au,Male,$900139.97,579233659,IT
709,Ulrike,Thorsen,uthorsenjo@nsw.gov.au,Female,$722238.37,918148700,IT
710,Isidore,Laviste,ilavistejp@squarespace.com,Male,$949142.67,1010497806,CC
711,Lambert,Berndt,lberndtjq@noaa.gov,Male,$845371.44,997426048,PP
712,Pace,Ricardot,pricardotjr@wp.com,Male,$682969.94,808455643,CC
713,Amos,Tunaclift,atunacliftjs@github.com,Male,$723753.52,435654336,IT
714,Fallon,Gouldstone,fgouldstonejt@nydailynews.com,Female,$631031.65,32672673,PP
715,Kort,Causley,kcausleyju@pagesperso-orange.fr,Male,$927880.54,597205555,IT
716,Robbie,Conechie,rconechiejv@fda.gov,Male,$476181.90,368615214,IT
717,Wallis,Phipard-Shears,wphipardshearsjw@ning.com,Female,$289687.52,391629873,CC
718,Kial,Meegan,kmeeganjx@comsenz.com,Female,$742083.77,806211271,IT
719,Scarlett,Twinborne,stwinbornejy@weibo.com,Female,$502302.16,131747021,IT
720,Roderick,Eadmeades,readmeadesjz@is.gd,Male,$413516.57,239517080,CC
721,Keir,Selborne,kselbornek0@sohu.com,Male,$916906.47,149004200,IT
722,Ives,Moulsdale,imoulsdalek1@soup.io,Male,$514749.16,175358046,CC
723,Prescott,Bollen,pbollenk2@disqus.com,Male,$261394.14,629390802,IT
724,Demetra,Sell,dsellk3@go.com,Female,$135061.12,494522777,IT
725,Lissie,Binning,lbinningk4@boston.com,Female,$296864.79,180347861,CC
726,Bronson,Mandry,bmandryk5@theatlantic.com,Male,$114684.14,969008768,PP
727,Alberta,Diggles,adigglesk6@t.co,Female,$154296.12,142242521,CC
728,Clyde,La Wille,clawillek7@cbslocal.com,Male,$869401.20,1047889673,CC
729,Olga,Pedgrift,opedgriftk8@rakuten.co.jp,Female,$486047.50,46361885,IT
730,Binni,Emanulsson,bemanulssonk9@livejournal.com,Female,$572598.96,696415788,IT
731,Shayne,Whiley,swhileyka@economist.com,Female,$290445.83,211531065,IT
732,Giulio,Lapworth,glapworthkb@va.gov,Male,$780700.44,976539311,IT
733,Reine,Auld,rauldkc@about.me,Female,$198831.78,135506527,CC
734,Malynda,Bax,mbaxkd@jalbum.net,Female,$411808.53,485700236,PP
735,Wendy,Ledgerton,wledgertonke@amazon.de,Female,$806932.04,111656906,CC
736,Wilhelmine,Esser,wesserkf@telegraph.co.uk,Female,$620983.73,919614882,IT
737,Clare,Salzburger,csalzburgerkg@163.com,Male,$460024.29,380204619,PP
738,Hanny,Lorking,hlorkingkh@admin.ch,Female,$746038.23,376111589,CC
739,Saunder,Truman,strumanki@alexa.com,Male,$754711.69,167982471,PP
740,Richart,Vedyaev,rvedyaevkj@meetup.com,Male,$410188.85,23436405,CC
741,Leonie,Sappell,lsappellkk@slashdot.org,Female,$985291.29,33808043,PP
742,Claudianus,Ivanyukov,civanyukovkl@microsoft.com,Male,$433709.21,319170752,PP
743,Stearn,Fladgate,sfladgatekm@independent.co.uk,Male,$839135.02,1004251319,IT
744,Sybille,Kiebes,skiebeskn@paginegialle.it,Female,$574445.34,455858189,IT
745,Cher,Eilhart,ceilhartko@psu.edu,Female,$505888.46,349789832,PP
746,Wendell,Sparsholt,wsparsholtkp@vinaora.com,Male,$339003.42,958898872,CC
747,Alaric,McGrady,amcgradykq@microsoft.com,Male,$334025.52,917113293,PP
748,Lyell,Ranken,lrankenkr@naver.com,Male,$716891.78,459867102,PP
749,Winnah,Fardy,wfardyks@cpanel.net,Female,$812008.66,831079881,IT
750,Judye,Schaumaker,jschaumakerkt@myspace.com,Female,$758264.23,673373959,PP
751,Amargo,Ruppert,aruppertku@cnbc.com,Female,$132874.81,214808837,CC
752,Astra,Noteyoung,anoteyoungkv@joomla.org,Female,$640298.62,653267553,IT
753,Rory,Westrey,rwestreykw@fc2.com,Male,$159605.31,213641329,IT
754,Titos,Filochov,tfilochovkx@privacy.gov.au,Male,$819771.24,722867962,IT
755,Tab,Farfull,tfarfullky@people.com.cn,Male,$138952.07,330987200,CC
756,Mead,Edridge,medridgekz@bing.com,Female,$636276.35,137012529,CC
757,Clerc,Carefull,ccarefulll0@360.cn,Male,$712604.81,769355578,PP
758,Kellina,De Launde,kdelaundel1@census.gov,Female,$687074.48,16923429,PP
759,Seumas,Litchfield,slitchfieldl2@cnn.com,Male,$188381.29,203200342,IT
760,Giulia,Guillotin,gguillotinl3@simplemachines.org,Female,$652298.26,438162890,CC
761,Rosy,Kenneford,rkennefordl4@abc.net.au,Female,$346347.31,391662003,CC
762,Godwin,Dalgleish,gdalgleishl5@loc.gov,Male,$980704.07,1034677453,CC
763,Irving,Pheasey,ipheaseyl6@cisco.com,Male,$213841.66,1048709327,CC
764,Sari,Aldous,saldousl7@ask.com,Female,$665177.88,31936753,IT
765,Rebecca,Roake,rroakel8@sakura.ne.jp,Female,$638260.50,924569019,CC
766,Shalne,Rainbow,srainbowl9@intel.com,Female,$318714.47,224463479,CC
767,Jacquette,Ellerker,jellerkerla@constantcontact.com,Female,$580136.90,323329227,CC
768,Garrard,Gosneye,ggosneyelb@alibaba.com,Male,$192022.68,365133432,IT
769,Coraline,Cobbald,ccobbaldlc@squarespace.com,Female,$697421.61,822691067,CC
770,Janeva,Tesyro,jtesyrold@nhs.uk,Female,$713416.69,569345286,CC
771,Pauly,Grasner,pgrasnerle@skyrock.com,Male,$734435.32,244623636,PP
772,Ninetta,Llewellyn,nllewellynlf@ucla.edu,Female,$761856.52,460675230,PP
773,Claretta,Linkin,clinkinlg@4shared.com,Female,$168923.32,690273260,IT
774,Lianna,Trigg,ltrigglh@vkontakte.ru,Female,$324651.76,949762877,CC
775,Bekki,Burnup,bburnupli@state.gov,Female,$655830.87,594253502,CC
776,Laurianne,Eland,lelandlj@google.es,Female,$288366.37,615591448,CC
777,Chan,Mickleburgh,cmickleburghlk@ft.com,Male,$777691.65,147242774,IT
778,Kristopher,Pomroy,kpomroyll@moonfruit.com,Male,$402269.20,94348303,PP
779,Adrien,Lanegran,alanegranlm@pbs.org,Male,$144053.83,520986264,IT
780,Miles,Ivey,miveyln@wordpress.com,Male,$661150.34,94436498,IT
781,Del,McLean,dmcleanlo@geocities.com,Female,$402871.89,576366823,CC
782,Rivkah,Littley,rlittleylp@diigo.com,Female,$532115.72,897873580,CC
783,Clare,MacTrustie,cmactrustielq@europa.eu,Female,$752700.42,178815025,PP
784,Devin,Klimkovich,dklimkovichlr@fotki.com,Female,$370158.98,647168007,CC
785,Belita,Ducarne,bducarnels@hugedomains.com,Female,$775783.17,863852702,CC
786,Dulcie,O'Doran,dodoranlt@yahoo.co.jp,Female,$695695.21,161422438,PP
787,Katherina,Laurisch,klaurischlu@arstechnica.com,Female,$448847.86,784515930,CC
788,Cody,Puncher,cpuncherlv@businessweek.com,Male,$459151.03,640047752,CC
789,De,Spottiswood,dspottiswoodlw@imageshack.us,Female,$842061.09,823230744,CC
790,Nedi,Drinkall,ndrinkalllx@indiatimes.com,Female,$718706.27,263339375,CC
791,Johnath,Siemens,jsiemensly@redcross.org,Female,$993990.31,668948006,IT
792,Nick,Maffi,nmaffilz@lycos.com,Male,$395748.68,305254478,CC
793,Nessi,Beringer,nberingerm0@china.com.cn,Female,$416384.35,467961812,IT
794,Pegeen,Chadwick,pchadwickm1@vimeo.com,Female,$970586.22,457702766,IT
795,Jed,Padbury,jpadburym2@ucla.edu,Male,$398723.84,306134347,PP
796,Don,Sheirlaw,dsheirlawm3@thetimes.co.uk,Male,$807115.51,115652047,CC
797,Casi,Merdew,cmerdewm4@sitemeter.com,Female,$905209.13,702979159,IT
798,Nikaniki,Sheard,nsheardm5@biblegateway.com,Female,$469379.88,140215044,CC
799,Farrel,Mealiffe,fmealiffem6@weather.com,Male,$447057.80,1003001072,IT
800,Rubia,Tuddenham,rtuddenhamm7@msn.com,Female,$603399.58,479671799,CC
801,Fifi,McNally,fmcnallym8@bandcamp.com,Female,$584915.35,53839899,PP
802,Wells,Havile,whavilem9@netlog.com,Male,$773694.41,56868822,PP
803,Francklyn,Cesconi,fcesconima@amazon.de,Male,$270012.15,29239832,IT
804,Hobart,Durrand,hdurrandmb@last.fm,Male,$611324.41,11696502,CC
805,Don,Innocent,dinnocentmc@usda.gov,Male,$266087.92,583997037,CC
806,Vanny,Janusz,vjanuszmd@nymag.com,Female,$405193.50,324744800,PP
807,Bartolomeo,McCaw,bmccawme@gravatar.com,Male,$567134.82,653086349,IT
808,Ashley,Ewer,aewermf@nba.com,Male,$809890.89,383125186,IT
809,Morton,Boughton,mboughtonmg@opensource.org,Male,$675051.44,342997274,CC
810,Robin,Deegin,rdeeginmh@guardian.co.uk,Female,$587635.63,759360287,IT
811,Brandon,Jorden,bjordenmi@umich.edu,Male,$730797.22,1040451277,PP
812,Shaylynn,Note,snotemj@yellowbook.com,Female,$368687.79,231072278,PP
813,Cynthia,Garmans,cgarmansmk@indiatimes.com,Female,$663499.60,339888954,IT
814,Carlo,Sperski,csperskiml@slate.com,Male,$247480.43,185775934,IT
815,Nicoli,Itzhaiek,nitzhaiekmm@nbcnews.com,Female,$437655.14,765316502,PP
816,Glenn,Feldstern,gfeldsternmn@gizmodo.com,Male,$773194.95,856729728,PP
817,Mahmud,Iseton,misetonmo@dell.com,Male,$481890.93,686677910,CC
818,Francoise,Phillins,fphillinsmp@technorati.com,Female,$969876.28,409721214,CC
819,Lindsay,Fortoun,lfortounmq@imdb.com,Female,$791184.58,744744176,PP
820,Elfie,Pawelek,epawelekmr@sun.com,Female,$915828.71,914272105,CC
821,Tobey,Collidge,tcollidgems@unc.edu,Female,$303991.65,702286644,PP
822,Kameko,Tomeo,ktomeomt@icq.com,Female,$426249.65,157240465,IT
823,Freemon,Duffield,fduffieldmu@washingtonpost.com,Male,$140026.11,737937774,PP
824,Cam,Skyrme,cskyrmemv@yellowbook.com,Male,$731503.46,500904008,CC
825,Gabriel,Llorens,gllorensmw@chron.com,Female,$363546.67,1006030050,IT
826,Fransisco,Freiburger,ffreiburgermx@addtoany.com,Male,$304080.61,139847587,PP
827,Dall,Le Marquis,dlemarquismy@vk.com,Male,$178348.43,68214203,PP
828,Abner,Chrystal,achrystalmz@slashdot.org,Male,$981998.67,1021526470,CC
829,Marlin,Impy,mimpyn0@addthis.com,Male,$919361.11,746192012,IT
830,Marchall,McFie,mmcfien1@tamu.edu,Male,$321112.34,698475509,CC
831,Gael,Senett,gsenettn2@tinyurl.com,Female,$709663.47,180138678,IT
832,Dacy,Dowle,ddowlen3@amazonaws.com,Female,$312645.37,563931448,PP
833,Durante,MacCallum,dmaccallumn4@paypal.com,Male,$872320.03,1041325236,PP
834,Tiffie,Menhenitt,tmenhenittn5@seattletimes.com,Female,$262662.08,41834474,CC
835,Melicent,Owthwaite,mowthwaiten6@geocities.com,Female,$893643.03,964486138,IT
836,Carey,Chuter,cchutern7@bbc.co.uk,Male,$900439.15,664048370,IT
837,Mollie,Foker,mfokern8@uiuc.edu,Female,$671022.45,726135584,CC
838,Sarajane,Highman,shighmann9@google.nl,Female,$458306.52,26831587,IT
839,Tan,Tufts,ttuftsna@lycos.com,Male,$620439.75,230346003,CC
840,Willem,Eshelby,weshelbynb@vimeo.com,Male,$744841.48,414447956,CC
841,Eugenio,Sutcliffe,esutcliffenc@friendfeed.com,Male,$231087.68,583623049,IT
842,Vicky,Franzman,vfranzmannd@seesaa.net,Female,$728901.79,389389218,PP
843,Brian,Foystone,bfoystonene@google.co.uk,Male,$405213.11,940967902,IT
844,Rex,Cowdroy,rcowdroynf@independent.co.uk,Male,$582934.74,146887222,PP
845,Mack,Bussetti,mbussetting@noaa.gov,Male,$204330.59,877120907,PP
846,Wandie,Burnitt,wburnittnh@cdc.gov,Female,$325152.45,550597527,PP
847,Amber,Utton,auttonni@topsy.com,Female,$721880.78,382100893,CC
848,Pegeen,Croston,pcrostonnj@forbes.com,Female,$692983.89,622810464,PP
849,Alisa,Bagshawe,abagshawenk@illinois.edu,Female,$570041.63,880100352,PP
850,Nada,Itzkovitch,nitzkovitchnl@psu.edu,Female,$958265.84,479813197,CC
851,Dorthy,Gullefant,dgullefantnm@studiopress.com,Female,$920237.24,819767970,IT
852,Corabel,Sallarie,csallarienn@redcross.org,Female,$318204.71,263274075,IT
853,Gar,Crosseland,gcrosselandno@mlb.com,Male,$518171.16,513360003,CC
854,Seth,Blinco,sblinconp@mysql.com,Male,$738142.78,903207180,PP
855,Carri,Doey,cdoeynq@cyberchimps.com,Female,$805376.65,941583196,CC
856,Vinnie,Saffle,vsafflenr@delicious.com,Female,$486921.17,1039670201,IT
857,Jeffrey,Bordone,jbordonens@wired.com,Male,$251635.91,966857725,IT
858,Broddy,Richardson,brichardsonnt@gmpg.org,Male,$340429.49,836167903,CC
859,Anet,Fitzjohn,afitzjohnnu@indiatimes.com,Female,$279734.16,667212578,CC
860,Tomas,Covelle,tcovellenv@arizona.edu,Male,$485498.52,815220046,IT
861,Bethena,Custance,bcustancenw@gov.uk,Female,$333800.77,943804939,CC
862,Darb,Clarke-Williams,dclarkewilliamsnx@webeden.co.uk,Male,$108016.37,542528777,PP
863,Wilona,Shoppee,wshoppeeny@deviantart.com,Female,$624299.84,506452976,CC
864,Jenine,Harnell,jharnellnz@yahoo.co.jp,Female,$533303.67,301955029,PP
865,Ginevra,Starte,gstarteo0@nsw.gov.au,Female,$868009.39,787314931,IT
866,Boigie,Midden,bmiddeno1@clickbank.net,Male,$309055.54,717027405,CC
867,Emalia,Guy,eguyo2@opera.com,Female,$388136.68,963597012,IT
868,Rolf,Schistl,rschistlo3@illinois.edu,Male,$153787.50,332390532,IT
869,Carina,Desquesnes,cdesquesneso4@skyrock.com,Female,$757068.71,743505757,IT
870,Herb,Belch,hbelcho5@seesaa.net,Male,$329561.28,228180847,PP
871,Ellyn,Steart,estearto6@craigslist.org,Female,$509324.65,909789946,IT
872,Richmound,Walsh,rwalsho7@furl.net,Male,$605952.44,1045384997,CC
873,Griz,Romaines,gromaineso8@homestead.com,Male,$568454.71,341608342,CC
874,Maryann,Aslet,masleto9@w3.org,Female,$712416.55,381600089,PP
875,Ive,Ambage,iambageoa@aboutads.info,Male,$212911.77,214943589,PP
876,Judith,Orrum,jorrumob@github.com,Female,$879619.33,801567995,IT
877,Uriah,Wennam,uwennamoc@flavors.me,Male,$706432.14,165784300,PP
878,Dar,Tidman,dtidmanod@creativecommons.org,Male,$365601.65,293796717,IT
879,Reid,Armfirld,rarmfirldoe@google.com.au,Male,$142837.95,380626707,CC
880,Ernestine,Bemment,ebemmentof@zimbio.com,Female,$155840.28,830326801,IT
881,Yuma,Skamal,yskamalog@statcounter.com,Male,$946375.64,589938300,PP
882,Latashia,Haighton,lhaightonoh@wikipedia.org,Female,$802815.23,675196431,IT
883,Linzy,Blunderfield,lblunderfieldoi@squarespace.com,Female,$813613.86,930186966,CC
884,Junette,Emanulsson,jemanulssonoj@pcworld.com,Female,$813018.52,204306599,PP
885,Westbrook,Clerk,wclerkok@yellowpages.com,Male,$734926.96,977243368,IT
886,Kristyn,Glayzer,kglayzerol@theguardian.com,Female,$264167.31,66400235,PP
887,Randa,Mauchlen,rmauchlenom@nhs.uk,Female,$587904.01,333606771,IT
888,Yoshiko,O'Regan,yoreganon@patch.com,Female,$921011.46,952580628,IT
889,Zollie,Longmead,zlongmeadoo@123-reg.co.uk,Male,$193563.62,308818757,CC
890,Bing,Whitehorne,bwhitehorneop@mac.com,Male,$779141.87,712460042,IT
891,Heddie,Berth,hberthoq@slate.com,Female,$915371.07,685630876,IT
892,Nedi,Connealy,nconnealyor@uiuc.edu,Female,$646172.16,706534080,IT
893,Wyatt,Lantaff,wlantaffos@angelfire.com,Male,$689615.20,536399286,CC
894,Wyatt,Prout,wproutot@hibu.com,Male,$564057.45,1022720419,PP
895,Kamillah,Tille,ktilleou@addtoany.com,Female,$830169.54,365038558,CC
896,Pier,Murford,pmurfordov@bluehost.com,Female,$704084.90,460417829,IT
897,Nata,Harvie,nharvieow@hostgator.com,Female,$133963.24,550747619,PP
898,Ivett,Sponton,ispontonox@wufoo.com,Female,$766855.86,158289900,IT
899,Sigrid,Willerson,swillersonoy@cnet.com,Female,$800429.51,946266792,CC
900,Nikita,Halvorsen,nhalvorsenoz@ftc.gov,Male,$871642.78,651143404,IT
901,Sally,Elson,selsonp0@mediafire.com,Female,$955222.15,872814781,IT
902,Polly,Sharp,psharpp1@cbslocal.com,Female,$997954.90,359935641,CC
903,Waneta,Brownrigg,wbrownriggp2@zdnet.com,Female,$903114.86,547533674,CC
904,Ramsay,Passman,rpassmanp3@cdc.gov,Male,$506809.17,916262644,IT
905,Lew,Farrears,lfarrearsp4@barnesandnoble.com,Male,$632485.80,648148445,PP
906,Stirling,Physic,sphysicp5@shinystat.com,Male,$543808.83,996081633,CC
907,Hewitt,Dusting,hdustingp6@pagesperso-orange.fr,Male,$728453.01,112959049,IT
908,Georgie,Passby,gpassbyp7@a8.net,Female,$851035.11,929907157,IT
909,Lalo,Swansbury,lswansburyp8@tinyurl.com,Male,$670749.61,65781312,CC
910,Doria,Kinsey,dkinseyp9@economist.com,Female,$748267.67,377196995,IT
911,Jerry,Sell,jsellpa@craigslist.org,Male,$508523.02,811921842,PP
912,Dave,Girkin,dgirkinpb@comcast.net,Male,$906115.76,409003854,IT
913,Sol,McShirie,smcshiriepc@pinterest.com,Male,$501927.73,271270308,CC
914,Aldon,Pendlenton,apendlentonpd@delicious.com,Male,$289822.86,463861320,CC
915,Keenan,Glayzer,kglayzerpe@columbia.edu,Male,$148586.13,385312560,IT
916,Jyoti,Katzmann,jkatzmannpf@constantcontact.com,Female,$353718.34,59320708,CC
917,Jamie,Croux,jcrouxpg@1und1.de,Female,$910652.90,681956249,IT
918,Christan,Skynner,cskynnerph@europa.eu,Female,$327726.24,528888351,PP
919,Linc,Trees,ltreespi@theatlantic.com,Male,$594149.63,1018461235,IT
920,Sasha,Anespie,sanespiepj@linkedin.com,Female,$219735.91,194619130,CC
921,Eartha,Rottery,erotterypk@fotki.com,Female,$923321.93,1012499814,CC
922,Dalt,Yanshonok,dyanshonokpl@chicagotribune.com,Male,$222256.46,566768443,PP
923,Terrell,Rosendahl,trosendahlpm@youtube.com,Male,$702764.72,380367566,IT
924,Dyanne,Dodwell,ddodwellpn@simplemachines.org,Female,$367100.94,529114811,PP
925,Silvain,Oxbe,soxbepo@washington.edu,Male,$732838.37,1047193904,PP
926,Merle,Howden,mhowdenpp@cnbc.com,Female,$434516.87,472132057,PP
927,Luke,Minget,lmingetpq@tmall.com,Male,$999970.24,765877554,IT
928,Derk,Scanes,dscanespr@salon.com,Male,$220545.44,652339389,CC
929,Rikki,Bettanay,rbettanayps@bloglovin.com,Female,$683750.86,653495233,IT
930,Evin,Jeannequin,ejeannequinpt@ehow.com,Male,$524857.42,479593216,IT
931,Thorstein,Lonsbrough,tlonsbroughpu@wordpress.com,Male,$135773.28,58007401,IT
932,Martita,Bolino,mbolinopv@springer.com,Female,$143886.91,117700695,CC
933,Kimberlyn,Gatherer,kgathererpw@kickstarter.com,Female,$659376.81,321908158,CC
934,Moyra,Battaille,mbattaillepx@amazon.com,Female,$321694.61,460675091,IT
935,Ryon,Hallex,rhallexpy@flickr.com,Male,$252754.08,486160711,PP
936,Nikolaus,Horburgh,nhorburghpz@shinystat.com,Male,$168871.20,934025456,IT
937,Sydney,Rands,srandsq0@wikia.com,Female,$418590.45,23328712,CC
938,Cleveland,Wyldish,cwyldishq1@dell.com,Male,$656694.02,1006101680,PP
939,Dory,Climance,dclimanceq2@sina.com.cn,Male,$423103.03,324492285,CC
940,Barby,Craddy,bcraddyq3@ustream.tv,Female,$309816.24,229449021,CC
941,Mart,Bolin,mbolinq4@dmoz.org,Male,$952398.60,76759241,CC
942,Solly,Kingscote,skingscoteq5@chicagotribune.com,Male,$181430.43,714483587,PP
943,Bronson,Barwood,bbarwoodq6@fc2.com,Male,$543349.75,1044039635,CC
944,Cristy,Bourdis,cbourdisq7@bandcamp.com,Female,$254053.08,724394393,PP
945,Addie,O'Shiel,aoshielq8@4shared.com,Male,$136161.11,846867010,CC
946,Marcos,Waything,mwaythingq9@example.com,Male,$740596.96,126980210,IT
947,Kirby,Swaden,kswadenqa@ucoz.com,Female,$260471.94,316967374,PP
948,Anselm,Passler,apasslerqb@marketwatch.com,Male,$342869.14,514539676,PP
949,Wit,Rudloff,wrudloffqc@live.com,Male,$432156.69,824554595,CC
950,Philbert,Gernier,pgernierqd@usnews.com,Male,$790569.48,858261489,CC
951,Leonora,Ormrod,lormrodqe@soup.io,Female,$413709.31,139875906,CC
952,Marjory,Hurworth,mhurworthqf@infoseek.co.jp,Female,$671585.50,60460653,CC
953,Sibyl,Lochead,slocheadqg@friendfeed.com,Female,$684524.38,520790889,CC
954,Nathanael,Corrie,ncorrieqh@xrea.com,Male,$203030.89,760399420,PP
955,Emile,Dorrian,edorrianqi@princeton.edu,Male,$314594.68,456475444,CC
956,Deedee,Eallis,deallisqj@umich.edu,Female,$561974.17,981855905,PP
957,Rubina,Blackaller,rblackallerqk@ebay.co.uk,Female,$566846.24,978331922,IT
958,Amelie,MacCawley,amaccawleyql@pagesperso-orange.fr,Female,$555502.24,359661259,PP
959,Lelia,Cartmail,lcartmailqm@domainmarket.com,Female,$196505.07,648371604,PP
960,Aliza,Cayton,acaytonqn@hexun.com,Female,$605051.52,70728624,IT
961,Clarette,Jacqueminot,cjacqueminotqo@mayoclinic.com,Female,$221980.59,837679254,PP
962,Bertrand,Rickson,bricksonqp@mashable.com,Male,$627400.59,156895606,IT
963,Nevins,Altamirano,naltamiranoqq@senate.gov,Male,$979004.03,818022442,PP
964,De witt,Feakins,dfeakinsqr@businessinsider.com,Male,$672046.25,842393668,IT
965,Vere,Files,vfilesqs@sphinn.com,Female,$809064.89,599069119,IT
966,Boonie,Ber,bberqt@diigo.com,Male,$770480.92,670361787,PP
967,Clemmie,Tweedle,ctweedlequ@angelfire.com,Female,$255715.12,247939280,CC
968,Cherish,Pre,cpreqv@nih.gov,Female,$565526.23,1030113867,PP
969,Seth,Ferns,sfernsqw@ucoz.ru,Male,$844081.58,249233666,CC
970,Cassey,McPaike,cmcpaikeqx@google.com.br,Female,$228537.80,828535314,IT
971,Waring,Reeman,wreemanqy@instagram.com,Male,$434887.63,794761288,IT
972,Barth,Dumbar,bdumbarqz@icio.us,Male,$569540.67,7853805,CC
973,Cyrillus,Millsap,cmillsapr0@zdnet.com,Male,$531341.46,953071520,CC
974,Isa,Pipes,ipipesr1@imageshack.us,Male,$880829.82,496777637,PP
975,Carmela,Jodkowski,cjodkowskir2@netscape.com,Female,$578364.90,590473216,IT
976,Martguerita,Rogans,mrogansr3@tumblr.com,Female,$256030.10,731955622,PP
977,Tore,Gillanders,tgillandersr4@theatlantic.com,Male,$675871.56,835277490,PP
978,Bartholemy,Vaissiere,bvaissierer5@simplemachines.org,Male,$367684.14,41425351,PP
979,Kathi,Schwaiger,kschwaigerr6@tinypic.com,Female,$676663.88,344129556,IT
980,Dall,Lovelady,dloveladyr7@who.int,Male,$956251.53,684388223,CC
981,Sargent,Uppett,suppettr8@etsy.com,Male,$547600.48,548837540,IT
982,Lorilyn,Storie,lstorier9@vkontakte.ru,Female,$340557.62,927157720,CC
983,Denney,Kaspar,dkasparra@infoseek.co.jp,Male,$511534.45,470287039,CC
984,Glenden,Marklin,gmarklinrb@marriott.com,Male,$414849.68,98683367,PP
985,Alley,Wash,awashrc@blogger.com,Male,$123333.98,981327986,CC
986,Vinny,Vanne,vvannerd@china.com.cn,Female,$293662.61,731351682,PP
987,Tiffany,Gosby,tgosbyre@ft.com,Female,$364521.57,784775458,PP
988,Lolly,Haquard,lhaquardrf@google.com.hk,Female,$760620.67,1009187888,IT
989,Doris,Pourveer,dpourveerrg@soundcloud.com,Female,$523258.19,389506291,IT
990,Claiborne,Jore,cjorerh@naver.com,Male,$207862.31,467146705,IT
991,Abran,Keelin,akeelinri@wordpress.com,Male,$983592.95,987215903,PP
992,Lindsy,Terese,ltereserj@weather.com,Female,$433573.40,1015847006,IT
993,Tasia,Lamar,tlamarrk@youku.com,Female,$424697.80,45105097,PP
994,Aubrette,Di Franceshci,adifranceshcirl@themeforest.net,Female,$440389.80,413884818,CC
995,Juliann,Pusill,jpusillrm@microsoft.com,Female,$210789.37,924410313,PP
996,Tonye,Refford,treffordrn@ocn.ne.jp,Female,$145714.54,234497963,PP
997,Dalila,Buffey,dbuffeyro@gmpg.org,Female,$159220.83,738422908,IT
998,Any,Fearns,afearnsrp@dagondesign.com,Male,$469156.80,935460341,PP
999,Barnard,Sissland,bsisslandrq@arizona.edu,Male,$307679.52,531333538,IT
1000,Maryl,Djokovic,mdjokovicrr@hugedomains.com,Female,$633041.64,689709771,IT
