id,nombre,apellido,email,genero,valor_tx,numero_identificacion,tipo_identificacion
1,Claudie,Wanjek,cwanjek0@blog.com,Female,$942685.39,45809058,CC
2,Alys,Lytton,alytton1@networkadvertising.org,Female,$434693.48,611607601,IT
3,Pearle,Nern,pnern2@stumbleupon.com,Female,$175698.80,656812545,CC
4,Glen,Maymand,gmaymand3@dailymotion.com,Female,$208160.74,234071123,IT
5,Delbert,Ondrak,dondrak4@unblog.fr,Male,$107719.35,604466829,PP
6,Thornton,Cunniffe,tcunniffe5@networkadvertising.org,Male,$939649.59,986396192,IT
7,Christiana,Beverstock,cbeverstock6@ucsd.edu,Female,$653231.74,174447451,IT
8,Bartholomeo,Dron,bdron7@pen.io,Male,$533900.73,539182566,PP
9,Prince,Rijkeseis,prijkeseis8@mtv.com,Male,$195147.86,1016074861,CC
10,Malynda,Longman,mlongman9@qq.com,Female,$457577.43,45283057,CC
11,Roddie,Ordidge,rordidgea@yolasite.com,Male,$593885.81,122683156,PP
12,Leela,Heskins,lheskinsb@shinystat.com,Female,$853253.07,241347071,PP
13,Terry,O'Codihie,tocodihiec@g.co,Male,$591105.78,1030958743,CC
14,Thoma,Girkin,tgirkind@topsy.com,Male,$560150.67,450849481,PP
15,Delaney,McNirlan,dmcnirlane@squarespace.com,Male,$913013.80,304787189,PP
16,Benny,Boch,bbochf@google.cn,Female,$518310.79,179569510,IT
17,Iain,Stroud,istroudg@networksolutions.com,Male,$878149.57,934978596,IT
18,Minerva,Dunmore,mdunmoreh@t.co,Female,$312279.95,170348585,PP
19,Obadiah,Creyke,ocreykei@people.com.cn,Male,$623818.46,175568774,CC
20,Moss,McGrady,mmcgradyj@howstuffworks.com,Male,$736979.39,580736002,CC
21,Fleur,Barnsley,fbarnsleyk@storify.com,Female,$286331.64,778491202,CC
22,Pammy,Mattke,pmattkel@craigslist.org,Female,$247701.37,402203194,PP
23,Bo,Reubens,breubensm@adobe.com,Male,$238436.27,840660975,IT
24,Quincy,Paxton,qpaxtonn@tuttocitta.it,Male,$687987.06,242821722,IT
25,Marcela,Burditt,mburditto@stumbleupon.com,Female,$868001.98,427466916,CC
26,Shay,Blanchard,sblanchardp@e-recht24.de,Male,$603640.31,464864431,IT
27,Tye,Billyard,tbillyardq@shop-pro.jp,Male,$345519.14,611965949,PP
28,Audi,Fleetwood,afleetwoodr@goo.gl,Female,$800152.02,615850722,CC
29,Holly,Clethro,hclethros@ox.ac.uk,Male,$755579.73,429890213,IT
30,Candra,Emanueli,cemanuelit@barnesandnoble.com,Female,$958237.34,632614069,PP
31,Charla,McCall,cmccallu@nationalgeographic.com,Female,$859907.99,377105116,CC
32,Vevay,Nund,vnundv@so-net.ne.jp,Female,$666645.51,111805033,PP
33,Talbot,Cure,tcurew@ucoz.com,Male,$533727.17,867399686,IT
34,Rustin,Wiggam,rwiggamx@princeton.edu,Male,$464781.41,593480301,CC
35,Mechelle,Gowlett,mgowletty@1und1.de,Female,$667698.52,767006675,CC
36,Shel,Martijn,smartijnz@e-recht24.de,Female,$589026.61,99634418,PP
37,Lutero,Gabbitas,lgabbitas10@un.org,Male,$496022.82,376481722,CC
38,Scotty,Brantl,sbrantl11@thetimes.co.uk,Male,$947599.70,321292239,IT
39,Debra,Tother,dtother12@buzzfeed.com,Female,$804885.64,291107233,CC
40,Milli,Ragg,mragg13@telegraph.co.uk,Female,$243886.67,96148683,PP
41,Cam,Fisher,cfisher14@goo.gl,Male,$807118.12,162209658,CC
42,Lucias,Halfpenny,lhalfpenny15@reverbnation.com,Male,$719328.77,599360294,PP
43,Salim,O'Sharry,sosharry16@disqus.com,Male,$687922.42,288913789,PP
44,Belita,Pedrazzi,bpedrazzi17@hugedomains.com,Female,$560204.71,826207500,PP
45,Dorena,Raubenheim,draubenheim18@google.cn,Female,$935078.35,74875750,IT
46,Kellie,Tullis,ktullis19@google.com.br,Female,$272651.39,890530868,IT
47,Pietro,Nield,pnield1a@spiegel.de,Male,$441980.70,136090653,CC
48,Randi,Gilbey,rgilbey1b@constantcontact.com,Male,$190267.53,448662275,PP
49,Judie,Jecock,jjecock1c@senate.gov,Female,$195539.29,268505066,PP
50,Lu,Wyllt,lwyllt1d@cpanel.net,Female,$398428.71,263215125,CC
51,Gilbert,Wildt,gwildt1e@independent.co.uk,Male,$571876.57,23267180,IT
52,Roxie,Stooders,rstooders1f@cafepress.com,Female,$577377.49,31909094,IT
53,Phaidra,Beyn,pbeyn1g@netscape.com,Female,$387332.19,455368898,IT
54,Valma,Jaeggi,vjaeggi1h@miibeian.gov.cn,Female,$691512.51,466289221,PP
55,Kathleen,Purchall,kpurchall1i@barnesandnoble.com,Female,$426213.90,847139150,PP
56,Farlie,Pozzi,fpozzi1j@twitpic.com,Male,$736093.79,469914877,PP
57,Magdalena,Odlin,modlin1k@cmu.edu,Female,$959032.46,142342906,CC
58,Eran,Streatfeild,estreatfeild1l@samsung.com,Female,$261913.03,133503237,IT
59,Betty,Wellington,bwellington1m@woothemes.com,Female,$712487.49,721693366,CC
60,Alexandro,Ugo,augo1n@youtu.be,Male,$127300.18,1034178714,IT
61,Rosita,Goldstraw,rgoldstraw1o@ed.gov,Female,$133138.85,133254666,PP
62,Benson,Wells,bwells1p@tripod.com,Male,$492465.83,113899804,PP
63,Hinda,Townend,htownend1q@ow.ly,Female,$308238.80,584949824,IT
64,Ottilie,Breston,obreston1r@networkadvertising.org,Female,$804576.52,642388637,CC
65,Tailor,Haddon,thaddon1s@tamu.edu,Male,$895868.39,12897147,CC
66,Martin,Dieton,mdieton1t@pagesperso-orange.fr,Male,$542288.82,411715364,CC
67,Rafael,Smurfitt,rsmurfitt1u@mapquest.com,Male,$120686.51,533293215,IT
68,Cleon,Fathers,cfathers1v@independent.co.uk,Male,$521058.50,272101067,PP
69,Rubin,Zimmermanns,rzimmermanns1w@photobucket.com,Male,$586032.19,514871147,PP
70,Priscella,Delong,pdelong1x@chronoengine.com,Female,$864736.79,449160418,IT
71,Prisca,Steed,psteed1y@washingtonpost.com,Female,$386362.13,264150432,CC
72,Tammie,Duckinfield,tduckinfield1z@cyberchimps.com,Male,$912296.93,369714287,IT
73,Ottilie,Ringsell,oringsell20@sbwire.com,Female,$717481.39,822491500,IT
74,Trevar,Suett,tsuett21@army.mil,Male,$582382.38,272820038,CC
75,Free,Kneath,fkneath22@mediafire.com,Male,$739584.34,29197740,PP
76,Winona,Whittlesee,wwhittlesee23@ucoz.com,Female,$582577.20,19775064,IT
77,Tucky,Haysham,thaysham24@imgur.com,Male,$360856.62,452325959,IT
78,Serge,Halfpenny,shalfpenny25@goodreads.com,Male,$264589.81,711408674,PP
79,Irving,Coverley,icoverley26@free.fr,Male,$746626.40,277068210,CC
80,Ailis,Pankhurst.,apankhurst27@wired.com,Female,$246089.00,218583751,CC
81,Casper,Handling,chandling28@narod.ru,Male,$919574.22,778399430,IT
82,Orrin,Currie,ocurrie29@feedburner.com,Male,$269168.81,544096998,CC
83,Sadella,Bonelle,sbonelle2a@sina.com.cn,Female,$430172.74,710715032,IT
84,Breanne,Blanking,bblanking2b@house.gov,Female,$143673.86,971339773,PP
85,Tamara,Order,torder2c@cnn.com,Female,$859287.30,1009809659,IT
86,Fleming,Braxay,fbraxay2d@state.tx.us,Male,$234024.38,628787888,IT
87,Cly,Andrzej,candrzej2e@newyorker.com,Male,$711854.06,516532120,IT
88,Drud,Carloni,dcarloni2f@washingtonpost.com,Male,$451956.35,660974726,IT
89,Abraham,Casement,acasement2g@sun.com,Male,$580437.25,522392212,PP
90,Hallsy,Petrescu,hpetrescu2h@wikipedia.org,Male,$425164.59,315178769,CC
91,Colas,Ortsmann,cortsmann2i@weather.com,Male,$176412.58,212043653,PP
92,Brena,Fuzzens,bfuzzens2j@google.it,Female,$229092.93,139863664,PP
93,Esma,Porte,eporte2k@ucoz.com,Female,$843568.27,417990712,IT
94,Witty,Beamish,wbeamish2l@multiply.com,Male,$190932.76,574932835,PP
95,Coretta,Macer,cmacer2m@symantec.com,Female,$883647.11,818101743,CC
96,Kingsley,Fontenot,kfontenot2n@uol.com.br,Male,$649291.55,257998923,IT
97,Ferdy,Medway,fmedway2o@slate.com,Male,$510024.51,686255395,PP
98,Augustine,McReath,amcreath2p@jigsy.com,Female,$167120.10,978081357,PP
99,Ode,Ricco,oricco2q@cloudflare.com,Male,$476637.91,733684266,PP
100,Renata,Eveque,reveque2r@whitehouse.gov,Female,$667493.95,311727001,PP
101,Burtie,Maciocia,bmaciocia2s@desdev.cn,Male,$415579.02,649627967,CC
102,Adrianne,Belfelt,abelfelt2t@rediff.com,Female,$582614.19,904535621,PP
103,Esmaria,Bubbins,ebubbins2u@yale.edu,Female,$280453.58,205270109,PP
104,Fran,Testin,ftestin2v@multiply.com,Male,$530825.63,786952356,IT
105,Ethelyn,Maddrah,emaddrah2w@1688.com,Female,$682931.44,40154503,CC
106,Xena,Kingcott,xkingcott2x@smugmug.com,Female,$642963.42,781788277,CC
107,Lindsy,Sitch,lsitch2y@artisteer.com,Female,$947683.15,964408449,CC
108,Immanuel,Trippack,itrippack2z@bloglines.com,Male,$999962.73,259002894,CC
109,Chane,Dibbert,cdibbert30@ycombinator.com,Male,$251575.12,801892309,IT
110,Abba,Brasseur,abrasseur31@bing.com,Male,$194674.58,787618626,PP
111,Gayle,Smithin,gsmithin32@spiegel.de,Female,$583966.89,935986012,IT
112,Serene,Stevings,sstevings33@printfriendly.com,Female,$800309.94,203763586,PP
113,Alwin,Belson,abelson34@yelp.com,Male,$299891.32,639578094,IT
114,Norman,Ferrarello,nferrarello35@cnbc.com,Male,$720568.80,632717570,CC
115,Sharai,Tween,stween36@forbes.com,Female,$483923.79,833322423,IT
116,Arri,Hackelton,ahackelton37@sourceforge.net,Male,$641775.77,411514581,CC
117,Tanhya,MacGregor,tmacgregor38@theguardian.com,Female,$133801.77,50633228,PP
118,Lucita,Versey,lversey39@discovery.com,Female,$128883.94,848670273,CC
119,Lucius,Walley,lwalley3a@seattletimes.com,Male,$873800.42,677564737,PP
120,Marieann,Bentley,mbentley3b@cafepress.com,Female,$410153.56,442099404,CC
121,Alejandrina,Moxstead,amoxstead3c@mail.ru,Female,$895362.15,338933300,CC
122,Nonnah,Bloschke,nbloschke3d@amazon.de,Female,$121419.99,360911745,PP
123,Erhart,Janouch,ejanouch3e@domainmarket.com,Male,$598882.22,571004940,CC
124,Whitby,Jellett,wjellett3f@artisteer.com,Male,$160801.26,24116645,PP
125,Berte,Bradnick,bbradnick3g@msu.edu,Female,$180871.93,312303622,IT
126,Kial,Karel,kkarel3h@usnews.com,Female,$269730.39,30311757,CC
127,Leyla,Samber,lsamber3i@github.io,Female,$944337.42,497633237,CC
128,Cherey,Ewen,cewen3j@etsy.com,Female,$684299.01,1029531861,CC
129,Hadlee,Mularkey,hmularkey3k@youtube.com,Male,$527608.88,81406916,PP
130,Kristo,Pleaden,kpleaden3l@quantcast.com,Male,$683952.64,729946162,IT
131,Vladamir,MacTurlough,vmacturlough3m@hatena.ne.jp,Male,$771510.74,571118696,PP
132,Rollins,Westnage,rwestnage3n@addtoany.com,Male,$550695.13,496536456,CC
133,Gisella,Lavens,glavens3o@t.co,Female,$879596.02,594013343,PP
134,Shawn,Beachamp,sbeachamp3p@myspace.com,Female,$270541.19,402972776,CC
135,Urban,Mackieson,umackieson3q@boston.com,Male,$244757.85,631366614,IT
136,Casar,Cheater,ccheater3r@alibaba.com,Male,$322519.14,916510696,IT
137,Giavani,Tollmache,gtollmache3s@themeforest.net,Male,$137658.95,916257377,IT
138,Quintus,Gristock,qgristock3t@qq.com,Male,$448300.37,291947554,IT
139,Brenn,McGowran,bmcgowran3u@a8.net,Female,$817506.57,677476717,CC
140,Noah,Witherbed,nwitherbed3v@macromedia.com,Male,$913430.21,114629795,CC
141,Aube,Gunderson,agunderson3w@wp.com,Male,$897063.34,229920632,CC
142,Natty,Doni,ndoni3x@wikispaces.com,Male,$945145.83,721289140,IT
143,Brooks,Loveredge,bloveredge3y@usgs.gov,Male,$857929.60,425157679,PP
144,Coretta,Sams,csams3z@msn.com,Female,$216696.07,771831560,CC
145,Marisa,Motton,mmotton40@squarespace.com,Female,$671096.02,585911930,PP
146,Sylas,Gatecliff,sgatecliff41@reuters.com,Male,$666961.70,423694011,CC
147,Willetta,Landis,wlandis42@baidu.com,Female,$304249.94,614514576,IT
148,Cirilo,Cready,ccready43@chronoengine.com,Male,$224649.86,153571336,IT
149,Bobinette,Gostall,bgostall44@hibu.com,Female,$606243.34,247314313,IT
150,Leontine,Northfield,lnorthfield45@weebly.com,Female,$198129.23,243387137,CC
151,Udell,Portriss,uportriss46@jiathis.com,Male,$314226.16,233800692,PP
152,Hortensia,Innman,hinnman47@msn.com,Female,$910852.36,595342680,CC
153,Gal,Pimme,gpimme48@xing.com,Male,$768387.01,801333218,PP
154,Reidar,Rennox,rrennox49@mapquest.com,Male,$390345.74,923046974,CC
155,Alexi,Shenton,ashenton4a@weebly.com,Female,$274140.61,311941279,CC
156,Bay,Kobiera,bkobiera4b@ycombinator.com,Male,$279276.54,988713709,PP
157,Ailis,Leonarde,aleonarde4c@tripadvisor.com,Female,$829994.56,576628574,PP
158,Aeriel,Joiris,ajoiris4d@seesaa.net,Female,$104709.66,1038180907,IT
159,Lester,Sivier,lsivier4e@wikispaces.com,Male,$759234.84,631931317,CC
160,Dacia,Tanzer,dtanzer4f@cdbaby.com,Female,$790939.49,227848105,IT
161,Titus,Frizell,tfrizell4g@japanpost.jp,Male,$172646.16,35085250,PP
162,Toinette,Holmyard,tholmyard4h@dedecms.com,Female,$908990.52,1001411392,CC
163,Christy,Knights,cknights4i@google.de,Male,$644922.06,1017138413,IT
164,Giustino,Sneezem,gsneezem4j@stumbleupon.com,Male,$394017.71,372700390,CC
165,Shep,Aickin,saickin4k@flickr.com,Male,$110982.23,468412007,PP
166,Elfreda,Blackbourn,eblackbourn4l@booking.com,Female,$659171.08,52982335,CC
167,Fergus,Brice,fbrice4m@tuttocitta.it,Male,$176986.72,420461567,CC
168,Pearce,Nanuccioi,pnanuccioi4n@devhub.com,Male,$534884.29,381428885,PP
169,Maxy,Moakson,mmoakson4o@arizona.edu,Female,$791236.31,542396482,CC
170,Paddy,Ghidetti,pghidetti4p@dedecms.com,Male,$402480.04,148805887,PP
171,Jackquelin,Kibbel,jkibbel4q@360.cn,Female,$984382.86,123372489,PP
172,Lazar,Fairtlough,lfairtlough4r@wordpress.org,Male,$892985.06,881455041,CC
173,Riordan,Mc Carroll,rmccarroll4s@aboutads.info,Male,$705403.89,490201737,PP
174,Conan,Barkas,cbarkas4t@mit.edu,Male,$372782.78,675226934,PP
175,Locke,Westphalen,lwestphalen4u@shareasale.com,Male,$931083.90,476031930,CC
176,Austina,Slateford,aslateford4v@google.co.jp,Female,$108884.70,957006280,PP
177,Simon,Sabater,ssabater4w@microsoft.com,Male,$658063.89,861071713,PP
178,Nevins,Toten,ntoten4x@sciencedirect.com,Male,$737493.56,367445739,PP
179,Roobbie,Baskeyfied,rbaskeyfied4y@miitbeian.gov.cn,Female,$357433.73,926594028,PP
180,Dione,Rowe,drowe4z@msu.edu,Female,$160513.06,530412359,CC
181,Chip,Redwing,credwing50@blogger.com,Male,$533177.09,736712110,IT
182,Niel,Maplethorp,nmaplethorp51@slashdot.org,Male,$590770.27,370454691,PP
183,Dougy,Adaway,dadaway52@foxnews.com,Male,$366013.55,329745369,CC
184,Angel,Stolworthy,astolworthy53@digg.com,Female,$806959.69,449692452,CC
185,Matthias,Cardenas,mcardenas54@oracle.com,Male,$827034.30,377598311,PP
186,Ash,Thirwell,athirwell55@craigslist.org,Male,$819938.23,75348712,CC
187,Foster,Gambell,fgambell56@mediafire.com,Male,$309095.57,636667279,PP
188,Thane,Varnes,tvarnes57@printfriendly.com,Male,$306382.22,35638334,CC
189,Krisha,Sheara,ksheara58@mashable.com,Male,$437955.17,117691949,CC
190,Ora,Loftie,oloftie59@instagram.com,Female,$296090.65,474261076,IT
191,Franchot,McIllroy,fmcillroy5a@buzzfeed.com,Male,$810826.90,342289429,CC
192,Richy,Matheson,rmatheson5b@clickbank.net,Male,$892752.65,312829763,CC
193,Cassondra,Cully,ccully5c@gizmodo.com,Female,$174447.30,174318605,PP
194,Neile,Drewet,ndrewet5d@moonfruit.com,Female,$540292.33,163760035,PP
195,Bronny,Suart,bsuart5e@seattletimes.com,Male,$883624.96,418173248,PP
196,Quinn,Pawlicki,qpawlicki5f@mlb.com,Male,$498501.38,38498406,PP
197,Lazaro,Jahan,ljahan5g@naver.com,Male,$815812.74,743968324,PP
198,Andy,Fawlks,afawlks5h@imdb.com,Male,$895549.69,619256893,IT
199,Jules,Pauel,jpauel5i@amazon.de,Male,$525023.84,702069231,IT
200,Blythe,O'Riordan,boriordan5j@mac.com,Female,$614379.39,670490595,CC
201,Lamar,Bernardotti,lbernardotti5k@networkadvertising.org,Male,$666683.59,18168209,PP
202,Vin,Defries,vdefries5l@hugedomains.com,Female,$380470.29,963288865,IT
203,Wolfie,Castellucci,wcastellucci5m@sbwire.com,Male,$656328.27,543018768,CC
204,Nichole,Ridsdole,nridsdole5n@twitter.com,Female,$142251.05,744798513,IT
205,Rhonda,Moth,rmoth5o@tamu.edu,Female,$367440.79,684103529,CC
206,Phillis,Ledner,pledner5p@unc.edu,Female,$362272.39,688040432,CC
207,Mignonne,Roffe,mroffe5q@pagesperso-orange.fr,Female,$782393.56,459230107,PP
208,Chelsey,Addie,caddie5r@nsw.gov.au,Female,$897074.89,700246005,CC
209,Gaye,Penvarden,gpenvarden5s@jiathis.com,Female,$777532.46,509048116,IT
210,Konstance,Jakeman,kjakeman5t@github.com,Female,$520610.93,93016671,PP
211,Thain,Slot,tslot5u@sogou.com,Male,$604239.30,551187919,PP
212,Gaspard,Cromblehome,gcromblehome5v@cocolog-nifty.com,Male,$147533.56,41361811,IT
213,Devora,O'Growgane,dogrowgane5w@homestead.com,Female,$284378.53,498512916,IT
214,Eldredge,Basilotta,ebasilotta5x@bravesites.com,Male,$331706.22,849859084,PP
215,Lucais,Webburn,lwebburn5y@eventbrite.com,Male,$603218.42,778097245,CC
216,Wynny,MacKain,wmackain5z@arizona.edu,Female,$439549.83,980896336,CC
217,Marcus,Blunn,mblunn60@bandcamp.com,Male,$673379.85,102978149,IT
218,Thalia,Hayers,thayers61@w3.org,Female,$764467.76,626119230,CC
219,Beltran,McGrorty,bmcgrorty62@123-reg.co.uk,Male,$367875.98,167766814,IT
220,Lise,Tippett,ltippett63@soundcloud.com,Female,$817341.86,725958722,IT
221,Lonnard,Okell,lokell64@shareasale.com,Male,$480414.49,842706446,IT
222,Jerald,Pledge,jpledge65@vkontakte.ru,Male,$594186.67,550101487,CC
223,Leon,Kindread,lkindread66@bloomberg.com,Male,$495698.40,502602074,IT
224,Berri,Limming,blimming67@blinklist.com,Female,$567392.13,725723191,IT
225,Gerty,Jerwood,gjerwood68@tumblr.com,Female,$307643.63,480948586,CC
226,Francisco,Yankeev,fyankeev69@blogtalkradio.com,Male,$560927.53,617698201,IT
227,Cly,Bunnell,cbunnell6a@mediafire.com,Male,$918880.54,83038808,CC
228,Leontyne,Belding,lbelding6b@baidu.com,Female,$824388.27,370829864,PP
229,Lemmie,Schimpke,lschimpke6c@state.gov,Male,$908681.34,264377651,CC
230,Hannis,Hamp,hhamp6d@vimeo.com,Female,$198190.32,538358718,PP
231,Sayer,Phare,sphare6e@webmd.com,Male,$486172.50,704403489,PP
232,Monika,Cranmore,mcranmore6f@home.pl,Female,$417588.07,195363551,PP
233,Dorey,Berrygun,dberrygun6g@microsoft.com,Male,$979101.63,821017846,IT
234,Keir,Dudding,kdudding6h@deliciousdays.com,Male,$455061.35,959914227,PP
235,Jaquenette,Papworth,jpapworth6i@netscape.com,Female,$302440.27,836964111,IT
236,Jennilee,Ivamy,jivamy6j@diigo.com,Female,$207080.48,731973570,IT
237,Joel,Kubin,jkubin6k@vinaora.com,Male,$538122.51,907692606,IT
238,Mina,Barukh,mbarukh6l@instagram.com,Female,$122526.53,908303180,CC
239,Derek,Braddock,dbraddock6m@networksolutions.com,Male,$408092.71,38853757,CC
240,Judye,Woolaghan,jwoolaghan6n@ihg.com,Female,$181620.79,884268237,IT
241,Jandy,Pitcaithley,jpitcaithley6o@biblegateway.com,Female,$887521.17,825543196,IT
242,Gerri,Shearer,gshearer6p@nytimes.com,Male,$936202.93,57431929,CC
243,Heidi,Rouch,hrouch6q@altervista.org,Female,$682613.43,900360063,IT
244,Jens,Follis,jfollis6r@webmd.com,Male,$268474.54,269760146,PP
245,Jocelyn,Kyngdon,jkyngdon6s@joomla.org,Female,$168732.40,804452172,PP
246,Katey,Mattiazzi,kmattiazzi6t@patch.com,Female,$882910.11,584115208,CC
247,Caryl,Jovasevic,cjovasevic6u@forbes.com,Female,$247216.35,230748721,CC
248,Nomi,Jolly,njolly6v@zimbio.com,Female,$608317.81,561190169,IT
249,Louie,Taylorson,ltaylorson6w@archive.org,Male,$335833.72,918224346,PP
250,Tuck,Hannent,thannent6x@shop-pro.jp,Male,$570312.66,753903150,CC
251,Guendolen,Ragge,gragge6y@fc2.com,Female,$443959.87,232179894,IT
252,Max,Antuoni,mantuoni6z@forbes.com,Male,$152784.88,515869306,PP
253,Selena,Bollom,sbollom70@kickstarter.com,Female,$613453.40,392017698,CC
254,Cy,Oseman,coseman71@feedburner.com,Male,$164802.91,830012662,IT
255,Elmore,Swinford,eswinford72@gnu.org,Male,$499997.56,720357644,CC
256,Caldwell,Malkie,cmalkie73@artisteer.com,Male,$298640.09,397105261,PP
257,Tiebout,Frogley,tfrogley74@bbb.org,Male,$197140.73,419816688,IT
258,Felicia,Rowbrey,frowbrey75@google.ru,Female,$898440.44,649340939,PP
259,Hendrika,Iannelli,hiannelli76@who.int,Female,$944311.02,74013087,PP
260,Ned,Scarce,nscarce77@ow.ly,Male,$187869.99,167382365,PP
261,Christy,Beggio,cbeggio78@clickbank.net,Male,$447693.54,571507586,CC
262,Karine,Top,ktop79@prnewswire.com,Female,$933146.00,430621645,CC
263,Germaine,Locard,glocard7a@sourceforge.net,Female,$774927.96,387385609,PP
264,Weber,Staniforth,wstaniforth7b@nsw.gov.au,Male,$552136.22,816252089,PP
265,Minor,McRill,mmcrill7c@newyorker.com,Male,$591019.22,850782662,PP
266,Phillip,Karby,pkarby7d@plala.or.jp,Male,$916485.28,299088784,CC
267,Marshall,Woan,mwoan7e@apache.org,Male,$634751.92,56887287,PP
268,Mohammed,Mackin,mmackin7f@go.com,Male,$176825.57,313422615,CC
269,Harmonie,Alejandro,halejandro7g@statcounter.com,Female,$481864.59,358828927,IT
270,Sadella,Folk,sfolk7h@cbsnews.com,Female,$616645.30,700066822,IT
271,Moe,Gallemore,mgallemore7i@nhs.uk,Male,$560766.89,654615578,PP
272,Lilla,Dacre,ldacre7j@admin.ch,Female,$149600.83,252500747,PP
273,Catharina,Carville,ccarville7k@altervista.org,Female,$877485.69,111209458,PP
274,Saxon,Ferrarese,sferrarese7l@cornell.edu,Male,$490295.33,740308562,CC
275,Trenna,Organer,torganer7m@issuu.com,Female,$354969.13,357206483,CC
276,Edgardo,Nickolls,enickolls7n@yolasite.com,Male,$235044.42,583537971,CC
277,Lorenzo,Ivchenko,livchenko7o@sun.com,Male,$604093.43,937630236,CC
278,Maxy,Spillett,mspillett7p@cafepress.com,Female,$739106.37,43663597,CC
279,Seumas,Smurfitt,ssmurfitt7q@google.ca,Male,$567190.26,660540646,IT
280,Sibeal,Renzini,srenzini7r@devhub.com,Female,$152039.69,159460573,IT
281,Joye,Fulstow,jfulstow7s@chicagotribune.com,Female,$642394.61,100293017,PP
282,Daron,Sinclair,dsinclair7t@sfgate.com,Female,$336997.63,470740027,CC
283,Sheree,Beauman,sbeauman7u@biglobe.ne.jp,Female,$779890.45,883118093,IT
284,Kyla,Foot,kfoot7v@gov.uk,Female,$287230.43,903064710,PP
285,Wilhelm,Tregoning,wtregoning7w@google.com.hk,Male,$992223.18,165053975,CC
286,Madalena,Topes,mtopes7x@blogs.com,Female,$421412.68,289942843,CC
287,Cullen,Daingerfield,cdaingerfield7y@list-manage.com,Male,$719473.61,813389804,PP
288,Dynah,Senescall,dsenescall7z@qq.com,Female,$370984.79,683389539,IT
289,Ashien,Malthouse,amalthouse80@cbsnews.com,Female,$199916.87,263958216,CC
290,Cortney,Jakeman,cjakeman81@webeden.co.uk,Female,$233797.28,954746755,CC
291,Nicolai,Van den Dael,nvandendael82@reverbnation.com,Male,$747513.85,737761532,IT
292,Kyle,Seddon,kseddon83@stumbleupon.com,Male,$812141.32,412249210,PP
293,Krishnah,Parsisson,kparsisson84@bluehost.com,Male,$336350.93,256438619,PP
294,Madel,Capstack,mcapstack85@biblegateway.com,Female,$147033.55,854409277,PP
295,Winslow,Burgne,wburgne86@mashable.com,Male,$648091.06,134173830,IT
296,Corie,Mithon,cmithon87@youtu.be,Female,$307692.20,511397313,IT
297,Sada,Westley,swestley88@si.edu,Female,$406589.23,903893407,CC
298,Shayna,Eddis,seddis89@wikipedia.org,Female,$564855.75,915705673,PP
299,Quintilla,Goodwin,qgoodwin8a@baidu.com,Female,$222753.33,449366716,CC
300,Devondra,Tremathick,dtremathick8b@istockphoto.com,Female,$281907.04,908915101,PP
301,Bernie,Stones,bstones8c@salon.com,Male,$393454.48,908890837,CC
302,Catlee,Holtaway,choltaway8d@loc.gov,Female,$944195.33,13090869,PP
303,Willie,Gainsford,wgainsford8e@go.com,Female,$466304.43,1011024637,PP
304,Candide,Smallpeice,csmallpeice8f@dailymotion.com,Female,$280685.76,241843897,PP
305,Sandye,Millichap,smillichap8g@baidu.com,Female,$586780.94,735181984,PP
306,Jocelyne,Turbern,jturbern8h@sciencedaily.com,Female,$660705.80,792024964,PP
307,Evangelina,Middle,emiddle8i@weibo.com,Female,$601948.97,42171509,PP
308,Winna,Kielty,wkielty8j@taobao.com,Female,$869304.95,784653759,IT
309,Del,Partridge,dpartridge8k@berkeley.edu,Female,$718920.34,264061545,IT
310,Chandra,Bickerstaffe,cbickerstaffe8l@weebly.com,Female,$696846.36,582672967,PP
311,Mordecai,Ortiga,mortiga8m@squarespace.com,Male,$103436.75,425277607,IT
312,Nicky,Dur,ndur8n@vk.com,Male,$536203.42,72903984,PP
313,Cacilia,Cluitt,ccluitt8o@pagesperso-orange.fr,Female,$670197.20,693690379,IT
314,Cecily,Scoon,cscoon8p@google.cn,Female,$409093.89,393067749,CC
315,Ramonda,Warlaw,rwarlaw8q@gravatar.com,Female,$555306.16,168358739,IT
316,Rhett,Verrillo,rverrillo8r@networksolutions.com,Male,$480091.72,983047238,PP
317,Winona,Leetham,wleetham8s@alexa.com,Female,$162861.24,469986387,CC
318,Fawnia,Janning,fjanning8t@army.mil,Female,$758725.52,664795727,CC
319,Alejandrina,Brunn,abrunn8u@nytimes.com,Female,$515739.40,724642248,PP
320,Rudyard,Gosalvez,rgosalvez8v@skyrock.com,Male,$605396.11,739182480,CC
321,Morgana,Puckey,mpuckey8w@google.nl,Female,$591480.30,1004054422,IT
322,Kipper,Tootell,ktootell8x@google.co.jp,Male,$459918.31,641270017,PP
323,Marleen,Olfert,molfert8y@yellowbook.com,Female,$393892.83,58734174,CC
324,Bethany,Romao,bromao8z@a8.net,Female,$416339.60,229897776,PP
325,Tomaso,Theakston,ttheakston90@smugmug.com,Male,$155411.90,927780010,PP
326,Jennie,Pyper,jpyper91@europa.eu,Female,$891338.81,978838494,CC
327,Burnaby,De Fraine,bdefraine92@edublogs.org,Male,$911377.53,861417356,PP
328,Eolanda,Mingard,emingard93@spotify.com,Female,$186748.79,799444715,CC
329,Cobbie,Blague,cblague94@google.co.uk,Male,$885077.94,355199387,CC
330,Loraine,Gaythor,lgaythor95@smh.com.au,Female,$903368.99,43358409,IT
331,Ethel,Maddison,emaddison96@engadget.com,Female,$128829.15,344673952,PP
332,Brady,Goullee,bgoullee97@scribd.com,Male,$904361.24,480422686,CC
333,Graeme,MacTerlagh,gmacterlagh98@godaddy.com,Male,$539909.09,859102769,CC
334,Wanda,Dannett,wdannett99@cnet.com,Female,$277650.51,996492074,PP
335,Edvard,Beechcraft,ebeechcraft9a@free.fr,Male,$408918.05,142184937,PP
336,Smitty,Decreuze,sdecreuze9b@joomla.org,Male,$460657.85,531722259,CC
337,Tobit,Fitzsimon,tfitzsimon9c@hostgator.com,Male,$272858.54,317576635,PP
338,Emilio,Biffen,ebiffen9d@gnu.org,Male,$139641.00,311977401,IT
339,Cam,Warrior,cwarrior9e@barnesandnoble.com,Female,$583068.27,992069179,CC
340,Datha,Vogl,dvogl9f@shinystat.com,Female,$995217.38,554886748,PP
341,Elliot,Francioli,efrancioli9g@shinystat.com,Male,$445708.11,989623522,CC
342,Brandy,Darke,bdarke9h@webnode.com,Female,$561731.26,337552416,CC
343,Libby,Mcimmie,lmcimmie9i@usatoday.com,Female,$800035.38,388284501,PP
344,Elsbeth,Pargent,epargent9j@mapy.cz,Female,$591734.88,984890407,PP
345,Virgina,Gallaway,vgallaway9k@icio.us,Female,$281104.99,120626837,PP
346,Xenia,Pavluk,xpavluk9l@state.gov,Female,$782787.34,1045081175,PP
347,Kelley,Pessler,kpessler9m@photobucket.com,Male,$741996.37,868525936,IT
348,Freeman,Ibarra,fibarra9n@clickbank.net,Male,$312333.99,412636965,IT
349,Heddi,Shepeard,hshepeard9o@gmpg.org,Female,$782867.86,177699817,CC
350,Kirby,Shine,kshine9p@columbia.edu,Male,$223573.51,672509925,PP
351,Maddie,Lidgley,mlidgley9q@wikispaces.com,Female,$439728.66,209341725,CC
352,Felix,Beaver,fbeaver9r@histats.com,Male,$818464.47,1040364328,IT
353,Warren,Alam,walam9s@amazon.com,Male,$144859.69,836187421,CC
354,Izak,Carles,icarles9t@ebay.com,Male,$715603.78,543541597,IT
355,Malanie,Macconaghy,mmacconaghy9u@house.gov,Female,$466798.58,527831896,PP
356,Clemente,Clemson,cclemson9v@pbs.org,Male,$421262.47,40943957,IT
357,Dredi,Deare,ddeare9w@fc2.com,Female,$552169.50,358122617,CC
358,Kelwin,Freund,kfreund9x@unc.edu,Male,$344894.68,204464387,IT
359,Urbain,Prier,uprier9y@alexa.com,Male,$685356.05,760836172,IT
360,Robinette,Ghelerdini,rghelerdini9z@dion.ne.jp,Female,$404360.66,158557051,IT
361,Catherin,Cranke,ccrankea0@live.com,Female,$523297.95,34167531,PP
362,Dean,Giovannacc@i,dgiovannaccia1@fastcompany.com,Male,$212971.27,478117010,IT
363,Emlyn,Tixier,etixiera2@ycombinator.com,Male,$524281.22,420859236,CC
364,Albertine,McGuire,amcguirea3@upenn.edu,Female,$533149.72,867560356,IT
365,Courtney,Sandry,csandrya4@liveinternet.ru,Male,$244331.60,73025042,PP
366,Oliver,Outhwaite,oouthwaitea5@sourceforge.net,Male,$198758.22,497817252,IT
367,Alfonso,Caughte,acaughtea6@google.co.jp,Male,$749365.56,425724473,IT
368,Birch,Belsey,bbelseya7@goo.ne.jp,Male,$423119.08,740010920,CC
369,Travus,Branni,tbrannia8@disqus.com,Male,$175854.82,579938210,CC
370,Tobin,Blakeslee,tblakesleea9@amazon.co.jp,Male,$136252.01,584943445,PP
371,Carrissa,Wyllis,cwyllisaa@multiply.com,Female,$557358.87,622894227,IT
372,Dede,Urrey,durreyab@plala.or.jp,Female,$288798.85,925387093,PP
373,Vanya,Whanstall,vwhanstallac@simplemachines.org,Female,$338379.02,483623101,PP
374,Barbaraanne,Guiver,bguiverad@fastcompany.com,Female,$740247.42,647800228,PP
375,Ewart,Wrightson,ewrightsonae@digg.com,Male,$819564.95,629102988,PP
376,Olenolin,Koppen,okoppenaf@chronoengine.com,Male,$812597.45,161457828,PP
377,Phillie,de Pinna,pdepinnaag@tumblr.com,Female,$320974.26,474806119,PP
378,Addi,Whittle,awhittleah@godaddy.com,Female,$475702.89,320866811,CC
379,Gardner,Thatcham,gthatchamai@springer.com,Male,$454844.04,229005498,PP
380,Moishe,Gorriessen,mgorriessenaj@booking.com,Male,$229090.21,183172059,CC
381,Brad,Shieldon,bshieldonak@altervista.org,Male,$503263.67,428916590,CC
382,Breena,Peeter,bpeeteral@usnews.com,Female,$912691.33,59909939,CC
383,Courtnay,Alvey,calveyam@edublogs.org,Male,$967006.61,479350514,PP
384,Mendy,Carlisso,mcarlissoan@berkeley.edu,Male,$791101.35,903675334,IT
385,Arlie,Lampbrecht,alampbrechtao@jimdo.com,Female,$996127.46,215208995,CC
386,Windham,Outlaw,woutlawap@networksolutions.com,Male,$134703.09,206449667,PP
387,Kora,Rearie,krearieaq@ovh.net,Female,$863787.98,368069975,PP
388,Jerrome,Gunning,jgunningar@tinyurl.com,Male,$329582.55,603410347,PP
389,Cristiano,Valdes,cvaldesas@google.es,Male,$141658.18,179457744,PP
390,Artur,Tasseler,atasselerat@bloglovin.com,Male,$335809.08,559794492,PP
391,Tiffany,Eveleigh,teveleighau@reddit.com,Female,$821010.11,363035668,IT
392,Dollie,Raven,dravenav@cbsnews.com,Female,$945026.55,358982519,PP
393,Aldo,Hogbourne,ahogbourneaw@wired.com,Male,$417343.12,313886950,CC
394,Ruben,Bolver,rbolverax@360.cn,Male,$296058.41,223830750,IT
395,Bee,Whitlow,bwhitloway@squidoo.com,Female,$408625.51,220548910,IT
396,Wilek,Masseo,wmasseoaz@pen.io,Male,$762687.12,677599090,PP
397,Fiorenze,Meddows,fmeddowsb0@who.int,Female,$782802.22,814928102,IT
398,Oralee,Yashaev,oyashaevb1@cnet.com,Female,$639929.20,242086285,IT
399,Dawna,Weller,dwellerb2@yale.edu,Female,$654891.60,969927991,PP
400,Emory,Crissil,ecrissilb3@g.co,Male,$288704.46,649441145,PP
401,Jeremias,Kubalek,jkubalekb4@ifeng.com,Male,$972515.25,129995694,CC
402,Perice,Murricanes,pmurricanesb5@sphinn.com,Male,$156024.84,108315449,CC
403,Saunders,Temlett,stemlettb6@rambler.ru,Male,$737761.36,1007230985,PP
404,Jarib,Bleackley,jbleackleyb7@slate.com,Male,$412448.03,369868246,IT
405,Duane,Cadore,dcadoreb8@gov.uk,Male,$827901.17,163401495,IT
406,Nita,Cornelius,ncorneliusb9@gmpg.org,Female,$172795.06,305364345,IT
407,Karla,Wainscot,kwainscotba@biglobe.ne.jp,Female,$669516.04,32703849,PP
408,Kata,Allawy,kallawybb@hexun.com,Female,$665341.82,812855306,PP
409,Ynez,Bullerwell,ybullerwellbc@ameblo.jp,Female,$785529.67,1040562202,IT
410,Verla,Laird,vlairdbd@amazon.co.jp,Female,$743602.12,817170919,PP
411,Cleveland,Habishaw,chabishawbe@tinypic.com,Male,$913990.31,331111151,CC
412,Tymothy,Wakely,twakelybf@wufoo.com,Male,$273598.45,782873392,IT
413,Baxter,Terese,bteresebg@paginegialle.it,Male,$982979.45,888514461,IT
414,Chelsea,Deppe,cdeppebh@dyndns.org,Female,$222615.24,962326461,IT
415,Margarete,Dibden,mdibdenbi@rediff.com,Female,$504899.56,410540968,IT
416,Shermy,O'Hartnett,sohartnettbj@reverbnation.com,Male,$226361.17,402097889,IT
417,Wilt,Guillot,wguillotbk@sitemeter.com,Male,$367072.90,706613149,CC
418,Thayne,Mc Dermid,tmcdermidbl@umich.edu,Male,$991174.43,34211015,PP
419,Tybi,Kester,tkesterbm@arstechnica.com,Female,$728720.57,851037693,PP
420,Mindy,Postin,mpostinbn@pcworld.com,Female,$397768.31,598992118,CC
421,Chris,Wainer,cwainerbo@scientificamerican.com,Male,$685719.86,908798461,IT
422,Kahaleel,Chesney,kchesneybp@ucoz.ru,Male,$709405.94,99836753,CC
423,Otha,Easbie,oeasbiebq@wikimedia.org,Female,$397753.78,929681615,CC
424,Izaak,Ricciardi,iricciardibr@photobucket.com,Male,$290986.50,300644638,IT
425,Carina,Stonier,cstonierbs@ebay.co.uk,Female,$572817.28,357961322,PP
426,Frans,Dahle,fdahlebt@ucoz.com,Male,$273528.57,557606207,CC
427,Katharina,Freckingham,kfreckinghambu@webs.com,Female,$613550.50,653612058,PP
428,Isidoro,Culcheth,iculchethbv@psu.edu,Male,$975637.17,724090732,IT
429,Bourke,Raffels,braffelsbw@naver.com,Male,$817123.65,275021210,CC
430,Martino,Mucillo,mmucillobx@washington.edu,Male,$361896.69,190945274,CC
431,Randene,Rogger,rroggerby@fc2.com,Female,$959062.47,113115609,PP
432,Bondie,McCutheon,bmccutheonbz@slate.com,Male,$221952.69,70275923,IT
433,Rodolfo,Cowcha,rcowchac0@live.com,Male,$193123.37,323124343,CC
434,Alberik,Bootes,abootesc1@admin.ch,Male,$838350.10,566635743,PP
435,Mella,Pachmann,mpachmannc2@yolasite.com,Female,$702497.70,452299018,IT
436,Salomi,Pellamont,spellamontc3@typepad.com,Female,$352794.84,442795248,CC
437,Martie,Torpie,mtorpiec4@adobe.com,Female,$773046.38,1032731389,CC
438,Gunar,Buckeridge,gbuckeridgec5@nymag.com,Male,$595726.05,669991528,CC
439,Anthea,McFadzean,amcfadzeanc6@nifty.com,Female,$267783.71,863899432,IT
440,Cloe,Mattes,cmattesc7@desdev.cn,Female,$479702.84,628358096,IT
441,Bendick,Dugald,bdugaldc8@prweb.com,Male,$633257.68,998757489,PP
442,Nicky,Harback,nharbackc9@yandex.ru,Male,$945165.31,719830312,PP
443,Geraldine,Beadon,gbeadonca@slate.com,Female,$222469.79,210135412,PP
444,Sid,Eyes,seyescb@ow.ly,Male,$886433.07,850638902,CC
445,Karisa,Readitt,kreadittcc@hostgator.com,Female,$497986.08,250575456,PP
446,Lorenzo,Bartusek,lbartusekcd@hugedomains.com,Male,$190150.06,253185780,CC
447,Teodoor,Dobell,tdobellce@spiegel.de,Male,$564813.58,960331813,IT
448,Paulette,Sollitt,psollittcf@china.com.cn,Female,$976133.34,644871729,IT
449,Basilius,Tomney,btomneycg@google.it,Male,$109834.15,885880702,PP
450,Robbert,Chew,rchewch@istockphoto.com,Male,$342342.55,215304830,CC
451,Norry,Coumbe,ncoumbeci@foxnews.com,Female,$737855.18,900070529,CC
452,Tildy,Merrington,tmerringtoncj@edublogs.org,Female,$284246.67,1007169994,PP
453,Douglass,Lotwich,dlotwichck@delicious.com,Male,$705761.61,533711590,PP
454,Sonny,Giovannetti,sgiovannetticl@npr.org,Female,$947858.47,629683815,IT
455,Mayne,Hudspith,mhudspithcm@a8.net,Male,$855540.79,661788671,PP
456,Jelene,Shilliday,jshillidaycn@yellowbook.com,Female,$609047.29,104537787,CC
457,Wynny,Filgate,wfilgateco@buzzfeed.com,Female,$872588.26,621321881,PP
458,Fayre,Candy,fcandycp@weebly.com,Female,$636217.69,179493787,IT
459,Dom,Wiffen,dwiffencq@163.com,Male,$125314.45,851380707,IT
460,Selinda,Stickells,sstickellscr@sogou.com,Female,$231900.42,65091238,PP
461,Raffarty,Nell,rnellcs@weather.com,Male,$135961.22,219620616,PP
462,Albert,Friskey,afriskeyct@dyndns.org,Male,$588127.40,42909684,PP
463,Marcile,Spittall,mspittallcu@mysql.com,Female,$617239.14,191572579,IT
464,Sasha,Pawlowicz,spawlowiczcv@dmoz.org,Male,$149812.71,909456030,IT
465,Herve,Loughman,hloughmancw@livejournal.com,Male,$678932.03,566743610,CC
466,Roscoe,Mercer,rmercercx@mozilla.com,Male,$161601.96,606834150,PP
467,Mickie,Ridde,mriddecy@gravatar.com,Male,$432418.12,866107025,PP
468,Myer,Womack,mwomackcz@over-blog.com,Male,$435729.91,318805837,IT
469,Carma,Kitley,ckitleyd0@boston.com,Female,$132526.04,38464534,CC
470,Dari,Ruzek,druzekd1@live.com,Female,$150595.61,1023213202,CC
471,Brennan,Fawley,bfawleyd2@reuters.com,Male,$674204.96,45586292,IT
472,Maxwell,Ivell,mivelld3@edublogs.org,Male,$355480.48,649268987,PP
473,Dur,Fere,dfered4@npr.org,Male,$796316.32,58879661,PP
474,Davie,Fishpool,dfishpoold5@samsung.com,Male,$234382.79,657648176,CC
475,Valle,Dochon,vdochond6@wikispaces.com,Male,$119560.16,872814782,IT
476,Hamid,Crevy,hcrevyd7@hibu.com,Male,$538533.68,699582015,IT
477,Mozelle,Heathfield,mheathfieldd8@nydailynews.com,Female,$732111.78,710673924,PP
478,Marysa,Pengelly,mpengellyd9@canalblog.com,Female,$769429.58,31124772,CC
479,Annalise,Geleman,agelemanda@shutterfly.com,Female,$888069.23,1010364693,PP
480,Karlee,Towle,ktowledb@opensource.org,Female,$247096.74,941267527,PP
481,Gwenneth,Pitchford,gpitchforddc@mayoclinic.com,Female,$642904.59,513081545,PP
482,Garold,Burchard,gburcharddd@elegantthemes.com,Male,$432601.11,259654870,IT
483,Rodolfo,Ferencowicz,rferencowiczde@ezinearticles.com,Male,$391540.56,570250426,PP
484,Helli,Pickring,hpickringdf@weibo.com,Female,$526277.97,229873905,PP
485,Roze,Magenny,rmagennydg@seattletimes.com,Female,$812193.79,917880299,CC
486,Imogen,Plevin,iplevindh@spotify.com,Female,$483494.54,814068497,CC
487,Loutitia,Cookney,lcookneydi@loc.gov,Female,$136474.36,818503104,PP
488,Shelby,Lea,sleadj@umich.edu,Female,$869936.43,995559424,IT
489,Gena,Fenkel,gfenkeldk@ucoz.com,Female,$594292.84,641286223,IT
490,Dennis,Thredder,dthredderdl@facebook.com,Male,$243033.78,1003033692,IT
491,Ashil,Debell,adebelldm@yandex.ru,Female,$507226.83,712142827,CC
492,Laurette,Desborough,ldesboroughdn@apache.org,Female,$359132.90,14837148,CC
493,Ole,Lean,oleando@paypal.com,Male,$287889.31,767138255,CC
494,Wakefield,Stienton,wstientondp@hostgator.com,Male,$732016.87,165798275,IT
495,Maribeth,Nutbeem,mnutbeemdq@ucoz.com,Female,$239102.03,508809761,PP
496,Renelle,Trowbridge,rtrowbridgedr@cbslocal.com,Female,$750748.54,714506601,IT
497,Ginnie,Camelli,gcamellids@oracle.com,Female,$896155.53,193058977,CC
498,Gus,Pitson,gpitsondt@phpbb.com,Female,$808191.81,236920682,CC
499,Mackenzie,Jane,mjanedu@pagesperso-orange.fr,Male,$599465.63,302446522,CC
500,Essa,Andrzejak,eandrzejakdv@cbsnews.com,Female,$167995.66,109915196,CC
501,Rafaelita,Leitch,rleitchdw@360.cn,Female,$536915.60,34067755,PP
502,Rickey,Stockton,rstocktondx@godaddy.com,Male,$546566.07,901936812,CC
503,Boycey,Frill,bfrilldy@columbia.edu,Male,$326317.92,883091207,PP
504,Pasquale,Janse,pjansedz@shareasale.com,Male,$464105.06,597125855,PP
505,Nissie,Easom,neasome0@wordpress.org,Female,$855129.91,522768399,PP
506,Jaye,Hinckley,jhinckleye1@cyberchimps.com,Male,$801457.50,399883282,IT
507,Kaleb,Killiner,kkillinere2@sogou.com,Male,$436522.73,474572554,PP
508,Shandie,Hawkes,shawkese3@infoseek.co.jp,Female,$733943.57,422423528,CC
509,Jemmie,Wash,jwashe4@nydailynews.com,Female,$488156.77,176225021,IT
510,Pancho,Semrad,psemrade5@jigsy.com,Male,$684743.46,881884914,PP
511,Bride,Gallen,bgallene6@va.gov,Female,$259837.04,358921954,CC
512,Kore,Songust,ksonguste7@last.fm,Female,$302970.53,607660025,PP
513,Missie,Pipkin,mpipkine8@toplist.cz,Female,$490575.13,33264262,PP
514,Wilma,Somerfield,wsomerfielde9@pcworld.com,Female,$330681.03,871605450,IT
515,Rochette,Withinshaw,rwithinshawea@ucoz.ru,Female,$478256.97,165228013,CC
516,Karlis,Drayson,kdraysoneb@bbb.org,Male,$674241.63,380205940,IT
517,Tatum,Gorhardt,tgorhardtec@utexas.edu,Female,$214287.07,207222554,IT
518,Alfie,McComb,amccombed@goodreads.com,Male,$204615.48,437405131,CC
519,Taryn,Rudgard,trudgardee@goo.gl,Female,$505652.08,303543785,IT
520,Collete,Goodread,cgoodreadef@sfgate.com,Female,$821762.69,855628490,CC
521,Tyrone,Strong,tstrongeg@ow.ly,Male,$955291.09,207125929,CC
522,Hilary,Normandale,hnormandaleeh@techcrunch.com,Male,$549218.70,454423288,IT
523,Dory,Andriolli,dandriolliei@dropbox.com,Male,$637400.57,194670750,CC
524,Celina,Officer,cofficerej@boston.com,Female,$298985.08,973003237,CC
525,Lauryn,Rickardsson,lrickardssonek@sun.com,Female,$365627.13,192047594,CC
526,Westley,Bewlay,wbewlayel@businesswire.com,Male,$339603.21,923595644,IT
527,Laura,Gerwood,lgerwoodem@nationalgeographic.com,Female,$525747.68,529586633,CC
528,Eamon,Rodinger,erodingeren@tmall.com,Male,$377854.16,359476474,CC
529,Reagan,Jaxon,rjaxoneo@tinypic.com,Male,$748595.48,861651844,CC
530,Jsandye,Ponder,jponderep@cafepress.com,Female,$978539.51,828535606,PP
531,Isis,Schwandermann,ischwandermanneq@fastcompany.com,Female,$526856.95,999587170,PP
532,Liza,Draxford,ldraxforder@businessweek.com,Female,$535574.26,1035941712,IT
533,Corliss,Rubroe,crubroees@over-blog.com,Female,$768589.42,591442275,CC
534,Halsy,Pledge,hpledgeet@discovery.com,Male,$638312.35,541587832,IT
535,Rowan,Brignall,rbrignalleu@yolasite.com,Male,$606353.44,459393910,IT
536,Alfonso,Wetter,awetterev@nih.gov,Male,$594517.57,383784421,CC
537,Poul,Cocke,pcockeew@sciencedirect.com,Male,$568573.88,199056691,PP
538,Maddalena,Killshaw,mkillshawex@squarespace.com,Female,$544505.41,879519348,CC
539,Tilda,Tupman,ttupmaney@gmpg.org,Female,$708956.20,836877840,CC
540,Fabien,Binnie,fbinnieez@flavors.me,Male,$682715.25,359426608,PP
541,Peyton,Greedyer,pgreedyerf0@slashdot.org,Male,$217611.32,175292084,PP
542,Webb,Cullerne,wcullernef1@sourceforge.net,Male,$944863.82,662315161,CC
543,Mitchel,Laidlaw,mlaidlawf2@ucla.edu,Male,$347601.09,180662572,PP
544,Madeline,Bradbury,mbradburyf3@upenn.edu,Female,$390528.95,977281750,PP
545,Kale,Stapele,kstapelef4@cmu.edu,Male,$774493.12,368207099,PP
546,Minnnie,Berrow,mberrowf5@delicious.com,Female,$103494.41,999508935,PP
547,Cart,Westgate,cwestgatef6@spiegel.de,Male,$595652.96,268638766,CC
548,Euell,Preece,epreecef7@opera.com,Male,$135559.74,1008549475,IT
549,Bekki,Raecroft,braecroftf8@php.net,Female,$227453.42,15335719,CC
550,Tricia,Jansens,tjansensf9@blogger.com,Female,$322077.46,33256823,CC
551,Brigida,Radmer,bradmerfa@phoca.cz,Female,$711619.84,67446281,IT
552,Ronna,Clyant,rclyantfb@g.co,Female,$949280.08,753944868,PP
553,Tuckie,Denial,tdenialfc@pbs.org,Male,$297201.16,567200291,PP
554,Blithe,Willers,bwillersfd@craigslist.org,Female,$897868.32,1002842470,IT
555,Herschel,Huntly,hhuntlyfe@photobucket.com,Male,$558715.46,178502978,IT
556,Analise,Stock,astockff@dailymail.co.uk,Female,$918606.23,84205186,IT
557,Karole,Pressnell,kpressnellfg@last.fm,Female,$569141.98,13490147,CC
558,Ranna,Agus,ragusfh@merriam-webster.com,Female,$458496.77,822209622,IT
559,Kingston,De-Ville,kdevillefi@mozilla.org,Male,$928040.86,956078809,PP
560,Lamond,Haizelden,lhaizeldenfj@php.net,Male,$894369.90,815914876,CC
561,Bryan,Whetnall,bwhetnallfk@mayoclinic.com,Male,$492322.44,570756265,IT
562,Willette,Ciric,wciricfl@google.nl,Female,$730940.45,674782367,CC
563,Neal,Muckloe,nmuckloefm@bing.com,Male,$998465.19,888198199,IT
564,Feliks,Hammerberger,fhammerbergerfn@java.com,Male,$681480.50,380311523,IT
565,Jarrad,Andriveaux,jandriveauxfo@ycombinator.com,Male,$556189.07,933179240,PP
566,Liam,O'Mullaney,lomullaneyfp@ted.com,Male,$141642.12,93428145,IT
567,Sabine,Hadden,shaddenfq@hubpages.com,Female,$509433.21,1020712831,CC
568,Cookie,Jiruch,cjiruchfr@alibaba.com,Female,$913987.54,168352969,CC
569,Sherman,Churchard,schurchardfs@slate.com,Male,$211623.64,394800479,PP
570,Othilie,Leason,oleasonft@umich.edu,Female,$824083.60,384327095,CC
571,Benedikta,Colleer,bcolleerfu@bloglovin.com,Female,$697306.88,70832320,IT
572,Lowe,Dudding,lduddingfv@networksolutions.com,Male,$769550.99,957990434,PP
573,Graeme,Cabrera,gcabrerafw@walmart.com,Male,$296785.73,335916206,PP
574,Fernanda,Darwen,fdarwenfx@soundcloud.com,Female,$705411.30,999900176,PP
575,Gabriella,Wegman,gwegmanfy@prweb.com,Female,$792342.58,651976965,PP
576,Pepe,Cunnell,pcunnellfz@seesaa.net,Male,$473149.43,60693216,IT
577,Clifford,Carlens,ccarlensg0@yandex.ru,Male,$504411.92,622967343,CC
578,Giorgio,Argile,gargileg1@netlog.com,Male,$792490.34,886813320,PP
579,Erastus,Humbatch,ehumbatchg2@flickr.com,Male,$574669.38,870939825,IT
580,Symon,Chark,scharkg3@princeton.edu,Male,$372083.00,258626302,IT
581,Doralin,Dabling,ddablingg4@sakura.ne.jp,Female,$135662.61,366217156,CC
582,Yancy,Quinnet,yquinnetg5@telegraph.co.uk,Male,$250214.46,479510112,IT
583,Augustine,Cufflin,acuffling6@businesswire.com,Female,$694641.39,233322463,PP
584,Peggie,Brantzen,pbrantzeng7@vistaprint.com,Female,$820110.36,287066564,PP
585,Ddene,Swalwel,dswalwelg8@twitter.com,Female,$435566.58,125274389,PP
586,Roddie,Wainer,rwainerg9@slashdot.org,Male,$573301.82,666934221,CC
587,Monro,Priddey,mpriddeyga@infoseek.co.jp,Male,$305814.71,636310922,IT
588,Tracy,Child,tchildgb@youtu.be,Female,$449252.96,452570377,PP
589,Vidovik,Mioni,vmionigc@sfgate.com,Male,$803202.17,178550854,IT
590,Nariko,Fegan,nfegangd@vinaora.com,Female,$545355.79,219747360,PP
591,Adora,Fidgeon,afidgeonge@fda.gov,Female,$961656.35,248136752,IT
592,Kenny,Lansdowne,klansdownegf@ucsd.edu,Male,$761088.65,236564841,PP
593,De witt,Sharratt,dsharrattgg@google.ca,Male,$972906.13,629557368,PP
594,Dulcea,Edge,dedgegh@google.pl,Female,$693864.42,17340282,CC
595,Sherwynd,Canaan,scanaangi@fema.gov,Male,$844692.28,859581655,PP
596,Gian,Perche,gperchegj@uiuc.edu,Male,$963212.36,894234782,IT
597,Alyse,Zappel,azappelgk@fc2.com,Female,$804672.45,864260052,PP
598,Lucian,Trahear,ltraheargl@amazon.de,Male,$249510.37,411608562,IT
599,Clyve,Jerams,cjeramsgm@icq.com,Male,$347202.69,841280199,CC
600,Blanca,Hessle,bhesslegn@kickstarter.com,Female,$271265.37,298117529,PP
601,Rip,Breston,rbrestongo@chron.com,Male,$945310.03,233802807,PP
602,Luke,Osipov,losipovgp@aol.com,Male,$512134.75,103772074,IT
603,Petronilla,Etienne,petiennegq@pcworld.com,Female,$311582.40,278210999,CC
604,Betteanne,Lante,blantegr@omniture.com,Female,$249074.87,519967967,PP
605,Dynah,Thraves,dthravesgs@hatena.ne.jp,Female,$202224.11,843015799,IT
606,Lynnell,MacGrath,lmacgrathgt@trellian.com,Female,$219630.86,24395817,IT
607,Brittni,Cogdon,bcogdongu@craigslist.org,Female,$538894.52,557279805,IT
608,Barde,Breacher,bbreachergv@freewebs.com,Male,$719917.68,312688643,IT
609,Paulina,Tift,ptiftgw@shinystat.com,Female,$971620.80,821291610,PP
610,Jackson,Bussen,jbussengx@reverbnation.com,Male,$426961.18,443270450,PP
611,Ainslie,Goretti,agorettigy@pinterest.com,Female,$958977.49,1012608675,IT
612,Idalina,Gatcliff,igatcliffgz@sourceforge.net,Female,$508778.83,202432501,IT
613,Rich,Aleksandrev,raleksandrevh0@blogspot.com,Male,$816535.45,772768885,PP
614,Fionnula,Pardy,fpardyh1@aboutads.info,Female,$630295.25,1030253151,CC
615,Erv,Galbraeth,egalbraethh2@time.com,Male,$143805.47,116408177,IT
616,Rhona,Hancock,rhancockh3@meetup.com,Female,$648653.25,906468476,PP
617,Herbie,Lorking,hlorkingh4@ifeng.com,Male,$398426.33,986262859,IT
618,Bank,Egle,begleh5@timesonline.co.uk,Male,$439130.18,1012742660,CC
619,Nickolas,Prickett,npricketth6@ftc.gov,Male,$619202.68,23246530,CC
620,Mace,Gore,mgoreh7@mozilla.com,Male,$635395.88,257207637,IT
621,Roby,Tourmell,rtourmellh8@stanford.edu,Female,$298125.65,838677199,PP
622,Terri-jo,Kneafsey,tkneafseyh9@sphinn.com,Female,$711857.17,693810021,CC
623,Janifer,Inglesent,jinglesentha@ezinearticles.com,Female,$469327.09,111948200,CC
624,Kylynn,Bruhke,kbruhkehb@last.fm,Female,$846863.79,47691786,CC
625,Staford,Gusney,sgusneyhc@yelp.com,Male,$460007.35,946461444,IT
626,Aeriell,Lamkin,alamkinhd@comcast.net,Female,$160232.10,339519771,CC
627,Law,Imesen,limesenhe@tripod.com,Male,$517685.80,790375188,CC
628,Seline,Goldin,sgoldinhf@instagram.com,Female,$746676.91,409125278,IT
629,Warden,Pooke,wpookehg@webmd.com,Male,$957934.41,536985378,PP
630,Mirna,Mauditt,mmauditthh@dyndns.org,Female,$702373.45,14297984,PP
631,Georgine,Switzer,gswitzerhi@sakura.ne.jp,Female,$127336.37,64657230,IT
632,Vern,Bidder,vbidderhj@unblog.fr,Male,$259567.64,976166583,IT
633,Shayla,Riche,srichehk@vimeo.com,Female,$312102.68,827395871,PP
634,Caz,Beldan,cbeldanhl@networksolutions.com,Male,$412962.10,567962675,IT
635,Cristiano,Bondley,cbondleyhm@earthlink.net,Male,$666233.38,735154634,CC
636,Edy,Wannan,ewannanhn@sohu.com,Female,$162220.23,356023781,IT
637,Reg,Hastings,rhastingsho@mail.ru,Male,$814936.70,312952945,IT
638,Douglass,MacCosto,dmaccostohp@zdnet.com,Male,$653055.65,655769836,CC
639,Jerrie,Engelbrecht,jengelbrechthq@yahoo.com,Male,$765924.09,112104925,CC
640,Frankie,Danser,fdanserhr@dagondesign.com,Male,$715441.91,995733382,CC
641,Ev,Willan,ewillanhs@people.com.cn,Male,$931067.61,748244316,CC
642,Charlie,Chaunce,cchaunceht@home.pl,Male,$703829.62,501677000,CC
643,Carlina,Marcussen,cmarcussenhu@issuu.com,Female,$183649.57,661176967,PP
644,Barry,Giannasi,bgiannasihv@elegantthemes.com,Male,$291130.52,994739073,IT
645,Feliks,Renny,frennyhw@blogs.com,Male,$494915.50,892547740,CC
646,Kirby,Treversh,ktrevershhx@ameblo.jp,Male,$321545.94,30748549,CC
647,Jordain,Lawden,jlawdenhy@theglobeandmail.com,Female,$630343.33,236003993,PP
648,Tonie,Mohring,tmohringhz@salon.com,Female,$247235.58,581402162,IT
649,Rube,Woolfenden,rwoolfendeni0@ucla.edu,Male,$177576.05,296991128,IT
650,Dawn,Sexon,dsexoni1@ocn.ne.jp,Female,$321429.35,594152076,IT
651,Nicolle,Boni,nbonii2@columbia.edu,Female,$213665.08,977774355,CC
652,Tamiko,Doust,tdousti3@answers.com,Female,$129423.48,736870130,IT
653,Tricia,Howle,thowlei4@wisc.edu,Female,$163608.58,744358713,PP
654,Ferrel,Preist,fpreisti5@unicef.org,Male,$572547.67,473989064,CC
655,Delcina,Truckett,dtrucketti6@senate.gov,Female,$145882.31,263838980,CC
656,Farrell,Burren,fburreni7@cbslocal.com,Male,$733613.26,388058371,IT
657,Norby,Bridges,nbridgesi8@auda.org.au,Male,$367049.38,520602698,IT
658,Hobart,Stammirs,hstammirsi9@canalblog.com,Male,$213788.58,698235463,PP
659,Emelyne,Stobo,estoboia@discuz.net,Female,$664115.94,414063819,IT
660,Stearn,Wardesworth,swardesworthib@meetup.com,Male,$807033.00,180636412,CC
661,Geri,Weiss,gweissic@tinyurl.com,Male,$897107.69,467291913,CC
662,Dody,Gobert,dgobertid@squidoo.com,Female,$225963.64,35413742,PP
663,Carlye,MacGragh,cmacgraghie@ehow.com,Female,$285098.21,717091317,IT
664,Ginelle,Brosel,gbroselif@si.edu,Female,$471209.59,308236090,CC
665,Jodi,Swindell,jswindellig@twitpic.com,Female,$628675.57,979670001,IT
666,Bartholomew,Orman,bormanih@a8.net,Male,$543743.26,999554359,IT
667,Coral,Bick,cbickii@parallels.com,Female,$216282.66,153002389,PP
668,Gussi,Bruhnke,gbruhnkeij@google.cn,Female,$206257.64,226809319,CC
669,Damita,Guisby,dguisbyik@weebly.com,Female,$133012.17,104836153,IT
670,Port,Ramalho,pramalhoil@technorati.com,Male,$325843.07,940923715,CC
671,Galen,Lafontaine,glafontaineim@desdev.cn,Male,$183438.45,966526531,CC
672,Bobby,Selcraig,bselcraigin@reddit.com,Female,$222915.11,336077029,PP
673,Karla,Berthelmot,kberthelmotio@is.gd,Female,$441821.99,673968127,PP
674,Ursala,Osban,uosbanip@ustream.tv,Female,$250191.23,348382207,IT
675,Niels,Brennon,nbrennoniq@xrea.com,Male,$255074.48,792224242,CC
676,Bondon,Elsom,belsomir@shinystat.com,Male,$280727.09,691001221,CC
677,Waite,Stetson,wstetsonis@army.mil,Male,$120514.20,313921220,CC
678,Job,Trulocke,jtrulockeit@auda.org.au,Male,$717411.35,137915091,CC
679,Barnie,Boodell,bboodelliu@networksolutions.com,Male,$964033.71,372228381,PP
680,Fernando,Dugue,fdugueiv@moonfruit.com,Male,$900285.99,746658992,IT
681,Blancha,Wallbanks,bwallbanksiw@list-manage.com,Female,$134202.20,915922820,IT
682,Audi,Wimms,awimmsix@gnu.org,Female,$733814.28,1022996766,CC
683,Drugi,Depke,ddepkeiy@bbc.co.uk,Male,$287829.93,334150289,PP
684,Clo,Wilby,cwilbyiz@dailymail.co.uk,Female,$886451.21,1031661279,CC
685,Miguel,Siddle,msiddlej0@opera.com,Male,$775504.42,929862320,CC
686,Bernette,Forshaw,bforshawj1@smugmug.com,Female,$805977.69,609586598,PP
687,Mortimer,O'Carmody,mocarmodyj2@vk.com,Male,$536228.96,865601094,IT
688,Sherwin,Bagguley,sbagguleyj3@dailymotion.com,Male,$573931.97,738802181,IT
689,Antonius,Wiltshire,awiltshirej4@tmall.com,Male,$903371.48,925361005,IT
690,Vonni,Fitzsimmons,vfitzsimmonsj5@businesswire.com,Female,$393900.92,42890178,CC
691,Granthem,Mannering,gmanneringj6@gravatar.com,Male,$761525.09,438838268,PP
692,Somerset,Schmuhl,sschmuhlj7@earthlink.net,Male,$507492.36,182710492,PP
693,Zaccaria,Formigli,zformiglij8@vimeo.com,Male,$540343.81,826262713,CC
694,Tynan,Jarley,tjarleyj9@tamu.edu,Male,$658353.93,697548694,CC
695,Gloriane,Thom,gthomja@cornell.edu,Female,$540584.71,534051196,IT
696,Lev,Barribal,lbarribaljb@360.cn,Male,$679137.58,108969769,PP
697,Akim,Grishmanov,agrishmanovjc@narod.ru,Male,$238661.87,34463794,PP
698,Fergus,Cruttenden,fcruttendenjd@yahoo.com,Male,$589639.15,54082895,IT
699,Wenonah,Howison,whowisonje@yelp.com,Female,$183810.03,656053699,IT
700,Osmund,Frearson,ofrearsonjf@e-recht24.de,Male,$113145.48,345503491,CC
701,Dell,Marini,dmarinijg@ucla.edu,Male,$812165.40,1014408833,CC
702,Giles,Padden,gpaddenjh@privacy.gov.au,Male,$623124.73,278566143,IT
703,Joletta,Westberg,jwestbergji@usnews.com,Female,$144263.89,826059562,PP
704,Valera,Blague,vblaguejj@360.cn,Female,$481433.83,32959164,IT
705,Spencer,Bowlands,sbowlandsjk@home.pl,Male,$347211.63,880632381,PP
706,Mathias,Bellinger,mbellingerjl@hatena.ne.jp,Male,$223703.92,448626101,PP
707,Orion,Towey,otoweyjm@salon.com,Male,$970378.30,621189425,PP
708,Norrie,McNamara,nmcnamarajn@purevolume.com,Female,$505186.87,84204406,CC
709,Adora,Flintoft,aflintoftjo@ask.com,Female,$135887.38,418899285,IT
710,Adorne,Humphries,ahumphriesjp@rakuten.co.jp,Female,$748583.38,424549142,IT
711,Bartholemy,Igonet,bigonetjq@constantcontact.com,Male,$182315.37,439715703,IT
712,Linn,Coney,lconeyjr@blog.com,Male,$110941.09,510598467,CC
713,Baryram,Clewlowe,bclewlowejs@xing.com,Male,$442423.52,78481183,CC
714,Harry,Rozalski,hrozalskijt@shareasale.com,Male,$762150.83,268869640,PP
715,Milzie,Le Blond,mleblondju@comcast.net,Female,$989017.37,743182037,IT
716,Jennifer,Deaville,jdeavillejv@mayoclinic.com,Female,$287289.65,134757284,CC
717,Haily,Andrei,handreijw@sphinn.com,Male,$215489.00,650532375,IT
718,Ringo,Lydon,rlydonjx@wikia.com,Male,$969762.36,38966887,PP
719,Lind,Lunam,llunamjy@xrea.com,Male,$746248.15,619413854,IT
720,Nettie,Garey,ngareyjz@youku.com,Female,$147136.80,901108571,CC
721,Clem,Garnson,cgarnsonk0@prnewswire.com,Male,$741864.67,338026259,CC
722,Caressa,Simion,csimionk1@cpanel.net,Female,$846002.33,236463640,IT
723,Mersey,Bourke,mbourkek2@macromedia.com,Female,$833777.45,459297960,IT
724,Rosy,Hubbert,rhubbertk3@xinhuanet.com,Female,$456686.87,683584409,CC
725,Thorvald,Finci,tfincik4@jiathis.com,Male,$789478.75,1003013013,CC
726,Briggs,Tunuy,btunuyk5@wiley.com,Male,$840047.42,835215908,PP
727,Lane,Kaye,lkayek6@shutterfly.com,Female,$223104.06,217428149,IT
728,Winonah,Ghelarducci,wghelarduccik7@moonfruit.com,Female,$685295.16,960368506,CC
729,Dierdre,Woodeson,dwoodesonk8@mediafire.com,Female,$125333.21,779889715,IT
730,Reid,McCrachen,rmccrachenk9@omniture.com,Male,$560209.00,376703750,CC
731,Percival,Penhaleurack,ppenhaleurackka@biglobe.ne.jp,Male,$307605.42,980177249,CC
732,Galen,De Minico,gdeminicokb@ycombinator.com,Male,$882115.38,437145697,PP
733,Amy,Treagus,atreaguskc@bravesites.com,Female,$122102.96,165946178,IT
734,Carly,McVicar,cmcvicarkd@apple.com,Female,$823818.99,675949154,PP
735,Daisey,Pinkney,dpinkneyke@shutterfly.com,Female,$933861.05,801948382,IT
736,Peter,Alsop,palsopkf@google.ru,Male,$232653.88,6141212,CC
737,Winnie,Jurca,wjurcakg@springer.com,Male,$230453.51,895635060,PP
738,Rhiamon,Ghiriardelli,rghiriardellikh@yolasite.com,Female,$642590.54,52269077,PP
739,Trever,Habberjam,thabberjamki@cyberchimps.com,Male,$678734.99,1044418593,IT
740,Elden,Ponton,epontonkj@1und1.de,Male,$152717.20,22281424,PP
741,Nathalie,Prettyjohns,nprettyjohnskk@guardian.co.uk,Female,$365394.08,448231145,PP
742,Nannette,Pennick,npennickkl@nih.gov,Female,$999452.09,514849209,CC
743,Binnie,Larratt,blarrattkm@foxnews.com,Female,$451921.03,533133943,CC
744,Ruth,Fendlen,rfendlenkn@geocities.com,Female,$914014.05,458381469,CC
745,Eldridge,Rykert,erykertko@engadget.com,Male,$752096.35,608260266,PP
746,Lola,Misken,lmiskenkp@wp.com,Female,$112819.96,257688059,IT
747,Bride,Berzin,bberzinkq@i2i.jp,Female,$632099.90,883004679,CC
748,Lyell,Sheeres,lsheereskr@digg.com,Male,$214158.60,500099782,CC
749,Codi,Grigorescu,cgrigorescuks@howstuffworks.com,Female,$666641.68,871394680,PP
750,Aldis,Beckett,abeckettkt@telegraph.co.uk,Male,$655424.10,669275593,PP
751,Zarla,Winder,zwinderku@prweb.com,Female,$681210.25,702165405,PP
752,Rusty,Pettingill,rpettingillkv@naver.com,Male,$354008.98,741134378,IT
753,Dukey,Janowski,djanowskikw@gmpg.org,Male,$637389.23,304359193,CC
754,Boniface,Jahndel,bjahndelkx@sina.com.cn,Male,$614511.37,127972977,PP
755,Vanny,Berendsen,vberendsenky@cnn.com,Female,$435820.17,343747354,PP
756,Susannah,Rousby,srousbykz@bloglovin.com,Female,$364657.63,854275712,CC
757,Clyve,Gomme,cgommel0@chicagotribune.com,Male,$634820.87,187803917,IT
758,Dinah,Hayto,dhaytol1@statcounter.com,Female,$562822.29,694387997,PP
759,Elset,Dunaway,edunawayl2@nhs.uk,Female,$826797.03,922218006,PP
760,Dahlia,Pelling,dpellingl3@pinterest.com,Female,$261429.07,718523377,PP
761,Dominga,Cuesta,dcuestal4@dell.com,Female,$645178.05,526935694,PP
762,Kellsie,Ramsted,kramstedl5@reddit.com,Female,$664111.03,1034366841,PP
763,Vinny,Thyng,vthyngl6@mtv.com,Male,$470054.29,1016514896,PP
764,Ewen,Perrone,eperronel7@webs.com,Male,$821002.43,967902739,IT
765,Tymon,Fittall,tfittalll8@scribd.com,Male,$871101.88,852382466,IT
766,Ulla,Bygrave,ubygravel9@scientificamerican.com,Female,$322555.93,252952976,IT
767,Baillie,Torry,btorryla@unicef.org,Male,$126733.44,299750427,PP
768,Sig,Bonnette,sbonnettelb@cnn.com,Male,$533728.04,580207011,CC
769,Susanetta,Pottiphar,spottipharlc@biglobe.ne.jp,Female,$466152.77,721421017,IT
770,Jasper,Hendriks,jhendriksld@deliciousdays.com,Male,$674187.43,469711080,PP
771,Horatia,Becraft,hbecraftle@umich.edu,Female,$137133.40,694379649,IT
772,Kerk,Wims,kwimslf@behance.net,Male,$662463.61,976117361,IT
773,Konrad,Togher,ktogherlg@washingtonpost.com,Male,$529696.99,543311951,CC
774,Abby,McColgan,amccolganlh@topsy.com,Male,$621396.40,174216974,IT
775,Germaine,Treece,gtreeceli@chron.com,Male,$931207.32,961420253,PP
776,Spense,Whyke,swhykelj@networksolutions.com,Male,$618028.27,136474222,PP
777,Fleming,Wooffitt,fwooffittlk@slashdot.org,Male,$616631.66,970747720,PP
778,Melina,Brandacci,mbrandaccill@independent.co.uk,Female,$427716.36,300557902,CC
779,Fabian,Gossington,fgossingtonlm@statcounter.com,Male,$986836.08,930299110,PP
780,Parker,O'Cannavan,pocannavanln@about.com,Male,$514560.21,694829971,CC
781,Edy,Stile,estilelo@cocolog-nifty.com,Female,$275893.16,809693177,IT
782,Davidde,Badder,dbadderlp@unblog.fr,Male,$163225.13,872280113,CC
783,Donalt,Beade,dbeadelq@plala.or.jp,Male,$885295.78,266222243,CC
784,Felisha,Spyer,fspyerlr@de.vu,Female,$288619.42,901063427,IT
785,Isabella,Gofford,igoffordls@jalbum.net,Female,$366380.46,1032718593,IT
786,Stevana,Summerside,ssummersidelt@wired.com,Female,$181113.67,138461052,CC
787,Cissy,Suett,csuettlu@fda.gov,Female,$570762.14,121209256,PP
788,Jeannette,Pettitt,jpettittlv@cmu.edu,Female,$665315.19,780023007,IT
789,Howard,Leason,hleasonlw@cyberchimps.com,Male,$248967.33,407128047,IT
790,Jamison,Skyner,jskynerlx@360.cn,Male,$355966.53,134840635,PP
791,Isidor,Goldie,igoldiely@nydailynews.com,Male,$822734.49,844514684,CC
792,Worthington,Faichney,wfaichneylz@ihg.com,Male,$327873.94,637876247,IT
793,Bil,Beddin,bbeddinm0@msn.com,Male,$710523.84,805653946,CC
794,Damara,Warkup,dwarkupm1@hubpages.com,Female,$506377.95,525951632,CC
795,Nathaniel,Labbett,nlabbettm2@state.gov,Male,$604924.83,444333274,CC
796,Sterling,Truckell,struckellm3@nationalgeographic.com,Male,$428539.25,228969547,CC
797,Madlen,Harrowsmith,mharrowsmithm4@edublogs.org,Female,$237632.07,396739014,CC
798,Javier,Dougary,jdougarym5@irs.gov,Male,$543158.84,220731417,CC
799,Ward,Allflatt,wallflattm6@ca.gov,Male,$107256.69,433507615,PP
800,Donnie,Duddle,dduddlem7@php.net,Male,$834435.58,176261030,IT
801,Carmine,Dumbleton,cdumbletonm8@nba.com,Female,$452325.17,967638599,CC
802,Tremayne,Glendzer,tglendzerm9@smugmug.com,Male,$909173.02,195110470,PP
803,Reinald,Berceros,rbercerosma@accuweather.com,Male,$907084.20,731769256,CC
804,Celestyn,Pavkovic,cpavkovicmb@unblog.fr,Female,$418816.31,740839970,CC
805,Leonhard,Ziemsen,lziemsenmc@canalblog.com,Male,$486831.49,225973906,CC
806,Elysha,Craighead,ecraigheadmd@bigcartel.com,Female,$144950.50,705455677,PP
807,Junette,Powers,jpowersme@sourceforge.net,Female,$580812.46,886011993,IT
808,Selestina,Lerway,slerwaymf@nps.gov,Female,$182113.04,24133186,CC
809,Malva,Gerg,mgergmg@sun.com,Female,$313741.92,616140709,PP
810,Vernor,Gossage,vgossagemh@theguardian.com,Male,$942808.80,478373784,IT
811,Tory,Hindes,thindesmi@t-online.de,Female,$544198.91,680284156,PP
812,Rodney,Sinkings,rsinkingsmj@dagondesign.com,Male,$650688.51,440981101,IT
813,Eldridge,Yurkov,eyurkovmk@unblog.fr,Male,$811041.67,94152600,PP
814,Frederick,Adkins,fadkinsml@jiathis.com,Male,$389957.62,784516806,IT
815,Bryon,Stranger,bstrangermm@google.de,Male,$981039.55,327252769,PP
816,Kory,Lage,klagemn@sun.com,Male,$726608.91,127851058,CC
817,Harvey,Chrismas,hchrismasmo@columbia.edu,Male,$295936.11,155756841,CC
818,Lynelle,Iseton,lisetonmp@ebay.com,Female,$344008.67,799984314,PP
819,Justus,Allridge,jallridgemq@bloglovin.com,Male,$351953.67,625679909,IT
820,Jeannie,Attock,jattockmr@oracle.com,Female,$317043.36,936040993,IT
821,Chelsey,Elders,celdersms@4shared.com,Female,$793582.62,387778096,CC
822,Lazar,Stansbie,lstansbiemt@mlb.com,Male,$194449.29,16743860,PP
823,Claiborne,Ousbie,cousbiemu@surveymonkey.com,Male,$396240.93,68913784,CC
824,Hymie,Lawtie,hlawtiemv@gmpg.org,Male,$563276.09,21591753,IT
825,Nev,Broadley,nbroadleymw@istockphoto.com,Male,$731018.73,995029174,PP
826,Kathlin,Arnefield,karnefieldmx@spotify.com,Female,$426217.70,6165181,PP
827,Faina,Jinda,fjindamy@go.com,Female,$212995.59,247016588,IT
828,Eran,Widdows,ewiddowsmz@51.la,Female,$815264.17,322916631,IT
829,Terrie,Reder,tredern0@unblog.fr,Female,$226011.00,197500076,IT
830,Sib,Jorn,sjornn1@ucoz.com,Female,$903449.55,867340462,CC
831,Willette,Gready,wgreadyn2@icq.com,Female,$625617.32,915048802,CC
832,Thain,Cabble,tcabblen3@microsoft.com,Male,$185073.91,373745956,PP
833,Bonita,Flood,bfloodn4@soup.io,Female,$393840.10,281468331,CC
834,Roddie,MacGaughey,rmacgaugheyn5@dagondesign.com,Male,$597525.91,567159766,CC
835,Mavis,Burkhill,mburkhilln6@technorati.com,Female,$317244.71,558265061,CC
836,Des,Piborn,dpibornn7@lulu.com,Male,$707470.47,1015885619,CC
837,Jeremiah,Hillitt,jhillittn8@deliciousdays.com,Male,$332906.22,648809793,IT
838,Juliet,Takkos,jtakkosn9@multiply.com,Female,$584075.76,719955443,IT
839,Marlyn,Goadby,mgoadbyna@blinklist.com,Female,$306146.76,70304436,PP
840,Conan,Vamplew,cvamplewnb@de.vu,Male,$166864.74,914848389,PP
841,Delila,Millmore,dmillmorenc@com.com,Female,$171244.73,422687621,PP
842,Cybill,Carvell,ccarvellnd@irs.gov,Female,$178695.91,350485974,PP
843,Kissiah,Avrahamian,kavrahamianne@prlog.org,Female,$112348.27,548378757,IT
844,Sherline,Obal,sobalnf@paypal.com,Female,$161626.71,205884741,IT
845,Fremont,Frantzeni,ffrantzening@dailymotion.com,Male,$936437.60,536926159,PP
846,Rupert,Caplis,rcaplisnh@quantcast.com,Male,$242325.10,23981897,PP
847,Isidora,Cissell,icissellni@usatoday.com,Female,$752952.36,390150900,CC
848,Jillayne,Cardello,jcardellonj@bloglovin.com,Female,$206826.95,610608933,IT
849,Perl,Chelnam,pchelnamnk@amazon.co.uk,Female,$972811.61,267902097,PP
850,Corliss,Maskew,cmaskewnl@microsoft.com,Female,$990958.59,900782403,CC
851,Danit,Dudmarsh,ddudmarshnm@google.nl,Female,$277666.01,803707669,IT
852,Ursulina,Shermore,ushermorenn@usgs.gov,Female,$161766.86,562292630,IT
853,Johnnie,Dickon,jdickonno@ebay.co.uk,Male,$435163.74,808515920,PP
854,Vlad,Gitsham,vgitshamnp@themeforest.net,Male,$290019.66,266237987,IT
855,Remy,Gianinotti,rgianinottinq@cbc.ca,Female,$524156.73,93807845,PP
856,Dolores,Eate,deatenr@soup.io,Female,$499650.97,461036574,CC
857,Derward,Alenichev,dalenichevns@gizmodo.com,Male,$522201.92,696203008,CC
858,Larry,McSweeney,lmcsweeneynt@gizmodo.com,Male,$471624.98,573098041,PP
859,Brigitte,Liccardi,bliccardinu@dailymail.co.uk,Female,$179537.04,1004529128,CC
860,Mikaela,Ainsworth,mainsworthnv@youku.com,Female,$300123.43,420402798,IT
861,Carmita,Mannering,cmanneringnw@mail.ru,Female,$128788.09,367248186,IT
862,Berkeley,Valens-Smith,bvalenssmithnx@dropbox.com,Male,$245849.16,999237685,CC
863,Davin,Wearden,dweardenny@ehow.com,Male,$585368.30,808970385,CC
864,Benedikt,McKeighen,bmckeighennz@sphinn.com,Male,$170819.52,160194215,CC
865,Randa,Stetlye,rstetlyeo0@loc.gov,Female,$213600.93,360286364,CC
866,Janaya,Labusch,jlabuscho1@house.gov,Female,$466740.76,131881007,CC
867,Sheridan,Jessel,sjesselo2@purevolume.com,Male,$642237.48,722416353,IT
868,Janey,Vasyuchov,jvasyuchovo3@cornell.edu,Female,$443777.95,702017575,CC
869,Bertina,Pyer,bpyero4@cornell.edu,Female,$910127.02,244604793,PP
870,Lisabeth,Lincoln,llincolno5@eepurl.com,Female,$745635.28,479675436,CC
871,Constantia,Ferry,cferryo6@youku.com,Female,$827254.72,778582850,IT
872,Wald,Dupoy,wdupoyo7@cornell.edu,Male,$364218.25,744639533,IT
873,Kelvin,Whannel,kwhannelo8@shop-pro.jp,Male,$970567.28,734491233,PP
874,Reena,Sarvar,rsarvaro9@mtv.com,Female,$686421.86,553675799,PP
875,Mercie,Purse,mpurseoa@miitbeian.gov.cn,Female,$302629.86,426393664,PP
876,Van,Stump,vstumpob@psu.edu,Male,$645212.28,740810244,CC
877,Kassia,Ussher,kussheroc@baidu.com,Female,$558319.42,962363853,IT
878,Smith,Vearncomb,svearncombod@sphinn.com,Male,$633419.70,861032932,IT
879,Tracey,Disbrey,tdisbreyoe@naver.com,Male,$503887.42,138280213,PP
880,Daryl,Bagniuk,dbagniukof@google.com.br,Female,$965865.77,46821928,IT
881,Dyann,McDunlevy,dmcdunlevyog@plala.or.jp,Female,$530512.14,269050100,IT
882,Clio,Wallach,cwallachoh@goodreads.com,Female,$792099.63,491801562,PP
883,Dominick,Allward,dallwardoi@stumbleupon.com,Male,$368509.73,634812673,PP
884,Hobard,Dangl,hdangloj@irs.gov,Male,$225848.31,847529797,PP
885,Mitchell,Picardo,mpicardook@dmoz.org,Male,$424977.18,861003421,CC
886,Tucker,Joder,tjoderol@edublogs.org,Male,$669643.99,962008210,IT
887,Cassie,Lavin,clavinom@blinklist.com,Male,$348921.44,502935603,CC
888,Hugibert,Joinsey,hjoinseyon@bandcamp.com,Male,$671185.87,963707000,CC
889,Sherri,Spaunton,sspauntonoo@dot.gov,Female,$719281.04,448209244,IT
890,Kelley,Banfill,kbanfillop@dyndns.org,Female,$916129.40,904704862,CC
891,Odetta,Weed,oweedoq@google.cn,Female,$325217.77,721678847,CC
892,Eunice,Nockalls,enockallsor@live.com,Female,$133828.04,457736361,CC
893,Livy,Van der Brug,lvanderbrugos@cyberchimps.com,Female,$597046.09,592832564,IT
894,Linus,Godthaab,lgodthaabot@tumblr.com,Male,$384101.72,956825067,CC
895,Hamlin,Mc Harg,hmchargou@jigsy.com,Male,$832398.48,276251537,PP
896,Verge,Batty,vbattyov@example.com,Male,$510034.26,195684021,IT
897,Wendell,Chalker,wchalkerow@behance.net,Male,$325448.65,765995264,PP
898,Quintin,Usher,qusherox@vistaprint.com,Male,$998144.52,251534922,IT
899,Lovell,Messer,lmesseroy@slashdot.org,Male,$165713.97,325450120,CC
900,Phelia,Chasteau,pchasteauoz@zimbio.com,Female,$693387.12,53871992,PP
901,Farris,Salmen,fsalmenp0@php.net,Male,$461607.35,48383751,IT
902,Tuck,Hughlock,thughlockp1@odnoklassniki.ru,Male,$533280.23,667392946,IT
903,Reinaldo,Markwick,rmarkwickp2@gizmodo.com,Male,$405140.81,607279995,PP
904,Hilarius,Poetz,hpoetzp3@360.cn,Male,$699835.60,345963055,CC
905,Lanny,Claige,lclaigep4@tinypic.com,Female,$168085.96,791127681,CC
906,Rudy,Flintoft,rflintoftp5@bluehost.com,Male,$753540.80,677063728,IT
907,Bertrando,Madoc-Jones,bmadocjonesp6@usa.gov,Male,$147778.97,392116456,PP
908,Valencia,Callery,vcalleryp7@deliciousdays.com,Female,$306710.70,821826050,PP
909,Tamar,Trye,ttryep8@guardian.co.uk,Female,$519331.25,1033669621,IT
910,Alanson,Rowler,arowlerp9@google.com.br,Male,$771662.42,520662694,IT
911,Feodor,Coniff,fconiffpa@nytimes.com,Male,$359027.25,761627725,CC
912,Dag,Gerhardt,dgerhardtpb@twitter.com,Male,$613740.22,203004897,CC
913,Keely,Wagenen,kwagenenpc@cpanel.net,Female,$638638.95,65381901,CC
914,Ivy,Sandiford,isandifordpd@yahoo.co.jp,Female,$823358.93,736013897,IT
915,Alwyn,Cosgrove,acosgrovepe@hhs.gov,Male,$426937.83,69973897,PP
916,Bamby,Barmby,bbarmbypf@yahoo.co.jp,Female,$995578.74,357031589,IT
917,Yoshiko,Burgoyne,yburgoynepg@ebay.com,Female,$930681.70,1031118792,CC
918,Averil,Betterton,abettertonph@yandex.ru,Female,$603709.67,182010653,CC
919,Melinda,Woolpert,mwoolpertpi@blogspot.com,Female,$204634.65,212583991,PP
920,Jordan,Bartoszek,jbartoszekpj@nytimes.com,Female,$479398.13,610474266,IT
921,Daphne,McIlwaine,dmcilwainepk@illinois.edu,Female,$577530.62,22522775,IT
922,Hi,Cronin,hcroninpl@thetimes.co.uk,Male,$141352.07,74663404,CC
923,Hector,Alf,halfpm@ehow.com,Male,$848280.26,373161978,IT
924,Greggory,Alen,galenpn@shutterfly.com,Male,$618238.55,383894214,PP
925,Neill,Wedlake,nwedlakepo@statcounter.com,Male,$737742.96,440663276,CC
926,Garvin,Kadar,gkadarpp@wp.com,Male,$164114.80,866855583,IT
927,Aeriela,Jammet,ajammetpq@chronoengine.com,Female,$430475.60,465670625,CC
928,Delila,Benedtti,dbenedttipr@virginia.edu,Female,$534163.85,768764239,PP
929,Aindrea,Dennes,adennesps@fastcompany.com,Female,$489819.11,225952049,PP
930,Bird,Secretan,bsecretanpt@fc2.com,Female,$783095.29,243390707,PP
931,Krystle,Flattman,kflattmanpu@amazonaws.com,Female,$554870.05,327764949,IT
932,Christiano,Batham,cbathampv@netscape.com,Male,$908899.14,667632525,PP
933,Latrina,Kensit,lkensitpw@weibo.com,Female,$858732.72,311359523,CC
934,Courtney,De Haven,cdehavenpx@senate.gov,Female,$457613.23,24963256,IT
935,Allyn,Austwick,aaustwickpy@ezinearticles.com,Male,$155431.31,486150752,IT
936,Tally,Simmonett,tsimmonettpz@freewebs.com,Male,$428731.89,417271643,CC
937,De,Audiss,daudissq0@ocn.ne.jp,Female,$759907.54,57701545,CC
938,Faunie,Paull,fpaullq1@yandex.ru,Female,$464823.43,1047726853,CC
939,Ludwig,Parlatt,lparlattq2@hubpages.com,Male,$338676.45,705647657,PP
940,Gearard,Pavkovic,gpavkovicq3@hud.gov,Male,$407767.73,467314665,IT
941,Xylia,Orrice,xorriceq4@patch.com,Female,$523220.49,598230646,CC
942,Sacha,Roff,sroffq5@ebay.co.uk,Female,$430261.62,540640021,PP
943,Shoshanna,Sparkes,ssparkesq6@plala.or.jp,Female,$130088.93,780525373,IT
944,Meier,Braithwaite,mbraithwaiteq7@salon.com,Male,$544561.60,757786312,CC
945,Juan,O'Currigan,jocurriganq8@redcross.org,Male,$835878.03,370401588,PP
946,Hillel,Polk,hpolkq9@zdnet.com,Male,$392747.64,530745540,IT
947,Haven,Seaking,hseakingqa@walmart.com,Male,$398289.52,348000253,PP
948,Emmalyn,Hathaway,ehathawayqb@umn.edu,Female,$746017.80,13292281,CC
949,Jaime,Akitt,jakittqc@hao123.com,Male,$978222.74,1045940170,CC
950,Ianthe,Lerer,ilererqd@princeton.edu,Female,$857809.55,140826723,CC
951,Haskell,Million,hmillionqe@themeforest.net,Male,$546599.74,926058031,PP
952,Emyle,Leigh,eleighqf@hostgator.com,Female,$303921.91,646880320,IT
953,Sascha,Rochewell,srochewellqg@multiply.com,Male,$134258.57,835936156,CC
954,Kathryne,Roche,krocheqh@cbslocal.com,Female,$736113.97,64681812,IT
955,Shay,Stolworthy,sstolworthyqi@chron.com,Female,$143001.08,788093308,IT
956,Adams,Axtell,aaxtellqj@cmu.edu,Male,$826809.31,427165178,CC
957,Becka,Barkley,bbarkleyqk@uol.com.br,Female,$535193.85,862760437,IT
958,Harp,Kohler,hkohlerql@whitehouse.gov,Male,$738128.66,374382146,IT
959,Leese,Dennison,ldennisonqm@patch.com,Female,$125900.38,1037898070,PP
960,Hendrika,Dwyer,hdwyerqn@washington.edu,Female,$952070.63,221918880,IT
961,Dorrie,Havvock,dhavvockqo@jigsy.com,Female,$586127.92,272354127,PP
962,Felicio,Newey,fneweyqp@istockphoto.com,Male,$159343.40,795318429,IT
963,Dominica,Comley,dcomleyqq@cbsnews.com,Female,$923320.20,451905584,IT
964,Dannel,Myner,dmynerqr@example.com,Male,$972198.04,35942634,IT
965,Lona,Janeczek,ljaneczekqs@alibaba.com,Female,$270656.34,587333130,PP
966,Ulick,Bonnor,ubonnorqt@adobe.com,Male,$886953.59,370070295,IT
967,Mureil,Cantera,mcanteraqu@merriam-webster.com,Female,$336004.17,913194292,PP
968,Clevey,Siddle,csiddleqv@liveinternet.ru,Male,$805458.04,114960862,IT
969,Chase,Eveque,cevequeqw@goo.ne.jp,Male,$938690.18,576321249,PP
970,Gaye,Battey,gbatteyqx@booking.com,Female,$778799.90,773564915,PP
971,Anjanette,Lazar,alazarqy@bloglines.com,Female,$641761.00,170793553,PP
972,Lena,Errett,lerrettqz@i2i.jp,Female,$252913.58,654413455,CC
973,Toddy,Lefwich,tlefwichr0@tiny.cc,Male,$631335.66,523634757,IT
974,Juliet,McCudden,jmccuddenr1@time.com,Female,$886712.79,224322100,CC
975,Estevan,Shephard,eshephardr2@hao123.com,Male,$176662.45,885466572,PP
976,Cherida,Klimov,cklimovr3@google.com.hk,Female,$553222.76,244634566,PP
977,Efrem,Jorczyk,ejorczykr4@google.nl,Male,$351449.43,685109920,IT
978,Chauncey,Gove,cgover5@kickstarter.com,Male,$467169.76,378287524,IT
979,Dory,Badcock,dbadcockr6@prweb.com,Male,$766414.09,117917944,PP
980,Conrade,Shermar,cshermarr7@dyndns.org,Male,$387445.45,440667041,IT
981,Esra,Stoller,estollerr8@google.cn,Male,$453527.56,129699293,IT
982,Conan,Tenney,ctenneyr9@earthlink.net,Male,$905566.10,20174791,PP
983,Charlie,Dermott,cdermottra@toplist.cz,Male,$890790.92,709110915,CC
984,Tadeas,Hallihane,thallihanerb@fastcompany.com,Male,$387498.04,759385322,PP
985,Whittaker,Linzee,wlinzeerc@arizona.edu,Male,$622920.14,682082940,IT
986,Mathian,Deyes,mdeyesrd@cornell.edu,Male,$506440.10,19126738,CC
987,Gilburt,Hotton,ghottonre@upenn.edu,Male,$206136.89,130146607,PP
988,Wayne,Poupard,wpoupardrf@google.co.uk,Male,$335418.37,232204565,CC
989,Chrissy,Borley,cborleyrg@angelfire.com,Female,$812003.87,636224027,PP
990,Fidole,Gummary,fgummaryrh@uiuc.edu,Male,$745686.79,75041549,CC
991,Sidney,Semon,ssemonri@google.pl,Male,$762519.99,891203109,CC
992,Rebeca,Kell,rkellrj@wisc.edu,Female,$692796.35,916060753,CC
993,Aron,Thynne,athynnerk@lulu.com,Male,$877435.65,284403551,IT
994,Rhona,Bozworth,rbozworthrl@ted.com,Female,$387133.16,469008045,PP
995,Jesse,Hafford,jhaffordrm@vinaora.com,Female,$569825.59,557885838,PP
996,Lawrence,Tame,ltamern@eepurl.com,Male,$765233.15,25093684,CC
997,Larina,Vallack,lvallackro@purevolume.com,Female,$334424.37,450437001,CC
998,Ciro,Chipperfield,cchipperfieldrp@vk.com,Male,$128916.87,583305021,PP
999,Nikki,Minero,nminerorq@blog.com,Female,$497299.37,973885102,CC
1000,Francklyn,Antushev,fantushevrr@foxnews.com,Male,$374805.21,304345493,IT
