id,nombre,apellido,email,genero,valor_tx,numero_identificacion,tipo_identificacion
1,Arden,Darington,adarington0@constantcontact.com,Female,$835280.77,871825420,IT
2,Beverlie,Jaan,bjaan1@jalbum.net,Female,$372225.56,671874156,PP
3,Patin,Leavy,pleavy2@ca.gov,Male,$496903.51,399813424,CC
4,Ellette,Osbaldstone,eosbaldstone3@independent.co.uk,Female,$364578.01,1022737362,IT
5,Lilla,Allso,lallso4@hud.gov,Female,$344919.31,443883400,IT
6,Beverie,Tarbox,btarbox5@spotify.com,Female,$736039.19,684303173,CC
7,Andrus,Orae,aorae6@sina.com.cn,Male,$609952.60,483593395,PP
8,Carson,Tokley,ctokley7@nifty.com,Male,$959066.30,467451616,PP
9,Franny,Sterling,fsterling8@reddit.com,Female,$799438.07,582044406,PP
10,Ann,Lugg,alugg9@nymag.com,Female,$176560.75,129202657,CC
11,Orton,Beetham,obeethama@barnesandnoble.com,Male,$454912.87,612481111,PP
12,Jonathan,Wilford,jwilfordb@skype.com,Male,$894381.19,844415431,CC
13,Seymour,Veronique,sveroniquec@dion.ne.jp,Male,$226845.77,615856896,CC
14,Cindy,Gimbart,cgimbartd@lulu.com,Female,$366146.61,600772840,PP
15,Matthew,Cronchey,mcroncheye@bizjournals.com,Male,$612896.25,722206246,CC
16,Heidie,Carwardine,hcarwardinef@wikia.com,Female,$751696.74,316945883,IT
17,Kale,Dinsdale,kdinsdaleg@wikia.com,Male,$835257.00,205019774,CC
18,Dud,Carette,dcaretteh@nyu.edu,Male,$754143.94,852404509,CC
19,Kelley,Mushart,kmusharti@cnbc.com,Female,$123169.36,511530411,CC
20,Merilee,Joder,mjoderj@infoseek.co.jp,Female,$722311.38,46350372,PP
21,Mil,Walter,mwalterk@dailymotion.com,Female,$495531.42,1045095139,IT
22,Sandor,Doe,sdoel@godaddy.com,Male,$713317.17,148615808,PP
23,Ruperto,Simkiss,rsimkissm@infoseek.co.jp,Male,$200564.22,631803470,PP
24,Valentine,Burge,vburgen@instagram.com,Female,$517208.94,957621461,IT
25,Vernor,Josephs,vjosephso@g.co,Male,$501470.50,555943629,CC
26,Bar,Pesticcio,bpesticciop@chron.com,Male,$816202.38,381273080,IT
27,Judon,Shorbrook,jshorbrookq@mtv.com,Male,$236030.48,170003846,CC
28,Merv,Fearenside,mfearensider@naver.com,Male,$792668.68,59695065,CC
29,Elwyn,Bachshell,ebachshells@home.pl,Male,$502680.10,697728544,PP
30,Merola,Cornillot,mcornillott@eepurl.com,Female,$868778.88,613010328,IT
31,Cesar,Heathcote,cheathcoteu@imgur.com,Male,$112418.64,715285565,PP
32,Hildy,Hutchinson,hhutchinsonv@aol.com,Female,$703398.14,869817850,IT
33,Dominica,Willishire,dwillishirew@ow.ly,Female,$727854.08,433390444,IT
34,Eward,Warrell,ewarrellx@wikispaces.com,Male,$540582.59,866333508,IT
35,Katrina,Broek,kbroeky@baidu.com,Female,$189326.56,90880539,CC
36,Jessie,Wiffler,jwifflerz@networksolutions.com,Female,$254254.70,481312629,PP
37,Linn,Bansal,lbansal10@google.com.br,Female,$576994.01,390849443,IT
38,Clementius,Daughtry,cdaughtry11@adobe.com,Male,$155055.88,446255013,CC
39,Milty,Leavesley,mleavesley12@newsvine.com,Male,$470887.85,952077811,CC
40,Alf,Habden,ahabden13@engadget.com,Male,$294243.61,1037204404,CC
41,Ephrayim,D'Arrigo,edarrigo14@who.int,Male,$653576.44,184412011,CC
42,Petr,Bettison,pbettison15@plala.or.jp,Male,$580694.22,163914479,PP
43,Fin,Puckham,fpuckham16@arstechnica.com,Male,$353356.37,677207272,IT
44,Barnett,Querrard,bquerrard17@japanpost.jp,Male,$342494.72,620716595,CC
45,Sondra,Broadbridge,sbroadbridge18@slashdot.org,Female,$107516.90,843854882,CC
46,Ryan,Dignum,rdignum19@mashable.com,Male,$241408.54,463121804,CC
47,Katerine,Stammer,kstammer1a@seattletimes.com,Female,$668395.66,397257295,IT
48,Aubry,Scardifield,ascardifield1b@umich.edu,Female,$885031.78,823605000,CC
49,Babara,Gatling,bgatling1c@google.cn,Female,$557214.23,641957813,PP
50,Leroi,Klee,lklee1d@cbc.ca,Male,$987426.01,978707196,IT
51,Sanson,Mulgrew,smulgrew1e@comsenz.com,Male,$907441.67,982580368,CC
52,Cross,Valerius,cvalerius1f@phpbb.com,Male,$177672.37,895311855,IT
53,Ruprecht,McCart,rmccart1g@t.co,Male,$609979.11,414812973,IT
54,Halsy,Tomasian,htomasian1h@alibaba.com,Male,$414083.55,886744006,IT
55,Koralle,Killingbeck,kkillingbeck1i@eepurl.com,Female,$816426.42,977410646,PP
56,Idelle,Shimoni,ishimoni1j@oracle.com,Female,$979423.06,1007343704,CC
57,Correna,Peizer,cpeizer1k@fastcompany.com,Female,$402626.73,403542337,PP
58,Blaine,Braiden,bbraiden1l@theatlantic.com,Male,$154664.81,528624949,PP
59,Dimitry,Wrightson,dwrightson1m@vk.com,Male,$389172.62,960852394,CC
60,Hermann,Freshwater,hfreshwater1n@naver.com,Male,$255625.40,136439495,PP
61,Emmet,Brister,ebrister1o@huffingtonpost.com,Male,$550649.64,866012546,CC
62,Tonye,Laverick,tlaverick1p@skype.com,Female,$257478.71,51655770,PP
63,Tyrus,Riveles,triveles1q@exblog.jp,Male,$510557.22,256181874,CC
64,Angela,Musterd,amusterd1r@ehow.com,Female,$299260.42,321857424,IT
65,Tim,Sutcliffe,tsutcliffe1s@ow.ly,Male,$536217.89,827264765,IT
66,Sigmund,Burnsides,sburnsides1t@arstechnica.com,Male,$949389.85,93724540,IT
67,Hernando,Bushaway,hbushaway1u@wsj.com,Male,$696669.75,942842405,PP
68,Trevar,Lycett,tlycett1v@sbwire.com,Male,$446700.19,54444455,CC
69,Geri,MacGill,gmacgill1w@google.com.hk,Male,$596296.32,71492171,IT
70,Allyn,Strahan,astrahan1x@mysql.com,Female,$736184.91,297184717,PP
71,Konstance,Alans,kalans1y@freewebs.com,Female,$339149.19,268855175,IT
72,Guilbert,Ralling,gralling1z@technorati.com,Male,$341946.93,986649686,PP
73,Rip,Henbury,rhenbury20@ning.com,Male,$645490.11,535543778,PP
74,Ilse,Pretsel,ipretsel21@omniture.com,Female,$386295.28,779501761,PP
75,Cyril,Willerson,cwillerson22@freewebs.com,Male,$722697.70,511586728,CC
76,Bent,Andreini,bandreini23@guardian.co.uk,Male,$798580.25,104007520,PP
77,Zena,Cosford,zcosford24@people.com.cn,Female,$737490.16,759425467,CC
78,Sophronia,Ferraro,sferraro25@furl.net,Female,$873079.07,49978169,PP
79,Laughton,Cymper,lcymper26@sfgate.com,Male,$693337.51,812692700,IT
80,Layton,Probyn,lprobyn27@dedecms.com,Male,$610290.57,456124845,CC
81,Mandy,Noraway,mnoraway28@paypal.com,Female,$335026.45,1003289896,IT
82,Gennie,Phinn,gphinn29@fotki.com,Female,$559407.08,92095321,PP
83,Anallise,Enderwick,aenderwick2a@blogs.com,Female,$427863.00,324517643,CC
84,Ellswerth,Lehrian,elehrian2b@taobao.com,Male,$331422.15,863227176,IT
85,Fremont,Jakolevitch,fjakolevitch2c@bravesites.com,Male,$298228.41,550014292,PP
86,Cullan,Freckingham,cfreckingham2d@bloomberg.com,Male,$932558.02,559331263,PP
87,Maris,Crowcombe,mcrowcombe2e@comcast.net,Female,$457430.57,837824264,CC
88,Urbain,Lunney,ulunney2f@nyu.edu,Male,$650315.73,42940330,IT
89,Germayne,Penfold,gpenfold2g@usgs.gov,Male,$401715.81,226625356,IT
90,Rosamund,Putland,rputland2h@jimdo.com,Female,$523147.69,889525164,PP
91,Stinky,Revington,srevington2i@about.me,Male,$317978.48,252672298,CC
92,Briney,Tefft,btefft2j@fastcompany.com,Female,$461185.29,509655147,IT
93,Welch,Fillan,wfillan2k@imdb.com,Male,$137636.94,688817822,PP
94,Felicity,MacKeeg,fmackeeg2l@netlog.com,Female,$782116.86,537012333,CC
95,Zaneta,Staves,zstaves2m@reference.com,Female,$130197.40,987925901,CC
96,Filippo,Doumerque,fdoumerque2n@walmart.com,Male,$465991.70,120800333,IT
97,Birdie,O' Mullane,bomullane2o@sciencedirect.com,Female,$247090.67,79773444,CC
98,Emelita,Hoppner,ehoppner2p@reverbnation.com,Female,$524162.92,634922838,IT
99,Dukey,Drysdall,ddrysdall2q@wix.com,Male,$816936.51,531879613,IT
100,Claudie,Lodemann,clodemann2r@sciencedaily.com,Female,$713628.16,740462954,CC
101,Barnebas,Gerardot,bgerardot2s@godaddy.com,Male,$152744.50,711537465,PP
102,Kenneth,Trimby,ktrimby2t@guardian.co.uk,Male,$551026.05,596891692,PP
103,Rozalie,Knevett,rknevett2u@1688.com,Female,$919435.64,300038340,CC
104,Winnie,Linck,wlinck2v@umich.edu,Female,$994850.45,11616769,CC
105,Claus,Drayton,cdrayton2w@etsy.com,Male,$928490.06,993024140,CC
106,Elinore,Mosten,emosten2x@flavors.me,Female,$930178.42,354061229,PP
107,Cobby,Kuhne,ckuhne2y@ifeng.com,Male,$719581.23,1028522812,CC
108,Irving,Golagley,igolagley2z@globo.com,Male,$644941.05,153282279,PP
109,Wake,Menauteau,wmenauteau30@dmoz.org,Male,$984917.85,550502840,CC
110,Cate,Muscat,cmuscat31@so-net.ne.jp,Female,$106101.25,223115758,CC
111,Domingo,Shakeshaft,dshakeshaft32@moonfruit.com,Male,$414095.52,558342951,CC
112,Rivy,Picford,rpicford33@geocities.com,Female,$138677.61,190787514,CC
113,Lu,Corfield,lcorfield34@stanford.edu,Female,$292065.70,503457140,IT
114,Darnell,Hakonsen,dhakonsen35@phoca.cz,Male,$563273.63,586091016,IT
115,Brooks,Hughman,bhughman36@hubpages.com,Male,$690867.64,567082994,IT
116,Gardner,Gerald,ggerald37@e-recht24.de,Male,$649072.95,279715383,IT
117,Berton,Meyrick,bmeyrick38@e-recht24.de,Male,$177114.79,729580807,IT
118,Amata,Mc Gaughey,amcgaughey39@live.com,Female,$166537.66,539189876,IT
119,Jackie,Melson,jmelson3a@webs.com,Male,$257627.57,715279753,CC
120,Elnar,Fabri,efabri3b@si.edu,Male,$872598.16,793141735,PP
121,Candace,Josofovitz,cjosofovitz3c@jalbum.net,Female,$119493.60,233557780,PP
122,Tamas,Bruin,tbruin3d@washingtonpost.com,Male,$897867.14,1029590962,IT
123,Rici,Cavill,rcavill3e@vinaora.com,Female,$271340.39,92007205,PP
124,Ced,Terbrug,cterbrug3f@jugem.jp,Male,$207240.72,451994086,CC
125,Moshe,Durant,mdurant3g@twitter.com,Male,$553822.67,1043873791,CC
126,Kimmie,Videan,kvidean3h@google.es,Female,$988676.13,492430773,CC
127,Friederike,Lanigan,flanigan3i@mtv.com,Female,$240938.60,829182339,IT
128,Urbanus,Pentony,upentony3j@vistaprint.com,Male,$879423.55,97499145,PP
129,Tammy,Soloway,tsoloway3k@sitemeter.com,Male,$227495.09,69987438,IT
130,Melody,Gammidge,mgammidge3l@dailymail.co.uk,Female,$660175.54,731351148,PP
131,Sadie,Francey,sfrancey3m@sbwire.com,Female,$939825.84,165933632,CC
132,Eugine,Braitling,ebraitling3n@patch.com,Female,$855846.23,682763033,CC
133,Maddy,Kilduff,mkilduff3o@rediff.com,Male,$443750.47,397133251,IT
134,Perice,Gribbin,pgribbin3p@pcworld.com,Male,$458805.41,466000981,CC
135,Ceciley,Ducket,cducket3q@tripod.com,Female,$916226.02,103268587,IT
136,Wilek,Whiting,wwhiting3r@imgur.com,Male,$740719.26,480406092,CC
137,Gates,Meehan,gmeehan3s@hostgator.com,Female,$564417.65,703295372,IT
138,Ximenes,Purcell,xpurcell3t@webnode.com,Male,$227144.56,832108550,CC
139,Farley,Drayson,fdrayson3u@globo.com,Male,$128928.19,16792804,CC
140,Sallee,Manley,smanley3v@amazon.co.jp,Female,$359447.76,547929257,CC
141,Angelina,Klimsch,aklimsch3w@admin.ch,Female,$796007.53,352839584,CC
142,Alejandro,Castleton,acastleton3x@ask.com,Male,$128340.39,563362386,IT
143,Abraham,Lebel,alebel3y@squarespace.com,Male,$162360.62,238283173,PP
144,Dulciana,Kewley,dkewley3z@bbb.org,Female,$926876.33,610778260,IT
145,Devlen,Durrell,ddurrell40@soup.io,Male,$728946.36,214422740,PP
146,Ashby,Frow,afrow41@com.com,Male,$630029.04,60607375,IT
147,Edouard,McClosh,emcclosh42@youku.com,Male,$293174.73,448235297,IT
148,Ramon,Ribbon,rribbon43@ihg.com,Male,$995710.82,470967278,IT
149,Annice,Sherrett,asherrett44@chronoengine.com,Female,$544620.18,760537446,CC
150,Katti,Cheke,kcheke45@com.com,Female,$752198.44,173913408,IT
151,Norby,Ferres,nferres46@shutterfly.com,Male,$279132.23,69323260,PP
152,Fernandina,Cottie,fcottie47@fotki.com,Female,$299545.09,136596612,CC
153,Nobe,Wiffen,nwiffen48@quantcast.com,Male,$962360.30,73526788,CC
154,Nike,Wawer,nwawer49@hc360.com,Female,$163589.09,377269667,CC
155,Hoebart,Greyes,hgreyes4a@si.edu,Male,$647232.30,846708720,PP
156,Ora,Kid,okid4b@disqus.com,Female,$522658.64,167356311,PP
157,Val,Duggen,vduggen4c@soundcloud.com,Female,$659786.41,781031772,CC
158,Micki,Manchett,mmanchett4d@ucsd.edu,Female,$617028.60,30564582,IT
159,Rudie,Gonnet,rgonnet4e@ftc.gov,Male,$428686.65,631754648,IT
160,Titus,Cranstone,tcranstone4f@joomla.org,Male,$290588.87,297205979,IT
161,Giulio,Prince,gprince4g@google.de,Male,$620010.64,820781984,PP
162,Buddie,Bettles,bbettles4h@ed.gov,Male,$142752.51,233560747,CC
163,Nona,Ondrak,nondrak4i@un.org,Female,$417725.36,732003005,PP
164,Janna,Causey,jcausey4j@delicious.com,Female,$414767.10,458236476,IT
165,Selia,O'Doherty,sodoherty4k@dagondesign.com,Female,$302397.15,904001655,CC
166,Ingeberg,Fearby,ifearby4l@feedburner.com,Female,$203530.50,556941098,CC
167,Esdras,Mallender,emallender4m@squarespace.com,Male,$635750.20,590853881,CC
168,Georg,Emmanuel,gemmanuel4n@phpbb.com,Male,$644615.92,126333114,PP
169,Lexine,Grishechkin,lgrishechkin4o@angelfire.com,Female,$221080.27,716489748,PP
170,L;urette,Rylstone,lrylstone4p@facebook.com,Female,$253999.77,817484037,IT
171,Bert,Shilton,bshilton4q@cnn.com,Female,$369641.33,482372503,CC
172,Remy,Lorrimer,rlorrimer4r@accuweather.com,Female,$619571.19,470326109,IT
173,Cecilio,Tammadge,ctammadge4s@google.fr,Male,$792316.13,1018712687,IT
174,Abdul,Rozea,arozea4t@free.fr,Male,$556714.45,621004311,PP
175,Tobias,Alliberton,talliberton4u@admin.ch,Male,$976889.76,37326510,CC
176,Obadias,Le Gall,olegall4v@ebay.com,Male,$108379.82,672459062,PP
177,Lindsey,Lemin,llemin4w@biblegateway.com,Male,$889731.45,521622571,IT
178,Mason,Hagergham,mhagergham4x@weather.com,Male,$866949.51,934739168,PP
179,Elihu,Baptie,ebaptie4y@stumbleupon.com,Male,$873485.31,547842052,CC
180,Gardner,Chapelle,gchapelle4z@cmu.edu,Male,$561709.38,829246463,CC
181,Slade,Blofield,sblofield50@wunderground.com,Male,$537337.09,547619584,CC
182,Gardiner,Ackred,gackred51@disqus.com,Male,$163896.23,89332198,IT
183,Peder,Shotboulte,pshotboulte52@answers.com,Male,$702896.48,104956259,IT
184,Willow,Beech,wbeech53@wp.com,Female,$526676.28,402015598,IT
185,Elora,Cobain,ecobain54@i2i.jp,Female,$854451.05,395397845,CC
186,Jessamine,Ossenna,jossenna55@toplist.cz,Female,$682799.86,1014809061,PP
187,Beverlee,Belham,bbelham56@newsvine.com,Female,$405925.55,155208337,PP
188,Evelin,Gaddesby,egaddesby57@slideshare.net,Male,$231029.03,566218698,IT
189,Kara-lynn,Gerram,kgerram58@ovh.net,Female,$874993.91,211750146,IT
190,Haleigh,Wilstead,hwilstead59@networkadvertising.org,Male,$784789.01,1039170599,PP
191,Zack,Heppner,zheppner5a@aol.com,Male,$614960.05,98923769,CC
192,Chan,Tassaker,ctassaker5b@zdnet.com,Male,$444355.84,491236816,IT
193,Teirtza,Anderbrugge,tanderbrugge5c@economist.com,Female,$728772.11,365096161,CC
194,Max,Hemphill,mhemphill5d@vistaprint.com,Male,$206255.58,157634317,CC
195,Monro,Philip,mphilip5e@cornell.edu,Male,$704480.49,834462335,PP
196,Leanora,Plevin,lplevin5f@amazon.de,Female,$173977.87,202031918,CC
197,Lesley,Pattrick,lpattrick5g@vkontakte.ru,Female,$389213.71,70822534,CC
198,Maighdiln,Beckey,mbeckey5h@i2i.jp,Female,$857476.47,92070774,PP
199,Sheffy,Lowdiane,slowdiane5i@yellowbook.com,Male,$105093.16,646363814,IT
200,Gayle,Corcut,gcorcut5j@ow.ly,Female,$707336.87,966048658,PP
201,Emmy,Gogay,egogay5k@flickr.com,Female,$491982.74,625373303,IT
202,Curtice,Estevez,cestevez5l@amazon.co.jp,Male,$514964.24,598010906,CC
203,Ozzy,Tieraney,otieraney5m@google.it,Male,$364499.46,206387589,IT
204,Shelley,Gretton,sgretton5n@over-blog.com,Female,$940180.78,76402598,IT
205,Vally,Jest,vjest5o@ocn.ne.jp,Female,$483760.53,899337772,CC
206,Dacia,Lucks,dlucks5p@shop-pro.jp,Female,$878730.76,1007513460,IT
207,Chance,Gabitis,cgabitis5q@aboutads.info,Male,$612089.96,286991545,IT
208,Dory,Izhaky,dizhaky5r@imgur.com,Female,$304497.71,155791510,CC
209,Bordie,Spinozzi,bspinozzi5s@weather.com,Male,$394051.65,883976742,IT
210,Massimo,Gregolin,mgregolin5t@i2i.jp,Male,$889200.32,838973955,PP
211,Byrle,Giovannini,bgiovannini5u@whitehouse.gov,Male,$735088.63,907891149,IT
212,Hank,Ziemecki,hziemecki5v@prweb.com,Male,$479727.18,38359917,CC
213,Kelvin,Seywood,kseywood5w@harvard.edu,Male,$848949.87,233097088,PP
214,Waylin,Baddiley,wbaddiley5x@deliciousdays.com,Male,$732484.94,384026204,PP
215,Davine,Klemmt,dklemmt5y@technorati.com,Female,$252511.16,1045604567,IT
216,Alejoa,Showler,ashowler5z@thetimes.co.uk,Male,$905903.20,920087738,CC
217,Quill,Haydon,qhaydon60@fema.gov,Male,$370395.87,499020196,PP
218,Tamma,Skarr,tskarr61@marketwatch.com,Female,$751223.98,25888906,CC
219,Dominique,Dufaur,ddufaur62@hugedomains.com,Female,$396001.64,310456713,CC
220,Jenifer,Mathe,jmathe63@abc.net.au,Female,$736464.38,28414389,PP
221,Ingamar,Lumsdaine,ilumsdaine64@twitpic.com,Male,$237207.98,808894146,PP
222,Dewain,Lammerts,dlammerts65@fotki.com,Male,$981374.77,350580266,CC
223,Davin,Guidone,dguidone66@nationalgeographic.com,Male,$744619.83,160424074,PP
224,Ellene,Bricknall,ebricknall67@drupal.org,Female,$684797.54,935515698,CC
225,Greggory,Quarrington,gquarrington68@wordpress.org,Male,$112517.37,357612657,IT
226,Aloise,Deavin,adeavin69@diigo.com,Female,$131011.72,825714752,CC
227,Rabi,Darycott,rdarycott6a@ca.gov,Male,$980982.23,422085659,CC
228,Tammie,Alessandrucci,talessandrucci6b@eventbrite.com,Female,$172593.96,87824327,PP
229,Cindee,Hacquel,chacquel6c@ihg.com,Female,$635069.56,566135514,CC
230,Lacey,Storrah,lstorrah6d@wikimedia.org,Female,$706587.90,394218251,PP
231,Jonathan,Corwin,jcorwin6e@msn.com,Male,$960627.23,692041032,CC
232,Tabbitha,Avramchik,tavramchik6f@macromedia.com,Female,$996582.19,339363845,PP
233,Ginnie,Busen,gbusen6g@slate.com,Female,$364270.30,682680287,IT
234,Donny,Halmkin,dhalmkin6h@alexa.com,Male,$338407.49,35772872,IT
235,Derk,Rumble,drumble6i@deliciousdays.com,Male,$713770.62,458663935,PP
236,Janos,Danilowicz,jdanilowicz6j@mapquest.com,Male,$327096.90,859287160,IT
237,Barri,Seavers,bseavers6k@slashdot.org,Male,$848368.71,495462654,PP
238,Miles,Armes,marmes6l@businessweek.com,Male,$431639.96,441050582,PP
239,Nichole,Langeren,nlangeren6m@feedburner.com,Male,$371436.96,793799155,PP
240,Kaile,Penwell,kpenwell6n@addthis.com,Female,$170177.10,54984603,PP
241,Gilburt,Weeds,gweeds6o@cbc.ca,Male,$434268.67,906039555,CC
242,See,O'Harney,soharney6p@army.mil,Male,$630716.69,205123953,IT
243,Irma,Norwood,inorwood6q@elpais.com,Female,$397881.44,691032459,PP
244,Elsie,Scholtis,escholtis6r@oakley.com,Female,$301518.18,330969446,IT
245,Corey,Woloschinski,cwoloschinski6s@zdnet.com,Male,$709249.43,146371699,IT
246,Merell,Dreschler,mdreschler6t@opera.com,Male,$363104.32,301189042,PP
247,Benoit,Wordley,bwordley6u@gizmodo.com,Male,$610074.91,945675442,IT
248,Sabina,Haysham,shaysham6v@tmall.com,Female,$122599.80,861350006,IT
249,Tremayne,Mattaser,tmattaser6w@ehow.com,Male,$497068.75,873846884,IT
250,Zola,Yearn,zyearn6x@techcrunch.com,Female,$600357.44,1016385142,PP
251,Mareah,Hodgets,mhodgets6y@lycos.com,Female,$824941.85,1012629338,CC
252,Aylmar,Burn,aburn6z@dot.gov,Male,$501726.04,629462131,PP
253,Olenka,McAllaster,omcallaster70@vimeo.com,Female,$854011.53,325203285,IT
254,Morganica,Hollington,mhollington71@delicious.com,Female,$553463.05,88972257,IT
255,Walther,Ouldcott,wouldcott72@microsoft.com,Male,$252201.68,811693053,PP
256,Beret,Latan,blatan73@sourceforge.net,Female,$903824.27,448423116,CC
257,Orton,Ffoulkes,offoulkes74@stumbleupon.com,Male,$328460.38,370893574,IT
258,Courtnay,Braben,cbraben75@wp.com,Female,$208991.98,522855963,PP
259,Demetri,Murrum,dmurrum76@yale.edu,Male,$759907.75,558784275,CC
260,Karim,Cosely,kcosely77@netvibes.com,Male,$274141.54,72846367,CC
261,Ailyn,Barnaby,abarnaby78@twitpic.com,Female,$236158.87,107430818,IT
262,Witty,Groocock,wgroocock79@irs.gov,Male,$706658.95,229649464,IT
263,Celesta,Cracknell,ccracknell7a@chron.com,Female,$978441.19,109866464,IT
264,Byrom,Stevenson,bstevenson7b@wikia.com,Male,$608068.54,761243955,IT
265,Hasty,Ashbe,hashbe7c@accuweather.com,Male,$202172.73,742544930,IT
266,Karyl,Goullee,kgoullee7d@wikimedia.org,Female,$325969.99,291087640,CC
267,Devina,Jewks,djewks7e@live.com,Female,$740819.06,394856965,IT
268,Osgood,Hagard,ohagard7f@google.com.br,Male,$209221.39,105071435,PP
269,Arlene,Lopez,alopez7g@usgs.gov,Female,$792568.87,925523827,CC
270,Janaye,Jan,jjan7h@deviantart.com,Female,$669724.48,255658594,CC
271,Cathi,Fensome,cfensome7i@g.co,Female,$420046.28,689483476,PP
272,Ulysses,Fooks,ufooks7j@google.ca,Male,$104054.46,173988615,IT
273,Cilka,Lewisham,clewisham7k@sbwire.com,Female,$128417.26,804806693,IT
274,Deloris,Furlonge,dfurlonge7l@miibeian.gov.cn,Female,$105206.02,447914000,CC
275,Harley,Roobottom,hroobottom7m@go.com,Male,$652134.29,912083178,CC
276,Cloris,Greeson,cgreeson7n@paypal.com,Female,$603447.16,608082962,PP
277,Dagny,Bickers,dbickers7o@wikimedia.org,Male,$672983.28,405796799,PP
278,Fanchette,Brumble,fbrumble7p@csmonitor.com,Female,$109414.75,812773764,PP
279,Ramsay,Nozzolinii,rnozzolinii7q@wufoo.com,Male,$990322.40,844774616,IT
280,Alica,Armall,aarmall7r@msu.edu,Female,$209891.61,683022794,IT
281,Giff,Sauter,gsauter7s@hugedomains.com,Male,$862639.00,408698303,CC
282,Chelsie,Hansmann,chansmann7t@ning.com,Female,$763707.16,225609230,CC
283,Hakim,Floweth,hfloweth7u@indiatimes.com,Male,$547883.20,285349688,IT
284,Stern,Whittingham,swhittingham7v@dedecms.com,Male,$113714.28,279236267,IT
285,Emma,Mollett,emollett7w@nps.gov,Female,$685552.29,144810107,PP
286,Lane,Badder,lbadder7x@techcrunch.com,Female,$925576.94,121877931,IT
287,Mile,Perfitt,mperfitt7y@cornell.edu,Male,$280205.71,380167225,CC
288,Bethanne,Stroyan,bstroyan7z@techcrunch.com,Female,$134917.13,170551634,CC
289,Aksel,Pinch,apinch80@weather.com,Male,$386351.30,66615464,IT
290,Sarine,Fraanchyonok,sfraanchyonok81@unicef.org,Female,$747617.12,799431706,CC
291,Wilmar,Anderbrugge,wanderbrugge82@jimdo.com,Male,$971954.67,481193065,PP
292,Debera,Loraine,dloraine83@cocolog-nifty.com,Female,$898716.31,184110576,CC
293,Adan,Walch,awalch84@i2i.jp,Female,$964527.70,1049859549,CC
294,Shoshana,Ielden,sielden85@surveymonkey.com,Female,$389048.20,341454492,PP
295,Dorthea,Woolacott,dwoolacott86@livejournal.com,Female,$452797.88,665494224,CC
296,Cory,Di Gregorio,cdigregorio87@w3.org,Male,$532960.87,258129105,IT
297,Ignacio,Benettini,ibenettini88@sitemeter.com,Male,$571411.53,385459693,CC
298,Seumas,Dullaghan,sdullaghan89@twitter.com,Male,$815219.37,820377689,IT
299,Bevvy,Mudle,bmudle8a@arstechnica.com,Female,$989278.43,227964344,IT
300,Lillis,Drinkall,ldrinkall8b@cam.ac.uk,Female,$509593.71,989202941,IT
301,Delainey,Jaulmes,djaulmes8c@ft.com,Male,$783412.83,693124006,IT
302,Kipp,Quincey,kquincey8d@discovery.com,Male,$832090.83,660373960,PP
303,Addia,Portal,aportal8e@mayoclinic.com,Female,$408228.52,894365067,PP
304,Horace,Marvell,hmarvell8f@de.vu,Male,$268655.83,854194944,CC
305,Towney,Caneo,tcaneo8g@instagram.com,Male,$462588.86,755352563,PP
306,Roobbie,Elgram,relgram8h@virginia.edu,Female,$702683.07,514156956,PP
307,Fayth,Lorenc,florenc8i@wired.com,Female,$792624.58,442944442,CC
308,Jock,Dilawey,jdilawey8j@reverbnation.com,Male,$567199.45,1049577392,PP
309,Lilas,Mattityahou,lmattityahou8k@github.io,Female,$163313.58,207785884,IT
310,Myca,Wetherell,mwetherell8l@zimbio.com,Male,$780442.27,1047601604,IT
311,Orsa,Cristea,ocristea8m@ucoz.ru,Female,$288205.96,159728200,PP
312,Worden,Gercken,wgercken8n@springer.com,Male,$106452.67,442276109,CC
313,Broddie,Oxlade,boxlade8o@cnbc.com,Male,$682117.29,227119121,PP
314,Dora,Champley,dchampley8p@japanpost.jp,Female,$864141.57,200788600,PP
315,Eal,Hasling,ehasling8q@mlb.com,Male,$770966.88,513850259,PP
316,Willis,Roddick,wroddick8r@xing.com,Male,$688378.46,246493470,CC
317,Malchy,Arnason,marnason8s@independent.co.uk,Male,$476948.32,1041593660,IT
318,Zilvia,Burk,zburk8t@nifty.com,Female,$812368.38,437187900,CC
319,Veronique,Bewshire,vbewshire8u@kickstarter.com,Female,$593738.10,304323815,IT
320,Rosalie,Selcraig,rselcraig8v@nhs.uk,Female,$755561.03,533728918,PP
321,Jackelyn,McGrouther,jmcgrouther8w@weebly.com,Female,$688578.50,834162022,PP
322,Anne-corinne,De Domenico,adedomenico8x@pen.io,Female,$753355.56,471270144,IT
323,Emmett,Duncanson,eduncanson8y@answers.com,Male,$862873.09,335882736,CC
324,Klaus,Looker,klooker8z@miitbeian.gov.cn,Male,$174949.71,360156761,IT
325,Lynn,Creavin,lcreavin90@time.com,Female,$444834.38,487177204,IT
326,Gloriane,Dumsday,gdumsday91@economist.com,Female,$629166.04,865048756,CC
327,Maryjane,Millis,mmillis92@ehow.com,Female,$697933.34,389969685,IT
328,Sheppard,Dilke,sdilke93@seattletimes.com,Male,$776856.26,851832069,CC
329,Rebe,McCarthy,rmccarthy94@skyrock.com,Female,$405914.34,797593499,IT
330,Crysta,Poulter,cpoulter95@springer.com,Female,$889704.19,79173119,IT
331,Butch,Threadgold,bthreadgold96@lulu.com,Male,$273538.02,229565519,CC
332,Olivier,Joice,ojoice97@hostgator.com,Male,$446397.48,516665219,IT
333,Wally,Browse,wbrowse98@eventbrite.com,Female,$276304.80,97433922,IT
334,Iggy,Galley,igalley99@umn.edu,Male,$747636.60,758492800,PP
335,Lemmy,Roberti,lroberti9a@fema.gov,Male,$418355.72,416115275,IT
336,Bria,Beagin,bbeagin9b@mapy.cz,Female,$733765.18,963866372,CC
337,Margette,Churm,mchurm9c@ihg.com,Female,$583751.93,977072394,IT
338,Joe,Ickovic,jickovic9d@etsy.com,Male,$407076.79,831270462,PP
339,Sigismund,Moxley,smoxley9e@clickbank.net,Male,$101277.32,367007610,IT
340,Luigi,Baptista,lbaptista9f@apache.org,Male,$697124.51,572142501,PP
341,Elihu,Ride,eride9g@newyorker.com,Male,$434559.54,347442038,PP
342,Emmit,Grafham,egrafham9h@who.int,Male,$132453.88,68005594,PP
343,Sindee,Como,scomo9i@cocolog-nifty.com,Female,$861250.71,147159519,CC
344,Andre,Iggalden,aiggalden9j@europa.eu,Male,$863913.24,146578630,PP
345,Ernst,Matveiko,ematveiko9k@creativecommons.org,Male,$851658.38,217260774,IT
346,Jareb,Earey,jearey9l@jalbum.net,Male,$580683.94,114702216,IT
347,Kassi,Ambler,kambler9m@foxnews.com,Female,$469288.39,283410227,PP
348,Zared,Kewish,zkewish9n@usnews.com,Male,$182609.92,511536144,IT
349,Dirk,Wardall,dwardall9o@g.co,Male,$616323.16,134699942,PP
350,Wayne,Betancourt,wbetancourt9p@google.com.br,Male,$290268.61,224209365,PP
351,Bernarr,Pods,bpods9q@jimdo.com,Male,$734378.48,944830974,IT
352,Hugues,Elloit,helloit9r@apache.org,Male,$561856.43,758405075,PP
353,Sven,Champley,schampley9s@free.fr,Male,$709979.03,593102555,IT
354,Dennie,Palke,dpalke9t@nba.com,Female,$400620.27,709418613,IT
355,Worth,Brammer,wbrammer9u@topsy.com,Male,$534372.38,845932721,IT
356,Agna,Arkwright,aarkwright9v@tmall.com,Female,$480361.95,798892482,IT
357,Ardeen,Jerman,ajerman9w@godaddy.com,Female,$812092.21,158614972,IT
358,Celinka,Konrad,ckonrad9x@netlog.com,Female,$139270.91,639789164,PP
359,Dugald,Lemmon,dlemmon9y@sun.com,Male,$716920.20,491732874,PP
360,Noemi,Gavozzi,ngavozzi9z@feedburner.com,Female,$230229.14,936307908,PP
361,Trescha,Salt,tsalta0@java.com,Female,$932589.18,422626028,IT
362,Noel,Shaw,nshawa1@homestead.com,Male,$916225.73,152693264,CC
363,Lindsey,Buckenham,lbuckenhama2@businesswire.com,Female,$236409.40,646656390,IT
364,Christoph,Tomlins,ctomlinsa3@jalbum.net,Male,$443363.69,507927119,PP
365,Emelyne,Stentiford,estentiforda4@buzzfeed.com,Female,$213523.77,1011628076,CC
366,Guthrie,Waddup,gwaddupa5@unc.edu,Male,$166274.27,265570169,PP
367,Krispin,Allatt,kallatta6@redcross.org,Male,$847374.23,1009633332,PP
368,Breena,MacFadin,bmacfadina7@istockphoto.com,Female,$727585.13,266372528,IT
369,Ezequiel,Ginley,eginleya8@yahoo.co.jp,Male,$175229.12,964831622,CC
370,Silvio,Izac,sizaca9@hp.com,Male,$201452.92,309278418,IT
371,Bessie,Stittle,bstittleaa@xrea.com,Female,$474639.39,356725894,CC
372,Kriste,Calcutt,kcalcuttab@hugedomains.com,Female,$148796.37,537259383,CC
373,Moshe,Guinan,mguinanac@amazon.co.uk,Male,$303269.71,278968870,PP
374,Gare,Seine,gseinead@yelp.com,Male,$193580.99,495185620,IT
375,Sonny,Rockell,srockellae@netscape.com,Male,$989935.34,1033331444,PP
376,Hermine,Fromont,hfromontaf@fema.gov,Female,$408874.74,726790010,PP
377,Chucho,Godney,cgodneyag@hud.gov,Male,$965991.99,223068322,CC
378,Debera,Sushams,dsushamsah@macromedia.com,Female,$997861.59,49059214,PP
379,Elsy,Lantiff,elantiffai@redcross.org,Female,$464594.88,746418907,PP
380,Marcelo,Pinder,mpinderaj@techcrunch.com,Male,$472463.62,584298124,IT
381,Aron,Olin,aolinak@nationalgeographic.com,Male,$956689.60,1040989977,IT
382,Jordana,Dundon,jdundonal@bbb.org,Female,$680902.23,443568697,IT
383,Percival,Selbach,pselbacham@aol.com,Male,$775187.48,113973730,CC
384,Karla,Asken,kaskenan@yahoo.com,Female,$831122.94,660384550,CC
385,Brynne,Castellet,bcastelletao@reference.com,Female,$770190.17,429964387,IT
386,Stu,Bundock,sbundockap@smh.com.au,Male,$584603.64,705232846,CC
387,Mick,Frodsam,mfrodsamaq@blog.com,Male,$156944.24,1033250265,PP
388,Joye,McCambridge,jmccambridgear@is.gd,Female,$849594.91,172314074,CC
389,Ellwood,Annets,eannetsas@dagondesign.com,Male,$529748.65,683623915,PP
390,Ivett,Stourton,istourtonat@dyndns.org,Female,$564638.72,102532935,IT
391,Miguelita,Sworder,msworderau@w3.org,Female,$592845.87,883679677,IT
392,Ruddy,Spore,rsporeav@ted.com,Male,$111913.23,354110085,PP
393,Emerson,Marchi,emarchiaw@nih.gov,Male,$315390.06,789222539,PP
394,Cordie,Pounsett,cpounsettax@comcast.net,Female,$948563.84,767128244,CC
395,Ashia,Crolla,acrollaay@e-recht24.de,Female,$342635.11,620770022,CC
396,Beryle,Trodden,btroddenaz@loc.gov,Female,$665668.72,40325104,IT
397,Alix,Marklow,amarklowb0@answers.com,Male,$107466.04,991267107,IT
398,Cly,Canet,ccanetb1@columbia.edu,Male,$477039.47,400610613,IT
399,Evanne,Brasner,ebrasnerb2@indiegogo.com,Female,$226381.72,127421177,PP
400,Abdul,Quinnelly,aquinnellyb3@google.pl,Male,$497311.37,1009212190,CC
401,Harv,Jonke,hjonkeb4@china.com.cn,Male,$250079.58,384007832,IT
402,Edythe,Oxbie,eoxbieb5@opensource.org,Female,$393371.48,925257992,PP
403,Rhody,Buddington,rbuddingtonb6@hubpages.com,Female,$287309.62,677097506,PP
404,Luce,Farquarson,lfarquarsonb7@army.mil,Male,$616879.37,70771560,CC
405,Kaitlynn,McKimmie,kmckimmieb8@theatlantic.com,Female,$825925.85,92740894,PP
406,Barn,Pond-Jones,bpondjonesb9@noaa.gov,Male,$807543.82,436365988,CC
407,Kylila,Welland,kwellandba@barnesandnoble.com,Female,$832144.21,470552241,PP
408,Kaitlyn,Dornin,kdorninbb@typepad.com,Female,$478974.85,605473865,IT
409,Sophia,Laundon,slaundonbc@networksolutions.com,Female,$542502.50,779785529,CC
410,Mar,Welchman,mwelchmanbd@flickr.com,Male,$655765.84,206730126,PP
411,Keenan,MacAindreis,kmacaindreisbe@hud.gov,Male,$640373.40,217864361,PP
412,York,Speechly,yspeechlybf@desdev.cn,Male,$977372.89,733896532,CC
413,Emlynne,Daniellot,edaniellotbg@rambler.ru,Female,$974009.96,267763875,CC
414,Vanna,Keedwell,vkeedwellbh@reuters.com,Female,$478798.34,830427755,CC
415,Dmitri,Esselin,desselinbi@yelp.com,Male,$621263.20,347159165,PP
416,Maighdiln,Hallgate,mhallgatebj@so-net.ne.jp,Female,$229129.21,874551903,PP
417,Walliw,Chalkly,wchalklybk@usa.gov,Female,$426399.21,975230889,PP
418,Giusto,Klarzynski,gklarzynskibl@opensource.org,Male,$333234.08,609460415,PP
419,Uri,Daldry,udaldrybm@usgs.gov,Male,$576394.25,911124475,CC
420,Eberto,Mcwhinney,emcwhinneybn@blogs.com,Male,$490599.91,296125830,IT
421,Dacy,Madigan,dmadiganbo@whitehouse.gov,Female,$673872.88,207497895,PP
422,Vasili,Feare,vfearebp@theglobeandmail.com,Male,$310041.72,862306700,PP
423,Lorilyn,Menego,lmenegobq@ifeng.com,Female,$662460.48,9528107,PP
424,Valerye,Peel,vpeelbr@gnu.org,Female,$607559.74,76097300,CC
425,Samaria,Robelow,srobelowbs@alibaba.com,Female,$958971.33,457256361,PP
426,Saleem,Yukhtin,syukhtinbt@wsj.com,Male,$401819.16,332355615,CC
427,Luis,Colaton,lcolatonbu@spotify.com,Male,$490030.57,305572309,PP
428,Norton,Moline,nmolinebv@cam.ac.uk,Male,$889108.73,768838439,IT
429,Heddie,Durrington,hdurringtonbw@cnbc.com,Female,$242479.64,625057366,PP
430,Tootsie,Klimkin,tklimkinbx@issuu.com,Female,$405875.79,87705391,PP
431,Web,Dring,wdringby@virginia.edu,Male,$557232.23,893116306,IT
432,Clemmy,Elrick,celrickbz@wikipedia.org,Male,$697938.36,437930266,PP
433,Kristofor,Gonzalvo,kgonzalvoc0@chicagotribune.com,Male,$134024.66,204487133,PP
434,Theodore,Knightsbridge,tknightsbridgec1@github.com,Male,$965468.48,636789562,CC
435,Myer,Whitmore,mwhitmorec2@cocolog-nifty.com,Male,$484570.34,903966310,PP
436,Mariquilla,Richten,mrichtenc3@home.pl,Female,$765235.71,172414874,PP
437,Rebekkah,Sankey,rsankeyc4@amazon.co.jp,Female,$556677.89,290248485,IT
438,Leroy,Insole,linsolec5@google.co.jp,Male,$674331.82,964683804,PP
439,Therine,McGuiness,tmcguinessc6@myspace.com,Female,$600872.27,18101461,PP
440,Delphinia,Eymor,deymorc7@cisco.com,Female,$269486.25,210538844,IT
441,Quintilla,Evershed,qevershedc8@ibm.com,Female,$784575.80,193010859,IT
442,Mario,Durrett,mdurrettc9@eepurl.com,Male,$901461.17,786547067,PP
443,Burke,Ibbetson,bibbetsonca@hhs.gov,Male,$189858.24,915732728,PP
444,Sollie,Barde,sbardecb@mapquest.com,Male,$770601.73,377663422,PP
445,Wilburt,Upstone,wupstonecc@pagesperso-orange.fr,Male,$657647.84,1049357390,CC
446,Vivien,Gatch,vgatchcd@geocities.com,Female,$242855.13,392580581,CC
447,Der,Eymor,deymorce@woothemes.com,Male,$766070.19,717256183,PP
448,Esmaria,Pindell,epindellcf@jigsy.com,Female,$153935.59,1031695558,CC
449,Tilda,Gosalvez,tgosalvezcg@friendfeed.com,Female,$574000.48,629844044,IT
450,Rebecka,Rosling,rroslingch@woothemes.com,Female,$180815.21,234625817,PP
451,Selena,Cattach,scattachci@paginegialle.it,Female,$817333.90,17953426,PP
452,Coralyn,Bartali,cbartalicj@1und1.de,Female,$650613.42,799221336,IT
453,Golda,Cockshtt,gcockshttck@google.nl,Female,$600131.96,6992991,IT
454,Fifine,Eburah,feburahcl@sphinn.com,Female,$339263.97,642578504,CC
455,Elianore,Warratt,ewarrattcm@histats.com,Female,$841153.64,274990336,IT
456,Henriette,Normanvill,hnormanvillcn@taobao.com,Female,$222571.18,808514343,IT
457,Kris,Ismail,kismailco@spiegel.de,Female,$450340.71,19111780,IT
458,Allis,Belitz,abelitzcp@miitbeian.gov.cn,Female,$438595.12,529465884,IT
459,Sybil,Devil,sdevilcq@ebay.co.uk,Female,$996926.36,1006541086,CC
460,Hansiain,Wolfendell,hwolfendellcr@sfgate.com,Male,$818710.44,127047655,PP
461,Margaux,Swate,mswatecs@so-net.ne.jp,Female,$713925.30,710423058,IT
462,Phelia,Niemetz,pniemetzct@reddit.com,Female,$471821.66,970735231,CC
463,Garth,Eaddy,geaddycu@disqus.com,Male,$515847.94,576745895,PP
464,Aaren,McGlone,amcglonecv@soup.io,Female,$764732.21,650521441,IT
465,Sylvan,Toolan,stoolancw@imgur.com,Male,$443630.84,617949829,PP
466,Wilhelmine,Corkill,wcorkillcx@marketwatch.com,Female,$289647.66,707464116,PP
467,Norby,Richings,nrichingscy@exblog.jp,Male,$198802.69,470468041,CC
468,Lazar,Rawet,lrawetcz@networkadvertising.org,Male,$784039.99,132497170,PP
469,Worthington,Peasby,wpeasbyd0@cam.ac.uk,Male,$254836.34,620879832,IT
470,Diego,Ziemen,dziemend1@adobe.com,Male,$567572.21,483867457,CC
471,Annadiana,Petr,apetrd2@indiatimes.com,Female,$526518.66,231814825,IT
472,Gabriell,Manz,gmanzd3@senate.gov,Female,$669717.19,714479686,PP
473,Zilvia,Scargle,zscargled4@yahoo.co.jp,Female,$175524.85,207742965,CC
474,Gray,Bellhouse,gbellhoused5@sourceforge.net,Female,$340690.16,34103745,PP
475,Chalmers,Stidworthy,cstidworthyd6@mashable.com,Male,$469747.05,528091534,PP
476,Priscilla,Ranyell,pranyelld7@ovh.net,Female,$363843.64,606872484,CC
477,Pooh,Oakman,poakmand8@utexas.edu,Female,$179862.36,23459242,PP
478,Myranda,Carbine,mcarbined9@bravesites.com,Female,$566332.88,241911024,IT
479,Nariko,Siburn,nsiburnda@craigslist.org,Female,$600756.20,358082196,IT
480,Benjamen,Kensett,bkensettdb@nature.com,Male,$383500.42,466566873,CC
481,Crin,Wayt,cwaytdc@globo.com,Female,$714449.28,521484841,CC
482,Oswald,McGarrie,omcgarriedd@dmoz.org,Male,$536765.53,210895146,PP
483,Susannah,Annon,sannonde@pen.io,Female,$986273.24,904536462,CC
484,Nils,Korous,nkorousdf@globo.com,Male,$733579.37,982329535,CC
485,Elianore,Swinn,eswinndg@shinystat.com,Female,$709234.23,461169636,CC
486,Gustavus,Wadeson,gwadesondh@jalbum.net,Male,$508154.32,256998914,IT
487,Elisa,Van Vuuren,evanvuurendi@elpais.com,Female,$700714.67,580796272,CC
488,Flossie,Sterzaker,fsterzakerdj@census.gov,Female,$787959.43,240138421,CC
489,Georgina,Soanes,gsoanesdk@hostgator.com,Female,$319871.67,989758989,PP
490,Hasty,Meeson,hmeesondl@wiley.com,Male,$877323.19,846561323,CC
491,Leda,Dockery,ldockerydm@businessinsider.com,Female,$942415.65,597880211,IT
492,Zora,Baillie,zbailliedn@newsvine.com,Female,$158760.80,627668040,CC
493,Lenore,Jochanany,ljochananydo@ovh.net,Female,$389375.30,381648185,CC
494,Marty,Bexon,mbexondp@jimdo.com,Male,$921416.03,449445181,CC
495,Kienan,Thake,kthakedq@imageshack.us,Male,$130702.53,41069952,IT
496,Hillary,Cafferty,hcaffertydr@sogou.com,Male,$458300.07,303305760,PP
497,Franklyn,Cullip,fcullipds@vimeo.com,Male,$859071.46,476586958,CC
498,Lorrie,Childerley,lchilderleydt@nymag.com,Male,$774320.53,1007055209,IT
499,Josee,Alves,jalvesdu@phpbb.com,Female,$662974.08,9573162,CC
500,Ellerey,Kruschov,ekruschovdv@biblegateway.com,Male,$437157.41,757390595,IT
501,Oneida,Seymark,oseymarkdw@php.net,Female,$456153.29,208018904,CC
502,Godiva,Treadwell,gtreadwelldx@domainmarket.com,Female,$675744.33,643274794,CC
503,Anne-marie,Tidman,atidmandy@columbia.edu,Female,$128222.12,787219921,CC
504,Friedrich,Shellard,fshellarddz@wikia.com,Male,$828846.06,236984301,PP
505,Antonina,Hurburt,ahurburte0@is.gd,Female,$103309.38,490165492,IT
506,Dulce,Kiwitz,dkiwitze1@simplemachines.org,Female,$460505.43,1027927408,IT
507,Cori,Slixby,cslixbye2@wix.com,Male,$533308.66,597354236,PP
508,Trenton,Ainscow,tainscowe3@salon.com,Male,$593675.68,991230599,CC
509,Sissy,Oxberry,soxberrye4@histats.com,Female,$870284.07,1049893450,PP
510,Ceciley,Rendell,crendelle5@fotki.com,Female,$374672.00,781251923,IT
511,Todd,Westney,twestneye6@techcrunch.com,Male,$892291.31,684720112,CC
512,Kathrine,Yelding,kyeldinge7@earthlink.net,Female,$255815.42,58507385,IT
513,Druci,Norledge,dnorledgee8@infoseek.co.jp,Female,$440397.35,491614376,CC
514,Patten,Janota,pjanotae9@bloomberg.com,Male,$420511.13,815220272,PP
515,Cristina,Brittain,cbrittainea@nsw.gov.au,Female,$453711.21,374622821,CC
516,Monty,Pickthall,mpickthalleb@about.com,Male,$703380.76,545351426,PP
517,Ernest,Simms,esimmsec@google.pl,Male,$753973.53,386258079,CC
518,Dickie,Ruslin,druslined@nationalgeographic.com,Male,$689296.53,9626231,IT
519,Nata,Leatherbarrow,nleatherbarrowee@example.com,Female,$120225.48,858651313,IT
520,Doralynne,Weddeburn - Scrimgeour,dweddeburnscrimgeouref@telegraph.co.uk,Female,$744206.72,267202674,CC
521,Allan,Ilyuchyov,ailyuchyoveg@paginegialle.it,Male,$876546.09,878294122,CC
522,Sutherland,Malham,smalhameh@purevolume.com,Male,$146015.91,965386460,IT
523,Ginger,Lindblad,glindbladei@mac.com,Male,$763500.86,38616855,PP
524,Rena,Paulig,rpauligej@washington.edu,Female,$608087.50,316753127,CC
525,Shena,Vickarman,svickarmanek@skyrock.com,Female,$870023.54,726231234,IT
526,Guglielmo,Rue,grueel@shop-pro.jp,Male,$770091.21,574809741,PP
527,Whitman,Found,wfoundem@themeforest.net,Male,$599318.60,745982964,CC
528,Wallis,Veillard,wveillarden@vistaprint.com,Female,$894437.45,57499404,CC
529,Juliann,Hurtado,jhurtadoeo@feedburner.com,Female,$747911.15,734187958,IT
530,Padgett,Trethowan,ptrethowanep@github.com,Male,$567063.71,48855762,CC
531,Hadley,Ewdale,hewdaleeq@mayoclinic.com,Male,$726496.97,45158668,IT
532,Bevon,Skilbeck,bskilbecker@ocn.ne.jp,Male,$116885.68,909450875,IT
533,Gussi,Tomsa,gtomsaes@cdbaby.com,Female,$329840.16,108574077,CC
534,Rafael,Godthaab,rgodthaabet@ifeng.com,Male,$592102.67,361918047,IT
535,Wenona,Ramelet,wrameleteu@mail.ru,Female,$137317.67,457984056,PP
536,Alasdair,Willishire,awillishireev@webnode.com,Male,$218790.82,517829214,CC
537,Rheta,Adami,radamiew@ucsd.edu,Female,$971981.78,54207824,IT
538,Joshia,Thornhill,jthornhillex@ebay.co.uk,Male,$101255.01,667465510,PP
539,Davon,Coltart,dcoltartey@is.gd,Male,$850418.60,1024139251,IT
540,Tobie,Arstingall,tarstingallez@uiuc.edu,Male,$361805.10,640220301,PP
541,Patsy,Van der Velde,pvanderveldef0@example.com,Female,$410967.27,143288273,PP
542,Jacynth,Rekes,jrekesf1@livejournal.com,Female,$872979.39,898080445,CC
543,Gilligan,Jenne,gjennef2@biblegateway.com,Female,$464869.06,791549701,IT
544,Vaughn,Stowell,vstowellf3@stanford.edu,Male,$358025.61,578997674,IT
545,Justino,Heaker,jheakerf4@earthlink.net,Male,$668613.49,152787039,PP
546,Sandor,Willatts,swillattsf5@myspace.com,Male,$557780.56,17398152,IT
547,Crawford,Hartell,chartellf6@msn.com,Male,$845433.35,815436011,PP
548,Dulcia,Crassweller,dcrasswellerf7@diigo.com,Female,$157312.60,790962361,IT
549,Kikelia,Heeron,kheeronf8@microsoft.com,Female,$539357.34,648512697,CC
550,Fonsie,Backshall,fbackshallf9@accuweather.com,Male,$968660.41,8088129,CC
551,Athena,Boyack,aboyackfa@blog.com,Female,$753215.88,441883416,CC
552,Yovonnda,Wroe,ywroefb@wunderground.com,Female,$965986.67,259931445,IT
553,Hunter,Storck,hstorckfc@google.com,Male,$581158.78,763925729,PP
554,Tally,Garvey,tgarveyfd@kickstarter.com,Female,$770941.21,153089380,PP
555,Shandeigh,Klewer,sklewerfe@utexas.edu,Female,$238410.47,731893986,CC
556,Alejoa,Trenaman,atrenamanff@weebly.com,Male,$139303.66,214035052,IT
557,Ailbert,Clemo,aclemofg@comcast.net,Male,$781335.39,431043404,IT
558,Luca,Dearing,ldearingfh@marketwatch.com,Male,$623840.92,353331980,CC
559,Dodie,Rubinek,drubinekfi@chicagotribune.com,Female,$430779.78,180036114,CC
560,Halli,Dymoke,hdymokefj@jugem.jp,Female,$212295.20,774915542,PP
561,Cleveland,McCague,cmccaguefk@fda.gov,Male,$983403.52,873018411,IT
562,Ozzy,Welds,oweldsfl@shutterfly.com,Male,$368180.58,165529809,IT
563,Ned,Lepope,nlepopefm@disqus.com,Male,$236982.35,728546022,PP
564,Norbie,Safhill,nsafhillfn@japanpost.jp,Male,$489857.62,274189157,PP
565,Clementia,Nurdin,cnurdinfo@pcworld.com,Female,$382485.13,872016022,CC
566,Timi,Tomasino,ttomasinofp@friendfeed.com,Female,$445258.07,996077551,CC
567,Cathleen,Leversuch,cleversuchfq@washington.edu,Female,$385561.49,573421574,CC
568,Morganica,Nimmo,mnimmofr@deliciousdays.com,Female,$788363.94,488203705,PP
569,Ingelbert,Connikie,iconnikiefs@zimbio.com,Male,$848519.27,370474910,PP
570,Eldridge,Kinner,ekinnerft@google.com.au,Male,$842889.66,223170200,PP
571,Eden,Skinn,eskinnfu@wiley.com,Female,$195378.71,537902388,IT
572,Harlie,Wilber,hwilberfv@cloudflare.com,Female,$178717.57,459919149,CC
573,Chalmers,Soigne,csoignefw@domainmarket.com,Male,$801745.21,312820509,CC
574,Rick,Woodrough,rwoodroughfx@com.com,Male,$139711.10,179927283,IT
575,Beckie,Frowing,bfrowingfy@scribd.com,Female,$591324.66,252676489,IT
576,Merry,Feldhorn,mfeldhornfz@google.cn,Female,$575172.70,412977913,PP
577,Marilyn,Boag,mboagg0@arizona.edu,Female,$947131.76,911936510,CC
578,Lamont,Trebilcock,ltrebilcockg1@miibeian.gov.cn,Male,$574935.51,422150750,CC
579,Millisent,Mackelworth,mmackelworthg2@desdev.cn,Female,$468929.41,257694706,CC
580,Hertha,Wilmot,hwilmotg3@globo.com,Female,$618769.57,417214836,PP
581,Reginauld,Lammers,rlammersg4@paypal.com,Male,$515910.69,490163587,CC
582,Tomaso,Skitral,tskitralg5@mail.ru,Male,$123219.78,305228720,IT
583,Karalynn,Wortley,kwortleyg6@rediff.com,Female,$436652.82,820020429,PP
584,Annabel,Randerson,arandersong7@ft.com,Female,$341370.59,964726491,PP
585,Angil,Bontein,abonteing8@furl.net,Female,$159392.84,654235895,IT
586,Daryle,Wippermann,dwippermanng9@trellian.com,Male,$858114.63,1034447953,IT
587,Bent,Cawsey,bcawseyga@sitemeter.com,Male,$389696.38,762072748,PP
588,Hetti,Collar,hcollargb@buzzfeed.com,Female,$958955.00,812811076,PP
589,Lazaro,Daltry,ldaltrygc@nature.com,Male,$441115.89,205354898,IT
590,Nydia,Fretter,nfrettergd@skyrock.com,Female,$958384.95,547887121,IT
591,Antoni,Keepence,akeepencege@rakuten.co.jp,Male,$653283.16,804339982,IT
592,Donall,Laytham,dlaythamgf@woothemes.com,Male,$741088.26,384272871,PP
593,Jackson,Dixsee,jdixseegg@example.com,Male,$371794.92,742491701,PP
594,Hamlin,Grafton-Herbert,hgraftonherbertgh@domainmarket.com,Male,$470447.34,35433961,CC
595,Tate,Drinkel,tdrinkelgi@independent.co.uk,Female,$216408.71,726366622,IT
596,Peder,Mennear,pmenneargj@squidoo.com,Male,$321348.58,760587829,IT
597,Vale,Bulfoot,vbulfootgk@upenn.edu,Male,$691687.81,838618610,CC
598,Hailey,Mahmood,hmahmoodgl@i2i.jp,Male,$865174.25,1035596039,CC
599,Norean,Barles,nbarlesgm@jugem.jp,Female,$933073.38,1046825159,CC
600,Dosi,Zieme,dziemegn@cbsnews.com,Female,$172780.02,615346540,IT
601,Yorgos,Belliss,ybellissgo@theguardian.com,Male,$968399.87,1047566507,IT
602,Dorothea,Jecks,djecksgp@utexas.edu,Female,$572259.12,885033377,PP
603,Molly,Rosensaft,mrosensaftgq@4shared.com,Female,$998592.28,610623460,IT
604,Reeta,Radmer,rradmergr@last.fm,Female,$198795.65,179472048,IT
605,Florian,Auletta,faulettags@imdb.com,Male,$981450.24,702045421,CC
606,Trent,Tonbye,ttonbyegt@digg.com,Male,$663936.49,751336003,PP
607,Bettye,Lysaght,blysaghtgu@china.com.cn,Female,$904910.25,137034673,CC
608,Dagny,Mariot,dmariotgv@omniture.com,Male,$102541.85,690626022,CC
609,Carilyn,Stawell,cstawellgw@theguardian.com,Female,$887916.51,964721947,CC
610,Theodor,Ketteringham,tketteringhamgx@hostgator.com,Male,$877062.02,759637914,PP
611,Shawna,Nunan,snunangy@dailymotion.com,Female,$192864.05,921539127,PP
612,Star,Skeemer,sskeemergz@slashdot.org,Female,$317616.44,686591995,PP
613,Merrily,Hearley,mhearleyh0@tinyurl.com,Female,$725138.34,168141162,CC
614,Walther,Brend,wbrendh1@kickstarter.com,Male,$580863.91,984209551,PP
615,Farr,Littell,flittellh2@samsung.com,Male,$787597.44,754152431,CC
616,Sax,Dunmuir,sdunmuirh3@tmall.com,Male,$579052.98,584033089,IT
617,Zara,Baile,zbaileh4@lycos.com,Female,$745063.49,434488941,PP
618,Dorie,Leahey,dleaheyh5@ezinearticles.com,Male,$572015.00,119027115,PP
619,Liliane,Poynter,lpoynterh6@google.de,Female,$438438.84,783112216,PP
620,Gizela,Loynes,gloynesh7@sitemeter.com,Female,$894691.22,119264371,PP
621,Marget,Ripping,mrippingh8@ted.com,Female,$968708.30,330420578,PP
622,Armin,Wingeat,awingeath9@stanford.edu,Male,$351288.24,21986302,PP
623,Gabbie,Donovan,gdonovanha@wikimedia.org,Female,$744743.87,795618325,CC
624,Lilyan,Espinet,lespinethb@ow.ly,Female,$438913.10,26282448,CC
625,Earle,Sketh,eskethhc@fastcompany.com,Male,$307951.88,7761349,CC
626,Eachelle,Glanert,eglanerthd@blogger.com,Female,$181148.91,519556133,PP
627,Nester,Bute,nbutehe@bing.com,Male,$261080.78,885577991,CC
628,Shaw,Cossar,scossarhf@twitter.com,Male,$431595.27,117690695,CC
629,Jermaine,Fewell,jfewellhg@w3.org,Male,$567425.01,122148070,CC
630,Sibley,Hennemann,shennemannhh@bloglovin.com,Female,$287132.94,919518538,CC
631,Madeline,Garrelts,mgarreltshi@disqus.com,Female,$777018.04,833125791,CC
632,Nikola,Hardiman,nhardimanhj@joomla.org,Male,$847787.77,124899226,PP
633,Skipp,Cossor,scossorhk@dion.ne.jp,Male,$930992.63,1012598284,PP
634,Faith,Works,fworkshl@rakuten.co.jp,Female,$644351.11,226038579,IT
635,Massimo,Kener,mkenerhm@umich.edu,Male,$378631.41,434760029,CC
636,Melinde,Posvner,mposvnerhn@meetup.com,Female,$611694.02,198802616,PP
637,Jasmine,Oles,jolesho@scribd.com,Female,$670336.82,91729306,CC
638,Dee dee,Christopher,dchristopherhp@nydailynews.com,Female,$369885.79,742872084,PP
639,Nevsa,Gun,ngunhq@sourceforge.net,Female,$299882.30,84018766,PP
640,Gwynne,Batterbee,gbatterbeehr@ocn.ne.jp,Female,$834362.67,419905838,IT
641,Chanda,Conybear,cconybearhs@marketwatch.com,Female,$996751.83,504368597,IT
642,Allyn,Fardoe,afardoeht@tamu.edu,Male,$186076.91,207960203,CC
643,Krysta,Acors,kacorshu@springer.com,Female,$225576.18,178102656,PP
644,Dani,Domino,ddominohv@hao123.com,Male,$151292.63,673371923,IT
645,Cassondra,Boadby,cboadbyhw@nps.gov,Female,$954348.90,288659152,CC
646,Vivyanne,Yankishin,vyankishinhx@uol.com.br,Female,$520445.26,973749492,CC
647,Jenica,Gounel,jgounelhy@omniture.com,Female,$799429.63,400561595,IT
648,Hilliard,Gabbat,hgabbathz@newyorker.com,Male,$791599.43,511959428,IT
649,Nina,Chapelle,nchapellei0@salon.com,Female,$482975.91,930097071,CC
650,Lars,Dagworthy,ldagworthyi1@163.com,Male,$184620.65,184174080,CC
651,Mahalia,Liddel,mliddeli2@princeton.edu,Female,$618042.88,986592834,IT
652,Conroy,Hards,chardsi3@cnbc.com,Male,$876645.72,588324810,CC
653,Jonathon,Draycott,jdraycotti4@wsj.com,Male,$106891.52,364830003,IT
654,Skelly,Brimicombe,sbrimicombei5@1und1.de,Male,$940393.86,1010769106,PP
655,Catha,Shelf,cshelfi6@acquirethisname.com,Female,$221957.71,663673398,PP
656,Sylvan,Peele,speelei7@technorati.com,Male,$320818.73,504262277,IT
657,Horton,Dragoe,hdragoei8@discuz.net,Male,$549616.27,828484727,CC
658,Hobey,Le Provost,hleprovosti9@aol.com,Male,$987576.79,828186205,IT
659,Mikol,Zapata,mzapataia@reverbnation.com,Male,$368001.65,348258450,PP
660,Karoline,Dreus,kdreusib@sakura.ne.jp,Female,$357174.33,761796035,CC
661,Quinlan,Glassford,qglassfordic@ihg.com,Male,$541228.83,481201467,PP
662,Norene,Ellacombe,nellacombeid@japanpost.jp,Female,$572557.29,843305102,PP
663,Renard,Jurzyk,rjurzykie@phoca.cz,Male,$439220.50,606487214,IT
664,Dex,Baddeley,dbaddeleyif@addthis.com,Male,$127691.49,833893522,IT
665,Billi,Lasty,blastyig@marriott.com,Female,$794082.99,976152971,CC
666,Ardelle,Thornber,athornberih@time.com,Female,$201163.94,1019072588,IT
667,Towney,Arr,tarrii@xrea.com,Male,$934400.63,613728445,CC
668,Merrick,Minmagh,mminmaghij@qq.com,Male,$783928.47,832975041,CC
669,Sheelah,Dybell,sdybellik@tinyurl.com,Female,$397716.45,443587071,CC
670,Lionel,Sextie,lsextieil@cmu.edu,Male,$184485.92,114152704,PP
671,Cly,Oakley,coakleyim@nba.com,Male,$346016.21,86540101,IT
672,Marwin,Hansemann,mhansemannin@auda.org.au,Male,$165281.56,309416683,IT
673,Crawford,Geharke,cgeharkeio@woothemes.com,Male,$804316.10,587933552,IT
674,Joelynn,Kirkpatrick,jkirkpatrickip@macromedia.com,Female,$321051.18,40381147,CC
675,Emlyn,Pyson,epysoniq@blogtalkradio.com,Female,$839276.52,581000763,PP
676,Glory,Murkitt,gmurkittir@hao123.com,Female,$191306.68,584811765,PP
677,Rafaellle,Booker,rbookeris@fotki.com,Male,$808011.53,445608920,CC
678,Baird,Quilliam,bquilliamit@drupal.org,Male,$289082.69,170804931,PP
679,Dulcea,Feaver,dfeaveriu@jigsy.com,Female,$677180.49,231298937,PP
680,Pedro,McFee,pmcfeeiv@japanpost.jp,Male,$757451.58,307955431,CC
681,Federica,Girke,fgirkeiw@wordpress.com,Female,$432381.06,837827753,CC
682,Bevan,Lusher,blusherix@amazon.co.uk,Male,$896962.12,218766297,CC
683,Ethelbert,Bocking,ebockingiy@is.gd,Male,$211776.97,790444267,CC
684,Augie,Crissil,acrissiliz@netlog.com,Male,$464972.33,675167059,IT
685,Dottie,Stockow,dstockowj0@rediff.com,Female,$495579.18,498916344,IT
686,Billye,Bulbrook,bbulbrookj1@nationalgeographic.com,Female,$690630.94,1012789583,IT
687,Gray,Stiggers,gstiggersj2@godaddy.com,Female,$644544.98,594819561,PP
688,Camala,Biddles,cbiddlesj3@posterous.com,Female,$415819.29,286212169,CC
689,Locke,Anear,lanearj4@digg.com,Male,$995686.05,599727172,IT
690,Laurette,Cloutt,lclouttj5@ed.gov,Female,$331638.89,605666165,CC
691,Letizia,Barroux,lbarrouxj6@desdev.cn,Female,$115223.33,119436027,PP
692,Rosamond,Nicolson,rnicolsonj7@nifty.com,Female,$841109.44,988757897,PP
693,Sayre,Migheli,smighelij8@statcounter.com,Male,$539425.66,348144924,CC
694,Aundrea,Garber,agarberj9@adobe.com,Female,$109622.24,593544721,CC
695,Guy,Cawood,gcawoodja@godaddy.com,Male,$563979.44,882215671,CC
696,Tobye,Dampney,tdampneyjb@wordpress.com,Female,$475943.07,287165750,IT
697,Gerhardt,Muncer,gmuncerjc@apache.org,Male,$942390.14,656858546,IT
698,Joelynn,Ziemens,jziemensjd@elegantthemes.com,Female,$666658.74,62423863,CC
699,Simon,Castaignet,scastaignetje@so-net.ne.jp,Male,$954279.06,951221588,IT
700,Engracia,Saenz,esaenzjf@etsy.com,Female,$802456.69,417030915,PP
701,Padget,De Minico,pdeminicojg@goo.ne.jp,Male,$580021.33,463861828,PP
702,Archer,Tiebe,atiebejh@adobe.com,Male,$261053.86,180534802,PP
703,Sonnnie,Kingsman,skingsmanji@pbs.org,Female,$934681.52,192565157,IT
704,Cami,Balaison,cbalaisonjj@123-reg.co.uk,Female,$101227.33,278669068,PP
705,Paul,Brinicombe,pbrinicombejk@yahoo.com,Male,$588490.79,684575154,PP
706,Noland,Lowey,nloweyjl@wsj.com,Male,$488930.91,847464204,CC
707,Catherin,Roll,crolljm@alibaba.com,Female,$743196.03,192792153,IT
708,Sibilla,Rupert,srupertjn@homestead.com,Female,$333195.10,347301147,IT
709,Everett,Pendry,ependryjo@miibeian.gov.cn,Male,$592810.07,890953528,CC
710,Calhoun,McDuall,cmcdualljp@chronoengine.com,Male,$284722.16,359742473,CC
711,Christoper,Harmston,charmstonjq@cam.ac.uk,Male,$540079.01,935014406,CC
712,Sanders,Lewing,slewingjr@indiegogo.com,Male,$181312.31,1046121281,PP
713,Dalli,Pallant,dpallantjs@flickr.com,Male,$976572.26,464591195,IT
714,Westbrooke,Dicky,wdickyjt@state.gov,Male,$756935.68,903355232,IT
715,Myca,Gornall,mgornallju@aol.com,Male,$669962.42,714336699,CC
716,Itch,Randleson,irandlesonjv@vimeo.com,Male,$405447.83,908696988,CC
717,Abdul,Unsworth,aunsworthjw@163.com,Male,$996868.90,780898213,CC
718,Elsworth,Haxbie,ehaxbiejx@taobao.com,Male,$265201.52,520221350,IT
719,Sherlocke,Tomasi,stomasijy@omniture.com,Male,$540010.80,529444409,CC
720,Bartholomeus,Petrolli,bpetrollijz@soundcloud.com,Male,$645850.50,445303609,PP
721,Tabina,Chellam,tchellamk0@chicagotribune.com,Female,$418733.39,305968638,IT
722,Alphard,McClory,amccloryk1@comsenz.com,Male,$182779.17,653265875,IT
723,Vanna,Griffitts,vgriffittsk2@go.com,Female,$755077.54,646756367,PP
724,Farrel,Tiron,ftironk3@amazon.com,Male,$599451.60,373219182,CC
725,Mart,Sicily,msicilyk4@ehow.com,Male,$600417.57,666522831,IT
726,Noelani,Craggs,ncraggsk5@intel.com,Female,$227721.31,576235242,PP
727,Eldon,Gomby,egombyk6@archive.org,Male,$464395.34,507050387,CC
728,Edgard,Leishman,eleishmank7@moonfruit.com,Male,$131934.36,807329070,PP
729,Pen,Larderot,plarderotk8@slideshare.net,Male,$771282.05,684527137,IT
730,Catlee,Gridon,cgridonk9@craigslist.org,Female,$645795.28,280683541,IT
731,Evangelina,Matfield,ematfieldka@answers.com,Female,$795579.88,817885036,IT
732,Udall,Abrahmson,uabrahmsonkb@godaddy.com,Male,$717471.91,610575645,PP
733,Gertrud,Langtry,glangtrykc@go.com,Female,$437322.69,221726080,CC
734,Dante,Wordsley,dwordsleykd@adobe.com,Male,$105311.44,283124544,CC
735,Clemmy,Coulthard,ccoulthardke@123-reg.co.uk,Male,$135296.79,95688283,CC
736,Eula,Cramond,ecramondkf@timesonline.co.uk,Female,$796602.09,536230869,CC
737,Shanan,Timbrell,stimbrellkg@fotki.com,Male,$648200.75,156032760,PP
738,Orsa,Veevers,oveeverskh@shop-pro.jp,Female,$502646.63,946028260,IT
739,Fowler,Usherwood,fusherwoodki@globo.com,Male,$694332.10,693468287,IT
740,Victor,Ferson,vfersonkj@elpais.com,Male,$163264.92,45228044,IT
741,Meta,Trowsdall,mtrowsdallkk@ovh.net,Female,$411373.87,923237476,PP
742,Jobey,Sleeman,jsleemankl@princeton.edu,Female,$103847.34,202587893,CC
743,Herculie,Klauer,hklauerkm@nationalgeographic.com,Male,$977154.66,620718642,IT
744,Rochelle,Domico,rdomicokn@hexun.com,Female,$563591.68,737755777,CC
745,Tadio,Standing,tstandingko@bravesites.com,Male,$345808.72,419646230,CC
746,Melamie,Pembery,mpemberykp@trellian.com,Female,$585455.71,750176869,CC
747,Carlye,Ridgway,cridgwaykq@webmd.com,Female,$254065.98,261257657,IT
748,Robinson,Sousa,rsousakr@ovh.net,Male,$272365.93,1009105377,PP
749,Bellina,Castelli,bcastelliks@go.com,Female,$620860.67,121318898,PP
750,Delmer,Shevell,dshevellkt@tuttocitta.it,Male,$422630.53,314544707,PP
751,Matty,Hess,mhessku@wunderground.com,Female,$879008.26,654070840,CC
752,Ellwood,Stockhill,estockhillkv@mysql.com,Male,$414245.48,357852530,CC
753,Holt,Suddards,hsuddardskw@ox.ac.uk,Male,$706327.68,679366456,CC
754,Norton,Fayter,nfayterkx@shop-pro.jp,Male,$667209.37,241267605,PP
755,Auberta,Daltry,adaltryky@ycombinator.com,Female,$828351.67,49216519,IT
756,Matthaeus,Domingues,mdomingueskz@google.cn,Male,$990823.36,476883981,IT
757,Reese,Hobbema,rhobbemal0@npr.org,Male,$655679.23,299823009,CC
758,Fernande,Lakin,flakinl1@vistaprint.com,Female,$861908.82,416345052,PP
759,Lorianna,Tyce,ltycel2@vinaora.com,Female,$232203.66,285191679,PP
760,Karrah,Burnett,kburnettl3@icq.com,Female,$633251.96,369783921,PP
761,Babara,Tomney,btomneyl4@behance.net,Female,$345252.61,917658185,CC
762,Jocko,Crossman,jcrossmanl5@dot.gov,Male,$247478.37,91356223,IT
763,Merill,Korbmaker,mkorbmakerl6@hexun.com,Male,$276688.67,33411770,PP
764,Bibbie,Harwell,bharwelll7@youtu.be,Female,$130540.72,604426001,PP
765,Adah,Kunert,akunertl8@pagesperso-orange.fr,Female,$624579.58,262204941,PP
766,Pate,Nolleau,pnolleaul9@ucla.edu,Male,$870079.90,41431712,CC
767,Korie,Ingilson,kingilsonla@nsw.gov.au,Female,$798366.80,14481695,IT
768,Rana,Kurth,rkurthlb@cdbaby.com,Female,$121260.77,563636175,PP
769,Andriette,Bohlens,abohlenslc@msu.edu,Female,$351230.21,257893610,CC
770,Mickie,Stowte,mstowteld@who.int,Female,$492000.71,395374207,IT
771,Sherwin,Ryder,sryderle@businesswire.com,Male,$409071.78,994145234,IT
772,Genni,Creffield,gcreffieldlf@gizmodo.com,Female,$692159.07,404600605,IT
773,Elsbeth,Pollock,epollocklg@yale.edu,Female,$270737.27,946268861,IT
774,Eileen,Philpot,ephilpotlh@edublogs.org,Female,$708178.16,144731364,CC
775,Bjorn,Dow,bdowli@cam.ac.uk,Male,$246542.99,1012195677,IT
776,Adel,Dissman,adissmanlj@pinterest.com,Female,$299466.36,77397132,CC
777,Griffith,Maulkin,gmaulkinlk@cbc.ca,Male,$577826.84,510622614,IT
778,Elias,Hovenden,ehovendenll@blogs.com,Male,$846089.69,214900831,IT
779,Jed,Cuskery,jcuskerylm@shop-pro.jp,Male,$642741.56,441217107,CC
780,Hartley,Kilban,hkilbanln@engadget.com,Male,$918694.29,770884796,CC
781,Ricki,Waistall,rwaistalllo@icq.com,Male,$404005.01,481700313,PP
782,Ezmeralda,Falconer-Taylor,efalconertaylorlp@unc.edu,Female,$576846.02,780972347,IT
783,Guenevere,Ainslee,gainsleelq@de.vu,Female,$226361.36,1037619734,IT
784,Cecile,Layman,claymanlr@linkedin.com,Female,$896040.39,749901687,IT
785,Brandy,Featley,bfeatleyls@kickstarter.com,Male,$165988.60,555763157,CC
786,Larissa,Cameron,lcameronlt@technorati.com,Female,$573511.72,524090759,IT
787,Jourdan,Dampney,jdampneylu@alibaba.com,Female,$631851.73,896203712,CC
788,Hunt,Croxon,hcroxonlv@berkeley.edu,Male,$532611.05,361939325,CC
789,Simona,Brownell,sbrownelllw@multiply.com,Female,$753541.27,646723107,IT
790,Tildy,Cardnell,tcardnelllx@wordpress.com,Female,$398398.38,154279484,CC
791,Conrado,Ordish,cordishly@businessweek.com,Male,$713052.18,545681880,PP
792,Sergeant,Baldery,sbalderylz@mozilla.org,Male,$819052.07,427281689,CC
793,Minni,Ayliffe,mayliffem0@europa.eu,Female,$862908.19,894852467,CC
794,Peterus,Cheesworth,pcheesworthm1@cbsnews.com,Male,$507065.20,457647654,CC
795,Jamey,Oldcote,joldcotem2@ebay.co.uk,Male,$354334.94,927578434,PP
796,Teodoro,Keam,tkeamm3@phpbb.com,Male,$897616.93,710100391,CC
797,Karlyn,Speenden,kspeendenm4@tamu.edu,Female,$294059.76,868972356,PP
798,Patten,Ammer,pammerm5@economist.com,Male,$890941.69,113384995,CC
799,Sonni,Fettes,sfettesm6@prlog.org,Female,$448229.62,148313493,CC
800,Mitch,Manuaud,mmanuaudm7@photobucket.com,Male,$627357.61,339322105,PP
801,Mortie,Golightly,mgolightlym8@jiathis.com,Male,$590802.09,177296048,CC
802,Bordie,Radin,bradinm9@acquirethisname.com,Male,$733816.18,793617058,CC
803,Kalvin,O' Donohoe,kodonohoema@washington.edu,Male,$769097.08,657780107,CC
804,Astrid,Rapley,arapleymb@tinyurl.com,Female,$936617.42,669974515,PP
805,Torre,Caughtry,tcaughtrymc@histats.com,Male,$773158.37,966762784,IT
806,Joceline,Warlaw,jwarlawmd@addtoany.com,Female,$337229.36,882568725,CC
807,Ciel,Marshallsay,cmarshallsayme@dmoz.org,Female,$627118.82,929654145,PP
808,Steven,Jessope,sjessopemf@drupal.org,Male,$785613.25,907412146,IT
809,Westley,Johann,wjohannmg@auda.org.au,Male,$155167.30,372702393,CC
810,Alida,Patington,apatingtonmh@comsenz.com,Female,$662280.91,123998168,IT
811,Tymothy,Radish,tradishmi@ca.gov,Male,$135746.36,643928481,PP
812,Aylmer,Clurow,aclurowmj@slate.com,Male,$889755.44,168283261,IT
813,Wynnie,Castan,wcastanmk@smugmug.com,Female,$494953.33,174360525,CC
814,Kilian,Winkle,kwinkleml@europa.eu,Male,$579421.74,948835277,IT
815,Wood,Bannester,wbannestermm@un.org,Male,$177926.52,642695453,CC
816,Tynan,Arndell,tarndellmn@networksolutions.com,Male,$336918.50,952418220,CC
817,Jayne,Symons,jsymonsmo@tinyurl.com,Female,$820143.30,96553834,PP
818,Jacobo,Boules,jboulesmp@pcworld.com,Male,$749156.82,103010362,CC
819,Pansy,MacAllister,pmacallistermq@ucla.edu,Female,$993287.42,194403680,CC
820,Dorie,Burness,dburnessmr@wp.com,Male,$268972.54,422492261,PP
821,Wenonah,Ladson,wladsonms@e-recht24.de,Female,$315865.54,449593045,CC
822,Loraine,McKearnen,lmckearnenmt@yellowbook.com,Female,$272762.85,386030784,CC
823,Rivy,Hawksley,rhawksleymu@columbia.edu,Female,$109793.71,289418574,IT
824,Benjie,Reinbech,breinbechmv@usa.gov,Male,$564466.97,105214017,PP
825,Serene,Gynni,sgynnimw@nydailynews.com,Female,$998775.20,573292608,CC
826,Elisa,Athey,eatheymx@biglobe.ne.jp,Female,$359163.63,778268088,PP
827,Etan,Gillise,egillisemy@nbcnews.com,Male,$923756.21,1028470693,IT
828,Dedra,Schultz,dschultzmz@mac.com,Female,$946186.47,158740693,CC
829,Hurlee,Spitaro,hspitaron0@theatlantic.com,Male,$111935.90,30186056,CC
830,Monika,Trayton,mtraytonn1@csmonitor.com,Female,$527356.24,790087252,CC
831,Mycah,Ransley,mransleyn2@booking.com,Male,$884797.53,370194836,CC
832,Ottilie,Dowry,odowryn3@jalbum.net,Female,$307714.27,1016342700,CC
833,Quincey,Halbord,qhalbordn4@opensource.org,Male,$933112.15,351125345,CC
834,Jonathon,O'Hagirtie,johagirtien5@mozilla.org,Male,$526555.58,496782185,CC
835,Lowrance,Spykins,lspykinsn6@cocolog-nifty.com,Male,$949919.71,812324185,CC
836,Josh,Blodgett,jblodgettn7@sciencedaily.com,Male,$526485.77,568893917,IT
837,Natividad,Papierz,npapierzn8@pinterest.com,Female,$669633.56,103093467,IT
838,Fifi,Di Batista,fdibatistan9@a8.net,Female,$704750.76,954756851,PP
839,Tomasina,Pummell,tpummellna@bbb.org,Female,$414742.11,362313853,IT
840,Druci,Anfonsi,danfonsinb@yale.edu,Female,$182695.59,262247075,CC
841,Reggie,Grgic,rgrgicnc@nih.gov,Female,$526476.61,490724506,CC
842,Herc,Robottham,hrobotthamnd@w3.org,Male,$931200.31,867235335,IT
843,Grethel,Serfati,gserfatine@tripod.com,Female,$583571.52,766824473,IT
844,Drugi,Donisi,ddonisinf@plala.or.jp,Male,$583985.47,255058537,CC
845,Olin,Terese,otereseng@oakley.com,Male,$735390.04,528958456,PP
846,Lannie,Farnin,lfarninnh@house.gov,Male,$118434.45,1034682688,CC
847,Juli,Breming,jbremingni@squidoo.com,Female,$801907.00,1014696739,IT
848,Andie,MacKeague,amackeaguenj@friendfeed.com,Female,$898109.65,360323392,CC
849,Red,Verey,rvereynk@myspace.com,Male,$182490.00,735424220,IT
850,Beryle,Morteo,bmorteonl@51.la,Female,$593926.99,722940382,PP
851,Filippo,Walford,fwalfordnm@prlog.org,Male,$187632.41,852927292,IT
852,Mathe,Ives,mivesnn@icq.com,Male,$300528.84,858757626,IT
853,Verine,Husthwaite,vhusthwaiteno@twitter.com,Female,$457584.03,198637414,PP
854,Petunia,Karmel,pkarmelnp@barnesandnoble.com,Female,$249312.10,975248276,PP
855,Dolf,Maiden,dmaidennq@ifeng.com,Male,$242514.27,529417364,PP
856,Miranda,Reichert,mreichertnr@parallels.com,Female,$256494.72,140692559,IT
857,Ram,Marcham,rmarchamns@etsy.com,Male,$803767.49,384022464,CC
858,Sonnie,Gounot,sgounotnt@europa.eu,Male,$815489.59,534303336,CC
859,Gottfried,Axe,gaxenu@reference.com,Male,$850852.60,393175528,CC
860,Cally,Doe,cdoenv@studiopress.com,Female,$871213.07,1033250770,PP
861,Jilleen,Bratten,jbrattennw@51.la,Female,$988981.80,763433928,PP
862,Nahum,Dermot,ndermotnx@blogtalkradio.com,Male,$975767.17,282037872,CC
863,Elspeth,Surgen,esurgenny@g.co,Female,$251926.09,554236336,IT
864,Adel,Stampe,astampenz@ihg.com,Female,$189167.88,521144203,CC
865,Patti,Toffetto,ptoffettoo0@craigslist.org,Female,$354460.81,241509501,PP
866,Bride,Ridwood,bridwoodo1@indiatimes.com,Female,$372402.71,957054807,IT
867,Drucy,Breheny,dbrehenyo2@hao123.com,Female,$173330.87,527918628,PP
868,Doy,Wolfit,dwolfito3@qq.com,Male,$115536.37,317599533,PP
869,Emlyn,Salla,esallao4@mapquest.com,Male,$470207.93,215400041,IT
870,Teodora,Feige,tfeigeo5@mail.ru,Female,$322957.71,334093181,PP
871,Haley,Huccaby,hhuccabyo6@hp.com,Female,$538840.93,552744534,IT
872,Alexandro,Dyche,adycheo7@senate.gov,Male,$469297.26,583057039,PP
873,Katina,Hufton,khuftono8@last.fm,Female,$799986.50,243958377,IT
874,Jammal,Florey,jfloreyo9@cornell.edu,Male,$567838.86,136176227,PP
875,Esdras,Cooney,ecooneyoa@howstuffworks.com,Male,$753312.63,895933875,IT
876,Johannes,Janacek,jjanacekob@barnesandnoble.com,Male,$234475.80,354249248,PP
877,Andras,Heavens,aheavensoc@reddit.com,Male,$132245.98,495829499,CC
878,Rodina,Merrgen,rmerrgenod@networksolutions.com,Female,$221650.17,993863463,PP
879,Raina,Quigg,rquiggoe@instagram.com,Female,$923227.68,449279810,CC
880,Moyra,Bunney,mbunneyof@flickr.com,Female,$195515.32,101314619,CC
881,Mari,Hathway,mhathwayog@barnesandnoble.com,Female,$508266.97,880196376,IT
882,Neilla,Crosfeld,ncrosfeldoh@cbsnews.com,Female,$602406.08,854798505,CC
883,Zebedee,Spinige,zspinigeoi@marketwatch.com,Male,$471753.97,957347837,IT
884,Sandy,Cutajar,scutajaroj@patch.com,Male,$241179.83,196534030,IT
885,Shelley,Byass,sbyassok@whitehouse.gov,Male,$962044.29,116444747,CC
886,Elisabet,Craigg,ecraiggol@cdbaby.com,Female,$591018.62,121582585,CC
887,Eward,Croker,ecrokerom@timesonline.co.uk,Male,$151397.97,1008940021,PP
888,Hilda,Palay,hpalayon@dropbox.com,Female,$425912.26,39676928,IT
889,Eziechiele,Idle,eidleoo@harvard.edu,Male,$811452.32,330259897,IT
890,Chadd,Broinlich,cbroinlichop@networksolutions.com,Male,$598266.91,344184242,PP
891,Robinett,Beynon,rbeynonoq@uiuc.edu,Female,$864734.25,225206189,IT
892,Celine,Siman,csimanor@over-blog.com,Female,$423953.60,651651194,IT
893,Barbabas,Prynne,bprynneos@free.fr,Male,$701200.53,1018715872,CC
894,Melisse,Rawles,mrawlesot@discovery.com,Female,$131709.75,369114278,PP
895,Vanny,Genn,vgennou@arizona.edu,Female,$377039.34,1022285711,IT
896,Bernie,Abbitt,babbittov@amazon.com,Female,$873380.36,684159657,PP
897,Jeremie,Keavy,jkeavyow@berkeley.edu,Male,$560540.01,460426342,CC
898,Guendolen,Withur,gwithurox@intel.com,Female,$786962.39,611267410,PP
899,Evvie,Gentery,egenteryoy@cornell.edu,Female,$696116.54,829507150,IT
900,Wallis,Yarnton,wyarntonoz@wordpress.org,Male,$197875.60,185514059,CC
901,Lexine,Drust,ldrustp0@blogs.com,Female,$286737.29,1049090519,IT
902,Vaclav,Tooley,vtooleyp1@hatena.ne.jp,Male,$936977.42,481931630,PP
903,Tasia,Mahony,tmahonyp2@cmu.edu,Female,$361746.99,1005829802,IT
904,Janis,Klyn,jklynp3@jimdo.com,Female,$825136.26,180396210,PP
905,Valida,Schiesterl,vschiesterlp4@zimbio.com,Female,$566837.36,669378437,PP
906,Leanora,Leftridge,lleftridgep5@nbcnews.com,Female,$700211.84,397625109,IT
907,Brit,Gilfillan,bgilfillanp6@nature.com,Male,$985750.70,107476902,CC
908,Willie,Diviny,wdivinyp7@cnet.com,Female,$349572.30,930529829,PP
909,Rayna,Mebius,rmebiusp8@123-reg.co.uk,Female,$660338.17,650442252,CC
910,Jenica,Gillicuddy,jgillicuddyp9@businesswire.com,Female,$652577.11,7140943,PP
911,Bud,Musselwhite,bmusselwhitepa@addtoany.com,Male,$202591.65,497719675,IT
912,Odilia,Murtagh,omurtaghpb@infoseek.co.jp,Female,$563477.37,334668715,PP
913,Saul,Blasli,sblaslipc@guardian.co.uk,Male,$907959.03,51715644,PP
914,Ignacio,Ollive,iollivepd@is.gd,Male,$509292.92,1030242306,CC
915,Erroll,Rosenthal,erosenthalpe@imgur.com,Male,$685912.33,1033933370,CC
916,Dallon,Cisar,dcisarpf@prlog.org,Male,$238114.87,495315466,CC
917,Adelice,Inder,ainderpg@mit.edu,Female,$104123.23,737719576,CC
918,Shandra,Shorbrook,sshorbrookph@arstechnica.com,Female,$478536.14,353224016,PP
919,Dorelle,Charrier,dcharrierpi@posterous.com,Female,$492287.24,719764532,PP
920,Marlo,Johanssen,mjohanssenpj@infoseek.co.jp,Male,$251164.04,188944442,PP
921,Jon,Semrad,jsemradpk@washingtonpost.com,Male,$497272.74,562647951,CC
922,Carlynn,Chene,cchenepl@nhs.uk,Female,$278903.32,617739645,PP
923,Yule,Mogenot,ymogenotpm@hao123.com,Male,$703806.20,723198371,IT
924,Gayla,Hallstone,ghallstonepn@adobe.com,Female,$188517.41,482651696,CC
925,Bessy,Martinuzzi,bmartinuzzipo@yandex.ru,Female,$803952.72,871734023,PP
926,Nonah,Hawkyens,nhawkyenspp@topsy.com,Female,$119377.10,854561187,IT
927,Othilie,Stephenson,ostephensonpq@bloglines.com,Female,$671985.49,79293510,IT
928,Tally,Whiffen,twhiffenpr@wordpress.org,Male,$639955.45,158977428,PP
929,Huey,Durtnel,hdurtnelps@quantcast.com,Male,$350996.24,462197085,PP
930,Brucie,O'Dea,bodeapt@amazon.de,Male,$315992.83,797028228,IT
931,Carolin,Bloggett,cbloggettpu@twitpic.com,Female,$713196.87,358017423,IT
932,Gussi,Mushrow,gmushrowpv@symantec.com,Female,$263163.36,327200325,CC
933,Glynda,Iacopo,giacopopw@phoca.cz,Female,$388856.15,201007030,PP
934,Eldin,Bloy,ebloypx@blogtalkradio.com,Male,$695251.63,815959807,PP
935,Caryl,Smallridge,csmallridgepy@foxnews.com,Male,$780794.57,586809734,IT
936,Valeria,Rizziello,vrizziellopz@mediafire.com,Female,$753919.41,261013837,IT
937,Philippine,Alchin,palchinq0@simplemachines.org,Female,$122681.96,661695023,IT
938,Rogers,Outibridge,routibridgeq1@bloomberg.com,Male,$743674.52,363313978,CC
939,Gardener,Ascrofte,gascrofteq2@studiopress.com,Male,$958122.25,185626416,CC
940,Tibold,Huddle,thuddleq3@ameblo.jp,Male,$177341.76,609815262,CC
941,Filberto,Gasgarth,fgasgarthq4@freewebs.com,Male,$975042.98,123312931,IT
942,Marcile,Norvell,mnorvellq5@wordpress.com,Female,$792441.15,622408246,PP
943,Christian,Lammas,clammasq6@nba.com,Male,$506625.31,772261213,CC
944,Felix,de Voiels,fdevoielsq7@1688.com,Male,$386143.58,226632393,PP
945,Archibold,Flower,aflowerq8@ibm.com,Male,$911008.34,358111574,IT
946,Star,Naulls,snaullsq9@state.tx.us,Female,$794471.99,887529016,IT
947,Kori,Snoding,ksnodingqa@yolasite.com,Female,$739870.91,283130851,IT
948,Arnie,Railton,arailtonqb@mapquest.com,Male,$123011.53,955347920,CC
949,Niki,Pennyman,npennymanqc@themeforest.net,Female,$539770.65,344031605,PP
950,Colleen,Rawlison,crawlisonqd@pagesperso-orange.fr,Female,$777502.12,709382583,CC
951,Angie,Farlamb,afarlambqe@tinypic.com,Male,$876384.49,215614427,IT
952,Damiano,Dobel,ddobelqf@boston.com,Male,$612640.83,767472490,IT
953,Gusty,Peschet,gpeschetqg@timesonline.co.uk,Female,$942848.42,57892228,CC
954,Tucky,Hairyes,thairyesqh@multiply.com,Male,$541255.38,458558098,PP
955,Loella,Kavanagh,lkavanaghqi@dell.com,Female,$742672.04,636892881,PP
956,Paxon,Smyley,psmyleyqj@youku.com,Male,$137955.23,335669267,PP
957,Patty,Wansbury,pwansburyqk@sciencedaily.com,Male,$696965.68,904533213,IT
958,Laraine,Brasher,lbrasherql@flickr.com,Female,$294521.71,190875460,CC
959,Hillery,Wroth,hwrothqm@addtoany.com,Male,$299121.93,861741887,PP
960,Stormy,Kilmister,skilmisterqn@simplemachines.org,Female,$421347.99,15960679,IT
961,Cindra,Baskeyfield,cbaskeyfieldqo@people.com.cn,Female,$889228.90,497956495,PP
962,Alena,Curran,acurranqp@freewebs.com,Female,$731682.26,526146417,PP
963,Lilias,Gierke,lgierkeqq@sphinn.com,Female,$546396.99,1014412274,CC
964,Erin,Cornish,ecornishqr@independent.co.uk,Female,$292707.77,156955959,CC
965,Briant,Duns,bdunsqs@furl.net,Male,$942974.15,530441136,CC
966,Fons,Drinan,fdrinanqt@imgur.com,Male,$119037.21,814740995,CC
967,Ellissa,Urridge,eurridgequ@over-blog.com,Female,$989528.15,138883379,PP
968,Yulma,Patroni,ypatroniqv@cpanel.net,Male,$293384.70,605974380,IT
969,Didi,Smalley,dsmalleyqw@goo.gl,Female,$845378.18,773001552,PP
970,Sonny,Harbour,sharbourqx@springer.com,Male,$342155.70,869991928,PP
971,Lavinie,Tugwell,ltugwellqy@ustream.tv,Female,$161846.18,222964761,IT
972,Dewain,Bezemer,dbezemerqz@angelfire.com,Male,$261999.10,77738390,CC
973,Linette,Willden,lwilldenr0@ameblo.jp,Female,$999436.65,715183103,CC
974,Jacky,Giller,jgillerr1@ucoz.com,Female,$202963.68,228561011,IT
975,Roderick,Franklen,rfranklenr2@forbes.com,Male,$930191.01,679606282,PP
976,Marco,Leeman,mleemanr3@printfriendly.com,Male,$268546.77,25541149,CC
977,Ignazio,Stopher,istopherr4@yandex.ru,Male,$677177.92,569517696,IT
978,Isabelita,Broadbere,ibroadberer5@webeden.co.uk,Female,$339924.40,112623686,IT
979,Dolores,Legan,dleganr6@alexa.com,Female,$965716.24,732157653,IT
980,Alexandro,Sybe,asyber7@xinhuanet.com,Male,$588045.40,343224070,IT
981,Amory,Blazhevich,ablazhevichr8@hao123.com,Male,$157587.08,238228239,IT
982,Ellette,Lockyer,elockyerr9@unesco.org,Female,$326341.14,630408433,IT
983,Carrissa,Renner,crennerra@disqus.com,Female,$107451.70,232485327,CC
984,Filippa,Spellacy,fspellacyrb@bbb.org,Female,$452833.39,308213342,CC
985,Ulrike,Anglin,uanglinrc@hatena.ne.jp,Female,$191547.00,445525499,PP
986,Shoshanna,Howcroft,showcroftrd@cnn.com,Female,$391962.72,303439421,CC
987,Nowell,Crump,ncrumpre@pagesperso-orange.fr,Male,$644698.52,1020331290,IT
988,Reta,Lamps,rlampsrf@abc.net.au,Female,$531955.61,98067754,CC
989,Josephine,Lenihan,jlenihanrg@pinterest.com,Female,$284424.93,899971251,PP
990,Lizzy,Beeze,lbeezerh@google.ca,Female,$800178.34,464111468,IT
991,Carey,Martinuzzi,cmartinuzziri@prnewswire.com,Male,$532146.91,1028823994,PP
992,Ellery,Date,edaterj@yahoo.com,Male,$935859.10,336688071,IT
993,Teodoro,Ship,tshiprk@skype.com,Male,$369187.93,421877326,PP
994,Anderson,Ubach,aubachrl@omniture.com,Male,$282289.26,139259795,PP
995,Emelda,Peerman,epeermanrm@guardian.co.uk,Female,$533032.55,335149318,PP
996,Rochelle,Armitage,rarmitagern@bbb.org,Female,$255458.20,22982633,IT
997,Gertrudis,Dellar,gdellarro@prweb.com,Female,$470299.63,821611427,IT
998,Dixie,Muckart,dmuckartrp@cyberchimps.com,Female,$532824.38,253867312,CC
999,Wait,Inglesfield,winglesfieldrq@yelp.com,Male,$277607.99,791434301,IT
1000,Emelita,Lunbech,elunbechrr@histats.com,Female,$382239.56,943150261,IT
