id,nombre,apellido,email,genero,valor_tx,numero_identificacion,tipo_identificacion
1,Harmonia,Van Der Hoog,hvanderhoog0@engadget.com,Female,$124883.19,653522423,PP
2,Anett,Sansbury,asansbury1@people.com.cn,Female,$321830.09,814404555,IT
3,Cathleen,Sealand,csealand2@bandcamp.com,Female,$933966.84,943827232,CC
4,Karie,Linnett,klinnett3@technorati.com,Female,$846316.47,75323339,CC
5,Bentley,Pauly,bpauly4@msu.edu,Male,$200297.40,875789030,PP
6,Daniella,Bowes,dbowes5@hugedomains.com,Female,$410961.09,904200007,PP
7,Farand,Vinson,fvinson6@hhs.gov,Female,$604342.70,70059081,PP
8,Etty,Ebbage,eebbage7@posterous.com,Female,$834577.06,548575285,CC
9,Marguerite,Casaccio,mcasaccio8@newyorker.com,Female,$740983.36,458194162,CC
10,Zebulen,Hartigan,zhartigan9@mediafire.com,Male,$851261.48,325569501,PP
11,Maribel,Spacie,mspaciea@craigslist.org,Female,$500748.60,397437769,PP
12,Melba,Leibold,mleiboldb@studiopress.com,Female,$362945.42,535349564,CC
13,Juieta,Pellington,jpellingtonc@jigsy.com,Female,$898808.35,423689382,IT
14,Ara,Tissell,atisselld@ask.com,Female,$379455.71,509516749,IT
15,Lorne,Ranfield,lranfielde@naver.com,Female,$155644.47,883067814,CC
16,Silas,Brandt,sbrandtf@1688.com,Male,$960162.76,361734502,IT
17,Pippa,Sexton,psextong@washingtonpost.com,Female,$573476.41,73717258,CC
18,Charlot,Veall,cveallh@wufoo.com,Female,$416821.91,347783618,IT
19,Barron,Greet,bgreeti@feedburner.com,Male,$845086.31,598262615,PP
20,Grant,Ismead,gismeadj@youtube.com,Male,$462423.24,769576054,PP
21,Natalina,Raiston,nraistonk@statcounter.com,Female,$585641.32,794896535,IT
22,Kayle,Jahnel,kjahnell@timesonline.co.uk,Female,$100314.60,42320205,IT
23,Georgianna,Lionel,glionelm@amazonaws.com,Female,$345213.51,758786630,IT
24,Domini,Kave,dkaven@berkeley.edu,Female,$313876.42,238820035,IT
25,Kayle,Phoebe,kphoebeo@mit.edu,Female,$420030.24,995715836,PP
26,Towney,Greensted,tgreenstedp@exblog.jp,Male,$288435.68,803437149,IT
27,Roxanne,Lambourne,rlambourneq@fema.gov,Female,$296133.93,48234746,PP
28,Janey,Wyman,jwymanr@java.com,Female,$789482.33,788312302,CC
29,Kasper,Bowser,kbowsers@desdev.cn,Male,$812914.93,878345866,IT
30,Kipper,Bastide,kbastidet@amazon.de,Male,$334199.64,813592989,CC
31,Sylas,Prendergrass,sprendergrassu@amazon.co.uk,Male,$204764.32,341224237,PP
32,Tammy,Tinghill,ttinghillv@ucla.edu,Female,$856296.81,469827644,IT
33,Goddart,Waddington,gwaddingtonw@fastcompany.com,Male,$430754.84,494076863,PP
34,Rogerio,Stoacley,rstoacleyx@apache.org,Male,$153541.77,854126374,CC
35,Josey,Glen,jgleny@yellowbook.com,Female,$994943.57,297988894,CC
36,Nicoli,Hamnet,nhamnetz@bandcamp.com,Female,$341263.00,830925385,CC
37,Ham,Lamperd,hlamperd10@hhs.gov,Male,$194919.80,866804647,CC
38,Dugald,Straw,dstraw11@wikimedia.org,Male,$711295.02,824237970,PP
39,Ab,Richardes,arichardes12@shareasale.com,Male,$846562.35,1028963847,CC
40,Conan,Laurentino,claurentino13@google.ca,Male,$115148.78,32168995,PP
41,Merill,Daysh,mdaysh14@house.gov,Male,$846411.49,327062185,PP
42,Peirce,Evett,pevett15@tripod.com,Male,$266759.93,945590696,IT
43,Margalo,Dannett,mdannett16@digg.com,Female,$311239.97,506988178,PP
44,Terence,Hazlegrove,thazlegrove17@topsy.com,Male,$508321.66,280155468,IT
45,Meredeth,Sheara,msheara18@jugem.jp,Male,$754480.83,218002016,IT
46,Germana,Pledger,gpledger19@technorati.com,Female,$332147.90,933615929,IT
47,Jessalin,Leavens,jleavens1a@zdnet.com,Female,$571743.74,66879178,CC
48,Sarette,Gallichiccio,sgallichiccio1b@buzzfeed.com,Female,$992471.84,828193434,CC
49,Tedi,Cairns,tcairns1c@howstuffworks.com,Female,$742016.17,73391731,IT
50,Martino,Sterzaker,msterzaker1d@state.tx.us,Male,$713478.90,624108110,IT
51,Aurea,Enderwick,aenderwick1e@europa.eu,Female,$812803.68,997410867,PP
52,Gaultiero,Fishbourn,gfishbourn1f@slideshare.net,Male,$625158.00,695706998,CC
53,Marcus,Chittie,mchittie1g@sitemeter.com,Male,$620352.22,561370152,IT
54,Roarke,Billett,rbillett1h@wordpress.com,Male,$504043.27,456512958,IT
55,Jeno,Bavester,jbavester1i@statcounter.com,Male,$999747.81,778003991,IT
56,Granville,Colliber,gcolliber1j@cmu.edu,Male,$844959.83,822477774,IT
57,Dulcy,Henrionot,dhenrionot1k@dedecms.com,Female,$623539.23,96314059,PP
58,Skipp,Cattlow,scattlow1l@psu.edu,Male,$459054.86,323588856,PP
59,Arabelle,Rubega,arubega1m@infoseek.co.jp,Female,$850273.33,820057796,CC
60,Boonie,Bradder,bbradder1n@theguardian.com,Male,$900881.11,1045161970,PP
61,Kenn,Keavy,kkeavy1o@amazon.co.jp,Male,$159891.79,759992935,IT
62,Trista,Abbis,tabbis1p@xrea.com,Female,$406127.21,392007740,IT
63,Cletis,Fozzard,cfozzard1q@wix.com,Male,$655834.83,263522437,PP
64,Dorian,Lynnitt,dlynnitt1r@bing.com,Female,$873378.75,447505266,IT
65,Der,Dutch,ddutch1s@ebay.co.uk,Male,$872138.06,802476359,CC
66,Thain,Poupard,tpoupard1t@multiply.com,Male,$800349.78,628199844,CC
67,Laurence,Kyndred,lkyndred1u@fotki.com,Male,$400847.55,384939712,CC
68,Ashlie,Jozaitis,ajozaitis1v@bizjournals.com,Female,$357777.84,627286293,CC
69,Tess,Flea,tflea1w@123-reg.co.uk,Female,$199616.69,961903595,PP
70,Spike,Tesimon,stesimon1x@nyu.edu,Male,$506819.27,555386747,PP
71,Marleah,Guillart,mguillart1y@yale.edu,Female,$544043.05,576386816,CC
72,Clim,Plews,cplews1z@mysql.com,Male,$435903.49,693152270,PP
73,Isa,Reimer,ireimer20@canalblog.com,Male,$446695.09,320956165,CC
74,Loreen,Kaplan,lkaplan21@indiegogo.com,Female,$613821.48,1044792566,CC
75,Heywood,Rowantree,hrowantree22@mediafire.com,Male,$355494.16,725245287,IT
76,Gherardo,Haacker,ghaacker23@ustream.tv,Male,$859015.55,217706029,PP
77,Shepard,Baskeyfied,sbaskeyfied24@apache.org,Male,$998729.17,507532257,IT
78,Keith,Notley,knotley25@wordpress.com,Male,$563819.58,497991052,PP
79,Tommi,Brunnstein,tbrunnstein26@microsoft.com,Female,$375692.23,367371902,IT
80,Giffard,Dinjes,gdinjes27@myspace.com,Male,$387772.48,74189965,IT
81,Tabbie,Veighey,tveighey28@go.com,Male,$314411.88,861159036,PP
82,Dermot,Shafto,dshafto29@cbslocal.com,Male,$539326.50,627183832,IT
83,Atlante,Danilovic,adanilovic2a@squarespace.com,Female,$291654.40,28131714,IT
84,Laney,McKeand,lmckeand2b@eepurl.com,Female,$653332.34,566414761,PP
85,Jackquelin,Reilingen,jreilingen2c@hatena.ne.jp,Female,$237486.95,224170810,CC
86,Doti,Steddall,dsteddall2d@home.pl,Female,$123959.96,1030674149,PP
87,Bernie,Prozescky,bprozescky2e@disqus.com,Male,$649491.68,443943400,CC
88,Roth,Daniel,rdaniel2f@wufoo.com,Male,$359856.65,467810065,CC
89,Arlena,Wadeling,awadeling2g@slashdot.org,Female,$685721.44,185563750,IT
90,Cass,Dillestone,cdillestone2h@bloglines.com,Female,$809015.24,481634632,IT
91,Chrissy,Enrigo,cenrigo2i@eventbrite.com,Female,$138920.98,538013083,PP
92,Aviva,Scandrite,ascandrite2j@wisc.edu,Female,$482376.32,667916482,PP
93,Etan,Eunson,eeunson2k@booking.com,Male,$370140.41,305594151,CC
94,Garnette,Harriskine,gharriskine2l@sun.com,Female,$849217.51,883959042,PP
95,Hedy,Elfes,helfes2m@noaa.gov,Female,$673498.57,879563320,CC
96,Doria,Lapham,dlapham2n@ezinearticles.com,Female,$186945.15,672880793,IT
97,Cassandry,Dubique,cdubique2o@accuweather.com,Female,$541810.68,1046516770,CC
98,Manon,Kenrack,mkenrack2p@usa.gov,Female,$190220.11,206006129,IT
99,Alethea,Hilliam,ahilliam2q@amazon.com,Female,$675348.18,617026913,IT
100,Joey,Lodder,jlodder2r@ihg.com,Male,$707182.78,519477781,PP
101,Johny,Hannond,jhannond2s@studiopress.com,Male,$687525.46,507929568,IT
102,Naomi,Thorns,nthorns2t@lycos.com,Female,$664405.37,399205380,PP
103,Antonina,Fladgate,afladgate2u@whitehouse.gov,Female,$370015.22,43177297,PP
104,Kass,Bugbird,kbugbird2v@oakley.com,Female,$359851.98,33407451,IT
105,Maggi,Stracey,mstracey2w@domainmarket.com,Female,$878533.40,11684534,IT
106,Willi,Peter,wpeter2x@zdnet.com,Female,$523327.14,651841638,PP
107,Consuelo,Bolzmann,cbolzmann2y@mtv.com,Female,$672154.80,947103353,IT
108,Abdel,Popplestone,apopplestone2z@bluehost.com,Male,$936692.35,482294099,CC
109,Waylan,Le Galle,wlegalle30@youtu.be,Male,$542296.21,165255345,PP
110,L;urette,Bote,lbote31@stanford.edu,Female,$615987.12,410517464,CC
111,Gael,Quenby,gquenby32@techcrunch.com,Female,$285655.85,581710533,CC
112,Ronnie,McDuff,rmcduff33@senate.gov,Male,$545417.01,715766482,PP
113,Aime,Othick,aothick34@google.cn,Female,$402218.11,447245079,IT
114,Batholomew,Haking,bhaking35@theatlantic.com,Male,$308721.65,9127816,CC
115,Wes,Joao,wjoao36@google.nl,Male,$103615.79,502161396,IT
116,Malina,Deveral,mdeveral37@dailymotion.com,Female,$703595.35,126639615,PP
117,Leland,Gillet,lgillet38@t.co,Female,$798642.43,888144086,IT
118,Wyndham,Wanek,wwanek39@blog.com,Male,$238151.87,365828980,PP
119,Shaylynn,Eusden,seusden3a@feedburner.com,Female,$424128.78,764634040,PP
120,Eddie,Phipson,ephipson3b@alexa.com,Male,$865728.94,554243531,PP
121,Adair,Huburn,ahuburn3c@ustream.tv,Male,$129257.17,1027811501,IT
122,Kara-lynn,Birkenshaw,kbirkenshaw3d@stumbleupon.com,Female,$135476.07,425493422,IT
123,Parry,Kynoch,pkynoch3e@newsvine.com,Male,$623260.98,302766607,CC
124,Tabb,Fanshaw,tfanshaw3f@twitpic.com,Male,$921801.39,358155049,IT
125,Verney,Sapsford,vsapsford3g@taobao.com,Male,$304856.88,652127041,IT
126,Therine,Matushenko,tmatushenko3h@whitehouse.gov,Female,$187147.08,454987207,PP
127,Lee,Dodimead,ldodimead3i@aboutads.info,Male,$130996.38,188306684,IT
128,Vernon,Cottesford,vcottesford3j@livejournal.com,Male,$703453.51,438117886,PP
129,Ferne,O'Doohaine,fodoohaine3k@cbc.ca,Female,$950595.60,366145382,CC
130,Noellyn,Guswell,nguswell3l@csmonitor.com,Female,$641298.11,111014500,PP
131,Chastity,Vasyuchov,cvasyuchov3m@google.com.br,Female,$324966.40,710170325,IT
132,Rosabel,Coggeshall,rcoggeshall3n@google.com.au,Female,$303060.26,565066560,IT
133,Kaleena,Matchett,kmatchett3o@comcast.net,Female,$443239.71,431924218,CC
134,Karlens,Dalgety,kdalgety3p@amazon.de,Male,$381624.21,111467058,PP
135,Cammy,Krugmann,ckrugmann3q@uiuc.edu,Male,$889526.81,528534145,CC
136,Kristy,Filchagin,kfilchagin3r@goo.ne.jp,Female,$699280.43,113734654,IT
137,Goran,Brosnan,gbrosnan3s@example.com,Male,$648708.36,399912467,IT
138,Hobey,Merlin,hmerlin3t@wikipedia.org,Male,$261531.28,241188850,IT
139,Edeline,Trethewey,etrethewey3u@statcounter.com,Female,$168100.43,498154781,CC
140,Frasco,Finn,ffinn3v@ifeng.com,Male,$891142.08,1011952072,IT
141,Doris,Plues,dplues3w@amazon.de,Female,$470087.56,730867276,IT
142,Hannie,Crenshaw,hcrenshaw3x@aboutads.info,Female,$900990.03,685826456,IT
143,Crysta,Plumridge,cplumridge3y@twitpic.com,Female,$303821.39,23046812,IT
144,Devi,Pawels,dpawels3z@apache.org,Female,$303291.21,1045153795,PP
145,Ulric,Hamsson,uhamsson40@microsoft.com,Male,$796894.48,820103114,IT
146,Andrey,Froggatt,afroggatt41@weather.com,Male,$643916.71,677650410,PP
147,Fawn,Lardeur,flardeur42@xinhuanet.com,Female,$660297.27,332033801,CC
148,Cully,Kilmurry,ckilmurry43@nydailynews.com,Male,$432771.78,827571232,PP
149,Dorri,Serck,dserck44@webnode.com,Female,$140460.91,776110949,CC
150,Emelia,Soame,esoame45@qq.com,Female,$743268.00,246048393,IT
151,Caddric,Easey,ceasey46@sohu.com,Male,$787951.35,964638328,IT
152,Findlay,Nias,fnias47@bbb.org,Male,$406893.10,204187925,CC
153,Rosco,Camolli,rcamolli48@jimdo.com,Male,$214725.80,120953452,CC
154,Orville,Sever,osever49@biglobe.ne.jp,Male,$485283.64,275295506,PP
155,Neile,Beggan,nbeggan4a@wisc.edu,Female,$538157.17,508042866,CC
156,Wilhelmina,Andreuzzi,wandreuzzi4b@noaa.gov,Female,$612581.79,70494779,IT
157,Herman,Mapledoore,hmapledoore4c@utexas.edu,Male,$821359.70,24004993,PP
158,Judie,Tayt,jtayt4d@elegantthemes.com,Female,$184188.87,662835843,IT
159,Kimberly,Seebert,kseebert4e@feedburner.com,Female,$313481.13,441234280,CC
160,Vera,Damrel,vdamrel4f@reddit.com,Female,$792721.98,206523877,CC
161,Ricardo,Roderham,rroderham4g@pen.io,Male,$824884.77,40786033,CC
162,Teri,Fanning,tfanning4h@ustream.tv,Female,$335465.14,189896029,PP
163,Miguelita,Stalf,mstalf4i@cloudflare.com,Female,$242997.03,282972489,PP
164,Kristos,Whorlton,kwhorlton4j@sciencedaily.com,Male,$442921.62,557530428,CC
165,Nathanial,Klas,nklas4k@timesonline.co.uk,Male,$775631.67,94579064,CC
166,Vivi,Hannond,vhannond4l@huffingtonpost.com,Female,$572909.29,694413481,CC
167,Ware,Marty,wmarty4m@purevolume.com,Male,$916487.30,602645018,PP
168,Marina,Pontefract,mpontefract4n@chron.com,Female,$538128.37,153560858,PP
169,Elvina,Curphey,ecurphey4o@google.cn,Female,$658223.59,110554352,CC
170,Philipa,Harbron,pharbron4p@miibeian.gov.cn,Female,$549451.74,648760951,PP
171,Bordie,Clemson,bclemson4q@artisteer.com,Male,$778746.16,994856686,IT
172,Elianore,Croci,ecroci4r@uol.com.br,Female,$741110.95,520903806,CC
173,Emmy,Fant,efant4s@reverbnation.com,Male,$623582.19,827350407,IT
174,Kendell,Benallack,kbenallack4t@weather.com,Male,$251443.80,241206949,PP
175,Peter,Coombs,pcoombs4u@networkadvertising.org,Male,$567398.65,702559183,PP
176,Armando,Foss,afoss4v@rakuten.co.jp,Male,$779328.22,384178616,IT
177,Burke,Cotte,bcotte4w@themeforest.net,Male,$750565.78,300410411,PP
178,Maryl,Scorrer,mscorrer4x@ftc.gov,Female,$560402.80,215226812,IT
179,Rois,Kordt,rkordt4y@ustream.tv,Female,$257073.44,953634633,IT
180,Giacinta,Duckhouse,gduckhouse4z@tuttocitta.it,Female,$480277.65,769050173,PP
181,Halie,Watford,hwatford50@shinystat.com,Female,$934734.87,961280429,CC
182,Carie,Filipowicz,cfilipowicz51@list-manage.com,Female,$692343.27,227068393,IT
183,Larry,Ridsdell,lridsdell52@google.pl,Male,$248791.49,123412933,PP
184,Jacob,Maffeo,jmaffeo53@1und1.de,Male,$627959.18,634202568,PP
185,Bradley,Derill,bderill54@sciencedaily.com,Male,$963357.44,969037156,IT
186,Massimiliano,Dewdeny,mdewdeny55@hao123.com,Male,$692886.75,530717495,CC
187,Mel,Dashkov,mdashkov56@unc.edu,Female,$538754.25,475554468,CC
188,Roth,Gouldbourn,rgouldbourn57@people.com.cn,Male,$301216.43,745848221,CC
189,Carri,Dudding,cdudding58@disqus.com,Female,$336698.97,125933297,CC
190,Fabian,Flello,fflello59@free.fr,Male,$278355.70,793376413,CC
191,Gothart,MacNeill,gmacneill5a@drupal.org,Male,$702200.08,897259488,IT
192,Harlen,Avramchik,havramchik5b@gmpg.org,Male,$870129.68,859921204,PP
193,Rahel,Rainard,rrainard5c@360.cn,Female,$626191.92,1048663489,CC
194,Horace,Le Grice,hlegrice5d@ucoz.com,Male,$871891.12,561507874,IT
195,Hamlen,Alekseev,halekseev5e@techcrunch.com,Male,$874475.14,640057349,PP
196,Shadow,Dragge,sdragge5f@amazon.co.uk,Male,$997270.16,916803723,IT
197,Sunny,Yukhnin,syukhnin5g@google.pl,Male,$885336.73,512062969,PP
198,Brinna,Carey,bcarey5h@reddit.com,Female,$975922.71,431025966,PP
199,Blair,Bowery,bbowery5i@imdb.com,Male,$292817.01,79098420,IT
200,Laetitia,Rubke,lrubke5j@wiley.com,Female,$716659.78,407408729,IT
201,Benedikt,Boulds,bboulds5k@fda.gov,Male,$942292.64,140212113,PP
202,Cate,Glavias,cglavias5l@shutterfly.com,Female,$241592.76,543105500,PP
203,Alain,Bourne,abourne5m@ox.ac.uk,Male,$185153.97,524680349,CC
204,Meade,Lerer,mlerer5n@ucoz.ru,Female,$873040.25,256638333,IT
205,Georgianne,Beadon,gbeadon5o@intel.com,Female,$917011.98,115854321,PP
206,Saxon,McConnal,smcconnal5p@rambler.ru,Male,$866254.98,75145959,CC
207,Randene,Dongall,rdongall5q@google.com.br,Female,$948821.07,1013237810,PP
208,Adorne,Spridgeon,aspridgeon5r@hatena.ne.jp,Female,$247049.69,489584935,CC
209,Marve,Blincoe,mblincoe5s@globo.com,Male,$576252.06,398374407,PP
210,Garnette,Broadwood,gbroadwood5t@intel.com,Female,$452996.45,1014918666,IT
211,Isidor,Costin,icostin5u@webnode.com,Male,$147389.44,70610735,IT
212,Baxie,Divers,bdivers5v@wordpress.org,Male,$332868.42,557402156,IT
213,Valerye,Dowdall,vdowdall5w@ycombinator.com,Female,$838579.60,250549377,IT
214,Raddie,Ladbury,rladbury5x@kickstarter.com,Male,$635075.77,336216787,CC
215,Calvin,Ygoe,cygoe5y@feedburner.com,Male,$773197.42,134381112,PP
216,Ellwood,Klimentyonok,eklimentyonok5z@businesswire.com,Male,$437158.61,749329788,CC
217,Yul,Dilston,ydilston60@lulu.com,Male,$629508.81,717352658,CC
218,Aldus,Devin,adevin61@ycombinator.com,Male,$609376.29,52252111,IT
219,Ailey,Balazot,abalazot62@github.io,Female,$807327.44,352165488,PP
220,Moyra,Ferbrache,mferbrache63@imageshack.us,Female,$513725.40,1027284057,CC
221,Brand,Dawby,bdawby64@symantec.com,Male,$874759.99,390512376,CC
222,Samantha,D'Costa,sdcosta65@quantcast.com,Female,$634690.87,315116477,CC
223,Sterne,Wiburn,swiburn66@weather.com,Male,$968441.42,115310049,PP
224,Roosevelt,Coston,rcoston67@fc2.com,Male,$340072.47,301724832,CC
225,Hamid,Bawme,hbawme68@uiuc.edu,Male,$824171.83,354202496,PP
226,West,Josiah,wjosiah69@harvard.edu,Male,$838974.41,229377655,IT
227,Brandy,Hewes,bhewes6a@jigsy.com,Female,$307431.12,869967508,IT
228,Sydel,Redshaw,sredshaw6b@spiegel.de,Female,$306948.09,740628118,PP
229,Cinnamon,Pulbrook,cpulbrook6c@skype.com,Female,$446748.11,224900213,IT
230,Terrie,Loude,tloude6d@youtu.be,Female,$533953.27,908785999,CC
231,Gaven,Pitchers,gpitchers6e@vk.com,Male,$194569.99,583717747,PP
232,Mylo,Vaughten,mvaughten6f@huffingtonpost.com,Male,$399513.02,657346959,PP
233,Trenna,Hankins,thankins6g@auda.org.au,Female,$188449.93,571861480,CC
234,Penelope,Wheatland,pwheatland6h@globo.com,Female,$402546.78,1023118057,CC
235,Christie,Rainforth,crainforth6i@gnu.org,Male,$527050.81,587016817,CC
236,Boigie,Fawley,bfawley6j@plala.or.jp,Male,$830455.50,63620436,PP
237,Wells,Rames,wrames6k@odnoklassniki.ru,Male,$898625.62,503154747,IT
238,Finlay,Bishell,fbishell6l@tamu.edu,Male,$947400.30,878437241,PP
239,Hilton,Josilevich,hjosilevich6m@intel.com,Male,$789913.79,294687147,CC
240,Rad,Blazi,rblazi6n@cnn.com,Male,$436358.44,146183787,CC
241,Leanora,Hawking,lhawking6o@surveymonkey.com,Female,$360763.25,61583188,CC
242,Izzy,Hare,ihare6p@microsoft.com,Male,$759404.28,116233584,IT
243,Roobbie,Shilvock,rshilvock6q@histats.com,Female,$732020.20,690321203,IT
244,Chevalier,Agus,cagus6r@army.mil,Male,$215157.24,505591889,CC
245,Pace,Danher,pdanher6s@drupal.org,Male,$943354.77,908450123,IT
246,Poul,Santer,psanter6t@sohu.com,Male,$597174.26,172518689,IT
247,Helen-elizabeth,O'Corhane,hocorhane6u@multiply.com,Female,$915478.94,475992001,PP
248,Rosalind,Cruse,rcruse6v@ucoz.ru,Female,$131024.66,533519290,PP
249,Andree,Ainslie,aainslie6w@networkadvertising.org,Female,$642288.76,957923915,CC
250,Raychel,Randleson,rrandleson6x@chron.com,Female,$433229.82,851286917,PP
251,Ettie,Leahy,eleahy6y@kickstarter.com,Female,$289331.63,599374919,IT
252,Denys,Anlay,danlay6z@ca.gov,Female,$302939.54,827661803,CC
253,Sigfried,Bumford,sbumford70@wikimedia.org,Male,$476800.32,378869135,PP
254,Donall,Brothwood,dbrothwood71@kickstarter.com,Male,$974934.24,525486180,IT
255,Janot,Cundict,jcundict72@bloglovin.com,Female,$716851.44,869722602,IT
256,Hector,Bullard,hbullard73@psu.edu,Male,$492957.39,487989599,CC
257,Johnny,Wayland,jwayland74@fema.gov,Male,$617764.13,299635011,CC
258,Rosette,Bielefeld,rbielefeld75@1und1.de,Female,$402522.41,303710524,PP
259,Berk,Aharoni,baharoni76@washington.edu,Male,$707907.31,72884481,PP
260,Peyter,Dahlman,pdahlman77@storify.com,Male,$195250.50,348826165,PP
261,Ange,Petrak,apetrak78@meetup.com,Male,$797776.64,687824137,IT
262,Monty,Kebbell,mkebbell79@purevolume.com,Male,$300928.74,364935598,IT
263,Andria,Kollatsch,akollatsch7a@yale.edu,Female,$154159.93,326310772,PP
264,Rayshell,Collett,rcollett7b@woothemes.com,Female,$241906.92,704139863,PP
265,Beverly,Caddell,bcaddell7c@usnews.com,Female,$177809.17,131518366,CC
266,Nancee,Greest,ngreest7d@constantcontact.com,Female,$424418.75,774851365,PP
267,Adlai,Raymont,araymont7e@scientificamerican.com,Male,$698304.19,492258772,CC
268,Shamus,Kearns,skearns7f@aboutads.info,Male,$705018.97,1023372679,CC
269,Nomi,Stedmond,nstedmond7g@nydailynews.com,Female,$681193.75,702435185,IT
270,Shermie,Yearsley,syearsley7h@jimdo.com,Male,$735050.70,1028794307,CC
271,Fianna,Manwell,fmanwell7i@bloglines.com,Female,$242273.55,643879172,CC
272,Dallas,Reade,dreade7j@typepad.com,Female,$356962.70,197014296,IT
273,Kent,Eastabrook,keastabrook7k@issuu.com,Male,$663379.14,591979956,CC
274,Werner,Haggis,whaggis7l@shop-pro.jp,Male,$296713.94,816420250,CC
275,Ezechiel,Goddman,egoddman7m@feedburner.com,Male,$309976.42,599375582,IT
276,Wait,Risom,wrisom7n@vk.com,Male,$223699.33,427111083,IT
277,Hamlin,Adacot,hadacot7o@reverbnation.com,Male,$280323.69,656311938,CC
278,Babette,Hummerston,bhummerston7p@patch.com,Female,$418108.69,159506746,IT
279,Franky,Benneton,fbenneton7q@china.com.cn,Female,$509343.49,650335329,CC
280,Cora,Sandwick,csandwick7r@yahoo.com,Female,$275403.52,913512400,CC
281,Welbie,Punton,wpunton7s@exblog.jp,Male,$652657.40,910602730,IT
282,Morley,Aylward,maylward7t@php.net,Male,$453453.04,633946734,PP
283,Carlie,Fairnie,cfairnie7u@cam.ac.uk,Female,$923512.96,779578777,PP
284,Neville,Meah,nmeah7v@webeden.co.uk,Male,$560967.57,420742501,PP
285,Maura,McOnie,mmconie7w@vkontakte.ru,Female,$855364.18,90119663,PP
286,Kermy,Southwood,ksouthwood7x@dot.gov,Male,$750497.15,1015044499,PP
287,Stevena,Walczak,swalczak7y@yellowbook.com,Female,$936306.66,598619222,IT
288,Andriette,Tupper,atupper7z@blogs.com,Female,$442708.91,257152725,CC
289,Noell,Cordner,ncordner80@pinterest.com,Female,$776434.44,139643511,IT
290,Farra,Kerne,fkerne81@mtv.com,Female,$958955.87,569113263,PP
291,Julissa,LeEstut,jleestut82@icq.com,Female,$402511.55,54371451,CC
292,Nanette,Bolt,nbolt83@google.es,Female,$660959.49,318465600,IT
293,Jackquelin,Elphinstone,jelphinstone84@meetup.com,Female,$500092.62,39165823,CC
294,Alvy,Leggin,aleggin85@theguardian.com,Male,$162710.30,712590003,IT
295,Jarrid,Turgoose,jturgoose86@weather.com,Male,$241282.33,103283175,PP
296,Chrystel,Swetland,cswetland87@ycombinator.com,Female,$279805.53,987912395,IT
297,Keene,Thurstan,kthurstan88@cnbc.com,Male,$499350.10,817577743,IT
298,Carolynn,Greenly,cgreenly89@lycos.com,Female,$503755.63,773403557,CC
299,Lucina,Dowears,ldowears8a@vk.com,Female,$270504.52,1033293311,PP
300,Dacey,Derdes,dderdes8b@theatlantic.com,Female,$355852.65,391053460,IT
301,Daffie,Fallanche,dfallanche8c@stumbleupon.com,Female,$798805.97,889409816,CC
302,Evangelia,Breit,ebreit8d@goodreads.com,Female,$987864.57,818536858,PP
303,Tony,Coulson,tcoulson8e@irs.gov,Male,$525047.86,602032588,CC
304,Lynnett,Milverton,lmilverton8f@bloomberg.com,Female,$687572.89,742575899,CC
305,Bruis,McBay,bmcbay8g@fema.gov,Male,$477386.30,695689787,IT
306,Mignonne,Maffulli,mmaffulli8h@washingtonpost.com,Female,$874918.49,1024321192,CC
307,Trev,Tchir,ttchir8i@hhs.gov,Male,$779721.32,380290816,CC
308,Torey,Swinfon,tswinfon8j@upenn.edu,Male,$963629.96,928000133,CC
309,Duff,Craven,dcraven8k@businessinsider.com,Male,$742197.59,775921685,IT
310,Ambros,Carmont,acarmont8l@discovery.com,Male,$341879.49,104302945,PP
311,Tobe,Allcott,tallcott8m@businessinsider.com,Female,$936729.35,318669444,IT
312,Siusan,Macrow,smacrow8n@google.com.br,Female,$857763.81,742681655,CC
313,Lyda,Crowder,lcrowder8o@reuters.com,Female,$701945.82,244110393,IT
314,Maxy,Foynes,mfoynes8p@yahoo.com,Male,$707643.68,681174684,PP
315,Raynor,Tongue,rtongue8q@dion.ne.jp,Male,$876996.78,588623012,CC
316,Cal,Harewood,charewood8r@fastcompany.com,Female,$843546.60,419429520,CC
317,Sayer,Yurocjkin,syurocjkin8s@europa.eu,Male,$600449.68,776715820,IT
318,Claribel,Gloucester,cgloucester8t@cdbaby.com,Female,$448383.98,412936658,CC
319,Jordon,Josovich,jjosovich8u@china.com.cn,Male,$571844.28,83542890,CC
320,Jody,Amis,jamis8v@gov.uk,Male,$511923.56,453150722,CC
321,Sheffield,Francescone,sfrancescone8w@ebay.com,Male,$151821.88,842535188,PP
322,Drucy,Ellicombe,dellicombe8x@boston.com,Female,$628265.19,408536604,IT
323,Jenelle,Fisk,jfisk8y@pbs.org,Female,$163078.42,550298444,CC
324,Mona,Rutherford,mrutherford8z@imageshack.us,Female,$319707.58,958401365,CC
325,Estrella,Blackburn,eblackburn90@dell.com,Female,$621355.92,310106566,PP
326,Rickie,Malby,rmalby91@omniture.com,Female,$413090.46,7665947,IT
327,Ode,Winchurst,owinchurst92@newyorker.com,Male,$521901.87,268527775,IT
328,Anson,Spens,aspens93@reference.com,Male,$921236.56,27612319,PP
329,Myrna,Macci,mmacci94@istockphoto.com,Female,$379872.02,387678145,CC
330,Shayla,Swyne,sswyne95@foxnews.com,Female,$115195.55,522148626,CC
331,Marcel,Kibbee,mkibbee96@google.com,Male,$935817.20,265688454,IT
332,Jenni,Biernat,jbiernat97@cdc.gov,Female,$872647.18,1019797311,IT
333,Estevan,Gillson,egillson98@noaa.gov,Male,$367167.93,950044038,CC
334,Prue,McArthur,pmcarthur99@abc.net.au,Female,$834050.30,267640244,CC
335,Norry,Mc Gee,nmcgee9a@addthis.com,Female,$578322.76,224245361,CC
336,Lezley,Bunney,lbunney9b@parallels.com,Male,$140047.70,704168139,IT
337,Jordan,Wordsworth,jwordsworth9c@google.pl,Female,$701031.33,406667800,IT
338,Hayward,Gratrex,hgratrex9d@i2i.jp,Male,$506830.79,928192251,PP
339,Betti,Caizley,bcaizley9e@dagondesign.com,Female,$679110.08,457595526,IT
340,Jasmine,Reinhardt,jreinhardt9f@mozilla.org,Female,$356962.59,488728588,CC
341,Cecily,O'Dulchonta,codulchonta9g@ibm.com,Female,$661085.12,788307521,PP
342,Jean,Ciccerale,jciccerale9h@freewebs.com,Male,$104185.51,609583242,PP
343,Georgena,Blofeld,gblofeld9i@ucla.edu,Female,$470927.45,753287401,PP
344,Deane,Edgson,dedgson9j@reddit.com,Male,$188899.75,292699291,PP
345,Monah,Muncie,mmuncie9k@phpbb.com,Female,$291877.75,431252653,IT
346,Isak,Robbey,irobbey9l@barnesandnoble.com,Male,$350126.16,74194686,PP
347,Samuel,Rowell,srowell9m@rambler.ru,Male,$295403.41,50752822,PP
348,Guilbert,Tomanek,gtomanek9n@ovh.net,Male,$416072.73,435812615,IT
349,Betta,Bartosiak,bbartosiak9o@amazonaws.com,Female,$836705.58,68624626,CC
350,Viv,Proback,vproback9p@dagondesign.com,Female,$770123.25,423062356,PP
351,Arri,MacMaster,amacmaster9q@blogs.com,Male,$401568.47,892646706,PP
352,Benedicto,Thackwray,bthackwray9r@newsvine.com,Male,$795440.45,580143338,PP
353,Amble,MacGoun,amacgoun9s@dion.ne.jp,Male,$301246.84,977729205,PP
354,Drusilla,Tiner,dtiner9t@washington.edu,Female,$668637.42,347814648,PP
355,Sanson,Pickwell,spickwell9u@howstuffworks.com,Male,$431032.90,826831995,IT
356,Deeyn,Karpmann,dkarpmann9v@mlb.com,Female,$335968.28,759535101,CC
357,Diann,Oakenford,doakenford9w@patch.com,Female,$347811.15,195875234,IT
358,Malia,Murie,mmurie9x@skyrock.com,Female,$994882.52,293776267,CC
359,Christiane,McGrorty,cmcgrorty9y@phoca.cz,Female,$866876.55,809334669,CC
360,Gabriell,Leake,gleake9z@cdbaby.com,Female,$372412.76,571511529,PP
361,Neilla,Catenot,ncatenota0@tamu.edu,Female,$675829.61,938102627,IT
362,Jacky,Gianettini,jgianettinia1@dell.com,Female,$888694.35,702414334,PP
363,Nevil,Shutle,nshutlea2@prnewswire.com,Male,$902911.18,224802516,IT
364,Paddie,Witson,pwitsona3@businesswire.com,Male,$285456.77,939813078,IT
365,Dulcine,Bonwick,dbonwicka4@foxnews.com,Female,$482163.39,568132841,IT
366,Padraig,Jonsson,pjonssona5@xrea.com,Male,$397281.16,1020166065,CC
367,Mattias,Bruff,mbruffa6@skype.com,Male,$789996.97,486481059,IT
368,Consolata,Hickford,chickforda7@cnbc.com,Female,$463687.17,518424853,PP
369,Barnabe,Cosgreave,bcosgreavea8@multiply.com,Male,$439343.48,5605001,IT
370,Rowena,Bonin,rbonina9@unesco.org,Female,$796654.95,1012796710,CC
371,Fulvia,Doorly,fdoorlyaa@sciencedirect.com,Female,$163710.11,1043215567,PP
372,Jacynth,Nazer,jnazerab@histats.com,Female,$591203.45,296811228,PP
373,Diandra,Swindle,dswindleac@goo.ne.jp,Female,$506854.62,197217753,PP
374,Rodrigo,Tilney,rtilneyad@bloglines.com,Male,$220892.01,512859635,IT
375,Edyth,Terrington,eterringtonae@alibaba.com,Female,$137974.06,989823928,IT
376,Mickie,Petters,mpettersaf@psu.edu,Female,$372919.25,431140983,CC
377,Thomasina,Chinnock,tchinnockag@foxnews.com,Female,$957805.35,545802913,CC
378,Arda,Ronchka,aronchkaah@walmart.com,Female,$386709.83,591768204,IT
379,Phillip,Bomfield,pbomfieldai@yellowbook.com,Male,$791744.71,126410537,CC
380,Cass,Jewett,cjewettaj@newyorker.com,Female,$343669.36,742537121,PP
381,Wendeline,Andrieu,wandrieuak@blogspot.com,Female,$639159.73,47637104,IT
382,Janice,Ferrettini,jferrettinial@i2i.jp,Female,$561489.52,409324461,CC
383,Celia,Cacacie,ccacacieam@wikimedia.org,Female,$807034.78,156182936,IT
384,Winslow,Bea,wbeaan@google.pl,Male,$441439.92,128346269,IT
385,Bamby,O'Rodane,borodaneao@msu.edu,Female,$415806.46,232838204,PP
386,Euphemia,Fishenden,efishendenap@imdb.com,Female,$286513.39,520448039,CC
387,Maurice,Menis,mmenisaq@blinklist.com,Male,$791970.22,968616895,PP
388,Field,De Lacey,fdelaceyar@last.fm,Male,$989810.89,836924275,PP
389,Alikee,Kikke,akikkeas@epa.gov,Female,$475679.15,189036414,CC
390,Adamo,Dumingos,adumingosat@quantcast.com,Male,$578100.44,510990068,PP
391,Major,Brotherhed,mbrotherhedau@irs.gov,Male,$115149.73,190921428,PP
392,Herrick,Steljes,hsteljesav@slate.com,Male,$962846.35,499348633,IT
393,Jennine,Vigars,jvigarsaw@theatlantic.com,Female,$490884.75,792017886,PP
394,Ray,Hargrave,rhargraveax@nasa.gov,Male,$134464.53,380316369,PP
395,Isadora,Luckes,iluckesay@fotki.com,Female,$509182.54,350223132,PP
396,Dorree,Soloway,dsolowayaz@seesaa.net,Female,$561100.51,997519440,CC
397,Rodger,Bathersby,rbathersbyb0@wix.com,Male,$888447.08,276459320,CC
398,Giles,Stillman,gstillmanb1@nih.gov,Male,$119704.52,315249692,CC
399,Dionisio,Woolham,dwoolhamb2@skyrock.com,Male,$139558.90,156362469,CC
400,Masha,Daldry,mdaldryb3@flavors.me,Female,$934284.25,803347627,IT
401,Phip,Frenchum,pfrenchumb4@noaa.gov,Male,$371820.62,114661038,PP
402,Manya,Mays,mmaysb5@chronoengine.com,Female,$807354.53,612977419,CC
403,Gustav,Fine,gfineb6@sina.com.cn,Male,$570178.44,748827202,PP
404,Quintilla,Dmtrovic,qdmtrovicb7@state.tx.us,Female,$816714.15,998119686,IT
405,Hiram,Banister,hbanisterb8@uol.com.br,Male,$749763.34,237978378,IT
406,Dallas,Husbands,dhusbandsb9@macromedia.com,Male,$751332.50,994333009,PP
407,Kurt,Skedge,kskedgeba@hhs.gov,Male,$394163.28,601919886,PP
408,Ivan,Iorillo,iiorillobb@g.co,Male,$563526.67,334550935,PP
409,Rustin,Halesworth,rhalesworthbc@telegraph.co.uk,Male,$737318.12,454112807,IT
410,Adrian,Callan,acallanbd@mysql.com,Male,$891352.16,170857014,PP
411,Cassy,Dunne,cdunnebe@europa.eu,Female,$560165.92,36932916,PP
412,Gardner,Freschi,gfreschibf@psu.edu,Male,$748268.04,602856304,CC
413,Carita,Asbury,casburybg@buzzfeed.com,Female,$184169.45,950945159,PP
414,Luis,Mayoh,lmayohbh@ow.ly,Male,$809855.82,677328815,PP
415,Chiarra,Posen,cposenbi@mac.com,Female,$971783.54,323070209,CC
416,Ado,Guerin,aguerinbj@state.tx.us,Male,$399095.98,27096392,CC
417,Sibley,Mizzi,smizzibk@jalbum.net,Female,$162757.34,456710208,IT
418,Orella,Philbrook,ophilbrookbl@cafepress.com,Female,$239731.19,675263339,IT
419,Etty,Kendal,ekendalbm@nbcnews.com,Female,$693825.76,53253668,PP
420,Camey,Sogg,csoggbn@ihg.com,Male,$795991.91,659557646,CC
421,Evyn,Conningham,econninghambo@china.com.cn,Male,$646308.09,33322290,IT
422,Elysia,Keune,ekeunebp@hugedomains.com,Female,$522191.84,103349018,PP
423,Brina,Simonich,bsimonichbq@indiatimes.com,Female,$357449.83,45813282,PP
424,Heinrick,Cawley,hcawleybr@cbsnews.com,Male,$977864.76,33179941,IT
425,Jeffy,Tillyer,jtillyerbs@macromedia.com,Male,$590064.94,677440645,PP
426,Bobine,Biss,bbissbt@squarespace.com,Female,$880374.16,723206687,PP
427,Adey,Gorring,agorringbu@blogs.com,Female,$150307.87,1035909031,CC
428,Giselbert,Aggott,gaggottbv@indiatimes.com,Male,$928112.09,724403430,IT
429,Quint,Perdue,qperduebw@hostgator.com,Male,$447491.22,986445129,PP
430,Toddy,Tripe,ttripebx@toplist.cz,Male,$626590.07,792190152,CC
431,Kayne,Garroch,kgarrochby@google.ru,Male,$821767.41,366347630,CC
432,Claretta,Bremley,cbremleybz@reddit.com,Female,$378194.39,980722313,CC
433,Archy,Waller,awallerc0@google.it,Male,$994230.57,368101605,PP
434,Joceline,Bousler,jbouslerc1@yandex.ru,Female,$209333.10,267938078,IT
435,Phillis,Keemar,pkeemarc2@discuz.net,Female,$372610.48,108611608,PP
436,Montgomery,Garric,mgarricc3@cloudflare.com,Male,$349311.62,736029098,CC
437,Angelia,Vigus,avigusc4@cpanel.net,Female,$277294.06,893137483,PP
438,Tiff,Donohue,tdonohuec5@smugmug.com,Female,$187312.39,74012048,PP
439,Quinn,Templar,qtemplarc6@discovery.com,Female,$984865.13,249478337,CC
440,Burnaby,Denzilow,bdenzilowc7@usnews.com,Male,$187451.84,495042434,CC
441,Hestia,Goodbanne,hgoodbannec8@domainmarket.com,Female,$931723.32,995096572,IT
442,Stanly,O' Liddy,soliddyc9@theglobeandmail.com,Male,$821922.89,831803833,IT
443,Carmelia,Redd,creddca@google.it,Female,$929933.75,995334582,CC
444,Rhona,Betteney,rbetteneycb@parallels.com,Female,$180533.37,769442092,IT
445,Dominga,Clemens,dclemenscc@indiegogo.com,Female,$313120.37,178597396,PP
446,Rossie,Durham,rdurhamcd@hugedomains.com,Male,$998680.28,232094258,IT
447,Frannie,Marvin,fmarvince@addthis.com,Female,$715082.75,750910822,CC
448,Baxie,Cann,bcanncf@usda.gov,Male,$267912.18,506348852,IT
449,Dita,Cosby,dcosbycg@addthis.com,Female,$391895.38,406981555,CC
450,Morry,Wrangle,mwranglech@bravesites.com,Male,$768333.09,459368313,CC
451,Rosalinde,Groocock,rgroocockci@youtube.com,Female,$634076.88,370284960,CC
452,Nada,Napier,nnapiercj@google.ca,Female,$818918.68,441200669,CC
453,Bree,Haslewood,bhaslewoodck@stanford.edu,Female,$548544.05,488535926,PP
454,Phebe,O'Sharry,posharrycl@latimes.com,Female,$909510.35,220599604,PP
455,Gino,Heys,gheyscm@altervista.org,Male,$398563.27,216878195,CC
456,Urbano,Wilbore,uwilborecn@comsenz.com,Male,$980526.29,921229211,IT
457,Prentice,Ruckledge,pruckledgeco@princeton.edu,Male,$362249.96,890907883,CC
458,Ragnar,Brotherwood,rbrotherwoodcp@mashable.com,Male,$499233.06,593530376,PP
459,Jasmine,Abadam,jabadamcq@webeden.co.uk,Female,$555976.52,66641222,PP
460,Corabelle,Gadeaux,cgadeauxcr@toplist.cz,Female,$281358.11,339514631,CC
461,Philomena,Khomin,pkhomincs@comcast.net,Female,$692480.69,525762807,IT
462,Wilmar,Danilyak,wdanilyakct@indiegogo.com,Male,$289189.17,975387760,PP
463,Torin,Ascrofte,tascroftecu@sun.com,Male,$390130.86,228041967,IT
464,Byrle,Evenett,bevenettcv@deliciousdays.com,Male,$919512.74,14119847,IT
465,Margarethe,Leipoldt,mleipoldtcw@vk.com,Female,$552806.85,44281183,PP
466,Reube,Hitchens,rhitchenscx@lulu.com,Male,$320739.23,486580260,PP
467,Olva,Spinozzi,ospinozzicy@flavors.me,Female,$196347.07,445476359,PP
468,Lauren,Glanz,lglanzcz@nifty.com,Male,$407317.67,1041029188,IT
469,Christoph,Rewcassell,crewcasselld0@twitpic.com,Male,$936192.36,639546322,IT
470,Ambrose,Izard,aizardd1@com.com,Male,$764196.46,969969501,IT
471,Roman,Toffalo,rtoffalod2@msn.com,Male,$976065.62,955794702,PP
472,Wakefield,Yeeles,wyeelesd3@cafepress.com,Male,$613707.72,278582314,IT
473,Nathanial,Deverick,ndeverickd4@who.int,Male,$862730.97,9095557,CC
474,Carilyn,Balcers,cbalcersd5@arizona.edu,Female,$823438.90,715062393,CC
475,Antonietta,Marty,amartyd6@canalblog.com,Female,$430615.64,906245319,PP
476,Delbert,Escott,descottd7@nytimes.com,Male,$713334.11,191337755,PP
477,Malchy,Demkowicz,mdemkowiczd8@buzzfeed.com,Male,$208511.98,690561790,PP
478,Nettle,Ayars,nayarsd9@friendfeed.com,Female,$525856.74,407304208,IT
479,Tony,Darte,tdarteda@ifeng.com,Female,$967545.84,1000048995,PP
480,Craggie,Giovannardi,cgiovannardidb@blogspot.com,Male,$797366.44,71844400,IT
481,Quinn,Dewer,qdewerdc@archive.org,Male,$483657.36,126799850,CC
482,Bartholomeo,Bartusek,bbartusekdd@cocolog-nifty.com,Male,$170544.81,721765351,PP
483,Terri-jo,Todhunter,ttodhunterde@theguardian.com,Female,$559802.48,357803054,PP
484,Layla,Burgon,lburgondf@sohu.com,Female,$821940.53,815969339,PP
485,Ernesto,Hrishanok,ehrishanokdg@about.com,Male,$720283.58,875483258,PP
486,Laryssa,Cufley,lcufleydh@biblegateway.com,Female,$287001.62,303743784,IT
487,Franklin,Woof,fwoofdi@ask.com,Male,$151536.10,973796354,CC
488,Georgie,Dumbar,gdumbardj@google.pl,Female,$464045.92,952006173,IT
489,Cornall,Capehorn,ccapehorndk@netvibes.com,Male,$479450.25,206355111,CC
490,Gibby,Egiloff,gegiloffdl@google.de,Male,$823316.92,404504010,CC
491,Kayne,Whitehurst,kwhitehurstdm@feedburner.com,Male,$596750.15,664542052,IT
492,Emmery,Dunkerk,edunkerkdn@ehow.com,Male,$779180.85,243027100,CC
493,Penelope,Scibsey,pscibseydo@instagram.com,Female,$319540.40,401224364,IT
494,Fania,Pill,fpilldp@cocolog-nifty.com,Female,$269152.58,32705080,IT
495,Maryrose,Sorrell,msorrelldq@baidu.com,Female,$560203.54,708506588,PP
496,Myrwyn,Brady,mbradydr@elpais.com,Male,$646548.84,954862508,IT
497,Reidar,Scurr,rscurrds@vimeo.com,Male,$667841.16,380116381,PP
498,Ferguson,Goldsworthy,fgoldsworthydt@auda.org.au,Male,$506124.45,643344510,IT
499,Carin,Pughe,cpughedu@de.vu,Female,$961131.68,833675502,CC
500,Roxy,Exelby,rexelbydv@princeton.edu,Female,$450767.73,485746538,IT
501,Armando,Polkinhorn,apolkinhorndw@cafepress.com,Male,$540210.37,500775539,IT
502,Burnaby,Sheryn,bsheryndx@macromedia.com,Male,$125818.64,943574461,IT
503,Gilbertina,Gerriet,ggerrietdy@google.com.br,Female,$266535.70,598445149,CC
504,Phineas,Bibbie,pbibbiedz@networksolutions.com,Male,$792564.05,365301430,PP
505,Marion,Filipic,mfilipice0@narod.ru,Male,$902435.86,474047507,CC
506,Lori,Bartlomieczak,lbartlomieczake1@latimes.com,Female,$969685.48,852690212,CC
507,Charissa,MacShirie,cmacshiriee2@nifty.com,Female,$119963.60,59558737,CC
508,Devlin,Edess,dedesse3@cyberchimps.com,Male,$340460.56,94450646,PP
509,Broderic,Jodlkowski,bjodlkowskie4@canalblog.com,Male,$365644.45,658189915,PP
510,Iormina,Gant,igante5@ezinearticles.com,Female,$563148.12,764191935,PP
511,Marris,Ferras,mferrase6@shop-pro.jp,Female,$177494.16,191269797,PP
512,Winni,Mullenger,wmullengere7@purevolume.com,Female,$797640.79,173761779,PP
513,Jerrie,Browett,jbrowette8@vk.com,Male,$504337.42,699398024,IT
514,Egor,Eayrs,eeayrse9@reverbnation.com,Male,$615122.10,1023842668,PP
515,Jarred,Wayte,jwayteea@elegantthemes.com,Male,$278375.19,362786466,CC
516,Nike,Cassie,ncassieeb@comsenz.com,Female,$183863.89,961251275,IT
517,Alyse,Garriock,agarriockec@alexa.com,Female,$832846.93,184353970,IT
518,Felice,Monte,fmonteed@unc.edu,Male,$126528.69,706729530,CC
519,Duane,Stonhouse,dstonhouseee@mac.com,Male,$621408.95,960525677,IT
520,Archer,Puddicombe,apuddicombeef@ucsd.edu,Male,$254224.07,598952287,CC
521,Mohammed,Manes,mmaneseg@bing.com,Male,$572141.18,623810356,PP
522,Sheeree,Lauret,slaureteh@t.co,Female,$694281.70,377196980,IT
523,Sibilla,Cowans,scowansei@yellowpages.com,Female,$418886.50,676070217,CC
524,Pacorro,Luxton,pluxtonej@ow.ly,Male,$787219.27,751265955,CC
525,Sidnee,Gritsunov,sgritsunovek@edublogs.org,Male,$913580.21,314773597,PP
526,Bevin,Afield,bafieldel@myspace.com,Male,$758330.62,146792506,PP
527,Horacio,Wildin,hwildinem@ebay.com,Male,$740283.93,737898373,CC
528,Dionisio,Phlippi,dphlippien@paginegialle.it,Male,$549214.17,1016340363,CC
529,Alexandro,Silverthorne,asilverthorneeo@youku.com,Male,$185378.44,165981159,PP
530,Iosep,Divine,idivineep@biblegateway.com,Male,$787430.01,551320891,PP
531,Alasdair,Henric,ahenriceq@nifty.com,Male,$916185.36,948870636,PP
532,Angelo,Dacey,adaceyer@theatlantic.com,Male,$121889.17,908642260,CC
533,Kerr,Ungerecht,kungerechtes@alexa.com,Male,$327860.43,471595121,CC
534,Ransom,Coggings,rcoggingset@discuz.net,Male,$962874.70,455728892,IT
535,Sibelle,Ferenczy,sferenczyeu@goodreads.com,Female,$761423.74,45983367,CC
536,Dallas,Leiden,dleidenev@stanford.edu,Male,$879488.01,530654215,IT
537,Husein,Anyon,hanyonew@intel.com,Male,$987453.26,279300585,IT
538,Dari,Gulk,dgulkex@ameblo.jp,Female,$374835.24,447350210,CC
539,Katie,Redler,kredlerey@mail.ru,Female,$995348.33,140519655,CC
540,Tami,Grigoliis,tgrigoliisez@nasa.gov,Female,$597644.10,988789817,PP
541,Joellyn,Theyer,jtheyerf0@amazon.co.jp,Female,$943691.77,900391114,IT
542,Waylan,Eisak,weisakf1@vkontakte.ru,Male,$828804.19,519257155,IT
543,Derrick,Trunkfield,dtrunkfieldf2@seesaa.net,Male,$776981.64,35100247,IT
544,Mariam,Willgoose,mwillgoosef3@home.pl,Female,$791724.18,223963188,CC
545,Dani,Alvarado,dalvaradof4@npr.org,Male,$133139.26,922542816,PP
546,Jackquelin,Standish,jstandishf5@toplist.cz,Female,$722023.79,283928132,IT
547,Neill,Aslen,naslenf6@newyorker.com,Male,$647698.84,755769950,IT
548,Misti,Peppard,mpeppardf7@nydailynews.com,Female,$586238.64,308753669,CC
549,Sari,Hazelgrove,shazelgrovef8@ftc.gov,Female,$408769.48,626885736,IT
550,Reinold,Creus,rcreusf9@e-recht24.de,Male,$884548.53,1043089688,IT
551,Marj,Splevin,msplevinfa@example.com,Female,$115967.31,185783591,CC
552,Thom,Partner,tpartnerfb@ifeng.com,Male,$717327.35,236927530,CC
553,Patrizio,Marcum,pmarcumfc@jugem.jp,Male,$240554.67,707658355,IT
554,Hilliary,Enterlein,henterleinfd@cisco.com,Female,$547754.42,453941687,PP
555,Devora,Heinrici,dheinricife@dailymotion.com,Female,$304578.70,892315741,PP
556,Alfonso,Iacobo,aiacoboff@admin.ch,Male,$319763.83,167627147,CC
557,Cindie,Lambourne,clambournefg@livejournal.com,Female,$151580.80,499566855,PP
558,Foster,Vasiljevic,fvasiljevicfh@usda.gov,Male,$640111.94,570118671,PP
559,Phyllys,Dun,pdunfi@usda.gov,Female,$581044.04,588450987,IT
560,Kerry,Cowgill,kcowgillfj@oaic.gov.au,Male,$799369.26,342647886,IT
561,Xenia,Taffarello,xtaffarellofk@acquirethisname.com,Female,$512578.91,678683270,PP
562,Kissee,Skegg,kskeggfl@flickr.com,Female,$897269.55,106606706,CC
563,Geri,Fabb,gfabbfm@nydailynews.com,Male,$634890.74,477090130,PP
564,Rosina,Brackstone,rbrackstonefn@dropbox.com,Female,$173903.55,146231907,IT
565,Huey,Gravell,hgravellfo@fda.gov,Male,$940451.74,571025947,CC
566,Lonna,Borg,lborgfp@google.de,Female,$474722.45,179918779,PP
567,Fanechka,Hubberstey,fhubbersteyfq@berkeley.edu,Female,$935155.65,157480174,PP
568,Tucky,Hebblewhite,thebblewhitefr@google.com.au,Male,$100544.09,127437601,IT
569,Tillie,Throughton,tthroughtonfs@google.co.jp,Female,$990271.10,654095858,CC
570,Bryana,Neljes,bneljesft@walmart.com,Female,$937754.92,78285555,CC
571,Gage,Theurer,gtheurerfu@fotki.com,Male,$662934.97,52525078,PP
572,Sallie,Headrick,sheadrickfv@hugedomains.com,Female,$656259.77,703347495,CC
573,Lianne,Fantham,lfanthamfw@homestead.com,Female,$750671.74,430661586,PP
574,Wenonah,Cownden,wcowndenfx@1688.com,Female,$473234.74,727860246,CC
575,Meier,Cunnell,mcunnellfy@sphinn.com,Male,$292499.97,114802597,CC
576,Rowney,Dressel,rdresselfz@smh.com.au,Male,$928043.46,369501330,IT
577,Tanney,Stearns,tstearnsg0@arizona.edu,Male,$427792.43,475805046,IT
578,Darsie,Isaksson,disakssong1@w3.org,Female,$695341.19,86767542,IT
579,Joice,Fuke,jfukeg2@nsw.gov.au,Female,$239142.53,962424195,IT
580,Robinetta,Braunstein,rbraunsteing3@kickstarter.com,Female,$420654.74,838037148,CC
581,Madelyn,Placido,mplacidog4@redcross.org,Female,$569227.40,29901343,CC
582,Boy,Denness,bdennessg5@techcrunch.com,Male,$175041.45,431669631,IT
583,Carlin,Coomber,ccoomberg6@scribd.com,Male,$162686.08,380368283,PP
584,Devan,Denley,ddenleyg7@webs.com,Female,$549007.31,192158574,IT
585,Haydon,Clemenza,hclemenzag8@mac.com,Male,$600298.36,461148187,PP
586,Donnell,Tolemache,dtolemacheg9@engadget.com,Male,$886070.42,694240352,PP
587,Luisa,Wince,lwincega@mac.com,Female,$198609.39,357318514,CC
588,Colette,Roderick,croderickgb@51.la,Female,$133610.21,505209011,IT
589,Berkley,De Ferrari,bdeferrarigc@friendfeed.com,Male,$217759.94,366857047,IT
590,Marin,Gave,mgavegd@bravesites.com,Female,$557202.43,916938251,IT
591,Zaria,Grichukhin,zgrichukhinge@amazonaws.com,Female,$353447.50,108666854,CC
592,Helen,Leall,hleallgf@sbwire.com,Female,$266170.94,117349556,PP
593,Sandra,Eilles,seillesgg@census.gov,Female,$161583.94,255245653,IT
594,Hale,Ever,hevergh@google.es,Male,$162335.38,197281772,PP
595,Christalle,Robjents,crobjentsgi@clickbank.net,Female,$300092.62,549619087,CC
596,Engelbert,Carette,ecarettegj@epa.gov,Male,$965549.73,422793130,PP
597,Jacintha,Lindenfeld,jlindenfeldgk@narod.ru,Female,$732870.83,641012530,CC
598,Hurlee,Sheraton,hsheratongl@bbb.org,Male,$657647.02,752517434,IT
599,Analise,L'Amie,alamiegm@ow.ly,Female,$130315.75,909558803,PP
600,Martin,Gobert,mgobertgn@nyu.edu,Male,$750584.15,291333230,CC
601,Morton,Gori,mgorigo@miitbeian.gov.cn,Male,$722656.94,552169671,PP
602,Emily,Khan,ekhangp@geocities.com,Female,$336502.34,352624067,CC
603,Katerina,Frapwell,kfrapwellgq@51.la,Female,$894367.97,1002824023,IT
604,Rolf,Silbersak,rsilbersakgr@illinois.edu,Male,$284095.45,747543584,PP
605,Padraig,Gerrey,pgerreygs@thetimes.co.uk,Male,$296218.96,659174944,PP
606,Elianora,Frankes,efrankesgt@narod.ru,Female,$112234.95,594631358,PP
607,Trix,Phlippi,tphlippigu@omniture.com,Female,$627010.09,1049578311,PP
608,Jeanie,Drakeford,jdrakefordgv@behance.net,Female,$626539.66,684845293,PP
609,Sibylle,Riseborough,sriseboroughgw@infoseek.co.jp,Female,$532893.26,899139732,IT
610,Robb,MacTrusty,rmactrustygx@thetimes.co.uk,Male,$706247.09,879781236,IT
611,Garland,Rubes,grubesgy@storify.com,Female,$749679.95,474546200,PP
612,Fionnula,Dourin,fdouringz@4shared.com,Female,$258031.19,186670033,PP
613,Gertie,MacAless,gmacalessh0@quantcast.com,Female,$969105.23,229900344,CC
614,Delia,Colliber,dcolliberh1@ow.ly,Female,$501813.25,98781143,CC
615,Arleen,Mibourne,amibourneh2@webeden.co.uk,Female,$445900.48,515058235,CC
616,Gisela,Rosetti,grosettih3@about.me,Female,$977582.94,792456660,PP
617,Bogart,Jiggins,bjigginsh4@engadget.com,Male,$970223.51,632173361,PP
618,Riccardo,Paschek,rpaschekh5@yellowbook.com,Male,$157393.94,314698518,IT
619,Benedick,Ridesdale,bridesdaleh6@imageshack.us,Male,$842430.87,819066795,PP
620,Ezri,Cullrford,ecullrfordh7@weebly.com,Male,$840242.10,725010464,PP
621,Renado,Shepherdson,rshepherdsonh8@sohu.com,Male,$134331.61,640009609,IT
622,Noak,Brownsey,nbrownseyh9@discovery.com,Male,$341721.98,963020914,IT
623,Yasmin,Jeske,yjeskeha@typepad.com,Female,$242426.55,677549378,PP
624,Dud,Eary,dearyhb@globo.com,Male,$964027.86,107933078,IT
625,Perry,Bosche,pboschehc@gravatar.com,Female,$777149.22,187873934,CC
626,Yank,Albiston,yalbistonhd@simplemachines.org,Male,$596354.92,643527955,IT
627,Kaylee,Berthod,kberthodhe@mozilla.org,Female,$295087.96,985473753,IT
628,Morganne,Bartoszinski,mbartoszinskihf@angelfire.com,Female,$284973.74,601140189,PP
629,Mufinella,Botterill,mbotterillhg@163.com,Female,$990194.70,684896959,CC
630,Shayna,Challoner,schallonerhh@slate.com,Female,$105714.15,391069191,CC
631,Tito,Crosham,tcroshamhi@aboutads.info,Male,$442793.24,456523744,PP
632,Simone,Djorevic,sdjorevichj@ning.com,Female,$549248.92,1004515220,CC
633,Noella,Quickfall,nquickfallhk@mayoclinic.com,Female,$131130.71,913920615,IT
634,Christabel,Aronowicz,caronowiczhl@ifeng.com,Female,$656482.35,794597234,PP
635,Nichols,Coonan,ncoonanhm@princeton.edu,Male,$528987.32,34189356,PP
636,Pren,Feldhorn,pfeldhornhn@instagram.com,Male,$856494.06,371059073,PP
637,Astra,Pau,apauho@answers.com,Female,$602868.85,392379207,CC
638,Tully,Heeps,theepshp@prnewswire.com,Male,$778028.49,615295910,CC
639,Inglis,Stevings,istevingshq@1688.com,Male,$359557.01,856930225,IT
640,Byrle,Yapp,byapphr@twitpic.com,Male,$810582.67,240672596,CC
641,Annetta,Greaser,agreaserhs@pinterest.com,Female,$896457.52,510785308,IT
642,Lela,Lonnon,llonnonht@pbs.org,Female,$727792.88,851939053,IT
643,Sibyl,Alcock,salcockhu@state.gov,Male,$344241.81,651396093,CC
644,Gilbertine,Vannikov,gvannikovhv@yahoo.com,Female,$691700.50,289731177,IT
645,Zed,Mapp,zmapphw@dailymotion.com,Male,$239699.68,327778062,PP
646,Huntley,de la Valette Parisot,hdelavaletteparisothx@cdc.gov,Male,$179976.83,152047822,CC
647,Meggi,Cudd,mcuddhy@blogs.com,Female,$736414.29,618477137,PP
648,Gardiner,O'Shiels,goshielshz@symantec.com,Male,$332520.16,66682932,IT
649,Benedick,Yitzovitz,byitzovitzi0@unc.edu,Male,$592755.50,332115337,CC
650,Lesli,Barton,lbartoni1@gmpg.org,Female,$949697.05,901412248,IT
651,Nance,Gotfrey,ngotfreyi2@adobe.com,Female,$569092.33,407812106,IT
652,Vincent,Antalffy,vantalffyi3@xrea.com,Male,$887170.05,322118012,PP
653,Berkley,McCafferky,bmccafferkyi4@house.gov,Male,$563135.97,672948615,CC
654,Myrna,Prigmore,mprigmorei5@forbes.com,Female,$500457.56,523257545,PP
655,Roxi,Santo,rsantoi6@amazon.co.uk,Female,$301098.90,175663220,CC
656,Baudoin,McLaine,bmclainei7@prlog.org,Male,$144742.17,312364542,CC
657,Wendye,Hampstead,whampsteadi8@tripod.com,Female,$578585.93,374405622,PP
658,Emanuele,Kettlestring,ekettlestringi9@networksolutions.com,Male,$217699.44,46227446,CC
659,Letitia,Eddicott,leddicottia@domainmarket.com,Female,$409258.17,1000499761,PP
660,Guglielmo,Jeandet,gjeandetib@webmd.com,Male,$463632.69,446161946,IT
661,Valera,Harwell,vharwellic@fema.gov,Female,$623987.55,122837169,PP
662,Cory,Kilbourne,ckilbourneid@toplist.cz,Female,$638250.06,949429284,IT
663,Jennine,Craigmile,jcraigmileie@imageshack.us,Female,$746637.31,534571999,PP
664,Heath,Crayker,hcraykerif@wordpress.org,Female,$764590.10,507010625,PP
665,Godiva,McGrane,gmcgraneig@vistaprint.com,Female,$616431.86,108896714,PP
666,Kristyn,Yesson,kyessonih@list-manage.com,Female,$114863.78,496656579,PP
667,Sonnnie,Oppery,sopperyii@virginia.edu,Female,$121922.58,237541951,CC
668,Albina,Wintringham,awintringhamij@1und1.de,Female,$635138.11,463685382,PP
669,Oriana,Petry,opetryik@ezinearticles.com,Female,$655470.22,201047648,IT
670,Roxy,Emm,remmil@mozilla.com,Female,$839199.14,1028248781,CC
671,Anny,Bottomer,abottomerim@blinklist.com,Female,$185893.41,235940045,CC
672,Viviana,Pudner,vpudnerin@techcrunch.com,Female,$545546.24,136805659,PP
673,Dyna,Bendix,dbendixio@about.me,Female,$861232.14,333857238,PP
674,Fanchette,Faulder,ffaulderip@squarespace.com,Female,$357778.46,430014038,PP
675,Stirling,Biggins,sbigginsiq@va.gov,Male,$703374.67,509967410,CC
676,Frants,Brimblecombe,fbrimblecombeir@virginia.edu,Male,$749128.29,444907351,PP
677,Alejoa,Gounod,agounodis@360.cn,Male,$126709.19,895556272,CC
678,Kessia,Willcock,kwillcockit@globo.com,Female,$193282.73,60845413,CC
679,Agnella,Langdridge,alangdridgeiu@last.fm,Female,$881694.97,389462925,IT
680,Athena,Janman,ajanmaniv@hhs.gov,Female,$446110.66,585470608,PP
681,Sigfrid,Sivell,ssivelliw@reverbnation.com,Male,$964949.60,208082624,CC
682,Ephraim,Benda,ebendaix@newsvine.com,Male,$424297.02,276495013,IT
683,Goddard,Rolfo,grolfoiy@wikia.com,Male,$521414.79,219708441,IT
684,Jens,Measures,jmeasuresiz@noaa.gov,Male,$354281.55,838014752,PP
685,Toddy,Mainstone,tmainstonej0@npr.org,Male,$910212.23,661739649,CC
686,Shepard,Holwell,sholwellj1@wikimedia.org,Male,$403558.52,771448123,IT
687,Camala,McSpirron,cmcspirronj2@skype.com,Female,$696911.23,704340895,PP
688,Pippo,Bogie,pbogiej3@dot.gov,Male,$229049.47,847787890,CC
689,Hobard,Boreham,hborehamj4@webmd.com,Male,$792070.86,238399499,CC
690,Christyna,Mityushin,cmityushinj5@washingtonpost.com,Female,$987803.65,506420382,PP
691,Marjie,Girogetti,mgirogettij6@spotify.com,Female,$685329.81,850273113,PP
692,Craig,Jarville,cjarvillej7@sphinn.com,Male,$572408.98,677654675,CC
693,Bret,Swiffen,bswiffenj8@feedburner.com,Male,$913149.95,289793571,PP
694,Norry,Kienle,nkienlej9@census.gov,Female,$325427.07,817741108,PP
695,Alvina,Estabrook,aestabrookja@abc.net.au,Female,$678522.29,621186821,IT
696,Jerrilyn,Vizor,jvizorjb@berkeley.edu,Female,$876498.08,597402123,IT
697,Bess,Francois,bfrancoisjc@vinaora.com,Female,$105628.30,923718515,IT
698,Isidor,Linham,ilinhamjd@shinystat.com,Male,$320705.35,389104606,CC
699,Hailey,Rame,hrameje@sun.com,Male,$747075.74,245148301,PP
700,Anissa,Anmore,aanmorejf@icq.com,Female,$456362.12,392627030,IT
701,Aggy,Gianasi,agianasijg@state.tx.us,Female,$705631.49,342565889,CC
702,Peggi,Greenlees,pgreenleesjh@ow.ly,Female,$932238.23,157643989,PP
703,Stanwood,Yorkston,syorkstonji@people.com.cn,Male,$893343.43,461913108,CC
704,Agnesse,Giacopini,agiacopinijj@lycos.com,Female,$746406.17,49307249,IT
705,Florella,Leverett,fleverettjk@people.com.cn,Female,$760203.60,250248678,IT
706,Bary,Ickowicz,bickowiczjl@auda.org.au,Male,$743234.34,568200207,CC
707,Gordy,Pollastrino,gpollastrinojm@bizjournals.com,Male,$424544.96,930656266,PP
708,Stephanus,Phelps,sphelpsjn@umich.edu,Male,$453018.63,914467339,IT
709,Georgeta,Soule,gsoulejo@reference.com,Female,$929172.38,658377844,PP
710,Elana,Midghall,emidghalljp@geocities.com,Female,$362433.15,458938048,CC
711,Paten,Mylan,pmylanjq@paypal.com,Male,$532449.57,623748721,CC
712,Ilario,Noor,inoorjr@altervista.org,Male,$173167.10,951252650,IT
713,Ario,Harry,aharryjs@techcrunch.com,Male,$849943.45,204256875,PP
714,Wynn,Fransinelli,wfransinellijt@indiegogo.com,Male,$996588.96,293656604,PP
715,Lindsay,Breeder,lbreederju@tinyurl.com,Male,$457506.85,629200383,PP
716,Maxi,Slidders,msliddersjv@purevolume.com,Female,$733663.98,562516587,CC
717,Filberte,Frantz,ffrantzjw@shop-pro.jp,Male,$524899.42,114473235,PP
718,Con,Moine,cmoinejx@buzzfeed.com,Male,$248429.24,885193773,PP
719,Cammie,Minet,cminetjy@simplemachines.org,Female,$487762.61,117283686,CC
720,Salvatore,Sivewright,ssivewrightjz@amazonaws.com,Male,$405295.26,478757532,IT
721,Nola,Butterfield,nbutterfieldk0@seesaa.net,Female,$329104.63,160789863,IT
722,Taffy,Dudney,tdudneyk1@networkadvertising.org,Female,$863147.77,425575882,IT
723,Perice,Gunthorpe,pgunthorpek2@nytimes.com,Male,$509723.38,790568446,IT
724,Homerus,Lilburne,hlilburnek3@wix.com,Male,$266446.77,722063546,PP
725,Margarette,Boswell,mboswellk4@digg.com,Female,$354781.98,633222370,IT
726,Stanislaus,Snowdon,ssnowdonk5@tumblr.com,Male,$468739.43,902874491,IT
727,Liv,Pallant,lpallantk6@google.co.uk,Female,$415972.78,312452281,IT
728,Harri,Bagehot,hbagehotk7@mail.ru,Female,$599199.95,137234863,IT
729,Stuart,Costock,scostockk8@quantcast.com,Male,$315752.49,124521786,CC
730,Gale,Hemstead,ghemsteadk9@addthis.com,Female,$435522.90,978202278,PP
731,Sibylla,Blonfield,sblonfieldka@earthlink.net,Female,$114702.83,168768103,CC
732,Theressa,Lucio,tluciokb@friendfeed.com,Female,$732904.25,840111366,PP
733,Shellie,Edds,seddskc@wikispaces.com,Female,$404444.96,386543553,PP
734,Luther,Brownlee,lbrownleekd@elegantthemes.com,Male,$698373.74,395981109,IT
735,Rubi,Gainsford,rgainsfordke@indiegogo.com,Female,$437315.11,1004343087,PP
736,Napoleon,Warre,nwarrekf@csmonitor.com,Male,$844003.53,983999250,PP
737,Rudolfo,Laffranconi,rlaffranconikg@seesaa.net,Male,$409714.74,11743942,PP
738,Bennie,Ambrus,bambruskh@globo.com,Male,$427631.14,764164929,IT
739,Atlanta,MacCracken,amaccrackenki@imgur.com,Female,$483032.68,618697826,PP
740,Teodoro,Stainsby,tstainsbykj@merriam-webster.com,Male,$749959.70,283275078,PP
741,Eduard,Swaisland,eswaislandkk@paginegialle.it,Male,$800083.67,923532990,PP
742,Alissa,Lenton,alentonkl@canalblog.com,Female,$329125.05,705519887,CC
743,Dru,Pigford,dpigfordkm@feedburner.com,Female,$818675.30,676166213,CC
744,Devlen,Vanin,dvaninkn@wikia.com,Male,$893416.24,766945554,CC
745,Eudora,Ellinor,eellinorko@jigsy.com,Female,$710212.40,443568200,PP
746,Lilian,Knocker,lknockerkp@buzzfeed.com,Female,$496994.11,837921207,CC
747,Barrett,Mully,bmullykq@gnu.org,Male,$929975.27,115949870,IT
748,Dorothee,Billham,dbillhamkr@mapquest.com,Female,$998953.84,418693661,PP
749,Kayne,Ivashkin,kivashkinks@desdev.cn,Male,$883960.67,515981211,PP
750,Cristy,Trammel,ctrammelkt@livejournal.com,Female,$260059.65,929849205,IT
751,Cece,Murtell,cmurtellku@cyberchimps.com,Male,$608265.63,285183311,CC
752,Lou,Corley,lcorleykv@tripod.com,Female,$150422.73,906416048,IT
753,Willdon,MacRory,wmacrorykw@npr.org,Male,$818090.04,548606615,CC
754,Zonnya,Costen,zcostenkx@ovh.net,Female,$993178.46,272255196,CC
755,Tedi,Gonneau,tgonneauky@ox.ac.uk,Female,$735650.62,912417398,PP
756,Jakob,Cripps,jcrippskz@webeden.co.uk,Male,$476407.94,145874513,CC
757,Jada,Petrelli,jpetrellil0@weather.com,Female,$933511.19,782035398,IT
758,Mandel,Gard,mgardl1@google.co.jp,Male,$348576.23,273523300,CC
759,Byrann,Birkby,bbirkbyl2@rakuten.co.jp,Male,$886306.82,340349780,PP
760,Fons,Keuntje,fkeuntjel3@infoseek.co.jp,Male,$413861.30,777308577,IT
761,Toddie,Skin,tskinl4@icio.us,Male,$154821.14,489953100,PP
762,Ron,Semark,rsemarkl5@typepad.com,Male,$270049.50,569458735,IT
763,Carree,Kissock,ckissockl6@slideshare.net,Female,$945974.39,936276672,IT
764,Angil,McKeran,amckeranl7@smugmug.com,Female,$182819.36,991329864,PP
765,Mareah,Carthy,mcarthyl8@cyberchimps.com,Female,$538180.91,199996155,CC
766,Aurlie,Cadamy,acadamyl9@facebook.com,Female,$255779.15,71690697,IT
767,Sansone,Purdom,spurdomla@creativecommons.org,Male,$437304.20,445989993,PP
768,Ilene,Hindenberger,ihindenbergerlb@bloglovin.com,Female,$465522.21,139772157,PP
769,Toddy,Barstowk,tbarstowklc@wikimedia.org,Male,$611040.61,49587363,PP
770,Job,Culross,jculrossld@wikipedia.org,Male,$339662.07,945649446,IT
771,Niel,Woolatt,nwoolattle@bbb.org,Male,$282684.14,170444778,IT
772,Alan,Catlette,acatlettelf@hc360.com,Male,$965318.12,299367054,CC
773,Maurene,Noke,mnokelg@51.la,Female,$553227.02,143629557,CC
774,Dani,Millson,dmillsonlh@prnewswire.com,Male,$928907.55,284323499,PP
775,Alwin,Inmett,ainmettli@google.co.jp,Male,$891829.10,318548287,CC
776,Cora,Hauger,chaugerlj@squarespace.com,Female,$516116.39,323634273,PP
777,Tania,Daybell,tdaybelllk@nps.gov,Female,$971133.15,836929699,CC
778,Hadrian,Doniso,hdonisoll@webeden.co.uk,Male,$265910.55,357555667,IT
779,Vikki,Strick,vstricklm@diigo.com,Female,$276720.37,616426053,CC
780,Melly,Dallas,mdallasln@cbsnews.com,Female,$759264.63,1002500696,PP
781,Delbert,Shepheard,dshepheardlo@mayoclinic.com,Male,$856171.99,478926549,PP
782,Fielding,Buttle,fbuttlelp@opera.com,Male,$250724.09,827443663,PP
783,Rollie,Minshall,rminshalllq@shop-pro.jp,Male,$334868.78,660571421,IT
784,Trixi,Scoone,tscoonelr@tinypic.com,Female,$394838.90,528131298,IT
785,Wanda,Rearie,wreariels@house.gov,Female,$382943.99,749783299,PP
786,Carmelina,Nudd,cnuddlt@51.la,Female,$832756.76,56166903,CC
787,Jarib,McVity,jmcvitylu@bing.com,Male,$151646.69,814633448,PP
788,Frants,Balloch,fballochlv@state.gov,Male,$580719.17,454258295,IT
789,Sydney,Bjerkan,sbjerkanlw@jigsy.com,Male,$554568.52,116356210,PP
790,Sandi,Farrance,sfarrancelx@geocities.jp,Female,$134231.04,432736272,PP
791,Nancey,Enos,nenosly@theguardian.com,Female,$862021.05,519073611,PP
792,Manny,de Lloyd,mdelloydlz@mtv.com,Male,$329177.28,860463389,IT
793,Daryn,Stepney,dstepneym0@soup.io,Female,$746293.47,238542125,CC
794,Gaylene,Blewmen,gblewmenm1@skype.com,Female,$494262.14,271051828,IT
795,Ceil,Brudenell,cbrudenellm2@nyu.edu,Female,$887601.47,426859318,PP
796,Coleen,Farrears,cfarrearsm3@dailymail.co.uk,Female,$225115.36,714245206,IT
797,Ofelia,Mahedy,omahedym4@umn.edu,Female,$635470.38,624254804,PP
798,Tallulah,Pellant,tpellantm5@google.fr,Female,$155036.81,363978102,PP
799,Shirline,Shyram,sshyramm6@buzzfeed.com,Female,$684738.99,814829462,PP
800,Gladi,Jinks,gjinksm7@jugem.jp,Female,$240535.30,717834845,CC
801,Mildrid,Matusson,mmatussonm8@yelp.com,Female,$888877.30,919478848,PP
802,Georgetta,Adshed,gadshedm9@desdev.cn,Female,$962214.00,250644585,IT
803,Dory,Caird,dcairdma@mayoclinic.com,Male,$964556.19,18164919,IT
804,Selena,Sinden,ssindenmb@reference.com,Female,$951888.54,711306720,PP
805,Renae,Gaukroger,rgaukrogermc@oaic.gov.au,Female,$658909.43,283204544,PP
806,Griffie,Loder,glodermd@eventbrite.com,Male,$706623.79,881442829,IT
807,Salim,Gallatly,sgallatlyme@si.edu,Male,$764386.85,981757917,CC
808,Hugibert,Giacomello,hgiacomellomf@t-online.de,Male,$565257.76,938319702,PP
809,Hana,Tregust,htregustmg@ow.ly,Female,$846863.56,923138241,IT
810,Vanya,Orteu,vorteumh@howstuffworks.com,Female,$926667.71,106113482,CC
811,Terri-jo,Cuttler,tcuttlermi@biblegateway.com,Female,$209537.43,395802355,CC
812,Oswell,Applin,oapplinmj@engadget.com,Male,$189788.13,503783943,PP
813,Mendel,Casaletto,mcasalettomk@paypal.com,Male,$985825.53,715621599,CC
814,Christabella,Paule,cpauleml@microsoft.com,Female,$901564.36,231911701,CC
815,Virgil,Wille,vwillemm@plala.or.jp,Male,$127618.55,369628768,CC
816,Lanni,Christofe,lchristofemn@theatlantic.com,Female,$324189.29,820456170,IT
817,Rheta,Mushett,rmushettmo@intel.com,Female,$170803.09,686567829,IT
818,Sterling,McDade,smcdademp@aboutads.info,Male,$943023.36,561285493,PP
819,Clay,Collington,ccollingtonmq@paypal.com,Male,$853993.43,663653997,IT
820,Paddie,Tow,ptowmr@jigsy.com,Male,$365549.07,853740562,IT
821,Rena,Minshaw,rminshawms@phpbb.com,Female,$398256.83,368328897,PP
822,Hodge,Merryweather,hmerryweathermt@simplemachines.org,Male,$393753.72,507556218,PP
823,Kalil,Kupka,kkupkamu@paypal.com,Male,$725567.89,45742586,IT
824,Paxton,Morecombe,pmorecombemv@cbslocal.com,Male,$617715.14,451603429,CC
825,Shandie,Ridger,sridgermw@pcworld.com,Female,$504516.70,985248420,PP
826,Xylia,Goldbourn,xgoldbournmx@wikispaces.com,Female,$942505.43,233044105,IT
827,Shara,Staker,sstakermy@weebly.com,Female,$344968.93,370945066,CC
828,Katya,Melley,kmelleymz@who.int,Female,$929541.31,312977006,IT
829,Jasper,Bamlet,jbamletn0@mysql.com,Male,$294772.22,355064619,IT
830,Saudra,McCuaig,smccuaign1@tamu.edu,Female,$351138.13,997646699,PP
831,Miranda,Ferrie,mferrien2@twitpic.com,Female,$345705.31,44825534,PP
832,Shurwood,Keyse,skeysen3@toplist.cz,Male,$244178.64,375434479,IT
833,Hernando,Ciccarello,hciccarellon4@ask.com,Male,$907303.64,6930976,PP
834,Kale,Habden,khabdenn5@ezinearticles.com,Male,$519434.67,972340840,IT
835,Ambrose,Cavolini,acavolinin6@yelp.com,Male,$597864.43,747392275,PP
836,August,Burford,aburfordn7@army.mil,Male,$603420.38,87566482,PP
837,Chrysa,Petricek,cpetricekn8@alexa.com,Female,$657278.87,513531357,PP
838,Basilius,Dainter,bdaintern9@harvard.edu,Male,$941419.21,227718633,CC
839,Maudie,Easun,measunna@plala.or.jp,Female,$646602.85,350681197,CC
840,Willis,Van Dalen,wvandalennb@skyrock.com,Male,$559882.39,539368997,PP
841,Vivien,Minshall,vminshallnc@twitpic.com,Female,$956549.16,535537740,IT
842,Clare,Brabham,cbrabhamnd@psu.edu,Male,$637902.47,945926856,PP
843,Joachim,Hyndson,jhyndsonne@blinklist.com,Male,$449799.68,905683231,CC
844,Rand,Allardyce,rallardycenf@wordpress.com,Male,$336223.32,1033145224,CC
845,Hobie,Leonarde,hleonardeng@miitbeian.gov.cn,Male,$938430.01,445373539,CC
846,Kaleena,Sheering,ksheeringnh@surveymonkey.com,Female,$354743.52,865756628,CC
847,Tedman,Claus,tclausni@amazon.de,Male,$392015.39,578872409,PP
848,Patricio,McKern,pmckernnj@sakura.ne.jp,Male,$824566.09,792827965,CC
849,Doralyn,Kobelt,dkobeltnk@biglobe.ne.jp,Female,$840338.71,998151708,PP
850,Edita,Heighway,eheighwaynl@craigslist.org,Female,$869507.27,441178833,PP
851,Carmon,Wickersley,cwickersleynm@gnu.org,Female,$691470.84,616346406,CC
852,Marco,Jemison,mjemisonnn@networksolutions.com,Male,$756113.37,68109397,PP
853,Emmalynn,Reape,ereapeno@desdev.cn,Female,$245646.79,863389558,IT
854,Melicent,Bartczak,mbartczaknp@reverbnation.com,Female,$862426.77,932973514,CC
855,Vallie,Burtonwood,vburtonwoodnq@google.ru,Female,$392869.64,938727942,CC
856,Hermie,Fergusson,hfergussonnr@whitehouse.gov,Male,$883726.29,856995490,CC
857,Osmond,Streeting,ostreetingns@about.me,Male,$709444.00,127065866,IT
858,Sholom,Middleton,smiddletonnt@google.com,Male,$176685.38,49036419,IT
859,Ravi,Gibke,rgibkenu@cdbaby.com,Male,$524794.15,434248580,PP
860,Richart,Manginot,rmanginotnv@google.co.jp,Male,$265573.89,850913618,CC
861,Cassandry,Houdmont,choudmontnw@miibeian.gov.cn,Female,$628598.26,390681665,CC
862,Benjy,Giottoi,bgiottoinx@house.gov,Male,$136411.32,480302900,IT
863,Corella,Chestney,cchestneyny@wikimedia.org,Female,$519471.73,276185632,IT
864,Lurleen,Abbiss,labbissnz@weibo.com,Female,$601935.35,416290664,IT
865,Dionis,Von Hindenburg,dvonhindenburgo0@cnet.com,Female,$285269.61,719874130,IT
866,Cassy,Weale,cwealeo1@weibo.com,Female,$977935.89,696549976,IT
867,Amity,McAmish,amcamisho2@wired.com,Female,$532234.18,381387888,IT
868,Mycah,Lakes,mlakeso3@addthis.com,Male,$103505.29,579285651,IT
869,Peg,Lawrenz,plawrenzo4@yellowbook.com,Female,$155662.57,686272799,PP
870,Corri,Precious,cpreciouso5@craigslist.org,Female,$213188.44,762246598,IT
871,Tommie,Skillern,tskillerno6@sourceforge.net,Female,$557120.38,905380664,IT
872,Ewen,Philot,ephiloto7@desdev.cn,Male,$330926.84,174252220,IT
873,Pippo,Persence,ppersenceo8@macromedia.com,Male,$609213.75,255068126,IT
874,Sonya,Joscelyn,sjoscelyno9@icio.us,Female,$232010.27,775908439,IT
875,Rafaelita,Cookes,rcookesoa@plala.or.jp,Female,$549881.47,634513780,CC
876,Garvy,Scintsbury,gscintsburyob@shop-pro.jp,Male,$947442.11,587901265,CC
877,Ninnetta,Angerstein,nangersteinoc@biblegateway.com,Female,$249168.33,485895899,IT
878,Pavia,Cockshut,pcockshutod@pinterest.com,Female,$231850.79,939479893,CC
879,Dianne,Anthoin,danthoinoe@dropbox.com,Female,$333019.90,835236942,PP
880,Herschel,Hillhouse,hhillhouseof@tripadvisor.com,Male,$608314.15,87247012,IT
881,Fitzgerald,Kern,fkernog@domainmarket.com,Male,$221904.87,770047432,CC
882,Owen,Stirland,ostirlandoh@google.nl,Male,$609192.22,353383180,IT
883,Edmund,Wickstead,ewicksteadoi@goodreads.com,Male,$333533.59,952339642,IT
884,Harold,Pennycuick,hpennycuickoj@cpanel.net,Male,$173010.49,58399766,CC
885,Gussie,Boake,gboakeok@a8.net,Female,$709692.57,132798232,CC
886,Pincus,Joinsey,pjoinseyol@deviantart.com,Male,$976527.48,422704113,IT
887,Rosemary,Folkes,rfolkesom@purevolume.com,Female,$879291.40,100791008,IT
888,Alecia,Syvret,asyvreton@privacy.gov.au,Female,$570523.01,296764268,IT
889,Artie,Spratling,aspratlingoo@ebay.com,Male,$885447.68,746532936,PP
890,Lynnelle,Kippen,lkippenop@irs.gov,Female,$397011.14,364196475,IT
891,Magdalena,Impett,mimpettoq@scientificamerican.com,Female,$123270.02,415401698,IT
892,Libbie,Holme,lholmeor@nifty.com,Female,$312802.63,366326152,PP
893,Sax,Skamal,sskamalos@pagesperso-orange.fr,Male,$826994.87,78704443,PP
894,Jackie,Meredyth,jmeredythot@t-online.de,Female,$692931.14,1033166973,PP
895,Sidonia,Benstead,sbensteadou@nhs.uk,Female,$366362.25,485663083,PP
896,Barrett,Ethersey,betherseyov@va.gov,Male,$708646.96,957966076,IT
897,Phillida,Lamplough,plamploughow@weebly.com,Female,$767452.78,141056000,CC
898,Haroun,Bilofsky,hbilofskyox@weebly.com,Male,$672682.86,766528768,PP
899,Asa,MacMickan,amacmickanoy@behance.net,Male,$697026.75,230033257,IT
900,Moise,Alfonso,malfonsooz@google.nl,Male,$670851.96,19586159,PP
901,Cory,Duetschens,cduetschensp0@creativecommons.org,Male,$231021.92,913826628,PP
902,Pavel,Ballefant,pballefantp1@storify.com,Male,$375817.24,513064473,CC
903,Ynes,Fugere,yfugerep2@furl.net,Female,$971804.60,794128209,IT
904,Letisha,Reany,lreanyp3@slate.com,Female,$943619.59,8490201,PP
905,Sallyanne,Duberry,sduberryp4@networksolutions.com,Female,$412462.00,355599548,IT
906,Kennie,Goodsal,kgoodsalp5@nytimes.com,Male,$421228.88,906319989,PP
907,Tammara,Yate,tyatep6@prlog.org,Female,$311501.99,247424818,CC
908,Codi,Matuskiewicz,cmatuskiewiczp7@nydailynews.com,Female,$971991.08,1027998151,PP
909,Ethan,Kondratenko,ekondratenkop8@cdc.gov,Male,$964797.39,378982670,IT
910,Braden,Schimon,bschimonp9@craigslist.org,Male,$817335.15,260600371,IT
911,Anica,Yeowell,ayeowellpa@gmpg.org,Female,$696932.68,673497021,PP
912,Garrott,Eixenberger,geixenbergerpb@reddit.com,Male,$636150.45,997738041,CC
913,Yvette,Younglove,yyounglovepc@drupal.org,Female,$733112.38,805482102,PP
914,Annabel,Pope,apopepd@seesaa.net,Female,$685923.33,812164200,IT
915,Laina,Vido,lvidope@booking.com,Female,$671754.54,831044931,PP
916,Barny,O'Hoey,bohoeypf@parallels.com,Male,$342484.35,693127124,PP
917,Bevan,Buggs,bbuggspg@harvard.edu,Male,$602111.43,153164349,PP
918,Jacquelynn,Sinderson,jsindersonph@adobe.com,Female,$338736.43,864193674,PP
919,Farrell,Pillans,fpillanspi@odnoklassniki.ru,Male,$443954.14,232228356,PP
920,Belva,Patriskson,bpatrisksonpj@technorati.com,Female,$103479.72,94879588,IT
921,Benoit,Murty,bmurtypk@gmpg.org,Male,$386530.54,353737897,IT
922,Kimmie,Drain,kdrainpl@over-blog.com,Female,$165771.03,758453490,CC
923,Taddeo,Wainer,twainerpm@issuu.com,Male,$522202.74,655392676,CC
924,Flinn,Robus,frobuspn@dropbox.com,Male,$870092.26,978766922,PP
925,Karol,Burchard,kburchardpo@patch.com,Female,$729504.21,965049111,IT
926,Corey,Syder,csyderpp@livejournal.com,Male,$225896.69,167937529,IT
927,Carlie,Costa,ccostapq@e-recht24.de,Female,$600365.90,256906913,IT
928,Justen,McFadin,jmcfadinpr@walmart.com,Male,$989743.81,734036057,PP
929,Paten,Patry,ppatryps@auda.org.au,Male,$387407.47,746751264,PP
930,Jesselyn,Taggerty,jtaggertypt@squidoo.com,Female,$250072.41,736859414,PP
931,Fax,Saby,fsabypu@google.fr,Male,$527218.28,579809887,CC
932,Bale,Norrey,bnorreypv@freewebs.com,Male,$697738.20,906803786,PP
933,Filippa,Robjents,frobjentspw@addtoany.com,Female,$834506.42,356775935,IT
934,Selia,Zuppa,szuppapx@fc2.com,Female,$628883.13,556496574,CC
935,Manuel,Shulver,mshulverpy@ameblo.jp,Male,$939471.27,292922157,IT
936,Trix,Cranmor,tcranmorpz@1und1.de,Female,$221439.63,83867373,PP
937,Jecho,Fabb,jfabbq0@china.com.cn,Male,$291393.37,451680287,PP
938,Mort,Kubat,mkubatq1@netvibes.com,Male,$131639.81,301082346,IT
939,Stevena,Pitrasso,spitrassoq2@goo.gl,Female,$254564.30,567590852,IT
940,Roxana,Tremmel,rtremmelq3@jimdo.com,Female,$167795.04,570991199,IT
941,Kris,Vobes,kvobesq4@opera.com,Female,$835931.38,505649426,IT
942,Nydia,List,nlistq5@symantec.com,Female,$934425.54,232151806,PP
943,Rowney,Sidwick,rsidwickq6@admin.ch,Male,$227982.27,348670314,CC
944,Carter,Fifield,cfifieldq7@go.com,Male,$377142.92,388281653,PP
945,Vin,Philliskirk,vphilliskirkq8@google.com.br,Male,$654003.92,231355387,CC
946,Derrik,Cottem,dcottemq9@furl.net,Male,$801473.98,758041800,CC
947,Raf,Cotterel,rcotterelqa@skyrock.com,Female,$717502.41,942127465,IT
948,Carlina,Kelemen,ckelemenqb@hugedomains.com,Female,$883355.79,80318934,PP
949,Ddene,Deaton,ddeatonqc@ucsd.edu,Female,$352521.68,365634554,CC
950,Letta,Galpen,lgalpenqd@redcross.org,Female,$256284.92,127221844,IT
951,Layla,Bligh,lblighqe@cbc.ca,Female,$333700.48,529316694,CC
952,Jackie,Steljes,jsteljesqf@mit.edu,Male,$232773.94,464586130,PP
953,Andrej,Besse,abesseqg@nationalgeographic.com,Male,$233101.90,357841136,PP
954,Janos,Durante,jduranteqh@comcast.net,Male,$756378.29,531320931,IT
955,Hertha,Dunbabin,hdunbabinqi@about.com,Female,$320240.00,244198535,IT
956,Linn,Leonards,lleonardsqj@aol.com,Female,$646604.59,247372111,IT
957,Lucho,Petto,lpettoqk@altervista.org,Male,$238544.89,417016653,PP
958,Catarina,Ivatt,civattql@ezinearticles.com,Female,$927457.92,514885171,IT
959,Currie,Covill,ccovillqm@moonfruit.com,Male,$254009.65,65216253,IT
960,Gus,McGeaney,gmcgeaneyqn@homestead.com,Male,$521791.40,121694860,IT
961,Noland,Pien,npienqo@yandex.ru,Male,$445757.98,566447258,PP
962,Eada,Sans,esansqp@xing.com,Female,$296101.57,951930152,PP
963,Benita,Astall,bastallqq@jugem.jp,Female,$918680.48,575640412,PP
964,Liane,Costin,lcostinqr@xinhuanet.com,Female,$924730.89,915063933,CC
965,Aristotle,MacWilliam,amacwilliamqs@phpbb.com,Male,$252053.20,405735205,PP
966,Corine,Babber,cbabberqt@yellowbook.com,Female,$276403.85,192846547,PP
967,Sallyann,Willeman,swillemanqu@cdbaby.com,Female,$786628.29,459161582,PP
968,Emerson,De Metz,edemetzqv@delicious.com,Male,$928488.73,790463191,IT
969,Moise,Davenall,mdavenallqw@issuu.com,Male,$772884.33,728337131,PP
970,Philip,Schulter,pschulterqx@ebay.co.uk,Male,$697924.82,379870914,IT
971,Tawnya,Manginot,tmanginotqy@newyorker.com,Female,$159639.69,461837682,PP
972,Marcelline,Guile,mguileqz@hostgator.com,Female,$497394.05,634411622,CC
973,Sunny,Carlow,scarlowr0@surveymonkey.com,Female,$881666.26,247957273,IT
974,Eugene,Crolly,ecrollyr1@independent.co.uk,Male,$648875.18,496624992,PP
975,Colette,Glandfield,cglandfieldr2@discuz.net,Female,$917026.43,503123553,PP
976,Lanette,Cod,lcodr3@furl.net,Female,$715526.46,879110762,IT
977,Fiona,Needs,fneedsr4@chronoengine.com,Female,$707314.61,362821292,PP
978,Anthony,Darlaston,adarlastonr5@ucoz.ru,Male,$412378.07,437007956,IT
979,Pietra,Metts,pmettsr6@mashable.com,Female,$143312.21,956551808,PP
980,Brady,Lovejoy,blovejoyr7@sphinn.com,Male,$689617.80,85621569,PP
981,Corrinne,Reisenstein,creisensteinr8@latimes.com,Female,$172255.93,1009534999,IT
982,Marie,Stancliffe,mstancliffer9@ihg.com,Female,$948887.04,11438500,CC
983,Idalina,Keeffe,ikeeffera@amazon.co.uk,Female,$927312.76,173077419,IT
984,Harald,Rabley,hrableyrb@tmall.com,Male,$151101.95,771354854,CC
985,Sayre,Kennally,skennallyrc@ftc.gov,Female,$717648.65,668281731,IT
986,Ameline,Plumstead,aplumsteadrd@chron.com,Female,$707393.30,572745912,CC
987,Holly-anne,Sturm,hsturmre@hatena.ne.jp,Female,$404243.63,830228615,PP
988,Dorian,Kiwitz,dkiwitzrf@thetimes.co.uk,Female,$267517.07,56608869,IT
989,Angy,Gautrey,agautreyrg@about.com,Female,$700696.72,1008574040,CC
990,Fidole,Foukx,ffoukxrh@wisc.edu,Male,$256316.03,831125693,IT
991,Stanfield,Thome,sthomeri@fotki.com,Male,$472881.78,822043943,IT
992,Seumas,Chretien,schretienrj@networkadvertising.org,Male,$901819.17,149945833,CC
993,Mervin,Hills,mhillsrk@cafepress.com,Male,$595381.06,508918065,IT
994,Annora,Dankov,adankovrl@pagesperso-orange.fr,Female,$437035.14,272631543,PP
995,Giralda,Wallworth,gwallworthrm@digg.com,Female,$869489.38,422039943,CC
996,Colline,Sanz,csanzrn@pcworld.com,Female,$629188.97,832955452,CC
997,Hermann,Proback,hprobackro@arizona.edu,Male,$906131.57,596670240,PP
998,Tilly,Gallichiccio,tgallichicciorp@marriott.com,Female,$100978.34,296905324,IT
999,Nelli,Frail,nfrailrq@deviantart.com,Female,$701061.73,380656613,CC
1000,Junie,Chyuerton,jchyuertonrr@paypal.com,Female,$253843.20,224301381,IT
