id,nombre,apellido,email,genero,valor_tx,numero_identificacion,tipo_identificacion
1,Land,Rye,lrye0@statcounter.com,Male,$601127.75,465331906,IT
2,Rhett,Dunstall,rdunstall1@so-net.ne.jp,Male,$803991.05,841969636,PP
3,Gloria,Aucutt,gaucutt2@fastcompany.com,Female,$170625.37,339869728,IT
4,Skell,Fairfoull,sfairfoull3@acquirethisname.com,Male,$525118.66,466822208,PP
5,Abagail,Seymark,aseymark4@phoca.cz,Female,$159950.24,310255235,CC
6,Franky,Gerhts,fgerhts5@artisteer.com,Male,$871580.70,215344724,IT
7,Arte,Burney,aburney6@rakuten.co.jp,Male,$573916.80,216773180,CC
8,Susy,Boorer,sboorer7@sciencedaily.com,Female,$277402.80,172626093,CC
9,Vladamir,Tagg,vtagg8@pcworld.com,Male,$521559.48,222365199,CC
10,Paulie,Davie,pdavie9@amazonaws.com,Male,$430404.76,777906736,PP
11,Tiffy,Reffe,treffea@cbc.ca,Female,$586953.38,636608787,PP
12,Louella,McSporon,lmcsporonb@usatoday.com,Female,$655612.86,923949474,PP
13,Aylmer,Staton,astatonc@sakura.ne.jp,Male,$719994.31,497121635,IT
14,Jefferson,Ainsley,jainsleyd@google.fr,Male,$362034.05,292970153,CC
15,Ines,Monkley,imonkleye@stumbleupon.com,Female,$740060.13,59498241,IT
16,Dmitri,Buckett,dbuckettf@craigslist.org,Male,$927509.83,446784498,IT
17,Shae,Garnson,sgarnsong@etsy.com,Female,$232336.60,989878324,IT
18,Curr,Kemson,ckemsonh@webmd.com,Male,$816895.98,204837526,CC
19,Archy,Ludlam,aludlami@bloomberg.com,Male,$648128.01,176258192,PP
20,Paulette,Gaize,pgaizej@jugem.jp,Female,$362927.81,601071514,CC
21,Richmond,Shore,rshorek@dagondesign.com,Male,$197107.46,910617924,PP
22,Petronille,Jenton,pjentonl@constantcontact.com,Female,$765237.28,700542339,CC
23,Letty,Trahair,ltrahairm@shutterfly.com,Female,$101582.45,829177758,PP
24,Arabele,Champerlen,achamperlenn@comcast.net,Female,$397833.08,230895947,CC
25,Dwain,Dollin,ddollino@mit.edu,Male,$789414.06,956936036,PP
26,Krista,Weatherhogg,kweatherhoggp@amazon.de,Female,$223441.85,414552338,PP
27,Fernande,Yon,fyonq@phoca.cz,Female,$246632.00,853439956,IT
28,Robbin,Arnke,rarnker@flavors.me,Female,$348001.29,745180142,CC
29,Ernie,MacGoun,emacgouns@miitbeian.gov.cn,Male,$884225.08,68980606,IT
30,Erastus,Klaussen,eklaussent@aboutads.info,Male,$811927.43,302233321,CC
31,Tyrone,Vauter,tvauteru@chicagotribune.com,Male,$247745.71,529248259,CC
32,Roma,Lorek,rlorekv@photobucket.com,Male,$714819.17,551096017,CC
33,Mareah,Diver,mdiverw@si.edu,Female,$302881.03,504635679,PP
34,Karlotta,Leddy,kleddyx@indiatimes.com,Female,$771898.14,666587965,IT
35,Ailina,Garrold,agarroldy@elegantthemes.com,Female,$161540.86,1018975961,CC
36,Danice,Samudio,dsamudioz@pinterest.com,Female,$134634.77,869562860,CC
37,Beatrisa,Skelbeck,bskelbeck10@wunderground.com,Female,$721089.55,142223352,CC
38,Letta,Inchley,linchley11@godaddy.com,Female,$915065.72,682253954,IT
39,Edi,Drayson,edrayson12@4shared.com,Female,$268875.51,79373915,CC
40,Domenico,Vlasin,dvlasin13@tripadvisor.com,Male,$309173.20,1001271520,PP
41,Stanfield,Houseley,shouseley14@typepad.com,Male,$853984.10,898871098,PP
42,Griz,Lind,glind15@wordpress.org,Male,$998392.49,1044167010,PP
43,Hyacinthia,Tibbetts,htibbetts16@shutterfly.com,Female,$929537.75,363968300,CC
44,Anthea,Drage,adrage17@go.com,Female,$803238.23,846123275,IT
45,Romeo,Keely,rkeely18@cafepress.com,Male,$979745.74,259712093,IT
46,Elvira,Vala,evala19@sourceforge.net,Female,$317674.64,757753723,CC
47,Cynthy,Acutt,cacutt1a@addthis.com,Female,$938337.81,46248680,IT
48,Noemi,Pechet,npechet1b@forbes.com,Female,$865157.43,792113311,PP
49,Godfrey,Trobridge,gtrobridge1c@microsoft.com,Male,$842973.97,335005055,IT
50,Damien,McCreagh,dmccreagh1d@umn.edu,Male,$223593.17,298009085,CC
51,Marcia,Angerstein,mangerstein1e@merriam-webster.com,Female,$235468.64,746052569,CC
52,Ancell,Cutbush,acutbush1f@disqus.com,Male,$807072.29,720243378,PP
53,Danie,MacGow,dmacgow1g@fema.gov,Male,$821520.76,10448421,PP
54,Lorena,Bradnam,lbradnam1h@drupal.org,Female,$142204.74,737261684,PP
55,Chery,Aslett,caslett1i@answers.com,Female,$487001.75,20184616,PP
56,Brigham,Blowen,bblowen1j@elpais.com,Male,$775882.57,969171600,PP
57,Duff,Lanfear,dlanfear1k@1688.com,Male,$638420.53,602037334,PP
58,Kirby,Drewe,kdrewe1l@ucsd.edu,Female,$318292.44,493121502,PP
59,Geordie,Roubert,groubert1m@technorati.com,Male,$127729.50,131963010,PP
60,Chuck,Reisenberg,creisenberg1n@webeden.co.uk,Male,$500965.72,740044890,PP
61,Lon,Consadine,lconsadine1o@upenn.edu,Male,$660821.45,829608214,PP
62,Gavra,Symcoxe,gsymcoxe1p@bluehost.com,Female,$953528.70,678751829,CC
63,Alan,Le land,aleland1q@upenn.edu,Male,$915566.00,616507971,IT
64,Alley,Bedder,abedder1r@dailymail.co.uk,Male,$575733.47,688194212,CC
65,Gannie,Lyman,glyman1s@theguardian.com,Male,$353375.14,194147137,IT
66,Ingrid,Lorey,ilorey1t@miitbeian.gov.cn,Female,$917324.24,315365271,IT
67,Gallagher,Norquoy,gnorquoy1u@smugmug.com,Male,$765608.33,510227963,IT
68,Raleigh,MacKeig,rmackeig1v@irs.gov,Male,$691037.08,29704675,CC
69,Norbert,Lowery,nlowery1w@buzzfeed.com,Male,$430087.45,455060679,CC
70,Ulrica,Bitchener,ubitchener1x@ask.com,Female,$173316.79,420012392,CC
71,Jeffie,Coney,jconey1y@netlog.com,Male,$567106.07,202931126,IT
72,Jami,Geerits,jgeerits1z@1und1.de,Female,$189599.35,67116336,CC
73,Lucais,Waplington,lwaplington20@senate.gov,Male,$469605.69,56359229,PP
74,Valeda,Van De Cappelle,vvandecappelle21@disqus.com,Female,$377608.59,837166756,CC
75,Dianna,Jelfs,djelfs22@mozilla.org,Female,$729987.39,1003142801,IT
76,Leonerd,Hrishchenko,lhrishchenko23@omniture.com,Male,$157377.88,514784432,CC
77,Staford,Renforth,srenforth24@naver.com,Male,$279976.82,358613338,IT
78,Eldon,Graveney,egraveney25@tripod.com,Male,$554878.52,246130923,IT
79,Sheilakathryn,Villiers,svilliers26@statcounter.com,Female,$114180.28,411782541,IT
80,Esmeralda,Byer,ebyer27@ftc.gov,Female,$592789.75,81879745,IT
81,Ernst,Dzenisenka,edzenisenka28@macromedia.com,Male,$781789.84,766784491,IT
82,Ivar,Guinness,iguinness29@yelp.com,Male,$103199.94,581381607,CC
83,Karlens,Frake,kfrake2a@netlog.com,Male,$601412.82,555728132,PP
84,Mia,Edscer,medscer2b@phoca.cz,Female,$986155.61,301714109,PP
85,Jarib,Prester,jprester2c@dyndns.org,Male,$710994.05,53380667,CC
86,Alexander,Spowage,aspowage2d@discuz.net,Male,$635226.93,271954552,CC
87,Pascal,Bacher,pbacher2e@hud.gov,Male,$180446.70,407759083,CC
88,Colby,Kmieciak,ckmieciak2f@arizona.edu,Male,$154988.68,508929246,IT
89,Bastien,Seleway,bseleway2g@about.me,Male,$174722.07,44579012,PP
90,Candide,Fearne,cfearne2h@shutterfly.com,Female,$971295.01,292116201,PP
91,Thurstan,Atteridge,tatteridge2i@myspace.com,Male,$862612.75,973933769,PP
92,Julieta,Midford,jmidford2j@about.me,Female,$428300.03,577032156,PP
93,Nickie,McKniely,nmckniely2k@ustream.tv,Male,$126158.97,635798789,PP
94,Mercedes,Strond,mstrond2l@unesco.org,Female,$504236.50,772886081,IT
95,Zollie,Carding,zcarding2m@comcast.net,Male,$188849.73,9479091,PP
96,Carmelia,Clell,cclell2n@livejournal.com,Female,$504909.32,852087449,IT
97,Pierce,Godfree,pgodfree2o@vk.com,Male,$153767.21,816554949,PP
98,Bethena,Lackey,blackey2p@over-blog.com,Female,$698041.81,112025819,PP
99,Sharron,Boon,sboon2q@opensource.org,Female,$834334.09,265878968,CC
100,Andria,Farman,afarman2r@businessweek.com,Female,$105518.98,284894091,CC
101,Alisun,Bunford,abunford2s@cmu.edu,Female,$196363.22,184351536,IT
102,Dawn,Oller,doller2t@linkedin.com,Female,$393269.57,575600480,PP
103,Papagena,Wornham,pwornham2u@feedburner.com,Female,$415077.52,408343221,PP
104,Morlee,Elderfield,melderfield2v@cloudflare.com,Male,$350722.56,28567963,IT
105,Traci,Ricart,tricart2w@cbsnews.com,Female,$714247.16,883649025,IT
106,Bearnard,Cater,bcater2x@uiuc.edu,Male,$408218.58,985251036,PP
107,Warde,Semered,wsemered2y@hugedomains.com,Male,$786034.23,814445951,IT
108,Vittorio,Clougher,vclougher2z@360.cn,Male,$830164.05,1011653383,IT
109,Lory,Wych,lwych30@google.it,Female,$515346.15,184607764,CC
110,Darci,Wordington,dwordington31@wix.com,Female,$310858.29,985055683,CC
111,Fidelia,Barnish,fbarnish32@discovery.com,Female,$255201.04,1000580076,IT
112,Clari,Lowten,clowten33@issuu.com,Female,$815632.69,45060196,IT
113,Mercy,Cavanagh,mcavanagh34@sakura.ne.jp,Female,$947467.57,705546168,CC
114,Burch,Matthiesen,bmatthiesen35@360.cn,Male,$666644.26,366046325,PP
115,Stanley,Stanyon,sstanyon36@devhub.com,Male,$295426.18,851690147,CC
116,Caldwell,New,cnew37@cocolog-nifty.com,Male,$847433.34,768985047,CC
117,Maurits,Ely,mely38@ucsd.edu,Male,$335976.98,871985070,CC
118,Caritta,MacGarvey,cmacgarvey39@geocities.com,Female,$554064.16,524285402,CC
119,Bobbye,Snoad,bsnoad3a@scientificamerican.com,Female,$844389.76,150780315,PP
120,Phyllida,Whatsize,pwhatsize3b@furl.net,Female,$535424.60,879860231,IT
121,Evelina,Gonzales,egonzales3c@rediff.com,Female,$914345.97,426935299,PP
122,Dav,Mayte,dmayte3d@mlb.com,Male,$579400.46,283203547,CC
123,Giulietta,Landsberg,glandsberg3e@go.com,Female,$262905.28,304873806,IT
124,Noam,Tyhurst,ntyhurst3f@intel.com,Male,$742779.46,390658891,IT
125,Carina,Ashforth,cashforth3g@woothemes.com,Female,$586414.91,515697016,IT
126,Lucie,Glaves,lglaves3h@statcounter.com,Female,$781932.55,906072081,IT
127,Antoni,Brozsset,abrozsset3i@github.io,Male,$663509.85,66636046,IT
128,Cybill,Winskill,cwinskill3j@goo.ne.jp,Female,$934868.74,931259849,PP
129,Brendin,MacAnulty,bmacanulty3k@shutterfly.com,Male,$727156.54,540329137,CC
130,Maggy,Silvermann,msilvermann3l@unblog.fr,Female,$892743.80,675289032,IT
131,Genevra,Emeney,gemeney3m@europa.eu,Female,$335494.70,377400091,PP
132,Paddie,Hurd,phurd3n@webmd.com,Male,$409344.49,224464614,PP
133,Booth,Thorndycraft,bthorndycraft3o@wiley.com,Male,$825288.20,390476252,PP
134,Alfreda,Penwell,apenwell3p@bloglovin.com,Female,$339489.56,706268335,PP
135,Samuele,Buney,sbuney3q@123-reg.co.uk,Male,$906914.66,118177964,PP
136,Jillane,Bonds,jbonds3r@who.int,Female,$755211.82,733659991,PP
137,Leandra,Josskoviz,ljosskoviz3s@clickbank.net,Female,$746323.81,753952243,PP
138,Stacee,Raye,sraye3t@symantec.com,Female,$346440.03,793263381,IT
139,Carree,Catterall,ccatterall3u@cnet.com,Female,$531948.50,307497177,CC
140,Gerianna,Broske,gbroske3v@pagesperso-orange.fr,Female,$319186.39,1038644916,IT
141,Felipa,Penberthy,fpenberthy3w@nifty.com,Female,$293945.92,839206059,IT
142,Carmine,Danilin,cdanilin3x@nationalgeographic.com,Female,$135113.76,145003062,PP
143,Cristobal,Massie,cmassie3y@craigslist.org,Male,$724685.25,96733341,CC
144,Maia,McGann,mmcgann3z@wikimedia.org,Female,$803918.15,482047195,CC
145,Orella,Leroux,oleroux40@pagesperso-orange.fr,Female,$756803.75,975125728,IT
146,Roseline,Dufoure,rdufoure41@spotify.com,Female,$862183.51,516101876,CC
147,Jase,Yeiles,jyeiles42@seesaa.net,Male,$860055.68,1049073575,IT
148,Murry,Durber,mdurber43@sourceforge.net,Male,$378225.55,541962032,IT
149,Ruben,Dufoure,rdufoure44@over-blog.com,Male,$578536.54,452679111,IT
150,Fina,Sentinella,fsentinella45@g.co,Female,$459786.71,858671354,PP
151,Loleta,Rubinowitsch,lrubinowitsch46@pen.io,Female,$607522.16,582526832,CC
152,Stillmann,Christou,schristou47@sun.com,Male,$238509.97,746666876,IT
153,Dasha,O'Logan,dologan48@gnu.org,Female,$367949.14,463416979,CC
154,Fulton,McConnell,fmcconnell49@phpbb.com,Male,$464081.32,640626296,PP
155,Mac,Furzer,mfurzer4a@ezinearticles.com,Male,$194256.43,744235111,PP
156,Peder,Wards,pwards4b@reference.com,Male,$936547.41,149358551,PP
157,Jeno,Shelp,jshelp4c@chicagotribune.com,Male,$429646.95,885978222,CC
158,Dody,Andriessen,dandriessen4d@4shared.com,Female,$728529.37,283297994,CC
159,Osmond,Haighton,ohaighton4e@soundcloud.com,Male,$626937.07,466365004,PP
160,Fanechka,Pyke,fpyke4f@comsenz.com,Female,$146170.09,169754216,CC
161,Morie,Skillen,mskillen4g@unc.edu,Male,$781328.87,683029980,PP
162,Shepherd,Fery,sfery4h@privacy.gov.au,Male,$350082.67,317239515,IT
163,Gusty,Gomme,ggomme4i@netscape.com,Female,$913079.91,20529249,IT
164,Meghan,Lilian,mlilian4j@blogspot.com,Female,$598811.21,903308551,PP
165,Brigida,Wearing,bwearing4k@blogs.com,Female,$300274.67,559517327,CC
166,Yale,Postians,ypostians4l@aol.com,Male,$215379.30,934291200,IT
167,Eduino,Bover,ebover4m@twitter.com,Male,$320891.78,1025511880,IT
168,Pamella,Rapi,prapi4n@desdev.cn,Female,$586351.25,252074923,CC
169,Anette,Crippell,acrippell4o@time.com,Female,$666782.07,688649975,PP
170,Isabelle,Oglevie,ioglevie4p@theglobeandmail.com,Female,$544720.59,226712387,IT
171,Steffen,Blastock,sblastock4q@wordpress.com,Male,$180003.38,351506997,CC
172,Netti,Bertenshaw,nbertenshaw4r@va.gov,Female,$892125.59,551152544,CC
173,Woodrow,Greggs,wgreggs4s@hibu.com,Male,$341967.80,616262821,CC
174,Hasheem,Coltart,hcoltart4t@google.com.hk,Male,$369634.34,1007536739,PP
175,Kathryn,Kemmons,kkemmons4u@issuu.com,Female,$113430.30,182766654,IT
176,Livy,Londors,llondors4v@spotify.com,Female,$227021.48,774541510,PP
177,Ardath,Artingstall,aartingstall4w@shinystat.com,Female,$337730.86,1036635201,CC
178,Novelia,MacNucator,nmacnucator4x@umich.edu,Female,$309292.40,105540880,CC
179,Scott,Picheford,spicheford4y@chronoengine.com,Male,$222962.74,92594126,PP
180,Riobard,Ropking,rropking4z@cnet.com,Male,$500330.21,313539379,PP
181,Goraud,Higgen,ghiggen50@deviantart.com,Male,$497744.20,568142843,IT
182,Vida,Bollon,vbollon51@hc360.com,Female,$115455.49,592166626,IT
183,Kiley,Bernardt,kbernardt52@berkeley.edu,Male,$103127.20,1039179638,PP
184,Kelley,Nana,knana53@columbia.edu,Female,$307198.03,38448551,IT
185,Wallas,Ketteringham,wketteringham54@huffingtonpost.com,Male,$587307.30,767409166,CC
186,Eleanor,Shimoni,eshimoni55@salon.com,Female,$476480.85,377982523,PP
187,Norton,Dowry,ndowry56@irs.gov,Male,$986374.32,701326859,CC
188,Gert,Dabernott,gdabernott57@google.pl,Female,$746477.42,143144526,IT
189,Dennie,Purbrick,dpurbrick58@liveinternet.ru,Female,$348614.76,480720262,CC
190,Wallie,Woodstock,wwoodstock59@hud.gov,Male,$118529.16,356809006,PP
191,Zelig,Swanbourne,zswanbourne5a@wikispaces.com,Male,$212719.82,991909205,PP
192,Eve,Aspinwall,easpinwall5b@t-online.de,Female,$334970.04,991688042,IT
193,Lise,Sewards,lsewards5c@blogger.com,Female,$518164.60,1008366400,PP
194,Jo ann,Millery,jmillery5d@illinois.edu,Female,$488492.71,900053932,IT
195,Brade,Coleman,bcoleman5e@mail.ru,Male,$370203.91,227030933,PP
196,Heida,Hilbourne,hhilbourne5f@free.fr,Female,$261460.60,791179040,PP
197,Nikolos,Slate,nslate5g@google.com.br,Male,$318669.61,406316974,IT
198,Clyve,Hawking,chawking5h@tiny.cc,Male,$159341.98,662115917,CC
199,Roxane,Putson,rputson5i@homestead.com,Female,$939434.89,484253582,PP
200,Gustavus,Peltz,gpeltz5j@fema.gov,Male,$903815.34,917814428,CC
201,Lucia,McCulloch,lmcculloch5k@who.int,Female,$580778.41,365971417,CC
202,Cornie,Yurocjhin,cyurocjhin5l@scientificamerican.com,Female,$171037.71,546638577,CC
203,Karrah,Lumsdall,klumsdall5m@360.cn,Female,$977924.76,673750424,CC
204,Lonni,Ure,lure5n@cbsnews.com,Female,$129740.74,668285819,IT
205,Julie,Longthorn,jlongthorn5o@virginia.edu,Female,$913608.24,938629030,PP
206,Ag,Mousdall,amousdall5p@merriam-webster.com,Female,$461275.52,1035385568,CC
207,Edin,Ollier,eollier5q@w3.org,Female,$270132.99,782935721,PP
208,Agosto,Pursehouse,apursehouse5r@cbsnews.com,Male,$970008.81,626382726,CC
209,Balduin,Venart,bvenart5s@imdb.com,Male,$565243.94,466683697,IT
210,Luigi,MacInherney,lmacinherney5t@dailymotion.com,Male,$821447.41,922514829,IT
211,Julio,Penylton,jpenylton5u@ifeng.com,Male,$155339.59,353530038,PP
212,Nisse,Waterman,nwaterman5v@wp.com,Female,$778105.09,102888476,PP
213,Keriann,Bourbon,kbourbon5w@1und1.de,Female,$519788.38,1020210916,CC
214,Beverley,Woodgate,bwoodgate5x@networksolutions.com,Female,$336697.21,188784457,CC
215,Ward,Della,wdella5y@youtu.be,Male,$142995.88,288791351,PP
216,Bernardina,Northrop,bnorthrop5z@vimeo.com,Female,$172949.66,649934658,IT
217,Kelvin,Alger,kalger60@dailymotion.com,Male,$741239.68,86773418,IT
218,Boycie,McIlrath,bmcilrath61@twitter.com,Male,$981108.62,910375182,IT
219,Glenn,Kimbury,gkimbury62@opera.com,Female,$862375.82,49510665,IT
220,Alvis,Snowman,asnowman63@about.com,Male,$784199.48,1034948369,IT
221,Eduard,Edwards,eedwards64@mail.ru,Male,$126600.23,859872485,IT
222,Sara-ann,Bowmen,sbowmen65@icq.com,Female,$618113.15,264371581,IT
223,Keenan,Mellsop,kmellsop66@apache.org,Male,$763490.86,780070472,CC
224,Romy,Shwenn,rshwenn67@deliciousdays.com,Female,$243231.33,879961914,PP
225,Frank,Sarjant,fsarjant68@marriott.com,Female,$528468.71,295573830,IT
226,Kinna,Pittet,kpittet69@imdb.com,Female,$460422.87,176979901,IT
227,Stevy,MacKee,smackee6a@istockphoto.com,Male,$128847.49,990837704,IT
228,Mahala,Smallman,msmallman6b@yale.edu,Female,$894954.80,985202250,CC
229,Elora,Hawksby,ehawksby6c@google.nl,Female,$456703.08,325389224,CC
230,Doralyn,Pattinson,dpattinson6d@cam.ac.uk,Female,$785315.66,881682242,IT
231,Dorolisa,Truggian,dtruggian6e@csmonitor.com,Female,$658654.50,969025821,CC
232,Park,Starkie,pstarkie6f@ted.com,Male,$492170.20,464682051,PP
233,Terese,Noads,tnoads6g@cyberchimps.com,Female,$670418.63,917575166,CC
234,Raine,Reeman,rreeman6h@mysql.com,Female,$587015.73,330160440,PP
235,Jermaine,Ordemann,jordemann6i@cloudflare.com,Male,$197964.89,224972262,PP
236,Fowler,Philipeau,fphilipeau6j@sourceforge.net,Male,$676609.69,737900939,IT
237,Chance,Honnicott,chonnicott6k@a8.net,Male,$303831.13,451182901,IT
238,Lazare,Ogilvy,logilvy6l@histats.com,Male,$452924.74,44838897,PP
239,Ulla,Edmondson,uedmondson6m@hibu.com,Female,$788257.11,998968728,CC
240,Sibeal,Morfett,smorfett6n@vk.com,Female,$270501.49,525251134,CC
241,Bianka,Bernon,bbernon6o@chron.com,Female,$151531.89,190926883,PP
242,Timmi,Vaggers,tvaggers6p@time.com,Female,$350474.43,759684728,IT
243,Lem,Sitford,lsitford6q@fda.gov,Male,$972775.06,658524681,IT
244,Skippy,Volette,svolette6r@hatena.ne.jp,Male,$816829.03,232664358,PP
245,Garner,Vallantine,gvallantine6s@mit.edu,Male,$505839.00,306455174,CC
246,Isaak,Bentote,ibentote6t@wikipedia.org,Male,$680416.91,568286962,PP
247,Daisi,Kingscote,dkingscote6u@state.gov,Female,$722997.78,286580018,PP
248,Dido,Vassel,dvassel6v@ebay.co.uk,Female,$880954.29,756079989,PP
249,Lorrin,Jedrys,ljedrys6w@csmonitor.com,Female,$870473.30,392733809,IT
250,Bettye,Downey,bdowney6x@sfgate.com,Female,$820932.03,479838546,IT
251,Koral,Danielli,kdanielli6y@bbc.co.uk,Female,$766378.70,882233737,IT
252,Lenora,Donnan,ldonnan6z@google.de,Female,$106255.30,79564466,CC
253,Jeana,Merriday,jmerriday70@chicagotribune.com,Female,$469300.58,285518973,IT
254,Korney,Robak,krobak71@lycos.com,Female,$453613.87,46112508,CC
255,Colin,Lawrey,clawrey72@yandex.ru,Male,$505589.81,856088458,CC
256,Poppy,Burdass,pburdass73@weibo.com,Female,$981642.28,459082358,CC
257,Cullan,Mullaney,cmullaney74@amazonaws.com,Male,$440717.74,606288239,IT
258,Bernadina,Grigori,bgrigori75@newsvine.com,Female,$434011.29,641010829,CC
259,Freedman,O'Beirne,fobeirne76@google.ca,Male,$687241.33,621652865,IT
260,Costa,Bernolet,cbernolet77@theatlantic.com,Male,$788093.33,455207220,IT
261,Julie,Haill,jhaill78@psu.edu,Male,$327403.54,646218994,IT
262,Karon,MacDowal,kmacdowal79@comcast.net,Female,$709313.58,283597405,CC
263,Erl,Whyborne,ewhyborne7a@amazonaws.com,Male,$651960.78,258807176,CC
264,Hardy,Canto,hcanto7b@shop-pro.jp,Male,$910898.03,560853336,IT
265,Thadeus,Bryden,tbryden7c@nationalgeographic.com,Male,$181365.25,430612284,CC
266,Maggie,Totton,mtotton7d@umich.edu,Female,$739213.97,1027323314,CC
267,Stefania,Bonnick,sbonnick7e@posterous.com,Female,$621017.63,323616864,CC
268,Isobel,Fley,ifley7f@japanpost.jp,Female,$113682.75,218560719,IT
269,Hobey,Werndley,hwerndley7g@paginegialle.it,Male,$406914.96,176831702,PP
270,Teddie,Cassy,tcassy7h@w3.org,Female,$621701.10,366630467,CC
271,Dionisio,McAlinden,dmcalinden7i@uiuc.edu,Male,$508256.92,553314712,PP
272,Aldus,Sand,asand7j@nydailynews.com,Male,$307143.45,284442864,IT
273,Leontyne,Ritchley,lritchley7k@opera.com,Female,$559973.58,836402674,CC
274,Karlyn,Studde,kstudde7l@sohu.com,Female,$383332.43,504150251,CC
275,Malena,Gindghill,mgindghill7m@meetup.com,Female,$880244.57,665035714,IT
276,Giraud,Parradice,gparradice7n@nbcnews.com,Male,$930635.79,180312041,PP
277,Rich,Vidyapin,rvidyapin7o@telegraph.co.uk,Male,$929363.13,550885711,CC
278,Jasmina,Barbe,jbarbe7p@hexun.com,Female,$136816.51,293361453,PP
279,Leonora,Vasilchikov,lvasilchikov7q@kickstarter.com,Female,$517557.49,97285629,PP
280,Nelie,Lemonby,nlemonby7r@storify.com,Female,$571056.76,579210386,IT
281,Granny,Kettleson,gkettleson7s@statcounter.com,Male,$185853.04,132891590,IT
282,Bendick,Conboy,bconboy7t@cmu.edu,Male,$557905.35,790952919,PP
283,Latia,Cypler,lcypler7u@facebook.com,Female,$635889.20,462093441,IT
284,Cary,Hatchett,chatchett7v@alexa.com,Male,$262524.02,64018688,IT
285,Freemon,Stavers,fstavers7w@timesonline.co.uk,Male,$993919.07,511615939,IT
286,Leslie,Motten,lmotten7x@jiathis.com,Female,$883695.10,863936256,CC
287,Lazare,Hastings,lhastings7y@google.fr,Male,$930523.62,394777907,PP
288,Aguistin,Goade,agoade7z@google.ru,Male,$925795.03,699570555,CC
289,Mel,Burgess,mburgess80@amazonaws.com,Male,$344533.92,1009194519,PP
290,Israel,Shatliff,ishatliff81@abc.net.au,Male,$203539.21,498786486,IT
291,Horst,Battman,hbattman82@nationalgeographic.com,Male,$487985.01,825364203,PP
292,Agretha,Coning,aconing83@mit.edu,Female,$247647.81,831208719,IT
293,Louie,Carbonell,lcarbonell84@ezinearticles.com,Male,$199918.77,812677274,PP
294,Justine,Castilla,jcastilla85@freewebs.com,Female,$744193.36,239466591,IT
295,Lucina,Risborough,lrisborough86@com.com,Female,$586814.32,829295741,CC
296,Gifford,Engeham,gengeham87@java.com,Male,$946290.30,421288436,PP
297,Blanch,Cinelli,bcinelli88@ihg.com,Female,$457054.66,482973098,CC
298,Bartie,Phillcock,bphillcock89@java.com,Male,$459479.01,504708286,IT
299,Stanton,Wolfenden,swolfenden8a@stanford.edu,Male,$589884.01,360697427,CC
300,Hilario,Hellcat,hhellcat8b@wufoo.com,Male,$308958.35,1012672686,CC
301,Bennett,Wickens,bwickens8c@jiathis.com,Male,$514661.11,1047867196,IT
302,Jeth,Adamowitz,jadamowitz8d@google.it,Male,$694785.76,777202899,CC
303,Winslow,Towhey,wtowhey8e@fotki.com,Male,$373261.86,181957274,CC
304,Virgina,Garken,vgarken8f@statcounter.com,Female,$271635.54,593316074,CC
305,Kincaid,Thurner,kthurner8g@oakley.com,Male,$273543.11,975897453,CC
306,Sutherland,Errowe,serrowe8h@lulu.com,Male,$680140.79,777153459,CC
307,Christos,Fayerbrother,cfayerbrother8i@loc.gov,Male,$954567.08,823972133,IT
308,Janna,McClarence,jmcclarence8j@tumblr.com,Female,$608846.31,972116089,PP
309,Amelia,Cripwell,acripwell8k@newyorker.com,Female,$546251.10,519903723,IT
310,Payton,Chainey,pchainey8l@fda.gov,Male,$490688.46,404497808,CC
311,Stanwood,Hibbart,shibbart8m@tmall.com,Male,$447377.63,526469482,CC
312,Stanwood,Foran,sforan8n@bluehost.com,Male,$654417.32,871061837,PP
313,Lea,Pelos,lpelos8o@blog.com,Female,$383400.94,622827390,PP
314,Simonette,Kobera,skobera8p@hostgator.com,Female,$158282.46,965360889,IT
315,Titos,Ingry,tingry8q@imageshack.us,Male,$627001.89,277682705,PP
316,Gino,Riccardelli,griccardelli8r@mayoclinic.com,Male,$138954.29,544603277,PP
317,Debra,Eayres,deayres8s@phoca.cz,Female,$152123.75,969701108,IT
318,Marje,Foort,mfoort8t@google.it,Female,$598172.00,51539687,PP
319,Frances,Whithalgh,fwhithalgh8u@typepad.com,Female,$579933.12,576378895,IT
320,Bridget,Vasler,bvasler8v@cbsnews.com,Female,$814389.37,1006338439,IT
321,Brandie,Coggon,bcoggon8w@walmart.com,Female,$668523.15,852654582,IT
322,Anneliese,Morfey,amorfey8x@macromedia.com,Female,$746053.69,604291871,IT
323,Xenos,Alexandre,xalexandre8y@de.vu,Male,$319995.37,462633701,PP
324,Evvy,Ackery,eackery8z@ask.com,Female,$769624.87,637139218,IT
325,Vyky,Caveau,vcaveau90@accuweather.com,Female,$310665.51,805835714,CC
326,Vi,Naish,vnaish91@abc.net.au,Female,$193148.94,256921243,CC
327,Jeddy,Mursell,jmursell92@trellian.com,Male,$400513.52,471824736,CC
328,Brien,Venner,bvenner93@drupal.org,Male,$241912.12,615939665,PP
329,Gayel,Klimkov,gklimkov94@ftc.gov,Female,$550195.98,582084458,CC
330,Adria,Henden,ahenden95@dot.gov,Female,$591919.06,53066465,PP
331,Nicolina,Starbuck,nstarbuck96@deviantart.com,Female,$540157.77,628665462,IT
332,Imogene,Bignal,ibignal97@unicef.org,Female,$956402.55,956826209,IT
333,Micaela,Emnoney,memnoney98@bloglovin.com,Female,$787462.77,617491379,PP
334,Quinn,Jales,qjales99@springer.com,Male,$967624.71,552812161,PP
335,Cinnamon,Esslement,cesslement9a@discovery.com,Female,$985232.05,574823924,CC
336,Lucita,Di Ruggero,ldiruggero9b@sakura.ne.jp,Female,$394930.95,122653192,IT
337,Bent,Upstone,bupstone9c@naver.com,Male,$482435.17,568345948,CC
338,Dex,Stenhouse,dstenhouse9d@usatoday.com,Male,$604650.81,165620726,PP
339,Latisha,Yemm,lyemm9e@spotify.com,Female,$633292.91,974209314,CC
340,Joey,Caldera,jcaldera9f@etsy.com,Female,$188046.12,623983376,CC
341,Chandra,Kensington,ckensington9g@nyu.edu,Female,$926965.72,878040457,IT
342,Allin,Sheers,asheers9h@woothemes.com,Male,$841195.38,139684646,CC
343,Wright,Fenty,wfenty9i@imgur.com,Male,$732067.13,270244399,CC
344,Broderick,Jarrel,bjarrel9j@ning.com,Male,$265311.24,293398071,CC
345,Maryjane,Prendergrast,mprendergrast9k@flavors.me,Female,$292220.98,964880172,IT
346,Krispin,Winney,kwinney9l@csmonitor.com,Male,$533719.43,583248555,CC
347,Sophi,Norree,snorree9m@telegraph.co.uk,Female,$925174.61,507097074,IT
348,Tasia,Winwood,twinwood9n@upenn.edu,Female,$135006.87,413745937,IT
349,Tamera,Stoker,tstoker9o@jigsy.com,Female,$934033.13,231561319,CC
350,Estelle,Collard,ecollard9p@godaddy.com,Female,$664406.63,488007434,IT
351,Johnny,Gaitskill,jgaitskill9q@msu.edu,Male,$647050.06,313331082,PP
352,Tarra,Ewbanke,tewbanke9r@cpanel.net,Female,$253505.44,475124623,IT
353,Stephan,Brotherwood,sbrotherwood9s@pbs.org,Male,$799596.03,794475993,CC
354,Gallard,Snazle,gsnazle9t@businessweek.com,Male,$910362.65,943004486,PP
355,Brianna,Sylett,bsylett9u@goo.ne.jp,Female,$923613.62,904022678,PP
356,Gwenore,Izkoveski,gizkoveski9v@nsw.gov.au,Female,$531847.61,597334604,CC
357,Ginger,Grimestone,ggrimestone9w@cocolog-nifty.com,Male,$534289.07,726347033,PP
358,Shaylynn,Cleife,scleife9x@shinystat.com,Female,$677361.29,26807712,CC
359,Symon,Linnemann,slinnemann9y@census.gov,Male,$944458.48,726769009,PP
360,Zach,Grenshiels,zgrenshiels9z@berkeley.edu,Male,$842446.91,130567292,PP
361,Madalena,Skullet,mskulleta0@addtoany.com,Female,$968945.02,10611592,PP
362,Beulah,Phittiplace,bphittiplacea1@alibaba.com,Female,$908859.59,787316510,PP
363,Byran,Ferrea,bferreaa2@statcounter.com,Male,$817457.01,820547013,IT
364,Bride,Crommett,bcrommetta3@usa.gov,Female,$540197.25,114168910,CC
365,Joel,de'-Ancy Willis,jdeancywillisa4@state.tx.us,Male,$256194.50,467494889,IT
366,Gris,Robilart,grobilarta5@bizjournals.com,Male,$425186.21,382503981,CC
367,Saul,Canete,scanetea6@delicious.com,Male,$655131.27,372765348,IT
368,Phil,Soutar,psoutara7@ihg.com,Male,$996701.24,754578997,CC
369,Udall,Mangenet,umangeneta8@youtube.com,Male,$963279.89,639433723,CC
370,Paxon,Konertz,pkonertza9@angelfire.com,Male,$954492.19,522337567,CC
371,Bernice,Gooday,bgoodayaa@domainmarket.com,Female,$566086.64,711315314,PP
372,Tuesday,Tricker,ttrickerab@si.edu,Female,$786566.84,640341791,PP
373,Merola,Wilsey,mwilseyac@ft.com,Female,$816058.69,241679714,IT
374,Kikelia,Bartlett,kbartlettad@hugedomains.com,Female,$398398.27,114518253,PP
375,Paulo,Gehricke,pgehrickeae@youku.com,Male,$162891.45,287577581,PP
376,Corette,Goodship,cgoodshipaf@multiply.com,Female,$631710.33,470287326,IT
377,Harlin,Oldnall,holdnallag@berkeley.edu,Male,$654235.02,380421622,PP
378,Cherida,Stuther,cstutherah@linkedin.com,Female,$433502.64,437655617,CC
379,Granny,Butlin,gbutlinai@devhub.com,Male,$374461.39,74485608,CC
380,Elsinore,Jaggers,ejaggersaj@cdc.gov,Female,$660604.10,227174341,IT
381,Mervin,Flipsen,mflipsenak@howstuffworks.com,Male,$758201.84,759994713,PP
382,Merrilee,Cyphus,mcyphusal@miitbeian.gov.cn,Female,$339815.97,365196715,PP
383,Sharl,McAllister,smcallisteram@wisc.edu,Female,$312973.41,201705017,IT
384,Luther,Tolliday,ltollidayan@ycombinator.com,Male,$581602.52,300654059,IT
385,Constantina,Rook,crookao@tinypic.com,Female,$631995.80,788038093,IT
386,Jacquetta,Bimrose,jbimroseap@prweb.com,Female,$825285.52,355387897,CC
387,Marlow,Nottingham,mnottinghamaq@auda.org.au,Male,$937648.39,269380766,CC
388,Andros,Pannett,apannettar@lycos.com,Male,$698664.49,163366078,IT
389,Murdoch,Piggford,mpiggfordas@wikispaces.com,Male,$413732.96,875874204,IT
390,Garrek,Taggart,gtaggartat@typepad.com,Male,$203725.61,829363221,IT
391,Diane-marie,Warrior,dwarriorau@unicef.org,Female,$804438.01,1019433489,CC
392,Aylmar,Oselton,aoseltonav@slate.com,Male,$512941.40,634468333,PP
393,Arie,Lupton,aluptonaw@weibo.com,Male,$226865.68,946032128,CC
394,Frances,Penn,fpennax@umn.edu,Female,$630290.68,153933075,PP
395,Zollie,Olyunin,zolyuninay@imdb.com,Male,$288098.66,992534691,IT
396,Brynne,McCurtin,bmccurtinaz@sciencedirect.com,Female,$736247.60,255352028,PP
397,Grissel,Carbine,gcarbineb0@reference.com,Female,$481349.65,747330610,PP
398,Midge,Ewens,mewensb1@zdnet.com,Female,$365468.76,207510663,PP
399,Pamela,Wicklen,pwicklenb2@wired.com,Female,$956672.13,722636993,IT
400,Melloney,Davidovitz,mdavidovitzb3@seesaa.net,Female,$584352.28,507847035,PP
401,Otho,Kopta,okoptab4@phoca.cz,Male,$953161.63,776785535,IT
402,Sunny,Pieche,spiecheb5@godaddy.com,Female,$281868.19,429495184,PP
403,Cissy,Hune,chuneb6@linkedin.com,Female,$341571.33,198606253,IT
404,Melissa,Castella,mcastellab7@arizona.edu,Female,$694290.63,476677096,PP
405,Carlos,Whaymand,cwhaymandb8@webnode.com,Male,$556829.39,608385821,PP
406,Herta,Digg,hdiggb9@amazon.com,Female,$588026.92,976003451,IT
407,Verna,Quantrill,vquantrillba@stanford.edu,Female,$303054.19,227321909,CC
408,Tobias,Bowditch,tbowditchbb@php.net,Male,$992806.31,785547513,PP
409,Kelcey,Coveney,kcoveneybc@nsw.gov.au,Female,$237268.45,757814655,PP
410,Sigmund,Beahan,sbeahanbd@mail.ru,Male,$574991.33,467719034,PP
411,Oswell,Binder,obinderbe@cam.ac.uk,Male,$318412.99,342235277,IT
412,Janos,Kilminster,jkilminsterbf@bbb.org,Male,$357728.69,200978135,CC
413,June,Grote,jgrotebg@techcrunch.com,Female,$707745.42,106204140,PP
414,Ashton,Hayesman,ahayesmanbh@europa.eu,Male,$551334.37,7578856,PP
415,Phil,Lamblin,plamblinbi@statcounter.com,Male,$383108.15,733167409,IT
416,Arny,Dawe,adawebj@admin.ch,Male,$972528.72,435911005,CC
417,Umberto,MacCosty,umaccostybk@pen.io,Male,$926763.97,893408663,IT
418,Mac,Basten,mbastenbl@nymag.com,Male,$252152.09,894977280,PP
419,Devland,Whartonby,dwhartonbybm@usgs.gov,Male,$423967.07,243921343,PP
420,Deidre,Kemmett,dkemmettbn@newsvine.com,Female,$436271.46,347953974,PP
421,Lorena,Granville,lgranvillebo@yellowpages.com,Female,$252233.14,149830944,PP
422,Bord,Disman,bdismanbp@cloudflare.com,Male,$760460.80,456794092,CC
423,Kiri,Barff,kbarffbq@macromedia.com,Female,$489212.65,233017304,IT
424,Ingrim,Attridge,iattridgebr@mlb.com,Male,$214839.60,1010249043,IT
425,Rickie,Scowcroft,rscowcroftbs@thetimes.co.uk,Female,$302638.46,1021402776,PP
426,Gillie,Rosson,grossonbt@cam.ac.uk,Female,$700244.38,133539980,CC
427,Clary,Burcombe,cburcombebu@google.co.jp,Female,$970532.14,94355300,IT
428,Normy,Thurling,nthurlingbv@hhs.gov,Male,$292397.67,96757929,CC
429,Basia,Phippard,bphippardbw@oakley.com,Female,$247875.72,48089436,CC
430,Sydney,Ace,sacebx@jugem.jp,Male,$784873.01,224856425,IT
431,Kimbell,Dunton,kduntonby@imageshack.us,Male,$280204.48,100021574,CC
432,Townsend,Pennells,tpennellsbz@sohu.com,Male,$455413.61,413641923,IT
433,Delinda,Kift,dkiftc0@vimeo.com,Female,$826206.22,738834690,CC
434,Ariel,Authers,aauthersc1@rambler.ru,Female,$887983.13,980269484,PP
435,Toiboid,Siddens,tsiddensc2@plala.or.jp,Male,$453789.73,683209975,PP
436,Byrle,Luisetti,bluisettic3@cloudflare.com,Male,$864100.29,358887038,PP
437,Nat,Ambrodi,nambrodic4@bing.com,Male,$789032.79,449302453,PP
438,Raul,Flude,rfludec5@china.com.cn,Male,$390925.30,522604114,CC
439,Shaine,Tierney,stierneyc6@tripadvisor.com,Male,$503474.89,320577834,IT
440,Art,Chalcot,achalcotc7@foxnews.com,Male,$630814.25,146515886,IT
441,Elliott,Monnoyer,emonnoyerc8@nbcnews.com,Male,$960529.88,223292184,PP
442,Hildegaard,D'orsay,hdorsayc9@yahoo.co.jp,Female,$107211.79,386590718,CC
443,Kaila,Posse,kposseca@newsvine.com,Female,$411078.38,745638324,IT
444,Manuel,Cappleman,mcapplemancb@geocities.jp,Male,$388716.20,251555446,PP
445,Leif,Borzoni,lborzonicc@gov.uk,Male,$100366.84,137680717,PP
446,Dunc,Palombi,dpalombicd@paypal.com,Male,$795951.83,949570526,IT
447,Pierre,Guilloneau,pguilloneauce@theguardian.com,Male,$146835.14,1011396628,PP
448,Donny,Berks,dberkscf@utexas.edu,Female,$703642.43,474297217,CC
449,Wilma,Duncklee,wdunckleecg@usatoday.com,Female,$726048.49,305140358,PP
450,Benjy,McCaffery,bmccafferych@about.me,Male,$813475.36,556712811,CC
451,Aube,Aleksich,aaleksichci@facebook.com,Male,$240135.73,52078497,PP
452,Suzanne,Marikhin,smarikhincj@fda.gov,Female,$722791.19,99778921,IT
453,Jimmy,Luno,jlunock@unblog.fr,Male,$952894.14,450637834,CC
454,Myrta,Brazur,mbrazurcl@foxnews.com,Female,$544495.12,554050878,CC
455,Moreen,McNay,mmcnaycm@ycombinator.com,Female,$522601.38,547045004,IT
456,Morgan,Easter,meastercn@lycos.com,Male,$503565.53,427614632,PP
457,Danny,Abrahmovici,dabrahmovicico@bigcartel.com,Male,$437269.13,43691942,CC
458,Hermy,Idney,hidneycp@usda.gov,Male,$424722.95,903152923,IT
459,Salem,Grainge,sgraingecq@kickstarter.com,Male,$693692.24,867013778,CC
460,Barton,Jobke,bjobkecr@amazon.com,Male,$330356.38,454701912,IT
461,Gunter,Ruslinge,gruslingecs@spotify.com,Male,$903763.72,650068044,CC
462,Haleigh,Danilenko,hdanilenkoct@wunderground.com,Female,$264251.31,212557803,IT
463,Demetri,Snashall,dsnashallcu@yellowpages.com,Male,$918745.93,913592856,IT
464,Darci,Renyard,drenyardcv@uol.com.br,Female,$932261.73,301308080,PP
465,Jocelyn,Smallpeace,jsmallpeacecw@goodreads.com,Female,$354893.82,471735563,IT
466,Lorette,Hrachovec,lhrachoveccx@harvard.edu,Female,$111356.51,683819284,CC
467,Janeen,Wringe,jwringecy@house.gov,Female,$871242.15,674851642,PP
468,Kelsey,Ponte,kpontecz@nhs.uk,Male,$528957.16,438275600,IT
469,Osgood,Kupke,okupked0@networkadvertising.org,Male,$979757.14,278360605,CC
470,Pennie,Reisk,preiskd1@bing.com,Male,$133993.79,518067639,IT
471,Mordy,Fitzackerley,mfitzackerleyd2@ow.ly,Male,$936118.45,66660716,PP
472,Kathryn,Freckleton,kfreckletond3@ezinearticles.com,Female,$169265.52,755831285,IT
473,Bailey,Karleman,bkarlemand4@sohu.com,Male,$217378.37,791081673,IT
474,Gerry,Leavy,gleavyd5@dedecms.com,Male,$522696.78,685491335,IT
475,Trevor,Trett,ttrettd6@scribd.com,Male,$294020.23,388862129,CC
476,Gerald,Truss,gtrussd7@merriam-webster.com,Male,$929300.05,807018124,CC
477,Alfonso,Swales,aswalesd8@java.com,Male,$620196.42,98414507,PP
478,Teddie,Fasson,tfassond9@wp.com,Male,$908155.74,888404158,CC
479,Egor,Snead,esneadda@guardian.co.uk,Male,$244842.60,272110155,PP
480,Artair,Dalgleish,adalgleishdb@hibu.com,Male,$806528.90,103269440,CC
481,Ives,Hearl,ihearldc@php.net,Male,$126192.91,757448014,IT
482,Imogene,Castellini,icastellinidd@mlb.com,Female,$231999.27,246744394,CC
483,Randell,Cullinan,rcullinande@desdev.cn,Male,$221449.14,464339804,PP
484,Mariejeanne,Shalliker,mshallikerdf@arizona.edu,Female,$748003.70,710502010,IT
485,Zilvia,Gohier,zgohierdg@desdev.cn,Female,$971988.62,434303277,PP
486,Elsbeth,Daniele,edanieledh@simplemachines.org,Female,$733194.55,191558573,PP
487,Bellanca,Barnicott,bbarnicottdi@globo.com,Female,$251755.59,651110612,IT
488,Amy,Sweetlove,asweetlovedj@utexas.edu,Female,$342796.74,303490489,CC
489,Leona,Isitt,lisittdk@aol.com,Female,$786717.62,271100671,PP
490,Stephannie,Lancaster,slancasterdl@cornell.edu,Female,$563320.81,539606813,CC
491,Michele,Phebee,mphebeedm@ebay.com,Female,$694144.60,658972493,PP
492,Belicia,Empringham,bempringhamdn@sciencedirect.com,Female,$699922.19,715261107,PP
493,Bryn,Drust,bdrustdo@bloglines.com,Male,$135801.39,205884333,CC
494,Tom,Hallihan,thallihandp@csmonitor.com,Male,$259236.80,311914219,PP
495,Ker,Bracey,kbraceydq@g.co,Male,$589280.62,336086649,IT
496,Eadith,Olivie,eoliviedr@prnewswire.com,Female,$620280.20,817573689,IT
497,Sayres,Millhill,smillhillds@qq.com,Male,$866367.03,522361501,PP
498,Lanny,Eyree,leyreedt@amazon.de,Female,$147980.62,622043202,IT
499,Carly,Tidd,ctidddu@loc.gov,Female,$448131.03,278113795,PP
500,Dolf,Brezlaw,dbrezlawdv@xing.com,Male,$311062.02,760649025,CC
501,Tobit,Kingescot,tkingescotdw@soundcloud.com,Male,$226845.22,449621811,PP
502,Shayne,Cornes,scornesdx@youtu.be,Male,$852695.51,291238726,CC
503,Barb,Ridding,briddingdy@squidoo.com,Female,$741523.04,12607185,IT
504,Gawen,Saker,gsakerdz@engadget.com,Male,$326425.79,732550916,PP
505,Cleveland,Kupker,ckupkere0@wikimedia.org,Male,$304774.94,461283565,PP
506,Thorvald,Kent,tkente1@uiuc.edu,Male,$256009.28,379364917,PP
507,Rosabella,Cradoc,rcradoce2@ameblo.jp,Female,$357638.28,618485033,PP
508,Angeline,Peperell,apeperelle3@cocolog-nifty.com,Female,$871356.87,852602921,CC
509,Kevin,Stanluck,kstanlucke4@github.io,Male,$243121.33,622651309,PP
510,Ardelle,Toth,atothe5@freewebs.com,Female,$672144.49,645912971,IT
511,Kyle,Waiting,kwaitinge6@howstuffworks.com,Male,$356627.82,652037289,CC
512,Daniele,Baalham,dbaalhame7@fastcompany.com,Female,$706356.08,553868397,PP
513,Renault,Beale,rbealee8@nbcnews.com,Male,$973506.43,125195839,PP
514,Caspar,Broadfield,cbroadfielde9@istockphoto.com,Male,$458480.04,212774110,PP
515,Kylen,Ranking,krankingea@netscape.com,Female,$216429.44,658018165,PP
516,Fons,D'eath,fdeatheb@blinklist.com,Male,$849114.93,945322575,PP
517,Sandy,Hayland,shaylandec@goodreads.com,Female,$586506.21,703785540,PP
518,Darline,Kundert,dkunderted@google.de,Female,$631033.71,661292185,PP
519,Paule,Nussey,pnusseyee@fc2.com,Female,$249374.25,983711667,IT
520,Anestassia,Brotheridge,abrotheridgeef@liveinternet.ru,Female,$196257.67,437026223,CC
521,Konrad,Passie,kpassieeg@163.com,Male,$472074.90,894889677,IT
522,Jonas,Melmeth,jmelmetheh@nih.gov,Male,$967627.84,1034613039,IT
523,Peadar,Ellissen,pellissenei@usda.gov,Male,$642888.18,627889348,PP
524,Carolin,Bowhey,cbowheyej@illinois.edu,Female,$914066.69,1016264885,IT
525,Bennie,Ickeringill,bickeringillek@macromedia.com,Female,$477892.03,280779672,CC
526,Paulie,Nitto,pnittoel@wisc.edu,Male,$530547.69,370305606,PP
527,Devlen,Yakovlev,dyakovlevem@cyberchimps.com,Male,$900899.69,1005372317,PP
528,Milena,Erickssen,merickssenen@etsy.com,Female,$134344.71,196746268,CC
529,Wenonah,McIlwreath,wmcilwreatheo@deliciousdays.com,Female,$306648.08,13112207,IT
530,Barris,Briand,bbriandep@wp.com,Male,$854049.47,60678541,IT
531,Evania,Bryers,ebryerseq@comcast.net,Female,$548810.73,801977456,CC
532,Benedetta,Wingeat,bwingeater@sciencedaily.com,Female,$428817.08,83304472,IT
533,Morey,Doylend,mdoylendes@archive.org,Male,$481134.88,320488146,PP
534,Zorine,Habden,zhabdenet@vistaprint.com,Female,$492402.27,83819873,PP
535,Talyah,Shields,tshieldseu@shutterfly.com,Female,$313671.56,15712020,PP
536,Kareem,Berthon,kberthonev@sogou.com,Male,$643589.16,196361902,IT
537,Lucretia,Theodore,ltheodoreew@w3.org,Female,$219360.72,495963614,PP
538,Tedd,Rossey,trosseyex@shutterfly.com,Male,$872905.45,217906735,CC
539,Jacques,Beer,jbeerey@xing.com,Male,$336590.16,754600721,PP
540,Jenda,Irce,jirceez@gravatar.com,Female,$437859.37,731649282,CC
541,Delaney,Haire,dhairef0@google.co.uk,Male,$974690.15,290016049,PP
542,Albert,Ottewill,aottewillf1@goo.ne.jp,Male,$277016.48,771555462,CC
543,Elsworth,Sickert,esickertf2@amazon.co.uk,Male,$472041.62,829891922,PP
544,De,Coyte,dcoytef3@indiegogo.com,Female,$748316.15,29872091,CC
545,Ferdinanda,Meddemmen,fmeddemmenf4@canalblog.com,Female,$117057.57,626422334,CC
546,Josefina,Myerscough,jmyerscoughf5@ocn.ne.jp,Female,$612352.62,903774603,IT
547,Artemus,Whitehorne,awhitehornef6@businessinsider.com,Male,$630291.58,98568890,IT
548,Garwin,McIlwaine,gmcilwainef7@github.io,Male,$884685.75,343187363,CC
549,Rickard,Simacek,rsimacekf8@xrea.com,Male,$535375.35,221249813,CC
550,Marci,Hebditch,mhebditchf9@wired.com,Female,$208231.86,529392051,CC
551,Julie,Simonsen,jsimonsenfa@vk.com,Male,$242510.13,1027143836,CC
552,Christabella,Hevner,chevnerfb@privacy.gov.au,Female,$552721.35,506648591,IT
553,Fraser,Brackstone,fbrackstonefc@google.com.au,Male,$536531.03,297912124,IT
554,Deedee,Tyce,dtycefd@barnesandnoble.com,Female,$159037.18,871958467,PP
555,Emmie,Horrigan,ehorriganfe@wired.com,Female,$174389.25,344976535,CC
556,Sim,Phythean,sphytheanff@ebay.com,Male,$901408.61,262655905,IT
557,Radcliffe,Couvet,rcouvetfg@alexa.com,Male,$683959.11,617085529,PP
558,Sena,Arrundale,sarrundalefh@furl.net,Female,$693615.66,591401237,IT
559,Justin,Callaby,jcallabyfi@ihg.com,Male,$153626.91,588341310,IT
560,Tiffani,MacKenzie,tmackenziefj@npr.org,Female,$513207.32,758448110,IT
561,Erv,Laible,elaiblefk@de.vu,Male,$297206.13,976036868,PP
562,Yevette,Legerwood,ylegerwoodfl@forbes.com,Female,$312188.91,757602211,PP
563,Jo-ann,Brigg,jbriggfm@tmall.com,Female,$669413.37,489400366,IT
564,Courtenay,McPhillips,cmcphillipsfn@vinaora.com,Female,$563640.29,448525437,PP
565,Michaelina,Anmore,manmorefo@scientificamerican.com,Female,$996146.82,929136349,IT
566,Henka,Winny,hwinnyfp@shutterfly.com,Female,$390139.96,440579494,CC
567,Berty,Clift,bcliftfq@rambler.ru,Male,$675659.45,878531021,PP
568,Becki,Cantillon,bcantillonfr@mtv.com,Female,$176484.48,72010618,IT
569,Stanfield,Gandrich,sgandrichfs@umn.edu,Male,$645165.20,188178509,CC
570,Cammi,Butter,cbutterft@reddit.com,Female,$982776.54,684975692,CC
571,Colman,Moscone,cmosconefu@chron.com,Male,$425433.44,443270164,CC
572,Camille,Shannahan,cshannahanfv@netvibes.com,Female,$832020.66,678032303,IT
573,Waldemar,Hallede,whalledefw@soup.io,Male,$770082.09,621467644,PP
574,Otho,Beachamp,obeachampfx@xinhuanet.com,Male,$308297.35,660321879,IT
575,Rem,Yeend,ryeendfy@mail.ru,Male,$953490.54,325224008,CC
576,Philomena,Yakunkin,pyakunkinfz@gov.uk,Female,$239607.75,770764127,CC
577,Cherie,Laughlin,claughling0@gov.uk,Female,$428616.88,329206705,PP
578,Sosanna,Van der Brugge,svanderbruggeg1@amazon.co.jp,Female,$716838.11,822188334,IT
579,Colet,Pideon,cpideong2@gmpg.org,Male,$113291.84,553822555,PP
580,Hannie,Mougenel,hmougenelg3@about.me,Female,$129213.71,525873148,CC
581,Dew,Broadstock,dbroadstockg4@geocities.jp,Male,$222196.94,458106878,IT
582,Conant,Cattonnet,ccattonnetg5@ustream.tv,Male,$473671.36,213838063,CC
583,Giffer,Grob,ggrobg6@unicef.org,Male,$701963.07,282049931,PP
584,Temple,Aronstein,taronsteing7@opensource.org,Male,$569612.21,28836108,CC
585,Lane,McCully,lmccullyg8@google.com,Male,$913507.40,52711693,CC
586,Madelyn,McTrustrie,mmctrustrieg9@huffingtonpost.com,Female,$136403.13,727988226,CC
587,Reginauld,Pill,rpillga@accuweather.com,Male,$697892.26,14328459,CC
588,Scotti,Schutt,sschuttgb@alexa.com,Male,$108016.72,15865002,IT
589,Duncan,Cutmore,dcutmoregc@sogou.com,Male,$411314.47,495776658,PP
590,Hartley,Madgett,hmadgettgd@ycombinator.com,Male,$716455.85,251373425,PP
591,Jackie,Haizelden,jhaizeldenge@cdbaby.com,Female,$948374.92,927878681,PP
592,Letitia,Niccolls,lniccollsgf@home.pl,Female,$647969.46,771523460,CC
593,Stevy,Morfey,smorfeygg@ocn.ne.jp,Male,$677551.86,1002424821,CC
594,Carce,Ciobutaro,cciobutarogh@freewebs.com,Male,$307198.86,744617310,IT
595,Rawley,Chafney,rchafneygi@e-recht24.de,Male,$907637.71,300524315,IT
596,Evan,Brewers,ebrewersgj@house.gov,Male,$940901.20,520180683,PP
597,Carling,Stirrip,cstirripgk@cbsnews.com,Male,$494682.72,744875192,PP
598,Edmund,Stean,esteangl@pcworld.com,Male,$135800.84,592899285,CC
599,Mariya,Coniam,mconiamgm@t.co,Female,$976976.37,7286004,CC
600,Wade,Officer,wofficergn@sina.com.cn,Male,$901999.35,134975692,IT
601,August,Copperwaite,acopperwaitego@google.cn,Male,$547350.24,390349496,CC
602,Blake,Frodsam,bfrodsamgp@squarespace.com,Male,$673583.97,804298674,IT
603,Wash,Ambrosi,wambrosigq@edublogs.org,Male,$994153.90,735699335,IT
604,Derward,Smeuin,dsmeuingr@tripod.com,Male,$978370.32,796107302,PP
605,Kerwin,Garard,kgarardgs@google.it,Male,$962125.79,496545365,IT
606,Dana,Brotherhead,dbrotherheadgt@yahoo.co.jp,Male,$350109.02,834948151,PP
607,Daveta,Curedale,dcuredalegu@nyu.edu,Female,$388948.52,419251442,PP
608,Gertrud,Nulty,gnultygv@ow.ly,Female,$281630.01,189471104,IT
609,Lucita,Boothe,lboothegw@booking.com,Female,$454944.67,21749367,PP
610,Wrennie,Gulley,wgulleygx@google.nl,Female,$354302.83,963502389,PP
611,Devin,BoHlingolsen,dbohlingolsengy@whitehouse.gov,Female,$992185.48,400744917,PP
612,Barbe,Corless,bcorlessgz@marriott.com,Female,$746365.57,1029228675,PP
613,Sonya,Mauro,smauroh0@tumblr.com,Female,$865250.65,443225911,IT
614,Melloney,McNelis,mmcnelish1@webnode.com,Female,$797896.10,147367833,PP
615,Worthington,Todhunter,wtodhunterh2@sfgate.com,Male,$410928.13,629772648,PP
616,Sigismundo,Gentzsch,sgentzschh3@cisco.com,Male,$825800.48,463895774,CC
617,Morena,Duguid,mduguidh4@bing.com,Female,$879386.15,490452027,PP
618,Kitty,Hadenton,khadentonh5@trellian.com,Female,$828908.53,384571817,IT
619,Drusie,Aikman,daikmanh6@t-online.de,Female,$111594.39,246006463,CC
620,Hilton,Woodrooffe,hwoodrooffeh7@ebay.com,Male,$671115.17,753809653,CC
621,Ernestine,Rathbone,erathboneh8@vinaora.com,Female,$778949.92,289119125,PP
622,Garwood,Giffkins,ggiffkinsh9@mlb.com,Male,$574754.71,110106395,PP
623,Cassy,Wonham,cwonhamha@indiegogo.com,Female,$912785.38,480752979,CC
624,Brinna,Bickerstaffe,bbickerstaffehb@godaddy.com,Female,$573797.77,16238662,IT
625,Cherice,Tilbrook,ctilbrookhc@addthis.com,Female,$955827.38,1043147720,PP
626,Justino,Gingel,jgingelhd@nbcnews.com,Male,$806322.19,845176515,PP
627,Fernanda,Petrello,fpetrellohe@bbc.co.uk,Female,$873796.62,43399021,IT
628,Xylina,O'Carney,xocarneyhf@acquirethisname.com,Female,$835429.97,782084780,IT
629,Saunders,Hullyer,shullyerhg@example.com,Male,$488384.48,193983526,IT
630,Aloisia,Kornousek,akornousekhh@ebay.com,Female,$509530.25,786579610,CC
631,Abra,Pidgen,apidgenhi@google.ca,Female,$853868.61,566694578,PP
632,Yolane,Bullon,ybullonhj@instagram.com,Female,$416950.79,648508216,PP
633,Patsy,Iacofo,piacofohk@craigslist.org,Female,$729334.24,171584832,CC
634,Donaugh,Wassung,dwassunghl@nationalgeographic.com,Male,$175723.08,783975597,IT
635,Antoni,Fawckner,afawcknerhm@webmd.com,Male,$836718.93,74867572,PP
636,Elena,Wessell,ewessellhn@mayoclinic.com,Female,$248915.58,256586501,CC
637,Tomlin,Duffill,tduffillho@chron.com,Male,$154188.51,241189400,PP
638,Rois,Palphramand,rpalphramandhp@woothemes.com,Female,$219826.75,741827423,CC
639,Rawley,Puddefoot,rpuddefoothq@aboutads.info,Male,$922925.77,827284478,PP
640,Burke,Galler,bgallerhr@dyndns.org,Male,$963119.70,96898765,IT
641,Christoffer,Quinnelly,cquinnellyhs@chronoengine.com,Male,$758160.61,756744407,CC
642,Tabitha,O' Mahony,tomahonyht@miibeian.gov.cn,Female,$355164.13,108530538,IT
643,Emmie,Scarsbrick,escarsbrickhu@stanford.edu,Female,$783217.51,648453848,PP
644,Celie,Conan,cconanhv@archive.org,Female,$836263.85,88344449,IT
645,Rustie,Whysall,rwhysallhw@cbc.ca,Male,$909274.18,580286140,PP
646,Millicent,Fancutt,mfancutthx@gnu.org,Female,$285646.06,284310509,CC
647,Arv,Burgise,aburgisehy@mozilla.com,Male,$134234.57,175923179,IT
648,Waverly,Emms,wemmshz@ebay.com,Male,$185091.21,186714913,CC
649,Elene,Andriss,eandrissi0@google.it,Female,$294822.47,55596588,PP
650,Edouard,Pilley,epilleyi1@usgs.gov,Male,$646472.77,863051506,CC
651,Bren,Atrill,batrilli2@census.gov,Male,$461181.66,118649539,CC
652,Monti,McKibbin,mmckibbini3@pbs.org,Male,$406017.63,199297350,IT
653,Josi,Likely,jlikelyi4@guardian.co.uk,Female,$403905.07,593034382,PP
654,Vinnie,Camoletto,vcamolettoi5@mlb.com,Male,$777197.34,940254749,IT
655,Sal,Dashkovich,sdashkovichi6@wikia.com,Female,$141903.93,1049073253,IT
656,Enos,Brookesbie,ebrookesbiei7@desdev.cn,Male,$290834.22,1021052889,CC
657,Matthieu,Mazonowicz,mmazonowiczi8@cornell.edu,Male,$375287.37,321508566,CC
658,Marilee,Willwood,mwillwoodi9@tripod.com,Female,$267351.82,645340778,IT
659,Anatole,Hurrell,ahurrellia@google.com.au,Male,$529745.86,863182474,IT
660,Leighton,Delhay,ldelhayib@va.gov,Male,$594955.54,125729424,CC
661,Merell,Harmon,mharmonic@phpbb.com,Male,$289361.28,614201042,CC
662,Lothario,Braunlein,lbraunleinid@jalbum.net,Male,$831349.75,676266935,IT
663,Dante,Saintsbury,dsaintsburyie@mashable.com,Male,$613114.27,785188484,PP
664,Shamus,Jolliman,sjollimanif@webs.com,Male,$919270.34,528869509,CC
665,Bond,Peaseman,bpeasemanig@studiopress.com,Male,$628737.53,866825414,IT
666,Aime,Weatherell,aweatherellih@moonfruit.com,Female,$803852.58,114885844,CC
667,Anastassia,Poppleton,apoppletonii@java.com,Female,$263740.94,1028569480,CC
668,Ashley,Chansonne,achansonneij@desdev.cn,Female,$859207.68,504405266,IT
669,Stearn,Morit,smoritik@theguardian.com,Male,$432835.66,765801526,IT
670,Adriena,McQuilkin,amcquilkinil@123-reg.co.uk,Female,$102532.88,240795362,IT
671,Marleen,Kleiner,mkleinerim@chicagotribune.com,Female,$167241.96,484616919,IT
672,Eva,Cornbell,ecornbellin@usnews.com,Female,$757808.27,822651284,PP
673,Vivianna,Radeliffe,vradeliffeio@thetimes.co.uk,Female,$515969.32,493023557,IT
674,Morna,Gladbach,mgladbachip@kickstarter.com,Female,$516056.99,541143978,CC
675,Deeanne,Ucceli,ducceliiq@bbb.org,Female,$778089.77,876850693,IT
676,Law,Coo,lcooir@deliciousdays.com,Male,$891037.98,854323076,CC
677,Julia,Quiney,jquineyis@uol.com.br,Female,$556378.69,9987167,PP
678,Hedvig,Jennery,hjenneryit@ibm.com,Female,$274816.41,218857736,CC
679,Aveline,Blazek,ablazekiu@webmd.com,Female,$970626.92,84101282,CC
680,Mellicent,Chattelaine,mchattelaineiv@jugem.jp,Female,$480197.72,600219216,CC
681,Fawn,Kilborn,fkilborniw@reference.com,Female,$565272.92,716048311,PP
682,Verne,Spreadbury,vspreadburyix@geocities.jp,Male,$447447.75,576443272,IT
683,Greg,Neil,gneiliy@engadget.com,Male,$528709.85,550876373,IT
684,Kirstin,Carbert,kcarbertiz@gmpg.org,Female,$790492.95,939231849,IT
685,Louise,Davidovitch,ldavidovitchj0@icio.us,Female,$421272.30,907158913,CC
686,Chrotoem,Ruperto,crupertoj1@i2i.jp,Male,$898039.60,619959211,PP
687,Oralee,Challoner,ochallonerj2@tripod.com,Female,$890754.79,432050041,IT
688,Carce,Laneham,clanehamj3@tripadvisor.com,Male,$246830.53,72091739,CC
689,Alta,Vallery,avalleryj4@tamu.edu,Female,$724636.42,690608214,CC
690,Deb,Andrivel,dandrivelj5@cbc.ca,Female,$649538.40,363136366,CC
691,Halsy,Piperley,hpiperleyj6@java.com,Male,$800425.52,815391146,IT
692,Kahaleel,Pasek,kpasekj7@imgur.com,Male,$348722.00,459108591,CC
693,Kaylyn,Jobin,kjobinj8@earthlink.net,Female,$886665.21,364414334,CC
694,Jeno,Wolstenholme,jwolstenholmej9@bbb.org,Male,$248300.11,605662632,PP
695,Dionne,Jeandillou,djeandillouja@abc.net.au,Female,$822906.95,466570193,PP
696,Felisha,Wesgate,fwesgatejb@yellowbook.com,Female,$641365.85,977813057,CC
697,Tallie,Beers,tbeersjc@ihg.com,Male,$310759.89,950813427,PP
698,Marley,Cawt,mcawtjd@blog.com,Female,$662421.60,590250511,PP
699,Benedicta,Chander,bchanderje@merriam-webster.com,Female,$244151.61,204548212,PP
700,Valerye,Outram,voutramjf@gmpg.org,Female,$445521.16,414250403,IT
701,Bearnard,Squirrell,bsquirrelljg@google.com.au,Male,$171378.04,1018190792,CC
702,Che,Shildrick,cshildrickjh@clickbank.net,Male,$279573.54,901978617,PP
703,Rosy,Perrelle,rperrelleji@umn.edu,Female,$737301.48,471613056,PP
704,Roy,Swinley,rswinleyjj@craigslist.org,Male,$196598.51,783924040,IT
705,Elvera,Blasing,eblasingjk@wikispaces.com,Female,$576580.62,906142947,IT
706,Dukie,Darth,ddarthjl@home.pl,Male,$886479.05,186871093,IT
707,Manuel,Yakolev,myakolevjm@bloglovin.com,Male,$647238.71,371460435,PP
708,Babita,Risbrough,brisbroughjn@uol.com.br,Female,$584294.20,912500146,IT
709,Roda,Cutts,rcuttsjo@fc2.com,Female,$487956.37,350320583,CC
710,Goldina,De Biaggi,gdebiaggijp@w3.org,Female,$626334.86,774313638,PP
711,Darleen,Outlaw,doutlawjq@addtoany.com,Female,$663910.58,1011156472,CC
712,Magnum,Gaudon,mgaudonjr@aol.com,Male,$755848.05,464064525,IT
713,Ezri,Brounfield,ebrounfieldjs@bbc.co.uk,Male,$376147.29,347237843,PP
714,Fleur,Oakland,foaklandjt@pen.io,Female,$823486.58,963772396,CC
715,Aldo,Esmond,aesmondju@vkontakte.ru,Male,$224887.78,221238866,IT
716,Auguste,Gowling,agowlingjv@netlog.com,Female,$371550.96,891205115,PP
717,Laurie,Domanek,ldomanekjw@free.fr,Male,$339501.67,524546303,PP
718,Gabriel,Pagan,gpaganjx@a8.net,Male,$436459.73,159764471,CC
719,Horton,Esh,heshjy@jiathis.com,Male,$791165.91,265059963,PP
720,Pet,Helkin,phelkinjz@digg.com,Female,$220292.39,529230456,CC
721,Sindee,Olufsen,solufsenk0@sbwire.com,Female,$680090.52,60635787,CC
722,Jade,Browse,jbrowsek1@umich.edu,Female,$844453.96,174830090,IT
723,Fulvia,Lace,flacek2@narod.ru,Female,$646467.72,904361017,IT
724,Brandy,Demann,bdemannk3@go.com,Male,$582890.97,613321427,IT
725,Binny,Signore,bsignorek4@geocities.jp,Female,$142841.89,529281130,PP
726,Englebert,Lowe,elowek5@gmpg.org,Male,$490613.89,373934823,IT
727,Iain,Gawkroge,igawkrogek6@seesaa.net,Male,$614079.10,438838840,IT
728,Lilah,Tremblay,ltremblayk7@apache.org,Female,$885055.52,992321611,PP
729,Merrel,Scotti,mscottik8@vkontakte.ru,Male,$774097.66,714640662,CC
730,Abigale,Johncey,ajohnceyk9@ucla.edu,Female,$361171.79,334437714,IT
731,Marlane,Goter,mgoterka@imgur.com,Female,$306242.03,298854442,PP
732,Karita,Senett,ksenettkb@youku.com,Female,$694111.17,850601339,CC
733,Ricki,Monkton,rmonktonkc@webnode.com,Male,$554014.87,235948240,CC
734,Palm,Knowles,pknowleskd@liveinternet.ru,Male,$752380.84,420339585,CC
735,Neal,Kobes,nkobeske@lulu.com,Male,$452983.89,815032882,PP
736,Latrena,Fedoronko,lfedoronkokf@ibm.com,Female,$951413.35,947317420,IT
737,Pancho,Corson,pcorsonkg@bloglines.com,Male,$414279.85,394198798,IT
738,Tiebout,Leatham,tleathamkh@xrea.com,Male,$608137.99,767726823,PP
739,Jodi,Adanet,jadanetki@etsy.com,Male,$275261.23,726289369,PP
740,Heda,Valiant,hvaliantkj@networkadvertising.org,Female,$981415.17,338354926,PP
741,Bourke,Pinkett,bpinkettkk@goo.ne.jp,Male,$721898.52,189956683,IT
742,Hyman,Bulled,hbulledkl@cmu.edu,Male,$761145.37,824188133,CC
743,Benedikta,Fargher,bfargherkm@uol.com.br,Female,$743689.00,804983413,PP
744,Deanne,Gasperi,dgasperikn@google.co.jp,Female,$524063.46,141115790,IT
745,Alyda,Gallehawk,agallehawkko@so-net.ne.jp,Female,$470816.12,406013397,IT
746,Algernon,Royste,aroystekp@yahoo.com,Male,$242841.04,817977465,PP
747,Margot,Pideon,mpideonkq@tripadvisor.com,Female,$786997.72,206227436,PP
748,Joell,Mayall,jmayallkr@gizmodo.com,Female,$631725.18,739101327,CC
749,Berk,Hummerston,bhummerstonks@army.mil,Male,$875810.55,16408531,CC
750,Kennie,Ballard,kballardkt@multiply.com,Male,$790562.63,106063147,PP
751,Benjamen,Trenholm,btrenholmku@tuttocitta.it,Male,$479780.34,63894977,PP
752,Annetta,Grestye,agrestyekv@sciencedirect.com,Female,$329061.19,939755027,IT
753,Filberte,Le Provost,fleprovostkw@latimes.com,Male,$701983.57,745845521,CC
754,Benny,Casini,bcasinikx@reverbnation.com,Female,$473477.33,283887428,PP
755,Maximilian,Scargle,mscargleky@nbcnews.com,Male,$605648.95,868435569,PP
756,Quentin,Millberg,qmillbergkz@whitehouse.gov,Male,$656630.95,924639412,PP
757,Hillier,Ping,hpingl0@usa.gov,Male,$636751.23,57302709,IT
758,Shay,Camm,scamml1@naver.com,Female,$912049.40,969701856,CC
759,Corliss,Ghirardi,cghirardil2@symantec.com,Female,$703408.65,894108761,PP
760,Daron,Lowrance,dlowrancel3@netlog.com,Female,$277932.18,754711566,PP
761,Didi,Normavell,dnormavelll4@guardian.co.uk,Female,$122316.09,58945735,IT
762,Willie,Eidler,weidlerl5@webmd.com,Male,$701123.14,247157516,PP
763,Nicola,Fordy,nfordyl6@indiegogo.com,Female,$350348.12,387688691,IT
764,Nannette,Coe,ncoel7@wordpress.com,Female,$288419.24,283998746,CC
765,Agnesse,Kerr,akerrl8@state.gov,Female,$362038.96,916693287,IT
766,Miles,Paliser,mpaliserl9@dagondesign.com,Male,$506044.96,1033812977,IT
767,Jacqui,Ruler,jrulerla@w3.org,Female,$331982.60,800868157,PP
768,Pascale,Milmo,pmilmolb@dion.ne.jp,Male,$144657.40,1046737314,PP
769,Logan,Swanborrow,lswanborrowlc@icio.us,Male,$486193.36,392641952,IT
770,Gigi,Sadgrove,gsadgroveld@state.tx.us,Female,$499982.06,847205391,CC
771,Kris,Lauritzen,klauritzenle@dropbox.com,Male,$608473.73,877591160,PP
772,Dulcie,Dorre,ddorrelf@wordpress.org,Female,$605717.03,970578941,IT
773,Cybil,Adamiak,cadamiaklg@microsoft.com,Female,$951729.63,261844253,CC
774,Emory,Jacques,ejacqueslh@independent.co.uk,Male,$854124.12,625207730,CC
775,Ax,Kaspar,akasparli@ebay.co.uk,Male,$826272.15,663857094,CC
776,Kathie,Douglass,kdouglasslj@npr.org,Female,$701626.11,649166832,CC
777,Siusan,Blasgen,sblasgenlk@aol.com,Female,$775440.59,301016604,CC
778,Yetty,Teggart,yteggartll@list-manage.com,Female,$294165.40,901830393,PP
779,Lulu,A'Barrow,labarrowlm@ibm.com,Female,$684330.72,745694784,IT
780,Danika,Winder,dwinderln@dropbox.com,Female,$308609.12,886692662,PP
781,Melina,Farn,mfarnlo@ovh.net,Female,$128247.52,455484072,CC
782,Byrann,Bardwell,bbardwelllp@theguardian.com,Male,$431058.29,282169903,CC
783,Bjorn,Luetchford,bluetchfordlq@vkontakte.ru,Male,$965343.51,380731889,CC
784,Virgie,Drogan,vdroganlr@google.it,Male,$818264.06,716706187,CC
785,Odille,Faulkes,ofaulkesls@stanford.edu,Female,$954043.15,69404374,PP
786,Ebba,Lamar,elamarlt@hao123.com,Female,$293586.81,181861816,PP
787,Brigida,Seaborn,bseabornlu@theatlantic.com,Female,$803483.22,32651329,CC
788,Florette,Roma,fromalv@360.cn,Female,$741833.01,521887962,IT
789,Leticia,Blackborne,lblackbornelw@scientificamerican.com,Female,$240277.82,222980614,IT
790,Lacee,Byers,lbyerslx@disqus.com,Female,$326803.21,242066172,IT
791,Bellanca,Fitzsimons,bfitzsimonsly@vinaora.com,Female,$346873.96,29731299,PP
792,Frasquito,Haacker,fhaackerlz@google.co.uk,Male,$456554.73,829853273,CC
793,Howard,Gowdridge,hgowdridgem0@archive.org,Male,$863867.59,162107201,PP
794,Kelcy,Blumire,kblumirem1@wisc.edu,Female,$235898.69,324425984,IT
795,Russ,McKeever,rmckeeverm2@360.cn,Male,$937379.66,663811988,IT
796,Keefe,Caruth,kcaruthm3@canalblog.com,Male,$575898.99,974486278,CC
797,Manda,Anfosso,manfossom4@typepad.com,Female,$564330.05,356202733,PP
798,Dolorita,Raggatt,draggattm5@sciencedirect.com,Female,$181506.98,920187066,CC
799,Brod,Anthon,banthonm6@istockphoto.com,Male,$775168.17,557524616,IT
800,Dacey,Keelin,dkeelinm7@whitehouse.gov,Female,$565290.58,28504988,IT
801,Daveen,Spirit,dspiritm8@mtv.com,Female,$926248.60,653414511,CC
802,Erhart,Kelberman,ekelbermanm9@google.pl,Male,$811886.46,841093768,IT
803,Kirsti,McDonough,kmcdonoughma@icq.com,Female,$394566.37,233096912,CC
804,Darsie,Drejer,ddrejermb@pagesperso-orange.fr,Female,$982728.15,577869040,PP
805,Kaja,Stacy,kstacymc@liveinternet.ru,Female,$828487.34,424068806,CC
806,Ayn,Hogsden,ahogsdenmd@weibo.com,Female,$928418.40,118417653,IT
807,Leslie,Moniker,lmonikerme@latimes.com,Male,$101860.47,333641576,IT
808,Haily,Reese,hreesemf@deliciousdays.com,Female,$177558.42,318194927,CC
809,Marjy,Hegarty,mhegartymg@ebay.com,Female,$613625.02,782052329,CC
810,Wylie,McAirt,wmcairtmh@ebay.com,Male,$593928.82,337583379,CC
811,Mufi,Corten,mcortenmi@canalblog.com,Female,$375708.42,740751684,IT
812,Griz,Woodcraft,gwoodcraftmj@hostgator.com,Male,$218737.41,602791800,PP
813,Saleem,Basnett,sbasnettmk@cisco.com,Male,$255103.34,961031220,IT
814,Dulsea,Tesimon,dtesimonml@blogger.com,Female,$159771.51,759473688,PP
815,Dana,Woodford,dwoodfordmm@foxnews.com,Male,$341088.05,218986370,CC
816,Durant,Chasemoore,dchasemooremn@narod.ru,Male,$731038.47,23876965,CC
817,Harmony,Healings,hhealingsmo@cnn.com,Female,$562039.06,573561245,IT
818,Francis,Seldon,fseldonmp@reddit.com,Male,$318990.04,695827046,CC
819,Heda,Blencowe,hblencowemq@typepad.com,Female,$969753.39,335590434,CC
820,Matthias,Ettles,mettlesmr@opensource.org,Male,$454894.14,807714076,CC
821,Violet,Buttress,vbuttressms@qq.com,Female,$896879.59,673535163,IT
822,Roi,Clifford,rcliffordmt@gravatar.com,Male,$803524.37,421844466,PP
823,Mal,Thurske,mthurskemu@mysql.com,Male,$594518.26,362420335,IT
824,Tildie,Cannicott,tcannicottmv@accuweather.com,Female,$469286.79,799190502,PP
825,Moira,Luscott,mluscottmw@surveymonkey.com,Female,$692978.58,734083746,CC
826,Loydie,Spieck,lspieckmx@prlog.org,Male,$295399.20,849288750,PP
827,Darnell,Barnaby,dbarnabymy@free.fr,Male,$444122.89,107772713,PP
828,Verna,Drewitt,vdrewittmz@tripod.com,Female,$225736.42,150064565,CC
829,Selene,Braunter,sbrauntern0@is.gd,Female,$869173.07,428040469,CC
830,Kory,Ambrodi,kambrodin1@slate.com,Male,$704231.13,943735335,PP
831,Ardra,Culham,aculhamn2@ucoz.ru,Female,$778444.73,630869193,CC
832,Peter,Kidds,pkiddsn3@exblog.jp,Male,$704606.72,367625404,CC
833,Bil,Hugnin,bhugninn4@livejournal.com,Male,$862802.54,635545213,CC
834,Robbin,Pighills,rpighillsn5@wordpress.com,Female,$531002.34,965732597,CC
835,Antonetta,Crudginton,acrudgintonn6@loc.gov,Female,$242188.35,22566090,CC
836,Fairlie,Damrel,fdamreln7@joomla.org,Male,$699975.10,45063114,IT
837,Garey,Jinkinson,gjinkinsonn8@weather.com,Male,$571064.31,368698400,PP
838,Hettie,Geyton,hgeytonn9@imgur.com,Female,$710835.08,516799578,CC
839,Hilly,Gullefant,hgullefantna@unicef.org,Male,$696182.18,229082972,IT
840,Charlotta,Strangeways,cstrangewaysnb@hubpages.com,Female,$330980.49,250568288,CC
841,Flynn,Braybrook,fbraybrooknc@shutterfly.com,Male,$585539.12,10375162,PP
842,Marchelle,Raynes,mraynesnd@sphinn.com,Female,$177289.45,977469360,PP
843,Elvira,Palleske,epalleskene@nyu.edu,Female,$747796.87,665775376,IT
844,Ernie,Van der Baaren,evanderbaarennf@com.com,Male,$710707.94,319029239,CC
845,Eryn,Brodnecke,ebrodneckeng@hatena.ne.jp,Female,$329194.03,660061034,CC
846,Garfield,Maddinon,gmaddinonnh@examiner.com,Male,$282386.55,387300858,PP
847,Fae,Limpertz,flimpertzni@gov.uk,Female,$569412.08,875662131,CC
848,Winne,MacCallister,wmaccallisternj@youtube.com,Female,$952282.78,276333951,CC
849,Zedekiah,Codi,zcodink@ucla.edu,Male,$568550.92,364821572,PP
850,Lorrayne,Gilroy,lgilroynl@sitemeter.com,Female,$506915.19,628372969,CC
851,Shelba,Vannini,svannininm@etsy.com,Female,$239413.09,249038488,PP
852,Riannon,Wyrill,rwyrillnn@cmu.edu,Female,$157872.91,909369426,PP
853,Aurthur,Garie,agarieno@privacy.gov.au,Male,$692242.77,737214667,CC
854,Odie,Agutter,oagutternp@last.fm,Male,$517427.28,881354433,IT
855,Agustin,Barkhouse,abarkhousenq@symantec.com,Male,$539939.88,443495382,PP
856,Misty,Proswell,mproswellnr@histats.com,Female,$888941.82,539245174,CC
857,Pamelina,Bricknell,pbricknellns@flickr.com,Female,$155403.95,414960414,PP
858,Egor,Mattisssen,emattisssennt@ftc.gov,Male,$172369.00,322099039,PP
859,Bruis,Greatland,bgreatlandnu@163.com,Male,$677101.49,612909755,CC
860,Reba,Jost,rjostnv@pen.io,Female,$891062.10,823070831,PP
861,Mildred,Boulden,mbouldennw@desdev.cn,Female,$554940.09,282726628,CC
862,Kinny,Warboy,kwarboynx@archive.org,Male,$990482.05,187173922,PP
863,Calypso,Dowtry,cdowtryny@webeden.co.uk,Female,$950239.98,822924463,IT
864,Nealson,Shields,nshieldsnz@imdb.com,Male,$226813.35,629304778,IT
865,Tore,Brazear,tbrazearo0@twitter.com,Male,$255472.49,1048166645,PP
866,Tisha,Forsdike,tforsdikeo1@amazonaws.com,Female,$798623.85,320575944,IT
867,Pietro,Millhill,pmillhillo2@globo.com,Male,$153167.49,443155227,IT
868,Tracee,Prentice,tprenticeo3@mac.com,Female,$392330.53,905520126,PP
869,Linn,Blouet,lbloueto4@arizona.edu,Male,$574848.67,68031167,CC
870,Jilli,Honisch,jhonischo5@unesco.org,Female,$756049.42,712611068,PP
871,Vere,Gier,vgiero6@mtv.com,Female,$890778.04,395557018,CC
872,Leanora,Flobert,lfloberto7@pagesperso-orange.fr,Female,$795574.44,836950265,PP
873,Barbee,Crocetti,bcrocettio8@accuweather.com,Female,$885740.46,605655914,CC
874,Kristian,Engel,kengelo9@techcrunch.com,Male,$144647.88,1027752381,IT
875,Paxton,Gravie,pgravieoa@usgs.gov,Male,$993916.87,238517555,IT
876,Aloysius,Gors,agorsob@alexa.com,Male,$534864.00,895576545,IT
877,Hattie,Stitle,hstitleoc@blinklist.com,Female,$613357.98,494283977,CC
878,Caryn,Metzing,cmetzingod@histats.com,Female,$328175.81,824512641,IT
879,Keven,Towns,ktownsoe@last.fm,Male,$492749.75,75562231,PP
880,Sara,Nigh,snighof@clickbank.net,Female,$916482.85,205591731,PP
881,Damara,Blower,dblowerog@qq.com,Female,$370961.39,739282933,PP
882,Brand,Royste,broysteoh@tinypic.com,Male,$153007.31,173946724,IT
883,Mike,Itzik,mitzikoi@cmu.edu,Male,$241156.36,506385673,PP
884,Morgan,Fumagallo,mfumagallooj@ycombinator.com,Male,$228955.80,296141025,PP
885,Lydon,Trowsdall,ltrowsdallok@google.es,Male,$143698.54,316687967,CC
886,Palm,Olpin,polpinol@godaddy.com,Male,$963732.10,552828653,CC
887,Vitia,Tapsell,vtapsellom@live.com,Female,$588269.01,35625650,CC
888,Maryanne,Prater,mprateron@state.gov,Female,$321348.90,840123517,IT
889,Bary,Hutchings,bhutchingsoo@who.int,Male,$637134.26,508919792,CC
890,Lonnie,Jeffreys,ljeffreysop@usda.gov,Male,$435560.92,271664390,PP
891,Janeczka,Martynka,jmartynkaoq@huffingtonpost.com,Female,$350283.13,976251913,PP
892,Shell,Fassum,sfassumor@1688.com,Male,$930454.86,154965181,IT
893,Jaye,Brabham,jbrabhamos@usatoday.com,Male,$314454.29,856627467,PP
894,Myca,Houdmont,mhoudmontot@illinois.edu,Male,$530129.77,631785933,CC
895,Henrietta,Ledster,hledsterou@discovery.com,Female,$128694.87,748731312,IT
896,Truda,Rutt,truttov@sina.com.cn,Female,$404394.49,292751481,IT
897,Chantalle,Derry,cderryow@samsung.com,Female,$365531.80,783102712,CC
898,Jefferson,Dunniom,jdunniomox@archive.org,Male,$442026.62,1034620678,IT
899,Polly,Vivians,pviviansoy@hubpages.com,Female,$871616.42,286374585,PP
900,Payton,Seilmann,pseilmannoz@friendfeed.com,Male,$161626.49,892921743,IT
901,Lil,Beeble,lbeeblep0@indiegogo.com,Female,$972181.82,132547553,CC
902,Andrei,Krysiak,akrysiakp1@howstuffworks.com,Female,$321644.76,335555652,PP
903,Julee,Munford,jmunfordp2@wired.com,Female,$898197.75,249408876,CC
904,Delinda,Boribal,dboribalp3@themeforest.net,Female,$132639.10,460167077,IT
905,Mitch,Ragate,mragatep4@blogtalkradio.com,Male,$141409.25,857639374,IT
906,Helene,Limpkin,hlimpkinp5@yahoo.com,Female,$185010.59,34406845,IT
907,Margeaux,Minto,mmintop6@google.ca,Female,$160524.48,1000284805,IT
908,Marissa,Croxley,mcroxleyp7@studiopress.com,Female,$922257.34,281288504,IT
909,Rafi,Hollier,rhollierp8@ustream.tv,Male,$928174.25,200804790,PP
910,Brodie,Boother,bbootherp9@theglobeandmail.com,Male,$508166.48,465787108,PP
911,Percival,Darwin,pdarwinpa@xing.com,Male,$208629.20,745149331,IT
912,Ralph,Skarman,rskarmanpb@hugedomains.com,Male,$239710.16,934552381,PP
913,Hurleigh,McCurley,hmccurleypc@msn.com,Male,$117376.60,761098037,IT
914,Larine,Francis,lfrancispd@bloglines.com,Female,$634614.88,851171721,IT
915,Selle,Baddam,sbaddampe@privacy.gov.au,Female,$700793.36,399698320,PP
916,Denver,Doggrell,ddoggrellpf@unblog.fr,Male,$941819.48,925035329,IT
917,Clo,Morcomb,cmorcombpg@tamu.edu,Female,$604521.92,513061435,CC
918,Norene,Blant,nblantph@addtoany.com,Female,$250436.79,18302218,CC
919,Broderic,Hillam,bhillampi@jigsy.com,Male,$128920.61,372205613,CC
920,Kelsy,Sambals,ksambalspj@answers.com,Female,$100194.88,199202230,IT
921,Christyna,Banthorpe,cbanthorpepk@wikia.com,Female,$618157.64,463517726,IT
922,Stephani,Plumb,splumbpl@aboutads.info,Female,$887188.53,318957846,IT
923,Joycelin,Godbehere,jgodbeherepm@ameblo.jp,Female,$532898.35,664717985,CC
924,Don,Harries,dharriespn@domainmarket.com,Male,$556665.99,575316687,PP
925,Lauren,Deem,ldeempo@t-online.de,Male,$131422.70,188512442,PP
926,Lon,Stuttman,lstuttmanpp@youtube.com,Male,$394084.60,337897479,PP
927,Roddie,Fidgett,rfidgettpq@cloudflare.com,Male,$759475.61,418653580,PP
928,Krishna,Sporrij,ksporrijpr@google.fr,Male,$711672.10,996358925,IT
929,Lenette,Shallcross,lshallcrossps@booking.com,Female,$891800.22,251208986,CC
930,Pearce,Readett,preadettpt@ustream.tv,Male,$678316.32,239338836,PP
931,Ned,Yea,nyeapu@aol.com,Male,$480737.76,138950162,IT
932,Carmita,Creamer,ccreamerpv@wikispaces.com,Female,$685596.10,234845289,PP
933,Agnes,Clutterbuck,aclutterbuckpw@scientificamerican.com,Female,$207919.68,485417308,IT
934,Victoir,Bussel,vbusselpx@uiuc.edu,Male,$516586.71,455565051,CC
935,Min,Houseman,mhousemanpy@ycombinator.com,Female,$897649.89,937823995,PP
936,Barris,Munning,bmunningpz@yellowpages.com,Male,$588465.12,520150924,PP
937,Burtie,Schrir,bschrirq0@i2i.jp,Male,$519609.43,426176744,IT
938,Emmalynn,Stag,estagq1@wikimedia.org,Female,$778551.12,291060477,CC
939,Jon,Kloss,jklossq2@howstuffworks.com,Male,$343716.63,225876405,CC
940,Wilbur,Rappa,wrappaq3@fotki.com,Male,$653481.16,75682793,IT
941,Anne-corinne,Standon,astandonq4@flavors.me,Female,$236734.27,464014148,PP
942,Nessi,Pedgrift,npedgriftq5@imgur.com,Female,$198585.00,1045245315,CC
943,Avigdor,Philipp,aphilippq6@elpais.com,Male,$788735.42,148638728,CC
944,Jolee,Glazer,jglazerq7@java.com,Female,$420479.03,48106294,PP
945,Zacharia,Cuddihy,zcuddihyq8@typepad.com,Male,$605945.70,818918555,CC
946,Garold,Thackston,gthackstonq9@unc.edu,Male,$475872.16,234899909,IT
947,Bayard,Esser,besserqa@reuters.com,Male,$709361.37,177192033,PP
948,Cello,Morgans,cmorgansqb@hibu.com,Male,$467893.01,997066869,CC
949,Toby,Ivanishchev,tivanishchevqc@patch.com,Male,$627524.77,969712575,IT
950,Ezekiel,Rodolfi,erodolfiqd@washington.edu,Male,$899171.07,1012073119,CC
951,Catarina,Cracknall,ccracknallqe@japanpost.jp,Female,$668141.48,965279031,IT
952,Fredek,Bachelar,fbachelarqf@walmart.com,Male,$618037.69,79529666,IT
953,Lambert,Odd,loddqg@cdbaby.com,Male,$120384.35,94598333,CC
954,Bessy,Daulby,bdaulbyqh@ask.com,Female,$561946.93,750000610,CC
955,Kimberley,Iacobacci,kiacobacciqi@businessinsider.com,Female,$882648.08,677390600,CC
956,Chic,Hynam,chynamqj@who.int,Male,$207493.12,893384688,IT
957,Tim,Artindale,tartindaleqk@independent.co.uk,Male,$665178.40,1046101930,CC
958,Whitby,Ciccoloi,wciccoloiql@fotki.com,Male,$895250.95,692291470,IT
959,Corly,Binning,cbinningqm@eventbrite.com,Female,$976062.38,318461771,PP
960,Sascha,Liccardo,sliccardoqn@shinystat.com,Male,$668784.61,202832569,PP
961,Heinrick,Glanders,hglandersqo@columbia.edu,Male,$276334.49,548090767,CC
962,Markos,Franzen,mfranzenqp@stumbleupon.com,Male,$122857.82,926172297,IT
963,Rolph,Marikhin,rmarikhinqq@fda.gov,Male,$608778.69,915248754,IT
964,Heidie,Bedbrough,hbedbroughqr@google.fr,Female,$279089.74,841378387,IT
965,Feodor,Boriston,fboristonqs@zimbio.com,Male,$782970.21,506055501,PP
966,Bob,Deards,bdeardsqt@walmart.com,Male,$495641.33,647505685,IT
967,Gordon,Wrate,gwratequ@hc360.com,Male,$652800.41,964042230,PP
968,Yvette,Gascoyen,ygascoyenqv@bandcamp.com,Female,$851593.16,166002273,PP
969,Gordie,Godber,ggodberqw@google.it,Male,$123667.31,1043745115,CC
970,Darrelle,Wellum,dwellumqx@cdbaby.com,Female,$798345.68,925711187,CC
971,Meghann,Vickerstaff,mvickerstaffqy@networksolutions.com,Female,$778220.64,44101874,IT
972,Terza,Gavey,tgaveyqz@hugedomains.com,Female,$552612.09,765359966,CC
973,Clarie,Calcut,ccalcutr0@bing.com,Female,$386772.06,285415372,CC
974,Gerhardt,Dinnis,gdinnisr1@tuttocitta.it,Male,$202811.88,561241378,CC
975,Anitra,McCrisken,amccriskenr2@ow.ly,Female,$966034.32,68558618,PP
976,Bondy,Mathy,bmathyr3@aol.com,Male,$722983.21,608441584,IT
977,Cloe,Dreinan,cdreinanr4@jalbum.net,Female,$639589.28,201263386,PP
978,Alica,Sirette,asiretter5@prnewswire.com,Female,$573867.20,924096732,IT
979,Gena,Myner,gmynerr6@surveymonkey.com,Female,$636017.08,381180829,IT
980,Garey,Howman,ghowmanr7@bing.com,Male,$797869.26,94411505,CC
981,Giustina,Tanman,gtanmanr8@bbc.co.uk,Female,$632298.61,1025130293,CC
982,Harbert,Spataro,hspataror9@toplist.cz,Male,$399340.69,297863633,IT
983,Ardra,Fearby,afearbyra@ameblo.jp,Female,$363084.97,315110041,PP
984,Clerc,Wedlock,cwedlockrb@newsvine.com,Male,$258594.12,929185259,CC
985,Catlin,Prandini,cprandinirc@bandcamp.com,Female,$885953.99,795301958,CC
986,Gwennie,Prosser,gprosserrd@uiuc.edu,Female,$328457.15,877255323,IT
987,Ira,Dowgill,idowgillre@bing.com,Male,$646348.41,862036979,PP
988,Brinna,Vondra,bvondrarf@hostgator.com,Female,$381529.58,718711482,CC
989,Reagan,Wardingley,rwardingleyrg@scientificamerican.com,Male,$439373.39,105234226,IT
990,Port,Russen,prussenrh@moonfruit.com,Male,$824748.03,590062933,PP
991,Teodora,Watman,twatmanri@cargocollective.com,Female,$299627.62,178523434,CC
992,Eziechiele,Gee,egeerj@de.vu,Male,$189376.50,54221333,IT
993,Cobbie,Spancock,cspancockrk@jigsy.com,Male,$389840.01,947070628,CC
994,Umberto,Creavan,ucreavanrl@oracle.com,Male,$221575.52,18839511,CC
995,Malinda,Moulsdall,mmoulsdallrm@sfgate.com,Female,$872707.20,680369318,CC
996,Kathryne,McAleese,kmcaleesern@indiegogo.com,Female,$827788.36,642965671,CC
997,Asa,Jozsika,ajozsikaro@over-blog.com,Male,$125833.23,536557196,IT
998,Alfie,Randals,arandalsrp@nationalgeographic.com,Male,$610671.54,22437861,CC
999,Conny,Stearnes,cstearnesrq@ox.ac.uk,Male,$168565.22,995761421,IT
1000,Bo,Beadel,bbeadelrr@cafepress.com,Male,$119340.34,169904334,PP
