id,nombre,apellido,email,genero,valor_tx,numero_identificacion,tipo_identificacion
1,Bob,Ashdown,bashdown0@wp.com,Male,$303185.57,494228961,CC
2,Elliott,Adamowitz,eadamowitz1@a8.net,Male,$411059.88,973386692,IT
3,Dennison,Reary,dreary2@moonfruit.com,Male,$334624.61,912196754,CC
4,Amargo,Paviour,apaviour3@yellowbook.com,Female,$642641.16,857584500,CC
5,Allyn,Repper,arepper4@abc.net.au,Male,$230579.87,724397487,CC
6,Nadeen,Hinnerk,nhinnerk5@mashable.com,Female,$161100.12,734521339,IT
7,Thedric,Jephson,tjephson6@yolasite.com,Male,$466006.96,222003153,CC
8,Shea,Vick,svick7@businessweek.com,Male,$795183.85,295144641,PP
9,Nonna,Marklow,nmarklow8@yahoo.com,Female,$959500.33,883801456,IT
10,Oswald,Huband,ohuband9@cyberchimps.com,Male,$862628.02,503252252,CC
11,Kurtis,Killock,kkillocka@addtoany.com,Male,$765596.67,710988187,PP
12,Micky,Dehm,mdehmb@ovh.net,Male,$148750.54,40128096,PP
13,Carolan,Wildin,cwildinc@blinklist.com,Female,$269499.78,649588269,CC
14,Cletus,Frances,cfrancesd@mapquest.com,Male,$345390.46,459332803,CC
15,Marysa,Titcom,mtitcome@businessweek.com,Female,$260349.21,14070922,CC
16,Nicol,Matthewson,nmatthewsonf@blogger.com,Male,$351727.12,150906767,PP
17,Dasha,Casiero,dcasierog@blogger.com,Female,$485386.39,544285608,PP
18,Massimo,Freda,mfredah@reverbnation.com,Male,$505562.85,267749839,IT
19,Templeton,Stainson,tstainsoni@opera.com,Male,$737845.83,573961672,PP
20,Erek,Brasner,ebrasnerj@discuz.net,Male,$388104.60,602205034,CC
21,Eadith,Halward,ehalwardk@fc2.com,Female,$261674.60,818021560,PP
22,Ancell,Custance,acustancel@state.tx.us,Male,$931934.56,237487368,IT
23,Elora,Shorter,eshorterm@purevolume.com,Female,$510668.97,881555746,IT
24,Sena,Pfaff,spfaffn@vinaora.com,Female,$636180.51,600441114,CC
25,Kristal,Pakeman,kpakemano@cloudflare.com,Female,$717451.13,329267657,CC
26,Ilaire,Rumbold,irumboldp@vinaora.com,Male,$605306.04,75747859,PP
27,Gare,McMonies,gmcmoniesq@topsy.com,Male,$364215.51,24858836,CC
28,Lazare,Comazzo,lcomazzor@geocities.com,Male,$415554.45,373119669,CC
29,Addy,Jansson,ajanssons@wikimedia.org,Female,$893141.08,570047207,CC
30,Trish,Gresswell,tgresswellt@gmpg.org,Female,$668290.55,718776417,PP
31,Joana,Tams,jtamsu@alibaba.com,Female,$191406.01,937201054,CC
32,Jerrie,De la croix,jdelacroixv@dailymail.co.uk,Female,$811216.59,273702479,CC
33,Boony,Blodgetts,bblodgettsw@php.net,Male,$359871.04,163327514,PP
34,Alphonse,Edelmann,aedelmannx@indiatimes.com,Male,$528640.37,864285932,IT
35,Otes,Longland,olonglandy@youku.com,Male,$565043.67,667653643,IT
36,Lynelle,Leadbeater,lleadbeaterz@surveymonkey.com,Female,$671653.10,483510868,IT
37,Aliza,Melin,amelin10@mtv.com,Female,$110657.05,465641433,IT
38,Hynda,Lantaph,hlantaph11@themeforest.net,Female,$146434.06,708680651,IT
39,Cathi,Burnside,cburnside12@blog.com,Female,$676065.31,988415525,IT
40,Janetta,Eul,jeul13@cyberchimps.com,Female,$699691.45,893441083,CC
41,Joela,Twigley,jtwigley14@instagram.com,Female,$348144.82,100122670,PP
42,Hunfredo,Scawn,hscawn15@sbwire.com,Male,$495972.13,453253713,PP
43,Teodoro,Oag,toag16@acquirethisname.com,Male,$659419.29,617483153,CC
44,Quinta,Walkley,qwalkley17@webeden.co.uk,Female,$366195.25,892156876,IT
45,Jemie,MacKniely,jmackniely18@sakura.ne.jp,Female,$711494.42,267082631,PP
46,Quincy,Josifovic,qjosifovic19@slate.com,Male,$335231.02,555815522,CC
47,Renard,Melmoth,rmelmoth1a@shinystat.com,Male,$193930.09,577600966,PP
48,Raynor,Madsen,rmadsen1b@ted.com,Male,$225024.03,318189018,IT
49,Jedidiah,Cometti,jcometti1c@live.com,Male,$310696.80,137706898,IT
50,Marin,Barbrook,mbarbrook1d@va.gov,Female,$119328.73,643095793,IT
51,Sherm,Chiplen,schiplen1e@gov.uk,Male,$133612.64,637429260,CC
52,Lu,Goodchild,lgoodchild1f@taobao.com,Female,$339183.13,686296861,CC
53,Elliot,Julian,ejulian1g@time.com,Male,$511178.96,296140809,PP
54,Agosto,Tapton,atapton1h@google.nl,Male,$936319.89,115453360,CC
55,Farley,Spurret,fspurret1i@g.co,Male,$915834.66,1033372055,IT
56,Irena,Mandrey,imandrey1j@ted.com,Female,$576818.35,472883472,IT
57,Janetta,Joskowitz,jjoskowitz1k@ask.com,Female,$640575.31,126878587,PP
58,Sheryl,Loughney,sloughney1l@twitpic.com,Female,$477427.06,407762808,CC
59,Wilhelmine,Gammill,wgammill1m@vimeo.com,Female,$698378.78,307100092,PP
60,Llewellyn,Emanuelli,lemanuelli1n@pagesperso-orange.fr,Male,$923809.00,693353465,IT
61,Alley,Sealey,asealey1o@yelp.com,Male,$931515.23,952779601,CC
62,Cassondra,Ivoshin,civoshin1p@bbb.org,Female,$355198.14,320878952,CC
63,Selestina,Calcut,scalcut1q@mashable.com,Female,$666721.17,592522132,IT
64,Thedrick,Suttaby,tsuttaby1r@techcrunch.com,Male,$231968.61,607382933,IT
65,Adora,Varvell,avarvell1s@furl.net,Female,$844100.15,904340464,CC
66,Cross,Agerskow,cagerskow1t@ox.ac.uk,Male,$847934.89,805977768,CC
67,Analiese,De Ambrosi,adeambrosi1u@godaddy.com,Female,$480610.61,366015921,IT
68,Obediah,Gartell,ogartell1v@fda.gov,Male,$911607.51,195029091,IT
69,Minni,Marklow,mmarklow1w@fema.gov,Female,$493541.99,161939736,CC
70,Adelheid,Greyes,agreyes1x@hhs.gov,Female,$358996.77,574017324,CC
71,Alan,Witsey,awitsey1y@edublogs.org,Male,$251528.82,1027717552,IT
72,Conny,Norman,cnorman1z@ameblo.jp,Female,$419211.98,967655934,IT
73,Babs,Clemitt,bclemitt20@sun.com,Female,$967976.85,760247722,PP
74,Domini,Chapier,dchapier21@oracle.com,Female,$893747.80,494530082,IT
75,Leicester,Batrop,lbatrop22@usda.gov,Male,$854573.84,696895826,CC
76,Phip,Ridel,pridel23@ustream.tv,Male,$346681.99,726250255,PP
77,Celka,Shewry,cshewry24@techcrunch.com,Female,$491404.97,235745245,PP
78,Quintin,Chichgar,qchichgar25@arizona.edu,Male,$417298.75,880576900,PP
79,Phaedra,Burditt,pburditt26@utexas.edu,Female,$679152.35,79681399,PP
80,Tomaso,Leere,tleere27@columbia.edu,Male,$481763.59,217266717,PP
81,Gregoor,McRinn,gmcrinn28@wikia.com,Male,$224450.62,78274285,PP
82,Jean,Pavese,jpavese29@latimes.com,Male,$206786.55,620045302,IT
83,Benyamin,Daintith,bdaintith2a@wordpress.org,Male,$612705.16,12897826,IT
84,Andie,Gepheart,agepheart2b@t-online.de,Male,$896451.79,50695975,CC
85,Roseanne,McGillicuddy,rmcgillicuddy2c@theatlantic.com,Female,$517633.58,864468013,CC
86,Hobey,Ropkins,hropkins2d@harvard.edu,Male,$213218.33,808832727,IT
87,Sibelle,Jedrych,sjedrych2e@live.com,Female,$216240.58,1029210402,IT
88,Torin,Benwell,tbenwell2f@privacy.gov.au,Male,$505061.48,910191193,CC
89,Freeman,Boulter,fboulter2g@fda.gov,Male,$143147.60,548772211,CC
90,Beltran,Bartlomiej,bbartlomiej2h@unicef.org,Male,$451929.25,759915099,PP
91,Constantine,Yapp,cyapp2i@furl.net,Female,$799121.36,652652526,PP
92,Neilla,Itzak,nitzak2j@bloomberg.com,Female,$360217.41,665222904,PP
93,Loise,Raine,lraine2k@blogspot.com,Female,$116518.33,611451525,PP
94,Arvie,Enevoldsen,aenevoldsen2l@cyberchimps.com,Male,$913124.67,493711375,IT
95,Bronny,Peeke,bpeeke2m@tumblr.com,Male,$508906.70,922563632,PP
96,Oberon,Withey,owithey2n@cyberchimps.com,Male,$800412.65,802645251,CC
97,Atalanta,Killen,akillen2o@apple.com,Female,$500419.87,994700276,PP
98,Delainey,Durrant,ddurrant2p@gnu.org,Male,$801897.09,67252409,PP
99,Noble,Adamovsky,nadamovsky2q@sbwire.com,Male,$314616.02,1034375304,CC
100,Clevey,Sprowle,csprowle2r@bizjournals.com,Male,$343676.02,778304131,IT
101,Modesty,O' Concannon,moconcannon2s@issuu.com,Female,$757194.17,81602853,IT
102,Stafford,Nerger,snerger2t@csmonitor.com,Male,$610139.84,820377023,IT
103,Lorenzo,Gaunson,lgaunson2u@blogs.com,Male,$298288.23,492386360,IT
104,Cornelius,Plumbley,cplumbley2v@huffingtonpost.com,Male,$895033.60,872767362,PP
105,Jody,Carek,jcarek2w@fda.gov,Female,$537084.42,113425462,PP
106,Hannie,Strattan,hstrattan2x@theguardian.com,Female,$623849.51,651547175,PP
107,Matilde,Fardell,mfardell2y@independent.co.uk,Female,$638335.22,804966820,PP
108,Buddy,Cruxton,bcruxton2z@php.net,Male,$354778.87,472662407,CC
109,Christyna,Churms,cchurms30@europa.eu,Female,$746906.65,922211716,CC
110,Roxana,Ebbers,rebbers31@livejournal.com,Female,$397731.22,426328387,IT
111,Guglielma,Prium,gprium32@csmonitor.com,Female,$782183.72,747839534,IT
112,Ivory,Maffeo,imaffeo33@stumbleupon.com,Female,$503322.49,1004863530,PP
113,Karel,Pley,kpley34@china.com.cn,Male,$857250.67,240808296,CC
114,Anica,Gavrieli,agavrieli35@nps.gov,Female,$796020.27,111366432,IT
115,Merrel,Dominicacci,mdominicacci36@hubpages.com,Male,$552322.72,780058607,IT
116,Jonis,Linstead,jlinstead37@usatoday.com,Female,$475269.91,830826853,IT
117,Tawnya,McVicar,tmcvicar38@marriott.com,Female,$360445.45,250052717,IT
118,Jojo,Flight,jflight39@csmonitor.com,Female,$863617.27,691271023,PP
119,Raff,Shwalbe,rshwalbe3a@gnu.org,Male,$551136.65,213937845,CC
120,Nixie,Benditt,nbenditt3b@dailymail.co.uk,Female,$998241.86,466537251,PP
121,Pearl,Colleck,pcolleck3c@omniture.com,Female,$589836.55,593168911,CC
122,Riccardo,Fermin,rfermin3d@state.gov,Male,$904499.80,368070451,CC
123,Arlyne,Cogin,acogin3e@deviantart.com,Female,$134142.04,178932034,PP
124,Michail,Brister,mbrister3f@ftc.gov,Male,$351490.75,293458066,PP
125,Claudie,Robelow,crobelow3g@nps.gov,Female,$489928.06,93715012,CC
126,Jodi,Vogelein,jvogelein3h@pinterest.com,Female,$388113.37,585415770,IT
127,Nelia,Runcie,nruncie3i@wikipedia.org,Female,$878894.09,777177992,PP
128,Julio,Poulden,jpoulden3j@miibeian.gov.cn,Male,$802657.02,210418438,CC
129,Diane,Hullock,dhullock3k@yahoo.com,Female,$523857.01,155843000,IT
130,Lonny,Canwell,lcanwell3l@twitpic.com,Male,$753475.74,1013691488,PP
131,Osmond,Sebastian,osebastian3m@paginegialle.it,Male,$565192.09,51010450,PP
132,Bambi,Elph,belph3n@va.gov,Female,$395065.54,914356760,PP
133,Roderich,Bengtsson,rbengtsson3o@addthis.com,Male,$745919.67,531652457,PP
134,Sher,Pettendrich,spettendrich3p@cocolog-nifty.com,Female,$276242.28,831606789,IT
135,Pattin,Drewett,pdrewett3q@hatena.ne.jp,Male,$316523.02,1032867941,PP
136,Josey,Dorow,jdorow3r@dion.ne.jp,Female,$626472.83,739225020,IT
137,Yetta,Teasdale-Markie,yteasdalemarkie3s@ftc.gov,Female,$837537.46,268075565,PP
138,Orelie,Cheeney,ocheeney3t@hostgator.com,Female,$821309.46,112230410,IT
139,Lorens,Plumptre,lplumptre3u@mashable.com,Male,$163771.81,770990835,PP
140,Bernadette,Durtnal,bdurtnal3v@unc.edu,Female,$965425.77,738327122,IT
141,Willa,Boyda,wboyda3w@ameblo.jp,Female,$723589.59,415846868,CC
142,Cammie,Garside,cgarside3x@w3.org,Female,$758187.39,31750779,PP
143,Ermina,Lanfranchi,elanfranchi3y@amazon.de,Female,$962734.68,454928959,PP
144,Robbyn,McLernon,rmclernon3z@ucoz.ru,Female,$838329.24,356471450,CC
145,Egor,Shimwell,eshimwell40@cnn.com,Male,$918681.52,326110509,CC
146,Rickie,Hulk,rhulk41@printfriendly.com,Female,$637938.27,184060964,PP
147,Cortie,Manger,cmanger42@ca.gov,Male,$151056.93,172527173,IT
148,April,MacGragh,amacgragh43@linkedin.com,Female,$762969.38,399190994,IT
149,Virge,Szymanski,vszymanski44@wufoo.com,Male,$859882.40,915082513,PP
150,Mauricio,Cobbald,mcobbald45@psu.edu,Male,$390493.07,1011470022,CC
151,Bobbe,Veryan,bveryan46@printfriendly.com,Female,$577878.42,539568524,IT
152,Geralda,Benninger,gbenninger47@nhs.uk,Female,$452741.38,371846678,IT
153,Nerte,Tonkin,ntonkin48@dailymotion.com,Female,$481330.04,247772242,CC
154,Guthry,Ramsdell,gramsdell49@aol.com,Male,$161327.83,397553601,CC
155,Den,Suermeiers,dsuermeiers4a@histats.com,Male,$631139.45,727740047,CC
156,Manolo,Noen,mnoen4b@shop-pro.jp,Male,$727084.81,416045318,CC
157,Demetris,Hairsine,dhairsine4c@sciencedirect.com,Female,$996490.18,354310487,CC
158,Harcourt,Swannick,hswannick4d@liveinternet.ru,Male,$816326.27,87052064,PP
159,Curt,Dishmon,cdishmon4e@alibaba.com,Male,$279912.35,789448390,PP
160,Nap,Ancliffe,nancliffe4f@icio.us,Male,$298127.41,638758046,CC
161,Merrily,Challicombe,mchallicombe4g@imageshack.us,Female,$261797.90,633804313,PP
162,Filbert,Laugheran,flaugheran4h@about.com,Male,$736230.35,360632711,IT
163,Davin,Espadater,despadater4i@hibu.com,Male,$761311.84,340050394,PP
164,Clint,Edgeler,cedgeler4j@cbc.ca,Male,$909272.22,106648085,CC
165,Boy,Rankcom,brankcom4k@moonfruit.com,Male,$463565.68,368912925,IT
166,Magdalene,Pryke,mpryke4l@wikimedia.org,Female,$626929.47,843615325,CC
167,Elle,Pic,epic4m@whitehouse.gov,Female,$450477.64,486866191,CC
168,Eamon,Whitland,ewhitland4n@mail.ru,Male,$304727.57,335849663,PP
169,Delbert,Lowthian,dlowthian4o@nhs.uk,Male,$447446.71,319315204,PP
170,Xerxes,Baudy,xbaudy4p@prlog.org,Male,$230854.29,204677148,PP
171,Corliss,Allenson,callenson4q@amazon.de,Female,$967097.14,591124781,PP
172,Merrill,Nisen,mnisen4r@domainmarket.com,Female,$501607.39,264649931,PP
173,Eliza,Coldwell,ecoldwell4s@upenn.edu,Female,$682147.12,349907114,PP
174,Vivyanne,McConville,vmcconville4t@cbc.ca,Female,$649964.62,428948622,PP
175,Archaimbaud,Longley,alongley4u@hibu.com,Male,$570527.54,912275826,PP
176,Ryon,Crackett,rcrackett4v@nymag.com,Male,$937254.63,139440075,PP
177,Buddy,Couvert,bcouvert4w@mayoclinic.com,Male,$709489.31,820393661,PP
178,Honor,Brahan,hbrahan4x@google.es,Female,$472511.58,156254116,CC
179,Lorna,Wyllcocks,lwyllcocks4y@w3.org,Female,$523768.30,970536059,PP
180,Orelle,Tunniclisse,otunniclisse4z@mapy.cz,Female,$357003.71,239996221,CC
181,Chrissie,Brocking,cbrocking50@arizona.edu,Female,$922164.64,306160280,IT
182,Berrie,Scrowton,bscrowton51@technorati.com,Female,$405799.59,862153074,IT
183,Dacie,Cliss,dcliss52@java.com,Female,$646560.13,677986505,IT
184,Shelton,Spurnier,sspurnier53@dell.com,Male,$615027.18,582188549,PP
185,Griffy,Reddel,greddel54@deliciousdays.com,Male,$135675.21,576507601,CC
186,Carter,Yearne,cyearne55@slideshare.net,Male,$144955.05,721813910,PP
187,Chalmers,Levitt,clevitt56@pagesperso-orange.fr,Male,$918251.17,602560519,IT
188,Albie,Kneale,akneale57@adobe.com,Male,$943234.27,1002194975,CC
189,Coretta,Cheeke,ccheeke58@phpbb.com,Female,$834793.67,496146798,CC
190,Eleen,Ghion,eghion59@pbs.org,Female,$122163.73,603165513,IT
191,Ulysses,Purrington,upurrington5a@soup.io,Male,$686349.62,84674913,CC
192,Adamo,Jaques,ajaques5b@amazon.de,Male,$962208.84,438187106,IT
193,Susana,Collier,scollier5c@upenn.edu,Female,$252123.24,284275905,CC
194,Yovonnda,Withrop,ywithrop5d@skyrock.com,Female,$668013.43,613294660,CC
195,Robbyn,Betjes,rbetjes5e@hubpages.com,Female,$862828.21,371386207,PP
196,Riccardo,Meindl,rmeindl5f@w3.org,Male,$636710.32,621924240,PP
197,Ritchie,Hallam,rhallam5g@nsw.gov.au,Male,$938244.90,543803545,PP
198,Markus,De Ambrosis,mdeambrosis5h@japanpost.jp,Male,$402519.78,288357057,PP
199,Aurlie,Kinze,akinze5i@census.gov,Female,$490564.18,330228845,PP
200,Kerr,Keely,kkeely5j@yellowpages.com,Male,$599614.12,511288648,PP
201,Fancie,Tevlin,ftevlin5k@usda.gov,Female,$252331.85,66533512,CC
202,Jude,Packwood,jpackwood5l@amazonaws.com,Male,$491727.13,319085653,PP
203,Adelind,Climo,aclimo5m@usgs.gov,Female,$895756.66,378792754,CC
204,Roma,MacAnulty,rmacanulty5n@miitbeian.gov.cn,Male,$508626.50,259080977,PP
205,Corny,Banham,cbanham5o@google.co.uk,Female,$421762.91,805726065,PP
206,Matthieu,Scoyles,mscoyles5p@amazon.com,Male,$119064.93,608225723,CC
207,Heloise,Ducham,hducham5q@domainmarket.com,Female,$360182.91,685069246,PP
208,Taddeusz,Geikie,tgeikie5r@cyberchimps.com,Male,$312192.12,658475457,CC
209,Glynnis,Lodwick,glodwick5s@skype.com,Female,$936278.32,938940341,PP
210,Lesley,Booi,lbooi5t@netvibes.com,Male,$189890.57,258827491,CC
211,Waite,Mardle,wmardle5u@wikimedia.org,Male,$715695.54,376507229,PP
212,Grace,Barham,gbarham5v@pbs.org,Male,$890451.89,426424601,CC
213,Gussi,Ditchett,gditchett5w@yelp.com,Female,$997165.15,371392366,CC
214,Addi,Perazzo,aperazzo5x@deviantart.com,Female,$668897.18,251167983,PP
215,Tades,Brazelton,tbrazelton5y@google.pl,Male,$133167.41,605523723,IT
216,Franz,Cantrill,fcantrill5z@jalbum.net,Male,$315702.98,317181802,CC
217,Lucais,McCrisken,lmccrisken60@discuz.net,Male,$601174.05,870986987,PP
218,Lovell,Stoggles,lstoggles61@delicious.com,Male,$491903.86,1003108551,CC
219,Ronna,Kurth,rkurth62@businessinsider.com,Female,$354201.74,222995603,CC
220,Esteban,Cellier,ecellier63@un.org,Male,$782085.31,902022071,IT
221,Artemas,Paszak,apaszak64@tuttocitta.it,Male,$610576.57,265139500,PP
222,Jacky,Back,jback65@arizona.edu,Female,$510204.02,489251385,IT
223,Fremont,Illyes,fillyes66@last.fm,Male,$457403.77,385331783,PP
224,Hillery,Rheubottom,hrheubottom67@narod.ru,Male,$687244.35,834134247,CC
225,Marthena,Bambrick,mbambrick68@trellian.com,Female,$389542.73,355931891,CC
226,Staffard,Hampstead,shampstead69@seattletimes.com,Male,$697837.05,837181100,IT
227,Sinclair,Stoffels,sstoffels6a@geocities.jp,Male,$417285.48,346068097,IT
228,Samantha,Ibbitson,sibbitson6b@usgs.gov,Female,$202485.68,627606297,CC
229,Ailey,Durbann,adurbann6c@noaa.gov,Female,$163376.20,522997763,PP
230,Horace,Gissing,hgissing6d@ocn.ne.jp,Male,$749906.74,147247430,IT
231,Bealle,Custed,bcusted6e@toplist.cz,Male,$302318.73,423002502,IT
232,Garvin,Wolseley,gwolseley6f@printfriendly.com,Male,$274553.28,590573322,IT
233,Flora,Danter,fdanter6g@latimes.com,Female,$723522.28,680486428,PP
234,Jerrome,Anthony,janthony6h@cornell.edu,Male,$593870.07,811582683,PP
235,Lyman,Grainge,lgrainge6i@freewebs.com,Male,$365698.87,697481901,CC
236,Axe,Wombwell,awombwell6j@accuweather.com,Male,$898533.29,808841187,CC
237,Erasmus,Longhorne,elonghorne6k@blogger.com,Male,$223755.72,557632691,CC
238,Bran,McMeyler,bmcmeyler6l@altervista.org,Male,$533122.68,120329186,PP
239,Margery,Tesmond,mtesmond6m@ucoz.ru,Female,$738477.47,118007971,CC
240,Joey,Syme,jsyme6n@360.cn,Male,$763080.43,785678572,CC
241,Robinson,Marton,rmarton6o@meetup.com,Male,$530423.63,483764250,IT
242,Vikki,Aronstein,varonstein6p@newsvine.com,Female,$186770.43,425297104,IT
243,Warren,Baggaley,wbaggaley6q@bbb.org,Male,$598579.69,884349415,IT
244,Sigrid,Innerstone,sinnerstone6r@sourceforge.net,Female,$354162.46,180196012,IT
245,Chiarra,Morigan,cmorigan6s@yolasite.com,Female,$259545.63,327571633,PP
246,Damita,Reignould,dreignould6t@amazon.com,Female,$432932.36,224874766,IT
247,Perl,McSkin,pmcskin6u@pagesperso-orange.fr,Female,$457152.50,137293742,PP
248,Terrell,Stathor,tstathor6v@seesaa.net,Male,$880681.51,561340151,CC
249,Lloyd,Cowill,lcowill6w@biblegateway.com,Male,$750689.74,607178300,CC
250,Terri,Winborn,twinborn6x@simplemachines.org,Male,$962103.44,649222660,PP
251,Darsie,Jelf,djelf6y@eventbrite.com,Female,$905341.82,205153085,CC
252,Larina,Knibbs,lknibbs6z@intel.com,Female,$606037.17,545143575,IT
253,Pearce,Fairburne,pfairburne70@360.cn,Male,$684949.33,619814306,IT
254,Jania,Obray,jobray71@google.it,Female,$700449.16,781689615,PP
255,Ninette,Brittle,nbrittle72@stumbleupon.com,Female,$388854.07,547798334,CC
256,Marlee,Malzard,mmalzard73@example.com,Female,$400289.97,281738219,PP
257,Mela,Arnauduc,marnauduc74@google.com.hk,Female,$996100.87,223249872,CC
258,Josh,Dudenie,jdudenie75@samsung.com,Male,$760883.83,516811469,CC
259,Lennie,Walters,lwalters76@smh.com.au,Male,$112415.43,884431153,IT
260,Jayson,Yuill,jyuill77@trellian.com,Male,$645056.40,320259873,IT
261,Valentino,Skone,vskone78@adobe.com,Male,$702980.88,184543156,PP
262,Gale,Izakov,gizakov79@shinystat.com,Female,$699164.45,1005774141,IT
263,Griffith,Donalson,gdonalson7a@scientificamerican.com,Male,$886889.98,744708789,PP
264,Garrard,Loynes,gloynes7b@yolasite.com,Male,$134051.11,116599629,PP
265,Karyn,Gregan,kgregan7c@google.de,Female,$900362.95,107104401,CC
266,Winston,Jemison,wjemison7d@msu.edu,Male,$903499.34,838763983,PP
267,Sumner,Jouhandeau,sjouhandeau7e@ning.com,Male,$595782.39,448883703,PP
268,Jule,Defries,jdefries7f@usda.gov,Male,$841067.30,250256433,IT
269,Cecelia,Copper,ccopper7g@google.ru,Female,$594012.02,271379439,PP
270,Delphinia,Gladeche,dgladeche7h@shop-pro.jp,Female,$356929.94,375987963,PP
271,Karoline,Corby,kcorby7i@devhub.com,Female,$536314.13,9851681,CC
272,Ximenez,Vreede,xvreede7j@netlog.com,Male,$525398.27,210966813,CC
273,Galvan,Mutton,gmutton7k@nba.com,Male,$448518.51,61139152,CC
274,Carlin,Purrington,cpurrington7l@webeden.co.uk,Female,$229526.43,62525863,IT
275,Bryna,Dart,bdart7m@nasa.gov,Female,$792192.12,884735347,PP
276,Dorie,Noyes,dnoyes7n@myspace.com,Male,$138886.39,634376820,CC
277,Viole,Mc Harg,vmcharg7o@yahoo.co.jp,Female,$844007.82,242139001,PP
278,Marvin,Anlay,manlay7p@zimbio.com,Male,$126074.47,22777863,CC
279,Rhoda,Asif,rasif7q@eepurl.com,Female,$127564.08,228343698,CC
280,Carlynn,Lassey,classey7r@xing.com,Female,$747855.55,170891654,IT
281,Mada,Austwick,maustwick7s@buzzfeed.com,Female,$599138.97,160838975,IT
282,Farrel,Bagguley,fbagguley7t@surveymonkey.com,Male,$853586.57,923289890,IT
283,Barbi,Stone Fewings,bstonefewings7u@yandex.ru,Female,$602247.62,353136655,PP
284,Nial,Waggett,nwaggett7v@storify.com,Male,$588427.04,644591499,PP
285,Olympia,Curton,ocurton7w@wufoo.com,Female,$885758.29,886457450,CC
286,Ham,MacGille,hmacgille7x@skype.com,Male,$633009.50,730995867,CC
287,Zorana,Verney,zverney7y@jiathis.com,Female,$936956.34,704224453,PP
288,Basilius,Falconer,bfalconer7z@noaa.gov,Male,$694698.32,220609312,IT
289,George,Corsan,gcorsan80@google.it,Female,$270142.23,684176721,PP
290,Trixi,Stallworthy,tstallworthy81@google.com.au,Female,$993806.85,949971547,CC
291,Charil,Ames,cames82@redcross.org,Female,$231032.80,524094880,IT
292,Harriott,Wall,hwall83@skyrock.com,Female,$196884.43,864008771,IT
293,Aurelia,Simonutti,asimonutti84@shinystat.com,Female,$234042.62,724313411,IT
294,Lavina,Sweedy,lsweedy85@blogtalkradio.com,Female,$879405.44,264696224,CC
295,Elka,Stafford,estafford86@dmoz.org,Female,$845315.35,31281531,IT
296,Jedd,Waghorn,jwaghorn87@mapquest.com,Male,$426534.12,577900033,IT
297,Raimund,Gwioneth,rgwioneth88@hostgator.com,Male,$865359.15,335428949,PP
298,Findley,Raisbeck,fraisbeck89@comcast.net,Male,$522112.87,478652317,PP
299,Nata,Ybarra,nybarra8a@admin.ch,Female,$945874.58,523948284,PP
300,Eduino,Bungey,ebungey8b@naver.com,Male,$146745.15,156768816,IT
301,Karina,Pietrzak,kpietrzak8c@sun.com,Female,$122785.89,471494521,PP
302,Aube,Lett,alett8d@discovery.com,Male,$976774.09,803918510,PP
303,Rae,Heisman,rheisman8e@bizjournals.com,Female,$799803.59,204388200,IT
304,Marlane,Trevithick,mtrevithick8f@unblog.fr,Female,$350681.52,206260852,IT
305,Clevie,Frangello,cfrangello8g@cnet.com,Male,$888192.26,593614442,CC
306,Sanson,Halgarth,shalgarth8h@patch.com,Male,$568901.20,1033331019,CC
307,Sadye,Human,shuman8i@ifeng.com,Female,$129003.28,789778086,PP
308,Dahlia,De Filippis,ddefilippis8j@tripadvisor.com,Female,$157477.55,556018832,CC
309,Julienne,Pointon,jpointon8k@blogger.com,Female,$819694.90,677389276,CC
310,Vito,Dudson,vdudson8l@ning.com,Male,$379641.38,434509398,CC
311,Dominga,Jacmard,djacmard8m@edublogs.org,Female,$715527.88,599524906,CC
312,Elsie,Bodesson,ebodesson8n@blogger.com,Female,$398444.72,780464147,CC
313,Fernande,Ahren,fahren8o@discovery.com,Female,$884562.70,727053596,IT
314,Theodosia,Peterffy,tpeterffy8p@opensource.org,Female,$457157.40,722634394,CC
315,Edi,Yearn,eyearn8q@deliciousdays.com,Female,$357769.32,1038611635,CC
316,Clarey,Troup,ctroup8r@mac.com,Female,$420456.76,953648291,CC
317,Hiram,Boshere,hboshere8s@cargocollective.com,Male,$898050.21,237938758,CC
318,Corabella,Epilet,cepilet8t@ezinearticles.com,Female,$800620.71,721104148,CC
319,Veda,Bartoletti,vbartoletti8u@buzzfeed.com,Female,$591310.23,972378778,CC
320,Sherline,Bremmer,sbremmer8v@oracle.com,Female,$164323.11,899785224,IT
321,Kristos,McGarahan,kmcgarahan8w@networksolutions.com,Male,$859332.17,1008341565,IT
322,Winny,Conklin,wconklin8x@craigslist.org,Male,$619217.61,835966569,IT
323,Nikos,Fairney,nfairney8y@hud.gov,Male,$208824.18,131384518,CC
324,Bondy,Silcox,bsilcox8z@unc.edu,Male,$555356.77,892698764,CC
325,Ludwig,Obern,lobern90@myspace.com,Male,$147837.46,426286403,CC
326,Rolando,Bahls,rbahls91@nba.com,Male,$156906.58,177927235,IT
327,Dani,Bunt,dbunt92@yolasite.com,Male,$582180.53,631980421,PP
328,Marylee,Flippelli,mflippelli93@telegraph.co.uk,Female,$381613.39,228633136,PP
329,Ermin,Satyford,esatyford94@washington.edu,Male,$277520.18,406336072,CC
330,Marcelia,Burwin,mburwin95@marketwatch.com,Female,$549705.95,982447405,PP
331,Fergus,Espinos,fespinos96@phpbb.com,Male,$157900.01,653007669,PP
332,Gerardo,Astle,gastle97@topsy.com,Male,$142917.46,671491909,PP
333,Tim,Kyles,tkyles98@prlog.org,Female,$705032.34,619024204,IT
334,Waylan,Bernette,wbernette99@answers.com,Male,$193313.44,234804801,CC
335,Bethany,Titman,btitman9a@columbia.edu,Female,$724043.85,563720140,IT
336,Thacher,Francis,tfrancis9b@ehow.com,Male,$763767.82,467092628,PP
337,Wiley,Guttridge,wguttridge9c@ameblo.jp,Male,$290815.24,1036769612,CC
338,Lorene,Bogays,lbogays9d@utexas.edu,Female,$353509.90,800285925,PP
339,Zea,Yukhnev,zyukhnev9e@time.com,Female,$887954.89,220053433,PP
340,Bobine,Friman,bfriman9f@sourceforge.net,Female,$201691.98,652960132,IT
341,Griff,Cornbell,gcornbell9g@unesco.org,Male,$618259.41,448133177,IT
342,Lanita,Hopkyns,lhopkyns9h@t.co,Female,$591067.60,741346837,IT
343,Annissa,Holdall,aholdall9i@theguardian.com,Female,$456427.02,50057223,IT
344,Euell,Lenin,elenin9j@homestead.com,Male,$112642.81,36813661,IT
345,Pattie,Long,plong9k@privacy.gov.au,Male,$762077.29,784070452,IT
346,Blane,Cawsby,bcawsby9l@guardian.co.uk,Male,$725281.99,218841610,IT
347,Virgie,Skechley,vskechley9m@tiny.cc,Female,$708587.38,123323665,IT
348,Tabitha,Megson,tmegson9n@statcounter.com,Female,$931967.00,573125843,PP
349,Eben,Rosindill,erosindill9o@ovh.net,Male,$318682.14,173967973,CC
350,Mariska,Grisedale,mgrisedale9p@ibm.com,Female,$943474.15,1001221020,PP
351,Berky,Blofield,bblofield9q@marketwatch.com,Male,$220407.64,285852185,CC
352,Quentin,Leighton,qleighton9r@paginegialle.it,Female,$215604.32,714025526,IT
353,Kent,Elvidge,kelvidge9s@skyrock.com,Male,$167072.00,670883435,PP
354,Ikey,Ayars,iayars9t@amazon.co.jp,Male,$706385.53,806864444,PP
355,Armand,Gallego,agallego9u@twitter.com,Male,$282106.84,353903016,CC
356,Lianna,Saiger,lsaiger9v@squidoo.com,Female,$681173.95,582093305,CC
357,Jozef,Dunlea,jdunlea9w@reddit.com,Male,$269808.70,706284910,IT
358,Verney,Bamlet,vbamlet9x@independent.co.uk,Male,$942361.47,807798451,IT
359,Jemmy,Vasilik,jvasilik9y@woothemes.com,Female,$294533.71,912338756,PP
360,Delano,Sheddan,dsheddan9z@skyrock.com,Male,$460502.49,335409239,IT
361,Caritta,Taber,ctabera0@ask.com,Female,$387942.67,553574366,PP
362,Ladonna,Harron,lharrona1@dell.com,Female,$431192.28,527866059,IT
363,Aveline,Cregin,acregina2@blinklist.com,Female,$698787.57,850782026,IT
364,Gustavo,Considine,gconsidinea3@archive.org,Male,$880822.47,969164962,PP
365,Natty,Bimson,nbimsona4@is.gd,Female,$409766.90,522068439,IT
366,Indira,Proger,iprogera5@jiathis.com,Female,$328502.00,912390107,CC
367,Kelbee,Checo,kchecoa6@skyrock.com,Male,$676406.51,505944253,IT
368,Berk,Perview,bperviewa7@house.gov,Male,$422458.18,662542823,CC
369,Elsi,Haselup,ehaselupa8@ted.com,Female,$899214.85,319805251,PP
370,Tull,Perrygo,tperrygoa9@sciencedaily.com,Male,$164704.35,16425573,CC
371,Irvin,Hanner,ihanneraa@theglobeandmail.com,Male,$888828.50,716320621,IT
372,Tadeo,Gimbart,tgimbartab@fda.gov,Male,$439931.15,793836135,PP
373,Dar,Pithcock,dpithcockac@aboutads.info,Male,$966756.80,470095803,CC
374,Pepillo,Mallinder,pmallinderad@nydailynews.com,Male,$531247.86,80380750,CC
375,Lilli,Basnall,lbasnallae@va.gov,Female,$273837.07,897022449,CC
376,Ardyce,Cholomin,acholominaf@blog.com,Female,$115384.31,1018513454,CC
377,Kara-lynn,Klezmski,kklezmskiag@aol.com,Female,$340492.55,918592330,PP
378,Colline,Engeham,cengehamah@businessinsider.com,Female,$521206.11,248370221,IT
379,Shannon,Novkovic,snovkovicai@rambler.ru,Male,$662717.29,337647970,CC
380,Verene,Gravatt,vgravattaj@infoseek.co.jp,Female,$236680.18,335530428,CC
381,Staci,Leverson,sleversonak@cpanel.net,Female,$614754.81,944500327,IT
382,Luce,Chislett,lchislettal@multiply.com,Male,$418336.79,577248897,PP
383,Fabiano,Bartoletti,fbartolettiam@weebly.com,Male,$664379.27,502841678,CC
384,Tandy,Spillane,tspillanean@hexun.com,Female,$866915.14,54187529,CC
385,Guilbert,Thomerson,gthomersonao@mayoclinic.com,Male,$851344.13,633819149,PP
386,Homer,Phippard,hphippardap@un.org,Male,$170007.84,746451274,IT
387,Laurent,Florentine,lflorentineaq@go.com,Male,$724878.48,647196677,IT
388,Kin,Robertacci,krobertacciar@patch.com,Male,$905412.41,971375863,PP
389,Tabby,Vial,tvialas@facebook.com,Female,$264122.85,569492048,PP
390,Lelah,Ruddiforth,lruddiforthat@istockphoto.com,Female,$831840.30,930287887,CC
391,Ammamaria,Garwell,agarwellau@imgur.com,Female,$825878.57,716736180,IT
392,Madlin,Lindenbaum,mlindenbaumav@blogs.com,Female,$728255.81,421800785,IT
393,Alessandra,Miliffe,amiliffeaw@soundcloud.com,Female,$927265.89,181207020,PP
394,Domeniga,O'Doherty,dodohertyax@4shared.com,Female,$195410.40,822718023,PP
395,Thorndike,Berriman,tberrimanay@shinystat.com,Male,$577519.41,861110757,CC
396,Merline,Felten,mfeltenaz@360.cn,Female,$875211.98,368550285,PP
397,Reider,Dollman,rdollmanb0@webmd.com,Male,$545822.09,526633236,PP
398,Erick,Oswell,eoswellb1@cbslocal.com,Male,$433349.44,784607334,PP
399,Pet,Balderstone,pbalderstoneb2@sitemeter.com,Female,$285156.39,690795476,IT
400,Bernhard,Kenaway,bkenawayb3@narod.ru,Male,$989243.91,969727343,CC
401,Christina,Nordass,cnordassb4@aboutads.info,Female,$319244.14,887124583,PP
402,Rochester,Dickings,rdickingsb5@51.la,Male,$623248.36,910774661,CC
403,Niki,Lanchester,nlanchesterb6@psu.edu,Male,$655967.25,515953925,PP
404,Sheeree,de la Tremoille,sdelatremoilleb7@pinterest.com,Female,$149438.63,180823422,CC
405,Constantin,Fruchter,cfruchterb8@meetup.com,Male,$628292.20,909218631,PP
406,Bastian,Unworth,bunworthb9@unesco.org,Male,$343118.29,800031935,IT
407,Heriberto,Rugg,hruggba@people.com.cn,Male,$401713.38,520596901,PP
408,Edita,Athersmith,eathersmithbb@baidu.com,Female,$562296.78,30831692,PP
409,Bernete,Hague,bhaguebc@arizona.edu,Female,$158827.39,718730360,CC
410,Lalo,Clifft,lclifftbd@lycos.com,Male,$495111.71,1049038406,IT
411,Judy,Tooze,jtoozebe@ca.gov,Female,$479736.99,362358544,CC
412,Nels,Westhoff,nwesthoffbf@barnesandnoble.com,Male,$998863.68,186349212,PP
413,Jayne,Baskerfield,jbaskerfieldbg@oracle.com,Female,$599570.39,860430171,CC
414,Quint,Trippick,qtrippickbh@cnbc.com,Male,$855839.85,264923695,PP
415,Brice,Greed,bgreedbi@usda.gov,Male,$256587.39,348372873,PP
416,Brena,Albany,balbanybj@weather.com,Female,$541937.98,486447717,IT
417,Mac,Veld,mveldbk@weather.com,Male,$445147.09,811203864,CC
418,Candis,Krysztofiak,ckrysztofiakbl@4shared.com,Female,$443289.31,639748255,IT
419,Dicky,Hickeringill,dhickeringillbm@google.com.au,Male,$183128.92,344287250,CC
420,Arnold,Domenici,adomenicibn@state.gov,Male,$110670.54,765734160,IT
421,Neel,McKerley,nmckerleybo@cornell.edu,Male,$192605.38,788216242,PP
422,Rollo,Mucklestone,rmucklestonebp@printfriendly.com,Male,$904712.62,353489610,IT
423,Fitz,Bandiera,fbandierabq@live.com,Male,$398940.57,835048184,IT
424,Eugenio,Clifforth,eclifforthbr@msn.com,Male,$880535.49,656033039,PP
425,Sher,Readwing,sreadwingbs@google.it,Female,$735576.82,667309523,IT
426,Nert,Hunston,nhunstonbt@answers.com,Female,$394678.75,74565321,IT
427,Timothea,Boadby,tboadbybu@naver.com,Female,$780935.77,952085024,IT
428,Mandel,Corpes,mcorpesbv@jugem.jp,Male,$572863.12,400942745,IT
429,Dacy,Willers,dwillersbw@tripadvisor.com,Female,$951549.25,436663778,PP
430,Nora,Bruinemann,nbruinemannbx@answers.com,Female,$391305.85,977304951,IT
431,Jed,Balshaw,jbalshawby@unc.edu,Male,$895448.67,904320528,PP
432,Ricardo,Biernat,rbiernatbz@washingtonpost.com,Male,$496908.17,1039520425,PP
433,Bartholomeus,Gokes,bgokesc0@yahoo.co.jp,Male,$395956.84,188054645,PP
434,Jorgan,Benadette,jbenadettec1@nasa.gov,Male,$929042.82,228373318,PP
435,Melessa,Acres,macresc2@globo.com,Female,$998104.55,591762157,CC
436,Cecil,Breinlein,cbreinleinc3@unicef.org,Female,$546542.14,943685087,CC
437,Irving,Tolfrey,itolfreyc4@canalblog.com,Male,$774523.47,741523883,CC
438,Antonina,Bruyns,abruynsc5@cnbc.com,Female,$992361.45,563616316,IT
439,Leesa,Cuphus,lcuphusc6@woothemes.com,Female,$721007.31,74383778,PP
440,Camilla,Petzold,cpetzoldc7@guardian.co.uk,Female,$381763.01,197000551,CC
441,Alyosha,Woodson,awoodsonc8@cnn.com,Male,$926817.11,38140633,PP
442,Rebekkah,St. Hill,rsthillc9@youtube.com,Female,$863621.47,720085369,PP
443,Aigneis,Thurber,athurberca@skyrock.com,Female,$771865.96,698183366,IT
444,Glynn,Randlesome,grandlesomecb@ucsd.edu,Male,$210073.92,497445946,PP
445,Coretta,Alexsandrowicz,calexsandrowiczcc@jiathis.com,Female,$212364.03,50212060,PP
446,Vanda,Broader,vbroadercd@slate.com,Female,$191404.79,551555279,IT
447,Massimo,O'Hannay,mohannayce@independent.co.uk,Male,$148389.95,763757116,PP
448,Emmy,Cometti,ecometticf@phpbb.com,Male,$507173.02,858561365,CC
449,Delmar,Votier,dvotiercg@nytimes.com,Male,$166989.59,987641013,PP
450,Kayle,Clackers,kclackersch@cargocollective.com,Female,$807151.13,336671687,CC
451,Bunnie,Dunstone,bdunstoneci@nyu.edu,Female,$169446.55,834318273,IT
452,Gertruda,Poston,gpostoncj@google.ca,Female,$421058.61,306102765,CC
453,Leticia,Minchin,lminchinck@usa.gov,Female,$141533.46,727702739,PP
454,Else,Dugald,edugaldcl@histats.com,Female,$778953.56,907141631,PP
455,Loretta,Premble,lpremblecm@wp.com,Female,$343669.87,390520452,IT
456,Betteann,Demko,bdemkocn@infoseek.co.jp,Female,$255591.46,874142922,PP
457,Carl,Cronin,ccroninco@cam.ac.uk,Male,$663533.97,955568473,PP
458,Coretta,Troutbeck,ctroutbeckcp@gnu.org,Female,$770654.78,347920507,IT
459,Malia,Click,mclickcq@elegantthemes.com,Female,$268233.78,806871368,IT
460,Harris,Radclyffe,hradclyffecr@shop-pro.jp,Male,$831146.15,193678390,CC
461,Marabel,Pecht,mpechtcs@theatlantic.com,Female,$286629.30,547961259,CC
462,Loren,Aymerich,laymerichct@soundcloud.com,Male,$120919.89,372030226,CC
463,Colly,Adamovich,cadamovichcu@friendfeed.com,Female,$572406.35,400643675,CC
464,Harper,O'Feeny,hofeenycv@gravatar.com,Male,$524430.72,984420355,IT
465,Shena,Orrick,sorrickcw@china.com.cn,Female,$790447.52,422570255,PP
466,Jordon,Fores,jforescx@usnews.com,Male,$782702.32,57516627,PP
467,Elvina,Cawson,ecawsoncy@goo.gl,Female,$347970.59,686999553,CC
468,Rogerio,Tither,rtithercz@amazon.com,Male,$339100.50,616134218,PP
469,Hali,Willgress,hwillgressd0@hostgator.com,Female,$144328.47,415346872,IT
470,Maximilianus,Linneman,mlinnemand1@tuttocitta.it,Male,$762821.73,444572273,IT
471,Eimile,Fendt,efendtd2@state.gov,Female,$122795.77,1046911547,IT
472,Webb,Bissex,wbissexd3@technorati.com,Male,$107205.65,665447586,CC
473,Gayleen,Sheals,gshealsd4@addthis.com,Female,$283274.31,913242276,CC
474,Trudey,Moppett,tmoppettd5@linkedin.com,Female,$821748.20,665298750,CC
475,Killian,Halfpenny,khalfpennyd6@yolasite.com,Male,$910676.02,524238643,PP
476,Donal,Beaver,dbeaverd7@miibeian.gov.cn,Male,$474793.76,242449260,IT
477,Emma,Bernardelli,ebernardellid8@accuweather.com,Female,$426159.31,826516810,IT
478,Louisette,Semered,lsemeredd9@merriam-webster.com,Female,$853892.66,32508297,PP
479,Wayne,Feaster,wfeasterda@bizjournals.com,Male,$524172.96,378711057,CC
480,Moses,Mallaby,mmallabydb@deliciousdays.com,Male,$591673.76,952032612,PP
481,Vanya,Grinyakin,vgrinyakindc@sciencedaily.com,Male,$338482.12,13296644,PP
482,Dalton,Broy,dbroydd@sina.com.cn,Male,$125067.34,619849045,IT
483,Hyman,Tomasian,htomasiande@elpais.com,Male,$390074.78,152234361,CC
484,Miner,Sichardt,msichardtdf@imageshack.us,Male,$642548.62,970692765,IT
485,Adore,Gonin,agonindg@ebay.com,Female,$426788.48,27907810,IT
486,Sanders,Wenban,swenbandh@theglobeandmail.com,Male,$105964.56,891235856,IT
487,Nolan,Vinau,nvinaudi@unicef.org,Male,$569748.89,894780342,CC
488,Shayna,Tieman,stiemandj@deliciousdays.com,Female,$472842.04,501565937,CC
489,Aurthur,Brennenstuhl,abrennenstuhldk@google.ru,Male,$135338.05,153464979,PP
490,Kin,Job,kjobdl@list-manage.com,Male,$734017.06,995312555,IT
491,Seumas,Hebbes,shebbesdm@themeforest.net,Male,$607447.44,306323096,IT
492,Ainslee,Devall,adevalldn@utexas.edu,Female,$456813.55,424786980,CC
493,Simonette,Clissold,sclissolddo@blinklist.com,Female,$695194.39,66969984,PP
494,Hadley,Maslin,hmaslindp@hexun.com,Male,$732843.47,778803256,IT
495,Gerri,Cull,gculldq@webmd.com,Male,$747458.46,308692688,CC
496,Stacia,Midford,smidforddr@flavors.me,Female,$709483.46,600004333,CC
497,Stella,Marsy,smarsyds@oaic.gov.au,Female,$444649.17,165524520,IT
498,Letisha,Kuhnke,lkuhnkedt@cpanel.net,Female,$605074.63,448298471,PP
499,Perren,Speedy,pspeedydu@foxnews.com,Male,$329974.05,449981642,IT
500,Thomasin,Niaves,tniavesdv@macromedia.com,Female,$694046.72,429442687,IT
501,Stephanus,Baterip,sbateripdw@reverbnation.com,Male,$320709.92,1022712294,CC
502,Norri,Measen,nmeasendx@aol.com,Female,$971146.08,885837167,CC
503,Zelma,Filson,zfilsondy@walmart.com,Female,$943926.38,775634257,CC
504,Ingeborg,Sharma,isharmadz@stumbleupon.com,Female,$246360.12,724152282,PP
505,Maia,Kyston,mkystone0@nymag.com,Female,$326072.69,609926038,CC
506,Rosa,Bresson,rbressone1@qq.com,Female,$562266.35,706018804,IT
507,Emyle,Birley,ebirleye2@uol.com.br,Female,$582366.78,897037295,IT
508,Raviv,Adelsberg,radelsberge3@over-blog.com,Male,$560459.00,862565728,CC
509,Rosene,Penhallurick,rpenhalluricke4@shareasale.com,Female,$879030.37,141293744,CC
510,Eugenie,Morch,emorche5@skyrock.com,Female,$629192.81,723434301,PP
511,Amandi,Rippon,arippone6@bandcamp.com,Female,$998960.78,65235137,PP
512,Janina,Rosbotham,jrosbothame7@skyrock.com,Female,$588865.89,464065979,PP
513,Marty,Bletso,mbletsoe8@bloomberg.com,Female,$317736.48,395971753,PP
514,Billie,Shackesby,bshackesbye9@newsvine.com,Male,$951075.38,776281818,CC
515,Bellanca,Caldeyroux,bcaldeyrouxea@naver.com,Female,$513784.15,576646801,IT
516,Erick,Tedder,eteddereb@cpanel.net,Male,$455822.90,599878334,PP
517,Stanford,Siley,ssileyec@bigcartel.com,Male,$930726.03,776204800,PP
518,Billye,Trigwell,btrigwelled@cnbc.com,Female,$771427.27,230008560,PP
519,Abel,Crossman,acrossmanee@geocities.jp,Male,$486180.08,39351590,CC
520,Myra,Marnes,mmarnesef@cbc.ca,Female,$120404.25,937043800,CC
521,Kendrick,Cawthry,kcawthryeg@myspace.com,Male,$852933.95,194129200,PP
522,Mikael,Saill,msailleh@statcounter.com,Male,$263816.21,342715678,IT
523,Michale,Stockoe,mstockoeei@amazon.co.uk,Male,$309107.75,365580769,CC
524,Marcus,Di Filippo,mdifilippoej@opera.com,Male,$506555.33,444975485,CC
525,King,Nafziger,knafzigerek@go.com,Male,$597630.84,518487093,IT
526,Burtie,Elverstone,belverstoneel@ehow.com,Male,$988290.50,287346275,IT
527,Kally,MacLardie,kmaclardieem@bluehost.com,Female,$632574.42,1034070225,CC
528,Dilly,Klimentyonok,dklimentyonoken@house.gov,Male,$506822.48,246834300,CC
529,Fraze,Dagworthy,fdagworthyeo@mapquest.com,Male,$253159.39,294193587,PP
530,Carlo,Sinfield,csinfieldep@wikispaces.com,Male,$585667.98,170222486,PP
531,Hillard,Sirette,hsiretteeq@woothemes.com,Male,$961932.87,1045757770,IT
532,Martynne,Doree,mdoreeer@i2i.jp,Female,$982026.45,91350022,IT
533,Allis,Kubyszek,akubyszekes@cnn.com,Female,$246987.31,719214967,IT
534,Steffie,Yurenin,syureninet@time.com,Female,$891921.81,167463761,CC
535,Ania,Wither,awithereu@opera.com,Female,$911883.65,156821359,IT
536,Lucian,Cato,lcatoev@latimes.com,Male,$193670.42,727031249,CC
537,Banky,Jarret,bjarretew@who.int,Male,$565354.86,87244954,CC
538,Timofei,Pretley,tpretleyex@seattletimes.com,Male,$116798.32,974656979,IT
539,Horatius,Gerardot,hgerardotey@techcrunch.com,Male,$508670.09,517303821,IT
540,Colline,Capron,ccapronez@spiegel.de,Female,$700869.54,370876526,CC
541,Lovell,Ashby,lashbyf0@fotki.com,Male,$532769.78,788057984,CC
542,Todd,Catherine,tcatherinef1@studiopress.com,Male,$605332.78,499304703,PP
543,Bev,Lowdiane,blowdianef2@nyu.edu,Female,$655082.91,338996826,CC
544,Baryram,Ferrillo,bferrillof3@topsy.com,Male,$261984.38,72195675,IT
545,Willa,Clarridge,wclarridgef4@rediff.com,Female,$543278.43,33227414,CC
546,Fifi,Athersmith,fathersmithf5@indiegogo.com,Female,$543649.06,276617866,CC
547,Bambi,Footer,bfooterf6@yolasite.com,Female,$237961.07,539984155,CC
548,Trev,Dorning,tdorningf7@wp.com,Male,$698001.05,848257725,PP
549,Modesta,Ivanovic,mivanovicf8@statcounter.com,Female,$218137.93,162658554,PP
550,Arabelle,Handaside,ahandasidef9@upenn.edu,Female,$364428.99,75134942,CC
551,Helyn,Manchett,hmanchettfa@themeforest.net,Female,$856606.40,857302894,CC
552,Grant,Antoniak,gantoniakfb@ycombinator.com,Male,$104664.64,912156631,PP
553,Enrique,Kimmince,ekimmincefc@t.co,Male,$871515.92,777342692,IT
554,Hedy,Standering,hstanderingfd@utexas.edu,Female,$778318.86,265975561,CC
555,Sebastian,Thornton,sthorntonfe@symantec.com,Male,$284076.82,597261167,PP
556,Jazmin,Fraschini,jfraschiniff@typepad.com,Female,$330317.64,127334457,CC
557,Saundra,Readings,sreadingsfg@google.com.au,Male,$670053.98,892291857,IT
558,Damaris,McCullouch,dmccullouchfh@sina.com.cn,Female,$862084.65,516444698,IT
559,Goldina,Paradin,gparadinfi@4shared.com,Female,$700092.38,842448586,PP
560,Christan,Golding,cgoldingfj@themeforest.net,Female,$944706.82,792804179,IT
561,Bax,Southon,bsouthonfk@jugem.jp,Male,$915687.93,990581315,CC
562,Theo,Snowding,tsnowdingfl@census.gov,Male,$951637.42,330396761,PP
563,Nertie,Jenner,njennerfm@prlog.org,Female,$493546.41,992407607,IT
564,Arturo,Bartod,abartodfn@scribd.com,Male,$253815.34,348323496,CC
565,Jerrylee,Tremble,jtremblefo@comcast.net,Female,$984490.34,106225519,CC
566,Faulkner,Bugg,fbuggfp@t-online.de,Male,$143515.15,683208289,PP
567,Hyman,Sturm,hsturmfq@g.co,Male,$981387.41,80227552,CC
568,Jessey,Hacquard,jhacquardfr@github.com,Male,$663924.20,352080541,IT
569,Adler,Jiracek,ajiracekfs@jiathis.com,Male,$718388.61,481850305,CC
570,Harold,Muress,hmuressft@infoseek.co.jp,Male,$764198.16,857340448,IT
571,Weber,MacUchadair,wmacuchadairfu@earthlink.net,Male,$266626.37,983605218,IT
572,Carroll,Karp,ckarpfv@economist.com,Male,$469048.42,690065673,PP
573,Tate,Fennessy,tfennessyfw@dell.com,Female,$682246.38,100322201,CC
574,Luce,Kristufek,lkristufekfx@netlog.com,Male,$337867.00,306252393,PP
575,Darby,Slimmon,dslimmonfy@telegraph.co.uk,Female,$515066.31,389065458,IT
576,Abie,Coker,acokerfz@indiatimes.com,Male,$569243.00,567763777,PP
577,Velma,Neiland,vneilandg0@abc.net.au,Female,$959880.50,975880159,PP
578,Burk,Marcroft,bmarcroftg1@craigslist.org,Male,$413538.00,1026928510,CC
579,Paule,Foxen,pfoxeng2@comcast.net,Female,$855069.57,174444493,IT
580,Lelah,Blaze,lblazeg3@devhub.com,Female,$567251.97,492502367,PP
581,Raleigh,Clarridge,rclarridgeg4@homestead.com,Male,$723572.29,956912281,PP
582,Loralyn,Tayspell,ltayspellg5@go.com,Female,$139969.19,494528465,CC
583,Marillin,Redsull,mredsullg6@icq.com,Female,$748103.97,716750531,PP
584,Gwenora,Henke,ghenkeg7@ucoz.ru,Female,$204616.82,951692603,PP
585,Hubey,Rosentholer,hrosentholerg8@godaddy.com,Male,$729571.31,272767544,CC
586,Jasmin,Raund,jraundg9@boston.com,Female,$439440.63,700407839,PP
587,Eachelle,Johananoff,ejohananoffga@npr.org,Female,$811385.52,132766072,CC
588,Celina,Bryden,cbrydengb@yelp.com,Female,$556204.02,455064233,PP
589,Gearard,Dericot,gdericotgc@ameblo.jp,Male,$683042.59,370466634,PP
590,Faber,Foreman,fforemangd@tuttocitta.it,Male,$154142.15,232996557,CC
591,Sheree,Kehri,skehrige@bravesites.com,Female,$434938.29,396563305,CC
592,Rudolfo,Elsegood,relsegoodgf@123-reg.co.uk,Male,$265171.47,146009995,PP
593,Riki,O'Gormally,rogormallygg@github.io,Female,$481039.66,679579943,PP
594,Robinet,Whitington,rwhitingtongh@wikipedia.org,Male,$448416.51,283948858,CC
595,Albertine,Goward,agowardgi@apple.com,Female,$267678.41,375181899,IT
596,Desmund,BoHlingolsen,dbohlingolsengj@ebay.com,Male,$144904.62,396948799,IT
597,Merwyn,McNair,mmcnairgk@sphinn.com,Male,$988356.99,825344869,IT
598,Cordell,Salmen,csalmengl@icq.com,Male,$616194.05,77715537,CC
599,Jo,Abrahamovitz,jabrahamovitzgm@ask.com,Male,$254559.79,187724132,PP
600,Bernice,Dunston,bdunstongn@wisc.edu,Female,$122700.04,1027028107,PP
601,Basilius,Heggadon,bheggadongo@un.org,Male,$412740.74,6041909,CC
602,Janene,Giurio,jgiuriogp@cdc.gov,Female,$968059.22,932756232,PP
603,Ferdinande,Gennerich,fgennerichgq@virginia.edu,Female,$976347.20,412951005,PP
604,Janine,Ronchi,jronchigr@eventbrite.com,Female,$469199.63,137932272,IT
605,Moira,O'Kinneally,mokinneallygs@arizona.edu,Female,$230708.16,668268394,IT
606,Berkly,Choke,bchokegt@whitehouse.gov,Male,$331530.65,936889257,CC
607,Bald,Geydon,bgeydongu@uol.com.br,Male,$419189.03,187258808,CC
608,Kylie,Ellcock,kellcockgv@stanford.edu,Male,$541039.14,553389466,PP
609,Lorettalorna,Lisimore,llisimoregw@senate.gov,Female,$793940.88,274352305,CC
610,Kellina,Sichardt,ksichardtgx@yolasite.com,Female,$107455.99,185681934,PP
611,Astrid,Parlor,aparlorgy@yellowpages.com,Female,$478358.37,837613482,PP
612,Claiborn,Themann,cthemanngz@wunderground.com,Male,$941904.04,429840959,IT
613,Jean,Mularkey,jmularkeyh0@myspace.com,Male,$120105.63,165799779,CC
614,Gauthier,Lawless,glawlessh1@prweb.com,Male,$886068.70,551784971,CC
615,Shamus,Cogar,scogarh2@nsw.gov.au,Male,$231110.16,417294437,IT
616,Blisse,Pearch,bpearchh3@4shared.com,Female,$166154.77,755412442,CC
617,Kennith,Hessentaler,khessentalerh4@spotify.com,Male,$963494.94,64785853,PP
618,Shurlocke,Stringman,sstringmanh5@uol.com.br,Male,$725917.40,214640658,IT
619,Even,Fluit,efluith6@1688.com,Male,$978808.62,729356140,CC
620,Caprice,Oxtaby,coxtabyh7@feedburner.com,Female,$441819.00,997316402,CC
621,Dallis,Sonner,dsonnerh8@mysql.com,Male,$267432.20,415978318,CC
622,Francisco,Lyddiard,flyddiardh9@ibm.com,Male,$705082.07,473195268,CC
623,Susi,Teasell,steasellha@sitemeter.com,Female,$958258.17,575819042,PP
624,Rubina,Bakesef,rbakesefhb@nytimes.com,Female,$445896.27,844970939,PP
625,Mil,Treneer,mtreneerhc@php.net,Female,$443526.43,124587654,CC
626,Willa,Chaikovski,wchaikovskihd@weibo.com,Female,$824385.23,819204208,IT
627,Rodge,Leming,rleminghe@rakuten.co.jp,Male,$391384.10,940617870,PP
628,Iorgo,Petr,ipetrhf@exblog.jp,Male,$331252.73,463165373,PP
629,Dionysus,Olman,dolmanhg@state.tx.us,Male,$699903.45,855150198,CC
630,Thurston,Eddowis,teddowishh@mit.edu,Male,$532700.05,471755725,CC
631,Christophorus,Leades,cleadeshi@biblegateway.com,Male,$958948.28,927653150,CC
632,Eustace,Mathis,emathishj@cnn.com,Male,$919994.37,911197153,IT
633,Roland,Phlippsen,rphlippsenhk@discuz.net,Male,$448076.51,1041759686,CC
634,Reamonn,Bordis,rbordishl@tiny.cc,Male,$743676.86,259054765,CC
635,Charley,Cayle,ccaylehm@ebay.com,Male,$199158.41,313605660,IT
636,Jeni,Fredson,jfredsonhn@ft.com,Female,$215324.16,43944339,PP
637,Franklin,Dewis,fdewisho@usnews.com,Male,$873952.82,970282658,CC
638,Arel,Fairhall,afairhallhp@1688.com,Male,$333245.97,691741163,PP
639,Vickie,Kneeland,vkneelandhq@businessinsider.com,Female,$122228.36,783585042,CC
640,Patrick,O'Riordan,poriordanhr@acquirethisname.com,Male,$227357.13,982504824,CC
641,Sharleen,Llewellyn,sllewellynhs@china.com.cn,Female,$953166.20,408805831,IT
642,Dallas,Gillion,dgillionht@statcounter.com,Female,$831529.77,520425247,PP
643,Roth,Allner,rallnerhu@washington.edu,Male,$359165.21,994003274,CC
644,Cody,Shrieve,cshrievehv@nationalgeographic.com,Male,$143243.63,1003861455,CC
645,Giuseppe,Clipston,gclipstonhw@biglobe.ne.jp,Male,$831778.44,752255599,PP
646,Selig,Leiden,sleidenhx@goo.ne.jp,Male,$612962.52,249179222,PP
647,Babb,Batrim,bbatrimhy@cafepress.com,Female,$469518.31,15524971,PP
648,Mollee,Seakin,mseakinhz@adobe.com,Female,$394013.79,204775628,CC
649,Tyne,Kettell,tkettelli0@guardian.co.uk,Female,$268814.59,360463307,CC
650,Shelagh,Pay,spayi1@amazonaws.com,Female,$190905.30,793317656,CC
651,Barbara-anne,Cromley,bcromleyi2@angelfire.com,Female,$185137.54,815270863,IT
652,Archer,McNeachtain,amcneachtaini3@reddit.com,Male,$959526.59,788479280,CC
653,Welby,MacUchadair,wmacuchadairi4@t-online.de,Male,$478442.64,382609790,IT
654,Allayne,Grinley,agrinleyi5@si.edu,Male,$296969.67,555198366,CC
655,Selby,Pilling,spillingi6@weather.com,Male,$118979.89,561020470,CC
656,Jim,Vuitte,jvuittei7@1688.com,Male,$293991.09,775463306,IT
657,Kingsly,Fosher,kfosheri8@dailymotion.com,Male,$239330.17,286618371,CC
658,Jud,Blondelle,jblondellei9@drupal.org,Male,$327388.84,285494908,CC
659,Evvie,Prinnett,eprinnettia@taobao.com,Female,$446866.02,853450759,IT
660,Cart,Ishchenko,cishchenkoib@lycos.com,Male,$828449.70,690681542,IT
661,Melanie,Greir,mgreiric@deliciousdays.com,Female,$945334.90,493265326,CC
662,Jean,Josefovic,jjosefovicid@reference.com,Female,$205629.01,954123710,IT
663,Doug,Kidman,dkidmanie@last.fm,Male,$476396.31,770079441,CC
664,Windham,Debrett,wdebrettif@sfgate.com,Male,$493950.23,900932450,PP
665,Morie,Kolodziej,mkolodziejig@issuu.com,Male,$466779.42,560436658,IT
666,Lonnard,Murrell,lmurrellih@stumbleupon.com,Male,$924586.42,792286393,IT
667,Ninnette,Rixon,nrixonii@reference.com,Female,$908690.56,45482250,CC
668,Polly,Jayne,pjayneij@loc.gov,Female,$550339.71,302071543,CC
669,Cody,Gooday,cgoodayik@ow.ly,Male,$399200.26,614037041,CC
670,Rafa,Lawtey,rlawteyil@wp.com,Female,$689102.53,560677507,PP
671,Zarah,Ghione,zghioneim@vistaprint.com,Female,$655018.30,365273464,PP
672,Itch,Albone,ialbonein@opera.com,Male,$251339.44,970983569,PP
673,Michel,Zannuto,mzannutoio@cyberchimps.com,Female,$657881.39,342434777,PP
674,Aretha,Schutt,aschuttip@xrea.com,Female,$204312.43,482486233,IT
675,Albrecht,Cawt,acawtiq@rediff.com,Male,$953596.50,112891145,CC
676,Neddie,Nickoll,nnickollir@simplemachines.org,Male,$771891.20,41745449,PP
677,Leoline,Gauge,lgaugeis@1688.com,Female,$646112.73,773739314,PP
678,Hirsch,Darter,hdarterit@quantcast.com,Male,$657523.07,544945240,PP
679,Sibby,Mangeot,smangeotiu@hud.gov,Female,$407131.79,547765317,PP
680,Aretha,Bailles,abaillesiv@etsy.com,Female,$229672.64,465004910,PP
681,Gustavo,Carous,gcarousiw@economist.com,Male,$454936.00,314810376,CC
682,Kingston,Annott,kannottix@people.com.cn,Male,$789709.59,567494299,IT
683,Tammie,Blyth,tblythiy@state.gov,Male,$977642.11,191505147,PP
684,Addy,Archbould,aarchbouldiz@japanpost.jp,Female,$750815.32,295345831,PP
685,Tomi,Stobbart,tstobbartj0@nba.com,Female,$181609.39,500545595,CC
686,Berny,Delue,bdeluej1@google.com.au,Male,$381529.80,105072900,CC
687,Agatha,Doherty,adohertyj2@irs.gov,Female,$156999.67,917729015,CC
688,Dino,Crippin,dcrippinj3@squarespace.com,Male,$190824.41,301700538,IT
689,Mehetabel,Ledgley,mledgleyj4@ehow.com,Female,$236849.43,408509264,CC
690,Tobias,Berkowitz,tberkowitzj5@issuu.com,Male,$198115.37,296737872,PP
691,Gallagher,Gammons,ggammonsj6@tmall.com,Male,$998426.47,584053371,IT
692,Annaliese,Heckner,ahecknerj7@princeton.edu,Female,$935030.43,732920237,IT
693,Kerry,Haug,khaugj8@sourceforge.net,Female,$555811.58,327455583,PP
694,Rudy,Matzkaitis,rmatzkaitisj9@google.pl,Male,$760818.75,540164856,PP
695,Barret,Turney,bturneyja@usnews.com,Male,$554849.29,98149302,IT
696,Bendite,Harroway,bharrowayjb@zimbio.com,Female,$787797.61,666801509,PP
697,Cosette,Bransdon,cbransdonjc@bandcamp.com,Female,$570143.30,1042191034,PP
698,Kitty,Faircloth,kfairclothjd@cam.ac.uk,Female,$633102.48,591821264,PP
699,Barbee,Syrad,bsyradje@ftc.gov,Female,$614147.21,467105244,PP
700,Ginnifer,Beathem,gbeathemjf@myspace.com,Female,$829315.00,745740738,CC
701,Ethel,Rubinsky,erubinskyjg@bloglines.com,Female,$437661.54,351843820,PP
702,Thadeus,Alven,talvenjh@csmonitor.com,Male,$423729.91,1048346208,IT
703,Bettina,Geertsen,bgeertsenji@illinois.edu,Female,$532924.52,62568480,IT
704,Novelia,Mavin,nmavinjj@cmu.edu,Female,$532127.17,200716757,PP
705,Alyosha,Nurcombe,anurcombejk@bravesites.com,Male,$201793.41,668221485,PP
706,Celisse,Paeckmeyer,cpaeckmeyerjl@sun.com,Female,$698367.60,427201166,CC
707,Janifer,Gronauer,jgronauerjm@webmd.com,Female,$540765.49,945217450,PP
708,Englebert,Malek,emalekjn@yahoo.com,Male,$718422.59,738481450,CC
709,Adrianna,Exelby,aexelbyjo@sciencedaily.com,Female,$462539.31,627486856,PP
710,Othelia,Tinklin,otinklinjp@spotify.com,Female,$642280.13,11157440,PP
711,Konrad,Berkeley,kberkeleyjq@adobe.com,Male,$200401.25,384164707,IT
712,Mommy,Cremen,mcremenjr@xrea.com,Female,$326112.28,171929387,PP
713,Maximo,McBryde,mmcbrydejs@addtoany.com,Male,$793176.01,407434748,IT
714,Yolanthe,Bowkley,ybowkleyjt@godaddy.com,Female,$445436.01,202213461,CC
715,Sawyere,Gilliam,sgilliamju@sogou.com,Male,$249332.41,84632650,CC
716,Karia,Haskins,khaskinsjv@pinterest.com,Female,$214087.15,243788904,CC
717,Carmela,Iacobacci,ciacobaccijw@aol.com,Female,$208346.01,804585918,CC
718,Marlene,Abelov,mabelovjx@goo.gl,Female,$885609.63,19519968,CC
719,Nesta,Lovekin,nlovekinjy@msn.com,Female,$478946.63,916067929,IT
720,Saunders,Hyndman,shyndmanjz@plala.or.jp,Male,$589289.86,695902431,CC
721,Diahann,Chumley,dchumleyk0@mlb.com,Female,$720172.95,478744398,PP
722,Carey,Goodbur,cgoodburk1@themeforest.net,Male,$147271.00,925785250,CC
723,Donal,Tullis,dtullisk2@homestead.com,Male,$380377.54,662558736,IT
724,Kari,Cluett,kcluettk3@goodreads.com,Female,$503522.07,925062306,IT
725,Martainn,Cops,mcopsk4@soundcloud.com,Male,$846242.39,1036853110,IT
726,Caria,Colvill,ccolvillk5@seattletimes.com,Female,$870257.30,1007426164,PP
727,Adella,Lelliott,alelliottk6@omniture.com,Female,$291305.21,1048520545,PP
728,Bear,Ianittello,bianittellok7@nyu.edu,Male,$178155.69,862615086,CC
729,Slade,Lown,slownk8@imdb.com,Male,$285241.39,392727803,PP
730,Silvain,Pounsett,spounsettk9@epa.gov,Male,$122502.03,74198120,CC
731,Roman,Banat,rbanatka@wunderground.com,Male,$149622.44,296578213,CC
732,Spenser,Bremond,sbremondkb@nytimes.com,Male,$340874.08,327895304,CC
733,Bealle,Scedall,bscedallkc@wordpress.com,Male,$744486.48,873195180,CC
734,Timmie,Dunkerton,tdunkertonkd@huffingtonpost.com,Male,$782351.01,551390520,CC
735,Amory,Outright,aoutrightke@smugmug.com,Male,$441800.77,739915068,IT
736,Florinda,Kinghorn,fkinghornkf@ucsd.edu,Female,$995641.45,1045207805,IT
737,Zorah,Gothrup,zgothrupkg@icq.com,Female,$490312.68,873177132,IT
738,Farlay,Darbishire,fdarbishirekh@time.com,Male,$775364.89,928232681,PP
739,Koo,Colbourn,kcolbournki@com.com,Female,$960682.45,601305454,IT
740,Ammamaria,Hamshaw,ahamshawkj@epa.gov,Female,$766564.49,345906290,IT
741,Jean,Asling,jaslingkk@is.gd,Female,$590608.25,504441702,PP
742,Roarke,Findlay,rfindlaykl@slate.com,Male,$336576.35,653745409,IT
743,Kimble,Laytham,klaythamkm@sun.com,Male,$742156.51,349569962,PP
744,Audrey,Billo,abillokn@reference.com,Female,$543694.94,710916122,PP
745,Sayer,Wormell,swormellko@linkedin.com,Male,$478098.65,689255279,IT
746,Katine,Tonsley,ktonsleykp@themeforest.net,Female,$451474.37,197300881,PP
747,Sancho,Katt,skattkq@businessinsider.com,Male,$703252.36,1025258519,PP
748,Madelina,Slimon,mslimonkr@uol.com.br,Female,$938421.56,582301330,CC
749,Caren,Dovermann,cdovermannks@gravatar.com,Female,$547197.06,582953647,PP
750,Zsazsa,Jahnisch,zjahnischkt@unc.edu,Female,$573365.81,944816818,PP
751,Alana,Carrol,acarrolku@theguardian.com,Female,$678618.87,62888748,CC
752,Julita,Longstreet,jlongstreetkv@icq.com,Female,$762376.79,414296222,CC
753,Maryjo,Harbron,mharbronkw@digg.com,Female,$226767.08,636756677,CC
754,Benoit,Sivier,bsivierkx@cloudflare.com,Male,$666328.61,200487331,CC
755,Annabal,Kalkhoven,akalkhovenky@yolasite.com,Female,$547732.41,99093422,PP
756,Neal,Teers,nteerskz@whitehouse.gov,Male,$159471.61,566623608,IT
757,Clare,Efford,ceffordl0@wisc.edu,Male,$930761.05,1023332191,CC
758,Jameson,Barrand,jbarrandl1@mayoclinic.com,Male,$707276.18,589665458,CC
759,Correy,Stedson,cstedsonl2@wiley.com,Male,$955077.19,672306715,PP
760,Chad,Chew,cchewl3@dailymotion.com,Male,$750003.05,16391430,PP
761,Barrie,Sutherland,bsutherlandl4@i2i.jp,Female,$781792.97,536666645,PP
762,Salaidh,Marlowe,smarlowel5@theatlantic.com,Female,$132653.05,324644179,PP
763,Josepha,Millott,jmillottl6@state.tx.us,Female,$384237.77,699196229,PP
764,Babita,Fripps,bfrippsl7@studiopress.com,Female,$152840.07,401537871,IT
765,Jaye,Wrate,jwratel8@cargocollective.com,Male,$911401.62,795686796,CC
766,Prudence,Gingel,pgingell9@guardian.co.uk,Female,$465226.52,42531356,CC
767,Bran,Curran,bcurranla@flickr.com,Male,$577519.26,714451672,IT
768,Susanna,Oxbe,soxbelb@irs.gov,Female,$882343.13,366573564,PP
769,Hermann,Dunkerley,hdunkerleylc@xrea.com,Male,$218955.17,61022702,CC
770,Hanan,Follan,hfollanld@earthlink.net,Male,$579748.77,804509709,IT
771,Tildy,Skittrall,tskittrallle@nbcnews.com,Female,$789840.95,54668141,CC
772,Cozmo,McLarens,cmclarenslf@live.com,Male,$860829.30,742137208,IT
773,Rikki,Richfield,rrichfieldlg@squidoo.com,Female,$290329.01,159345591,PP
774,Edouard,Rigge,eriggelh@redcross.org,Male,$149120.33,161545581,CC
775,Winny,Creddon,wcreddonli@jiathis.com,Male,$114293.46,682555254,CC
776,Eric,Pasquale,epasqualelj@wikimedia.org,Male,$823473.85,894122834,IT
777,Rich,Girault,rgiraultlk@google.de,Male,$684089.43,684072015,PP
778,Charleen,Amort,camortll@blogtalkradio.com,Female,$810080.71,559245045,PP
779,Jacobo,Imesson,jimessonlm@scientificamerican.com,Male,$295912.66,612559788,IT
780,Ingra,Philp,iphilpln@drupal.org,Male,$942709.22,554090100,IT
781,Wrennie,Bracegirdle,wbracegirdlelo@php.net,Female,$218250.21,691022242,CC
782,Ailsun,Goshawke,agoshawkelp@gnu.org,Female,$959605.95,387820378,PP
783,Frannie,Andretti,fandrettilq@berkeley.edu,Female,$682540.43,186449040,CC
784,Esther,Escala,eescalalr@narod.ru,Female,$463895.16,62023174,CC
785,Erv,Kilgrove,ekilgrovels@stumbleupon.com,Male,$174914.88,205958843,PP
786,Bradan,Johnys,bjohnyslt@altervista.org,Male,$524245.10,216825573,CC
787,Tammy,Saurin,tsaurinlu@cyberchimps.com,Female,$430378.11,774755323,PP
788,Elberta,Gianelli,egianellilv@mysql.com,Female,$311816.84,51790970,CC
789,Nonie,Gisburne,ngisburnelw@ning.com,Female,$907564.45,923829972,CC
790,Dyane,McLanachan,dmclanachanlx@ft.com,Female,$236097.57,100006652,PP
791,Diena,MacKaig,dmackaigly@technorati.com,Female,$183566.57,691115719,PP
792,Cody,Baudou,cbaudoulz@nydailynews.com,Male,$511439.57,537279103,CC
793,Hobard,Hampton,hhamptonm0@usa.gov,Male,$868090.69,403583823,IT
794,Carlota,Loins,cloinsm1@gizmodo.com,Female,$875958.55,817334946,CC
795,Boycey,Hazle,bhazlem2@chronoengine.com,Male,$478794.24,206141082,IT
796,Andrew,Lord,alordm3@msn.com,Male,$614419.20,860056610,PP
797,Rayshell,Mulbery,rmulberym4@free.fr,Female,$484948.75,540352046,IT
798,Kendrick,Taggert,ktaggertm5@altervista.org,Male,$888767.49,193574168,IT
799,Logan,Nassey,lnasseym6@blogs.com,Male,$471908.72,609392287,CC
800,Saree,Hens,shensm7@uiuc.edu,Female,$247086.97,641583952,CC
801,Artemis,Heisham,aheishamm8@ycombinator.com,Male,$247951.20,645373998,IT
802,Eb,Ribeiro,eribeirom9@nyu.edu,Male,$848241.46,249397380,PP
803,Waring,Andreucci,wandreuccima@va.gov,Male,$980287.49,885415766,PP
804,Georgetta,Bengochea,gbengocheamb@squidoo.com,Female,$348841.77,1033947240,PP
805,Gregorius,Crufts,gcruftsmc@xrea.com,Male,$766529.81,411887248,CC
806,Wanids,Possa,wpossamd@storify.com,Female,$346366.89,696555706,IT
807,Gideon,Massot,gmassotme@wikimedia.org,Male,$945874.96,542811648,CC
808,Marieann,Burbudge,mburbudgemf@mit.edu,Female,$406466.09,248190889,CC
809,Dolorita,Haddington,dhaddingtonmg@altervista.org,Female,$676763.44,537355236,CC
810,Lenore,Liddy,lliddymh@indiatimes.com,Female,$267390.75,816448246,CC
811,Ardyce,Chave,achavemi@1688.com,Female,$700924.43,423487267,IT
812,Eimile,Begent,ebegentmj@businessweek.com,Female,$303261.49,1021880947,CC
813,Nadeen,Happer,nhappermk@hao123.com,Female,$157830.81,808001487,PP
814,Andria,Doust,adoustml@deliciousdays.com,Female,$584246.53,812142251,IT
815,Berkeley,Jordeson,bjordesonmm@moonfruit.com,Male,$670107.04,742786979,PP
816,Zandra,Bluck,zbluckmn@sogou.com,Female,$181202.57,443613891,CC
817,Willabella,Bithany,wbithanymo@surveymonkey.com,Female,$185642.31,485742687,CC
818,Sorcha,McLelland,smclellandmp@tinyurl.com,Female,$483974.82,407930381,CC
819,Zak,Tantrum,ztantrummq@cocolog-nifty.com,Male,$189820.34,501710537,PP
820,Carol-jean,Eastop,ceastopmr@toplist.cz,Female,$191408.92,630677980,CC
821,Isabella,Skein,iskeinms@pcworld.com,Female,$815185.47,39912431,IT
822,Florina,Giorgione,fgiorgionemt@goo.gl,Female,$880184.26,446594832,PP
823,Evelyn,Pontin,epontinmu@mapy.cz,Male,$263549.76,521043474,IT
824,Alberik,Newgrosh,anewgroshmv@goo.gl,Male,$947652.89,523052404,CC
825,Nolana,Dedenham,ndedenhammw@ehow.com,Female,$196883.71,956513590,PP
826,Yolande,Wharram,ywharrammx@weather.com,Female,$662204.22,78575775,PP
827,Tommy,Dyter,tdytermy@blogger.com,Male,$455889.19,382541701,PP
828,Langston,Eady,leadymz@wunderground.com,Male,$832221.31,482270704,PP
829,Agosto,Tocknell,atocknelln0@nba.com,Male,$349499.10,717203254,PP
830,Gaynor,Vogelein,gvogeleinn1@google.co.jp,Female,$705318.24,387365222,PP
831,Elwyn,Duns,edunsn2@twitter.com,Male,$395788.96,485241401,IT
832,Eugene,Keattch,ekeattchn3@apache.org,Male,$187577.35,652461069,IT
833,Parsifal,Callen,pcallenn4@google.it,Male,$962186.05,23823069,PP
834,Phaidra,Bowen,pbowenn5@hibu.com,Female,$974795.79,441069118,CC
835,Maurine,Rodge,mrodgen6@goodreads.com,Female,$839679.92,1040126834,IT
836,Carlota,Bartlomieczak,cbartlomieczakn7@liveinternet.ru,Female,$674541.67,104529341,IT
837,Sharl,Piddlesden,spiddlesdenn8@yahoo.com,Female,$661996.50,110646262,CC
838,Danica,Lyle,dlylen9@answers.com,Female,$915814.25,643116232,IT
839,Merrel,Prando,mprandona@weather.com,Male,$590528.59,608971073,CC
840,Brand,Thirkettle,bthirkettlenb@geocities.jp,Male,$861054.17,674348217,PP
841,Mortimer,Searight,msearightnc@furl.net,Male,$697450.61,806528524,CC
842,Guinevere,Wimp,gwimpnd@hexun.com,Female,$755954.97,459260373,IT
843,Trenton,Musso,tmussone@ft.com,Male,$821584.28,149377632,IT
844,Ibbie,Vanyard,ivanyardnf@devhub.com,Female,$153531.59,860119971,PP
845,Forester,Popple,fpoppleng@apple.com,Male,$875552.72,681497930,PP
846,Idalia,Ayto,iaytonh@paypal.com,Female,$647111.61,509510086,CC
847,Dulcia,Tatlow,dtatlowni@sciencedaily.com,Female,$504857.51,423191683,IT
848,Gianna,Hadlington,ghadlingtonnj@columbia.edu,Female,$877095.01,663725128,PP
849,Luciana,Youtead,lyouteadnk@toplist.cz,Female,$401778.36,829829822,PP
850,Daria,Zimmermanns,dzimmermannsnl@bloomberg.com,Female,$275944.10,433848592,PP
851,Dulce,Shepperd,dshepperdnm@loc.gov,Female,$263290.02,1028789793,PP
852,Beverly,Whitear,bwhitearnn@google.fr,Female,$706233.37,360574312,PP
853,Lem,Forten,lfortenno@yahoo.co.jp,Male,$235588.83,221326121,PP
854,Janek,Vain,jvainnp@ibm.com,Male,$680681.81,441212475,IT
855,Bent,Jiracek,bjiraceknq@intel.com,Male,$111087.61,394196943,PP
856,Ketty,Heardman,kheardmannr@yale.edu,Female,$910779.83,234123050,PP
857,Cathyleen,Swettenham,cswettenhamns@sakura.ne.jp,Female,$395377.04,683148397,IT
858,Edmund,Zmitrichenko,ezmitrichenkont@shop-pro.jp,Male,$166529.36,343563086,CC
859,Dre,Nizet,dnizetnu@census.gov,Female,$744091.26,224423011,IT
860,Chadd,McDyer,cmcdyernv@google.ru,Male,$114311.01,968104757,CC
861,Zola,Smee,zsmeenw@biblegateway.com,Female,$291471.45,8032704,CC
862,Marmaduke,Golightly,mgolightlynx@sphinn.com,Male,$872442.61,865476861,CC
863,Tamarah,Hamsson,thamssonny@umn.edu,Female,$107762.89,11520399,IT
864,Ken,Webborn,kwebbornnz@facebook.com,Male,$256151.90,917889792,CC
865,Park,Riddiough,priddiougho0@columbia.edu,Male,$664594.54,998232057,CC
866,Demetris,Churchward,dchurchwardo1@squarespace.com,Male,$101512.12,638414082,PP
867,Rupert,Featherston,rfeatherstono2@reuters.com,Male,$819465.48,194287025,CC
868,Jud,Sharpley,jsharpleyo3@istockphoto.com,Male,$954068.34,914805051,CC
869,Rubina,Pates,rpateso4@trellian.com,Female,$231183.83,249515838,PP
870,Clary,Barstock,cbarstocko5@theguardian.com,Female,$539110.80,1006647668,CC
871,Arnoldo,Shakspeare,ashakspeareo6@princeton.edu,Male,$584531.13,391796806,CC
872,Sherye,Folker,sfolkero7@macromedia.com,Female,$870252.82,1018280858,IT
873,Robinet,Petofi,rpetofio8@bravesites.com,Female,$269898.49,394019783,IT
874,Hammad,Smallpiece,hsmallpieceo9@archive.org,Male,$413980.56,230666978,PP
875,Gino,Hawkswood,ghawkswoodoa@qq.com,Male,$321041.10,324354661,PP
876,Bjorn,Drabble,bdrabbleob@ameblo.jp,Male,$624766.39,645751258,IT
877,Phaidra,Sweedland,psweedlandoc@theglobeandmail.com,Female,$806407.43,183037158,PP
878,Clemmie,Tirkin,ctirkinod@ustream.tv,Female,$273103.59,654716960,CC
879,Baily,Mullett,bmullettoe@geocities.jp,Male,$815049.70,208581491,PP
880,Yorgos,Btham,ybthamof@boston.com,Male,$908051.62,984396776,CC
881,Sayre,Settle,ssettleog@buzzfeed.com,Female,$532443.65,318873791,CC
882,Kenton,Feeley,kfeeleyoh@fda.gov,Male,$993645.16,68198910,PP
883,Caryl,Waskett,cwaskettoi@com.com,Female,$383382.05,223868841,IT
884,Ronnie,Beadnell,rbeadnelloj@alibaba.com,Male,$863706.70,68155056,CC
885,Claudetta,Laws,clawsok@disqus.com,Female,$975372.12,384146924,CC
886,Walt,O'Kinedy,wokinedyol@artisteer.com,Male,$634892.80,679933059,CC
887,Jasmin,Lunt,jluntom@seattletimes.com,Female,$849156.27,299233889,IT
888,Demetris,Dunckley,ddunckleyon@cdbaby.com,Female,$706039.84,292246677,IT
889,Gib,Girhard,ggirhardoo@dagondesign.com,Male,$333147.67,653313231,IT
890,Dewie,Dinsmore,ddinsmoreop@eventbrite.com,Male,$318365.95,1039154004,IT
891,Johanna,Luscombe,jluscombeoq@amazon.co.uk,Female,$354227.51,300171468,IT
892,Fidela,Aveline,favelineor@ezinearticles.com,Female,$252800.55,617871150,IT
893,Matilda,Crockley,mcrockleyos@berkeley.edu,Female,$722004.42,569852981,PP
894,Cullin,Adlard,cadlardot@newsvine.com,Male,$400973.36,996761346,IT
895,Dorie,Ghion,dghionou@unc.edu,Female,$560372.13,501043934,CC
896,Gerry,Warre,gwarreov@stanford.edu,Male,$101395.90,440426144,IT
897,Doroteya,Dangl,ddanglow@umich.edu,Female,$648560.96,79274411,IT
898,Anatola,Dadge,adadgeox@discuz.net,Female,$315746.65,748846368,IT
899,Danice,Brodley,dbrodleyoy@google.ca,Female,$643256.26,940573914,IT
900,Abraham,Cove,acoveoz@infoseek.co.jp,Male,$688120.59,841332390,PP
901,Prudi,Daubeny,pdaubenyp0@loc.gov,Female,$290223.25,430540743,IT
902,Joni,Westmerland,jwestmerlandp1@topsy.com,Female,$214274.94,222882824,PP
903,Emery,Tite,etitep2@jalbum.net,Male,$583315.65,439363107,PP
904,Charlena,covino,ccovinop3@hostgator.com,Female,$963890.65,256655114,IT
905,Fairlie,Gilling,fgillingp4@etsy.com,Male,$142917.84,582929994,IT
906,Chevalier,Howes,chowesp5@vinaora.com,Male,$430355.04,876703740,PP
907,Cally,Hoggan,chogganp6@independent.co.uk,Female,$322349.49,305422761,PP
908,Ludvig,Birkin,lbirkinp7@dot.gov,Male,$660575.67,510968346,PP
909,Catlee,Brownrigg,cbrownriggp8@altervista.org,Female,$428269.73,230175123,IT
910,Benetta,Seeney,bseeneyp9@studiopress.com,Female,$891260.35,316654810,IT
911,Leola,Deekes,ldeekespa@bbc.co.uk,Female,$740831.08,621325553,PP
912,Andras,Clive,aclivepb@imdb.com,Male,$883725.60,1041314600,IT
913,Wallie,Pietron,wpietronpc@people.com.cn,Female,$494337.23,347840773,PP
914,Cherie,Giffin,cgiffinpd@webnode.com,Female,$817648.83,258367941,CC
915,Selena,Loach,sloachpe@globo.com,Female,$549284.68,952941682,IT
916,Wake,Bansal,wbansalpf@live.com,Male,$731854.86,844981516,IT
917,Susy,Whife,swhifepg@ebay.co.uk,Female,$548737.50,51240532,PP
918,Jacky,Kernes,jkernesph@senate.gov,Female,$677764.07,422295238,IT
919,Nilson,Fiddyment,nfiddymentpi@independent.co.uk,Male,$446177.09,330164629,IT
920,Cosmo,Spiring,cspiringpj@cpanel.net,Male,$897070.25,12463259,PP
921,Kelcie,Martensen,kmartensenpk@npr.org,Female,$448324.37,83789954,PP
922,Locke,Bugs,lbugspl@umn.edu,Male,$286613.67,730355277,CC
923,Charlot,Tatersale,ctatersalepm@latimes.com,Female,$801017.64,271456629,CC
924,Darren,Tompkiss,dtompkisspn@princeton.edu,Male,$286812.93,576370008,CC
925,Aurthur,Topp,atopppo@dailymail.co.uk,Male,$915420.64,207299978,IT
926,Laure,Biaggetti,lbiaggettipp@furl.net,Female,$417826.84,695310833,IT
927,Riki,Patrono,rpatronopq@earthlink.net,Female,$339309.64,387108942,PP
928,Ursulina,Biggerdike,ubiggerdikepr@paypal.com,Female,$203824.41,629604165,CC
929,Mindy,Nendick,mnendickps@devhub.com,Female,$236416.69,968023494,CC
930,Eddy,Thrift,ethriftpt@opera.com,Male,$793552.39,311072719,IT
931,Evvie,Zisneros,ezisnerospu@wp.com,Female,$778704.99,683847553,IT
932,Elisha,Baldin,ebaldinpv@disqus.com,Male,$575299.59,750537985,IT
933,Arvy,Curston,acurstonpw@yale.edu,Male,$655457.90,303656367,PP
934,Moises,Echallier,mechallierpx@symantec.com,Male,$289655.12,199286357,IT
935,Gareth,Saphir,gsaphirpy@merriam-webster.com,Male,$103846.04,193336800,PP
936,Flint,Bernardos,fbernardospz@woothemes.com,Male,$622618.77,310772965,IT
937,Leroy,Grenshields,lgrenshieldsq0@clickbank.net,Male,$905266.20,1046571199,PP
938,Maximilianus,Gislebert,mgislebertq1@mtv.com,Male,$496386.39,455405086,CC
939,Camilla,McCardle,cmccardleq2@auda.org.au,Female,$872659.55,76705168,CC
940,Flynn,Lichfield,flichfieldq3@latimes.com,Male,$482509.47,721003402,CC
941,Zared,Laite,zlaiteq4@360.cn,Male,$848959.92,51406518,CC
942,Arlan,Turley,aturleyq5@google.nl,Male,$745705.64,333419123,IT
943,Janean,Aery,jaeryq6@latimes.com,Female,$153732.84,660273571,PP
944,Jo,McPhee,jmcpheeq7@discovery.com,Female,$917637.09,875270810,PP
945,Iggie,Yersin,iyersinq8@salon.com,Male,$984355.20,53077805,IT
946,Jelene,Ziemecki,jziemeckiq9@admin.ch,Female,$375536.07,328914851,IT
947,Donni,Betty,dbettyqa@icio.us,Female,$956213.10,848732638,IT
948,Cassey,Consterdine,cconsterdineqb@storify.com,Female,$919730.53,20749169,PP
949,Forbes,Metterick,fmetterickqc@si.edu,Male,$998369.89,757506216,PP
950,Renault,Pfaffe,rpfaffeqd@slideshare.net,Male,$231804.49,1010421182,IT
951,Rozella,Million,rmillionqe@zdnet.com,Female,$965642.80,566399837,PP
952,Danyette,Winskill,dwinskillqf@europa.eu,Female,$686012.03,833802090,CC
953,Ulrich,Tumpane,utumpaneqg@tumblr.com,Male,$544065.21,710985718,PP
954,Kristel,Degoey,kdegoeyqh@hexun.com,Female,$929385.77,454621520,IT
955,Mikey,Kerner,mkernerqi@scribd.com,Male,$655994.68,556623269,CC
956,Carline,Eayrs,ceayrsqj@nsw.gov.au,Female,$293533.84,993321080,IT
957,Jonell,Renon,jrenonqk@pinterest.com,Female,$540687.51,323538090,CC
958,Tiffi,Henriksson,thenrikssonql@ask.com,Female,$173072.65,524586626,PP
959,Giraud,Zanetello,gzanetelloqm@engadget.com,Male,$815668.79,386038727,PP
960,Nissy,Moncreif,nmoncreifqn@ox.ac.uk,Female,$227116.85,442879062,IT
961,Michel,Gunthorp,mgunthorpqo@oracle.com,Male,$879432.53,777849341,PP
962,Bonnie,Chadburn,bchadburnqp@reuters.com,Female,$102290.20,160568346,PP
963,Guido,Etter,getterqq@ustream.tv,Male,$335386.29,951204593,PP
964,Caryl,Crampsy,ccrampsyqr@army.mil,Male,$159478.67,1015298061,IT
965,Phillis,Beiderbeck,pbeiderbeckqs@hp.com,Female,$888789.33,615535646,CC
966,Adelaide,Hightown,ahightownqt@sphinn.com,Female,$773130.22,48006911,CC
967,Bron,Stove,bstovequ@nationalgeographic.com,Male,$488890.07,222819314,PP
968,Edd,Rain,erainqv@go.com,Male,$473435.56,902753070,PP
969,Phillipp,Duguid,pduguidqw@cyberchimps.com,Male,$988202.10,622062068,CC
970,Cliff,Rummer,crummerqx@pcworld.com,Male,$210264.38,590850133,PP
971,Kirk,Aarons,kaaronsqy@berkeley.edu,Male,$474910.74,500423754,PP
972,Randal,Maxstead,rmaxsteadqz@stumbleupon.com,Male,$568223.90,548823394,CC
973,Lesley,Bluck,lbluckr0@cdc.gov,Male,$470446.72,623011303,PP
974,Kevin,Michin,kmichinr1@newsvine.com,Male,$667969.11,726619612,CC
975,Germana,Hargrave,ghargraver2@nifty.com,Female,$539571.06,775073713,IT
976,Karrie,Hague,khaguer3@vistaprint.com,Female,$757440.98,457804939,PP
977,Giovanni,Rennie,grennier4@hexun.com,Male,$606791.42,1022758925,CC
978,Julie,Fouldes,jfouldesr5@fotki.com,Male,$946521.87,857773498,CC
979,Dwayne,Farrens,dfarrensr6@wikispaces.com,Male,$927534.87,454901666,CC
980,Brittany,Nangle,bnangler7@opera.com,Female,$726327.91,199008910,PP
981,Arte,Edland,aedlandr8@friendfeed.com,Male,$134849.15,753468755,PP
982,Aubine,Phippard,aphippardr9@washington.edu,Female,$511107.71,990529503,IT
983,Leonora,Simion,lsimionra@shutterfly.com,Female,$348813.34,365162329,IT
984,Freddy,Van Son,fvansonrb@ucla.edu,Male,$629761.34,1011099984,PP
985,Florentia,Willett,fwillettrc@usa.gov,Female,$617327.34,857216304,CC
986,Adeline,Hunnybun,ahunnybunrd@spotify.com,Female,$153793.15,730053787,IT
987,Jenilee,Readmire,jreadmirere@bbc.co.uk,Female,$990054.26,532465060,IT
988,Stan,Purdey,spurdeyrf@gov.uk,Male,$538046.73,383937868,PP
989,Erena,Daveren,edaverenrg@newyorker.com,Female,$553937.35,905041813,PP
990,Galen,Ghidelli,gghidellirh@virginia.edu,Male,$943854.25,250377553,CC
991,Mary,Tenney,mtenneyri@domainmarket.com,Female,$458897.74,668791639,CC
992,Esteban,Rainy,erainyrj@hc360.com,Male,$898028.82,483562292,IT
993,Halsy,Lonergan,hlonerganrk@fema.gov,Male,$837160.44,544686981,CC
994,Wendie,Harriman,wharrimanrl@comsenz.com,Female,$443557.22,660472892,CC
995,Mureil,Norgan,mnorganrm@123-reg.co.uk,Female,$807310.37,102801092,PP
996,Priscilla,Bendan,pbendanrn@cbsnews.com,Female,$725879.51,669263506,CC
997,Josefina,Closs,jclossro@sakura.ne.jp,Female,$859552.37,271870451,PP
998,Neill,Tuffey,ntuffeyrp@nasa.gov,Male,$762546.69,489466458,IT
999,Wildon,Skeemer,wskeemerrq@cbsnews.com,Male,$209595.37,932907380,PP
1000,Agnesse,Ravens,aravensrr@constantcontact.com,Female,$264229.16,789715323,PP
