id,nombre,apellido,email,genero,valor_tx,numero_identificacion,tipo_identificacion
1,Mordecai,Simmig,msimmig0@qq.com,Male,$660460.27,788055073,CC
2,Morty,Mill,mmill1@yellowbook.com,Male,$509665.49,269259339,PP
3,Ethelred,Spivey,espivey2@tumblr.com,Male,$926861.63,105912256,IT
4,Craggy,Blackmuir,cblackmuir3@theguardian.com,Male,$967976.51,398294324,IT
5,Niall,Ilewicz,nilewicz4@jiathis.com,Male,$698874.34,693747466,PP
6,Markus,Gindghill,mgindghill5@list-manage.com,Male,$222276.47,653354345,PP
7,Pippo,Madge,pmadge6@facebook.com,Male,$240100.24,442722417,PP
8,Adelle,Lilie,alilie7@free.fr,Female,$751625.30,277013362,IT
9,Dacy,Lakin,dlakin8@hexun.com,Female,$119102.16,947998206,PP
10,Hewie,Schoolfield,hschoolfield9@prweb.com,Male,$268397.27,530582166,IT
11,Forrest,Annell,fannella@wordpress.org,Male,$883669.58,308999704,CC
12,Annabel,Southway,asouthwayb@dyndns.org,Female,$643911.34,178989595,IT
13,Brittne,Burchnall,bburchnallc@sciencedaily.com,Female,$125693.99,30946075,CC
14,Tootsie,Jacquemy,tjacquemyd@surveymonkey.com,Female,$498187.64,820217377,CC
15,Hyacinthia,Holdron,hholdrone@symantec.com,Female,$199291.99,534407342,CC
16,Deane,Farnie,dfarnief@dion.ne.jp,Male,$334467.81,737171868,IT
17,Jamal,Sloat,jsloatg@sogou.com,Male,$547236.52,496401741,PP
18,Karlik,Audibert,kaudiberth@prnewswire.com,Male,$846607.50,19818302,CC
19,Tod,Roycraft,troycrafti@google.pl,Male,$185931.71,286967286,IT
20,Harwilll,Brecken,hbreckenj@latimes.com,Male,$983754.05,795082572,CC
21,Harald,Hugnet,hhugnetk@ameblo.jp,Male,$303981.43,32299538,PP
22,Burr,Pedlow,bpedlowl@wisc.edu,Male,$624824.45,700680698,IT
23,Jarrad,Lummis,jlummism@timesonline.co.uk,Male,$695848.12,996181292,CC
24,Ileana,Ivashin,iivashinn@1und1.de,Female,$738098.07,538199808,IT
25,Noni,Oag,noago@eventbrite.com,Female,$565575.99,209064275,PP
26,Juan,Berresford,jberresfordp@yellowbook.com,Male,$458346.85,541511558,PP
27,Chariot,Hannibal,channibalq@acquirethisname.com,Male,$302251.90,199996947,IT
28,Jeanna,Mixter,jmixterr@topsy.com,Female,$238746.36,28181910,PP
29,Rhonda,Espinola,respinolas@themeforest.net,Female,$726394.14,440997141,IT
30,Antonietta,Lamlin,alamlint@youtube.com,Female,$178209.08,152067212,IT
31,Nealy,Bartolomeoni,nbartolomeoniu@biglobe.ne.jp,Male,$783330.61,561056592,PP
32,Arthur,Binton,abintonv@github.io,Male,$662251.29,61482403,PP
33,Sheila,MacClenan,smacclenanw@netvibes.com,Female,$973664.89,146611210,IT
34,Vachel,Reasun,vreasunx@lycos.com,Male,$150700.89,381346448,IT
35,Marietta,Newart,mnewarty@booking.com,Male,$870466.93,348661392,PP
36,Gabbi,Deaconson,gdeaconsonz@biblegateway.com,Female,$769369.74,691444509,IT
37,Harvey,Assad,hassad10@pen.io,Male,$160632.95,699361151,IT
38,Taber,Taks,ttaks11@un.org,Male,$635863.50,286351103,CC
39,Noland,Rives,nrives12@usa.gov,Male,$178207.75,307759030,IT
40,Eleanore,Muzzillo,emuzzillo13@pinterest.com,Female,$974946.79,284131746,CC
41,Dotty,Tillyer,dtillyer14@e-recht24.de,Female,$162903.51,1027690962,IT
42,Haze,Sivier,hsivier15@amazon.co.uk,Male,$885337.69,375957682,IT
43,Hube,Faulconer,hfaulconer16@cargocollective.com,Male,$485442.42,53923607,PP
44,Panchito,Spedding,pspedding17@liveinternet.ru,Male,$542337.57,1022656152,PP
45,Joell,Callis,jcallis18@amazon.com,Female,$343001.39,493762767,IT
46,Daune,Bloschke,dbloschke19@angelfire.com,Female,$530734.50,279232201,PP
47,Chris,Gidman,cgidman1a@stanford.edu,Female,$525233.28,711873816,CC
48,Cristian,Castagnone,ccastagnone1b@canalblog.com,Male,$759207.31,302087365,PP
49,Hurley,Redsell,hredsell1c@de.vu,Male,$990980.54,635241260,PP
50,Carline,Potkins,cpotkins1d@disqus.com,Female,$509903.26,263899826,IT
51,Rosita,Augur,raugur1e@scribd.com,Female,$152794.22,59336037,IT
52,Linea,Kobpa,lkobpa1f@prlog.org,Female,$693778.90,686884804,IT
53,Tim,Witchalls,twitchalls1g@usgs.gov,Female,$831801.02,830869938,CC
54,Geoffry,Titcumb,gtitcumb1h@cbc.ca,Male,$832879.27,709957656,CC
55,Gerty,Serot,gserot1i@redcross.org,Female,$278001.13,480654663,IT
56,Randolf,Dingle,rdingle1j@tuttocitta.it,Male,$289679.41,555488205,IT
57,Clarita,Baudichon,cbaudichon1k@hostgator.com,Female,$145317.82,159932217,CC
58,Twila,Kenrack,tkenrack1l@mapy.cz,Female,$372311.56,150881323,CC
59,Pat,Dargan,pdargan1m@yelp.com,Male,$142150.18,484692448,CC
60,Sydelle,Fossord,sfossord1n@linkedin.com,Female,$889001.88,230559934,IT
61,Ad,Yuranovev,ayuranovev1o@mediafire.com,Male,$335165.48,770089635,IT
62,Anselma,O'Fearguise,aofearguise1p@amazon.co.jp,Female,$645131.55,853747461,IT
63,Charo,Dewer,cdewer1q@salon.com,Female,$669040.11,713797697,CC
64,Winthrop,Warbeys,wwarbeys1r@cocolog-nifty.com,Male,$463923.94,1039780515,CC
65,Pammi,Koenen,pkoenen1s@freewebs.com,Female,$682965.12,736506798,IT
66,Noak,Guitonneau,nguitonneau1t@weebly.com,Male,$424788.98,926531261,PP
67,Lilian,Drieu,ldrieu1u@google.it,Female,$255586.36,607296319,CC
68,Andriette,Hanselmann,ahanselmann1v@g.co,Female,$805957.10,1045761954,CC
69,Harriette,Matthesius,hmatthesius1w@tripadvisor.com,Female,$941384.25,664882604,IT
70,Arri,Baldree,abaldree1x@linkedin.com,Male,$976457.94,711637414,PP
71,Hilarius,Van der Brugge,hvanderbrugge1y@uol.com.br,Male,$138711.14,925712061,CC
72,Johnnie,MacAlpin,jmacalpin1z@wikipedia.org,Male,$746824.10,385915010,IT
73,Kearney,Twells,ktwells20@admin.ch,Male,$995791.62,703646566,CC
74,Aleksandr,Dulwich,adulwich21@smh.com.au,Male,$624823.89,124057033,CC
75,Clevie,Roseburgh,croseburgh22@yolasite.com,Male,$756538.66,1017734373,CC
76,Cindy,Bennedsen,cbennedsen23@amazonaws.com,Female,$641032.22,927176088,IT
77,Tally,Stillgoe,tstillgoe24@nyu.edu,Male,$806389.98,863959053,CC
78,Blondy,Alsobrook,balsobrook25@ca.gov,Female,$913436.12,735568662,IT
79,Rooney,Lilywhite,rlilywhite26@google.com.au,Male,$459419.85,105251025,IT
80,Regan,Varsey,rvarsey27@virginia.edu,Male,$515526.90,507910491,PP
81,Othello,Woodnutt,owoodnutt28@reddit.com,Male,$312733.24,68496210,CC
82,Tawnya,Gettone,tgettone29@stumbleupon.com,Female,$398735.94,328058035,PP
83,Del,Gammie,dgammie2a@yandex.ru,Male,$279268.03,944024420,IT
84,Dael,Venny,dvenny2b@geocities.com,Female,$286872.60,84378189,IT
85,Hewitt,Kelle,hkelle2c@about.me,Male,$219545.92,716114871,PP
86,Ravid,Lapish,rlapish2d@creativecommons.org,Male,$385953.87,749463932,PP
87,Nobie,Masser,nmasser2e@amazon.co.jp,Male,$309688.90,1017244295,IT
88,Hattie,Johananov,hjohananov2f@typepad.com,Female,$554058.62,901102314,CC
89,Rozamond,Laurencot,rlaurencot2g@privacy.gov.au,Female,$724031.75,741863006,IT
90,Noble,Yesenev,nyesenev2h@creativecommons.org,Male,$739672.20,507800466,IT
91,Kailey,Yeldham,kyeldham2i@jiathis.com,Female,$308487.74,901824324,IT
92,Bill,Autin,bautin2j@theglobeandmail.com,Male,$207888.12,759560573,CC
93,Jess,Bellon,jbellon2k@aol.com,Male,$898548.35,1006568555,CC
94,Sheree,Iacabucci,siacabucci2l@xing.com,Female,$785379.29,640914889,IT
95,Mill,Abrehart,mabrehart2m@harvard.edu,Male,$439012.75,195214384,PP
96,Arni,Roberts,aroberts2n@imdb.com,Male,$201532.34,387616612,CC
97,Bronny,Malimoe,bmalimoe2o@hhs.gov,Male,$146017.61,773451317,CC
98,Catharina,Pingstone,cpingstone2p@opera.com,Female,$987209.59,6142594,IT
99,Jan,Bampkin,jbampkin2q@dion.ne.jp,Male,$735988.42,292841307,IT
100,Carri,Behan,cbehan2r@netvibes.com,Female,$465858.29,564238394,IT
101,Merralee,Scarlet,mscarlet2s@springer.com,Female,$119792.99,684235688,CC
102,Fanchon,Steers,fsteers2t@shop-pro.jp,Female,$244261.44,785765288,PP
103,Claudina,Blackett,cblackett2u@addtoany.com,Female,$541968.90,758973673,IT
104,Cammi,Lyddy,clyddy2v@timesonline.co.uk,Female,$890396.77,732790865,CC
105,Fedora,Perris,fperris2w@sfgate.com,Female,$784243.76,385742833,IT
106,Kerwinn,Fitzsimon,kfitzsimon2x@tumblr.com,Male,$505793.07,58759783,IT
107,Katya,Sirmond,ksirmond2y@xrea.com,Female,$385989.21,807548949,CC
108,Husain,Bruntjen,hbruntjen2z@nationalgeographic.com,Male,$212586.98,733954876,CC
109,Lucho,Cohane,lcohane30@cdc.gov,Male,$467693.43,961797907,CC
110,Lucas,Swigg,lswigg31@booking.com,Male,$484135.98,491544674,CC
111,Keenan,Gowman,kgowman32@t.co,Male,$754183.06,221808765,CC
112,Marjorie,Muehler,mmuehler33@domainmarket.com,Female,$460744.97,402180197,IT
113,Erinn,Forsythe,eforsythe34@unicef.org,Female,$642211.53,813099182,IT
114,Ludovico,Angel,langel35@canalblog.com,Male,$679956.83,55286135,IT
115,Burch,Mackrill,bmackrill36@shareasale.com,Male,$996680.38,808839054,CC
116,Flo,Barajas,fbarajas37@bizjournals.com,Female,$624653.35,895816452,PP
117,Mac,Chessun,mchessun38@friendfeed.com,Male,$236652.70,555601403,CC
118,Maisie,Studdert,mstuddert39@tripadvisor.com,Female,$936759.67,611159848,CC
119,Jay,Vile,jvile3a@irs.gov,Male,$516977.92,888948227,IT
120,Emelyne,Shelley,eshelley3b@pen.io,Female,$727223.37,452853151,IT
121,Raffaello,Hayfield,rhayfield3c@bravesites.com,Male,$445088.61,436443063,CC
122,Normy,Fallow,nfallow3d@europa.eu,Male,$704404.80,815911318,PP
123,Oralle,Keeri,okeeri3e@canalblog.com,Female,$978344.90,437810504,IT
124,Tammy,Ales0,tales3f@twitter.com,Male,$691428.83,856306238,IT
125,Gregoor,Toseland,gtoseland3g@netscape.com,Male,$374610.96,276970102,PP
126,Niven,Youle,nyoule3h@webeden.co.uk,Male,$291857.64,283666804,CC
127,Mikkel,Boyd,mboyd3i@earthlink.net,Male,$372321.69,71637844,CC
128,Malinde,Nathon,mnathon3j@usnews.com,Female,$207581.99,1003082650,IT
129,Cristal,Matteacci,cmatteacci3k@nytimes.com,Female,$535806.62,991585550,PP
130,Tuesday,Briztman,tbriztman3l@blogspot.com,Female,$441208.12,945101420,IT
131,Alvis,Coventry,acoventry3m@behance.net,Male,$532480.94,976320766,CC
132,Victoria,Basilone,vbasilone3n@netvibes.com,Female,$685128.70,408191100,IT
133,Maurizio,Boocock,mboocock3o@tiny.cc,Male,$552843.76,713629031,IT
134,Lianne,Choppen,lchoppen3p@dmoz.org,Female,$816362.34,950775368,CC
135,Walker,Priest,wpriest3q@bandcamp.com,Male,$625364.18,629556119,IT
136,Link,Gerrietz,lgerrietz3r@google.ca,Male,$417098.66,467394387,PP
137,Kaylil,McDell,kmcdell3s@google.es,Female,$855622.21,740064870,CC
138,Aguie,Bisacre,abisacre3t@springer.com,Male,$683087.02,679938384,IT
139,Bess,Pettman,bpettman3u@addthis.com,Female,$763645.44,814612874,IT
140,Ferguson,Lickorish,flickorish3v@lycos.com,Male,$947122.65,475113014,CC
141,Ludwig,Edgar,ledgar3w@businessinsider.com,Male,$831862.00,591187186,IT
142,Gill,Bayford,gbayford3x@usda.gov,Female,$862793.09,583930311,IT
143,Jocelin,Tugwell,jtugwell3y@blinklist.com,Female,$382791.91,714629741,PP
144,Fania,Farr,ffarr3z@scribd.com,Female,$879274.31,542423638,PP
145,Curtice,Nickell,cnickell40@webmd.com,Male,$817479.35,674331918,PP
146,Dimitri,Rowan,drowan41@stanford.edu,Male,$111025.62,952434109,PP
147,Andi,Jacobsz,ajacobsz42@mediafire.com,Female,$268524.88,870329800,IT
148,Dougie,Gruby,dgruby43@engadget.com,Male,$820157.94,846056430,IT
149,Elvyn,Clemendet,eclemendet44@archive.org,Male,$587823.36,764655435,IT
150,Sallee,Adan,sadan45@jugem.jp,Female,$830163.47,1040640632,IT
151,Benjy,Shellum,bshellum46@shutterfly.com,Male,$417348.09,96661592,IT
152,Arlan,Bulpitt,abulpitt47@yahoo.com,Male,$957510.37,307910192,IT
153,Taylor,Bavidge,tbavidge48@bandcamp.com,Male,$804168.12,343685523,CC
154,Ignacio,Benjefield,ibenjefield49@marketwatch.com,Male,$910952.47,309053598,CC
155,Davie,Silson,dsilson4a@canalblog.com,Male,$483431.18,249346765,PP
156,Tuesday,Larenson,tlarenson4b@ihg.com,Female,$932526.15,281585079,IT
157,Weidar,Housaman,whousaman4c@google.com.au,Male,$472475.70,112979615,CC
158,Edna,Panks,epanks4d@wix.com,Female,$366031.33,878559586,PP
159,Andros,Scougal,ascougal4e@meetup.com,Male,$951804.42,221327427,IT
160,Hinze,Doctor,hdoctor4f@foxnews.com,Male,$605579.89,56156055,IT
161,Kellie,Biset,kbiset4g@unc.edu,Female,$641955.80,643289079,CC
162,Abbye,Bynert,abynert4h@freewebs.com,Female,$615786.80,22584292,IT
163,Alexio,Birkmyre,abirkmyre4i@wp.com,Male,$100986.93,459307334,IT
164,Layton,Lerwell,llerwell4j@twitpic.com,Male,$979480.84,276565465,PP
165,Leontyne,Aldington,laldington4k@fotki.com,Female,$358514.20,725583089,PP
166,Giuseppe,Nudds,gnudds4l@narod.ru,Male,$615969.56,1017705730,CC
167,Shem,Roache,sroache4m@topsy.com,Male,$651029.49,44794822,IT
168,Ned,Stanmer,nstanmer4n@msn.com,Male,$944215.65,894102252,CC
169,Conney,McCunn,cmccunn4o@washingtonpost.com,Male,$611731.00,477206799,IT
170,Nikita,Rangle,nrangle4p@ocn.ne.jp,Male,$524191.71,390696862,PP
171,Corbin,Keddie,ckeddie4q@goodreads.com,Male,$699169.28,65378449,PP
172,Prince,O'Hartigan,pohartigan4r@sitemeter.com,Male,$999717.55,128100308,IT
173,Sibella,Caley,scaley4s@oaic.gov.au,Female,$912285.56,102173752,CC
174,Griff,Sandey,gsandey4t@jugem.jp,Male,$621531.20,571114852,PP
175,Rikki,Scarlon,rscarlon4u@home.pl,Male,$184635.58,24255485,CC
176,Selinda,Connealy,sconnealy4v@gmpg.org,Female,$183051.60,504943087,IT
177,Bevin,Dhennin,bdhennin4w@infoseek.co.jp,Male,$581953.30,206525835,CC
178,Marice,Bostock,mbostock4x@oracle.com,Female,$205047.57,178384517,CC
179,Aloysius,Salsberg,asalsberg4y@japanpost.jp,Male,$662169.75,684643200,PP
180,Otho,Kohlert,okohlert4z@hubpages.com,Male,$509592.37,55076930,CC
181,Vin,Pattenden,vpattenden50@artisteer.com,Female,$142465.20,444396732,CC
182,Denis,Kinder,dkinder51@fotki.com,Male,$619406.40,744652463,CC
183,Roxine,Shawdforth,rshawdforth52@paypal.com,Female,$270545.53,459405330,CC
184,Sherwynd,Janoschek,sjanoschek53@narod.ru,Male,$959965.84,218688413,PP
185,Adler,Baignard,abaignard54@icio.us,Male,$380974.86,473143775,PP
186,Javier,Denes,jdenes55@fc2.com,Male,$113782.17,832249411,IT
187,Wendeline,Grimmett,wgrimmett56@skyrock.com,Female,$263504.38,165084778,IT
188,Standford,Spada,sspada57@studiopress.com,Male,$974187.57,460133536,PP
189,Renaldo,Sabathe,rsabathe58@mysql.com,Male,$978105.82,425507794,IT
190,Dalli,Kirley,dkirley59@techcrunch.com,Male,$596103.81,70568582,CC
191,Fergus,Melpuss,fmelpuss5a@facebook.com,Male,$227420.64,145348796,IT
192,Nissy,Brookshaw,nbrookshaw5b@yahoo.co.jp,Female,$772368.14,523789340,PP
193,Hansiain,Whelpton,hwhelpton5c@51.la,Male,$203873.78,552855773,IT
194,Bonni,Codling,bcodling5d@google.com.br,Female,$612801.54,148879971,IT
195,Eamon,Gentzsch,egentzsch5e@jalbum.net,Male,$407393.72,65448437,PP
196,Del,Scrowston,dscrowston5f@dyndns.org,Female,$439619.20,887333921,PP
197,Jessi,Byram,jbyram5g@fc2.com,Female,$267043.47,657201773,IT
198,Eleonora,Hursey,ehursey5h@t.co,Female,$968094.56,176538794,CC
199,Zerk,Segeswoeth,zsegeswoeth5i@nature.com,Male,$234560.14,978257101,PP
200,Benjy,Greatbach,bgreatbach5j@salon.com,Male,$335251.86,674963122,PP
201,Enrico,Bloxsome,ebloxsome5k@typepad.com,Male,$832466.71,422718521,CC
202,Eugenius,Troake,etroake5l@archive.org,Male,$470281.87,530851992,PP
203,Josias,Joney,jjoney5m@cbc.ca,Male,$890639.07,887471301,IT
204,Yale,Gapp,ygapp5n@people.com.cn,Male,$562315.38,207609185,CC
205,Josefina,Hodinton,jhodinton5o@paginegialle.it,Female,$600131.34,256110296,PP
206,Sandye,Willox,swillox5p@dropbox.com,Female,$433711.03,381984467,IT
207,Filberto,Vasilchikov,fvasilchikov5q@blog.com,Male,$188672.14,848649107,IT
208,Kissee,Colam,kcolam5r@nba.com,Female,$968551.83,526614671,PP
209,Tuesday,Bierling,tbierling5s@tripod.com,Female,$394189.28,62595309,IT
210,Constantine,Marryatt,cmarryatt5t@qq.com,Male,$771905.28,554372055,CC
211,Boone,McCrackem,bmccrackem5u@statcounter.com,Male,$661025.03,981332032,IT
212,Rosamond,Deards,rdeards5v@columbia.edu,Female,$979936.64,693369292,IT
213,Hayley,Bartalucci,hbartalucci5w@comsenz.com,Female,$923231.27,479209193,CC
214,Aron,Adamiec,aadamiec5x@about.com,Male,$392017.20,602062990,CC
215,Modesty,Bullan,mbullan5y@unicef.org,Female,$379246.71,662248847,IT
216,Antonin,Vincent,avincent5z@edublogs.org,Male,$783749.78,1027360728,CC
217,Meaghan,Haselwood,mhaselwood60@blogtalkradio.com,Female,$406853.28,37156698,PP
218,Cort,Pumphrey,cpumphrey61@java.com,Male,$581180.69,257705690,CC
219,Orland,Jelley,ojelley62@narod.ru,Male,$295579.37,424269900,IT
220,Hort,Torrejon,htorrejon63@blogspot.com,Male,$147024.79,310907326,CC
221,Bob,Rigg,brigg64@toplist.cz,Male,$298351.49,480630228,CC
222,Tish,Darlison,tdarlison65@stumbleupon.com,Female,$655034.14,197044858,IT
223,Murvyn,Harburtson,mharburtson66@toplist.cz,Male,$283682.38,351388072,CC
224,Frayda,Robelin,frobelin67@list-manage.com,Female,$827837.69,290515325,IT
225,Felice,Audiss,faudiss68@un.org,Male,$279987.85,953752117,CC
226,Chet,Raynes,craynes69@theatlantic.com,Male,$754889.12,191492829,PP
227,Sayer,Domnin,sdomnin6a@ocn.ne.jp,Male,$894161.78,829928045,IT
228,Irena,Emloch,iemloch6b@friendfeed.com,Female,$441513.39,461393975,PP
229,Sheena,Lambird,slambird6c@acquirethisname.com,Female,$356301.18,98698241,IT
230,Layne,Fley,lfley6d@scientificamerican.com,Female,$410812.80,313173800,PP
231,Somerset,Biddulph,sbiddulph6e@delicious.com,Male,$997000.96,191078696,PP
232,Donnie,Klimowicz,dklimowicz6f@skyrock.com,Male,$321222.94,312124385,PP
233,Ernest,Bouldon,ebouldon6g@nih.gov,Male,$860632.56,428465116,IT
234,Cobby,Kemball,ckemball6h@jiathis.com,Male,$284631.19,469399301,PP
235,Yehudit,Viggers,yviggers6i@guardian.co.uk,Male,$228503.73,432234703,IT
236,Bevin,Trytsman,btrytsman6j@technorati.com,Male,$751157.11,392169668,PP
237,Solly,Gowler,sgowler6k@symantec.com,Male,$185150.23,44174899,PP
238,Gannie,Trill,gtrill6l@techcrunch.com,Male,$315440.14,411896290,CC
239,Mordecai,Cleve,mcleve6m@cyberchimps.com,Male,$478981.12,286842129,CC
240,Leon,Maggorini,lmaggorini6n@usatoday.com,Male,$232271.74,244537482,PP
241,Griffith,Aurelius,gaurelius6o@amazon.co.jp,Male,$887653.17,627202313,PP
242,Wye,Langtry,wlangtry6p@symantec.com,Male,$748783.09,80678429,IT
243,Reginald,Currington,rcurrington6q@arizona.edu,Male,$104109.95,920219182,CC
244,Nikkie,Grigolon,ngrigolon6r@bloglines.com,Female,$840244.34,835918330,IT
245,Constantia,Cinelli,ccinelli6s@npr.org,Female,$339643.95,16051544,CC
246,Chas,Springthorp,cspringthorp6t@google.es,Male,$298010.19,712359051,IT
247,Vachel,Swinyard,vswinyard6u@ted.com,Male,$897684.77,551919869,PP
248,Bobbye,Jankovic,bjankovic6v@seattletimes.com,Female,$365440.17,592558361,IT
249,Lesley,Normavill,lnormavill6w@weather.com,Female,$945500.47,839756530,CC
250,Leland,Bladon,lbladon6x@netlog.com,Male,$355665.32,98289028,PP
251,Esme,Dow,edow6y@baidu.com,Male,$787708.81,512155886,IT
252,Vaughn,Kubasek,vkubasek6z@google.fr,Male,$975893.18,582644690,CC
253,Ernestus,Kinge,ekinge70@nasa.gov,Male,$514190.56,912055759,IT
254,Abbie,Leving,aleving71@is.gd,Female,$663558.74,981510326,IT
255,Lilyan,Raxworthy,lraxworthy72@imdb.com,Female,$590830.83,926644153,IT
256,Hayden,Bellis,hbellis73@yellowpages.com,Male,$411919.86,348967201,IT
257,Ellary,Kivelle,ekivelle74@arizona.edu,Male,$731445.38,234353345,CC
258,Gerti,Atcheson,gatcheson75@ebay.com,Female,$391278.47,115620515,IT
259,Granville,Seiller,gseiller76@spiegel.de,Male,$859252.01,13621005,PP
260,Garrot,Isaacson,gisaacson77@goodreads.com,Male,$548702.63,413697345,PP
261,Rocky,Oiseau,roiseau78@wikispaces.com,Male,$842641.72,43496826,CC
262,Keelby,Alasdair,kalasdair79@myspace.com,Male,$807257.59,219878334,CC
263,Jessey,Lindroos,jlindroos7a@yellowbook.com,Male,$221691.22,317407346,PP
264,Selby,Windibank,swindibank7b@jimdo.com,Male,$367629.45,537937493,IT
265,Jemie,Kofax,jkofax7c@instagram.com,Female,$594454.09,859914609,CC
266,Veronica,Siggins,vsiggins7d@artisteer.com,Female,$387569.82,944947965,IT
267,Eugenio,Mowling,emowling7e@mac.com,Male,$904351.16,902124612,IT
268,Marcelo,Mille,mmille7f@simplemachines.org,Male,$230658.37,238758600,IT
269,Gipsy,Edlin,gedlin7g@disqus.com,Female,$951802.71,362579219,CC
270,Adamo,Liffe,aliffe7h@oakley.com,Male,$963391.82,174597869,IT
271,Franz,Cantrill,fcantrill7i@yellowbook.com,Male,$946584.96,1020242422,IT
272,Deedee,McSporon,dmcsporon7j@msu.edu,Female,$834074.33,174242746,CC
273,Donavon,Playfair,dplayfair7k@123-reg.co.uk,Male,$850353.05,87117411,IT
274,Jodie,Brumbye,jbrumbye7l@imageshack.us,Male,$895578.17,375770308,CC
275,Lynnelle,Stephenson,lstephenson7m@gmpg.org,Female,$924822.36,931668873,IT
276,Loretta,Shilliday,lshilliday7n@goo.gl,Female,$271260.07,716081698,PP
277,Kellsie,Brigman,kbrigman7o@unblog.fr,Female,$942989.04,597584589,CC
278,Rowland,Tregien,rtregien7p@dailymotion.com,Male,$732647.65,350499001,CC
279,Cullie,Trigwell,ctrigwell7q@illinois.edu,Male,$968298.65,750561666,PP
280,Craig,Rosario,crosario7r@ft.com,Male,$639356.49,847214013,CC
281,Zaccaria,Bothen,zbothen7s@tripadvisor.com,Male,$662601.82,217747429,IT
282,Camilla,Brugsma,cbrugsma7t@bloomberg.com,Female,$942450.18,912153115,CC
283,Warden,Dewar,wdewar7u@mozilla.com,Male,$293499.05,119514474,CC
284,Fletch,Cumbridge,fcumbridge7v@geocities.jp,Male,$860838.27,800132286,IT
285,Burtie,Olle,bolle7w@google.co.jp,Male,$392790.98,21433970,CC
286,Galina,Ingold,gingold7x@bizjournals.com,Female,$999398.62,908518063,PP
287,Grannie,Knyvett,gknyvett7y@dailymotion.com,Male,$387124.58,504971549,PP
288,Reinald,Johnke,rjohnke7z@disqus.com,Male,$900073.71,719455401,PP
289,Ali,Brixey,abrixey80@bizjournals.com,Female,$962025.27,227210201,PP
290,Val,Petchey,vpetchey81@ezinearticles.com,Female,$364317.18,916350237,CC
291,Aileen,Mulles,amulles82@ebay.co.uk,Female,$235948.05,316730775,PP
292,Worden,O'Lagene,wolagene83@i2i.jp,Male,$723905.11,888131485,IT
293,Kirbie,Hallihane,khallihane84@mysql.com,Female,$685553.71,525951530,CC
294,Marcel,McCrann,mmccrann85@g.co,Male,$702085.26,704014064,IT
295,Abbye,Wyborn,awyborn86@t.co,Female,$528223.34,577021237,IT
296,Ethan,Harses,eharses87@usgs.gov,Male,$590804.91,728370438,CC
297,Emmalyn,Robottom,erobottom88@cmu.edu,Female,$308980.44,812930234,IT
298,Abelard,Arnke,aarnke89@tuttocitta.it,Male,$256844.56,126835248,PP
299,Rad,Ourry,rourry8a@networksolutions.com,Male,$393218.64,777256560,IT
300,Pavla,McCullouch,pmccullouch8b@marketwatch.com,Female,$974799.77,591883512,CC
301,Caty,Ludee,cludee8c@bandcamp.com,Female,$225887.16,263390600,IT
302,Andree,Sadler,asadler8d@ask.com,Female,$615430.64,295977666,PP
303,Francis,Jewkes,fjewkes8e@tripadvisor.com,Male,$967119.44,82102275,CC
304,Avictor,Morten,amorten8f@senate.gov,Male,$174068.64,815459003,CC
305,Husein,Bottrell,hbottrell8g@google.co.jp,Male,$845075.55,578274918,PP
306,Laraine,Kagan,lkagan8h@360.cn,Female,$244875.79,433615678,IT
307,Ragnar,Cardoo,rcardoo8i@webmd.com,Male,$654282.00,919852942,CC
308,Diann,Cooley,dcooley8j@g.co,Female,$993733.48,474219024,IT
309,Fabien,Izak,fizak8k@uol.com.br,Male,$579833.42,937266207,IT
310,Bidget,Wicklin,bwicklin8l@deliciousdays.com,Female,$847564.12,746408718,IT
311,Dave,Gonsalvez,dgonsalvez8m@berkeley.edu,Male,$758970.74,624559095,PP
312,Moses,Canny,mcanny8n@china.com.cn,Male,$767386.23,105740073,IT
313,Gweneth,Whitney,gwhitney8o@eepurl.com,Female,$940638.16,833233302,IT
314,Israel,Affron,iaffron8p@cdbaby.com,Male,$804110.67,947049394,PP
315,Hastie,Wombwell,hwombwell8q@homestead.com,Male,$499734.98,631142507,PP
316,Sheffy,Narracott,snarracott8r@hud.gov,Male,$370519.23,798230183,PP
317,Hester,Pockey,hpockey8s@blogger.com,Female,$998338.98,532955602,CC
318,Osborne,Hane,ohane8t@google.es,Male,$495276.32,417641355,CC
319,Erna,Satyford,esatyford8u@icio.us,Female,$431388.40,157986927,IT
320,Salomone,Boner,sboner8v@psu.edu,Male,$358726.97,124499333,IT
321,Obediah,Boundley,oboundley8w@parallels.com,Male,$601837.02,840886198,CC
322,Dore,Rolf,drolf8x@xing.com,Female,$479627.41,925644783,PP
323,Mireille,Gadie,mgadie8y@myspace.com,Female,$867319.04,1031426224,PP
324,Cooper,Bandy,cbandy8z@baidu.com,Male,$694016.57,591293884,IT
325,Joela,Millin,jmillin90@google.cn,Female,$719912.70,845416971,IT
326,Nani,Semonin,nsemonin91@booking.com,Female,$450494.86,317654733,IT
327,Raddy,Connop,rconnop92@ucsd.edu,Male,$331313.43,37578007,IT
328,Lenna,Flament,lflament93@vimeo.com,Female,$997338.83,47661980,PP
329,Amaleta,Southcott,asouthcott94@addtoany.com,Female,$152100.38,319153381,PP
330,Kerrill,Rainsden,krainsden95@earthlink.net,Female,$487641.42,591765286,CC
331,Gun,Pleming,gpleming96@aboutads.info,Male,$594133.96,13007761,CC
332,Madge,Raith,mraith97@sfgate.com,Female,$572538.35,1004730129,PP
333,Christiana,Maplethorpe,cmaplethorpe98@google.fr,Female,$361721.96,660573083,CC
334,Felicdad,Bareham,fbareham99@gravatar.com,Female,$744969.31,450861134,PP
335,Vale,Hayne,vhayne9a@zdnet.com,Male,$958770.67,350361897,IT
336,Alyss,Winfindale,awinfindale9b@google.com,Female,$266433.57,498780865,PP
337,Annalee,Di Maria,adimaria9c@google.fr,Female,$852045.88,200438097,CC
338,Charmain,Wetton,cwetton9d@topsy.com,Female,$971009.25,591049184,CC
339,Pincas,Leghorn,pleghorn9e@mysql.com,Male,$283122.73,439291916,CC
340,Melisande,Rontsch,mrontsch9f@lulu.com,Female,$464047.79,567586857,IT
341,Fred,Vasyuchov,fvasyuchov9g@hud.gov,Male,$348725.77,966604228,CC
342,Leo,Eldred,leldred9h@weebly.com,Male,$824628.97,857749221,IT
343,Olav,McRobb,omcrobb9i@uol.com.br,Male,$670168.49,712999016,IT
344,Anitra,MacAirt,amacairt9j@desdev.cn,Female,$496299.47,337386922,PP
345,Nil,Stang-Gjertsen,nstanggjertsen9k@oakley.com,Male,$108612.03,721171846,IT
346,Juline,Thomazet,jthomazet9l@cafepress.com,Female,$297087.72,961271218,PP
347,Barnard,Zoppie,bzoppie9m@ustream.tv,Male,$145624.80,755164221,IT
348,Tallie,Tuckwood,ttuckwood9n@infoseek.co.jp,Female,$210884.69,915977381,CC
349,Tandie,Sleite,tsleite9o@apache.org,Female,$447724.98,321198421,IT
350,Floyd,Mityushin,fmityushin9p@biglobe.ne.jp,Male,$181978.30,965895828,PP
351,Xylia,Pelz,xpelz9q@baidu.com,Female,$536555.04,805307672,PP
352,Candis,Calbaithe,ccalbaithe9r@ed.gov,Female,$166497.57,1047083357,PP
353,Dahlia,Rolin,drolin9s@jimdo.com,Female,$736976.54,884580029,IT
354,Cindie,Dumper,cdumper9t@ow.ly,Female,$610777.79,501828139,PP
355,Myer,Janata,mjanata9u@cargocollective.com,Male,$921470.43,119310807,CC
356,Marcelo,Lightbown,mlightbown9v@miitbeian.gov.cn,Male,$611044.06,227192109,PP
357,Justina,Sacaze,jsacaze9w@barnesandnoble.com,Female,$844103.66,999426293,CC
358,Tammie,Stocken,tstocken9x@java.com,Female,$676835.34,431243641,IT
359,Corena,Brooker,cbrooker9y@technorati.com,Female,$403511.68,920532240,CC
360,Trudie,Aloshkin,taloshkin9z@hao123.com,Female,$987481.92,941724199,PP
361,Nanette,Mathivon,nmathivona0@webeden.co.uk,Female,$321062.89,163042276,PP
362,Fan,Jennings,fjenningsa1@privacy.gov.au,Female,$719289.29,199918864,PP
363,Gabriele,Lapthorne,glapthornea2@npr.org,Male,$509664.75,534344823,CC
364,Roana,Marconi,rmarconia3@hubpages.com,Female,$470030.72,855240489,CC
365,Stephanus,Lennarde,slennardea4@cisco.com,Male,$351116.94,752166106,CC
366,Marielle,Perrat,mperrata5@opera.com,Female,$373190.89,343294443,IT
367,Wendel,Hellen,whellena6@wikipedia.org,Male,$417638.30,60128034,CC
368,Laurie,Tonn,ltonna7@nbcnews.com,Male,$767332.88,909717050,CC
369,Yul,Bleby,yblebya8@usa.gov,Male,$240271.88,460104144,PP
370,Gerald,Mayhou,gmayhoua9@answers.com,Male,$587174.88,301536972,PP
371,Freemon,Sparke,fsparkeaa@weibo.com,Male,$671871.91,845256924,IT
372,Verina,Laurenceau,vlaurenceauab@creativecommons.org,Female,$158253.52,319204296,PP
373,Amber,D'Aubney,adaubneyac@businesswire.com,Female,$600436.45,647477590,CC
374,Neville,Colafate,ncolafatead@bbb.org,Male,$742185.87,931161557,IT
375,Ellary,Corkett,ecorkettae@reference.com,Male,$807641.83,449036559,PP
376,Ermin,Hestrop,ehestropaf@csmonitor.com,Male,$867982.77,828050999,PP
377,Iolande,Banting,ibantingag@acquirethisname.com,Female,$945242.87,173884945,PP
378,Marnie,Arni,marniah@howstuffworks.com,Female,$656353.36,32014330,PP
379,Cassy,Rapaport,crapaportai@myspace.com,Female,$147850.75,948948446,CC
380,Tadeas,Hassall,thassallaj@sciencedaily.com,Male,$458895.99,169947633,CC
381,Derril,Rillstone,drillstoneak@bbc.co.uk,Male,$798060.03,935375675,PP
382,Concettina,Eves,cevesal@slashdot.org,Female,$166836.14,832176312,IT
383,Nickola,Gadsdon,ngadsdonam@shop-pro.jp,Male,$980522.44,17418389,CC
384,Bart,Beneyto,bbeneytoan@rediff.com,Male,$994139.17,896245528,PP
385,Patricia,Chowne,pchowneao@wunderground.com,Female,$898840.81,11640914,IT
386,Fredelia,Demongeot,fdemongeotap@canalblog.com,Female,$764386.46,548461717,IT
387,Falito,Bockler,fbockleraq@nba.com,Male,$191232.21,584902553,IT
388,Mariel,Bleyman,mbleymanar@meetup.com,Female,$175416.59,266763681,PP
389,Ellswerth,Cattel,ecattelas@yahoo.com,Male,$144110.34,232218472,PP
390,Christophe,Chastang,cchastangat@ow.ly,Male,$556790.73,711317809,PP
391,Anica,Yerson,ayersonau@marriott.com,Female,$828196.12,104009387,CC
392,Eamon,Mogenot,emogenotav@tinyurl.com,Male,$830027.30,1042614431,CC
393,Eugenius,Wegener,ewegeneraw@mediafire.com,Male,$170622.14,127781659,IT
394,Gussi,Nethercott,gnethercottax@ebay.co.uk,Female,$324158.71,854850507,IT
395,Briana,Fairpool,bfairpoolay@whitehouse.gov,Female,$162589.23,772986702,CC
396,Barde,Lorens,blorensaz@plala.or.jp,Male,$822596.43,147446510,IT
397,Tarah,Koch,tkochb0@sfgate.com,Female,$734156.13,794047662,PP
398,Shelagh,O'Hartagan,sohartaganb1@zimbio.com,Female,$495000.58,446538595,PP
399,Enrichetta,Macci,emaccib2@wufoo.com,Female,$483272.41,594209596,IT
400,Hill,Ambler,hamblerb3@nyu.edu,Male,$723146.87,207747872,CC
401,Ruth,Dinan,rdinanb4@cdc.gov,Female,$990387.59,321040175,IT
402,Vonni,Loft,vloftb5@boston.com,Female,$441470.13,744621248,PP
403,Susie,Portal,sportalb6@deliciousdays.com,Female,$674670.37,912273998,PP
404,Sidnee,Preshous,spreshousb7@pinterest.com,Male,$929312.20,781968495,IT
405,Harmonie,Akett,hakettb8@t.co,Female,$310061.62,746102836,PP
406,Meggi,Chopping,mchoppingb9@paginegialle.it,Female,$186694.84,523918716,IT
407,Marybelle,O'Sullivan,mosullivanba@nifty.com,Female,$471635.70,368978620,PP
408,Gwynne,Gress,ggressbb@narod.ru,Female,$711374.33,934046473,IT
409,Rochella,Dowley,rdowleybc@patch.com,Female,$855603.59,1002454779,CC
410,Vladimir,Yoakley,vyoakleybd@angelfire.com,Male,$285889.41,903129349,PP
411,Anabal,Jandl,ajandlbe@joomla.org,Female,$578857.58,516921361,PP
412,Solly,Andrewartha,sandrewarthabf@angelfire.com,Male,$845558.98,508317582,CC
413,Frederik,Yearsley,fyearsleybg@cnn.com,Male,$862450.78,1010611389,IT
414,Oran,Deport,odeportbh@amazonaws.com,Male,$738574.10,358804691,IT
415,Toby,Marley,tmarleybi@gnu.org,Female,$331431.88,475864103,CC
416,Lynnette,Vautin,lvautinbj@spotify.com,Female,$235843.02,611406477,PP
417,Abraham,Hattoe,ahattoebk@gravatar.com,Male,$326200.79,368166121,CC
418,Marne,Ainsley,mainsleybl@fc2.com,Female,$909290.91,315692550,CC
419,Gerard,Goldthorpe,ggoldthorpebm@tripadvisor.com,Male,$189201.52,771422832,CC
420,Katusha,Bein,kbeinbn@1688.com,Female,$700848.00,53186803,IT
421,Mata,Baine,mbainebo@adobe.com,Male,$856256.81,156267035,CC
422,Jourdan,Filde,jfildebp@furl.net,Female,$799315.12,55044951,PP
423,Sigvard,Clack,sclackbq@economist.com,Male,$440011.39,226471622,CC
424,Giacinta,Biddiss,gbiddissbr@opensource.org,Female,$609495.93,518976516,PP
425,Willa,Betancourt,wbetancourtbs@yelp.com,Female,$209563.96,78165594,CC
426,Wini,Darrington,wdarringtonbt@imageshack.us,Female,$803174.27,958311363,CC
427,Bowie,Easterling,beasterlingbu@tiny.cc,Male,$330879.59,333646493,CC
428,Cullen,Chattell,cchattellbv@mit.edu,Male,$267092.34,419564432,IT
429,Lucinda,MacAllen,lmacallenbw@gnu.org,Female,$640658.14,675580777,IT
430,Bobby,Pudsey,bpudseybx@prweb.com,Female,$130838.60,954676934,CC
431,Syman,Signorelli,ssignorelliby@surveymonkey.com,Male,$699608.60,292331085,IT
432,Frasquito,O'Conor,foconorbz@sourceforge.net,Male,$270101.68,62994758,CC
433,Clare,Haistwell,chaistwellc0@yellowbook.com,Male,$656446.69,665260531,PP
434,Giana,Jephcote,gjephcotec1@photobucket.com,Female,$678028.92,570342943,CC
435,Bobine,Chiene,bchienec2@cbslocal.com,Female,$413978.79,751821687,IT
436,Alistair,Crampsey,acrampseyc3@baidu.com,Male,$704874.54,857256633,CC
437,Beilul,Bovey,bboveyc4@about.me,Female,$973878.49,285568950,IT
438,Gage,Mullins,gmullinsc5@engadget.com,Male,$737127.53,1033453430,PP
439,Rowan,De Hooch,rdehoochc6@theatlantic.com,Male,$361957.83,25573314,IT
440,Field,Meekins,fmeekinsc7@naver.com,Male,$852619.67,542604647,IT
441,Drona,Braithwait,dbraithwaitc8@archive.org,Female,$551726.04,809312735,IT
442,Nick,Sjostrom,nsjostromc9@edublogs.org,Male,$506691.27,946935330,IT
443,Alexandre,De Hooch,adehoochca@tamu.edu,Male,$364471.48,375926894,IT
444,Thurston,Ginger,tgingercb@wunderground.com,Male,$755359.02,469912752,CC
445,Daryl,Aland,dalandcc@seattletimes.com,Male,$775905.79,241961584,CC
446,Ardine,Elsey,aelseycd@istockphoto.com,Female,$411852.75,722043767,IT
447,Artemas,Saulter,asaulterce@goo.gl,Male,$930659.55,811261722,IT
448,Donnie,Thumann,dthumanncf@rakuten.co.jp,Male,$128570.20,422500871,CC
449,Dari,Matissoff,dmatissoffcg@biblegateway.com,Female,$128679.45,387367937,IT
450,Marylinda,Ebbers,mebbersch@paypal.com,Female,$859868.89,804243577,PP
451,Worden,Peel,wpeelci@miitbeian.gov.cn,Male,$296603.46,281908484,CC
452,Bastien,Escalante,bescalantecj@slate.com,Male,$471793.76,888146795,IT
453,Carl,Goundrill,cgoundrillck@etsy.com,Male,$605419.02,160049370,CC
454,Dorothy,Wedderburn,dwedderburncl@joomla.org,Female,$412112.63,829666989,PP
455,Mellisent,Lovemore,mlovemorecm@va.gov,Female,$757947.67,82481127,PP
456,Asia,Lush,alushcn@delicious.com,Female,$465799.88,383990739,CC
457,Julianna,Beavers,jbeaversco@addtoany.com,Female,$728449.72,555115649,CC
458,Laurent,Wadly,lwadlycp@ocn.ne.jp,Male,$791534.94,109658101,CC
459,Fitz,Cardenoso,fcardenosocq@printfriendly.com,Male,$704001.14,796806761,IT
460,Mord,Annetts,mannettscr@ucsd.edu,Male,$281411.97,295551615,IT
461,Madella,Penddreth,mpenddrethcs@ustream.tv,Female,$947889.31,596699929,IT
462,Angy,Drewitt,adrewittct@adobe.com,Female,$986569.99,298874444,PP
463,Elisha,Rundle,erundlecu@deliciousdays.com,Female,$722932.35,589640884,IT
464,Gottfried,Scrivin,gscrivincv@4shared.com,Male,$212384.71,672823103,IT
465,Boyd,Rhymer,brhymercw@imgur.com,Male,$522815.09,982102538,PP
466,Amalia,Shovell,ashovellcx@statcounter.com,Female,$778368.55,838481632,CC
467,Eartha,O'Corrigane,eocorriganecy@huffingtonpost.com,Female,$130341.93,115485987,IT
468,Clemens,Wellsman,cwellsmancz@wired.com,Male,$533361.57,176225636,CC
469,Adda,Martine,amartined0@naver.com,Female,$656110.42,888113672,IT
470,Xena,Daborn,xdabornd1@google.com.br,Female,$752731.14,98482846,IT
471,Marion,Sleite,msleited2@t-online.de,Female,$601653.71,50507070,PP
472,Randie,Canape,rcanaped3@baidu.com,Male,$264335.02,347813884,PP
473,Paulette,Gimbart,pgimbartd4@netvibes.com,Female,$194309.79,98253300,IT
474,Windham,Baile,wbailed5@opensource.org,Male,$871750.97,791992040,PP
475,Dru,Ibbison,dibbisond6@issuu.com,Female,$188023.30,1035222137,PP
476,Ivory,Kibbel,ikibbeld7@tinypic.com,Female,$849941.08,988225115,IT
477,Dorie,Pellman,dpellmand8@yahoo.co.jp,Female,$669218.72,183135283,IT
478,Chrotoem,Riggs,criggsd9@de.vu,Male,$759496.15,71322557,CC
479,Alyda,Hammersley,ahammersleyda@earthlink.net,Female,$805968.99,130784516,CC
480,Cassi,Strathdee,cstrathdeedb@ustream.tv,Female,$111756.78,1012111236,PP
481,Gretna,Jakab,gjakabdc@macromedia.com,Female,$273244.03,903787585,PP
482,Camile,Brideau,cbrideaudd@opera.com,Female,$707980.15,309413553,IT
483,Shayne,Klainman,sklainmande@wikimedia.org,Male,$806540.48,809414918,CC
484,Wiatt,Keach,wkeachdf@wired.com,Male,$240861.67,604569232,PP
485,Jimmy,Oda,jodadg@istockphoto.com,Male,$577442.86,11759508,IT
486,Liz,Janous,ljanousdh@army.mil,Female,$514243.42,194621011,CC
487,Terrell,Gotfrey,tgotfreydi@vistaprint.com,Male,$206981.37,596113941,CC
488,Celine,Aitkenhead,caitkenheaddj@seattletimes.com,Female,$907859.01,904145276,PP
489,Cherilynn,Scatchard,cscatcharddk@i2i.jp,Female,$398054.63,655589167,CC
490,Susanetta,Skeat,sskeatdl@digg.com,Female,$566819.47,1040469256,PP
491,Cathie,Davidai,cdavidaidm@bbb.org,Female,$427125.32,285230952,IT
492,Clark,Gibbett,cgibbettdn@mediafire.com,Male,$792475.53,791418809,IT
493,Robb,Canape,rcanapedo@wix.com,Male,$654583.63,859356981,PP
494,Lavina,Beere,lbeeredp@sciencedirect.com,Female,$328230.04,1035084809,CC
495,Katya,Buttle,kbuttledq@patch.com,Female,$885224.70,524107695,CC
496,Corina,Daen,cdaendr@purevolume.com,Female,$135503.33,573603425,PP
497,Douglas,Kiebes,dkiebesds@addtoany.com,Male,$399345.82,371682004,CC
498,Jacynth,Behrens,jbehrensdt@blogtalkradio.com,Female,$946424.00,396444806,IT
499,Spencer,Lowles,slowlesdu@tinypic.com,Male,$149296.86,139280108,PP
500,Erroll,Beake,ebeakedv@theatlantic.com,Male,$354464.57,430697304,PP
501,Aurea,Buzzing,abuzzingdw@paypal.com,Female,$987605.90,86720408,CC
502,Raine,Jeppe,rjeppedx@webeden.co.uk,Female,$618420.71,735401067,IT
503,Woodman,Lemmers,wlemmersdy@phoca.cz,Male,$204090.16,329195379,CC
504,Angelo,Gatty,agattydz@is.gd,Male,$131264.11,921788159,PP
505,Jacquenette,Syphus,jsyphuse0@google.com.au,Female,$549469.14,816004245,CC
506,Waldo,Olding,woldinge1@mapquest.com,Male,$520718.74,672022755,IT
507,Loydie,Rameau,lrameaue2@digg.com,Male,$533843.09,370391704,CC
508,Victor,Blackmoor,vblackmoore3@linkedin.com,Male,$216563.30,538446342,IT
509,Celeste,Jury,cjurye4@nationalgeographic.com,Female,$450506.59,579951594,PP
510,Harwell,Dogg,hdogge5@hexun.com,Male,$289133.59,39546273,IT
511,Parnell,Forde,pfordee6@alexa.com,Male,$376939.88,835395299,PP
512,Carl,Kayser,ckaysere7@microsoft.com,Male,$682704.50,473659857,CC
513,Dallas,Bigglestone,dbigglestonee8@printfriendly.com,Female,$854339.42,885185012,CC
514,Willetta,Meletti,wmelettie9@com.com,Female,$546952.16,540889376,PP
515,Andriette,Kubal,akubalea@macromedia.com,Female,$599026.32,988047130,CC
516,Danica,Hustler,dhustlereb@boston.com,Female,$683155.56,899567964,PP
517,Hynda,Sawood,hsawoodec@xrea.com,Female,$657428.92,394475118,IT
518,Buckie,Brody,bbrodyed@nydailynews.com,Male,$513678.54,316135866,IT
519,Annabelle,Sarle,asarleee@friendfeed.com,Female,$253060.26,484534955,IT
520,Lidia,Mews,lmewsef@miibeian.gov.cn,Female,$867811.27,828031156,CC
521,Oralie,Thebeau,othebeaueg@fastcompany.com,Female,$553747.03,928398220,PP
522,Manfred,Dorot,mdoroteh@usa.gov,Male,$557264.41,600920346,PP
523,Al,Banstead,abansteadei@oakley.com,Male,$735560.15,463331750,IT
524,Carlie,Halcro,chalcroej@soup.io,Female,$931928.86,645600225,PP
525,Timoteo,Greiswood,tgreiswoodek@huffingtonpost.com,Male,$907750.19,939344992,CC
526,Zola,Frary,zfraryel@storify.com,Female,$789411.45,523985009,IT
527,Salli,Hellis,shellisem@ucoz.com,Female,$308439.15,492322603,PP
528,Marci,Dymocke,mdymockeen@hp.com,Female,$993395.97,411919011,CC
529,Patrica,Mein,pmeineo@shutterfly.com,Female,$546387.52,193531704,IT
530,Heath,Blacksell,hblacksellep@sohu.com,Male,$555975.44,595517110,PP
531,Hadlee,Limprecht,hlimprechteq@parallels.com,Male,$589204.00,480121744,IT
532,Anette,Barbara,abarbaraer@google.ru,Female,$699749.73,823603307,PP
533,Gwendolen,Mathieson,gmathiesones@google.fr,Female,$848681.73,355368539,PP
534,Robinett,Inmett,rinmettet@zdnet.com,Female,$123483.97,801603150,IT
535,Melvyn,Morston,mmorstoneu@mozilla.org,Male,$947999.44,283681811,IT
536,Jard,Yglesia,jyglesiaev@businessinsider.com,Male,$476635.99,51416127,IT
537,Corena,McClaurie,cmcclaurieew@sohu.com,Female,$716990.45,214369573,PP
538,Trixy,Shelper,tshelperex@timesonline.co.uk,Female,$502922.45,86585884,PP
539,Richie,Kupka,rkupkaey@tiny.cc,Male,$975570.84,544692637,PP
540,Quint,Rosin,qrosinez@so-net.ne.jp,Male,$130736.44,448415451,CC
541,Ilene,Ragborne,iragbornef0@jugem.jp,Female,$256160.36,824753059,IT
542,Henri,Thorald,hthoraldf1@sitemeter.com,Male,$127283.59,239478876,CC
543,Ernie,Fontanet,efontanetf2@washington.edu,Male,$363416.89,306632020,PP
544,Ramona,Spurden,rspurdenf3@salon.com,Female,$736818.34,412181006,IT
545,Vernor,Wabe,vwabef4@dmoz.org,Male,$265748.98,536525924,IT
546,Berthe,Ivanikhin,bivanikhinf5@shutterfly.com,Female,$693231.76,762001884,CC
547,Ibby,Bison,ibisonf6@deliciousdays.com,Female,$118324.40,268324296,CC
548,Marion,Faichnie,mfaichnief7@macromedia.com,Male,$263430.18,208069967,PP
549,Sibel,Durrant,sdurrantf8@wufoo.com,Female,$652818.74,194137892,CC
550,Christoffer,Tittletross,ctittletrossf9@wordpress.org,Male,$318286.01,403679197,CC
551,Lin,Lello,llellofa@nhs.uk,Female,$887769.99,677683222,PP
552,Tabb,McDunlevy,tmcdunlevyfb@ocn.ne.jp,Male,$913963.52,461000823,CC
553,Sasha,Halbard,shalbardfc@google.nl,Female,$492708.47,682602761,CC
554,Belia,Sawood,bsawoodfd@photobucket.com,Female,$360657.31,116203365,IT
555,Cassandre,Paddie,cpaddiefe@sciencedaily.com,Female,$937919.63,420741478,PP
556,Wylie,Quene,wqueneff@bing.com,Male,$751198.07,47357641,CC
557,Cazzie,Danshin,cdanshinfg@hhs.gov,Male,$451995.92,146027235,IT
558,Mace,Hargitt,mhargittfh@jugem.jp,Male,$697473.14,364742298,CC
559,Codie,Coveney,ccoveneyfi@unblog.fr,Female,$287216.62,775803818,PP
560,Quinn,Piatto,qpiattofj@omniture.com,Male,$450981.93,39871881,PP
561,Ogden,Birckmann,obirckmannfk@parallels.com,Male,$622736.70,152728661,IT
562,Maryjane,Sidon,msidonfl@newsvine.com,Female,$736373.47,185181567,IT
563,Christian,Balharry,cbalharryfm@cargocollective.com,Female,$235091.34,945499332,CC
564,Tab,Cohen,tcohenfn@npr.org,Male,$325241.39,772341810,CC
565,Jen,Bartke,jbartkefo@t-online.de,Female,$942757.75,943942977,CC
566,Ambur,Bewsey,abewseyfp@canalblog.com,Female,$439217.74,774154831,PP
567,Theodosia,Lehrmann,tlehrmannfq@cpanel.net,Female,$118399.07,770395230,IT
568,Oliviero,Pleven,oplevenfr@umn.edu,Male,$597735.97,356144285,CC
569,Mason,Adamczewski,madamczewskifs@theatlantic.com,Male,$147015.01,865615508,CC
570,Concordia,Nials,cnialsft@wordpress.com,Female,$722016.15,883330937,IT
571,Arlinda,St Clair,astclairfu@istockphoto.com,Female,$949659.86,766598980,PP
572,Anton,Yon,ayonfv@dagondesign.com,Male,$972957.23,746468610,PP
573,Roxie,Mitchely,rmitchelyfw@bizjournals.com,Female,$178033.11,39514279,IT
574,Arluene,Curtis,acurtisfx@ovh.net,Female,$607602.90,61084906,CC
575,Geoffry,Bull,gbullfy@wunderground.com,Male,$756157.08,46068138,PP
576,Susannah,Puncher,spuncherfz@mtv.com,Female,$194538.35,396405936,PP
577,Solomon,Minker,sminkerg0@blogspot.com,Male,$244356.11,501428356,CC
578,Zacharie,Orth,zorthg1@moonfruit.com,Male,$115245.65,729357639,CC
579,Lea,Hughman,lhughmang2@bloomberg.com,Female,$280089.89,18449391,IT
580,Kelcy,Ohlsen,kohlseng3@china.com.cn,Female,$979246.48,576014171,CC
581,Lorrin,Maffione,lmaffioneg4@booking.com,Female,$167273.98,803235079,IT
582,Jayson,Strangman,jstrangmang5@businesswire.com,Male,$617729.92,667138498,PP
583,Micky,Nickolls,mnickollsg6@youtube.com,Female,$285231.96,273736758,IT
584,Phillis,Kunisch,pkunischg7@jigsy.com,Female,$971252.79,346098284,IT
585,Gale,Trevorrow,gtrevorrowg8@g.co,Male,$811479.23,193273340,IT
586,Susan,Aldersea,salderseag9@archive.org,Female,$412860.00,941695483,CC
587,Krista,Morrow,kmorrowga@google.es,Female,$828154.27,861390784,PP
588,Katey,Bardill,kbardillgb@cloudflare.com,Female,$124834.32,619627843,CC
589,Arlan,Danielot,adanielotgc@slashdot.org,Male,$708538.58,872935923,IT
590,Audra,Gliddon,agliddongd@cmu.edu,Female,$360821.45,394370384,PP
591,Mahmud,Giacovetti,mgiacovettige@nsw.gov.au,Male,$149581.51,948183771,IT
592,Minette,Aicken,maickengf@earthlink.net,Female,$764555.86,804283585,PP
593,Mariya,Priestland,mpriestlandgg@bloomberg.com,Female,$327320.92,333376537,PP
594,Euphemia,Collough,ecolloughgh@google.com.br,Female,$620941.71,793878733,PP
595,Wilhelmina,Consterdine,wconsterdinegi@lulu.com,Female,$805031.32,104514482,IT
596,Fin,Cicchitello,fcicchitellogj@accuweather.com,Male,$974585.67,108056302,CC
597,Lara,Mavin,lmavingk@godaddy.com,Female,$510875.66,1035280569,CC
598,Rafaelia,Keoghan,rkeoghangl@hao123.com,Female,$917138.21,501721224,PP
599,Michell,Sprigings,msprigingsgm@blogger.com,Female,$327401.16,626625845,IT
600,Susie,Mutton,smuttongn@alibaba.com,Female,$530994.79,568988534,PP
601,Fabian,Glennard,fglennardgo@discovery.com,Male,$227940.47,887223071,PP
602,Aland,Starkey,astarkeygp@ocn.ne.jp,Male,$574068.22,520225590,CC
603,Morten,Codling,mcodlinggq@prlog.org,Male,$464737.44,753873943,PP
604,Garey,Billings,gbillingsgr@ask.com,Male,$862787.56,882788558,CC
605,Pierre,Lympenie,plympeniegs@live.com,Male,$302218.93,700340935,CC
606,Kore,Hutchence,khutchencegt@theguardian.com,Female,$500763.21,680579767,CC
607,Malorie,Southall,msouthallgu@domainmarket.com,Female,$886726.44,327690255,IT
608,Fabio,De Benedictis,fdebenedictisgv@sitemeter.com,Male,$809415.96,50908748,CC
609,Patrica,Sollett,psollettgw@amazon.co.jp,Female,$462184.43,134091572,PP
610,Melly,Bloy,mbloygx@examiner.com,Female,$180885.45,138454449,PP
611,Barnett,Godspeede,bgodspeedegy@paypal.com,Male,$345257.68,401004846,CC
612,Gustaf,Blesli,gblesligz@gnu.org,Male,$997417.10,28042870,PP
613,Leonie,De Michetti,ldemichettih0@msn.com,Female,$116226.71,247237100,CC
614,Gilberto,Wardel,gwardelh1@acquirethisname.com,Male,$871577.25,234237678,PP
615,Phyllis,Jutson,pjutsonh2@bandcamp.com,Female,$572700.14,794414880,IT
616,Hermann,Ivchenko,hivchenkoh3@zimbio.com,Male,$713810.38,486825784,PP
617,Carmelle,Finley,cfinleyh4@china.com.cn,Female,$858891.21,458286191,CC
618,Benjamen,Kelby,bkelbyh5@4shared.com,Male,$725062.88,47564466,PP
619,Gabbie,Cowle,gcowleh6@tamu.edu,Female,$850152.24,935733148,IT
620,Alfred,Championnet,achampionneth7@sciencedirect.com,Male,$772501.50,638783811,IT
621,Benyamin,Jayme,bjaymeh8@cnbc.com,Male,$571113.58,662625719,CC
622,Dulsea,Leverentz,dleverentzh9@statcounter.com,Female,$678501.19,174981737,PP
623,Luce,Rowney,lrowneyha@pagesperso-orange.fr,Male,$420408.20,182547064,IT
624,Jo ann,Matuska,jmatuskahb@globo.com,Female,$421258.20,302057880,PP
625,Arty,Glynn,aglynnhc@nationalgeographic.com,Male,$847658.97,666766920,PP
626,Heidie,Bryant,hbryanthd@furl.net,Female,$706583.85,463651835,PP
627,Carlin,Rispine,crispinehe@plala.or.jp,Male,$816704.40,471842785,CC
628,Melly,Prine,mprinehf@tinypic.com,Female,$794000.81,309686229,PP
629,Cleve,Crus,ccrushg@fotki.com,Male,$811406.63,614090464,CC
630,Hershel,Georgeot,hgeorgeothh@jiathis.com,Male,$918163.10,908171830,PP
631,Aleece,Celli,acellihi@biglobe.ne.jp,Female,$697463.78,788004818,PP
632,Kliment,Keener,kkeenerhj@geocities.com,Male,$975471.18,97647133,IT
633,Deedee,Graalmans,dgraalmanshk@creativecommons.org,Female,$651853.22,19372018,PP
634,Danna,Elsley,delsleyhl@ox.ac.uk,Female,$654365.86,201341358,CC
635,Drusilla,De Biasi,ddebiasihm@woothemes.com,Female,$293091.87,87680915,CC
636,Carry,O'Calleran,cocalleranhn@reddit.com,Female,$492003.70,772817880,PP
637,Alane,Prendergast,aprendergastho@home.pl,Female,$329271.95,279620305,IT
638,Barnie,Laytham,blaythamhp@nydailynews.com,Male,$245762.37,402554616,IT
639,Ginny,Beckers,gbeckershq@wired.com,Female,$484458.52,1014889075,IT
640,Caroljean,Lingwood,clingwoodhr@usa.gov,Female,$200256.12,926821512,IT
641,Camille,Haborn,chabornhs@ucoz.com,Female,$689436.96,960273782,CC
642,Petey,Heskins,pheskinsht@google.pl,Male,$783055.58,839816344,CC
643,Abby,Thornton,athorntonhu@stumbleupon.com,Male,$215395.58,28363736,IT
644,Morganica,de Almeida,mdealmeidahv@china.com.cn,Female,$884741.00,533092812,IT
645,Terri,Cason,tcasonhw@ca.gov,Male,$664560.48,947332689,IT
646,Sanders,Deelay,sdeelayhx@seesaa.net,Male,$887686.47,346309350,PP
647,Goober,Swinburn,gswinburnhy@wsj.com,Male,$132667.49,81192722,CC
648,Rorke,Houseman,rhousemanhz@opera.com,Male,$203594.85,659607948,PP
649,Nester,Headrick,nheadricki0@theguardian.com,Male,$101917.37,358810327,CC
650,Nanny,Earley,nearleyi1@dedecms.com,Female,$284102.02,615150977,IT
651,Yale,Stoodale,ystoodalei2@msn.com,Male,$921850.53,1008856113,CC
652,Steffen,Gleadhell,sgleadhelli3@japanpost.jp,Male,$397964.11,454757157,IT
653,Urson,Jenno,ujennoi4@dell.com,Male,$684182.45,942161935,PP
654,Anallise,Killimister,akillimisteri5@ucoz.com,Female,$673573.48,99937467,CC
655,Ricki,Gossipin,rgossipini6@oracle.com,Male,$788600.93,971638282,PP
656,Koressa,Joplin,kjoplini7@studiopress.com,Female,$529880.52,401820189,IT
657,Loni,Wolstenholme,lwolstenholmei8@tiny.cc,Female,$158402.14,343134515,CC
658,Alexandros,Reignolds,areignoldsi9@studiopress.com,Male,$842521.90,44399128,IT
659,Rice,Brixey,rbrixeyia@wired.com,Male,$482846.89,945652539,PP
660,Kelsey,Raynton,krayntonib@blogger.com,Male,$990917.23,222811478,CC
661,Sylvester,Bart,sbartic@scribd.com,Male,$731464.71,829618497,PP
662,Kaila,Droogan,kdrooganid@yahoo.co.jp,Female,$322101.41,10695676,IT
663,Guillema,Alflatt,galflattie@netscape.com,Female,$643962.86,184443208,PP
664,Clifford,le Keux,clekeuxif@nationalgeographic.com,Male,$242622.01,193588157,PP
665,Adara,Mostin,amostinig@sakura.ne.jp,Female,$780163.20,1001460672,IT
666,Joelly,Rozalski,jrozalskiih@hud.gov,Female,$988380.46,980207383,PP
667,Baudoin,Charters,bchartersii@google.nl,Male,$951553.57,696280535,CC
668,Brose,Aylin,baylinij@webmd.com,Male,$138907.02,409551397,IT
669,Abbie,Brenston,abrenstonik@fema.gov,Male,$679828.43,819734949,CC
670,Flem,Chiechio,fchiechioil@digg.com,Male,$693922.84,230316895,IT
671,Karol,Mogford,kmogfordim@is.gd,Female,$504523.17,583678495,PP
672,Ignaz,Burnsell,iburnsellin@cisco.com,Male,$841076.75,446469452,IT
673,Salim,Levermore,slevermoreio@istockphoto.com,Male,$857741.38,894646056,PP
674,Lenci,McGinn,lmcginnip@mapy.cz,Male,$973494.27,596226265,IT
675,Trixie,Caze,tcazeiq@fotki.com,Female,$407310.73,627776693,PP
676,Loraine,Ashwell,lashwellir@smugmug.com,Female,$651488.81,82271377,IT
677,Keefe,Papen,kpapenis@networkadvertising.org,Male,$299878.77,6072374,CC
678,Andros,Hamilton,ahamiltonit@csmonitor.com,Male,$939386.88,343767272,PP
679,Sarena,Petlyura,spetlyuraiu@paypal.com,Female,$470814.78,279427015,CC
680,Derby,Feckey,dfeckeyiv@upenn.edu,Male,$537406.29,876830951,CC
681,Tucky,Savins,tsavinsiw@auda.org.au,Male,$271908.59,1035708571,IT
682,Mischa,Bohills,mbohillsix@mozilla.org,Male,$814885.53,304103617,IT
683,Carly,Eliasen,celiaseniy@homestead.com,Female,$768874.82,119181087,CC
684,Nanni,Saul,nsauliz@pbs.org,Female,$791399.46,357632541,CC
685,Saraann,Garrud,sgarrudj0@tripadvisor.com,Female,$804363.75,1030680140,IT
686,Brandice,Bebbell,bbebbellj1@angelfire.com,Female,$658090.54,702926445,CC
687,Chester,Thornber,cthornberj2@dagondesign.com,Male,$610489.20,931792906,CC
688,Valle,Arman,varmanj3@timesonline.co.uk,Male,$708870.88,673258100,PP
689,Sayre,Revey,sreveyj4@theguardian.com,Male,$166793.32,440216575,CC
690,Arlana,Crumpton,acrumptonj5@twitter.com,Female,$437031.72,139790214,CC
691,Emmery,Briggs,ebriggsj6@tuttocitta.it,Male,$373605.36,185020393,IT
692,Denice,Borell,dborellj7@barnesandnoble.com,Female,$433190.56,120723531,PP
693,Alexa,Pavis,apavisj8@adobe.com,Female,$427870.85,327848488,CC
694,Effie,McAvey,emcaveyj9@whitehouse.gov,Female,$836284.61,76489631,IT
695,Wandis,Blick,wblickja@creativecommons.org,Female,$181809.25,1035684264,IT
696,Elspeth,Thumim,ethumimjb@businessinsider.com,Female,$382490.51,601379906,CC
697,Stirling,Hinstock,shinstockjc@nasa.gov,Male,$635793.28,501698912,CC
698,Ray,Manger,rmangerjd@theguardian.com,Female,$387203.45,233504708,PP
699,Stacy,Coleiro,scoleiroje@hugedomains.com,Male,$714248.57,417280121,CC
700,Rutter,Newlove,rnewlovejf@weibo.com,Male,$824149.53,220562318,CC
701,Lucine,Dowse,ldowsejg@un.org,Female,$411301.89,857164922,CC
702,Elisabeth,Ellaman,eellamanjh@imgur.com,Female,$188195.84,770276200,PP
703,Kesley,Strudwick,kstrudwickji@archive.org,Female,$715170.59,467399589,PP
704,Hyacinthie,Jakoviljevic,hjakoviljevicjj@tuttocitta.it,Female,$334126.68,835376359,IT
705,Nevsa,Andrick,nandrickjk@globo.com,Female,$200509.32,530359468,CC
706,Taber,Gadie,tgadiejl@mysql.com,Male,$194200.94,140093259,PP
707,Rube,Swadlinge,rswadlingejm@comcast.net,Male,$624500.41,876138008,CC
708,Roberto,Peebles,rpeeblesjn@php.net,Male,$754032.62,365906508,PP
709,Brannon,Guinan,bguinanjo@edublogs.org,Male,$687483.74,149400723,PP
710,Roosevelt,Rabl,rrabljp@de.vu,Male,$225831.83,953541314,IT
711,Cart,Heck,checkjq@nhs.uk,Male,$277974.77,817531183,CC
712,Timmy,Fell,tfelljr@google.fr,Male,$795656.43,948569576,IT
713,Mickie,Esherwood,mesherwoodjs@plala.or.jp,Female,$806881.99,337565828,IT
714,Julio,Farnfield,jfarnfieldjt@home.pl,Male,$249125.90,143262347,PP
715,Audra,Bucky,abuckyju@people.com.cn,Female,$744886.52,793315526,CC
716,Filberte,Garm,fgarmjv@rakuten.co.jp,Male,$404375.17,958708851,PP
717,Arron,Ovenden,aovendenjw@yolasite.com,Male,$942057.05,933125352,IT
718,Glenna,Tackell,gtackelljx@ask.com,Female,$252440.16,807565397,CC
719,Kingsley,Grahamslaw,kgrahamslawjy@facebook.com,Male,$905536.76,89524921,CC
720,Babbette,Havis,bhavisjz@hp.com,Female,$818726.34,932050736,PP
721,Stefano,Wallen,swallenk0@wp.com,Male,$535431.52,750050425,CC
722,Ferguson,Whatsize,fwhatsizek1@state.gov,Male,$353138.81,801436798,CC
723,Dedie,Girling,dgirlingk2@scribd.com,Female,$635585.81,1043156999,PP
724,Aldous,Simoes,asimoesk3@oracle.com,Male,$412455.34,628023185,IT
725,Trista,Waskett,twaskettk4@creativecommons.org,Female,$938886.44,981695925,CC
726,Zane,Blinman,zblinmank5@dedecms.com,Male,$483808.27,1029648585,CC
727,Gayler,Wallbank,gwallbankk6@usgs.gov,Male,$581763.28,612228194,CC
728,Ethan,Blesli,ebleslik7@php.net,Male,$603685.84,890243779,PP
729,Ike,Maffione,imaffionek8@edublogs.org,Male,$465574.67,604873193,CC
730,Clair,Dunkerly,cdunkerlyk9@fastcompany.com,Female,$387783.73,184804925,PP
731,Nick,Collerd,ncollerdka@ibm.com,Male,$769461.20,815567271,IT
732,Iain,Gull,igullkb@abc.net.au,Male,$562722.72,67286736,PP
733,Johnnie,Sleeny,jsleenykc@bandcamp.com,Male,$795718.90,222883109,IT
734,Chiarra,Brasier,cbrasierkd@geocities.com,Female,$823389.39,591457897,CC
735,Aurelia,Mauro,amauroke@weibo.com,Female,$322178.51,225384124,IT
736,Mar,Hoffmann,mhoffmannkf@senate.gov,Male,$274659.34,134730969,PP
737,Ole,Robardet,orobardetkg@tamu.edu,Male,$799783.60,112464435,CC
738,Godart,Vernau,gvernaukh@ed.gov,Male,$257243.28,458119705,IT
739,Nicky,Cherryman,ncherrymanki@furl.net,Male,$742896.89,795560441,IT
740,Si,Postan,spostankj@mapy.cz,Male,$838930.19,337147951,IT
741,Jill,Covington,jcovingtonkk@cnn.com,Female,$980607.22,771276041,PP
742,Berte,Druitt,bdruittkl@hp.com,Female,$675926.46,70000945,CC
743,Gilberto,Scarce,gscarcekm@smh.com.au,Male,$288831.34,316650080,IT
744,Winny,Dudeney,wdudeneykn@rambler.ru,Male,$767388.36,270991656,PP
745,Deborah,Vlasyuk,dvlasyukko@boston.com,Female,$127586.16,10021532,CC
746,Harcourt,Greenhaugh,hgreenhaughkp@vimeo.com,Male,$517930.87,593704541,IT
747,Malva,Docket,mdocketkq@tripod.com,Female,$644268.99,148551117,PP
748,Selma,Le Conte,slecontekr@sfgate.com,Female,$285456.86,47949353,IT
749,Karim,Giordano,kgiordanoks@nsw.gov.au,Male,$636252.80,883412195,PP
750,Natividad,Danielli,ndaniellikt@gmpg.org,Female,$428678.94,48081185,PP
751,Pail,Goaks,pgoaksku@mapquest.com,Male,$790537.27,776025632,CC
752,Marget,Wyss,mwysskv@marriott.com,Female,$546455.06,872051692,IT
753,Valaria,Sambeck,vsambeckkw@netlog.com,Female,$608391.81,161839899,CC
754,Ricardo,MacKay,rmackaykx@technorati.com,Male,$144552.81,474522367,CC
755,Mehetabel,Pasticznyk,mpasticznykky@google.de,Female,$644126.16,704621208,IT
756,Reilly,Freshwater,rfreshwaterkz@jugem.jp,Male,$877003.61,860071052,CC
757,Stan,Palliser,spalliserl0@indiegogo.com,Male,$987904.67,826988802,IT
758,Sandy,Hargerie,shargeriel1@ehow.com,Male,$138561.37,504607530,CC
759,Marinna,Bruhnicke,mbruhnickel2@hubpages.com,Female,$909528.07,501768962,PP
760,Bird,Petre,bpetrel3@vkontakte.ru,Female,$226546.03,648011494,PP
761,Vittoria,Hansen,vhansenl4@census.gov,Female,$697917.99,700014652,PP
762,Myrtice,Betham,mbethaml5@hostgator.com,Female,$574912.11,105079074,IT
763,Lucien,Garforth,lgarforthl6@123-reg.co.uk,Male,$262230.44,824729753,CC
764,Sterne,Edworthie,sedworthiel7@usatoday.com,Male,$664306.18,147417419,CC
765,Franny,Lerven,flervenl8@dell.com,Female,$862329.47,557835548,PP
766,Thomasa,Jellybrand,tjellybrandl9@mozilla.com,Female,$604116.12,209658525,PP
767,Andreana,Vasyunichev,avasyunichevla@phpbb.com,Female,$174267.00,925530376,CC
768,Waneta,Yegorev,wyegorevlb@fastcompany.com,Female,$635694.62,387307651,CC
769,Shaylah,Massei,smasseilc@globo.com,Female,$939762.09,303190803,CC
770,Brenna,Colnett,bcolnettld@elpais.com,Female,$624320.97,889221297,CC
771,Lacie,Gissing,lgissingle@marketwatch.com,Female,$269485.21,937686655,IT
772,Karlis,Klus,kkluslf@epa.gov,Male,$718131.67,219556080,PP
773,Chip,Babcock,cbabcocklg@senate.gov,Male,$436992.98,169630390,PP
774,Bartie,Mariner,bmarinerlh@imdb.com,Male,$918870.58,809496892,CC
775,Haskel,Spratt,hsprattli@youku.com,Male,$558397.20,901609095,CC
776,Chance,Mapowder,cmapowderlj@mayoclinic.com,Male,$366829.89,961714391,IT
777,Alethea,Chmiel,achmiellk@xrea.com,Female,$889925.52,61898555,PP
778,Katey,Wrintmore,kwrintmorell@unblog.fr,Female,$716389.97,450367709,PP
779,Catrina,Drinkall,cdrinkalllm@i2i.jp,Female,$731994.99,758600747,IT
780,Baxy,Fahrenbacher,bfahrenbacherln@mozilla.com,Male,$476865.34,317030920,PP
781,Theresina,Le Fleming,tlefleminglo@timesonline.co.uk,Female,$722340.47,1033077974,IT
782,Clarance,Quest,cquestlp@multiply.com,Male,$837337.35,846385971,CC
783,Thayne,Botcherby,tbotcherbylq@kickstarter.com,Male,$733878.41,958745197,PP
784,Astrix,Copas,acopaslr@meetup.com,Female,$953098.16,441064985,CC
785,Inglebert,Castagnone,icastagnonels@eepurl.com,Male,$518436.32,227509001,CC
786,Marie-jeanne,Dudill,mdudilllt@indiatimes.com,Female,$869135.86,299310562,IT
787,Marcelline,Whaymand,mwhaymandlu@a8.net,Female,$948629.83,834554732,CC
788,Viviene,Stobbs,vstobbslv@barnesandnoble.com,Female,$884627.92,630554745,PP
789,Berne,Ithell,bithelllw@wufoo.com,Male,$826256.43,962621144,IT
790,Midge,Vannucci,mvannuccilx@t.co,Female,$111293.05,713802242,CC
791,Gustavo,Limeburner,glimeburnerly@bbc.co.uk,Male,$824898.07,100928305,PP
792,Desiree,Levine,dlevinelz@comcast.net,Female,$523396.18,669058886,IT
793,Bettine,Chesman,bchesmanm0@cbc.ca,Female,$178954.59,796388873,IT
794,Elspeth,Hyndman,ehyndmanm1@mysql.com,Female,$445632.94,132841154,IT
795,Karim,Alessandrucci,kalessandruccim2@usatoday.com,Male,$578278.14,921122327,PP
796,Joete,Guyan,jguyanm3@blogs.com,Female,$274806.25,132692512,CC
797,Marc,O' Cuolahan,mocuolahanm4@ucoz.com,Male,$880872.42,339375915,CC
798,Emylee,Korfmann,ekorfmannm5@state.tx.us,Female,$398351.23,321613174,IT
799,Gerhardine,Seaton,gseatonm6@loc.gov,Female,$518627.52,735217014,PP
800,Andrew,Bewlay,abewlaym7@who.int,Male,$849061.76,514336621,PP
801,Jazmin,Rihanek,jrihanekm8@ihg.com,Female,$264975.84,148059704,CC
802,Lindi,Readman,lreadmanm9@discuz.net,Female,$197542.91,434154726,CC
803,Templeton,Burnes,tburnesma@blogger.com,Male,$331517.15,1047201746,PP
804,Mendy,Mohan,mmohanmb@github.com,Male,$251801.51,382324479,CC
805,Skylar,Cherry,scherrymc@tamu.edu,Male,$800144.83,714506424,IT
806,Elysia,Wornum,ewornummd@wufoo.com,Female,$836583.07,39092853,PP
807,Angelita,Budleigh,abudleighme@sohu.com,Female,$320672.38,27290922,IT
808,Alleyn,Backler,abacklermf@whitehouse.gov,Male,$699067.88,306067932,CC
809,Dene,Nuss,dnussmg@e-recht24.de,Male,$848296.47,400213279,CC
810,Garrek,Paslow,gpaslowmh@vistaprint.com,Male,$842434.91,1039860568,PP
811,Micah,Arnolds,marnoldsmi@google.it,Male,$527384.77,528776648,CC
812,Burtie,Gorman,bgormanmj@printfriendly.com,Male,$391360.22,849362478,PP
813,Creighton,Glazyer,cglazyermk@senate.gov,Male,$819569.35,441762354,CC
814,Ianthe,Stoffels,istoffelsml@wikimedia.org,Female,$470847.41,450351859,IT
815,Silas,Lowle,slowlemm@jiathis.com,Male,$468424.59,410424012,IT
816,Rafaelia,Learmouth,rlearmouthmn@who.int,Female,$320762.45,838648751,CC
817,Harris,Pacey,hpaceymo@livejournal.com,Male,$670769.29,884778023,IT
818,Jim,Fontelles,jfontellesmp@reuters.com,Male,$980866.58,971412693,PP
819,Thoma,Gaddesby,tgaddesbymq@scientificamerican.com,Male,$580553.30,55172443,CC
820,Welsh,Leake,wleakemr@360.cn,Male,$115638.51,766702199,PP
821,Zeb,Andreaccio,zandreaccioms@businessweek.com,Male,$841262.25,559294957,IT
822,Sherman,Lochrie,slochriemt@parallels.com,Male,$346087.75,320949059,CC
823,Urson,Di Roberto,udirobertomu@zimbio.com,Male,$719799.11,662746883,IT
824,Arielle,Barczewski,abarczewskimv@imageshack.us,Female,$624934.01,841426129,IT
825,Reeta,Troke,rtrokemw@chron.com,Female,$912940.06,912736124,IT
826,Marjorie,Haggarth,mhaggarthmx@github.com,Female,$928584.11,761528575,IT
827,Jerrie,Kynan,jkynanmy@eventbrite.com,Male,$734691.45,936868164,PP
828,Harald,Rolland,hrollandmz@noaa.gov,Male,$530103.93,143888092,CC
829,Burlie,Opfer,bopfern0@theguardian.com,Male,$476689.57,1028560532,PP
830,Paula,O'Duggan,poduggann1@fotki.com,Female,$860189.69,964581687,CC
831,Man,Mayston,mmaystonn2@netscape.com,Male,$437284.21,839279025,IT
832,Ryann,Mallabon,rmallabonn3@prlog.org,Female,$558898.78,976692269,CC
833,Stefa,Bridgstock,sbridgstockn4@apple.com,Female,$479552.66,59461100,PP
834,Shannah,Aucott,saucottn5@disqus.com,Female,$223595.84,885403482,CC
835,Shamus,Imort,simortn6@admin.ch,Male,$976844.67,638983222,PP
836,Austine,Royds,aroydsn7@macromedia.com,Female,$111644.76,403482891,PP
837,Aguistin,Colwell,acolwelln8@last.fm,Male,$735954.27,735758245,PP
838,Gerardo,Sorro,gsorron9@uol.com.br,Male,$144089.45,155716448,IT
839,Jade,Paley,jpaleyna@last.fm,Female,$508336.59,939222491,PP
840,Emlyn,Smalridge,esmalridgenb@mediafire.com,Female,$349747.10,661013319,PP
841,Worthington,Glitherow,wglitherownc@prweb.com,Male,$902979.94,658099074,IT
842,Carlynne,Kiddell,ckiddellnd@si.edu,Female,$355235.28,354629248,IT
843,Irving,Martinets,imartinetsne@prweb.com,Male,$540495.48,783901791,IT
844,Hermann,Griss,hgrissnf@etsy.com,Male,$997977.57,54699541,PP
845,Glori,Castelain,gcastelainng@discuz.net,Female,$261763.04,557706340,CC
846,Carmelina,Ettels,cettelsnh@economist.com,Female,$941240.13,271335319,IT
847,Meaghan,Stoffersen,mstoffersenni@archive.org,Female,$688557.99,674997334,IT
848,Tracie,Tenby,ttenbynj@reverbnation.com,Female,$814794.86,433870410,CC
849,Cesar,Abramof,cabramofnk@youku.com,Male,$321142.98,849719148,CC
850,Stephi,Cicero,sciceronl@cdbaby.com,Female,$642843.78,199053768,IT
851,Marget,Kealy,mkealynm@blog.com,Female,$312397.29,903361729,CC
852,Luca,Partner,lpartnernn@hc360.com,Male,$907604.24,56853027,PP
853,Nert,MacHoste,nmachosteno@diigo.com,Female,$779034.88,425171387,PP
854,Moss,Jefferd,mjefferdnp@hhs.gov,Male,$912084.59,237380357,PP
855,Emyle,Sandle,esandlenq@mapy.cz,Female,$863391.12,143987584,PP
856,Rosalinde,Fishbourn,rfishbournnr@nytimes.com,Female,$310673.64,1032827945,PP
857,Gilbertina,Faier,gfaierns@xinhuanet.com,Female,$736236.20,178555127,PP
858,Morry,Normington,mnormingtonnt@google.it,Male,$625194.22,441722530,PP
859,Quincy,Livings,qlivingsnu@go.com,Male,$660367.73,164198429,IT
860,Osbourn,Grastye,ograstyenv@sciencedirect.com,Male,$196426.17,763428448,PP
861,Hartley,Vasyutichev,hvasyutichevnw@wired.com,Male,$477882.79,593200534,PP
862,Vanya,Devereux,vdevereuxnx@vistaprint.com,Female,$519225.79,921741773,PP
863,Juliet,Ogley,jogleyny@drupal.org,Female,$201915.38,27088526,CC
864,Meghan,Oakwood,moakwoodnz@bing.com,Female,$777809.40,392284418,CC
865,Freeman,Bracey,fbraceyo0@360.cn,Male,$340472.15,937394889,PP
866,Shay,Sterrie,ssterrieo1@hatena.ne.jp,Female,$438224.83,1038509829,PP
867,Matthaeus,Brobyn,mbrobyno2@mail.ru,Male,$493604.14,836197941,PP
868,Deerdre,Scroxton,dscroxtono3@paginegialle.it,Female,$432395.69,298908759,CC
869,Jennine,Chadd,jchaddo4@zimbio.com,Female,$694036.43,802671720,PP
870,Ludwig,Trimme,ltrimmeo5@tinyurl.com,Male,$270975.19,432883740,CC
871,Faina,Killerby,fkillerbyo6@loc.gov,Female,$353767.11,1045077253,CC
872,Lida,Tegler,lteglero7@soup.io,Female,$128360.49,358632954,IT
873,Teodora,Lippini,tlippinio8@skyrock.com,Female,$295224.05,70926283,IT
874,Ely,Nutt,enutto9@google.com.br,Male,$927245.55,676564218,CC
875,Ky,Slidders,ksliddersoa@usgs.gov,Male,$442967.60,866942793,IT
876,Min,McClarence,mmcclarenceob@hugedomains.com,Female,$944347.05,646284665,PP
877,Rubia,O'Bradain,robradainoc@columbia.edu,Female,$450611.46,361455307,PP
878,Trev,State,tstateod@etsy.com,Male,$905724.95,164037230,CC
879,Roldan,Belchambers,rbelchambersoe@tmall.com,Male,$425326.33,110013593,CC
880,Carole,Gloves,cglovesof@nhs.uk,Female,$977285.49,969538890,CC
881,Eddi,McTrustrie,emctrustrieog@free.fr,Female,$376111.87,763953406,PP
882,Fancie,Bearblock,fbearblockoh@yahoo.co.jp,Female,$848926.50,16173489,CC
883,Noami,Chander,nchanderoi@admin.ch,Female,$273397.44,508205995,CC
884,Sib,Syrie,ssyrieoj@accuweather.com,Female,$213024.48,963434482,CC
885,Jeniece,Disbrey,jdisbreyok@skyrock.com,Female,$811560.05,962603596,CC
886,Jade,Meiklem,jmeiklemol@newyorker.com,Female,$311911.24,847988766,IT
887,Ellery,Onthank,eonthankom@japanpost.jp,Male,$639638.01,538438230,PP
888,Mollee,Petrazzi,mpetrazzion@hud.gov,Female,$886096.86,290659546,PP
889,Conant,Sycamore,csycamoreoo@weather.com,Male,$484754.40,598881512,IT
890,Brnaba,Chesshire,bchesshireop@hugedomains.com,Male,$386155.27,709465017,PP
891,Ev,Mor,emoroq@histats.com,Male,$783579.52,724137313,PP
892,Edwin,Tomankowski,etomankowskior@jimdo.com,Male,$531058.05,878794456,IT
893,Lamont,Bliven,lblivenos@sitemeter.com,Male,$827955.37,839778122,IT
894,Sandi,Gorgen,sgorgenot@bluehost.com,Female,$826368.23,526788135,PP
895,Chaunce,Bullcock,cbullcockou@yahoo.co.jp,Male,$811145.88,719040951,CC
896,Nolie,Van Driel,nvandrielov@rakuten.co.jp,Female,$762853.90,888960954,PP
897,Clementine,Olligan,colliganow@netvibes.com,Female,$587745.71,13831923,PP
898,Deborah,Barneville,dbarnevilleox@latimes.com,Female,$182649.57,436282588,CC
899,Earvin,Royste,eroysteoy@surveymonkey.com,Male,$479671.47,991756838,IT
900,Willi,Rewbottom,wrewbottomoz@senate.gov,Male,$656231.64,901717772,IT
901,Oran,Scoble,oscoblep0@un.org,Male,$435052.59,451722565,PP
902,Laryssa,Rispen,lrispenp1@aboutads.info,Female,$221226.76,323904475,PP
903,Bibbye,Boyen,bboyenp2@prnewswire.com,Female,$496904.20,86123249,CC
904,Boyce,Handes,bhandesp3@biglobe.ne.jp,Male,$471782.56,240183215,IT
905,Brendon,Szymczyk,bszymczykp4@state.gov,Male,$684086.70,436293133,IT
906,Webster,Rowsell,wrowsellp5@theglobeandmail.com,Male,$615719.66,246799409,PP
907,Inglis,Hiers,ihiersp6@amazon.co.uk,Male,$977587.23,915348868,IT
908,Ingra,Stelfox,istelfoxp7@seattletimes.com,Male,$643163.66,463770276,IT
909,Son,Fasey,sfaseyp8@reverbnation.com,Male,$392851.60,677263708,CC
910,Magnum,Fassan,mfassanp9@sbwire.com,Male,$405564.90,858669386,IT
911,Lewie,Trollope,ltrollopepa@exblog.jp,Male,$268208.56,1005225223,PP
912,Hank,Fobidge,hfobidgepb@nytimes.com,Male,$662522.81,446426433,PP
913,Judye,Vaun,jvaunpc@t-online.de,Female,$789979.29,189186621,CC
914,Minerva,Dunhill,mdunhillpd@imageshack.us,Female,$974042.18,688137214,PP
915,Iolanthe,Thursfield,ithursfieldpe@ft.com,Female,$661379.07,617109828,CC
916,Maribelle,Foucher,mfoucherpf@dion.ne.jp,Female,$872824.68,727850443,CC
917,Rupert,McLeod,rmcleodpg@answers.com,Male,$719609.96,26851006,PP
918,Frans,Athy,fathyph@admin.ch,Male,$635191.96,41370808,PP
919,Nicolina,Moodie,nmoodiepi@nymag.com,Female,$498351.03,222136946,IT
920,Margaret,Carlsson,mcarlssonpj@constantcontact.com,Female,$529124.58,403336249,CC
921,Demetris,Guirardin,dguirardinpk@vistaprint.com,Male,$972538.11,24660869,CC
922,Ruperto,Mauchlen,rmauchlenpl@bigcartel.com,Male,$564829.93,917923320,PP
923,Matthieu,Pyzer,mpyzerpm@sakura.ne.jp,Male,$383546.37,964567175,IT
924,Bryn,Swiers,bswierspn@wikimedia.org,Female,$384076.03,182480350,PP
925,Lynne,Wedmore,lwedmorepo@issuu.com,Female,$623760.39,632509300,PP
926,Fonsie,McCrea,fmccreapp@hhs.gov,Male,$176239.65,496985263,PP
927,Ginelle,Shufflebotham,gshufflebothampq@va.gov,Female,$660694.80,800846541,CC
928,Isis,Oaks,ioakspr@g.co,Female,$860191.15,701438776,CC
929,Rhetta,Dabnot,rdabnotps@com.com,Female,$381574.46,405741098,PP
930,Edita,Greenaway,egreenawaypt@latimes.com,Female,$555332.37,95600807,PP
931,Agneta,Hogbin,ahogbinpu@yolasite.com,Female,$276802.53,76175485,IT
932,Ame,Crosser,acrosserpv@ebay.com,Female,$897907.86,978379169,PP
933,Allis,Pitcaithley,apitcaithleypw@phoca.cz,Female,$185865.91,259046158,PP
934,Addison,Glenister,aglenisterpx@cisco.com,Male,$913111.78,373298784,PP
935,Glyn,Dukes,gdukespy@myspace.com,Female,$643614.90,202132597,CC
936,Immanuel,Cosham,icoshampz@google.cn,Male,$707564.53,528601791,PP
937,Lockwood,Poxton,lpoxtonq0@opera.com,Male,$235755.98,951507769,IT
938,Maximilien,McMonies,mmcmoniesq1@51.la,Male,$101084.13,15175259,PP
939,Niko,Devall,ndevallq2@arstechnica.com,Male,$102693.21,470044584,PP
940,Rollo,Coraini,rcorainiq3@cdbaby.com,Male,$497049.12,924664752,PP
941,Fay,Rothchild,frothchildq4@nature.com,Female,$983723.66,905171717,PP
942,Chrissie,Donnan,cdonnanq5@pagesperso-orange.fr,Female,$604779.24,575218224,CC
943,Willey,Tumbridge,wtumbridgeq6@i2i.jp,Male,$693090.57,891555627,CC
944,Letizia,Osgerby,losgerbyq7@mysql.com,Female,$757968.62,873155889,IT
945,Darrelle,Game,dgameq8@paginegialle.it,Female,$753317.33,167838038,CC
946,Basilius,Fussen,bfussenq9@histats.com,Male,$216401.04,261077121,IT
947,Ede,Bertelet,eberteletqa@cam.ac.uk,Female,$252723.68,97576086,PP
948,Flynn,Izzatt,fizzattqb@census.gov,Male,$372112.69,625528268,PP
949,Goran,Esel,geselqc@walmart.com,Male,$529124.38,153500615,CC
950,Barbey,Underdown,bunderdownqd@xing.com,Female,$352354.17,156839155,CC
951,Peggie,Collingdon,pcollingdonqe@wisc.edu,Female,$368802.63,207770353,PP
952,Alanah,Strivens,astrivensqf@amazon.com,Female,$157180.20,769040625,CC
953,Valentia,Bullan,vbullanqg@npr.org,Female,$853226.10,560163129,CC
954,Iorgos,Tembridge,itembridgeqh@drupal.org,Male,$541100.14,690155817,PP
955,Pietra,Spicer,pspicerqi@engadget.com,Female,$682647.78,633158434,IT
956,Dione,Lannen,dlannenqj@cbsnews.com,Female,$608598.65,558328357,PP
957,Quinta,Finnick,qfinnickqk@globo.com,Female,$330034.47,429502983,PP
958,Petronille,Pinchin,ppinchinql@feedburner.com,Female,$814104.42,405804060,CC
959,Nanny,Auton,nautonqm@liveinternet.ru,Female,$141232.67,659436408,IT
960,Joelle,Roderick,jroderickqn@youtube.com,Female,$636140.81,42192404,CC
961,Kristoforo,Songist,ksongistqo@state.gov,Male,$407993.08,536927495,IT
962,Carrol,Hissett,chissettqp@home.pl,Male,$617660.65,1011801776,IT
963,Elset,Cuddehay,ecuddehayqq@vkontakte.ru,Female,$512285.21,26441509,PP
964,Odella,Swayton,oswaytonqr@nbcnews.com,Female,$177235.23,694352079,IT
965,Woody,Marti,wmartiqs@dailymail.co.uk,Male,$404724.90,189018107,IT
966,Franciska,Gremane,fgremaneqt@chron.com,Female,$100486.10,306370832,IT
967,Yancey,Kliement,ykliementqu@dailymotion.com,Male,$177167.09,693816339,IT
968,Michel,Tunkin,mtunkinqv@kickstarter.com,Male,$556890.22,327896045,PP
969,Armstrong,Game,agameqw@howstuffworks.com,Male,$984495.12,694283454,IT
970,Rowney,Guiness,rguinessqx@posterous.com,Male,$576943.06,491130079,CC
971,Naoma,Chimienti,nchimientiqy@instagram.com,Female,$578892.73,709468721,IT
972,Osgood,Demogeot,odemogeotqz@apple.com,Male,$933892.00,412134992,CC
973,Vidovic,Dumberell,vdumberellr0@merriam-webster.com,Male,$615949.84,987086038,IT
974,Harbert,Bowling,hbowlingr1@bizjournals.com,Male,$571424.48,218756014,IT
975,Daisey,Breeder,dbreederr2@slideshare.net,Female,$871806.16,142423516,PP
976,Banky,Cadney,bcadneyr3@canalblog.com,Male,$830150.40,82964721,PP
977,Clarisse,Eastwell,ceastwellr4@devhub.com,Female,$986243.44,1013230951,PP
978,Deeyn,Jaumet,djaumetr5@t.co,Female,$588937.85,659907477,PP
979,Jonie,Venning,jvenningr6@buzzfeed.com,Female,$276823.83,976640289,PP
980,Sela,Rosander,srosanderr7@redcross.org,Female,$830034.59,985353560,CC
981,Christiana,Benneton,cbennetonr8@youku.com,Female,$676385.20,903979350,CC
982,Elmer,Tock,etockr9@who.int,Male,$365253.81,804425927,CC
983,Grant,McNess,gmcnessra@reuters.com,Male,$749440.47,451625601,CC
984,Chastity,Gilbee,cgilbeerb@businessweek.com,Female,$454151.42,581989621,CC
985,Barbi,Jewson,bjewsonrc@plala.or.jp,Female,$349382.15,687768470,CC
986,Willyt,Broxup,wbroxuprd@shareasale.com,Female,$133094.40,998424413,CC
987,Willard,Flook,wflookre@reddit.com,Male,$304413.61,512016244,IT
988,Rici,Rodden,rroddenrf@nhs.uk,Female,$512478.79,624205418,CC
989,Roley,Fiddler,rfiddlerrg@plala.or.jp,Male,$788774.18,1002495629,CC
990,Zared,Bubbins,zbubbinsrh@last.fm,Male,$365954.62,752724927,PP
991,Sherill,Shulver,sshulverri@dion.ne.jp,Female,$125123.67,979286534,IT
992,Nelia,Le - Count,nlecountrj@webs.com,Female,$580379.76,877849980,IT
993,Joelle,McEvon,jmcevonrk@google.ca,Female,$321023.07,723413162,IT
994,Ole,Nesby,onesbyrl@gravatar.com,Male,$288507.13,504164655,CC
995,Tiffie,Guillem,tguillemrm@live.com,Female,$479854.35,946357253,PP
996,Tabor,Spurret,tspurretrn@japanpost.jp,Male,$372405.72,722526587,CC
997,Charo,Theodore,ctheodorero@twitter.com,Female,$737281.05,100983456,PP
998,Sterling,Kidstone,skidstonerp@amazon.co.uk,Male,$419030.75,327737331,CC
999,Hermie,Tuck,htuckrq@exblog.jp,Male,$902681.38,881211178,CC
1000,Alfy,Padbury,apadburyrr@nytimes.com,Male,$330354.87,719312104,CC
