id,nombre,apellido,email,genero,valor_tx,numero_identificacion,tipo_identificacion
1,Diana,Coltman,dcoltman0@trellian.com,Female,$281441.84,512855546,PP
2,Clovis,Eringey,ceringey1@oakley.com,Female,$321652.88,1003669513,CC
3,Sheffie,Fobidge,sfobidge2@msn.com,Male,$167376.23,883942972,CC
4,Bibbie,Hepher,bhepher3@rakuten.co.jp,Female,$628039.08,199750853,PP
5,Shena,McNelly,smcnelly4@merriam-webster.com,Female,$238265.69,474201186,CC
6,Juana,Algy,jalgy5@google.nl,Female,$434363.40,435232358,IT
7,Welby,Venediktov,wvenediktov6@so-net.ne.jp,Male,$536732.10,614625082,IT
8,Abigail,Gilardengo,agilardengo7@cbslocal.com,Female,$392351.96,793381837,CC
9,Maire,McRorie,mmcrorie8@bizjournals.com,Female,$688772.52,718056191,IT
10,Scot,O'Corrane,socorrane9@opensource.org,Male,$476541.44,809999393,PP
11,Joya,Skaife,jskaifea@yellowpages.com,Female,$472789.84,285928238,CC
12,Booth,Falshaw,bfalshawb@nih.gov,Male,$650280.70,228219890,CC
13,Abigale,Croom,acroomc@sciencedirect.com,Female,$149055.40,795147484,IT
14,Magdaia,Redon,mredond@army.mil,Female,$371095.46,302886988,PP
15,Erwin,Tredwell,etredwelle@mapy.cz,Male,$144519.53,881906995,IT
16,Baird,Tellwright,btellwrightf@skype.com,Male,$946848.50,134768888,IT
17,Allin,Armin,aarming@imageshack.us,Male,$954798.18,675920170,CC
18,Dori,Archbould,darchbouldh@mail.ru,Female,$593172.71,729343944,CC
19,Ambrosius,Hudless,ahudlessi@europa.eu,Male,$932155.45,998481396,CC
20,Scarlet,Calloway,scallowayj@ebay.com,Female,$242107.57,254778188,CC
21,Letty,Levicount,llevicountk@china.com.cn,Female,$840805.51,213944157,PP
22,Stepha,Mayger,smaygerl@moonfruit.com,Female,$123869.75,741554179,PP
23,Hulda,Piatek,hpiatekm@phoca.cz,Female,$992184.03,1034376023,PP
24,Thorpe,Brun,tbrunn@dedecms.com,Male,$881846.34,279930947,IT
25,Lind,Swannell,lswannello@webeden.co.uk,Male,$644503.53,725206291,PP
26,Ulrich,Gabb,ugabbp@sitemeter.com,Male,$868382.58,876562361,CC
27,Gannon,Panter,gpanterq@biblegateway.com,Male,$522617.19,395359877,IT
28,Renault,Holde,rholder@businessinsider.com,Male,$426246.22,695157751,PP
29,Jacquie,Rosbotham,jrosbothams@deliciousdays.com,Female,$317732.58,706687613,CC
30,Augustine,Filipputti,afilipputtit@mapy.cz,Male,$171950.08,756464189,PP
31,Dylan,Perton,dpertonu@icio.us,Male,$694582.28,741386218,PP
32,Nigel,Deeney,ndeeneyv@dedecms.com,Male,$741539.78,277472141,CC
33,Ailyn,Keeves,akeevesw@psu.edu,Female,$622120.97,924784872,PP
34,Martie,Heenan,mheenanx@tumblr.com,Male,$316216.39,51943844,CC
35,Malissia,Nehlsen,mnehlseny@cisco.com,Female,$169576.53,251283934,IT
36,Hanny,Chichgar,hchichgarz@omniture.com,Female,$270826.82,928883434,CC
37,Arne,McNerlin,amcnerlin10@dropbox.com,Male,$318375.48,1000675562,CC
38,Vin,Kytley,vkytley11@printfriendly.com,Female,$640866.20,683043058,IT
39,Bart,Cantos,bcantos12@mayoclinic.com,Male,$154907.00,183533286,CC
40,Karrie,Tellenbrok,ktellenbrok13@slideshare.net,Female,$280676.99,689023570,CC
41,Orelee,Butterick,obutterick14@theglobeandmail.com,Female,$890221.82,10075192,IT
42,Ermengarde,Wasling,ewasling15@indiegogo.com,Female,$946149.11,156589742,PP
43,Levy,Culver,lculver16@de.vu,Male,$286749.24,678461754,PP
44,Joann,Eisikovitsh,jeisikovitsh17@elpais.com,Female,$181077.98,242530014,CC
45,Delmor,Jacomb,djacomb18@friendfeed.com,Male,$180304.07,167991363,PP
46,Gloria,Ricardot,gricardot19@google.co.uk,Female,$117112.98,596465025,IT
47,Nikolaus,Hallowes,nhallowes1a@who.int,Male,$733275.71,137042244,PP
48,Valli,Sargant,vsargant1b@uol.com.br,Female,$376463.81,775622810,PP
49,Tracee,Thaller,tthaller1c@opensource.org,Female,$532477.60,69650647,CC
50,Gardener,Gallimore,ggallimore1d@nih.gov,Male,$556974.09,957681104,CC
51,Matilda,Tewkesberry,mtewkesberry1e@hibu.com,Female,$212273.55,474039924,CC
52,Maxy,Bilverstone,mbilverstone1f@g.co,Male,$136196.00,159854293,IT
53,Bondie,Skillman,bskillman1g@friendfeed.com,Male,$801366.94,556024095,PP
54,Raymond,Drover,rdrover1h@cafepress.com,Male,$399184.06,234514948,IT
55,Cesaro,Welbrock,cwelbrock1i@wufoo.com,Male,$259489.62,572346148,PP
56,Carter,Orr,corr1j@hc360.com,Male,$446478.82,439549731,CC
57,Katusha,Eberdt,keberdt1k@issuu.com,Female,$351267.87,208363652,IT
58,Ulick,Sharram,usharram1l@blogger.com,Male,$636211.69,942250381,CC
59,Colette,Yeulet,cyeulet1m@marriott.com,Female,$693837.53,666506966,CC
60,Alane,Axell,aaxell1n@mysql.com,Female,$462872.63,546680268,CC
61,Bevvy,MacMeanma,bmacmeanma1o@imdb.com,Female,$605987.89,901194075,CC
62,Tore,Clinton,tclinton1p@admin.ch,Male,$403138.71,171613765,CC
63,Nichols,Laviss,nlaviss1q@aol.com,Male,$159509.19,1004698519,IT
64,Renato,Testo,rtesto1r@blogspot.com,Male,$488333.58,187806591,PP
65,Cy,Vear,cvear1s@hc360.com,Male,$170304.53,998960816,IT
66,Adolpho,Behnecken,abehnecken1t@noaa.gov,Male,$837952.44,425197174,IT
67,Bunny,Orcott,borcott1u@blogs.com,Female,$186700.70,127073970,IT
68,Lion,MacKibbon,lmackibbon1v@slashdot.org,Male,$197165.17,174859283,CC
69,Ewart,Pessel,epessel1w@hubpages.com,Male,$481899.57,1040036430,CC
70,Glyn,Annice,gannice1x@nasa.gov,Male,$111882.10,913248001,CC
71,Chelsae,O'Corrane,cocorrane1y@so-net.ne.jp,Female,$621594.03,69118511,IT
72,Clayson,Munning,cmunning1z@youtu.be,Male,$399001.39,701846035,CC
73,Larine,Smurthwaite,lsmurthwaite20@hubpages.com,Female,$777430.54,874030483,CC
74,Daveta,Gillitt,dgillitt21@businessweek.com,Female,$854431.39,593550021,IT
75,Jervis,Lutman,jlutman22@shutterfly.com,Male,$692605.53,49101544,CC
76,Lacie,Deener,ldeener23@goo.ne.jp,Female,$151164.06,518882988,CC
77,Shurwood,Dobbie,sdobbie24@newsvine.com,Male,$838405.33,527644098,PP
78,Liane,Bramich,lbramich25@cornell.edu,Female,$600753.83,930947871,CC
79,Rolf,Mateiko,rmateiko26@theatlantic.com,Male,$190755.33,641663702,PP
80,Ashley,Haffard,ahaffard27@skyrock.com,Male,$153694.22,647167604,CC
81,Raymund,Coronado,rcoronado28@cafepress.com,Male,$115254.80,802193575,CC
82,Darline,Landreth,dlandreth29@deliciousdays.com,Female,$780375.99,413637161,PP
83,Caresa,Brookesbie,cbrookesbie2a@goo.ne.jp,Female,$580511.50,141619106,IT
84,Hal,Paynton,hpaynton2b@deviantart.com,Male,$371067.52,280009163,CC
85,Isis,Condliffe,icondliffe2c@oakley.com,Female,$131866.16,359521171,CC
86,Lyell,Colicot,lcolicot2d@tripod.com,Male,$673330.39,626138565,IT
87,Townie,Baine,tbaine2e@marriott.com,Male,$222214.60,552948551,PP
88,Brew,Harnell,bharnell2f@typepad.com,Male,$180346.70,787503390,IT
89,Mattias,O'Currine,mocurrine2g@last.fm,Male,$804691.43,771575681,IT
90,Glenda,Scaysbrook,gscaysbrook2h@tripadvisor.com,Female,$216638.02,958168310,IT
91,Harman,Robelow,hrobelow2i@qq.com,Male,$993880.49,392533911,CC
92,Nil,Southall,nsouthall2j@shop-pro.jp,Male,$328958.88,804828877,IT
93,Frederic,Mortell,fmortell2k@51.la,Male,$677987.95,543406296,IT
94,Jacquelynn,Hertwell,jhertwell2l@surveymonkey.com,Female,$494338.39,273480432,CC
95,Ashley,Southerden,asoutherden2m@youtu.be,Female,$577614.46,854529493,PP
96,Goddard,Wood,gwood2n@facebook.com,Male,$108857.86,416699105,CC
97,Elysee,Newland,enewland2o@shop-pro.jp,Female,$481367.76,646403197,PP
98,Luciana,Eveling,leveling2p@google.fr,Female,$849096.14,346840206,PP
99,Bobette,Durram,bdurram2q@clickbank.net,Female,$634386.72,865749443,CC
100,Millisent,Livermore,mlivermore2r@boston.com,Female,$666355.04,12513526,PP
101,Benjy,Wass,bwass2s@bravesites.com,Male,$258875.00,531467914,PP
102,Izaak,Apted,iapted2t@eepurl.com,Male,$128326.90,569084275,IT
103,Mallissa,Bonar,mbonar2u@epa.gov,Female,$448670.77,24205339,IT
104,Ag,Sands-Allan,asandsallan2v@yellowbook.com,Female,$409741.93,715542320,CC
105,Andre,Mengo,amengo2w@nps.gov,Male,$846062.04,784837235,CC
106,Joni,Bugbird,jbugbird2x@nba.com,Female,$543079.68,571343746,PP
107,Lurlene,Krahl,lkrahl2y@bloglovin.com,Female,$299029.63,613353291,CC
108,Wren,Sowter,wsowter2z@who.int,Female,$216337.98,425028730,PP
109,Reynold,Powter,rpowter30@fema.gov,Male,$747179.41,309289954,PP
110,Donetta,Faye,dfaye31@statcounter.com,Female,$828094.22,948330994,CC
111,Alexander,Raraty,araraty32@creativecommons.org,Male,$425659.63,706017732,IT
112,Percival,Pocock,ppocock33@goo.gl,Male,$597947.13,112283510,IT
113,Shandee,Galgey,sgalgey34@netvibes.com,Female,$338202.10,1035369793,CC
114,Sim,Moughtin,smoughtin35@dell.com,Male,$767343.79,783958517,CC
115,Izak,Dykins,idykins36@yale.edu,Male,$960502.55,280262981,IT
116,Nowell,Langer,nlanger37@slate.com,Male,$815510.34,557040837,CC
117,Heddi,Gorhardt,hgorhardt38@list-manage.com,Female,$347138.45,102089477,PP
118,Randi,Chesman,rchesman39@cbc.ca,Male,$218860.49,164099880,IT
119,Hobart,Stalman,hstalman3a@hc360.com,Male,$926624.20,471660675,CC
120,Baxter,Jedrzejczak,bjedrzejczak3b@time.com,Male,$839885.05,76122162,IT
121,Timothea,Skelington,tskelington3c@furl.net,Female,$236919.88,948669222,PP
122,Trish,Rosengarten,trosengarten3d@microsoft.com,Female,$810232.39,976227928,PP
123,Susanetta,Lamberteschi,slamberteschi3e@reddit.com,Female,$915021.55,921948959,PP
124,Rosy,Feighry,rfeighry3f@kickstarter.com,Female,$625686.34,386161138,CC
125,Zebulen,Quartermain,zquartermain3g@behance.net,Male,$619027.51,312234194,PP
126,Shannon,Bolden,sbolden3h@hubpages.com,Male,$516023.71,1032307494,CC
127,Patty,Ollivier,pollivier3i@sourceforge.net,Female,$465276.80,296526577,CC
128,Farly,Yegorchenkov,fyegorchenkov3j@answers.com,Male,$245378.35,277116280,CC
129,Burl,Kitlee,bkitlee3k@who.int,Male,$680457.92,316220302,PP
130,Camella,Peachman,cpeachman3l@msu.edu,Female,$792862.25,803945888,IT
131,Fairleigh,Lipson,flipson3m@studiopress.com,Male,$370148.58,55684246,IT
132,Benjamin,Marte,bmarte3n@so-net.ne.jp,Male,$814567.07,603284648,CC
133,Gilberta,De Caville,gdecaville3o@china.com.cn,Female,$687295.31,1011596600,PP
134,Ferrel,Beardall,fbeardall3p@cnn.com,Male,$875841.63,825775412,CC
135,Leo,Draye,ldraye3q@wikispaces.com,Male,$443301.32,37410161,PP
136,Gannie,Fine,gfine3r@macromedia.com,Male,$504898.15,1018004443,PP
137,Keen,Lomaz,klomaz3s@nasa.gov,Male,$147509.98,595753382,PP
138,Cam,Simmig,csimmig3t@wp.com,Male,$335023.06,149511033,IT
139,Page,Jocic,pjocic3u@adobe.com,Male,$195413.48,829161430,CC
140,Leelah,Hunton,lhunton3v@flickr.com,Female,$350001.94,888385269,CC
141,Ced,Classen,cclassen3w@rakuten.co.jp,Male,$943648.62,204865210,CC
142,Ase,Stother,astother3x@fema.gov,Male,$928383.40,123139240,PP
143,Ginny,Mathis,gmathis3y@twitter.com,Female,$827044.61,229594049,CC
144,Homere,Turfus,hturfus3z@newsvine.com,Male,$676739.96,564434533,IT
145,Stephannie,Carmo,scarmo40@nasa.gov,Female,$502259.38,633366616,PP
146,Bonny,Rumming,brumming41@histats.com,Female,$516379.12,925742653,PP
147,Renato,Hanscom,rhanscom42@admin.ch,Male,$585654.84,512574451,CC
148,Lincoln,Doughty,ldoughty43@php.net,Male,$627693.46,84223222,CC
149,Jemmy,Crisell,jcrisell44@paypal.com,Female,$716442.99,175928165,PP
150,Hi,Bound,hbound45@infoseek.co.jp,Male,$824737.64,380750207,CC
151,Adrian,Tiffin,atiffin46@cisco.com,Female,$839620.84,112161695,PP
152,Maddie,Skitt,mskitt47@umn.edu,Male,$736682.34,454531209,CC
153,Reg,Deverson,rdeverson48@cpanel.net,Male,$264379.12,52325975,PP
154,Ana,Champ,achamp49@auda.org.au,Female,$242064.82,335987901,CC
155,Norma,Sayles,nsayles4a@independent.co.uk,Female,$473577.19,256387586,IT
156,Homer,Mould,hmould4b@e-recht24.de,Male,$584070.82,1043939779,PP
157,Lemmie,Corish,lcorish4c@storify.com,Male,$787838.43,561789109,IT
158,Arman,Arlt,aarlt4d@theglobeandmail.com,Male,$962995.86,957382243,PP
159,Inez,Dolphin,idolphin4e@shop-pro.jp,Female,$630888.82,730145962,CC
160,Bud,Wethered,bwethered4f@360.cn,Male,$321987.41,121886979,PP
161,Isadora,Mapson,imapson4g@hud.gov,Female,$640548.31,865986506,IT
162,Godfrey,Towell,gtowell4h@over-blog.com,Male,$732504.15,890174110,IT
163,Shaun,Pierton,spierton4i@livejournal.com,Male,$190050.83,1045495043,PP
164,Marley,Carthew,mcarthew4j@va.gov,Female,$187675.59,1042610600,CC
165,Sherye,Renish,srenish4k@yale.edu,Female,$677142.15,505101994,PP
166,Muriel,Cottingham,mcottingham4l@google.co.jp,Female,$177396.35,882606757,IT
167,Daren,Genge,dgenge4m@hhs.gov,Male,$389351.09,94092148,IT
168,Adelind,Shreve,ashreve4n@ycombinator.com,Female,$146864.45,848862179,IT
169,Marlon,Frankum,mfrankum4o@ask.com,Male,$635029.92,243878109,PP
170,Mindy,Mourant,mmourant4p@delicious.com,Female,$693227.22,711124408,CC
171,Paten,Hallgalley,phallgalley4q@microsoft.com,Male,$818923.66,89227239,CC
172,Anderea,Dedenham,adedenham4r@naver.com,Female,$757027.04,590093299,IT
173,Lucien,Bestar,lbestar4s@ucsd.edu,Male,$737043.51,299221976,IT
174,Deanne,Scully,dscully4t@wikipedia.org,Female,$848317.56,859856302,IT
175,Gilli,Haisell,ghaisell4u@devhub.com,Female,$993939.19,80533280,IT
176,Valaree,Sharrier,vsharrier4v@mayoclinic.com,Female,$368401.07,365819090,CC
177,Jonie,Kubal,jkubal4w@ask.com,Female,$514986.62,634843986,IT
178,Bernardo,Serck,bserck4x@cam.ac.uk,Male,$492680.67,311856376,PP
179,Tisha,Casement,tcasement4y@walmart.com,Female,$104852.71,869120062,PP
180,Dawn,Semiraz,dsemiraz4z@instagram.com,Female,$591206.74,299418205,CC
181,Cammy,Fanner,cfanner50@thetimes.co.uk,Male,$662782.86,884558373,IT
182,Trenna,Limbert,tlimbert51@cmu.edu,Female,$756831.15,207411338,IT
183,Matthieu,Fadell,mfadell52@aboutads.info,Male,$652466.34,62701593,PP
184,Giustina,Joskovitch,gjoskovitch53@abc.net.au,Female,$839111.19,435130931,PP
185,Dyana,Camden,dcamden54@photobucket.com,Female,$905326.47,798204593,IT
186,Tris,Coysh,tcoysh55@google.ru,Male,$868448.39,849718975,PP
187,Taylor,Gabbott,tgabbott56@over-blog.com,Male,$209740.48,435476181,CC
188,Trude,Emmot,temmot57@google.nl,Female,$780920.36,316504642,IT
189,Tadd,De Bernardis,tdebernardis58@mashable.com,Male,$107921.36,147054811,CC
190,Wanda,Greguol,wgreguol59@is.gd,Female,$523299.06,822850321,IT
191,Chantal,Circuit,ccircuit5a@harvard.edu,Female,$183164.40,608399162,CC
192,Cash,Boar,cboar5b@google.co.uk,Male,$606661.76,851451178,CC
193,Nessie,Michell,nmichell5c@acquirethisname.com,Female,$550198.10,861060848,IT
194,Spense,Kilmister,skilmister5d@cisco.com,Male,$376534.00,791839785,IT
195,Eddie,Wollacott,ewollacott5e@skyrock.com,Female,$178980.86,597013018,IT
196,Sly,Everton,severton5f@t.co,Male,$993069.76,394519914,PP
197,Kathlin,Nelthrop,knelthrop5g@usgs.gov,Female,$770119.99,199368320,IT
198,Dagny,Douch,ddouch5h@google.com.au,Male,$338320.05,281227908,CC
199,Bonita,Honack,bhonack5i@irs.gov,Female,$359681.27,789443411,IT
200,Genia,McClure,gmcclure5j@vistaprint.com,Female,$586917.55,120228872,CC
201,Kristos,Crosse,kcrosse5k@stanford.edu,Male,$469906.56,867554819,CC
202,Tandi,Gartside,tgartside5l@naver.com,Female,$948215.96,342496228,CC
203,Lucila,Dibbs,ldibbs5m@whitehouse.gov,Female,$940197.36,633981603,CC
204,Maxy,MacCallam,mmaccallam5n@hao123.com,Male,$642305.68,280805846,IT
205,Horacio,Babbs,hbabbs5o@nymag.com,Male,$608977.37,833607238,CC
206,Elisabetta,Barbier,ebarbier5p@newyorker.com,Female,$884704.42,718844942,PP
207,Paulette,O'Calleran,pocalleran5q@google.co.uk,Female,$758333.15,579892672,IT
208,Caspar,Tugwell,ctugwell5r@businessweek.com,Male,$294562.08,311070616,IT
209,Willabella,Paynton,wpaynton5s@plala.or.jp,Female,$297516.24,70962795,CC
210,Evie,Machin,emachin5t@surveymonkey.com,Female,$420318.99,982466701,CC
211,Mac,Gipps,mgipps5u@theguardian.com,Male,$901040.22,834410110,PP
212,Juana,Sinney,jsinney5v@desdev.cn,Female,$598511.63,1019482559,CC
213,Paddy,Craigs,pcraigs5w@narod.ru,Male,$646026.50,965251734,PP
214,Oona,Coom,ocoom5x@youku.com,Female,$136894.52,27733119,CC
215,Dominica,Hagart,dhagart5y@homestead.com,Female,$361433.26,816072309,PP
216,Kaylee,Cancutt,kcancutt5z@reuters.com,Female,$806331.98,405785167,CC
217,Dore,Bessey,dbessey60@wired.com,Female,$385286.65,777785916,IT
218,Morton,Arrighini,marrighini61@chron.com,Male,$985746.34,113982365,CC
219,Ives,Kornilyev,ikornilyev62@canalblog.com,Male,$587347.78,470369509,PP
220,Bettine,Cisco,bcisco63@prnewswire.com,Female,$951553.39,231022608,IT
221,Ashby,Churm,achurm64@vimeo.com,Male,$856568.00,786743605,IT
222,Cindie,Sterley,csterley65@blogs.com,Female,$107636.77,817111343,CC
223,Renaud,Lakeman,rlakeman66@theguardian.com,Male,$776694.07,348859619,CC
224,Andeee,Meller,ameller67@princeton.edu,Female,$150575.59,376540402,IT
225,Trisha,Jochen,tjochen68@accuweather.com,Female,$491027.64,1017304405,PP
226,Tabina,O'Luney,toluney69@aboutads.info,Female,$992731.08,792760279,CC
227,Ax,McNelis,amcnelis6a@state.tx.us,Male,$874638.13,96828649,PP
228,Sonnie,Luis,sluis6b@printfriendly.com,Female,$548472.47,703331090,PP
229,Nannette,Nazair,nnazair6c@bing.com,Female,$837212.54,366453159,PP
230,Hussein,Rubert,hrubert6d@php.net,Male,$204930.01,342481375,IT
231,Clyve,Josipovitz,cjosipovitz6e@vk.com,Male,$699748.69,302635116,PP
232,Glory,Wintle,gwintle6f@newyorker.com,Female,$306060.26,520956826,CC
233,Kathy,Goodhew,kgoodhew6g@blogger.com,Female,$847758.19,271394188,CC
234,Debbie,Conkey,dconkey6h@cnn.com,Female,$350270.06,317470580,PP
235,Darb,Weatherburn,dweatherburn6i@meetup.com,Female,$465255.06,712503644,CC
236,Carce,Trayes,ctrayes6j@sciencedirect.com,Male,$613714.60,84444381,CC
237,Marissa,Cawthery,mcawthery6k@webeden.co.uk,Female,$122680.67,192036421,CC
238,Ricky,Mergue,rmergue6l@newsvine.com,Female,$913860.82,435301127,CC
239,Humberto,Steet,hsteet6m@techcrunch.com,Male,$283256.93,882538605,IT
240,Myrta,Collete,mcollete6n@simplemachines.org,Female,$821737.36,964882064,PP
241,Tanner,Varvara,tvarvara6o@ox.ac.uk,Male,$722717.93,731145997,IT
242,Rori,Thursby,rthursby6p@etsy.com,Female,$421449.74,100711780,IT
243,Anna-diana,Klagge,aklagge6q@amazon.com,Female,$558650.55,194841745,IT
244,Theobald,Bugbee,tbugbee6r@blogger.com,Male,$833268.35,887367642,PP
245,Codie,Triggs,ctriggs6s@devhub.com,Male,$602598.02,534442687,CC
246,Reba,Crosston,rcrosston6t@ezinearticles.com,Female,$326819.60,874770166,IT
247,Ariella,Needs,aneeds6u@amazon.co.uk,Female,$892037.76,918345655,CC
248,Stefan,Lowdham,slowdham6v@networkadvertising.org,Male,$232574.07,408394915,PP
249,Dannel,Kamena,dkamena6w@elpais.com,Male,$207504.68,336101152,IT
250,Atalanta,Bennion,abennion6x@github.com,Female,$263092.04,106081089,CC
251,Ula,Coppins,ucoppins6y@microsoft.com,Female,$700491.54,277400387,IT
252,Kristo,Jardin,kjardin6z@ihg.com,Male,$460122.38,182137586,CC
253,Archer,Grishaev,agrishaev70@scientificamerican.com,Male,$696416.30,993052421,CC
254,Bondon,Youles,byoules71@stumbleupon.com,Male,$211620.85,820732677,IT
255,Sofie,Wellington,swellington72@unblog.fr,Female,$625268.72,683717359,PP
256,Fleurette,Roussell,froussell73@engadget.com,Female,$194846.42,496157587,CC
257,Dorise,Millichip,dmillichip74@g.co,Female,$998124.19,529227898,PP
258,Brand,Spur,bspur75@stumbleupon.com,Male,$465182.71,64222537,IT
259,Francene,Summerfield,fsummerfield76@flickr.com,Female,$660044.62,63384463,CC
260,Vanda,Cowpe,vcowpe77@sfgate.com,Female,$290543.50,761536257,CC
261,Worden,Meachen,wmeachen78@diigo.com,Male,$560189.25,725281482,PP
262,Chalmers,Spoward,cspoward79@psu.edu,Male,$712450.00,270922981,CC
263,Nathanil,Westney,nwestney7a@google.pl,Male,$211197.82,967182128,CC
264,Demetre,Mayho,dmayho7b@cmu.edu,Male,$978602.27,722262910,IT
265,Tiphanie,Drohane,tdrohane7c@fema.gov,Female,$534612.63,665108952,PP
266,Corina,Proudlock,cproudlock7d@engadget.com,Female,$499717.93,294869314,IT
267,Guy,Hardingham,ghardingham7e@cpanel.net,Male,$417847.50,848926638,CC
268,Ki,Stanley,kstanley7f@kickstarter.com,Female,$448296.84,221437565,IT
269,Cristy,Senn,csenn7g@tumblr.com,Female,$971810.51,7336110,PP
270,Crichton,MacGarrity,cmacgarrity7h@blog.com,Male,$742858.32,669789432,CC
271,Cherlyn,Richfield,crichfield7i@ning.com,Female,$838935.88,749835186,CC
272,Gaelan,Allone,gallone7j@adobe.com,Male,$435599.52,73647631,CC
273,Chastity,Adam,cadam7k@techcrunch.com,Female,$649670.95,828923951,IT
274,Fergus,Ambrogio,fambrogio7l@npr.org,Male,$349672.58,258699864,CC
275,Simon,Kimbling,skimbling7m@netlog.com,Male,$202443.82,194943320,PP
276,Cassy,Heskey,cheskey7n@bizjournals.com,Female,$666267.18,683458307,IT
277,Anne,Ewence,aewence7o@vinaora.com,Female,$831311.22,270792857,PP
278,Siward,Casotti,scasotti7p@washington.edu,Male,$827045.83,129222272,PP
279,Eldridge,Zarfati,ezarfati7q@theguardian.com,Male,$103522.02,9503422,CC
280,Maxi,Packe,mpacke7r@loc.gov,Female,$445671.31,100142309,IT
281,Nestor,Astles,nastles7s@tinyurl.com,Male,$960483.33,25998034,PP
282,Renata,Bawle,rbawle7t@amazon.co.jp,Female,$643695.59,312140391,CC
283,Marney,Egginton,megginton7u@vimeo.com,Female,$241360.74,85218702,CC
284,Roana,Gerling,rgerling7v@simplemachines.org,Female,$629555.48,90624252,IT
285,Khalil,Hurrell,khurrell7w@gmpg.org,Male,$630539.23,1035826468,CC
286,Maximilian,Gould,mgould7x@europa.eu,Male,$632749.22,979317534,PP
287,Jared,Feuell,jfeuell7y@about.me,Male,$106292.44,79882854,CC
288,Joella,Worters,jworters7z@businessweek.com,Female,$355927.89,323129840,IT
289,Gale,Dalglish,gdalglish80@who.int,Male,$747933.11,58162751,IT
290,Danya,Heeran,dheeran81@prweb.com,Female,$283570.75,465522614,IT
291,Meredithe,Emanuelov,memanuelov82@illinois.edu,Female,$933699.94,290727463,IT
292,Hewet,Daudray,hdaudray83@printfriendly.com,Male,$342799.77,67211154,PP
293,Otes,Kneafsey,okneafsey84@yelp.com,Male,$706847.20,991449566,CC
294,Pattie,Boleyn,pboleyn85@apache.org,Female,$977751.95,95148417,IT
295,Nadiya,Bohling,nbohling86@moonfruit.com,Female,$679341.23,408537800,IT
296,Benjy,Provis,bprovis87@g.co,Male,$973391.31,282898327,IT
297,Onfroi,Hankey,ohankey88@hao123.com,Male,$155610.00,875266599,CC
298,Morissa,Prin,mprin89@mysql.com,Female,$498798.33,873137084,IT
299,Britt,McLurg,bmclurg8a@canalblog.com,Male,$679251.39,86901048,CC
300,Alverta,MacKessock,amackessock8b@reverbnation.com,Female,$477632.14,945210559,CC
301,Dorolice,Fossey,dfossey8c@rediff.com,Female,$335929.06,385317196,CC
302,Faustine,Kelemen,fkelemen8d@mapquest.com,Female,$317528.06,775230318,PP
303,Toni,Doughartie,tdoughartie8e@army.mil,Female,$809045.85,565304178,IT
304,Jess,Taunton,jtaunton8f@technorati.com,Male,$894525.42,106801940,CC
305,Allsun,Mulhill,amulhill8g@wired.com,Female,$163892.23,578490399,PP
306,Faustine,Bayless,fbayless8h@house.gov,Female,$230629.91,279808108,CC
307,Thurston,Scrivens,tscrivens8i@google.com.hk,Male,$947445.04,611189413,IT
308,Ashla,Raith,araith8j@msn.com,Female,$862118.00,414963803,PP
309,Sande,Hanselmann,shanselmann8k@springer.com,Female,$417389.67,293127549,CC
310,Lauren,Pringle,lpringle8l@wikipedia.org,Male,$254959.73,792652158,IT
311,Fleur,Zumbusch,fzumbusch8m@macromedia.com,Female,$614790.09,935180897,PP
312,Sholom,Eveleigh,seveleigh8n@php.net,Male,$291000.87,567937249,CC
313,Elston,Maloney,emaloney8o@163.com,Male,$387351.79,318898869,PP
314,Tarrance,Nutting,tnutting8p@pagesperso-orange.fr,Male,$376322.42,316293108,CC
315,Lani,Penton,lpenton8q@businesswire.com,Female,$376200.20,626830397,CC
316,Willyt,Riha,wriha8r@pen.io,Female,$736262.84,846117356,PP
317,Melosa,Brunetti,mbrunetti8s@bandcamp.com,Female,$329231.00,798265467,IT
318,Lacee,Baniard,lbaniard8t@berkeley.edu,Female,$676540.42,876199884,CC
319,Craig,Fuentes,cfuentes8u@washington.edu,Male,$540518.76,21945242,PP
320,Lazar,Maly,lmaly8v@sfgate.com,Male,$691539.09,545371415,CC
321,Pavel,Delph,pdelph8w@gov.uk,Male,$507179.14,148693583,CC
322,Sharla,Bradbeer,sbradbeer8x@biglobe.ne.jp,Female,$476527.97,875060334,IT
323,Lowell,Grimshaw,lgrimshaw8y@berkeley.edu,Male,$755755.25,143257993,PP
324,Burr,Capener,bcapener8z@walmart.com,Male,$866536.66,264683827,CC
325,Nadiya,McGhee,nmcghee90@simplemachines.org,Female,$226536.72,345471870,IT
326,Darb,Korneluk,dkorneluk91@simplemachines.org,Female,$176397.43,616706905,PP
327,Karina,Ryall,kryall92@nbcnews.com,Female,$312036.63,757287082,PP
328,Glenda,Tilne,gtilne93@usatoday.com,Female,$317677.39,615248633,IT
329,Thedrick,Staves,tstaves94@ycombinator.com,Male,$243936.80,966446985,PP
330,Myrwyn,Arend,marend95@istockphoto.com,Male,$247546.48,823861037,PP
331,Nomi,Dewing,ndewing96@linkedin.com,Female,$194100.56,456103347,CC
332,Humbert,Gentle,hgentle97@bbc.co.uk,Male,$293117.95,167812903,PP
333,Andy,Blaine,ablaine98@shop-pro.jp,Male,$691613.31,577597210,IT
334,Vernon,Brawley,vbrawley99@ow.ly,Male,$369871.11,670698634,CC
335,Wendy,Redwing,wredwing9a@ehow.com,Female,$719314.55,805151719,IT
336,Rufe,Sedcole,rsedcole9b@hc360.com,Male,$437406.24,886558631,PP
337,Livvy,Benterman,lbenterman9c@wordpress.org,Female,$687443.58,193414865,CC
338,Angelita,Lawerence,alawerence9d@ebay.co.uk,Female,$422877.10,577950780,PP
339,Darby,Rowlstone,drowlstone9e@tripadvisor.com,Male,$227429.61,403436037,PP
340,Margaretta,Denisyev,mdenisyev9f@gizmodo.com,Female,$912945.79,530480608,IT
341,Babara,Denziloe,bdenziloe9g@sakura.ne.jp,Female,$617597.69,945138920,PP
342,Alika,Renneke,arenneke9h@theatlantic.com,Female,$102016.63,65223967,PP
343,Thomasa,Eisig,teisig9i@rambler.ru,Female,$130447.87,25304399,IT
344,Avril,Piggrem,apiggrem9j@wunderground.com,Female,$737090.35,41261357,IT
345,Deloris,Reglar,dreglar9k@abc.net.au,Female,$944978.60,825855827,IT
346,Phillis,Kurton,pkurton9l@wunderground.com,Female,$584277.99,779116430,CC
347,Nancey,Jacomb,njacomb9m@comsenz.com,Female,$468858.33,526644316,CC
348,Vanessa,Darbyshire,vdarbyshire9n@com.com,Female,$361845.86,286588648,CC
349,Burke,Sanzio,bsanzio9o@dedecms.com,Male,$728985.28,675111481,IT
350,Sinclair,Snoden,ssnoden9p@mapy.cz,Male,$815193.20,542170925,CC
351,Sibby,Attwool,sattwool9q@elegantthemes.com,Female,$910741.65,808635640,CC
352,Devan,Gerb,dgerb9r@msu.edu,Female,$295594.66,909755337,CC
353,Slade,Cruickshanks,scruickshanks9s@vinaora.com,Male,$605321.35,997301562,PP
354,Elmer,Bucham,ebucham9t@army.mil,Male,$215144.47,518875724,PP
355,Bo,Clowser,bclowser9u@pbs.org,Male,$982759.70,378698049,CC
356,Blondie,McMorran,bmcmorran9v@ca.gov,Female,$221027.22,454079637,IT
357,Cecily,Daniely,cdaniely9w@tamu.edu,Female,$373176.69,234893740,CC
358,Jaymee,Cadney,jcadney9x@icq.com,Female,$789632.12,358469893,PP
359,Emmeline,Patron,epatron9y@china.com.cn,Female,$246164.27,430175915,IT
360,Ibby,Catcherside,icatcherside9z@wp.com,Female,$775559.76,264294399,PP
361,Dudley,MacGinney,dmacginneya0@washington.edu,Male,$809382.12,1007660991,IT
362,Alley,Lepere,aleperea1@usnews.com,Male,$638340.27,290514737,CC
363,Jordon,Caldroni,jcaldronia2@globo.com,Male,$369369.12,9537821,CC
364,Guido,Nash,gnasha3@twitpic.com,Male,$713674.07,915737378,IT
365,Walsh,Tarply,wtarplya4@list-manage.com,Male,$182361.26,421737539,CC
366,Jacintha,Yendle,jyendlea5@addthis.com,Female,$874430.64,680371987,CC
367,Faustina,Midlar,fmidlara6@virginia.edu,Female,$762884.10,239378517,PP
368,Glen,Fibbens,gfibbensa7@wisc.edu,Female,$634776.82,252995173,PP
369,Madison,Lippett,mlippetta8@nsw.gov.au,Male,$868197.95,195614081,IT
370,Della,Dechelette,ddechelettea9@businesswire.com,Female,$215385.74,918190592,CC
371,Gianni,Dunklee,gdunkleeaa@narod.ru,Male,$141413.72,167198893,PP
372,Eadith,Meakes,emeakesab@shop-pro.jp,Female,$872666.85,61725584,IT
373,Klaus,Insole,kinsoleac@ft.com,Male,$519943.29,199852406,CC
374,Anthe,McKechnie,amckechniead@businesswire.com,Female,$227004.02,454738892,PP
375,Franni,McIllrick,fmcillrickae@time.com,Female,$199691.50,651984322,CC
376,Reece,Blabber,rblabberaf@independent.co.uk,Male,$926984.85,262266896,PP
377,Garreth,Tarr,gtarrag@csmonitor.com,Male,$365659.48,688740934,PP
378,Bobbe,Langstaff,blangstaffah@cnbc.com,Female,$961209.33,938782940,PP
379,Michele,Costar,mcostarai@pinterest.com,Male,$414788.77,31242477,CC
380,Vyky,Eliot,veliotaj@sfgate.com,Female,$667168.13,910244203,CC
381,Torey,Baldacco,tbaldaccoak@homestead.com,Female,$287862.68,764188158,CC
382,Hi,Sproson,hsprosonal@addtoany.com,Male,$895383.62,1001511795,CC
383,Byran,Houlahan,bhoulahanam@youtube.com,Male,$964114.90,150144918,PP
384,Idette,Proudman,iproudmanan@gmpg.org,Female,$212606.67,341215520,IT
385,Elita,Costan,ecostanao@comsenz.com,Female,$636621.92,990400775,CC
386,Stevie,Cosley,scosleyap@amazonaws.com,Male,$692302.53,469647803,IT
387,Hersch,Morcom,hmorcomaq@irs.gov,Male,$311927.62,299801882,PP
388,Wynne,Dinsmore,wdinsmorear@surveymonkey.com,Female,$258426.12,11050740,CC
389,Cybil,Riccio,criccioas@jugem.jp,Female,$676633.85,442053842,PP
390,Bridie,Annakin,bannakinat@ftc.gov,Female,$435029.02,460010298,CC
391,Clotilda,McCowan,cmccowanau@springer.com,Female,$495462.11,845381645,IT
392,Kelsi,Chetwynd,kchetwyndav@networkadvertising.org,Female,$530821.64,754590261,IT
393,Nelson,Licciardo,nlicciardoaw@newsvine.com,Male,$147402.09,926489599,IT
394,Dewey,Schuler,dschulerax@dropbox.com,Male,$557803.05,671969865,PP
395,Christabella,Faherty,cfahertyay@barnesandnoble.com,Female,$971938.93,998286554,CC
396,Isahella,Jacobowicz,ijacobowiczaz@whitehouse.gov,Female,$867253.03,753639099,PP
397,Lexy,Gulleford,lgullefordb0@sohu.com,Female,$540410.55,1025457442,CC
398,Carson,Osgarby,cosgarbyb1@va.gov,Male,$735361.02,218549493,CC
399,Analise,World,aworldb2@uiuc.edu,Female,$256905.53,839370862,PP
400,Paxton,Hatrey,phatreyb3@amazon.co.jp,Male,$944028.75,813785391,PP
401,Aubine,Steedman,asteedmanb4@dedecms.com,Female,$220643.62,975526171,CC
402,Page,Demicoli,pdemicolib5@seattletimes.com,Male,$405346.46,297257712,IT
403,Celka,Riste,cristeb6@foxnews.com,Female,$808763.77,922688896,IT
404,Justus,Rennels,jrennelsb7@hugedomains.com,Male,$877900.68,373994500,PP
405,Wynn,Rosiello,wrosiellob8@japanpost.jp,Male,$895713.90,698416672,IT
406,Blair,Itchingham,bitchinghamb9@apache.org,Male,$450981.25,183013098,IT
407,Danette,Corzon,dcorzonba@t.co,Female,$476805.53,278702730,CC
408,Bryana,Maskell,bmaskellbb@nydailynews.com,Female,$731948.67,107703686,PP
409,Marty,Gait,mgaitbc@intel.com,Male,$600832.54,298666811,IT
410,Stanfield,Beddin,sbeddinbd@angelfire.com,Male,$892262.63,573290603,CC
411,Shela,Wildman,swildmanbe@apache.org,Female,$989193.90,610451332,CC
412,Whitney,Haggerty,whaggertybf@addtoany.com,Female,$635374.91,915473139,PP
413,Jere,Castells,jcastellsbg@smugmug.com,Male,$867834.89,226009011,CC
414,Ricard,Lalonde,rlalondebh@webmd.com,Male,$825529.02,638555625,CC
415,Hinze,Baldcock,hbaldcockbi@google.nl,Male,$649117.44,700276286,CC
416,Tabatha,Kingham,tkinghambj@webeden.co.uk,Female,$183563.02,370743705,IT
417,Caldwell,Dunaway,cdunawaybk@guardian.co.uk,Male,$247777.10,349918611,PP
418,Nolly,Walby,nwalbybl@sciencedaily.com,Male,$638124.52,74211457,CC
419,Anneliese,Grinham,agrinhambm@bloglines.com,Female,$855946.51,234636390,PP
420,Hilary,Aslum,haslumbn@sciencedirect.com,Male,$410089.26,479308390,CC
421,Faythe,Ubsdale,fubsdalebo@hp.com,Female,$288407.26,782127446,IT
422,Brigitta,Wolffers,bwolffersbp@buzzfeed.com,Female,$363214.47,523770824,IT
423,Saudra,Edgeson,sedgesonbq@spotify.com,Female,$913303.44,617883305,PP
424,Melamie,Trime,mtrimebr@yellowpages.com,Female,$258053.39,640978054,IT
425,Eunice,Pethick,epethickbs@timesonline.co.uk,Female,$422077.73,182115334,PP
426,Elyn,Philipsson,ephilipssonbt@pen.io,Female,$903681.19,760599002,PP
427,Clarabelle,Haddinton,chaddintonbu@cloudflare.com,Female,$953792.71,777056698,IT
428,Neila,Loughran,nloughranbv@dedecms.com,Female,$561409.46,514586173,IT
429,Jobey,Michelle,jmichellebw@surveymonkey.com,Female,$129969.72,34632720,IT
430,Bell,Sandell,bsandellbx@unicef.org,Female,$514054.26,41243281,PP
431,Noel,Arbor,narborby@miitbeian.gov.cn,Male,$220115.72,340118038,PP
432,Fiann,Sheran,fsheranbz@archive.org,Female,$644229.12,214011790,CC
433,Sybilla,Reicherz,sreicherzc0@deliciousdays.com,Female,$660159.18,787249811,PP
434,Prentice,Rivers,priversc1@biglobe.ne.jp,Male,$564066.64,739462525,IT
435,Levi,Dunderdale,ldunderdalec2@artisteer.com,Male,$140753.80,370639787,CC
436,Dannye,Cirlos,dcirlosc3@si.edu,Female,$658329.43,855555491,PP
437,Daisie,MacIntyre,dmacintyrec4@bbc.co.uk,Female,$704729.70,91644673,IT
438,Ludwig,Ogborne,logbornec5@php.net,Male,$282437.08,929456369,PP
439,Merle,Klimaszewski,mklimaszewskic6@qq.com,Male,$196107.50,324869078,CC
440,Julie,Goodinge,jgoodingec7@theguardian.com,Male,$360625.02,396416012,CC
441,Teirtza,Cutress,tcutressc8@freewebs.com,Female,$158397.12,729766196,PP
442,Jeanelle,Palmar,jpalmarc9@independent.co.uk,Female,$149091.76,221571411,PP
443,Kalli,Dregan,kdreganca@scientificamerican.com,Female,$976065.03,750924013,IT
444,Lew,Kiledal,lkiledalcb@unc.edu,Male,$585733.75,538112467,IT
445,Valida,Ferreri,vferrericc@adobe.com,Female,$128738.09,47550733,PP
446,Branden,Himsworth,bhimsworthcd@ebay.co.uk,Male,$415523.53,1015178730,CC
447,Caresse,De la Feld,cdelafeldce@tripod.com,Female,$118449.75,885366955,CC
448,Peirce,Skillett,pskillettcf@example.com,Male,$152628.64,789995410,CC
449,Daphne,Dressel,ddresselcg@feedburner.com,Female,$456533.49,663989005,IT
450,Antonietta,Orrice,aorricech@shinystat.com,Female,$495985.08,805238688,CC
451,Angelico,Laurenty,alaurentyci@reddit.com,Male,$352381.75,233614353,PP
452,Franz,Minnock,fminnockcj@free.fr,Male,$551487.42,475228206,CC
453,Lurline,Brendish,lbrendishck@businessinsider.com,Female,$134189.69,700776717,CC
454,Gusty,Matschuk,gmatschukcl@tinypic.com,Female,$910745.49,536414045,PP
455,Way,Furphy,wfurphycm@domainmarket.com,Male,$879705.41,363401454,CC
456,Margarette,Jammet,mjammetcn@phoca.cz,Female,$167030.23,787563561,IT
457,Adey,Hackworth,ahackworthco@mapy.cz,Female,$607307.87,446231893,IT
458,Rosabella,Cricket,rcricketcp@mediafire.com,Female,$248612.29,13317895,IT
459,Tadd,Foster-Smith,tfostersmithcq@merriam-webster.com,Male,$430328.60,1040438991,PP
460,Barbette,Millen,bmillencr@epa.gov,Female,$819211.05,931384579,PP
461,Nataline,Lujan,nlujancs@example.com,Female,$348765.12,831457542,IT
462,Homerus,Butrimovich,hbutrimovichct@dailymotion.com,Male,$346464.29,53126113,PP
463,Burlie,Spanton,bspantoncu@canalblog.com,Male,$794264.50,83212522,IT
464,Alisa,Thirsk,athirskcv@nationalgeographic.com,Female,$162771.88,382202529,PP
465,Ganny,Thomas,gthomascw@imgur.com,Male,$625261.74,555459501,CC
466,Sheeree,Dwyr,sdwyrcx@newyorker.com,Female,$283903.39,795447118,PP
467,Jere,Tembridge,jtembridgecy@webeden.co.uk,Male,$685076.05,52784750,CC
468,Willi,Lanyon,wlanyoncz@unesco.org,Male,$317136.01,219942506,CC
469,Fin,Geekie,fgeekied0@usgs.gov,Male,$448384.99,204906777,CC
470,Flin,Weildish,fweildishd1@acquirethisname.com,Male,$724930.10,229317330,IT
471,Wendie,Birtley,wbirtleyd2@state.gov,Female,$701175.45,426001628,CC
472,Ebeneser,Kleinzweig,ekleinzweigd3@quantcast.com,Male,$765921.31,935533879,PP
473,Karlis,Luxen,kluxend4@amazon.de,Male,$247575.84,124891227,PP
474,Elie,Segebrecht,esegebrechtd5@shareasale.com,Female,$816709.50,894612858,IT
475,Catherine,Sinclar,csinclard6@fema.gov,Female,$737490.66,298045192,CC
476,Yoshi,Bakhrushin,ybakhrushind7@discovery.com,Female,$320457.69,61192161,PP
477,Garwin,Keesman,gkeesmand8@sakura.ne.jp,Male,$471054.41,111216997,IT
478,Corrie,Mordan,cmordand9@surveymonkey.com,Male,$977516.14,669433135,CC
479,Rolfe,Lamonby,rlamonbyda@tripod.com,Male,$822598.71,172524767,IT
480,Loretta,Klulicek,lklulicekdb@myspace.com,Female,$602743.59,335134555,IT
481,Vinni,Townend,vtownenddc@bandcamp.com,Female,$435807.35,66742014,PP
482,Oswell,Scamel,oscameldd@businessinsider.com,Male,$906310.76,6127167,IT
483,Nicki,Ollet,nolletde@baidu.com,Female,$357306.69,20583397,IT
484,Dasha,Appleby,dapplebydf@example.com,Female,$475511.41,751525589,IT
485,Daron,Ginley,dginleydg@ovh.net,Female,$376639.12,252167580,IT
486,Elyn,Skeemer,eskeemerdh@mapquest.com,Female,$711189.46,1009489274,IT
487,Gaelan,Bee,gbeedi@liveinternet.ru,Male,$582449.91,56850923,CC
488,Bert,Pattle,bpattledj@1und1.de,Male,$338668.79,786707307,PP
489,Carleen,Freschini,cfreschinidk@exblog.jp,Female,$693916.21,668063472,CC
490,Geoff,Ardy,gardydl@loc.gov,Male,$909309.31,1017844992,PP
491,Maybelle,Ponter,mponterdm@behance.net,Female,$874987.83,676560986,IT
492,Carri,Obin,cobindn@over-blog.com,Female,$133219.17,86813056,CC
493,Shannah,Shutle,sshutledo@sciencedirect.com,Female,$901095.76,569690610,IT
494,Sanders,Gherarducci,sgherarduccidp@biglobe.ne.jp,Male,$941839.55,638065089,PP
495,Torry,Fry,tfrydq@cbslocal.com,Male,$808677.33,230956275,CC
496,Burtie,Bompass,bbompassdr@whitehouse.gov,Male,$810294.63,273379636,PP
497,Charmain,Boulder,cboulderds@barnesandnoble.com,Female,$269666.61,138451481,PP
498,Delores,Athey,datheydt@squidoo.com,Female,$223472.99,712116022,PP
499,Torr,Terney,tterneydu@marketwatch.com,Male,$236514.91,79901206,PP
500,Charmian,Genny,cgennydv@bizjournals.com,Female,$190746.59,212986072,IT
501,Carlee,De Lacey,cdelaceydw@walmart.com,Female,$438174.59,288388941,IT
502,Alicea,Ceschi,aceschidx@intel.com,Female,$634370.24,228299926,PP
503,Lelia,Cheesley,lcheesleydy@amazon.com,Female,$323887.14,673186533,IT
504,Allina,Fludder,afludderdz@shinystat.com,Female,$241131.17,1014088969,IT
505,Cal,Maevela,cmaevelae0@google.com.hk,Male,$336159.14,740094243,CC
506,Jed,Coope,jcoopee1@google.nl,Male,$206080.03,688034632,CC
507,Adelheid,Bront,abronte2@japanpost.jp,Female,$628153.78,978595350,CC
508,Yale,Rowney,yrowneye3@uol.com.br,Male,$739256.31,269215095,CC
509,Jobina,Tremmel,jtremmele4@goodreads.com,Female,$901450.06,260576669,CC
510,Rosina,Keeting,rkeetinge5@scribd.com,Female,$359099.99,902286737,PP
511,Hillery,Baynom,hbaynome6@newyorker.com,Male,$867766.43,789107209,CC
512,Joe,Leas,jlease7@csmonitor.com,Male,$342614.85,698824511,IT
513,Elbert,Doidge,edoidgee8@boston.com,Male,$386300.79,332132652,PP
514,Hillyer,Fawcett,hfawcette9@buzzfeed.com,Male,$103757.99,755706651,IT
515,Jo-ann,Conneau,jconneauea@eepurl.com,Female,$972868.72,464824667,CC
516,Vivienne,Marcu,vmarcueb@digg.com,Female,$557544.52,386354141,IT
517,Gratiana,Joice,gjoiceec@360.cn,Female,$983749.28,68380985,PP
518,Giacomo,Carnegie,gcarnegieed@vk.com,Male,$506596.98,694827041,CC
519,Dory,Madner,dmadneree@behance.net,Male,$226682.36,215229523,IT
520,Clemens,Kershow,ckershowef@wired.com,Male,$356178.88,704705296,IT
521,Otto,Basini-Gazzi,obasinigazzieg@shareasale.com,Male,$190238.49,68798132,CC
522,Archambault,Orlton,aorltoneh@addtoany.com,Male,$332158.55,601545403,IT
523,Bevin,Decker,bdeckerei@google.pl,Male,$870455.59,499801362,CC
524,Nikaniki,Moggan,nmogganej@dailymotion.com,Female,$887200.78,157309418,CC
525,Theodor,Yelland,tyellandek@indiatimes.com,Male,$562670.34,809619681,PP
526,Aleta,Bartelli,abartelliel@businessinsider.com,Female,$793433.20,1033504973,PP
527,Bert,Burnel,bburnelem@posterous.com,Male,$164669.86,486687242,PP
528,Holt,Abbets,habbetsen@1688.com,Male,$594922.65,571309939,CC
529,Spense,Haughan,shaughaneo@qq.com,Male,$908952.77,640274745,PP
530,Rudyard,Salomon,rsalomonep@altervista.org,Male,$986079.45,224238240,PP
531,Delmor,Standbridge,dstandbridgeeq@ustream.tv,Male,$838742.44,696427267,PP
532,Forrester,Sleight,fsleighter@thetimes.co.uk,Male,$428722.52,550178987,PP
533,Donaugh,Jurick,djurickes@furl.net,Male,$945447.87,575300858,CC
534,Halsy,Sesser,hsesseret@vkontakte.ru,Male,$151029.71,567137122,IT
535,Genny,Rowcliffe,growcliffeeu@bizjournals.com,Female,$338271.68,750999957,IT
536,Miltie,Mewe,mmeweev@blogtalkradio.com,Male,$685668.95,966922222,CC
537,Rozella,Persich,rpersichew@biblegateway.com,Female,$517471.37,364634522,PP
538,Benedetto,Stearn,bstearnex@fc2.com,Male,$397029.01,388760166,PP
539,Sofie,Vitler,svitlerey@stumbleupon.com,Female,$840779.48,901455796,CC
540,Costa,Antunez,cantunezez@washington.edu,Male,$125992.48,884058332,PP
541,Milka,Nourse,mnoursef0@pinterest.com,Female,$886504.48,460111850,IT
542,Imogene,Vinten,ivintenf1@booking.com,Female,$921069.99,353992372,PP
543,Karissa,Bardnam,kbardnamf2@indiegogo.com,Female,$364941.82,230743934,PP
544,Delbert,Mulvaney,dmulvaneyf3@time.com,Male,$619107.84,664494286,PP
545,Nealy,Blondell,nblondellf4@xing.com,Male,$429249.48,773517420,CC
546,Andres,Lorenz,alorenzf5@i2i.jp,Male,$922598.69,391124643,PP
547,Gisele,Kochs,gkochsf6@dropbox.com,Female,$802640.51,581394156,PP
548,Jammal,Cauley,jcauleyf7@cnet.com,Male,$840079.71,711255936,CC
549,Boot,Sherbrook,bsherbrookf8@geocities.jp,Male,$759139.31,448447824,PP
550,Allard,Bowich,abowichf9@woothemes.com,Male,$558288.13,1035457119,IT
551,Antons,Diack,adiackfa@twitpic.com,Male,$294975.90,535623845,PP
552,Nickolaus,Nelane,nnelanefb@google.ru,Male,$589968.31,67617859,PP
553,Elise,Merriott,emerriottfc@histats.com,Female,$808983.02,814196706,PP
554,Hillie,Instone,hinstonefd@1688.com,Male,$979963.65,246885962,PP
555,Marietta,Fullerd,mfullerdfe@ucsd.edu,Female,$877537.47,556327023,IT
556,Linus,Pettengell,lpettengellff@cnet.com,Male,$939506.88,594727289,CC
557,Orlan,Juanico,ojuanicofg@archive.org,Male,$514356.18,318675367,CC
558,Siana,Logue,sloguefh@npr.org,Female,$186093.18,867708853,PP
559,Jobye,McGeneay,jmcgeneayfi@liveinternet.ru,Female,$170402.91,943667595,IT
560,Dallis,Joselevitz,djoselevitzfj@so-net.ne.jp,Male,$994579.37,456955328,CC
561,Maryl,Leve,mlevefk@howstuffworks.com,Female,$752265.41,342160698,IT
562,Madonna,Hovenden,mhovendenfl@usa.gov,Female,$527199.43,279309533,IT
563,Wilfrid,Kinglake,wkinglakefm@state.gov,Male,$282256.44,375203089,PP
564,Gonzales,Jailler,gjaillerfn@icio.us,Male,$400535.01,546368086,CC
565,Raven,Baird,rbairdfo@artisteer.com,Female,$742235.07,925513987,CC
566,Keri,Bartrum,kbartrumfp@businesswire.com,Female,$453577.96,323263748,CC
567,Gale,Janjusevic,gjanjusevicfq@utexas.edu,Female,$967762.98,53312693,CC
568,Amble,Morecomb,amorecombfr@elegantthemes.com,Male,$907351.60,546411102,IT
569,Alfie,Yellep,ayellepfs@spotify.com,Male,$382836.22,79371219,CC
570,Ferdie,McWhin,fmcwhinft@ycombinator.com,Male,$954033.01,744562560,IT
571,Bea,Lowensohn,blowensohnfu@theatlantic.com,Female,$789776.91,896662054,PP
572,Nixie,Hallitt,nhallittfv@sciencedaily.com,Female,$426015.47,74901125,CC
573,Yelena,Taks,ytaksfw@imageshack.us,Female,$294547.60,331961867,PP
574,Kenton,Cordes,kcordesfx@live.com,Male,$528351.46,216252598,CC
575,Clarance,Macon,cmaconfy@princeton.edu,Male,$104892.00,820587961,IT
576,Kellina,Donwell,kdonwellfz@globo.com,Female,$940394.06,35677705,PP
577,Beau,Bilbey,bbilbeyg0@opensource.org,Male,$429601.50,245412521,IT
578,Krysta,Becom,kbecomg1@qq.com,Female,$479884.99,753477220,PP
579,Sheree,De Meyer,sdemeyerg2@github.com,Female,$768258.20,1030984146,CC
580,May,Shrubb,mshrubbg3@artisteer.com,Female,$191603.88,194423968,IT
581,Estevan,Merrilees,emerrileesg4@flavors.me,Male,$994491.07,459205417,PP
582,Ryun,Bulch,rbulchg5@businesswire.com,Male,$886094.44,744689999,IT
583,Cristy,Mawford,cmawfordg6@jiathis.com,Female,$607145.43,828067408,CC
584,Rhianon,Farnorth,rfarnorthg7@prlog.org,Female,$567030.10,664670606,PP
585,Rickey,Lillford,rlillfordg8@army.mil,Male,$467080.27,974237323,CC
586,Denney,O'Shee,dosheeg9@blogspot.com,Male,$838052.78,588678072,PP
587,Marven,Paybody,mpaybodyga@list-manage.com,Male,$319897.54,800708409,IT
588,Siward,Mattia,smattiagb@tripadvisor.com,Male,$256287.01,932172538,PP
589,Vergil,Chotty,vchottygc@umich.edu,Male,$354211.97,986097529,PP
590,Alf,Scandroot,ascandrootgd@hao123.com,Male,$623954.74,169784857,IT
591,Tedie,Eastope,teastopege@wikimedia.org,Male,$168258.67,537473297,PP
592,Teddie,Upstone,tupstonegf@github.com,Male,$517400.26,594277582,IT
593,Kerry,Grishenkov,kgrishenkovgg@prnewswire.com,Male,$845240.28,297576277,CC
594,Thibaut,Le Marchand,tlemarchandgh@mayoclinic.com,Male,$497247.33,956598005,CC
595,Hervey,Danaher,hdanahergi@yale.edu,Male,$190171.70,642373714,IT
596,Pearla,Honnan,phonnangj@adobe.com,Female,$444950.99,315070951,CC
597,Isa,Lyokhin,ilyokhingk@spotify.com,Female,$410719.99,328737133,CC
598,Thalia,Fabler,tfablergl@hud.gov,Female,$183563.30,28741361,PP
599,Suzy,Beynke,sbeynkegm@yale.edu,Female,$518283.50,183458054,IT
600,Jilly,Oley,joleygn@google.com.au,Female,$873810.10,613164586,IT
601,Kelcey,Palay,kpalaygo@yahoo.com,Female,$767807.56,629796482,IT
602,Herculie,Toomey,htoomeygp@xing.com,Male,$378429.10,998165137,IT
603,Barny,Yurivtsev,byurivtsevgq@123-reg.co.uk,Male,$459647.13,479501469,IT
604,Laney,Dyter,ldytergr@1und1.de,Male,$519329.93,432039821,IT
605,Mandel,Bengal,mbengalgs@google.cn,Male,$348145.08,953516807,IT
606,Ware,Robbeke,wrobbekegt@storify.com,Male,$634396.66,1008679217,CC
607,Marietta,Gourlay,mgourlaygu@guardian.co.uk,Male,$262451.38,987461269,CC
608,Avis,Isson,aissongv@bloglines.com,Female,$169795.07,718218837,IT
609,Annadiane,Kornyshev,akornyshevgw@simplemachines.org,Female,$917184.23,1034622524,IT
610,Benedikt,Markovich,bmarkovichgx@sohu.com,Male,$235137.53,132099007,CC
611,Kip,Lapere,klaperegy@umn.edu,Male,$266373.69,1005966303,PP
612,Fey,Feldhammer,ffeldhammergz@blogtalkradio.com,Female,$654304.87,224354837,PP
613,Reade,Vassano,rvassanoh0@businesswire.com,Male,$417737.14,751297842,PP
614,Giorgio,Chasles,gchaslesh1@reverbnation.com,Male,$469601.72,584338237,CC
615,Gilda,Le Fleming,gleflemingh2@spiegel.de,Female,$625754.50,343601942,CC
616,Juliet,Dadson,jdadsonh3@wordpress.com,Female,$893373.41,680139959,IT
617,Laurie,Horstead,lhorsteadh4@surveymonkey.com,Male,$342540.09,453459363,PP
618,Lyn,Lown,llownh5@elegantthemes.com,Male,$369158.92,238804707,IT
619,Lonny,Liebmann,lliebmannh6@flavors.me,Male,$753259.50,490496535,IT
620,Godard,Olley,golleyh7@accuweather.com,Male,$731937.96,221006489,PP
621,Sigfrid,Burnett,sburnetth8@nasa.gov,Male,$621491.12,893931740,IT
622,Priscella,Potten,ppottenh9@marriott.com,Female,$178937.27,934938415,PP
623,Ola,Cockrell,ocockrellha@fotki.com,Female,$922436.81,1040476096,IT
624,Rudolph,Iczokvitz,riczokvitzhb@elegantthemes.com,Male,$116742.27,922193392,PP
625,Isak,Hellis,ihellishc@nyu.edu,Male,$625199.58,156098685,CC
626,Val,Zorro,vzorrohd@netlog.com,Female,$575895.72,746849786,PP
627,Mathilda,Summerlie,msummerliehe@engadget.com,Female,$678594.92,961490284,CC
628,Michal,Georg,mgeorghf@sina.com.cn,Female,$423196.95,126996415,IT
629,Terrell,Ragsdale,tragsdalehg@goodreads.com,Male,$100788.43,848796807,PP
630,Dianne,Dickon,ddickonhh@delicious.com,Female,$588616.48,974156059,PP
631,Gui,Booty,gbootyhi@prlog.org,Female,$778200.63,135671884,IT
632,Erv,Roma,eromahj@salon.com,Male,$142038.63,59393945,CC
633,Norman,Yven,nyvenhk@mediafire.com,Male,$424171.42,159520301,CC
634,Zsazsa,Gettings,zgettingshl@ftc.gov,Female,$972182.84,860114632,PP
635,Bethina,Labb,blabbhm@e-recht24.de,Female,$482525.97,969029159,CC
636,Adelle,Mushawe,amushawehn@wired.com,Female,$187273.46,366324907,PP
637,Archambault,Balaisot,abalaisotho@jalbum.net,Male,$465985.08,259785484,PP
638,Chip,Houchin,chouchinhp@myspace.com,Male,$779789.84,24183097,IT
639,Jobi,Dutchburn,jdutchburnhq@amazon.co.uk,Female,$673008.60,138621817,CC
640,Amandie,Wallbrook,awallbrookhr@adobe.com,Female,$687184.63,79162741,PP
641,Portia,McCullock,pmccullockhs@amazon.de,Female,$256059.70,642356153,PP
642,Izzy,Balaam,ibalaamht@rambler.ru,Male,$890256.22,80019881,IT
643,Vaughn,Bim,vbimhu@telegraph.co.uk,Male,$583909.39,338271396,CC
644,Beret,Tison,btisonhv@google.co.uk,Female,$927308.80,577146560,CC
645,Sargent,Halloway,shallowayhw@mac.com,Male,$341762.40,608664255,IT
646,Winston,Sabater,wsabaterhx@smh.com.au,Male,$973404.12,1047001182,PP
647,Annabell,Fulbrook,afulbrookhy@blogger.com,Female,$652291.68,819064550,PP
648,Wendi,Strangeway,wstrangewayhz@liveinternet.ru,Female,$167831.41,1014754492,PP
649,Fin,Juett,fjuetti0@yandex.ru,Male,$651525.19,882729602,IT
650,Arlene,Burchill,aburchilli1@ibm.com,Female,$956888.62,196286628,CC
651,Tresa,Gillean,tgilleani2@geocities.jp,Female,$758232.37,651454651,PP
652,Baily,Delgardillo,bdelgardilloi3@cdc.gov,Male,$780881.79,507990135,IT
653,Sascha,Maryin,smaryini4@elpais.com,Female,$672406.55,188350886,CC
654,Erika,Illiston,eillistoni5@cocolog-nifty.com,Female,$168113.99,633042340,PP
655,Morgun,Earl,mearli6@indiegogo.com,Male,$182815.24,410912710,IT
656,Lissy,Domelow,ldomelowi7@squarespace.com,Female,$271841.98,951769465,PP
657,Karalynn,Feechan,kfeechani8@github.com,Female,$671967.82,425339325,IT
658,Elmore,Futty,efuttyi9@devhub.com,Male,$811901.08,11099693,CC
659,Carney,Darridon,cdarridonia@reverbnation.com,Male,$830100.84,495562630,PP
660,Graehme,Stoll,gstollib@ca.gov,Male,$122217.08,488537355,PP
661,Kylie,Surmon,ksurmonic@shutterfly.com,Female,$716179.71,346957927,IT
662,Kingsly,Marcu,kmarcuid@wufoo.com,Male,$313356.66,1017780198,CC
663,Stevie,Hailwood,shailwoodie@storify.com,Male,$315549.32,234912789,PP
664,Shandee,Lavalle,slavalleif@dion.ne.jp,Female,$926754.79,395679575,IT
665,Augustine,Lehrer,alehrerig@blogs.com,Female,$579448.39,144525135,PP
666,Karee,Aldersey,kalderseyih@google.co.jp,Female,$894964.26,816779272,PP
667,Shel,Mould,smouldii@tripod.com,Female,$247475.72,373600563,IT
668,Nisse,Mighele,nmigheleij@state.tx.us,Female,$605293.18,363007207,PP
669,Kennith,Joriot,kjoriotik@ebay.com,Male,$242741.69,735193648,PP
670,Erika,Workes,eworkesil@army.mil,Female,$615071.24,824961456,CC
671,Lauren,Quiney,lquineyim@linkedin.com,Male,$888453.54,63103553,CC
672,Bettye,Ponten,bpontenin@google.it,Female,$910511.52,74093720,IT
673,Manny,Bellefant,mbellefantio@google.cn,Male,$186113.71,44654632,PP
674,Saree,Marrison,smarrisonip@sohu.com,Female,$677358.52,848810235,IT
675,Peyton,Ruperti,prupertiiq@nhs.uk,Male,$718934.04,674771922,CC
676,Rachele,Skarr,rskarrir@auda.org.au,Female,$195831.46,5819124,CC
677,Gilli,Padgham,gpadghamis@marketwatch.com,Female,$456541.00,343190702,PP
678,Rooney,Batman,rbatmanit@businessweek.com,Male,$196684.94,463251889,CC
679,Sheff,Iacomettii,siacomettiiiu@technorati.com,Male,$581206.18,616497415,CC
680,Merrill,Soonhouse,msoonhouseiv@abc.net.au,Male,$150711.46,376346899,IT
681,Clarence,Edmand,cedmandiw@netvibes.com,Male,$513244.19,651006043,PP
682,Allin,Jerche,ajercheix@weather.com,Male,$328139.85,610515287,IT
683,Jack,Le febre,jlefebreiy@weebly.com,Male,$733704.28,689250370,CC
684,Silvester,Coolson,scoolsoniz@berkeley.edu,Male,$890335.73,293736182,PP
685,Faith,Ferrige,fferrigej0@51.la,Female,$235063.96,490277507,PP
686,Guido,Bennallck,gbennallckj1@cbslocal.com,Male,$492092.18,787123951,IT
687,Rex,Loud,rloudj2@xing.com,Male,$654389.30,755797913,PP
688,Vince,Murie,vmuriej3@themeforest.net,Male,$906849.49,917807105,IT
689,Gustav,MacCombe,gmaccombej4@vinaora.com,Male,$179599.93,492875897,PP
690,Bird,Barenskie,bbarenskiej5@cargocollective.com,Female,$976536.05,474464425,PP
691,Rudolf,Goding,rgodingj6@nytimes.com,Male,$416833.61,1019534870,PP
692,Corbie,Prangnell,cprangnellj7@studiopress.com,Male,$402830.77,946345451,PP
693,Elita,Forrest,eforrestj8@npr.org,Female,$257770.74,358820528,IT
694,Hartley,Elgar,helgarj9@slashdot.org,Male,$435614.82,543366375,PP
695,Venus,Reynolds,vreynoldsja@rakuten.co.jp,Female,$887817.03,92975458,CC
696,Marcella,Menendes,mmenendesjb@latimes.com,Female,$921213.85,676577138,PP
697,Tedd,Penvarne,tpenvarnejc@blogspot.com,Male,$734914.16,24983443,CC
698,Colby,Fellon,cfellonjd@goodreads.com,Male,$563362.39,12088327,PP
699,Alic,Dabner,adabnerje@narod.ru,Male,$791182.53,693268960,PP
700,Rhett,Le Prevost,rleprevostjf@soup.io,Male,$550340.40,646580061,IT
701,Richie,Sloy,rsloyjg@springer.com,Male,$249340.78,887515281,PP
702,Park,Orniz,pornizjh@springer.com,Male,$582130.36,240006390,CC
703,Ceil,Dibley,cdibleyji@addtoany.com,Female,$430308.02,384619819,CC
704,Cointon,Reville,crevillejj@pcworld.com,Male,$982041.37,733231894,IT
705,Cherlyn,Free,cfreejk@wikispaces.com,Female,$183975.40,595994254,PP
706,Obed,Gutierrez,ogutierrezjl@omniture.com,Male,$343560.25,537356632,PP
707,Douglas,Tomasicchio,dtomasicchiojm@joomla.org,Male,$983181.97,956239942,IT
708,Celestyna,Ghiotto,cghiottojn@wired.com,Female,$198387.34,142696565,CC
709,Hersh,Branchflower,hbranchflowerjo@marketwatch.com,Male,$730193.46,427836726,PP
710,Alyda,Petrollo,apetrollojp@geocities.jp,Female,$992156.01,789533708,CC
711,Hermina,Doldon,hdoldonjq@ucoz.ru,Female,$819173.91,781228450,PP
712,Sean,Warret,swarretjr@biblegateway.com,Male,$327736.82,870142358,PP
713,Lyndsie,De Vries,ldevriesjs@msn.com,Female,$118310.65,809125931,PP
714,Marja,McKilroe,mmckilroejt@time.com,Female,$995928.33,1022545766,IT
715,Sioux,Ovendale,sovendaleju@goo.gl,Female,$893267.98,104392788,CC
716,Emelyne,Haig,ehaigjv@delicious.com,Female,$751868.88,476805443,IT
717,Reece,Marmon,rmarmonjw@drupal.org,Male,$442973.03,500553732,IT
718,Tess,Veeler,tveelerjx@marketwatch.com,Female,$951295.71,386270250,CC
719,Shannen,Cronin,scroninjy@sina.com.cn,Female,$844987.16,385785448,PP
720,Alec,Casemore,acasemorejz@hubpages.com,Male,$198518.35,1011159349,IT
721,Kelbee,Skeermer,kskeermerk0@japanpost.jp,Male,$930911.05,222143975,IT
722,Meredith,Ginity,mginityk1@360.cn,Female,$286559.63,144976091,CC
723,Leslie,Caddell,lcaddellk2@google.it,Female,$576314.44,565574726,CC
724,Scotti,Ilyushkin,silyushkink3@cyberchimps.com,Male,$738804.79,842007456,IT
725,Otho,Bingall,obingallk4@dion.ne.jp,Male,$298611.27,939225569,CC
726,Ric,Markey,rmarkeyk5@loc.gov,Male,$947711.33,26846263,PP
727,Dorise,Tongue,dtonguek6@comcast.net,Female,$523169.61,721738341,PP
728,Nikolas,Rosensaft,nrosensaftk7@sciencedirect.com,Male,$181414.24,796015391,PP
729,Cleavland,Patington,cpatingtonk8@studiopress.com,Male,$966613.03,914881530,CC
730,Umeko,Flear,ufleark9@usda.gov,Female,$853106.35,633118572,PP
731,Adan,Raspin,araspinka@jugem.jp,Female,$567668.52,130708143,PP
732,Shurlocke,Klemz,sklemzkb@ovh.net,Male,$591028.28,707315064,IT
733,Claudell,Briggs,cbriggskc@go.com,Male,$882848.06,744948728,CC
734,Eugenius,Dunstone,edunstonekd@amazonaws.com,Male,$840182.45,21390396,IT
735,Hinda,Enticott,henticottke@amazon.co.jp,Female,$567005.43,113525038,CC
736,Meagan,Hagyard,mhagyardkf@thetimes.co.uk,Female,$711841.70,747112829,IT
737,Melisande,Gwalter,mgwalterkg@gizmodo.com,Female,$777850.46,325138575,PP
738,Lucinda,Ungaretti,lungarettikh@desdev.cn,Female,$466228.98,58935734,PP
739,Harper,Emblen,hemblenki@wordpress.org,Male,$855592.14,803486048,PP
740,Birgit,Betonia,bbetoniakj@engadget.com,Female,$923278.25,173188062,CC
741,Issiah,Berrie,iberriekk@ebay.com,Male,$783143.24,788785547,CC
742,Sharai,Witty,swittykl@loc.gov,Female,$298769.31,947911468,IT
743,Byron,Ashenhurst,bashenhurstkm@1688.com,Male,$436904.91,406406534,PP
744,Ignazio,Timbs,itimbskn@netscape.com,Male,$362899.28,1031596525,PP
745,Bogart,Hewins,bhewinsko@twitter.com,Male,$621717.18,261081333,PP
746,Moishe,McNysche,mmcnyschekp@webmd.com,Male,$746892.44,742918645,IT
747,Vinnie,Milvarnie,vmilvarniekq@seesaa.net,Female,$401438.23,363880981,IT
748,Bennie,Tompkiss,btompkisskr@canalblog.com,Female,$134334.90,829743878,IT
749,Emmy,Atack,eatackks@blogs.com,Male,$591945.31,671522096,PP
750,Shantee,Tenman,stenmankt@cornell.edu,Female,$557383.85,124335261,PP
751,Rodrigo,Whytock,rwhytockku@1688.com,Male,$978471.96,773675829,PP
752,Garwood,Szymanzyk,gszymanzykkv@squarespace.com,Male,$478845.47,472104515,CC
753,Jerrie,Tuddenham,jtuddenhamkw@harvard.edu,Male,$324135.95,127418320,IT
754,Ingeberg,Lambrook,ilambrookkx@amazon.com,Female,$275811.62,927558485,CC
755,Ferd,Gladman,fgladmanky@list-manage.com,Male,$942916.75,579932212,CC
756,Ker,Fominov,kfominovkz@naver.com,Male,$241486.46,583583088,PP
757,Nadiya,Juanes,njuanesl0@go.com,Female,$386095.51,154805892,PP
758,Abramo,Jennens,ajennensl1@economist.com,Male,$407114.35,516535830,PP
759,Christiano,Jocic,cjocicl2@flickr.com,Male,$234465.58,448554301,IT
760,Fabiano,Skirvin,fskirvinl3@smugmug.com,Male,$864362.79,891905892,PP
761,Constantina,Epton,ceptonl4@wikipedia.org,Female,$953335.42,314283974,PP
762,Dacie,Janda,djandal5@salon.com,Female,$220749.81,703574171,CC
763,Lydon,Oles,lolesl6@nhs.uk,Male,$452812.19,47763382,IT
764,Silvan,Mueller,smuellerl7@tmall.com,Male,$479133.49,811892370,IT
765,Tillie,MacShane,tmacshanel8@indiegogo.com,Female,$685673.22,1031686714,IT
766,Jasun,Nipper,jnipperl9@npr.org,Male,$944057.35,888337867,PP
767,Stillmann,Reichert,sreichertla@godaddy.com,Male,$521025.30,111490630,IT
768,Winfield,Dewerson,wdewersonlb@tamu.edu,Male,$409084.87,785627345,PP
769,Johan,Byers,jbyerslc@theglobeandmail.com,Male,$618360.51,151605335,IT
770,Osborne,Stichall,ostichallld@upenn.edu,Male,$651601.50,405808052,IT
771,Ahmed,Gaish,agaishle@foxnews.com,Male,$399915.44,710821901,PP
772,Jen,Porteous,jporteouslf@rakuten.co.jp,Female,$774714.60,665464767,CC
773,Gilberta,Shellshear,gshellshearlg@ox.ac.uk,Female,$942348.34,65398581,IT
774,Ronni,Blankley,rblankleylh@sakura.ne.jp,Female,$435779.46,840075912,CC
775,Erin,Trudgion,etrudgionli@timesonline.co.uk,Male,$801426.63,572740143,IT
776,Malinde,Sunners,msunnerslj@tumblr.com,Female,$999389.24,958470766,CC
777,Kennith,Itzak,kitzaklk@earthlink.net,Male,$622405.03,395031427,PP
778,Odelia,Le Fevre,olefevrell@wisc.edu,Female,$801462.55,39844730,IT
779,Truda,Baudinelli,tbaudinellilm@nifty.com,Female,$685295.77,39173808,PP
780,Chrysler,Hamshar,chamsharln@seesaa.net,Female,$795538.78,50165144,CC
781,Barrie,Tichelaar,btichelaarlo@feedburner.com,Male,$116660.31,394568322,CC
782,Gray,Batcheldor,gbatcheldorlp@cnn.com,Male,$676294.80,726722504,PP
783,Sven,Sanford,ssanfordlq@wordpress.com,Male,$728191.10,237206688,IT
784,Elene,Curtois,ecurtoislr@ca.gov,Female,$232070.48,1044917389,CC
785,Janella,Ghiroldi,jghiroldils@gravatar.com,Female,$331579.21,43783823,IT
786,Alfy,Ritmeyer,aritmeyerlt@redcross.org,Female,$678208.12,919482831,CC
787,Marcus,Watchorn,mwatchornlu@google.nl,Male,$162387.01,96414583,CC
788,Caroline,Gowans,cgowanslv@irs.gov,Female,$230230.98,175323591,IT
789,Beale,Carruth,bcarruthlw@stanford.edu,Male,$724362.89,771320359,PP
790,Linet,Allsworth,lallsworthlx@deliciousdays.com,Female,$808683.51,347400787,PP
791,Ludvig,Derobert,lderobertly@phoca.cz,Male,$104707.48,1030493244,PP
792,Stewart,Aburrow,saburrowlz@multiply.com,Male,$117714.95,140209950,PP
793,Tobye,Liepina,tliepinam0@surveymonkey.com,Female,$420213.98,392148883,PP
794,Gayleen,Franck,gfranckm1@twitter.com,Female,$553344.67,416613915,IT
795,Mahmoud,Cubbin,mcubbinm2@ezinearticles.com,Male,$598867.07,677974613,IT
796,Amalia,Josephi,ajosephim3@ovh.net,Female,$593962.82,923575003,PP
797,Tonye,Alfuso,talfusom4@indiatimes.com,Female,$637995.50,585900055,IT
798,Cathlene,Hay,chaym5@is.gd,Female,$584478.99,389787024,CC
799,Burtie,Morin,bmorinm6@sakura.ne.jp,Male,$645239.06,435801975,IT
800,Basilio,Prettyman,bprettymanm7@census.gov,Male,$241671.24,392501151,CC
801,Quentin,Devonshire,qdevonshirem8@yahoo.co.jp,Male,$145544.94,525569163,IT
802,Roman,Cokayne,rcokaynem9@storify.com,Male,$985773.81,968208725,IT
803,Mitchael,Howsam,mhowsamma@icq.com,Male,$972045.28,550796994,CC
804,Kyle,Nore,knoremb@reverbnation.com,Female,$689499.93,650838521,IT
805,Hermina,Spatoni,hspatonimc@wufoo.com,Female,$414498.09,958109568,IT
806,Diarmid,Arnholtz,darnholtzmd@google.co.uk,Male,$862368.36,822109826,PP
807,Frederico,Lambell,flambellme@omniture.com,Male,$129695.27,311184020,PP
808,Morna,Filby,mfilbymf@ehow.com,Female,$597657.78,979674259,CC
809,Shelly,Flahy,sflahymg@epa.gov,Female,$800828.09,71026426,CC
810,Travis,Heberden,theberdenmh@google.cn,Male,$272185.29,228849589,PP
811,Windham,Galiford,wgalifordmi@dagondesign.com,Male,$924114.32,817300131,PP
812,Adolphe,Browne,abrownemj@jimdo.com,Male,$139772.80,810462583,IT
813,Rex,Soars,rsoarsmk@ucla.edu,Male,$747808.14,882167299,PP
814,Mildrid,Bernhard,mbernhardml@ustream.tv,Female,$738136.60,759245982,CC
815,Joela,Tolfrey,jtolfreymm@blogger.com,Female,$837169.38,649536664,CC
816,Kacey,Whoolehan,kwhoolehanmn@nbcnews.com,Female,$238131.79,1035313548,IT
817,Joachim,Dawtre,jdawtremo@posterous.com,Male,$156155.74,1037339971,CC
818,Leland,Bower,lbowermp@altervista.org,Male,$281906.71,654742378,IT
819,Kerwin,Georgot,kgeorgotmq@fema.gov,Male,$124433.97,786427934,CC
820,Leroy,Buttrick,lbuttrickmr@php.net,Male,$797396.23,148267338,IT
821,Leeanne,Speaks,lspeaksms@dyndns.org,Female,$790885.84,849255666,IT
822,Daria,Reymers,dreymersmt@sakura.ne.jp,Female,$603529.63,902469098,PP
823,Godfrey,Gammett,ggammettmu@is.gd,Male,$715990.99,1039174275,IT
824,Sinclair,Folbigg,sfolbiggmv@storify.com,Male,$534686.40,301646089,CC
825,Edgard,Fairn,efairnmw@odnoklassniki.ru,Male,$823840.48,134117359,PP
826,Tessi,Dabes,tdabesmx@psu.edu,Female,$978610.46,640151730,CC
827,Carrol,Halfhide,chalfhidemy@nymag.com,Male,$729578.95,52211761,IT
828,Lesley,Wicken,lwickenmz@answers.com,Male,$630960.37,808452094,IT
829,Shadow,Feaver,sfeavern0@rediff.com,Male,$312972.71,750686873,CC
830,Wilmar,Tuiller,wtuillern1@about.me,Male,$920128.00,319328525,IT
831,Travis,Edgeley,tedgeleyn2@cam.ac.uk,Male,$286300.00,707076210,CC
832,Federico,Sahlstrom,fsahlstromn3@oracle.com,Male,$734794.54,71410162,CC
833,Cesare,Greggersen,cgreggersenn4@youtube.com,Male,$742422.81,129337227,PP
834,Stearn,Paroni,sparonin5@networksolutions.com,Male,$994661.68,1005246800,PP
835,Renie,Polsin,rpolsinn6@reference.com,Female,$202317.83,998955964,CC
836,Elmira,Stanyard,estanyardn7@google.es,Female,$748457.29,303452862,PP
837,Rosabelle,Kinmond,rkinmondn8@toplist.cz,Female,$575705.87,142348133,CC
838,Abbot,Heynel,aheyneln9@paginegialle.it,Male,$778307.42,417189062,CC
839,Matty,O'Hone,mohonena@vistaprint.com,Male,$815658.60,344180208,PP
840,Ethelind,Melbourn,emelbournnb@senate.gov,Female,$351575.34,977494321,PP
841,Paulie,Pluvier,ppluviernc@weather.com,Male,$677918.85,832220475,CC
842,Tedd,Beamont,tbeamontnd@nsw.gov.au,Male,$155091.51,358447685,IT
843,Jonas,Topes,jtopesne@cdbaby.com,Male,$728081.16,124978534,IT
844,Tootsie,Cake,tcakenf@google.nl,Female,$756995.12,616696876,PP
845,Doug,Scowcroft,dscowcroftng@stanford.edu,Male,$497171.92,952215460,CC
846,Marsha,Cavolini,mcavolininh@goo.ne.jp,Female,$946974.40,892659343,IT
847,Blinni,Doey,bdoeyni@ihg.com,Female,$950680.42,1003660655,CC
848,Meggy,Huntington,mhuntingtonnj@usatoday.com,Female,$558216.06,361301939,CC
849,Trista,Sinnett,tsinnettnk@yellowbook.com,Female,$574254.78,852712513,PP
850,Ash,de Juares,adejuaresnl@google.co.uk,Male,$211365.56,44332324,IT
851,Blanca,Lovie,blovienm@wordpress.org,Female,$359268.17,659705952,CC
852,Jedediah,Figgins,jfigginsnn@pen.io,Male,$633153.61,655465062,PP
853,Perceval,Borleace,pborleaceno@zimbio.com,Male,$306082.91,809987180,PP
854,Gerty,Gero,ggeronp@yandex.ru,Female,$364319.48,348469445,PP
855,Tisha,Gambie,tgambienq@ucoz.com,Female,$212270.07,472137009,CC
856,Clementius,Buckbee,cbuckbeenr@amazon.de,Male,$219265.00,826508277,PP
857,Karlik,Viegas,kviegasns@dyndns.org,Male,$357818.65,172574283,IT
858,Waly,Brelsford,wbrelsfordnt@studiopress.com,Female,$651842.66,437281408,PP
859,Iona,Weymont,iweymontnu@marriott.com,Female,$405056.97,419947787,IT
860,Jocelyn,Tapton,jtaptonnv@weebly.com,Female,$211409.86,1002001919,CC
861,Elihu,Hackinge,ehackingenw@hexun.com,Male,$751364.19,428571086,CC
862,Lenora,Westcar,lwestcarnx@businesswire.com,Female,$884324.86,949270903,PP
863,Florencia,Ca,fcany@addthis.com,Female,$740687.47,400765585,PP
864,Christan,Mateev,cmateevnz@vkontakte.ru,Female,$198999.87,131746044,CC
865,Rodi,Rumney,rrumneyo0@constantcontact.com,Female,$883417.64,65349220,CC
866,Livia,Keneleyside,lkeneleysideo1@drupal.org,Female,$538774.67,497306554,CC
867,Germana,D'Enrico,gdenricoo2@paginegialle.it,Female,$856430.19,732726600,CC
868,Phillip,Pennuzzi,ppennuzzio3@dedecms.com,Male,$625736.59,43283765,IT
869,Aldric,Pybus,apybuso4@noaa.gov,Male,$790866.86,696264838,PP
870,Bradly,Niese,bnieseo5@wiley.com,Male,$397582.99,357963731,PP
871,Renate,MacTavish,rmactavisho6@ovh.net,Female,$969458.21,138267758,PP
872,Linette,Masedon,lmasedono7@archive.org,Female,$298791.85,493237452,IT
873,Beck,Click,bclicko8@sakura.ne.jp,Male,$268142.18,630475566,CC
874,Grenville,Ghidoli,gghidolio9@geocities.com,Male,$514584.66,326522845,PP
875,Rosalia,Rodenhurst,rrodenhurstoa@pagesperso-orange.fr,Female,$779973.37,477181651,IT
876,Padgett,Jakubiak,pjakubiakob@privacy.gov.au,Male,$470931.44,983964609,CC
877,Sayres,Besque,sbesqueoc@csmonitor.com,Male,$856024.49,19240682,CC
878,Clarisse,Grafham,cgrafhamod@utexas.edu,Female,$856991.64,292705402,PP
879,Jarred,Winfindale,jwinfindaleoe@bloglovin.com,Male,$294137.01,894704043,CC
880,Ellsworth,Ivanov,eivanovof@smugmug.com,Male,$490649.43,414572581,PP
881,Bale,Creasy,bcreasyog@umn.edu,Male,$315135.56,489142294,PP
882,Hillary,Dockrill,hdockrilloh@sitemeter.com,Male,$671459.06,459463913,IT
883,Clair,Maly,cmalyoi@ftc.gov,Female,$130116.88,518271777,PP
884,Javier,Kingsly,jkingslyoj@google.co.uk,Male,$378678.26,1048381158,CC
885,Tad,Atcherley,tatcherleyok@princeton.edu,Male,$765482.36,849433148,CC
886,Ekaterina,Debrett,edebrettol@eepurl.com,Female,$734498.63,928847995,IT
887,Daphene,Hairyes,dhairyesom@mayoclinic.com,Female,$398790.81,50895419,PP
888,Hamel,Lujan,hlujanon@hp.com,Male,$920258.73,358327251,CC
889,Calvin,Wasylkiewicz,cwasylkiewiczoo@1688.com,Male,$697842.71,355994278,CC
890,Dani,Bossel,dbosselop@networkadvertising.org,Male,$274499.88,364593849,IT
891,Archibald,Euler,aeuleroq@shutterfly.com,Male,$383496.92,339230922,IT
892,Ericha,Mattersey,ematterseyor@ameblo.jp,Female,$265736.34,954671813,PP
893,Lottie,Ruskin,lruskinos@histats.com,Female,$970556.38,222156646,PP
894,Broderic,Lipson,blipsonot@scribd.com,Male,$945149.86,1032421654,CC
895,Euphemia,Gavrieli,egavrieliou@cpanel.net,Female,$302119.63,989658382,CC
896,Mackenzie,Digger,mdiggerov@ted.com,Male,$663387.24,256559711,PP
897,Port,Michelet,pmicheletow@umich.edu,Male,$578932.94,323860919,PP
898,Domini,Malin,dmalinox@chron.com,Female,$210559.85,585848908,CC
899,Harlen,Casajuana,hcasajuanaoy@wix.com,Male,$578187.78,836076424,IT
900,Andra,Chatto,achattooz@studiopress.com,Female,$777678.24,258149492,PP
901,Dani,Emblow,demblowp0@nhs.uk,Female,$591984.77,608109919,PP
902,Renae,Edgley,redgleyp1@theatlantic.com,Female,$347524.15,338857253,PP
903,Maxie,Eversfield,meversfieldp2@trellian.com,Female,$312433.37,27945512,IT
904,Ivette,Sharma,isharmap3@dagondesign.com,Female,$362075.95,275585222,CC
905,Cornelius,Guntrip,cguntripp4@mail.ru,Male,$974358.05,418348832,IT
906,Vaclav,Lorryman,vlorrymanp5@army.mil,Male,$908124.39,340350367,CC
907,Augustus,Diss,adissp6@independent.co.uk,Male,$860480.26,443049301,CC
908,Parrnell,Preedy,ppreedyp7@utexas.edu,Male,$425005.99,312172879,IT
909,Darice,Brehat,dbrehatp8@shareasale.com,Female,$479526.40,420697796,IT
910,Charles,Schafer,cschaferp9@berkeley.edu,Male,$439528.26,132050038,CC
911,Linzy,Taylerson,ltaylersonpa@icio.us,Female,$472342.25,949481241,CC
912,Shannen,Polding,spoldingpb@unesco.org,Female,$406750.43,51902636,CC
913,Jennette,Tudhope,jtudhopepc@nba.com,Female,$958800.54,218069647,IT
914,Silvano,Stanmer,sstanmerpd@techcrunch.com,Male,$748245.84,712492870,CC
915,Winni,Vaudrey,wvaudreype@miitbeian.gov.cn,Female,$510503.37,797671773,IT
916,Dion,Jewar,djewarpf@networksolutions.com,Female,$327381.89,170562534,PP
917,Tam,McCathy,tmccathypg@hc360.com,Male,$258592.08,592166229,PP
918,Drona,Bothen,dbothenph@domainmarket.com,Female,$437797.87,1042933557,CC
919,Ezechiel,Knowler,eknowlerpi@cmu.edu,Male,$128309.22,713103041,IT
920,Gunther,Inglish,ginglishpj@usda.gov,Male,$535906.44,815929401,IT
921,Kennan,Lapslie,klapsliepk@sphinn.com,Male,$148181.51,757036631,PP
922,Jobi,Medford,jmedfordpl@qq.com,Female,$573073.26,56098014,PP
923,Rochelle,Igonet,rigonetpm@instagram.com,Female,$335394.78,189802628,IT
924,Helenelizabeth,Christofle,hchristoflepn@phpbb.com,Female,$162539.55,757398937,PP
925,Jillane,Vido,jvidopo@scientificamerican.com,Female,$634843.42,165116385,IT
926,Alicia,Riach,ariachpp@barnesandnoble.com,Female,$843617.96,630146807,PP
927,Doe,Crix,dcrixpq@uol.com.br,Female,$344522.00,1039132137,PP
928,Alysia,Duckworth,aduckworthpr@amazonaws.com,Female,$877125.13,562245827,IT
929,Michele,Temple,mtempleps@fda.gov,Male,$548911.60,180506009,IT
930,Jeralee,Bool,jboolpt@umn.edu,Female,$758299.67,246095156,IT
931,Karlyn,Adanet,kadanetpu@goo.gl,Female,$386464.55,601275829,IT
932,Claiborn,Escott,cescottpv@feedburner.com,Male,$804344.86,390444502,CC
933,Leticia,Slinn,lslinnpw@live.com,Female,$974397.15,255508714,CC
934,Aldric,Rappaport,arappaportpx@slideshare.net,Male,$447620.69,98138740,IT
935,Emeline,Pringle,epringlepy@ow.ly,Female,$573204.41,63318978,IT
936,Patrick,Reidshaw,preidshawpz@kickstarter.com,Male,$158477.59,268881077,IT
937,Bonnibelle,Delbergue,bdelbergueq0@woothemes.com,Female,$656106.12,471337865,PP
938,Pablo,Ruggieri,pruggieriq1@oakley.com,Male,$987278.42,733671484,CC
939,Jermayne,Jandak,jjandakq2@tuttocitta.it,Male,$209054.78,635106664,IT
940,Adina,Pywell,apywellq3@photobucket.com,Female,$204556.84,658553177,IT
941,Eyde,Pirozzi,epirozziq4@globo.com,Female,$553224.93,206144341,CC
942,Melania,Shoveller,mshovellerq5@toplist.cz,Female,$317879.38,267617030,PP
943,La verne,Josefsohn,ljosefsohnq6@toplist.cz,Female,$981105.55,733623183,CC
944,Demott,Yakobovitz,dyakobovitzq7@mashable.com,Male,$835971.67,221171018,CC
945,Misha,Romi,mromiq8@wikimedia.org,Female,$832035.09,141806706,PP
946,Lorianne,Lilywhite,llilywhiteq9@google.ru,Female,$637831.33,145058567,IT
947,Aeriela,Kennaway,akennawayqa@japanpost.jp,Female,$676303.26,227111305,CC
948,Dougy,Larkcum,dlarkcumqb@feedburner.com,Male,$813450.02,455823463,PP
949,Moore,McCrae,mmccraeqc@storify.com,Male,$493228.49,1010538490,IT
950,Boycey,Franks,bfranksqd@hugedomains.com,Male,$346153.25,264406438,IT
951,Micah,Exter,mexterqe@ezinearticles.com,Male,$219573.68,513425453,PP
952,Helaine,Farron,hfarronqf@who.int,Female,$606789.92,129903067,IT
953,Deanne,Pettingill,dpettingillqg@free.fr,Female,$259700.91,989178921,IT
954,Garvey,Grzes,ggrzesqh@sciencedaily.com,Male,$514013.78,642304144,IT
955,Humphrey,Goolden,hgooldenqi@ebay.co.uk,Male,$317676.03,545775242,IT
956,Zach,Poad,zpoadqj@furl.net,Male,$179155.98,707358702,PP
957,Boycey,Patel,bpatelqk@bloglines.com,Male,$736366.88,108771785,CC
958,Joeann,Rummer,jrummerql@free.fr,Female,$781960.75,1032915129,PP
959,Jarad,Corteis,jcorteisqm@eventbrite.com,Male,$459096.63,532011982,IT
960,Alfons,Winney,awinneyqn@telegraph.co.uk,Male,$148148.36,674748645,PP
961,Ali,Ormes,aormesqo@lycos.com,Female,$723784.35,938236253,CC
962,Cyb,Sharram,csharramqp@globo.com,Female,$844488.55,528815900,CC
963,Sela,Dollard,sdollardqq@histats.com,Female,$150072.42,512867576,CC
964,Wallie,Brymham,wbrymhamqr@trellian.com,Male,$376523.17,225353985,IT
965,Beth,Sawers,bsawersqs@upenn.edu,Female,$424236.07,205553781,IT
966,Catharine,Langeley,clangeleyqt@etsy.com,Female,$600298.59,726263107,CC
967,Mayne,Baly,mbalyqu@gov.uk,Male,$327224.34,451238168,IT
968,David,Elson,delsonqv@wsj.com,Male,$845901.27,564382707,IT
969,Lebbie,Sweed,lsweedqw@toplist.cz,Female,$332724.83,562063237,CC
970,Julius,Gordon-Giles,jgordongilesqx@auda.org.au,Male,$827140.51,914759349,IT
971,Mischa,Scoterbosh,mscoterboshqy@arizona.edu,Male,$854229.59,260097808,IT
972,Freddy,Okie,fokieqz@mayoclinic.com,Male,$427259.38,408072509,PP
973,Emylee,Issacoff,eissacoffr0@paypal.com,Female,$620520.78,557054800,PP
974,Kaleena,Marquess,kmarquessr1@nature.com,Female,$610303.21,451056109,CC
975,Peg,Decayette,pdecayetter2@weibo.com,Female,$155350.65,863080001,PP
976,Rolph,Stiddard,rstiddardr3@wisc.edu,Male,$162453.75,770140457,IT
977,Conant,Benois,cbenoisr4@studiopress.com,Male,$262377.02,676499518,PP
978,Meryl,Cominoli,mcominolir5@cbc.ca,Male,$532145.69,446425260,CC
979,Chev,McMillam,cmcmillamr6@ibm.com,Male,$651400.66,309043170,CC
980,Lorette,Lillicrap,llillicrapr7@prnewswire.com,Female,$159418.26,969665526,CC
981,Rubia,Adamini,radaminir8@washington.edu,Female,$230935.37,106649329,PP
982,Modesty,Normington,mnormingtonr9@liveinternet.ru,Female,$403248.27,611684628,IT
983,Fergus,O'Doran,fodoranra@netlog.com,Male,$360542.03,309032918,IT
984,Hamid,Schuler,hschulerrb@google.it,Male,$436469.80,508687103,PP
985,Biddie,Venour,bvenourrc@ed.gov,Female,$566067.11,814492488,CC
986,Hadria,Clemonts,hclemontsrd@washingtonpost.com,Female,$884175.62,747143657,PP
987,Laurence,Thurlow,lthurlowre@upenn.edu,Male,$688175.84,763798823,CC
988,Delphine,Boldison,dboldisonrf@nih.gov,Female,$219967.52,804805870,IT
989,Kliment,Valsler,kvalslerrg@stumbleupon.com,Male,$226622.78,1033786801,IT
990,Ginger,Bassford,gbassfordrh@blog.com,Male,$848838.15,437226048,IT
991,Tadeo,Gilhouley,tgilhouleyri@npr.org,Male,$445437.27,334714751,IT
992,Ardelle,Beine,abeinerj@topsy.com,Female,$820815.74,714283719,CC
993,Tally,Luce,tlucerk@pen.io,Male,$262334.69,406009580,PP
994,Theo,Coltherd,tcoltherdrl@vimeo.com,Male,$198997.02,275608849,IT
995,Cristionna,Doiley,cdoileyrm@webnode.com,Female,$206538.68,65383634,IT
996,Bogey,Whellams,bwhellamsrn@hostgator.com,Male,$929551.39,522782701,PP
997,Gram,Bartalin,gbartalinro@usda.gov,Male,$857840.76,955329492,CC
998,Sandra,Lavery,slaveryrp@chicagotribune.com,Female,$490680.58,308301822,PP
999,Renado,Ferebee,rferebeerq@nhs.uk,Male,$355154.93,163325581,PP
1000,Rip,Heiden,rheidenrr@sun.com,Male,$481037.39,394188570,CC
