id,nombre,apellido,email,genero,valor_tx,numero_identificacion,tipo_identificacion
1,Meghan,Houseman,mhouseman0@jalbum.net,Female,$600941.48,821804228,CC
2,Britt,Burchmore,bburchmore1@amazon.de,Male,$160910.58,206990666,PP
3,Kenna,Polle,kpolle2@nationalgeographic.com,Female,$839059.81,476897990,PP
4,Kimmi,Freeberne,kfreeberne3@ucoz.ru,Female,$232415.38,947000714,PP
5,Kai,Connah,kconnah4@nyu.edu,Female,$817161.04,92784151,IT
6,Hakeem,Angove,hangove5@goodreads.com,Male,$404587.90,14962788,PP
7,Adolph,Knevett,aknevett6@aol.com,Male,$645828.07,315212171,IT
8,Albie,Bayless,abayless7@economist.com,Male,$375756.40,747143893,CC
9,Damara,Del Checolo,ddelchecolo8@wikipedia.org,Female,$735332.73,1005419351,CC
10,Koenraad,Cullnean,kcullnean9@cargocollective.com,Male,$908691.21,608915303,IT
11,Zena,Maslen,zmaslena@istockphoto.com,Female,$196660.69,745542619,PP
12,Byram,Topping,btoppingb@technorati.com,Male,$962784.14,739294737,CC
13,Malorie,Pamphilon,mpamphilonc@sfgate.com,Female,$550851.85,715822358,PP
14,Rhodia,Hissett,rhissettd@php.net,Female,$459677.21,80597609,CC
15,Biddie,Dalston,bdalstone@blinklist.com,Female,$416475.66,399919755,CC
16,Rufus,Raine,rrainef@tmall.com,Male,$961217.92,681912285,IT
17,Wayland,Bullivent,wbulliventg@trellian.com,Male,$120395.47,158257401,CC
18,Rennie,Holah,rholahh@t.co,Female,$162351.90,831004499,PP
19,Orlan,Yo,oyoi@scribd.com,Male,$714601.60,259396902,IT
20,Jobi,Wilfling,jwilflingj@pagesperso-orange.fr,Female,$264207.51,1017319288,IT
21,Consalve,Elstow,celstowk@yellowpages.com,Male,$635113.55,1003742615,PP
22,Renard,Elms,relmsl@patch.com,Male,$905386.32,164036562,PP
23,Walker,Gepheart,wgepheartm@toplist.cz,Male,$177913.34,567580572,PP
24,Breena,Scothern,bscothernn@apache.org,Female,$990906.59,232907400,PP
25,Morgun,Veelers,mveelerso@unc.edu,Male,$720694.93,693282216,CC
26,Wallace,Munroe,wmunroep@virginia.edu,Male,$960547.31,165750342,PP
27,Terrell,Brugman,tbrugmanq@eepurl.com,Male,$570317.78,882555771,CC
28,Kennedy,Dalgarnocht,kdalgarnochtr@fotki.com,Male,$605639.69,71286433,CC
29,Arda,Perton,apertons@oakley.com,Female,$211985.25,592378497,PP
30,Kennan,Geane,kgeanet@ebay.co.uk,Male,$361496.76,533790707,PP
31,Alisha,Baggiani,abaggianiu@google.pl,Female,$613049.34,591941916,CC
32,Dorri,Currm,dcurrmv@godaddy.com,Female,$417861.38,81930132,PP
33,Reed,Preto,rpretow@zdnet.com,Male,$686441.00,571925858,PP
34,Keely,Johnikin,kjohnikinx@com.com,Female,$496178.10,779568112,CC
35,Rinaldo,Mapledoore,rmapledoorey@free.fr,Male,$942148.03,596138431,IT
36,Gilemette,Bramsen,gbramsenz@yelp.com,Female,$726410.60,463022642,IT
37,Nicholas,Baal,nbaal10@yahoo.com,Male,$512873.20,1017727535,IT
38,Melina,Aikman,maikman11@paypal.com,Female,$176404.52,210328930,IT
39,Jayson,Wermerling,jwermerling12@hugedomains.com,Male,$472597.31,857148652,PP
40,Fey,Luffman,fluffman13@oaic.gov.au,Female,$854493.13,343530225,PP
41,Fonzie,Langmead,flangmead14@cargocollective.com,Male,$140969.11,806236148,IT
42,Karisa,Tremble,ktremble15@cbslocal.com,Female,$556496.17,1041052789,IT
43,Saleem,Verzey,sverzey16@buzzfeed.com,Male,$739278.83,1008749675,CC
44,Harper,Tedder,htedder17@vimeo.com,Male,$871445.78,503631130,IT
45,Jaquelin,Hindenberger,jhindenberger18@washingtonpost.com,Female,$582162.07,314289057,IT
46,Eziechiele,Maxsted,emaxsted19@51.la,Male,$402072.53,689534371,PP
47,Diandra,Glennard,dglennard1a@slideshare.net,Female,$933172.14,309255707,PP
48,Kahaleel,Frohock,kfrohock1b@narod.ru,Male,$752655.38,617236827,IT
49,Morna,Lawrenz,mlawrenz1c@hao123.com,Female,$746032.37,713138766,CC
50,Blondelle,Yosevitz,byosevitz1d@bbb.org,Female,$748643.05,888880147,CC
51,Urban,Cuel,ucuel1e@cdc.gov,Male,$454889.24,247301080,CC
52,Milton,Klaves,mklaves1f@sourceforge.net,Male,$125118.04,293413299,IT
53,Guenna,Fontes,gfontes1g@jugem.jp,Female,$148886.00,298695473,PP
54,Lauryn,Berrington,lberrington1h@bbc.co.uk,Female,$710323.42,801643976,PP
55,Whitman,Estrella,westrella1i@cnbc.com,Male,$439021.54,941136102,PP
56,Blinni,Tappor,btappor1j@dion.ne.jp,Female,$569923.12,931259926,PP
57,Bradley,Collen,bcollen1k@vkontakte.ru,Male,$431596.29,109881121,IT
58,Carlie,Janek,cjanek1l@japanpost.jp,Female,$546023.31,553168052,CC
59,Thurston,Belamy,tbelamy1m@tamu.edu,Male,$694463.17,18481022,PP
60,Tommy,Screwton,tscrewton1n@europa.eu,Female,$141215.02,923528222,IT
61,Griz,Igo,gigo1o@cdc.gov,Male,$948822.34,465988544,CC
62,Raymund,Courtois,rcourtois1p@newsvine.com,Male,$195920.28,944727249,CC
63,Krystyna,Dradey,kdradey1q@dagondesign.com,Female,$597157.94,26556434,CC
64,Edith,Beetlestone,ebeetlestone1r@people.com.cn,Female,$699989.98,679473221,IT
65,Dre,Marquand,dmarquand1s@flavors.me,Female,$603521.05,16362144,IT
66,Brooks,Morffew,bmorffew1t@state.gov,Male,$334430.00,107083935,IT
67,Raeann,Gowrie,rgowrie1u@clickbank.net,Female,$913968.75,638946668,IT
68,Shepperd,Parnaby,sparnaby1v@angelfire.com,Male,$975649.64,618559708,PP
69,Gannie,Caldayrou,gcaldayrou1w@yelp.com,Male,$812700.54,535913543,PP
70,Asa,Strachan,astrachan1x@flickr.com,Male,$790458.88,853047017,CC
71,Edin,Banker,ebanker1y@amazonaws.com,Female,$170434.62,866338676,PP
72,Tomasina,Bartleet,tbartleet1z@vinaora.com,Female,$896163.22,487812091,CC
73,Lennard,Swanbourne,lswanbourne20@jiathis.com,Male,$448748.42,174830538,IT
74,Ellynn,Rablin,erablin21@hexun.com,Female,$616308.60,327021463,CC
75,Aloin,Blabber,ablabber22@prlog.org,Male,$228587.40,989775776,PP
76,Milicent,Wybern,mwybern23@biblegateway.com,Female,$932965.02,810776280,IT
77,Eric,Hatfull,ehatfull24@nhs.uk,Male,$818987.89,610840023,CC
78,Rhett,Hardison,rhardison25@japanpost.jp,Male,$175400.74,644964889,CC
79,Bald,Ciobotaro,bciobotaro26@cocolog-nifty.com,Male,$264569.08,494829166,CC
80,Heywood,Wantling,hwantling27@stanford.edu,Male,$261669.59,419028000,IT
81,Roman,Pirrey,rpirrey28@dailymail.co.uk,Male,$269794.10,364480866,IT
82,Ash,Okeshott,aokeshott29@ask.com,Male,$130897.80,215711018,CC
83,Bobbe,Snawdon,bsnawdon2a@desdev.cn,Female,$788119.54,961749241,PP
84,Buddie,Van de Castele,bvandecastele2b@over-blog.com,Male,$372626.40,41952395,CC
85,Janean,Sussams,jsussams2c@cafepress.com,Female,$852993.75,708143085,CC
86,Putnam,Kanwell,pkanwell2d@myspace.com,Male,$808788.85,798467225,CC
87,Melly,Bantock,mbantock2e@skyrock.com,Female,$868015.04,230064564,PP
88,Britni,Bennedick,bbennedick2f@sphinn.com,Female,$882786.68,822103074,CC
89,Frank,Swaffer,fswaffer2g@icq.com,Female,$428168.52,798796903,PP
90,Marillin,Joint,mjoint2h@fotki.com,Female,$232368.76,227048338,IT
91,Jilly,Flaunders,jflaunders2i@forbes.com,Female,$137712.60,650176741,CC
92,Correy,Stidworthy,cstidworthy2j@weibo.com,Male,$364575.94,966193386,IT
93,Moritz,Armour,marmour2k@cbslocal.com,Male,$374154.03,473434120,IT
94,Kimberli,De Courtney,kdecourtney2l@phpbb.com,Female,$808854.28,415209777,PP
95,Janos,Brimming,jbrimming2m@purevolume.com,Male,$155556.44,841391443,PP
96,Darci,Trevino,dtrevino2n@google.es,Female,$888146.85,909298474,IT
97,Christin,Berlin,cberlin2o@photobucket.com,Female,$924742.60,206859552,PP
98,Bryon,Comfort,bcomfort2p@foxnews.com,Male,$786966.40,84625551,CC
99,Liesa,Densun,ldensun2q@topsy.com,Female,$626151.91,1013091762,IT
100,Rinaldo,Sellors,rsellors2r@unicef.org,Male,$411641.46,337503218,CC
101,Aldwin,Overshott,aovershott2s@un.org,Male,$418235.83,8055448,PP
102,Phaedra,Del Monte,pdelmonte2t@jugem.jp,Female,$863643.56,7224528,IT
103,Edsel,Yardley,eyardley2u@4shared.com,Male,$538278.53,333262238,IT
104,Raven,Yewdall,ryewdall2v@engadget.com,Female,$952812.03,788875901,IT
105,Zacherie,Dominiak,zdominiak2w@goo.ne.jp,Male,$275646.79,295387503,CC
106,Rodolphe,Nern,rnern2x@photobucket.com,Male,$803662.89,639863343,CC
107,Alicea,Scardifeild,ascardifeild2y@archive.org,Female,$662334.01,413042652,PP
108,Terri,Sparrow,tsparrow2z@ucoz.com,Female,$435886.24,737758050,CC
109,Park,Stille,pstille30@ucoz.com,Male,$479601.40,327287244,PP
110,Friedrich,Nail,fnail31@umich.edu,Male,$482153.17,422613350,PP
111,Fonzie,Menier,fmenier32@umn.edu,Male,$136068.58,447672163,PP
112,Claudia,Fairholm,cfairholm33@vk.com,Female,$467607.39,767833723,PP
113,Carroll,Keech,ckeech34@sun.com,Female,$277809.18,630809850,PP
114,Lorraine,Bridywater,lbridywater35@marriott.com,Female,$596931.62,1044452665,PP
115,Leola,Gipson,lgipson36@japanpost.jp,Female,$915552.36,777150451,CC
116,Jarvis,Bolliver,jbolliver37@amazon.de,Male,$860005.64,468240696,IT
117,Ronnica,Colquhoun,rcolquhoun38@people.com.cn,Female,$534041.00,934979873,CC
118,Valli,Oller,voller39@ucoz.com,Female,$189114.66,946170714,CC
119,Jonathan,Gever,jgever3a@sakura.ne.jp,Male,$157522.45,339843258,PP
120,Rosalinde,McCurry,rmccurry3b@bbc.co.uk,Female,$609378.09,847509276,IT
121,Balduin,Allender,ballender3c@chicagotribune.com,Male,$165292.73,1038139553,CC
122,Phillis,Shearmer,pshearmer3d@spiegel.de,Female,$889802.60,927537087,PP
123,Antonin,Castagneto,acastagneto3e@1und1.de,Male,$570926.29,575509423,CC
124,Averell,Kynson,akynson3f@opensource.org,Male,$403920.43,618178893,IT
125,Sibley,Kidstoun,skidstoun3g@cnbc.com,Female,$233052.83,598300380,PP
126,Ingeborg,Levee,ilevee3h@cpanel.net,Female,$370709.78,630539102,PP
127,Della,Gowers,dgowers3i@google.co.uk,Female,$495443.80,763970155,CC
128,Dianemarie,Heller,dheller3j@histats.com,Female,$466629.31,231365403,CC
129,Clementina,Pledger,cpledger3k@hexun.com,Female,$344545.53,500119088,PP
130,Nicolette,Friar,nfriar3l@ted.com,Female,$617726.86,885587918,CC
131,Anatola,Bromehead,abromehead3m@phpbb.com,Female,$356221.64,97462002,IT
132,Michael,Shewry,mshewry3n@columbia.edu,Male,$725834.30,7406412,IT
133,Cart,Fassan,cfassan3o@blinklist.com,Male,$805430.70,297086606,PP
134,Roze,Whebell,rwhebell3p@opera.com,Female,$111742.49,525116650,PP
135,Celie,Godfery,cgodfery3q@examiner.com,Female,$888449.02,865806820,IT
136,Kessia,Pigny,kpigny3r@paginegialle.it,Female,$782506.05,44932303,CC
137,Costa,Rundall,crundall3s@hubpages.com,Male,$779133.91,30110559,PP
138,Nelie,Marwick,nmarwick3t@mapquest.com,Female,$226329.77,751719217,PP
139,Thelma,Dawks,tdawks3u@noaa.gov,Female,$606699.61,983647061,PP
140,Angelina,Inworth,ainworth3v@reddit.com,Female,$898937.44,418010784,CC
141,Bastien,Motherwell,bmotherwell3w@infoseek.co.jp,Male,$218514.07,1021879476,PP
142,Elwin,Halgarth,ehalgarth3x@nba.com,Male,$842585.70,646184423,CC
143,Ray,Barnett,rbarnett3y@npr.org,Female,$469390.92,996163095,IT
144,Robbie,Brockett,rbrockett3z@gnu.org,Male,$304887.79,336546720,IT
145,Issi,Jaques,ijaques40@un.org,Female,$650707.52,361164647,CC
146,Hulda,Bellanger,hbellanger41@census.gov,Female,$783387.41,632529251,PP
147,Maxie,Highwood,mhighwood42@ezinearticles.com,Male,$439759.51,528732404,PP
148,Thibaut,Eliez,teliez43@blinklist.com,Male,$920589.62,959788820,IT
149,Lilith,Le Breton De La Vieuville,llebretondelavieuville44@google.com.au,Female,$643625.51,401935305,CC
150,Ken,Fery,kfery45@etsy.com,Male,$349923.13,449684120,PP
151,Marj,Donisi,mdonisi46@canalblog.com,Female,$700932.32,546001501,PP
152,Annis,Bartolozzi,abartolozzi47@apache.org,Female,$449778.41,514836667,IT
153,Hamnet,Worham,hworham48@booking.com,Male,$491086.33,694619410,CC
154,Ynes,Rentoll,yrentoll49@umich.edu,Female,$521557.30,818672239,IT
155,Brook,Spurdon,bspurdon4a@goodreads.com,Female,$269413.50,539038766,IT
156,Konstanze,Breslauer,kbreslauer4b@ovh.net,Female,$211810.57,449593102,IT
157,Maribel,Fleckno,mfleckno4c@patch.com,Female,$601533.36,160137125,IT
158,Davide,Widger,dwidger4d@psu.edu,Male,$593165.29,587061331,IT
159,Clay,Salliere,csalliere4e@jugem.jp,Male,$808374.08,490890607,PP
160,Chloris,Defond,cdefond4f@pinterest.com,Female,$698075.50,528877507,PP
161,Ame,Cadney,acadney4g@mac.com,Female,$209707.25,254826165,CC
162,Farrell,Armstrong,farmstrong4h@flickr.com,Male,$291646.72,432549307,PP
163,Violetta,Hadny,vhadny4i@1und1.de,Female,$317818.23,696492371,IT
164,Ardyce,MacGibbon,amacgibbon4j@blog.com,Female,$248521.85,828348465,CC
165,Blanch,Bryden,bbryden4k@nyu.edu,Female,$292658.48,803565039,IT
166,Emiline,Gosswell,egosswell4l@deliciousdays.com,Female,$853843.20,222275495,IT
167,Tressa,Gatley,tgatley4m@tuttocitta.it,Female,$510367.92,107645556,IT
168,Riordan,Pobjoy,rpobjoy4n@abc.net.au,Male,$884275.17,901244500,IT
169,Leslie,Coutts,lcoutts4o@drupal.org,Female,$271671.12,578318145,IT
170,Trista,Sapena,tsapena4p@gnu.org,Female,$617696.65,985492883,CC
171,Hilda,Hedditeh,hhedditeh4q@yellowpages.com,Female,$576122.95,995862009,PP
172,Leslie,Pasque,lpasque4r@wisc.edu,Male,$490734.82,229498897,CC
173,Mariele,Cush,mcush4s@hubpages.com,Female,$860771.51,560518942,PP
174,Eadmund,Mahony,emahony4t@abc.net.au,Male,$593796.75,473634234,CC
175,Gerome,Matthensen,gmatthensen4u@e-recht24.de,Male,$810910.60,56237249,CC
176,Janeta,Loraine,jloraine4v@zdnet.com,Female,$567456.83,29552866,IT
177,Garland,Baybutt,gbaybutt4w@merriam-webster.com,Female,$701498.87,65722440,PP
178,Trisha,Pepper,tpepper4x@microsoft.com,Female,$187944.95,547206180,PP
179,Quinn,Connar,qconnar4y@tinypic.com,Male,$520442.14,430613631,PP
180,Beniamino,Cockton,bcockton4z@e-recht24.de,Male,$297625.28,798835696,CC
181,Margaret,Lavies,mlavies50@zimbio.com,Female,$127332.25,799960150,CC
182,Marissa,Turville,mturville51@homestead.com,Female,$743964.95,681548086,IT
183,Jeth,MacSkeagan,jmacskeagan52@parallels.com,Male,$529511.33,553246640,PP
184,Kristofer,Learoid,klearoid53@apple.com,Male,$983707.67,80703673,PP
185,Rubetta,Merriton,rmerriton54@baidu.com,Female,$452874.37,226376930,CC
186,Tricia,Alden,talden55@hud.gov,Female,$517163.87,830026474,PP
187,Hersch,Laweles,hlaweles56@virginia.edu,Male,$496057.55,588190265,IT
188,Cissy,Gofforth,cgofforth57@addthis.com,Female,$253499.41,39245948,IT
189,Boris,Mattis,bmattis58@rakuten.co.jp,Male,$993853.35,852577861,PP
190,Jennine,Brosi,jbrosi59@unblog.fr,Female,$363149.33,1015137681,CC
191,Jean,Iacovacci,jiacovacci5a@unc.edu,Male,$448542.80,535546353,PP
192,Gardener,Tunnick,gtunnick5b@census.gov,Male,$653166.85,328328723,PP
193,Orland,Duggan,oduggan5c@toplist.cz,Male,$652444.66,642058386,IT
194,Damita,Ebdin,debdin5d@com.com,Female,$949560.97,6462373,PP
195,Terrell,Casebourne,tcasebourne5e@pinterest.com,Male,$403828.67,234864987,CC
196,Jessika,Garvagh,jgarvagh5f@addtoany.com,Female,$127985.00,629123762,PP
197,Janetta,Atlay,jatlay5g@google.es,Female,$287475.78,620373868,PP
198,Tim,Crumbleholme,tcrumbleholme5h@google.ca,Male,$617226.89,622491715,CC
199,Marijn,Knutton,mknutton5i@about.me,Male,$290517.20,539472445,CC
200,Amelia,Stiggles,astiggles5j@google.es,Female,$212949.06,376358488,PP
201,Ina,Grayer,igrayer5k@w3.org,Female,$434172.24,695879812,PP
202,Cassie,Kassidy,ckassidy5l@earthlink.net,Female,$888900.45,895143055,CC
203,Leah,Glinde,lglinde5m@nymag.com,Female,$500788.21,399159876,IT
204,Derk,Robiou,drobiou5n@paypal.com,Male,$776366.83,202958083,PP
205,Alick,Petford,apetford5o@dailymail.co.uk,Male,$101688.12,256426486,CC
206,Aldwin,Brim,abrim5p@amazon.de,Male,$513639.72,321909822,PP
207,Bert,Insull,binsull5q@dyndns.org,Male,$833938.50,958738183,IT
208,Stephanie,Bedson,sbedson5r@hibu.com,Female,$632263.31,620804727,IT
209,Avrit,Molnar,amolnar5s@deviantart.com,Female,$907897.95,630458445,PP
210,Violet,Fishe,vfishe5t@forbes.com,Female,$566922.49,193825197,CC
211,Zebulon,Hune,zhune5u@51.la,Male,$116940.46,15412854,PP
212,Judye,Stiles,jstiles5v@epa.gov,Female,$454368.55,174189014,PP
213,Douglas,Alps,dalps5w@biblegateway.com,Male,$483143.08,535650286,CC
214,Symon,Attenbarrow,sattenbarrow5x@biblegateway.com,Male,$729789.74,724311739,PP
215,Lonny,Samwayes,lsamwayes5y@utexas.edu,Male,$633326.67,886630973,CC
216,Terry,Cornock,tcornock5z@bloglines.com,Female,$813317.49,143747959,PP
217,Kim,Deeley,kdeeley60@cpanel.net,Male,$425761.06,681293608,PP
218,Gusta,Foro,gforo61@mapquest.com,Female,$399114.26,230823450,IT
219,Gibby,Hazley,ghazley62@miitbeian.gov.cn,Male,$119896.40,582328510,IT
220,Larissa,Blampey,lblampey63@fema.gov,Female,$912531.85,645740580,CC
221,Maritsa,Brusin,mbrusin64@last.fm,Female,$821379.70,911666757,CC
222,Winne,Gowman,wgowman65@google.cn,Female,$785896.23,190259853,CC
223,Tristam,Boost,tboost66@nih.gov,Male,$259213.37,824754995,CC
224,Tremayne,Saenz,tsaenz67@alexa.com,Male,$439384.64,371032102,IT
225,Carl,Clamp,cclamp68@cocolog-nifty.com,Male,$298523.88,621499310,IT
226,Nickolaus,Croce,ncroce69@squarespace.com,Male,$833059.66,116048221,PP
227,Pen,De Carlo,pdecarlo6a@w3.org,Female,$339960.88,481407705,PP
228,Hank,Stenson,hstenson6b@bloglines.com,Male,$850877.16,493193007,CC
229,Rea,Cavalier,rcavalier6c@nbcnews.com,Female,$176262.26,137135578,PP
230,Zonnya,Whiffin,zwhiffin6d@biblegateway.com,Female,$890215.93,317344912,PP
231,Wilden,Sharphurst,wsharphurst6e@purevolume.com,Male,$512377.58,141787497,CC
232,Jed,Copins,jcopins6f@statcounter.com,Male,$808213.46,499608789,IT
233,Tiffanie,Alchin,talchin6g@skyrock.com,Female,$506063.03,513803309,CC
234,Cullan,Heibl,cheibl6h@cpanel.net,Male,$297695.59,103837143,CC
235,Jackquelin,Snowling,jsnowling6i@ftc.gov,Female,$759830.50,1001143045,IT
236,Gibb,Vanyatin,gvanyatin6j@ucla.edu,Male,$596112.79,254634276,CC
237,Reider,Giocannoni,rgiocannoni6k@hexun.com,Male,$107218.99,245641584,CC
238,Ofelia,Grenter,ogrenter6l@soundcloud.com,Female,$403816.41,211650355,IT
239,Lyman,Weond,lweond6m@delicious.com,Male,$510030.16,333460369,CC
240,Nikolai,Cokayne,ncokayne6n@soup.io,Male,$120742.44,645257155,IT
241,Lewie,Maffulli,lmaffulli6o@jigsy.com,Male,$914232.27,148838890,IT
242,Errol,Astall,eastall6p@istockphoto.com,Male,$387995.03,274091744,IT
243,Sebastien,Neumann,sneumann6q@mysql.com,Male,$363828.65,252909827,CC
244,Wildon,Titmarsh,wtitmarsh6r@nih.gov,Male,$727002.73,58971044,IT
245,Sal,Fiddiman,sfiddiman6s@ezinearticles.com,Male,$903623.27,670441165,IT
246,Kristopher,Partridge,kpartridge6t@liveinternet.ru,Male,$407847.36,275767094,CC
247,Roselle,Wildin,rwildin6u@delicious.com,Female,$200837.60,60403077,IT
248,Kayne,Trangmar,ktrangmar6v@arizona.edu,Male,$555524.93,757162120,IT
249,Hervey,Horsell,hhorsell6w@imdb.com,Male,$336833.64,403160646,PP
250,Katuscha,Selkirk,kselkirk6x@wp.com,Female,$971229.41,538429450,IT
251,Davidson,Coverdale,dcoverdale6y@ted.com,Male,$929185.40,327285541,IT
252,Rossie,Wetherick,rwetherick6z@cloudflare.com,Male,$782794.23,642421844,CC
253,Burr,Marrian,bmarrian70@blogger.com,Male,$171167.25,869219615,CC
254,Mar,Areles,mareles71@sbwire.com,Male,$918198.07,498398999,IT
255,Barrett,Gianasi,bgianasi72@shop-pro.jp,Male,$856944.29,828535826,IT
256,Sheppard,Danne,sdanne73@netscape.com,Male,$166884.73,755829462,PP
257,Townie,Gellan,tgellan74@army.mil,Male,$895580.28,34781056,PP
258,Sabra,Cahalan,scahalan75@instagram.com,Female,$342794.85,396021985,CC
259,Lynelle,Doudney,ldoudney76@wikia.com,Female,$947371.28,532161124,CC
260,Huntlee,Fosdick,hfosdick77@plala.or.jp,Male,$304632.54,692300338,PP
261,Koral,Milne,kmilne78@abc.net.au,Female,$806898.38,201363520,CC
262,Jeanie,Creboe,jcreboe79@pen.io,Female,$209360.95,808583941,CC
263,Bev,McGonigal,bmcgonigal7a@chicagotribune.com,Male,$265664.76,619727429,CC
264,Florinda,Fante,ffante7b@cbsnews.com,Female,$574315.53,793681594,IT
265,Errol,Eubank,eeubank7c@edublogs.org,Male,$605831.55,655918054,PP
266,Nils,Stienham,nstienham7d@nature.com,Male,$349077.20,877816885,IT
267,Vivia,Sudlow,vsudlow7e@1und1.de,Female,$248266.23,1036026409,IT
268,Glenden,Huriche,ghuriche7f@miitbeian.gov.cn,Male,$384466.47,160017819,PP
269,Ludwig,Sheppard,lsheppard7g@twitpic.com,Male,$317304.49,909362695,IT
270,Ethan,Mutlow,emutlow7h@slate.com,Male,$312579.21,525184175,IT
271,Chrissie,Drache,cdrache7i@yale.edu,Female,$486072.83,674019654,CC
272,Florella,Robson,frobson7j@indiegogo.com,Female,$122266.30,78167423,CC
273,Jock,Duffyn,jduffyn7k@fotki.com,Male,$961459.22,105854509,PP
274,Hillard,Glancy,hglancy7l@shareasale.com,Male,$969791.60,884972201,CC
275,Josefa,Locard,jlocard7m@ihg.com,Female,$298819.42,355992657,PP
276,Hannie,Somerled,hsomerled7n@cnbc.com,Female,$612526.55,655761260,IT
277,Gayelord,Blakebrough,gblakebrough7o@sogou.com,Male,$812026.08,711119490,IT
278,Maura,Willisch,mwillisch7p@apple.com,Female,$939097.27,816071745,IT
279,Brittany,Tubb,btubb7q@gnu.org,Female,$797104.83,452237622,CC
280,Jermaine,Affron,jaffron7r@pen.io,Male,$504234.08,238412054,IT
281,Ina,Foat,ifoat7s@unicef.org,Female,$616263.47,307308345,IT
282,Sonni,Dorney,sdorney7t@narod.ru,Female,$259570.07,264945570,IT
283,Byran,Kneal,bkneal7u@auda.org.au,Male,$572088.62,1046387585,IT
284,Berkly,McGinley,bmcginley7v@deliciousdays.com,Male,$866911.08,375522904,CC
285,Becky,Prosch,bprosch7w@theatlantic.com,Female,$205528.75,886468708,PP
286,Joseito,Axup,jaxup7x@skyrock.com,Male,$680625.46,59404764,IT
287,Dianna,Stennard,dstennard7y@dailymail.co.uk,Female,$601621.82,694818006,IT
288,Tabor,Gatling,tgatling7z@etsy.com,Male,$273423.02,373619574,CC
289,Noam,Forbear,nforbear80@mysql.com,Male,$619967.31,266281527,PP
290,Madonna,Bryceson,mbryceson81@hexun.com,Female,$162331.68,532125352,PP
291,Germain,Byard,gbyard82@liveinternet.ru,Female,$441746.47,321195845,PP
292,Ellynn,Pittwood,epittwood83@ed.gov,Female,$855184.81,891893852,PP
293,Cybill,Coxon,ccoxon84@nbcnews.com,Female,$431581.43,105168804,PP
294,Carter,Roscow,croscow85@discovery.com,Male,$729526.57,263765482,CC
295,Dorthea,Eade,deade86@quantcast.com,Female,$605234.69,277889351,IT
296,Marleah,Losano,mlosano87@bbc.co.uk,Female,$423212.79,758367941,PP
297,Neilla,Trimbey,ntrimbey88@examiner.com,Female,$971062.39,618694384,IT
298,Craggie,Geekin,cgeekin89@pcworld.com,Male,$383765.08,957860310,CC
299,Lennard,Shireff,lshireff8a@behance.net,Male,$896210.10,279832978,CC
300,Almira,Sadat,asadat8b@hhs.gov,Female,$718141.71,814100846,CC
301,Larina,Brok,lbrok8c@msn.com,Female,$127361.08,1049303903,PP
302,Manolo,Attenborrow,mattenborrow8d@miitbeian.gov.cn,Male,$241875.84,484247557,CC
303,Margarethe,Latta,mlatta8e@woothemes.com,Female,$920860.34,490519846,IT
304,Monty,Milkins,mmilkins8f@abc.net.au,Male,$573262.93,586761487,PP
305,Anneliese,Lockney,alockney8g@slideshare.net,Female,$194986.09,251305234,PP
306,Farrah,Leworthy,fleworthy8h@narod.ru,Female,$218276.91,173113236,CC
307,Joice,Cess,jcess8i@ycombinator.com,Female,$756061.73,581077518,IT
308,Kaila,Baldrick,kbaldrick8j@wunderground.com,Female,$766360.39,1032240672,CC
309,Albrecht,Quoit,aquoit8k@seattletimes.com,Male,$348362.59,908123919,CC
310,Jeffry,Bruckman,jbruckman8l@umn.edu,Male,$129751.13,432059534,IT
311,Benson,Mabbs,bmabbs8m@printfriendly.com,Male,$990659.45,520417438,PP
312,Alva,Laurant,alaurant8n@taobao.com,Male,$376461.68,992972618,IT
313,Verene,Lawrenz,vlawrenz8o@yellowpages.com,Female,$587962.92,988964978,IT
314,Terra,McTrustie,tmctrustie8p@go.com,Female,$663131.15,342012673,CC
315,Jaquenetta,Dorricott,jdorricott8q@adobe.com,Female,$364896.41,328565803,CC
316,Rochella,Parley,rparley8r@webs.com,Female,$542268.28,352514758,CC
317,Kristel,Rosendale,krosendale8s@cnn.com,Female,$198202.84,1039865612,PP
318,Aubree,Depport,adepport8t@cdbaby.com,Female,$196275.23,192566949,IT
319,Travis,Saich,tsaich8u@ucla.edu,Male,$813249.14,410531758,PP
320,Rolland,Nial,rnial8v@nhs.uk,Male,$561591.40,810215712,CC
321,Marcos,Dauncey,mdauncey8w@wisc.edu,Male,$936578.57,512666701,CC
322,Selie,Neljes,sneljes8x@chron.com,Female,$928723.55,763984196,CC
323,Eileen,Jewers,ejewers8y@jiathis.com,Female,$875920.08,868437241,IT
324,Smith,Wakes,swakes8z@nature.com,Male,$712709.19,422406089,PP
325,Trudi,Beebee,tbeebee90@springer.com,Female,$744401.67,695752340,IT
326,Faber,Mailey,fmailey91@boston.com,Male,$549995.42,282680354,IT
327,Franchot,Briant,fbriant92@craigslist.org,Male,$552956.50,280287117,IT
328,Lynelle,Weatherup,lweatherup93@shutterfly.com,Female,$817619.95,864854615,CC
329,Pembroke,Hazeley,phazeley94@independent.co.uk,Male,$454941.57,874054109,IT
330,Bessie,Montague,bmontague95@blogspot.com,Female,$309989.07,835676242,CC
331,Buckie,Braime,bbraime96@mashable.com,Male,$953665.46,13793080,IT
332,Nessy,McIllroy,nmcillroy97@msn.com,Female,$735995.57,255890454,CC
333,Codie,Landis,clandis98@oakley.com,Female,$262718.89,901459074,CC
334,Jule,O' Hern,johern99@privacy.gov.au,Male,$849608.23,13096217,CC
335,Ole,Macura,omacura9a@bloomberg.com,Male,$261781.19,357935538,IT
336,Corilla,Miles,cmiles9b@drupal.org,Female,$276444.06,164824048,PP
337,Karine,Arpino,karpino9c@tiny.cc,Female,$532361.68,563150782,PP
338,Arni,Lagadu,alagadu9d@miitbeian.gov.cn,Male,$951332.06,770624362,PP
339,Nollie,Keirle,nkeirle9e@theguardian.com,Male,$392833.02,180813322,IT
340,Ania,Hurton,ahurton9f@desdev.cn,Female,$811612.93,201580264,CC
341,Artair,Franklyn,afranklyn9g@163.com,Male,$363482.30,106235019,CC
342,Hedvig,Gorgl,hgorgl9h@census.gov,Female,$225370.90,257820075,PP
343,Keary,Halloway,khalloway9i@dedecms.com,Male,$359555.93,132866558,IT
344,Colas,Orable,corable9j@scientificamerican.com,Male,$119093.10,684143903,CC
345,Erwin,Somerfield,esomerfield9k@nyu.edu,Male,$128282.39,284910367,CC
346,Hort,Yurenin,hyurenin9l@amazon.com,Male,$536165.26,933612489,CC
347,Nehemiah,Rottery,nrottery9m@usnews.com,Male,$404236.32,259031975,PP
348,Lane,Trowler,ltrowler9n@hhs.gov,Male,$390749.04,424649429,PP
349,Bevan,Salvidge,bsalvidge9o@oracle.com,Male,$549526.49,683910666,CC
350,Julietta,Stone,jstone9p@i2i.jp,Female,$864980.19,508846078,PP
351,Alika,Sawdon,asawdon9q@flavors.me,Female,$850566.98,139701347,IT
352,Antonin,Sparshatt,asparshatt9r@reuters.com,Male,$558894.89,300907789,IT
353,Raymund,Farry,rfarry9s@geocities.jp,Male,$519708.73,295490942,PP
354,Carl,Damato,cdamato9t@irs.gov,Male,$435239.32,745300127,CC
355,Gretchen,Ornells,gornells9u@google.com.au,Female,$426624.61,177549415,PP
356,Kat,Taggart,ktaggart9v@flavors.me,Female,$480068.60,35348670,PP
357,Pen,Leggen,pleggen9w@berkeley.edu,Female,$259636.64,278456645,CC
358,Lewes,Vassman,lvassman9x@senate.gov,Male,$213483.34,911501976,CC
359,Josepha,Quest,jquest9y@amazon.co.uk,Female,$632001.11,1001739336,PP
360,Loree,Feldon,lfeldon9z@sun.com,Female,$804398.70,258158762,PP
361,Huntlee,Sarney,hsarneya0@wired.com,Male,$672943.22,437801402,CC
362,Darius,Poinsett,dpoinsetta1@dell.com,Male,$763507.59,449764942,PP
363,Lyndy,Olczyk,lolczyka2@arstechnica.com,Female,$509747.63,346380800,PP
364,Adolf,Marlor,amarlora3@dropbox.com,Male,$703629.45,415793778,PP
365,Raimundo,Wynes,rwynesa4@tumblr.com,Male,$808327.53,42253382,PP
366,Teodora,Glaister,tglaistera5@state.gov,Female,$178514.27,130707624,IT
367,Clint,Garry,cgarrya6@fema.gov,Male,$472341.36,1031661271,PP
368,Laney,Adshed,ladsheda7@ucoz.com,Male,$326978.83,536028485,PP
369,Jamie,Gittis,jgittisa8@skype.com,Male,$188587.96,232453946,CC
370,Merrily,Culvey,mculveya9@techcrunch.com,Female,$450687.65,882548043,PP
371,Whitman,Robbel,wrobbelaa@amazon.de,Male,$490841.67,891408081,IT
372,Eva,Bretherton,ebrethertonab@wp.com,Female,$769430.14,603025166,CC
373,Jeffie,Rispine,jrispineac@cdbaby.com,Male,$715695.80,491344856,IT
374,Fayre,Vatini,fvatiniad@mtv.com,Female,$834456.64,940754789,IT
375,Der,Vanyakin,dvanyakinae@wp.com,Male,$138815.74,709224858,IT
376,Wenona,Suddick,wsuddickaf@xing.com,Female,$790519.24,483907106,PP
377,Leanna,Winear,lwinearag@ask.com,Female,$780156.78,456338534,IT
378,Dominga,Ballefant,dballefantah@unblog.fr,Female,$819963.77,116667003,IT
379,Berget,Colville,bcolvilleai@cnet.com,Female,$963037.89,1020561323,CC
380,Prent,Grigoli,pgrigoliaj@cdbaby.com,Male,$940543.85,374589088,IT
381,Emmerich,Philipart,ephilipartak@indiatimes.com,Male,$888096.70,69631952,IT
382,Elka,Wadhams,ewadhamsal@google.fr,Female,$732223.47,579537936,PP
383,Nicoli,Jiri,njiriam@cnet.com,Female,$323957.83,880190277,IT
384,Egor,Duncanson,eduncansonan@europa.eu,Male,$401222.11,523826237,IT
385,Vernice,Franzke,vfranzkeao@tinyurl.com,Female,$129713.33,134612910,CC
386,Sibel,McSwan,smcswanap@networksolutions.com,Female,$139441.45,137803090,PP
387,Olva,Langshaw,olangshawaq@webnode.com,Female,$122571.80,164321716,CC
388,Rodolphe,Mallion,rmallionar@jiathis.com,Male,$554577.80,822926758,CC
389,Calley,Hugett,chugettas@studiopress.com,Female,$759366.47,522593575,PP
390,Alexandros,Hartop,ahartopat@sphinn.com,Male,$251335.19,144567323,IT
391,Evelin,Catherine,ecatherineau@msu.edu,Male,$243283.67,823692321,IT
392,Anna,Ingold,aingoldav@squidoo.com,Female,$135478.91,314953851,CC
393,Glendon,Hubbard,ghubbardaw@netscape.com,Male,$953580.19,297077874,IT
394,Cristiano,Scarlet,cscarletax@msu.edu,Male,$556213.28,506262262,IT
395,Marc,Klaffs,mklaffsay@senate.gov,Male,$956266.57,927352080,IT
396,Madella,Weippert,mweippertaz@marriott.com,Female,$383503.42,81878235,CC
397,Linus,Giacoppo,lgiacoppob0@spiegel.de,Male,$564784.08,814395974,PP
398,Jere,De Launde,jdelaundeb1@shutterfly.com,Female,$560748.00,124337406,CC
399,Bernie,Schwand,bschwandb2@meetup.com,Female,$827124.13,199401194,PP
400,Eddy,Rodder,erodderb3@nbcnews.com,Male,$938313.88,7102364,IT
401,Pebrook,Towndrow,ptowndrowb4@apple.com,Male,$208397.16,532227508,PP
402,Silvano,Klejna,sklejnab5@google.com.hk,Male,$617824.11,365789672,PP
403,Ezri,D'Costa,edcostab6@taobao.com,Male,$460724.57,594225486,IT
404,Erma,Goldsmith,egoldsmithb7@4shared.com,Female,$192703.99,1000031123,IT
405,Worthy,Bortolussi,wbortolussib8@ftc.gov,Male,$643992.33,1005573500,CC
406,Alfy,Croxford,acroxfordb9@purevolume.com,Female,$156380.22,483362183,CC
407,Haslett,Mansfield,hmansfieldba@chron.com,Male,$663377.21,41232565,CC
408,Roderich,Beade,rbeadebb@com.com,Male,$316632.51,142394628,CC
409,Enos,Graeme,egraemebc@storify.com,Male,$720909.34,954052929,PP
410,Arlin,Ivankov,aivankovbd@scribd.com,Male,$398417.19,363438178,PP
411,Madelaine,Salaman,msalamanbe@pcworld.com,Female,$405562.49,706790588,IT
412,Luigi,Hazael,lhazaelbf@creativecommons.org,Male,$654221.25,943750885,CC
413,Leann,Dobrowolski,ldobrowolskibg@yellowbook.com,Female,$608667.67,225694526,CC
414,Jacques,Whorf,jwhorfbh@timesonline.co.uk,Male,$220368.19,1029458818,CC
415,Imelda,Shilton,ishiltonbi@wordpress.com,Female,$915225.19,419458921,PP
416,Horten,Borrel,hborrelbj@macromedia.com,Male,$946420.28,65698491,IT
417,Rene,Espadas,respadasbk@reuters.com,Female,$507208.35,329536070,IT
418,Calypso,Searle,csearlebl@taobao.com,Female,$653144.87,532144482,PP
419,Leif,Matousek,lmatousekbm@twitter.com,Male,$628626.04,257284540,CC
420,Filia,Pettisall,fpettisallbn@merriam-webster.com,Female,$293947.61,71495165,IT
421,Tallulah,Finder,tfinderbo@godaddy.com,Female,$164447.86,81246702,CC
422,Agatha,Newick,anewickbp@google.it,Female,$141853.18,725345534,PP
423,Gail,Halleday,ghalledaybq@cdbaby.com,Female,$919908.97,811338589,CC
424,Verney,Halms,vhalmsbr@ycombinator.com,Male,$909673.12,413062385,IT
425,Ragnar,Keough,rkeoughbs@nhs.uk,Male,$627823.10,440923415,PP
426,Farand,Cazin,fcazinbt@facebook.com,Female,$627088.47,468011361,PP
427,Rosana,Carr,rcarrbu@washington.edu,Female,$279815.18,281168042,IT
428,Gill,Armfirld,garmfirldbv@cargocollective.com,Female,$235582.55,188324044,PP
429,Herminia,Bault,hbaultbw@t-online.de,Female,$671933.93,562660200,IT
430,Tremain,Lyenyng,tlyenyngbx@xing.com,Male,$524158.27,641133270,CC
431,Mufi,Leamy,mleamyby@ezinearticles.com,Female,$858625.17,979279424,CC
432,Rochester,Malim,rmalimbz@jigsy.com,Male,$410798.46,599075230,PP
433,Byrann,Noir,bnoirc0@ftc.gov,Male,$784411.21,350991866,PP
434,Kari,Keford,kkefordc1@networksolutions.com,Female,$799140.19,230810538,PP
435,Igor,Cyseley,icyseleyc2@deviantart.com,Male,$885369.18,767991444,IT
436,Kristel,Padfield,kpadfieldc3@so-net.ne.jp,Female,$211810.71,303522526,PP
437,Lucina,Windrass,lwindrassc4@techcrunch.com,Female,$739530.75,697775108,IT
438,Peder,Samsin,psamsinc5@nifty.com,Male,$922978.19,992771083,IT
439,Pattin,Bryant,pbryantc6@youku.com,Male,$375780.04,785568465,PP
440,Yevette,Deviney,ydevineyc7@netlog.com,Female,$635662.48,629627047,IT
441,Curran,Verson,cversonc8@google.cn,Male,$471663.04,98953893,CC
442,Pearla,Darlasson,pdarlassonc9@boston.com,Female,$281430.46,1042382100,IT
443,Ferrel,Dray,fdrayca@java.com,Male,$516064.30,984102609,CC
444,Bartel,Jaffra,bjaffracb@alibaba.com,Male,$593198.53,544693533,IT
445,Harwilll,Miguet,hmiguetcc@dot.gov,Male,$547159.07,17390679,CC
446,Barton,Leese,bleesecd@istockphoto.com,Male,$866749.68,139536454,CC
447,Kip,Coleborn,kcolebornce@vk.com,Female,$416979.36,896545526,PP
448,Leonard,Petracci,lpetraccicf@chron.com,Male,$542511.18,175358282,CC
449,Zaria,Bartosiak,zbartosiakcg@trellian.com,Female,$160088.93,90758385,PP
450,Tess,Este,testech@theglobeandmail.com,Female,$812207.20,50842643,PP
451,Kiri,Gummow,kgummowci@plala.or.jp,Female,$402283.26,199243844,CC
452,Dottie,Collecott,dcollecottcj@smh.com.au,Female,$963363.98,325294183,IT
453,Adolpho,Gribbin,agribbinck@meetup.com,Male,$246193.74,663161797,PP
454,Darcee,Faill,dfaillcl@nsw.gov.au,Female,$107893.76,374088929,CC
455,Titos,Lawton,tlawtoncm@so-net.ne.jp,Male,$939313.17,561839059,IT
456,Feliks,Lionel,flionelcn@theguardian.com,Male,$862288.78,365565818,CC
457,Yank,Sickling,ysicklingco@slideshare.net,Male,$345586.08,142251443,IT
458,Michele,Churly,mchurlycp@oaic.gov.au,Female,$840763.82,531013001,CC
459,Sherwin,Kleinschmidt,skleinschmidtcq@springer.com,Male,$935652.78,783382348,CC
460,Audrye,Crus,acruscr@t-online.de,Female,$214398.80,415959155,IT
461,Cassie,Poore,cpoorecs@ebay.com,Male,$140732.91,625604828,IT
462,Tatum,Jouhan,tjouhanct@myspace.com,Female,$477328.37,133675548,PP
463,Gauthier,Josovitz,gjosovitzcu@xrea.com,Male,$652304.06,383633478,CC
464,Myca,Abrahmovici,mabrahmovicicv@smh.com.au,Male,$685883.95,216836936,IT
465,Phillipe,Brisseau,pbrisseaucw@squidoo.com,Male,$240581.05,746942485,PP
466,Edvard,Doman,edomancx@creativecommons.org,Male,$341101.42,982521739,CC
467,Herrick,Titcomb,htitcombcy@sphinn.com,Male,$746722.65,195195923,IT
468,Ludvig,Guest,lguestcz@networkadvertising.org,Male,$132904.22,768744934,PP
469,Lonnard,Andress,landressd0@si.edu,Male,$680525.10,586595307,CC
470,Jonah,Dyzart,jdyzartd1@archive.org,Male,$768244.11,1023883951,IT
471,Brantley,Syplus,bsyplusd2@admin.ch,Male,$285298.57,125442094,IT
472,Rosalynd,Waterdrinker,rwaterdrinkerd3@goodreads.com,Female,$291653.28,244506962,IT
473,Winni,Berni,wbernid4@blog.com,Female,$571186.59,588024558,IT
474,Annis,Jacmard,ajacmardd5@blinklist.com,Female,$152783.23,798482924,IT
475,Burke,Steeden,bsteedend6@twitter.com,Male,$978803.22,954631371,PP
476,Paolina,Gaynor,pgaynord7@hatena.ne.jp,Female,$357114.25,845652778,CC
477,Madelon,Stonuary,mstonuaryd8@chicagotribune.com,Female,$429787.37,805923477,PP
478,Alfredo,Pays,apaysd9@slate.com,Male,$136212.51,118291452,PP
479,Anne,Hollingsbee,ahollingsbeeda@hugedomains.com,Female,$135704.82,789528249,IT
480,Claybourne,Clapp,cclappdb@yelp.com,Male,$385774.75,243107206,IT
481,Joe,Kuzma,jkuzmadc@cnn.com,Male,$247146.66,354784594,IT
482,Gray,Pepperd,gpepperddd@independent.co.uk,Female,$879475.31,233141389,CC
483,Betti,Dabnot,bdabnotde@about.com,Female,$405858.38,645337553,PP
484,Bertie,Cordle,bcordledf@pen.io,Female,$199865.62,127257051,CC
485,Judon,Grimble,jgrimbledg@guardian.co.uk,Male,$867908.32,947177880,IT
486,Kinnie,Camies,kcamiesdh@multiply.com,Male,$268636.82,813616517,CC
487,Zorana,Razoux,zrazouxdi@vk.com,Female,$242326.64,378688493,PP
488,Forrester,Smiths,fsmithsdj@prlog.org,Male,$884493.88,202960958,PP
489,Melvin,Pennini,mpenninidk@gov.uk,Male,$996882.48,1028952246,PP
490,Fianna,Gotthard.sf,fgotthardsfdl@redcross.org,Female,$415183.96,537719904,PP
491,Krysta,Boyd,kboyddm@dyndns.org,Female,$808726.39,708418455,IT
492,Yasmeen,Agneau,yagneaudn@xrea.com,Female,$871721.02,689929544,PP
493,Imojean,Rubinchik,irubinchikdo@ft.com,Female,$215145.25,1031805834,CC
494,Sherri,Jeans,sjeansdp@statcounter.com,Female,$111959.10,906441611,CC
495,Dugald,Bessom,dbessomdq@ow.ly,Male,$609748.35,102338725,CC
496,Kilian,Petruszka,kpetruszkadr@pcworld.com,Male,$417412.00,1001858769,CC
497,Ilka,Hellmore,ihellmoreds@forbes.com,Female,$925251.81,953200368,PP
498,Minni,Summerskill,msummerskilldt@economist.com,Female,$100571.91,289236478,IT
499,Cecilia,Lambourne,clambournedu@github.com,Female,$314072.20,125473193,PP
500,Corey,Farmer,cfarmerdv@about.com,Male,$241456.16,525146244,PP
501,Beitris,Livesey,bliveseydw@economist.com,Female,$801292.53,217168852,IT
502,Maria,Severy,mseverydx@statcounter.com,Female,$102185.38,754426258,CC
503,Marlon,Hollows,mhollowsdy@apache.org,Male,$980613.14,890184927,PP
504,Joana,Berge,jbergedz@examiner.com,Female,$998041.35,349551151,CC
505,Merola,Persicke,mpersickee0@bloglines.com,Female,$439018.30,887430016,IT
506,Lindsy,Parades,lparadese1@dailymail.co.uk,Female,$129230.99,615344768,IT
507,Evangelin,Plant,eplante2@irs.gov,Female,$214988.50,855321446,CC
508,Fraze,MacGeaney,fmacgeaneye3@dagondesign.com,Male,$686902.69,812442309,PP
509,Hamlen,Grinin,hgrinine4@prweb.com,Male,$373949.26,729875026,PP
510,Peadar,Norker,pnorkere5@skyrock.com,Male,$459660.58,470245044,PP
511,Dorey,Syversen,dsyversene6@google.ru,Female,$739257.83,382834549,IT
512,Lorenzo,Maggiori,lmaggiorie7@economist.com,Male,$367817.90,533532627,PP
513,Any,Renault,arenaulte8@ebay.co.uk,Male,$333885.75,90205871,PP
514,Lesley,Paggitt,lpaggitte9@ovh.net,Female,$794814.12,540829166,PP
515,Rockey,Geist,rgeistea@aol.com,Male,$375297.36,845754576,CC
516,Doe,Beszant,dbeszanteb@google.com,Female,$645979.27,486624512,CC
517,June,Ovendale,jovendaleec@dailymotion.com,Female,$498941.61,67615022,CC
518,Yvon,Weal,ywealed@upenn.edu,Male,$573233.67,625659931,CC
519,Anthiathia,Bayliss,abaylissee@disqus.com,Female,$721410.04,1020414606,IT
520,Karel,McLaverty,kmclavertyef@histats.com,Female,$905777.10,213954389,PP
521,Tracey,Goodbarne,tgoodbarneeg@apple.com,Male,$512265.67,217252607,IT
522,Mildrid,Stickney,mstickneyeh@over-blog.com,Female,$771533.10,60499075,IT
523,Aliza,Lowrie,alowrieei@spotify.com,Female,$727810.30,1033967242,CC
524,Blanca,Dominik,bdominikej@webs.com,Female,$405602.42,830215222,IT
525,Rolph,Caughey,rcaugheyek@ted.com,Male,$861631.23,241225871,IT
526,Antin,Hancell,ahancellel@reuters.com,Male,$785317.25,99834495,PP
527,Kathi,Hendriksen,khendriksenem@hostgator.com,Female,$749745.03,67671983,CC
528,Arleta,Beasleigh,abeasleighen@china.com.cn,Female,$791603.36,191949156,PP
529,Edita,Gittose,egittoseeo@creativecommons.org,Female,$956975.67,451404544,PP
530,Adriena,Strettle,astrettleep@harvard.edu,Female,$255007.37,729005194,IT
531,Daphna,Hammill,dhammilleq@virginia.edu,Female,$523411.80,953286119,CC
532,Drake,Heams,dheamser@eepurl.com,Male,$431875.33,766727754,CC
533,Christoph,Renad,crenades@about.com,Male,$792862.23,1012529002,IT
534,Gian,Genicke,ggenickeet@dmoz.org,Male,$254424.23,740337472,CC
535,Salomon,Twede,stwedeeu@businessinsider.com,Male,$958230.77,551451277,PP
536,Gerhardt,McMeanma,gmcmeanmaev@pinterest.com,Male,$156488.39,683622818,CC
537,Demetre,Parcell,dparcellew@friendfeed.com,Male,$309036.82,863434954,CC
538,Fleurette,Jancy,fjancyex@buzzfeed.com,Female,$293015.64,998923968,PP
539,Rustie,Lazar,rlazarey@irs.gov,Male,$285391.44,66947556,PP
540,Oralle,Allbon,oallbonez@lycos.com,Female,$735773.98,931576535,CC
541,Roselle,Rysom,rrysomf0@google.cn,Female,$413213.68,1026758460,IT
542,Uri,Syson,usysonf1@squidoo.com,Male,$396294.60,879708522,CC
543,Sherlock,Kepe,skepef2@youtube.com,Male,$977118.68,231218866,IT
544,Gordon,Renforth,grenforthf3@ehow.com,Male,$141553.51,734090587,CC
545,Betsey,Klemps,bklempsf4@independent.co.uk,Female,$441401.82,83866800,PP
546,Pandora,Le Gassick,plegassickf5@goo.gl,Female,$497779.60,415119338,PP
547,Hale,Wodham,hwodhamf6@ted.com,Male,$693341.59,347576865,PP
548,Carey,Mawd,cmawdf7@nasa.gov,Male,$562936.14,76823204,PP
549,Hedvig,Haynesford,hhaynesfordf8@yelp.com,Female,$710784.49,221833192,IT
550,Cathrine,McFadin,cmcfadinf9@jimdo.com,Female,$720939.07,694892531,IT
551,Marcille,Dakin,mdakinfa@buzzfeed.com,Female,$166113.70,899885228,IT
552,Pris,Borris,pborrisfb@wikia.com,Female,$788437.26,889602461,PP
553,Dimitri,Pudsall,dpudsallfc@addtoany.com,Male,$312245.52,164676501,CC
554,Enrika,Dron,edronfd@github.io,Female,$169333.97,1025788693,PP
555,Ceil,Vondrys,cvondrysfe@simplemachines.org,Female,$406158.09,541029150,IT
556,Sal,Nudd,snuddff@furl.net,Male,$677584.97,969054196,CC
557,Lillian,Capper,lcapperfg@ameblo.jp,Female,$892222.74,559753471,IT
558,Alexina,Margram,amargramfh@marriott.com,Female,$985489.58,740659668,CC
559,Eldridge,Lots,elotsfi@dailymail.co.uk,Male,$794594.66,731375569,IT
560,Harli,Lapley,hlapleyfj@4shared.com,Female,$701978.09,126469739,IT
561,Andros,Hendonson,ahendonsonfk@4shared.com,Male,$875066.21,748427969,CC
562,Ollie,Clewett,oclewettfl@nydailynews.com,Female,$759669.18,767818176,IT
563,Theobald,Faichnie,tfaichniefm@telegraph.co.uk,Male,$659000.90,126682284,CC
564,Garfield,Tommei,gtommeifn@dropbox.com,Male,$834329.41,757989867,IT
565,Allis,Willoway,awillowayfo@simplemachines.org,Female,$602235.40,434902669,CC
566,Zorina,Neiland,zneilandfp@ehow.com,Female,$600005.22,836571699,PP
567,Ewen,Cathenod,ecathenodfq@japanpost.jp,Male,$888223.65,622035756,IT
568,Corilla,Portt,cporttfr@bloglovin.com,Female,$953913.31,1047891314,PP
569,Warde,Eagger,weaggerfs@yale.edu,Male,$445827.86,511692852,PP
570,Marcy,Dunkerley,mdunkerleyft@skype.com,Female,$559223.58,278812522,IT
571,Moyra,Brien,mbrienfu@statcounter.com,Female,$537054.92,63698355,PP
572,Web,D'Oyley,wdoyleyfv@wiley.com,Male,$739263.60,736214462,PP
573,Abraham,Huebner,ahuebnerfw@miibeian.gov.cn,Male,$662722.96,758400783,IT
574,Graham,Cove,gcovefx@xrea.com,Male,$710082.21,876729721,PP
575,Davidson,Valentim,dvalentimfy@simplemachines.org,Male,$663416.01,725850260,IT
576,Andros,Binyon,abinyonfz@mac.com,Male,$789768.74,349755195,CC
577,Julianne,Tort,jtortg0@histats.com,Female,$354170.16,401671911,IT
578,Obed,Hartell,ohartellg1@state.tx.us,Male,$778823.96,362424038,IT
579,Agace,Torbeck,atorbeckg2@jimdo.com,Female,$954997.23,600612100,PP
580,Sharl,Ferryn,sferryng3@msn.com,Female,$597059.46,1003053512,CC
581,Merwyn,Valsler,mvalslerg4@bizjournals.com,Male,$549994.18,291194957,PP
582,Nicolea,Nockolds,nnockoldsg5@hibu.com,Female,$441738.51,1008677276,CC
583,Dmitri,Toderini,dtoderinig6@japanpost.jp,Male,$876345.67,657863896,CC
584,Cesar,Bazell,cbazellg7@netscape.com,Male,$200507.13,813410725,IT
585,Beckie,Garter,bgarterg8@fda.gov,Female,$624679.64,693191621,PP
586,Everett,Canceller,ecancellerg9@phpbb.com,Male,$645220.22,901028720,IT
587,Cloe,Melley,cmelleyga@washingtonpost.com,Female,$177361.67,564428996,IT
588,Sharron,Turpey,sturpeygb@dot.gov,Female,$315569.29,768862301,CC
589,Briant,Hamlin,bhamlingc@oakley.com,Male,$471340.26,143974736,IT
590,Jecho,Dandie,jdandiegd@japanpost.jp,Male,$820800.80,1025168064,PP
591,Zuzana,Hebborne,zhebbornege@bandcamp.com,Female,$185266.37,844962669,PP
592,Royce,Latter,rlattergf@quantcast.com,Male,$554218.93,185517523,CC
593,Brittan,Renyard,brenyardgg@google.de,Female,$163730.49,770886768,PP
594,Enriqueta,Esselen,eesselengh@imgur.com,Female,$829558.33,448149711,CC
595,Ewart,Fearnsides,efearnsidesgi@about.com,Male,$469604.50,769753055,PP
596,Vidovik,Ruddick,vruddickgj@ucla.edu,Male,$944661.98,409436005,CC
597,Andrea,Fiddiman,afiddimangk@so-net.ne.jp,Female,$816297.01,31408513,IT
598,Dayna,Tullis,dtullisgl@feedburner.com,Female,$566233.55,362577289,PP
599,Olly,Beale,obealegm@youku.com,Female,$806684.34,698104329,CC
600,Jourdain,Bulgen,jbulgengn@un.org,Male,$128443.61,324147229,PP
601,Orrin,Leman,olemango@globo.com,Male,$626239.38,712539613,PP
602,Wilma,O'Grady,wogradygp@taobao.com,Female,$973487.62,294861932,IT
603,Tiffie,Hansford,thansfordgq@google.com.hk,Female,$944024.18,814665954,CC
604,Carita,Reisk,creiskgr@amazon.co.jp,Female,$271614.67,520461998,CC
605,Thurston,Terry,tterrygs@ow.ly,Male,$112665.02,334161268,CC
606,Shandy,Romaines,sromainesgt@dmoz.org,Female,$772472.91,528919069,PP
607,Reta,Bindley,rbindleygu@feedburner.com,Female,$900985.00,891406972,PP
608,Hervey,Forcade,hforcadegv@shinystat.com,Male,$240098.45,148613298,IT
609,Cassy,Aspel,caspelgw@unesco.org,Female,$784789.37,681308747,IT
610,Pauline,Strowther,pstrowthergx@indiegogo.com,Female,$860516.50,1012984057,IT
611,Valencia,Plewman,vplewmangy@cornell.edu,Female,$469574.57,1014953618,IT
612,Martin,Di Napoli,mdinapoligz@oracle.com,Male,$101996.25,850846223,CC
613,Cathyleen,Goozee,cgoozeeh0@bloglines.com,Female,$259668.89,173230214,PP
614,Puff,Towriss,ptowrissh1@behance.net,Male,$146271.47,397323769,IT
615,Amos,Gaddie,agaddieh2@360.cn,Male,$678652.55,213156937,CC
616,Hoebart,Reaper,hreaperh3@goo.ne.jp,Male,$504329.02,701097525,IT
617,Caryn,Dowyer,cdowyerh4@blinklist.com,Female,$698166.86,898971411,IT
618,Isidor,Spall,ispallh5@cnn.com,Male,$409283.26,396062630,PP
619,Anna-diane,Cotter,acotterh6@ed.gov,Female,$137104.73,146517905,PP
620,Grayce,Le Noir,glenoirh7@gov.uk,Female,$881230.35,1015361370,PP
621,Elliot,Redihough,eredihoughh8@canalblog.com,Male,$634330.37,204162295,PP
622,Gaylord,Whitlow,gwhitlowh9@github.com,Male,$828013.80,452924181,CC
623,Vilma,Lowis,vlowisha@ox.ac.uk,Female,$528849.87,519478104,IT
624,Derward,Bury,dburyhb@quantcast.com,Male,$607191.30,1037188805,CC
625,Cornelle,Klimmek,cklimmekhc@house.gov,Female,$505347.47,931239367,IT
626,Carmelle,Samwayes,csamwayeshd@fc2.com,Female,$657420.60,345933161,IT
627,Kristan,Hinstock,khinstockhe@cafepress.com,Female,$822948.56,139862017,IT
628,Immanuel,Robiou,irobiouhf@redcross.org,Male,$976142.03,890483944,IT
629,Cristie,Cavan,ccavanhg@hud.gov,Female,$370394.72,111265503,CC
630,Gillie,Hlavecek,ghlavecekhh@mashable.com,Female,$348742.85,380711308,PP
631,Carroll,Askell,caskellhi@wiley.com,Male,$976742.55,716840558,IT
632,Dew,Lovel,dlovelhj@shop-pro.jp,Male,$129112.15,699233727,IT
633,Trever,Bunch,tbunchhk@purevolume.com,Male,$965683.53,114153789,CC
634,Cora,Blincoe,cblincoehl@theguardian.com,Female,$258688.29,116943338,CC
635,Jillene,Pitkeathly,jpitkeathlyhm@nytimes.com,Female,$637287.23,163574463,IT
636,Norry,Tapscott,ntapscotthn@squarespace.com,Male,$466577.56,37539385,IT
637,Rosalinde,Ryle,rryleho@dagondesign.com,Female,$722730.00,226907411,CC
638,Malynda,Stapleton,mstapletonhp@google.cn,Female,$144269.01,299831849,PP
639,Nikita,Maskill,nmaskillhq@wordpress.org,Male,$627325.11,691473405,CC
640,Dannie,McGurn,dmcgurnhr@yellowpages.com,Female,$144951.09,320034635,PP
641,Adrien,Barnham,abarnhamhs@examiner.com,Male,$326003.70,402085006,PP
642,Thoma,Vittery,tvitteryht@opensource.org,Male,$556051.78,493219034,IT
643,Jacinta,Le Fevre,jlefevrehu@indiatimes.com,Female,$487277.82,58170416,IT
644,Aindrea,de Chastelain,adechastelainhv@imageshack.us,Female,$348790.62,12781917,PP
645,Earle,Sergent,esergenthw@adobe.com,Male,$459147.70,589966559,PP
646,Stern,Cockland,scocklandhx@google.cn,Male,$587030.37,1024528852,PP
647,Emmalee,Trail,etrailhy@freewebs.com,Female,$764977.67,619956441,PP
648,Gregor,Takos,gtakoshz@prweb.com,Male,$195974.12,817162023,PP
649,Emanuel,Dowthwaite,edowthwaitei0@yandex.ru,Male,$723538.59,564247906,PP
650,Rodrique,Frye,rfryei1@wordpress.com,Male,$453354.12,69826995,IT
651,Goldie,Brozsset,gbrozsseti2@bigcartel.com,Female,$413221.83,540476699,PP
652,Obediah,Grandham,ograndhami3@shinystat.com,Male,$572377.66,587235416,PP
653,Conant,Paragreen,cparagreeni4@bbb.org,Male,$709907.77,425613879,IT
654,Godfree,Bingham,gbinghami5@xrea.com,Male,$571889.70,797229210,PP
655,Regine,Zylbermann,rzylbermanni6@acquirethisname.com,Female,$598459.85,430913821,CC
656,Peggi,Crinion,pcrinioni7@geocities.jp,Female,$592801.43,698865839,PP
657,Quincy,Jerrom,qjerromi8@phpbb.com,Male,$662404.14,632987403,CC
658,Quinn,Desport,qdesporti9@archive.org,Male,$623335.76,120862305,IT
659,Lyman,Rogerson,lrogersonia@examiner.com,Male,$893360.10,243845127,PP
660,Justinian,Pollie,jpollieib@nhs.uk,Male,$260357.17,554349448,PP
661,Halette,Chesley,hchesleyic@simplemachines.org,Female,$121581.16,711954375,PP
662,Bianca,Rawnsley,brawnsleyid@stumbleupon.com,Female,$729910.23,53075119,CC
663,Wilmette,Standon,wstandonie@plala.or.jp,Female,$729880.33,391437143,CC
664,Bastien,Banaszewski,bbanaszewskiif@phoca.cz,Male,$126899.36,172061522,PP
665,Marjie,McGarrahan,mmcgarrahanig@phpbb.com,Female,$181266.89,573279543,IT
666,Stanfield,Edridge,sedridgeih@artisteer.com,Male,$842071.76,797191650,PP
667,Jehu,Godbolt,jgodboltii@home.pl,Male,$136045.70,836419682,IT
668,Diarmid,Ambrus,dambrusij@nps.gov,Male,$868063.32,531615005,CC
669,Vlad,Prozescky,vprozesckyik@google.de,Male,$302053.49,583239028,PP
670,Ellissa,Rosenfeld,erosenfeldil@ebay.com,Female,$963269.89,293415599,PP
671,Kinsley,Swidenbank,kswidenbankim@weebly.com,Male,$124472.01,943543738,PP
672,Kirsten,Petrovic,kpetrovicin@bandcamp.com,Female,$158726.57,924995572,CC
673,Frank,Sweating,fsweatingio@fotki.com,Female,$599235.14,535144024,IT
674,Tad,Sunner,tsunnerip@multiply.com,Male,$680492.96,778077357,IT
675,Aggi,Gilffillan,agilffillaniq@naver.com,Female,$926941.60,432063664,IT
676,Jaquelin,Fishby,jfishbyir@wiley.com,Female,$682824.28,16014662,CC
677,Mei,Grinishin,mgrinishinis@house.gov,Female,$912383.29,508924487,CC
678,Jaynell,Lunnon,jlunnonit@slashdot.org,Female,$185280.14,664665101,PP
679,Gena,Toner,gtoneriu@networkadvertising.org,Female,$517506.74,940448921,PP
680,Pepillo,Sturgis,psturgisiv@myspace.com,Male,$330874.57,281554153,PP
681,Moishe,Schultheiss,mschultheissiw@sun.com,Male,$152295.35,216949913,PP
682,Nolan,Charlo,ncharloix@disqus.com,Male,$100845.83,233328639,IT
683,Melony,Lage,mlageiy@weather.com,Female,$675612.99,1012043227,PP
684,Rickey,Petry,rpetryiz@noaa.gov,Male,$264011.92,597370100,PP
685,Ilse,Battersby,ibattersbyj0@i2i.jp,Female,$478037.34,150796256,PP
686,Wilt,McCrone,wmccronej1@answers.com,Male,$260787.84,181023510,PP
687,Reilly,Trenbey,rtrenbeyj2@comcast.net,Male,$383637.14,147972704,CC
688,Andrey,Tinsley,atinsleyj3@infoseek.co.jp,Male,$955398.38,852900855,CC
689,Myrta,Raggett,mraggettj4@google.de,Female,$383345.85,14862117,CC
690,Maryl,Hastler,mhastlerj5@scientificamerican.com,Female,$679874.79,203814567,IT
691,Billy,Brown,bbrownj6@google.co.uk,Male,$859570.01,18902179,PP
692,Patrice,Baistow,pbaistowj7@facebook.com,Male,$475039.91,232954268,PP
693,Marigold,Saberton,msabertonj8@clickbank.net,Female,$239885.38,321249059,PP
694,Marlowe,Andrin,mandrinj9@is.gd,Male,$566616.47,172633821,PP
695,Mahala,Kenyon,mkenyonja@bravesites.com,Female,$577929.55,278411542,CC
696,Lia,Stockill,lstockilljb@posterous.com,Female,$518393.05,121911736,IT
697,Angeline,Nanetti,ananettijc@unc.edu,Female,$712207.70,417888747,IT
698,Lamont,Esser,lesserjd@dailymotion.com,Male,$552383.08,769708975,CC
699,Halette,Barajaz,hbarajazje@mapquest.com,Female,$419602.18,796019776,PP
700,Frank,Tiller,ftillerjf@washingtonpost.com,Male,$505768.96,158797615,PP
701,Terri,Durand,tdurandjg@cargocollective.com,Female,$685438.46,128611090,CC
702,Donn,Bugden,dbugdenjh@people.com.cn,Male,$154435.56,969218685,CC
703,Irma,Goodship,igoodshipji@t.co,Female,$418076.45,273266267,PP
704,Matty,Alpe,malpejj@opera.com,Male,$759975.49,6546186,CC
705,Barny,Maskill,bmaskilljk@redcross.org,Male,$943814.01,555542586,IT
706,Valentino,Burnitt,vburnittjl@e-recht24.de,Male,$976317.23,132665077,PP
707,Stacee,Hargreves,shargrevesjm@symantec.com,Male,$323635.50,94466847,PP
708,Hugues,Aronovitz,haronovitzjn@cbsnews.com,Male,$401563.79,658450054,CC
709,Reiko,Lattimer,rlattimerjo@example.com,Female,$704222.49,778270911,IT
710,Fredric,Fitzsymons,ffitzsymonsjp@whitehouse.gov,Male,$855728.95,246468428,PP
711,Sib,Barkshire,sbarkshirejq@marketwatch.com,Female,$821281.84,740819573,IT
712,Darin,Pickerin,dpickerinjr@a8.net,Male,$354076.63,688944016,PP
713,Guthrey,Manclark,gmanclarkjs@usa.gov,Male,$482349.33,172824708,PP
714,Vivyanne,Calvert,vcalvertjt@merriam-webster.com,Female,$281200.44,60230371,CC
715,Raymund,Dakers,rdakersju@constantcontact.com,Male,$487082.33,933784770,IT
716,Iseabal,Skeats,iskeatsjv@cnn.com,Female,$134213.23,924744380,IT
717,Caresa,Phlippsen,cphlippsenjw@pcworld.com,Female,$173208.51,295577321,IT
718,Thekla,Hens,thensjx@wufoo.com,Female,$243861.36,180589424,PP
719,Isador,Shakeshaft,ishakeshaftjy@freewebs.com,Male,$942758.14,655406873,PP
720,Virgilio,Merida,vmeridajz@nasa.gov,Male,$702550.42,35057980,CC
721,Kincaid,Kibbel,kkibbelk0@wiley.com,Male,$408935.29,963418057,IT
722,Humfrey,Blyth,hblythk1@prweb.com,Male,$905063.45,156164591,PP
723,Raoul,Sharram,rsharramk2@craigslist.org,Male,$839659.20,122731595,CC
724,Daria,Pillinger,dpillingerk3@cnbc.com,Female,$848533.91,222141364,CC
725,Britni,Ostick,bostickk4@ebay.co.uk,Female,$431704.49,78493471,IT
726,Melisent,Izkovitch,mizkovitchk5@aol.com,Female,$364349.51,1045987674,IT
727,Ruy,Gascoyne,rgascoynek6@phpbb.com,Male,$342366.29,839664248,IT
728,Sven,Arnett,sarnettk7@intel.com,Male,$753214.88,459819969,PP
729,Filmore,Bakes,fbakesk8@utexas.edu,Male,$450346.71,565991147,CC
730,Horatia,Hicklingbottom,hhicklingbottomk9@list-manage.com,Female,$178205.29,1010951587,CC
731,Chaddie,Luttger,cluttgerka@walmart.com,Male,$398312.30,535132683,PP
732,Gunther,Maric,gmarickb@yellowpages.com,Male,$594296.87,872267760,CC
733,Alexandre,Batisse,abatissekc@slideshare.net,Male,$607699.45,810769957,PP
734,Binny,Aleksashin,baleksashinkd@amazon.com,Female,$957366.53,570260124,CC
735,Heidi,Titmarsh,htitmarshke@latimes.com,Female,$602310.00,72489644,PP
736,Revkah,Muncaster,rmuncasterkf@com.com,Female,$931053.19,660372014,PP
737,Kimmy,Mewitt,kmewittkg@wordpress.com,Female,$110007.57,507783931,CC
738,Gabbie,Stannis,gstanniskh@bbb.org,Female,$228167.46,732724098,CC
739,Lillian,Lymbourne,llymbourneki@sfgate.com,Female,$658101.94,368107923,IT
740,Juieta,Raywood,jraywoodkj@wikia.com,Female,$866002.29,825260073,IT
741,Gilberto,Haggie,ghaggiekk@amazonaws.com,Male,$664038.27,696820773,IT
742,Karin,Ungerechts,kungerechtskl@soundcloud.com,Female,$988794.42,226982748,CC
743,Yehudi,Tran,ytrankm@pen.io,Male,$523763.27,308372751,IT
744,Claudette,Luckcock,cluckcockkn@typepad.com,Female,$740821.39,595598781,PP
745,Ekaterina,Grinval,egrinvalko@qq.com,Female,$905313.11,930660228,CC
746,Romeo,Darch,rdarchkp@wufoo.com,Male,$661673.64,1018212433,PP
747,Wyatan,Addey,waddeykq@youtu.be,Male,$219619.27,1048383501,IT
748,Dillie,McGuane,dmcguanekr@cdbaby.com,Male,$589598.47,993454241,CC
749,Orbadiah,Hulburt,ohulburtks@examiner.com,Male,$464353.01,122269558,CC
750,Giselbert,Shapira,gshapirakt@shutterfly.com,Male,$757517.76,181768774,IT
751,Mendy,Ashe,masheku@multiply.com,Male,$566667.36,400536656,PP
752,Paolina,Royce,proycekv@princeton.edu,Female,$369698.66,135633604,IT
753,Vittoria,Hawthorn,vhawthornkw@yahoo.co.jp,Female,$786960.64,1047225544,IT
754,Alys,Atton,aattonkx@sohu.com,Female,$677001.06,467853275,IT
755,Rosanne,Wilkins,rwilkinsky@mysql.com,Female,$963382.37,91200829,CC
756,Thurstan,Depke,tdepkekz@deviantart.com,Male,$248999.47,43040067,PP
757,Austin,Petricek,apetricekl0@latimes.com,Male,$948166.73,186703972,PP
758,Harri,Boyington,hboyingtonl1@sakura.ne.jp,Female,$755824.41,300057502,CC
759,Sascha,Elsip,selsipl2@mail.ru,Male,$330494.40,559134198,PP
760,Theresita,Crocket,tcrocketl3@fotki.com,Female,$453203.38,1012736903,IT
761,Anatola,Negri,anegril4@360.cn,Female,$149702.37,729835678,CC
762,Margarita,Meiklam,mmeiklaml5@unblog.fr,Female,$488358.71,906720293,IT
763,Delila,Raymont,draymontl6@sciencedaily.com,Female,$825681.79,412547533,IT
764,Loreen,Cragg,lcraggl7@ox.ac.uk,Female,$780687.83,511449644,PP
765,Gisella,Dumbreck,gdumbreckl8@cisco.com,Female,$692391.37,545567006,PP
766,Lucky,Gheorghescu,lgheorghescul9@liveinternet.ru,Female,$342816.27,30066936,PP
767,June,Strongitharm,jstrongitharmla@china.com.cn,Female,$315350.14,429673078,IT
768,Hugo,Klaff,hklafflb@jiathis.com,Male,$829777.92,331903696,IT
769,Tan,Penright,tpenrightlc@ebay.com,Male,$129212.66,313138016,CC
770,Liuka,Bunhill,lbunhillld@csmonitor.com,Female,$414300.66,667694061,CC
771,Lorry,Mattack,lmattackle@goo.ne.jp,Female,$842889.50,846483088,IT
772,Moshe,Petrozzi,mpetrozzilf@123-reg.co.uk,Male,$547816.74,634249258,CC
773,Meyer,Rolfs,mrolfslg@microsoft.com,Male,$419508.55,410307437,CC
774,Olwen,Thoms,othomslh@prlog.org,Female,$579784.97,60413786,PP
775,Courtney,Gyurkovics,cgyurkovicsli@nationalgeographic.com,Male,$413657.87,887193641,IT
776,Caye,Gumm,cgummlj@diigo.com,Female,$882744.45,85549263,IT
777,Kaylee,Dyshart,kdyshartlk@google.co.uk,Female,$458966.56,153509989,CC
778,Keen,Budnik,kbudnikll@dedecms.com,Male,$985275.33,865912239,CC
779,Prinz,Haddington,phaddingtonlm@hc360.com,Male,$729820.76,290400725,CC
780,Bastien,Garoghan,bgaroghanln@telegraph.co.uk,Male,$724520.92,126092215,PP
781,Ira,McCuis,imccuislo@statcounter.com,Male,$320038.24,514800859,IT
782,Denys,Townsend,dtownsendlp@issuu.com,Female,$719534.09,199956793,CC
783,Shandie,Gillbey,sgillbeylq@netscape.com,Female,$401809.43,390997831,IT
784,Sheeree,Woollons,swoollonslr@prweb.com,Female,$345491.38,107173463,IT
785,Tades,Yurivtsev,tyurivtsevls@usgs.gov,Male,$680778.35,409460080,IT
786,Christophe,Agastina,cagastinalt@vimeo.com,Male,$793139.86,791899359,CC
787,Barbe,Chopin,bchopinlu@gov.uk,Female,$460876.40,449089025,PP
788,Tansy,Feetham,tfeethamlv@storify.com,Female,$260161.07,616044449,IT
789,Burch,Brownett,bbrownettlw@oracle.com,Male,$109583.56,955531367,CC
790,Andrei,Marcu,amarculx@jugem.jp,Female,$242437.07,738840404,IT
791,Lenore,Bolderson,lboldersonly@vimeo.com,Female,$609238.08,939668645,PP
792,Huntley,Blunden,hblundenlz@icio.us,Male,$508958.60,765839796,CC
793,Oliver,Dermot,odermotm0@dell.com,Male,$715272.29,68871971,PP
794,Justis,Gallihawk,jgallihawkm1@studiopress.com,Male,$811412.59,883698854,PP
795,Bria,Clemmitt,bclemmittm2@examiner.com,Female,$103084.99,525142497,CC
796,Bard,Fassbindler,bfassbindlerm3@chronoengine.com,Male,$466275.64,236052602,CC
797,Micheil,Walworth,mwalworthm4@pbs.org,Male,$129156.01,285492954,CC
798,Finn,Feldman,ffeldmanm5@prnewswire.com,Male,$326999.30,299790347,PP
799,Brendis,Shugg,bshuggm6@alibaba.com,Male,$757494.23,191114140,PP
800,Xylina,Seiller,xseillerm7@booking.com,Female,$526235.53,429760030,CC
801,Roberto,Dafter,rdafterm8@chron.com,Male,$677261.63,923066035,PP
802,Jennie,Acomb,jacombm9@tinypic.com,Female,$813632.95,125656041,IT
803,Joella,Asken,jaskenma@cdbaby.com,Female,$962094.94,478932350,IT
804,Bat,Hook,bhookmb@chicagotribune.com,Male,$368444.72,720945875,PP
805,Conant,Scouller,cscoullermc@umich.edu,Male,$529356.63,103246640,PP
806,Amii,Rentelll,arentelllmd@mozilla.org,Female,$418195.29,215518954,PP
807,Seumas,Syratt,ssyrattme@webeden.co.uk,Male,$506490.59,382473356,IT
808,Electra,Cumpton,ecumptonmf@archive.org,Female,$860581.66,94138731,CC
809,Lawry,Sangster,lsangstermg@diigo.com,Male,$399811.58,332777097,IT
810,Alana,MacKeogh,amackeoghmh@ca.gov,Female,$479303.44,285851286,PP
811,Ardis,Soper,asopermi@reuters.com,Female,$406701.15,1040113304,IT
812,Uriel,Gyse,ugysemj@dmoz.org,Male,$656576.33,380021627,CC
813,Jeff,Caroli,jcarolimk@sina.com.cn,Male,$224087.34,686263087,IT
814,Griffin,Chrispin,gchrispinml@cisco.com,Male,$990202.09,774753611,CC
815,Doloritas,Edbrooke,dedbrookemm@uol.com.br,Female,$476710.66,73054966,CC
816,Vito,Instock,vinstockmn@tripod.com,Male,$786267.43,52087431,IT
817,Horatio,McRory,hmcrorymo@clickbank.net,Male,$450811.93,201842100,PP
818,Donnie,Boig,dboigmp@parallels.com,Male,$387339.65,318095006,IT
819,Mercy,Verrick,mverrickmq@google.ca,Female,$175993.88,1009192148,CC
820,Clerc,Kighly,ckighlymr@cdc.gov,Male,$734499.92,742716953,IT
821,Donny,Sirmon,dsirmonms@jiathis.com,Male,$898594.72,409026259,PP
822,Chrotoem,Fonte,cfontemt@wikimedia.org,Male,$767049.04,838333365,PP
823,Verney,Harrhy,vharrhymu@statcounter.com,Male,$565927.11,83864489,CC
824,Stacey,Willisch,swillischmv@mac.com,Female,$168188.08,14438801,CC
825,Shermy,Sommerland,ssommerlandmw@opensource.org,Male,$151773.62,21213991,PP
826,Eugenie,Duffil,eduffilmx@chronoengine.com,Female,$219419.07,452751934,IT
827,Ulla,Bentick,ubentickmy@wikia.com,Female,$710647.08,891680895,CC
828,Angela,Dundendale,adundendalemz@people.com.cn,Female,$934640.76,389317618,PP
829,Ring,Whitehurst,rwhitehurstn0@eepurl.com,Male,$662183.49,836659155,CC
830,Heath,Heppner,hheppnern1@time.com,Male,$942230.92,246002645,CC
831,Manya,Ilyenko,milyenkon2@phpbb.com,Female,$124059.94,986347852,IT
832,Doll,Hustings,dhustingsn3@1und1.de,Female,$320188.87,188784643,CC
833,Alford,Perche,aperchen4@forbes.com,Male,$131758.97,1034767906,CC
834,Maddalena,Tack,mtackn5@twitter.com,Female,$117385.84,120055129,IT
835,Carry,Thome,cthomen6@patch.com,Female,$410811.66,707241396,CC
836,Jim,Geyton,jgeytonn7@elegantthemes.com,Male,$736607.90,351626400,CC
837,Harv,Jorry,hjorryn8@techcrunch.com,Male,$446104.87,17646382,CC
838,Hugh,Scuse,hscusen9@opensource.org,Male,$963654.79,785008861,IT
839,Antonin,Pigney,apigneyna@wsj.com,Male,$201373.43,822955032,CC
840,Kipper,Pickersail,kpickersailnb@illinois.edu,Male,$359433.35,632765446,CC
841,Terri-jo,Lebarree,tlebarreenc@mit.edu,Female,$928389.56,860535539,PP
842,Carie,Mattedi,cmattedind@bravesites.com,Female,$599930.53,980382047,IT
843,Annemarie,Sherrocks,asherrocksne@ca.gov,Female,$566444.37,291025718,IT
844,Concordia,Gulleford,cgullefordnf@nps.gov,Female,$320864.93,612977155,PP
845,Lauree,Diwell,ldiwellng@vk.com,Female,$569429.60,678621153,CC
846,Jan,Cleve,jclevenh@alibaba.com,Male,$338831.74,237425907,PP
847,Ibrahim,Sutherington,isutheringtonni@ovh.net,Male,$828823.04,719339417,CC
848,Wynn,Daice,wdaicenj@google.com.au,Female,$106014.05,88734917,IT
849,Keane,Sabin,ksabinnk@simplemachines.org,Male,$598341.76,241356897,CC
850,Gordon,Gilhespy,ggilhespynl@answers.com,Male,$813437.33,176029183,IT
851,Florencia,Griniov,fgriniovnm@quantcast.com,Female,$551488.37,730238633,IT
852,Emmit,Whybrow,ewhybrownn@people.com.cn,Male,$936224.84,814743908,PP
853,Matilde,Menpes,mmenpesno@slashdot.org,Female,$866987.62,959725586,PP
854,Flinn,Winton,fwintonnp@europa.eu,Male,$114912.01,720546612,IT
855,Asa,Leeves,aleevesnq@reuters.com,Male,$159779.15,159271640,IT
856,Adelice,McGuiness,amcguinessnr@google.de,Female,$534397.42,934969079,CC
857,Gale,Daniaud,gdaniaudns@google.fr,Female,$870185.29,210146647,PP
858,Salomo,Proschke,sproschkent@samsung.com,Male,$703278.71,785000707,PP
859,Ofelia,Collingworth,ocollingworthnu@java.com,Female,$585362.87,435673330,CC
860,Steffane,Mager,smagernv@wunderground.com,Female,$819179.24,134943438,PP
861,Essie,Morrison,emorrisonnw@istockphoto.com,Female,$936120.90,994181934,IT
862,Goldie,Spawell,gspawellnx@altervista.org,Female,$270516.45,945443757,PP
863,Gael,Pagitt,gpagittny@nasa.gov,Male,$374609.48,510624695,CC
864,Lara,Squier,lsquiernz@technorati.com,Female,$896201.69,686771932,CC
865,Sigismondo,Tomankowski,stomankowskio0@cam.ac.uk,Male,$112670.93,42750035,PP
866,Shalne,Christescu,schristescuo1@goo.ne.jp,Female,$756976.86,548556532,CC
867,Maurita,Thornewill,mthornewillo2@tinypic.com,Female,$103334.74,859829323,PP
868,Lazare,Burnsall,lburnsallo3@123-reg.co.uk,Male,$920901.84,966678324,IT
869,Leeland,Hesser,lhessero4@google.es,Male,$198320.41,1044979818,IT
870,Mervin,Rodger,mrodgero5@twitpic.com,Male,$814890.65,152983594,CC
871,Scottie,Pickaver,spickavero6@domainmarket.com,Male,$190167.35,67105926,IT
872,Tilda,Sowersby,tsowersbyo7@patch.com,Female,$877183.58,74911388,IT
873,Alysa,Agass,aagasso8@irs.gov,Female,$216991.59,131984048,PP
874,Andre,Jakubovits,ajakubovitso9@rakuten.co.jp,Male,$118781.83,221886695,PP
875,Ursa,Flipek,uflipekoa@squarespace.com,Female,$830522.27,1042349422,PP
876,Rance,Larrad,rlarradob@ca.gov,Male,$651537.86,996586523,CC
877,Alethea,Faro,afarooc@zdnet.com,Female,$423637.38,198630865,CC
878,Clarita,Moryson,cmorysonod@purevolume.com,Female,$146895.24,491603373,CC
879,Clarisse,Kasper,ckasperoe@about.com,Female,$560665.77,225729098,PP
880,Patricio,Grigorini,pgrigoriniof@gov.uk,Male,$589491.76,1006313360,PP
881,Damara,Leggen,dleggenog@ucsd.edu,Female,$100428.96,426301773,IT
882,Octavius,Scoffins,oscoffinsoh@i2i.jp,Male,$470366.05,12678732,IT
883,Ailbert,McKeeman,amckeemanoi@nba.com,Male,$836004.46,688800606,PP
884,Cordey,Heppner,cheppneroj@ifeng.com,Female,$736849.75,305610610,IT
885,Brigitta,Gumbrell,bgumbrellok@soundcloud.com,Female,$127440.32,947201420,PP
886,Delila,Hagstone,dhagstoneol@blinklist.com,Female,$403990.72,535247381,IT
887,Liza,Weiser,lweiserom@intel.com,Female,$553527.36,304230751,IT
888,Sandra,Bourbon,sbourbonon@acquirethisname.com,Female,$401376.17,271529054,IT
889,Damian,Lodwig,dlodwigoo@china.com.cn,Male,$172278.23,1019928652,IT
890,Robbert,Metschke,rmetschkeop@google.de,Male,$352963.67,240769539,CC
891,Althea,Vedishchev,avedishchevoq@networksolutions.com,Female,$940622.51,837441686,PP
892,Kent,Tuckey,ktuckeyor@nationalgeographic.com,Male,$478814.90,355394864,CC
893,Orran,Tortoishell,otortoishellos@tinypic.com,Male,$821717.58,768878584,CC
894,Teena,Donat,tdonatot@msn.com,Female,$578028.18,251938095,CC
895,Silvio,Durtnal,sdurtnalou@forbes.com,Male,$298340.15,586823135,PP
896,Gaston,Shower,gshowerov@qq.com,Male,$413226.99,751510592,PP
897,Ken,Brilleman,kbrillemanow@mtv.com,Male,$372861.77,987171266,IT
898,Tandy,Cuchey,tcucheyox@mit.edu,Female,$799897.31,191576618,CC
899,Benjy,Chidlow,bchidlowoy@constantcontact.com,Male,$638836.46,896112570,CC
900,Quill,Reddihough,qreddihoughoz@tinyurl.com,Male,$882645.89,761294688,CC
901,Meredithe,Hatfull,mhatfullp0@upenn.edu,Female,$807326.52,346642443,CC
902,Perice,Demanche,pdemanchep1@macromedia.com,Male,$216826.40,708980655,PP
903,Drud,Liddel,dliddelp2@linkedin.com,Male,$949551.58,875737068,IT
904,Mendel,Huortic,mhuorticp3@macromedia.com,Male,$231919.93,343573009,PP
905,Michal,Cridlan,mcridlanp4@comcast.net,Female,$354555.94,58409991,PP
906,Dante,Gabb,dgabbp5@latimes.com,Male,$252424.23,770170134,IT
907,Mureil,Alldread,malldreadp6@vinaora.com,Female,$713271.31,460655133,CC
908,Margie,Hinkins,mhinkinsp7@edublogs.org,Female,$370059.12,732731588,PP
909,Albrecht,Kinnar,akinnarp8@senate.gov,Male,$671769.66,22693232,CC
910,Lorenzo,Lait,llaitp9@icio.us,Male,$231259.50,443839730,PP
911,Nikos,Whitsun,nwhitsunpa@privacy.gov.au,Male,$926697.64,494026315,IT
912,Ethelda,Sillett,esillettpb@stanford.edu,Female,$903404.18,546819775,IT
913,Gelya,Mayall,gmayallpc@tinypic.com,Female,$719858.72,152675479,IT
914,Delmer,Dench,ddenchpd@tinyurl.com,Male,$270272.22,33732170,CC
915,Dalston,Heersma,dheersmape@independent.co.uk,Male,$184278.79,27203130,IT
916,Tracy,Shewring,tshewringpf@umich.edu,Female,$795526.73,178237867,CC
917,Emily,Cuberley,ecuberleypg@blinklist.com,Female,$776216.01,310572978,CC
918,Olympia,McCome,omccomeph@state.tx.us,Female,$433864.93,323979423,CC
919,Ysabel,Jellett,yjellettpi@aol.com,Female,$759560.63,190103166,IT
920,Bevin,Carrell,bcarrellpj@soup.io,Male,$112832.42,142073586,PP
921,Cherye,Townes,ctownespk@virginia.edu,Female,$132752.98,31184542,PP
922,Donall,Meas,dmeaspl@reuters.com,Male,$336615.88,350134823,PP
923,Darlleen,Betun,dbetunpm@webs.com,Female,$936188.79,709064089,CC
924,Audra,Nevet,anevetpn@macromedia.com,Female,$308726.79,554390681,PP
925,Chane,Urling,curlingpo@123-reg.co.uk,Male,$147371.93,1023256716,IT
926,Loren,Jakaway,ljakawaypp@canalblog.com,Female,$522493.01,621804080,PP
927,Herman,Dunnett,hdunnettpq@homestead.com,Male,$553568.51,351805193,PP
928,Gan,Ourry,gourrypr@chron.com,Male,$589476.02,496540496,PP
929,Jill,Hughland,jhughlandps@blogs.com,Female,$784311.84,642520941,IT
930,Brittne,Shane,bshanept@altervista.org,Female,$624004.10,865385687,IT
931,Terza,Tucker,ttuckerpu@arstechnica.com,Female,$267882.18,326843718,CC
932,Oates,Karys,okaryspv@statcounter.com,Male,$375891.26,1000905479,PP
933,Suellen,Tombleson,stomblesonpw@shinystat.com,Female,$256765.06,68026140,CC
934,Bryan,Sinott,bsinottpx@biblegateway.com,Male,$373568.99,301466839,IT
935,Odette,Cottrill,ocottrillpy@examiner.com,Female,$380431.65,274465967,PP
936,Robbie,Giff,rgiffpz@instagram.com,Male,$649285.53,431324696,IT
937,Roddie,Bernardo,rbernardoq0@smugmug.com,Male,$164104.98,348284337,PP
938,Gretna,Breeton,gbreetonq1@paginegialle.it,Female,$473165.56,149144912,PP
939,Loleta,Trood,ltroodq2@google.com.hk,Female,$845143.47,188987386,PP
940,El,Slainey,eslaineyq3@tripadvisor.com,Male,$291344.24,744803281,CC
941,Bastien,Heisman,bheismanq4@indiegogo.com,Male,$858256.21,614375458,PP
942,Denney,Ellsworthe,dellswortheq5@businesswire.com,Male,$773670.36,852266772,CC
943,Gaile,Crush,gcrushq6@nbcnews.com,Male,$675079.30,899341025,IT
944,Chadwick,Patullo,cpatulloq7@wordpress.com,Male,$706880.91,866373115,PP
945,Mandy,Barkess,mbarkessq8@google.co.uk,Female,$541620.82,164461272,PP
946,Rosabelle,Macey,rmaceyq9@goodreads.com,Female,$256239.03,1043865130,CC
947,Rheba,Carles,rcarlesqa@ehow.com,Female,$342158.63,642111522,CC
948,Fabien,Mackleden,fmackledenqb@hud.gov,Male,$453981.33,566123061,PP
949,Bronson,Gierck,bgierckqc@1und1.de,Male,$786512.70,565218173,PP
950,Alejandro,Pargetter,apargetterqd@ehow.com,Male,$929154.87,205429703,IT
951,Gare,Drewell,gdrewellqe@about.me,Male,$801118.00,550019922,PP
952,Blythe,Le Fevre,blefevreqf@g.co,Female,$187401.97,856368812,PP
953,Skipper,Brunini,sbruniniqg@shutterfly.com,Male,$910002.86,348909300,IT
954,Fremont,Bissill,fbissillqh@cpanel.net,Male,$849720.30,389994021,PP
955,Ronnie,Koenen,rkoenenqi@ask.com,Female,$572596.17,134800213,CC
956,Drusilla,Aps,dapsqj@privacy.gov.au,Female,$695255.07,734620970,IT
957,Early,Seeler,eseelerqk@noaa.gov,Male,$207382.85,378353171,CC
958,Harriott,Churchward,hchurchwardql@jiathis.com,Female,$743529.41,425096136,IT
959,Alic,Wileman,awilemanqm@shinystat.com,Male,$959613.90,63874233,PP
960,Pryce,Gowar,pgowarqn@google.nl,Male,$655904.09,796469957,PP
961,Lotta,Rudinger,lrudingerqo@blogger.com,Female,$204727.65,560198098,CC
962,Torry,Postins,tpostinsqp@scientificamerican.com,Male,$974278.61,623485811,CC
963,Ryan,Worsnup,rworsnupqq@feedburner.com,Male,$221985.42,606208712,CC
964,Baillie,Balch,bbalchqr@ucla.edu,Male,$688020.64,1021005046,PP
965,Melisent,Fydoe,mfydoeqs@opensource.org,Female,$663407.69,597509434,IT
966,Calypso,Caple,ccapleqt@godaddy.com,Female,$860179.22,412338567,PP
967,Minna,Pechell,mpechellqu@ask.com,Female,$901427.43,45374336,IT
968,Quentin,Gertray,qgertrayqv@ucoz.ru,Male,$813138.25,524559491,PP
969,Tani,Liepina,tliepinaqw@deviantart.com,Female,$547626.84,249125376,CC
970,Elfrieda,Pulley,epulleyqx@google.co.uk,Female,$203690.58,199188272,CC
971,Mela,Fraulo,mfrauloqy@g.co,Female,$688122.19,144166820,CC
972,Oswell,Sellors,osellorsqz@macromedia.com,Male,$215915.64,322707981,CC
973,Drusie,Eccleshare,decclesharer0@trellian.com,Female,$395129.38,1021632379,IT
974,Olivier,Kears,okearsr1@archive.org,Male,$706647.80,923866403,IT
975,Jorge,Iohananof,jiohananofr2@mashable.com,Male,$778134.81,21999641,IT
976,Claretta,Haldin,chaldinr3@infoseek.co.jp,Female,$863631.61,508965599,PP
977,Nilson,Ryott,nryottr4@wikipedia.org,Male,$824770.67,920792097,CC
978,Niel,Haselgrove,nhaselgrover5@kickstarter.com,Male,$893448.55,740531653,PP
979,Wendell,Guillou,wguillour6@yelp.com,Male,$223326.73,364462377,CC
980,Pietra,Harwood,pharwoodr7@cnn.com,Female,$979472.61,229024708,PP
981,Shirleen,Colliber,scolliberr8@aol.com,Female,$571752.30,940559539,PP
982,Douglass,Titlow,dtitlowr9@miitbeian.gov.cn,Male,$198127.27,963751443,IT
983,Flinn,Joderli,fjoderlira@ted.com,Male,$574549.44,536239641,CC
984,Lief,Giorgini,lgiorginirb@canalblog.com,Male,$404933.43,792123758,PP
985,Blake,Simoes,bsimoesrc@yahoo.co.jp,Female,$101323.58,742129806,CC
986,Brad,Vasyunichev,bvasyunichevrd@hubpages.com,Male,$445986.65,712632459,CC
987,Ivy,Bullan,ibullanre@devhub.com,Female,$650786.39,637963546,CC
988,Esmeralda,Barkly,ebarklyrf@clickbank.net,Female,$534697.68,678881253,PP
989,Papageno,Brehaut,pbrehautrg@deliciousdays.com,Male,$286229.13,895754581,PP
990,Travis,Broome,tbroomerh@yahoo.com,Male,$326876.25,730183307,CC
991,Robert,Janos,rjanosri@discovery.com,Male,$635055.61,898024275,PP
992,Shannan,Vizard,svizardrj@homestead.com,Male,$671709.86,802088265,IT
993,Ashleigh,MacDermand,amacdermandrk@unc.edu,Female,$749164.00,564028149,PP
994,Mollie,Siddens,msiddensrl@eventbrite.com,Female,$131587.31,182388877,IT
995,Riccardo,Rosbotham,rrosbothamrm@devhub.com,Male,$686638.41,749158524,PP
996,Carlen,Vanezis,cvanezisrn@ask.com,Female,$785226.44,444551371,CC
997,Aurora,Sodo,asodoro@lycos.com,Female,$365965.25,952727425,IT
998,Delainey,Richley,drichleyrp@army.mil,Male,$767142.47,43478006,PP
999,Tedra,Biaggelli,tbiaggellirq@upenn.edu,Female,$917574.42,539779747,PP
1000,Ki,Pietzker,kpietzkerrr@marketwatch.com,Female,$342839.74,508434490,IT
