id,nombre,apellido,email,genero,valor_tx,numero_identificacion,tipo_identificacion
1,Kelsi,Sendley,ksendley0@pbs.org,Female,$653604.15,318924413,CC
2,Yule,Skule,yskule1@feedburner.com,Male,$966826.92,701037811,PP
3,Liane,Guilder,lguilder2@wikimedia.org,Female,$422414.94,744383216,IT
4,Cornie,Colvie,ccolvie3@yahoo.com,Male,$276573.70,1030134032,PP
5,Melania,Benardeau,mbenardeau4@istockphoto.com,Female,$824510.16,253940497,CC
6,Jeana,Riccardelli,jriccardelli5@sogou.com,Female,$429867.72,730508679,IT
7,Stefania,Sigward,ssigward6@mit.edu,Female,$319359.72,618935549,IT
8,Carilyn,Gilyott,cgilyott7@i2i.jp,Female,$540374.35,541738601,IT
9,Dru,Rimer,drimer8@artisteer.com,Male,$997202.81,473236306,CC
10,Teodoro,Bradborne,tbradborne9@blog.com,Male,$547496.99,690638751,IT
11,Nathan,Grigorey,ngrigoreya@360.cn,Male,$879753.92,429818139,PP
12,Othella,Haldenby,ohaldenbyb@canalblog.com,Female,$203565.22,193839754,IT
13,Judye,Pirdy,jpirdyc@list-manage.com,Female,$842295.23,735595170,CC
14,Catherina,Salatino,csalatinod@wp.com,Female,$141543.03,948234881,PP
15,Randall,Hathwood,rhathwoode@lycos.com,Male,$911953.54,896138778,PP
16,Micky,Ruppeli,mruppelif@whitehouse.gov,Female,$730006.11,174397741,PP
17,Aldin,Duligall,aduligallg@vimeo.com,Male,$115138.16,207528783,PP
18,Gaelan,Fink,gfinkh@cbsnews.com,Male,$624078.66,741794954,PP
19,Winifield,Uttridge,wuttridgei@irs.gov,Male,$455331.06,407723858,PP
20,Arly,Debnam,adebnamj@mozilla.org,Female,$217180.90,235523515,CC
21,Clement,Godthaab,cgodthaabk@comsenz.com,Male,$736992.44,720692560,PP
22,Evelina,Alltimes,ealltimesl@ezinearticles.com,Female,$930916.17,739616233,IT
23,Veronica,Broader,vbroaderm@dot.gov,Female,$980767.65,266650998,CC
24,Myrwyn,Abrahams,mabrahamsn@fc2.com,Male,$575289.45,188065894,IT
25,Igor,Emlen,iemleno@wunderground.com,Male,$785194.63,627799136,CC
26,Tabbie,Gibling,tgiblingp@csmonitor.com,Male,$692278.00,536741977,PP
27,Dasie,Otton,dottonq@taobao.com,Female,$119494.18,728892175,CC
28,Vania,Blaske,vblasker@statcounter.com,Female,$602153.16,987157077,CC
29,Briney,McKern,bmckerns@state.gov,Female,$169934.53,359105240,CC
30,Frannie,Mabbett,fmabbettt@newsvine.com,Female,$250370.88,217119051,CC
31,Elia,Niblo,eniblou@hhs.gov,Male,$454855.86,694564475,CC
32,Cobb,Challenor,cchallenorv@bbb.org,Male,$115886.07,639875752,IT
33,Farlee,Carbett,fcarbettw@loc.gov,Male,$669926.64,895577346,PP
34,Cindy,Haddeston,chaddestonx@nyu.edu,Female,$428270.00,769170363,IT
35,Kipp,Janczyk,kjanczyky@discovery.com,Male,$249159.16,300265535,CC
36,Bradly,Temlett,btemlettz@bandcamp.com,Male,$738918.54,1015841458,PP
37,Chuck,Bartolomieu,cbartolomieu10@arizona.edu,Male,$325510.58,53565000,CC
38,Tabina,Evenden,tevenden11@dmoz.org,Female,$562147.66,29874801,IT
39,Raddie,Satchell,rsatchell12@hp.com,Male,$722246.98,1025605695,CC
40,Risa,MacEveley,rmaceveley13@hostgator.com,Female,$805772.38,411765962,PP
41,Kassandra,Mary,kmary14@dion.ne.jp,Female,$522602.60,118167145,IT
42,Amber,Dumke,adumke15@columbia.edu,Female,$744772.42,408064915,PP
43,Cindi,Bulcroft,cbulcroft16@reverbnation.com,Female,$236929.12,1030310857,PP
44,Mose,Bruck,mbruck17@yahoo.co.jp,Male,$749875.89,85503048,PP
45,Clayton,Venturoli,cventuroli18@slashdot.org,Male,$721897.87,405464928,PP
46,Sorcha,Arro,sarro19@archive.org,Female,$103846.26,1004878350,IT
47,Lenard,Kippins,lkippins1a@gravatar.com,Male,$663013.91,688508501,PP
48,Hieronymus,Quernel,hquernel1b@is.gd,Male,$244532.86,297563958,CC
49,Anatol,Jakubczyk,ajakubczyk1c@example.com,Male,$576060.90,940662444,PP
50,Tommi,Willowby,twillowby1d@homestead.com,Female,$364417.86,476215498,IT
51,Mohandas,Thomke,mthomke1e@foxnews.com,Male,$433522.65,331265345,PP
52,Nils,Tinline,ntinline1f@tinypic.com,Male,$628329.26,845609178,PP
53,Jojo,Studdeard,jstuddeard1g@themeforest.net,Female,$775339.22,735918402,CC
54,Katusha,Lidgerton,klidgerton1h@ucoz.com,Female,$250850.62,666147349,IT
55,Abba,McCree,amccree1i@newsvine.com,Male,$664536.56,600421917,IT
56,Erik,Wevell,ewevell1j@nifty.com,Male,$691422.91,975082241,IT
57,Kevin,Forrestill,kforrestill1k@unesco.org,Male,$955988.48,511544602,PP
58,Merci,Sholem,msholem1l@spiegel.de,Female,$976447.86,162445779,PP
59,Claudian,Le Claire,cleclaire1m@usda.gov,Male,$541560.84,327820145,CC
60,Dave,O'Sherin,dosherin1n@webs.com,Male,$596019.12,558847626,CC
61,Toma,Peete,tpeete1o@linkedin.com,Female,$825037.48,365241294,IT
62,Heinrik,Whitmore,hwhitmore1p@baidu.com,Male,$279299.02,592710551,CC
63,Essie,Daniau,edaniau1q@exblog.jp,Female,$919975.41,126872973,PP
64,Daniele,De Filippis,ddefilippis1r@geocities.com,Female,$887220.10,313532428,IT
65,Janeta,Scintsbury,jscintsbury1s@cnet.com,Female,$263175.09,196634599,CC
66,Nadia,Winsbury,nwinsbury1t@simplemachines.org,Female,$519491.62,676315115,PP
67,Mia,Charpin,mcharpin1u@github.com,Female,$498731.84,68690644,PP
68,Josi,Rau,jrau1v@bbc.co.uk,Female,$642617.70,354732629,CC
69,Kristian,Van Daalen,kvandaalen1w@netscape.com,Male,$631951.18,169485606,CC
70,Minnie,Lyard,mlyard1x@nasa.gov,Female,$983722.20,906427404,PP
71,Cory,Chedgey,cchedgey1y@mac.com,Male,$175027.95,18912719,PP
72,Khalil,Linck,klinck1z@behance.net,Male,$817868.30,636450399,CC
73,Knox,Leagas,kleagas20@walmart.com,Male,$150022.74,318202402,PP
74,Colver,Piatkowski,cpiatkowski21@whitehouse.gov,Male,$500525.25,315556559,IT
75,Belle,Kelner,bkelner22@ning.com,Female,$650436.36,253509248,IT
76,Lemmy,Brunner,lbrunner23@soup.io,Male,$494054.48,60497633,PP
77,Addie,Jerzyk,ajerzyk24@uol.com.br,Female,$801189.30,411859887,CC
78,Seumas,Vazquez,svazquez25@furl.net,Male,$999759.10,193477896,CC
79,Danila,Pollendine,dpollendine26@weebly.com,Female,$109536.87,1044576770,PP
80,Nada,Goldsby,ngoldsby27@amazon.co.jp,Female,$975984.08,649461507,IT
81,Frederico,Flintuff,fflintuff28@freewebs.com,Male,$304744.62,252084949,IT
82,Kendal,Debow,kdebow29@behance.net,Male,$758483.56,1006446239,IT
83,Lowe,Fahy,lfahy2a@macromedia.com,Male,$236392.10,663376877,IT
84,Ilsa,McCoy,imccoy2b@homestead.com,Female,$961626.95,556105947,CC
85,Pierrette,Wrighton,pwrighton2c@macromedia.com,Female,$180777.89,365521506,PP
86,Normand,Cassel,ncassel2d@vimeo.com,Male,$354127.11,349305718,IT
87,Evan,Whyatt,ewhyatt2e@photobucket.com,Male,$223380.99,864928694,CC
88,Rodge,Alyonov,ralyonov2f@earthlink.net,Male,$760447.58,343706909,CC
89,Zelma,Shemilt,zshemilt2g@gnu.org,Female,$145978.18,170964407,IT
90,Elvira,Joinsey,ejoinsey2h@booking.com,Female,$516880.92,333576385,PP
91,Margie,Poston,mposton2i@ebay.co.uk,Female,$819611.29,453078354,CC
92,Irv,D'Emanuele,idemanuele2j@statcounter.com,Male,$364988.99,57566432,IT
93,Adam,Giggie,agiggie2k@bloomberg.com,Male,$124029.46,570409159,IT
94,Vin,Haversum,vhaversum2l@craigslist.org,Female,$569628.94,462970423,PP
95,Myriam,Jacqueminot,mjacqueminot2m@parallels.com,Female,$815780.02,455004718,IT
96,Elsbeth,Leggate,eleggate2n@elpais.com,Female,$679390.50,790776743,IT
97,Teri,MacConnel,tmacconnel2o@dailymail.co.uk,Female,$467878.41,249277074,IT
98,Judi,Itzkovwich,jitzkovwich2p@friendfeed.com,Female,$307016.69,576088660,CC
99,Addia,Gegay,agegay2q@merriam-webster.com,Female,$275428.42,566978864,PP
100,Kristin,Toping,ktoping2r@odnoklassniki.ru,Female,$828049.46,79795239,PP
101,Dyane,Townend,dtownend2s@businessinsider.com,Female,$664372.82,153683477,IT
102,Brigham,Curds,bcurds2t@reddit.com,Male,$912385.42,13778671,PP
103,Kendricks,Yedall,kyedall2u@craigslist.org,Male,$656573.68,357005328,PP
104,Gannie,Surgood,gsurgood2v@utexas.edu,Male,$355106.87,445187860,IT
105,Zitella,Duer,zduer2w@flavors.me,Female,$191001.72,920803271,CC
106,Melania,McClure,mmcclure2x@icio.us,Female,$236404.53,359973693,PP
107,Hale,Zoppo,hzoppo2y@yale.edu,Male,$863788.01,676705173,CC
108,Piggy,Bruton,pbruton2z@opera.com,Male,$393012.01,664380318,CC
109,Arnold,Stert,astert30@zimbio.com,Male,$189109.79,70350551,PP
110,Linnie,Le Surf,llesurf31@yolasite.com,Female,$319980.32,149250732,IT
111,Duncan,Basili,dbasili32@mac.com,Male,$461046.15,515415452,PP
112,Cornell,Willoughway,cwilloughway33@tamu.edu,Male,$754210.21,551563475,IT
113,Katusha,Woodbridge,kwoodbridge34@ning.com,Female,$807390.12,896086536,CC
114,Gussy,Izaks,gizaks35@reverbnation.com,Female,$798158.33,165676380,CC
115,Clem,Osmint,cosmint36@ed.gov,Male,$729246.13,962041885,IT
116,Grant,Chastagnier,gchastagnier37@miitbeian.gov.cn,Male,$853746.80,70285027,CC
117,Rozelle,Tiley,rtiley38@sun.com,Female,$565022.13,737787418,PP
118,Jessalyn,Davinet,jdavinet39@dedecms.com,Female,$822091.68,121582334,PP
119,Mira,Dwane,mdwane3a@bing.com,Female,$553718.03,924658795,PP
120,Trevar,Coppledike,tcoppledike3b@networksolutions.com,Male,$632294.46,828863089,PP
121,Pasquale,Shapter,pshapter3c@multiply.com,Male,$471849.89,985954478,IT
122,Petra,Cleeve,pcleeve3d@nhs.uk,Female,$280165.80,449408707,PP
123,Bastien,Akroyd,bakroyd3e@hatena.ne.jp,Male,$617759.19,599016287,PP
124,Willey,Rawlison,wrawlison3f@reverbnation.com,Male,$602663.06,190525631,CC
125,Glenn,Lamlin,glamlin3g@nifty.com,Female,$528665.46,428041323,PP
126,Harman,Cheesley,hcheesley3h@squarespace.com,Male,$508034.64,458775857,CC
127,Markus,Deviney,mdeviney3i@buzzfeed.com,Male,$752854.32,34271204,CC
128,Emmery,Crother,ecrother3j@youtube.com,Male,$284423.08,115971900,IT
129,Paige,Chrichton,pchrichton3k@yandex.ru,Male,$868421.43,656077214,IT
130,Korrie,Cudihy,kcudihy3l@linkedin.com,Female,$154035.00,663441111,CC
131,Gwyneth,Feild,gfeild3m@angelfire.com,Female,$214864.85,291598140,CC
132,Yalonda,Jurkowski,yjurkowski3n@mlb.com,Female,$786473.50,931873952,IT
133,Tania,Rooksby,trooksby3o@godaddy.com,Female,$821059.67,20171932,CC
134,Jessika,Sudddard,jsudddard3p@quantcast.com,Female,$699564.11,255579515,IT
135,Bobinette,Deetlof,bdeetlof3q@ucla.edu,Female,$504603.68,648533359,IT
136,Yul,Jeffrey,yjeffrey3r@tumblr.com,Male,$791237.15,563564588,IT
137,Tilly,Barrable,tbarrable3s@newsvine.com,Female,$811316.45,891439370,CC
138,Laurianne,Dwelly,ldwelly3t@businesswire.com,Female,$945223.66,791741892,IT
139,Inna,Hookes,ihookes3u@dailymail.co.uk,Female,$898854.13,135040486,CC
140,Artair,Nyssen,anyssen3v@noaa.gov,Male,$314562.47,958932905,CC
141,Giorgi,Varne,gvarne3w@upenn.edu,Male,$177356.60,92947392,CC
142,Claire,Cicchillo,ccicchillo3x@si.edu,Female,$569200.78,863600670,CC
143,Kizzee,Salack,ksalack3y@usa.gov,Female,$452931.45,761835112,IT
144,Fraser,Newgrosh,fnewgrosh3z@tuttocitta.it,Male,$756384.42,563054943,PP
145,Crichton,Di Bartolommeo,cdibartolommeo40@exblog.jp,Male,$368938.62,258605658,CC
146,Abbot,Morphey,amorphey41@abc.net.au,Male,$709220.90,480581088,IT
147,Auberta,Longfut,alongfut42@wordpress.org,Female,$390835.96,892869161,CC
148,Doralynn,Hendron,dhendron43@unicef.org,Female,$783240.02,576434852,IT
149,Maureen,Valencia,mvalencia44@jalbum.net,Female,$589649.08,343609003,PP
150,Othilie,Philipard,ophilipard45@prweb.com,Female,$783685.64,61110579,IT
151,Katerine,Hodgin,khodgin46@icq.com,Female,$449841.69,228743972,IT
152,Patton,Fanstone,pfanstone47@oakley.com,Male,$337740.52,873713501,IT
153,Garrard,Deschelle,gdeschelle48@addtoany.com,Male,$220752.80,678571798,PP
154,Aurilia,Rockcliff,arockcliff49@twitpic.com,Female,$558137.45,286378083,PP
155,Valeda,Ashmole,vashmole4a@scientificamerican.com,Female,$223567.93,14601990,IT
156,Antonius,Webland,awebland4b@youtu.be,Male,$996033.83,659691797,PP
157,Harlin,Dykes,hdykes4c@smh.com.au,Male,$834508.83,827007793,PP
158,Anet,Busch,abusch4d@google.nl,Female,$440607.69,667326103,PP
159,Laughton,Isenor,lisenor4e@time.com,Male,$349126.28,272362041,IT
160,Misty,Huband,mhuband4f@jugem.jp,Female,$905513.61,334621772,IT
161,Agace,Wornham,awornham4g@posterous.com,Female,$380586.19,111943730,IT
162,Bernardina,Jacqueminet,bjacqueminet4h@weebly.com,Female,$183720.24,226398849,PP
163,Kynthia,Trime,ktrime4i@prlog.org,Female,$377624.64,611770600,PP
164,Dido,Skirrow,dskirrow4j@redcross.org,Female,$354923.21,739397115,PP
165,Ricca,O'Hern,rohern4k@go.com,Female,$684337.54,690235797,PP
166,Kenn,Matteoli,kmatteoli4l@state.tx.us,Male,$863213.72,1034852753,IT
167,Hilary,Delooze,hdelooze4m@netvibes.com,Female,$670225.51,457128844,PP
168,Dee,Ashforth,dashforth4n@clickbank.net,Female,$648683.34,438923370,PP
169,Willem,Grigore,wgrigore4o@qq.com,Male,$962967.62,795282772,CC
170,Callida,McClure,cmcclure4p@multiply.com,Female,$270096.73,402859413,IT
171,Dniren,Snelson,dsnelson4q@microsoft.com,Female,$612564.30,483520791,CC
172,Rufus,Beaty,rbeaty4r@phpbb.com,Male,$705982.26,989344990,PP
173,Marillin,Balsellie,mbalsellie4s@examiner.com,Female,$308899.26,762701340,IT
174,Estrella,Trulocke,etrulocke4t@bbb.org,Female,$219280.00,287855882,CC
175,Ailsun,Rushbury,arushbury4u@unicef.org,Female,$843125.79,35050097,CC
176,Prudi,Swiffen,pswiffen4v@linkedin.com,Female,$811086.88,153798356,PP
177,Marcos,Confort,mconfort4w@printfriendly.com,Male,$277691.24,206567865,IT
178,Adan,Spiers,aspiers4x@fema.gov,Female,$630085.51,899025796,PP
179,Cash,Fackney,cfackney4y@lycos.com,Male,$932899.85,840850775,IT
180,Lon,Bonett,lbonett4z@google.cn,Male,$668520.69,113192278,IT
181,Thaddus,Benninck,tbenninck50@exblog.jp,Male,$858540.35,950504758,IT
182,Ezri,Beardwell,ebeardwell51@jalbum.net,Male,$459860.45,1035948735,CC
183,Mitchel,Everson,meverson52@nytimes.com,Male,$666887.65,122522418,IT
184,Daryl,Baynes,dbaynes53@mtv.com,Female,$856293.88,137874940,CC
185,Sean,Olifaunt,solifaunt54@clickbank.net,Male,$628585.05,405950763,IT
186,Karalynn,Dewdney,kdewdney55@princeton.edu,Female,$486895.55,603223148,PP
187,Rabbi,Cullnean,rcullnean56@wiley.com,Male,$998091.75,371746550,CC
188,Rakel,Kemster,rkemster57@dailymail.co.uk,Female,$762390.99,826861799,PP
189,Kelcey,Belchamber,kbelchamber58@usnews.com,Female,$452421.43,477904660,PP
190,Hortensia,Mulryan,hmulryan59@scientificamerican.com,Female,$467583.64,53890396,PP
191,Joaquin,Cullrford,jcullrford5a@canalblog.com,Male,$766465.30,624222878,CC
192,Thurston,Defau,tdefau5b@xrea.com,Male,$924993.58,849591192,IT
193,Garrik,Dinning,gdinning5c@archive.org,Male,$492793.07,1000195647,IT
194,Moria,Merrell,mmerrell5d@google.com.au,Female,$145130.06,531389735,IT
195,Man,Aimeric,maimeric5e@wikispaces.com,Male,$168013.36,768917346,CC
196,Rufe,Dowderswell,rdowderswell5f@columbia.edu,Male,$834176.96,583485558,CC
197,Cherianne,Sanders,csanders5g@over-blog.com,Female,$581865.40,1027453983,PP
198,Jodee,Rubbert,jrubbert5h@webs.com,Female,$740246.46,889075471,CC
199,Darnell,Munford,dmunford5i@aol.com,Male,$447822.50,487500184,IT
200,Melvin,Ailsbury,mailsbury5j@narod.ru,Male,$844934.00,595478208,CC
201,Farlay,Trevaskiss,ftrevaskiss5k@ed.gov,Male,$760321.97,526694845,PP
202,Anne,Bartol,abartol5l@nih.gov,Female,$941147.43,190248408,CC
203,Dacey,Maughan,dmaughan5m@blogger.com,Female,$745939.41,628493935,PP
204,Joellen,Cookney,jcookney5n@zdnet.com,Female,$543068.93,1006180015,IT
205,Lorita,Bohling,lbohling5o@utexas.edu,Female,$688020.49,709907964,CC
206,Dagmar,Fountain,dfountain5p@cocolog-nifty.com,Female,$710466.15,684292270,IT
207,Berrie,Maro,bmaro5q@networksolutions.com,Female,$753189.56,204221069,PP
208,Mathilde,Ritchie,mritchie5r@flickr.com,Female,$530597.24,51334089,CC
209,Padget,Godfree,pgodfree5s@yellowbook.com,Male,$477238.96,868039744,CC
210,Marlee,Messier,mmessier5t@amazon.de,Female,$381156.26,166775272,CC
211,Valeria,Vicarey,vvicarey5u@redcross.org,Female,$110323.25,736648210,CC
212,Jilly,Kidson,jkidson5v@xrea.com,Female,$490127.85,965841069,IT
213,Jere,Fautly,jfautly5w@nyu.edu,Male,$743358.85,986311949,PP
214,Dulcia,Greschke,dgreschke5x@goo.ne.jp,Female,$932854.17,237578701,CC
215,Matthus,Oakenfield,moakenfield5y@pen.io,Male,$160827.77,597192675,CC
216,Molly,Samms,msamms5z@noaa.gov,Female,$486635.22,164529183,IT
217,Jamil,Derx,jderx60@google.it,Male,$131461.37,1031362542,CC
218,Gerome,Mistry,gmistry61@homestead.com,Male,$263645.15,272365825,IT
219,Lutero,Stanwix,lstanwix62@cocolog-nifty.com,Male,$808294.10,833555845,PP
220,Ximenez,Scarfe,xscarfe63@cargocollective.com,Male,$635392.43,252620408,PP
221,Joan,Garvan,jgarvan64@mapy.cz,Female,$921784.15,729142008,CC
222,Corty,Chastey,cchastey65@icq.com,Male,$664642.66,100195037,IT
223,Bo,Klausewitz,bklausewitz66@pbs.org,Male,$900036.05,832946791,IT
224,Royce,Radmer,rradmer67@paginegialle.it,Male,$476244.37,181763587,CC
225,Velvet,Grouse,vgrouse68@bloglines.com,Female,$215097.46,959729911,IT
226,Seamus,Deignan,sdeignan69@smh.com.au,Male,$341518.17,747091674,IT
227,Leanna,Janny,ljanny6a@mayoclinic.com,Female,$431757.03,180984327,IT
228,Wright,Pepye,wpepye6b@google.it,Male,$803287.50,667436973,PP
229,Ignatius,Abba,iabba6c@ucoz.ru,Male,$180932.81,1047178476,PP
230,Kristyn,Pappi,kpappi6d@about.com,Female,$806676.98,865696892,CC
231,Paxon,Kobel,pkobel6e@howstuffworks.com,Male,$193628.57,604152968,CC
232,Margret,Hyslop,mhyslop6f@so-net.ne.jp,Female,$554729.78,498116926,CC
233,Malissa,Semmence,msemmence6g@yandex.ru,Female,$526946.51,192943381,PP
234,Arlan,Bilovus,abilovus6h@symantec.com,Male,$659285.66,893652500,IT
235,Delainey,Cawsby,dcawsby6i@phoca.cz,Male,$386087.29,988238343,PP
236,Craggie,Gotch,cgotch6j@gov.uk,Male,$713150.09,930116082,PP
237,Ysabel,Haggeth,yhaggeth6k@wikia.com,Female,$346863.81,93188346,PP
238,Ophelia,Ketteringham,oketteringham6l@sourceforge.net,Female,$580657.53,25949759,PP
239,Em,McQuaker,emcquaker6m@reddit.com,Male,$889991.38,382455589,CC
240,Berrie,Earpe,bearpe6n@csmonitor.com,Female,$459999.72,84219793,CC
241,Julie,Ciotto,jciotto6o@drupal.org,Male,$142491.36,401933481,IT
242,Greggory,Orro,gorro6p@aboutads.info,Male,$260945.85,519440725,CC
243,Nollie,Somerville,nsomerville6q@biblegateway.com,Female,$714256.58,614614755,CC
244,Ferne,Jeacocke,fjeacocke6r@mtv.com,Female,$772172.67,66450129,PP
245,Elysia,Stainer,estainer6s@bravesites.com,Female,$691751.95,424813764,PP
246,Bambie,Ortiga,bortiga6t@drupal.org,Female,$562926.97,138056232,PP
247,Nomi,Frayling,nfrayling6u@bloomberg.com,Female,$484471.12,444250824,CC
248,Lovell,Menico,lmenico6v@army.mil,Male,$284257.46,198780423,PP
249,Aryn,Sahnow,asahnow6w@vistaprint.com,Female,$905050.33,729292086,PP
250,Carmina,Weller,cweller6x@comcast.net,Female,$349281.80,828199246,CC
251,Kennan,Doxey,kdoxey6y@cargocollective.com,Male,$465539.50,199761727,IT
252,Loren,Luckings,lluckings6z@vimeo.com,Female,$592581.66,265905427,PP
253,Boony,Childerhouse,bchilderhouse70@biglobe.ne.jp,Male,$618323.82,423260414,CC
254,Atlanta,Freemantle,afreemantle71@usatoday.com,Female,$514840.40,169990574,CC
255,Rene,Jordi,rjordi72@usda.gov,Female,$261211.29,888058795,PP
256,Barbabas,Exley,bexley73@newyorker.com,Male,$338028.64,440881064,CC
257,Elia,Giannazzo,egiannazzo74@scientificamerican.com,Male,$608582.38,54289353,CC
258,Corliss,Backshell,cbackshell75@apple.com,Female,$392850.94,498162451,IT
259,Audie,Stormont,astormont76@wp.com,Female,$535572.71,993984839,PP
260,Glynnis,Corbally,gcorbally77@opera.com,Female,$639979.19,242120878,IT
261,Gilly,Kaasmann,gkaasmann78@tamu.edu,Female,$371294.75,771940704,IT
262,Averil,Kohen,akohen79@sina.com.cn,Female,$392419.68,403204221,IT
263,Melisandra,Tournay,mtournay7a@timesonline.co.uk,Female,$356658.91,169117161,IT
264,Rakel,Daltry,rdaltry7b@netlog.com,Female,$881881.14,726000386,CC
265,Kerry,Bemment,kbemment7c@harvard.edu,Male,$398349.70,41974540,PP
266,Bailey,Heijnen,bheijnen7d@tripadvisor.com,Male,$123192.56,375513268,CC
267,Lorrayne,Matchitt,lmatchitt7e@mediafire.com,Female,$635962.72,203474898,IT
268,Oliver,Odams,oodams7f@answers.com,Male,$674756.37,691389219,IT
269,Emmet,Rowly,erowly7g@umn.edu,Male,$956197.35,675291532,IT
270,Gillan,Gudger,ggudger7h@youtu.be,Female,$404184.03,369783940,CC
271,Mia,Jeger,mjeger7i@desdev.cn,Female,$656254.49,192996993,IT
272,Bronnie,Milland,bmilland7j@360.cn,Male,$538385.40,358676001,PP
273,Major,Gerhardt,mgerhardt7k@google.co.jp,Male,$452342.91,361443098,PP
274,Lincoln,McNaught,lmcnaught7l@sciencedaily.com,Male,$723956.21,271578580,CC
275,Theadora,Dockree,tdockree7m@last.fm,Female,$901296.68,967743234,PP
276,Horace,Tredinnick,htredinnick7n@answers.com,Male,$905219.78,55190987,PP
277,Kerby,Attewell,kattewell7o@4shared.com,Male,$914285.76,819313308,IT
278,Lydon,Giacobo,lgiacobo7p@webs.com,Male,$210541.59,556692527,IT
279,Linell,Heyns,lheyns7q@wufoo.com,Female,$404606.94,298525294,CC
280,Gregoor,Quiney,gquiney7r@unc.edu,Male,$104937.04,575083580,IT
281,Adiana,Birkenshaw,abirkenshaw7s@amazon.co.jp,Female,$436757.16,315847280,PP
282,Viki,Sumpton,vsumpton7t@ft.com,Female,$276617.95,152148985,IT
283,Jaymie,Pischel,jpischel7u@xrea.com,Male,$967436.01,619525821,CC
284,Adele,Tucsell,atucsell7v@indiegogo.com,Female,$738235.38,685798563,PP
285,Paten,Martinovsky,pmartinovsky7w@51.la,Male,$265537.59,238242110,PP
286,Dorothee,Billanie,dbillanie7x@reddit.com,Female,$543963.92,564056633,PP
287,Noach,Meatyard,nmeatyard7y@ca.gov,Male,$483388.11,576196876,PP
288,Guillemette,Piggrem,gpiggrem7z@macromedia.com,Female,$811253.57,662074882,CC
289,Ragnar,Edscer,redscer80@about.com,Male,$667405.29,502441639,IT
290,Florencia,Elecum,felecum81@amazon.co.uk,Female,$683667.92,1009310768,CC
291,Morley,Bare,mbare82@cornell.edu,Male,$332100.63,170770628,PP
292,Justine,Geill,jgeill83@xrea.com,Female,$996816.27,192513404,PP
293,Stan,Arson,sarson84@ed.gov,Male,$345539.16,618680938,CC
294,Slade,Theobold,stheobold85@discovery.com,Male,$395383.89,1008404543,PP
295,Austin,Yablsley,ayablsley86@youku.com,Female,$924548.90,341227598,PP
296,Giffer,Ivasechko,givasechko87@forbes.com,Male,$245932.13,702661335,IT
297,Jefferson,Talman,jtalman88@topsy.com,Male,$271334.65,238099830,CC
298,Germain,Leeming,gleeming89@t-online.de,Female,$545145.41,960972541,PP
299,Meghann,Delany,mdelany8a@unesco.org,Female,$874261.23,332080331,PP
300,Byrle,Niset,bniset8b@xinhuanet.com,Male,$905464.61,240451055,PP
301,Leicester,Stone Fewings,lstonefewings8c@comsenz.com,Male,$323605.17,474855063,CC
302,Virgie,Klimaszewski,vklimaszewski8d@wiley.com,Female,$266510.97,976532595,IT
303,Boigie,De la Yglesias,bdelayglesias8e@miibeian.gov.cn,Male,$283843.38,948701544,CC
304,Randi,Bootherstone,rbootherstone8f@gizmodo.com,Female,$758724.19,1003782471,CC
305,Doy,Band,dband8g@usatoday.com,Male,$920853.50,263109035,PP
306,Sisely,Giggs,sgiggs8h@dion.ne.jp,Female,$328632.84,534378881,CC
307,Sandy,Kiera,skiera8i@ocn.ne.jp,Female,$117805.44,732718713,PP
308,Odell,Gellibrand,ogellibrand8j@ning.com,Male,$630936.97,934915614,CC
309,Floria,Libri,flibri8k@theatlantic.com,Female,$562614.78,276974052,PP
310,Hanan,Duffet,hduffet8l@xrea.com,Male,$989443.69,507741541,CC
311,Katherine,Blazewski,kblazewski8m@aboutads.info,Female,$649337.46,69167842,CC
312,Darbie,Husher,dhusher8n@shareasale.com,Female,$153467.69,52205620,IT
313,Ariel,Berzons,aberzons8o@ca.gov,Male,$363260.44,139566060,IT
314,Barney,Clilverd,bclilverd8p@noaa.gov,Male,$311098.65,361434073,CC
315,Anna-diane,Chimes,achimes8q@hostgator.com,Female,$820316.66,708475019,IT
316,Dougy,Hustler,dhustler8r@odnoklassniki.ru,Male,$334356.86,94514751,IT
317,Jimmie,Healings,jhealings8s@people.com.cn,Male,$471187.12,396071042,CC
318,Iggy,Baldazzi,ibaldazzi8t@edublogs.org,Male,$722438.49,571568854,CC
319,Silvanus,McAvaddy,smcavaddy8u@miitbeian.gov.cn,Male,$922769.20,199460591,IT
320,Thatch,Mixter,tmixter8v@newyorker.com,Male,$273194.11,566755618,CC
321,Prent,Blacktin,pblacktin8w@slashdot.org,Male,$582824.06,315350465,PP
322,Donn,Speere,dspeere8x@weibo.com,Male,$294747.63,775783466,PP
323,Addy,O'Hengerty,aohengerty8y@flavors.me,Female,$396243.26,49972458,CC
324,Godfree,Trevett,gtrevett8z@economist.com,Male,$143342.05,1046829372,IT
325,Aldwin,Round,around90@com.com,Male,$720274.68,553278191,CC
326,Angelina,McGillivray,amcgillivray91@geocities.jp,Female,$688984.01,928650830,CC
327,Witty,Joskovitch,wjoskovitch92@amazon.co.uk,Male,$401685.80,308714477,CC
328,Lambert,Polon,lpolon93@e-recht24.de,Male,$416803.23,319266270,PP
329,Idette,Amori,iamori94@devhub.com,Female,$893422.84,780273468,PP
330,Guinevere,Penner,gpenner95@amazon.com,Female,$620980.96,545924954,PP
331,Lexine,Guitel,lguitel96@cloudflare.com,Female,$905455.40,841382467,PP
332,Nevsa,Schwanden,nschwanden97@t-online.de,Female,$265577.31,632537637,CC
333,Roi,Arnaldy,rarnaldy98@theguardian.com,Male,$962685.67,129611769,PP
334,Ruprecht,Hanbridge,rhanbridge99@bbc.co.uk,Male,$283246.66,720283503,PP
335,Jeff,Oxbie,joxbie9a@phpbb.com,Male,$119866.59,211351071,PP
336,Chen,Cargon,ccargon9b@washington.edu,Male,$185699.72,825363468,PP
337,Hermine,Harrison,hharrison9c@imgur.com,Female,$575035.01,149873104,CC
338,Cassondra,Regina,cregina9d@feedburner.com,Female,$179769.50,860569371,PP
339,Trula,Blakeston,tblakeston9e@addtoany.com,Female,$979713.55,412430951,CC
340,Reine,Tarply,rtarply9f@facebook.com,Female,$393473.00,403319459,IT
341,Dynah,Roderick,droderick9g@cocolog-nifty.com,Female,$693546.47,355350005,IT
342,Gabriel,Briddock,gbriddock9h@hibu.com,Male,$410827.24,935643818,PP
343,Clarissa,Elliman,celliman9i@devhub.com,Female,$337027.92,911168214,CC
344,Victoria,Redington,vredington9j@photobucket.com,Female,$943275.47,1049830120,CC
345,Gwenneth,Duligall,gduligall9k@amazonaws.com,Female,$391768.42,503483751,PP
346,Aguste,Ogden,aogden9l@360.cn,Male,$244794.79,991661756,PP
347,Hasty,Whitloe,hwhitloe9m@seesaa.net,Male,$269545.68,1007171967,CC
348,Gwendolen,Dubose,gdubose9n@businessinsider.com,Female,$119942.54,586378422,IT
349,Nike,Ochiltree,nochiltree9o@omniture.com,Female,$584949.63,216163556,IT
350,Goldarina,Fennessy,gfennessy9p@chicagotribune.com,Female,$549064.04,720726377,IT
351,Ardra,Eaglen,aeaglen9q@yellowpages.com,Female,$300982.12,376774230,PP
352,Brennan,Tosspell,btosspell9r@elegantthemes.com,Male,$156595.46,943807075,PP
353,Hadrian,Laugheran,hlaugheran9s@tmall.com,Male,$729064.66,817907614,IT
354,Ikey,Kienle,ikienle9t@gov.uk,Male,$592475.44,824571533,IT
355,Hube,Stranaghan,hstranaghan9u@utexas.edu,Male,$185027.66,593269423,CC
356,Marge,Westmorland,mwestmorland9v@bloomberg.com,Female,$386216.03,414301609,CC
357,Lorne,Barron,lbarron9w@nhs.uk,Male,$445500.27,626924162,CC
358,Constantin,Peerless,cpeerless9x@scribd.com,Male,$244167.88,57589547,PP
359,Mariejeanne,McLeese,mmcleese9y@noaa.gov,Female,$907304.65,257029739,PP
360,Florentia,Fetterplace,ffetterplace9z@hud.gov,Female,$536745.28,10068009,CC
361,Dorian,Lothlorien,dlothloriena0@skype.com,Male,$604290.74,86831503,IT
362,Kiele,Wastell,kwastella1@jigsy.com,Female,$336383.19,353536853,IT
363,Guthry,Mapes,gmapesa2@intel.com,Male,$479554.79,1011971981,PP
364,Abel,Spraggon,aspraggona3@amazon.com,Male,$795999.14,82710697,CC
365,Bo,Conner,bconnera4@altervista.org,Male,$285882.80,836892506,PP
366,Carlynn,Tasseler,ctasselera5@pbs.org,Female,$657616.08,811797690,CC
367,Sandy,Attrie,sattriea6@com.com,Male,$643357.27,800736496,IT
368,Leandra,Bigadike,lbigadikea7@google.pl,Female,$595064.70,134786404,CC
369,Peyter,Newcome,pnewcomea8@studiopress.com,Male,$398398.36,405672416,IT
370,Carroll,Borsay,cborsaya9@fastcompany.com,Male,$475841.16,947696360,CC
371,Ulric,Dougharty,udoughartyaa@github.com,Male,$642699.70,316335720,CC
372,Blondy,Haking,bhakingab@foxnews.com,Female,$941405.43,213088023,CC
373,Fanchon,Vallis,fvallisac@virginia.edu,Female,$117035.67,269155344,IT
374,Virgina,Knowling,vknowlingad@yolasite.com,Female,$562015.45,546169981,IT
375,Markus,Oultram,moultramae@stanford.edu,Male,$551307.94,760452986,IT
376,Laurene,Furmedge,lfurmedgeaf@virginia.edu,Female,$742660.75,836018483,IT
377,Joletta,Giovannoni,jgiovannoniag@epa.gov,Female,$167823.57,323548226,PP
378,Kate,Coppledike,kcoppledikeah@chron.com,Female,$621631.61,648624923,CC
379,Willetta,Jiggins,wjigginsai@bloomberg.com,Female,$852746.58,532871073,IT
380,Lauretta,Eccott,leccottaj@berkeley.edu,Female,$923378.97,872576306,IT
381,Anthony,Ewenson,aewensonak@amazon.com,Male,$530345.33,885504106,PP
382,Marius,Novkovic,mnovkovical@cnet.com,Male,$874435.40,533137085,IT
383,Beth,Maciak,bmaciakam@comsenz.com,Female,$399310.14,714532036,PP
384,Britt,McAlindon,bmcalindonan@unicef.org,Male,$180491.51,825949734,PP
385,Marv,Northwood,mnorthwoodao@reddit.com,Male,$743085.53,1039790594,PP
386,Wald,Cormode,wcormodeap@goodreads.com,Male,$424694.57,55046348,CC
387,Bar,Nabarro,bnabarroaq@virginia.edu,Male,$915155.11,837033031,CC
388,Dael,Sandilands,dsandilandsar@yandex.ru,Male,$702327.02,34436975,PP
389,Erin,Demer,edemeras@unblog.fr,Female,$869745.97,760030620,PP
390,Adam,Nail,anailat@skyrock.com,Male,$615045.31,525390960,PP
391,Rochelle,Dranfield,rdranfieldau@studiopress.com,Female,$677136.38,734132029,IT
392,Ermanno,Nurny,enurnyav@utexas.edu,Male,$195150.96,542563973,PP
393,Craig,Kevane,ckevaneaw@rakuten.co.jp,Male,$230384.23,531423581,CC
394,Francklin,Tookey,ftookeyax@umich.edu,Male,$581387.20,494650823,IT
395,Kin,Sothern,ksothernay@devhub.com,Male,$637834.30,874705490,IT
396,Eb,Row,erowaz@freewebs.com,Male,$588650.67,365926128,IT
397,Berkley,Dailly,bdaillyb0@bizjournals.com,Male,$532567.09,645828601,IT
398,Jeffrey,Pirelli,jpirellib1@go.com,Male,$237371.79,269375201,IT
399,Garik,Bohman,gbohmanb2@elegantthemes.com,Male,$628359.63,266568337,CC
400,Kipp,Astley,kastleyb3@deliciousdays.com,Male,$786422.71,243628944,PP
401,Jean,Hollindale,jhollindaleb4@kickstarter.com,Female,$538783.58,1042645071,IT
402,Tris,Ollington,tollingtonb5@mysql.com,Male,$134151.59,846875006,PP
403,Silvana,Ongin,songinb6@narod.ru,Female,$134685.12,930455860,PP
404,Errick,Hinstock,ehinstockb7@go.com,Male,$695146.28,570237380,IT
405,Donnajean,Isakson,disaksonb8@amazon.co.jp,Female,$558841.50,746150274,PP
406,Bernie,Lory,bloryb9@yelp.com,Male,$807324.36,542366192,PP
407,Jeanette,Billingsly,jbillingslyba@phoca.cz,Female,$802685.38,333516464,IT
408,Sanson,Osselton,sosseltonbb@cbslocal.com,Male,$582567.98,317953974,PP
409,Haskell,Parrot,hparrotbc@washingtonpost.com,Male,$120612.53,389293852,IT
410,Veronica,Almeida,valmeidabd@eventbrite.com,Female,$125636.94,993385483,PP
411,Henry,Troillet,htroilletbe@g.co,Male,$364995.72,440488118,CC
412,Isabelita,Kausche,ikauschebf@disqus.com,Female,$244551.33,890009043,IT
413,Fidelio,Enoch,fenochbg@infoseek.co.jp,Male,$926454.51,754237074,PP
414,Jessamyn,Peaurt,jpeaurtbh@paypal.com,Female,$485753.80,226546828,IT
415,Lorita,Itzkovich,litzkovichbi@howstuffworks.com,Female,$687631.90,97347780,PP
416,Athena,Jerisch,ajerischbj@163.com,Female,$635384.30,1005873255,CC
417,Gregorius,Cupitt,gcupittbk@hp.com,Male,$615190.48,973551072,IT
418,Keir,Dik,kdikbl@cam.ac.uk,Male,$619690.96,967394061,CC
419,Maren,Zumbusch,mzumbuschbm@tumblr.com,Female,$346505.16,181557064,CC
420,L;urette,Bart,lbartbn@archive.org,Female,$528163.28,932968262,PP
421,Jena,Minchenton,jminchentonbo@altervista.org,Female,$477567.09,693405944,PP
422,Elsinore,Keenlayside,ekeenlaysidebp@newyorker.com,Female,$614541.17,578247834,CC
423,Querida,Eastwood,qeastwoodbq@apple.com,Female,$423211.74,619885450,IT
424,Mallorie,Chessel,mchesselbr@gmpg.org,Female,$278553.23,313666863,PP
425,Milicent,Durant,mdurantbs@posterous.com,Female,$691156.74,215462526,IT
426,Lorrie,Willbond,lwillbondbt@uiuc.edu,Female,$834244.31,126537606,IT
427,Cybil,Beebis,cbeebisbu@state.gov,Female,$811908.86,798312768,CC
428,Willi,Pauletti,wpaulettibv@bravesites.com,Male,$302385.12,480993062,CC
429,Karen,Hussell,khussellbw@elegantthemes.com,Female,$239101.49,1000197230,IT
430,Lodovico,Arndell,larndellbx@smugmug.com,Male,$205204.68,378294141,IT
431,Stormi,Whiteway,swhitewayby@dell.com,Female,$385503.97,644816573,CC
432,Eugenia,Ashplant,eashplantbz@latimes.com,Female,$821326.67,830318067,PP
433,Jules,Extance,jextancec0@multiply.com,Male,$875379.87,674583070,IT
434,Dalli,Arnout,darnoutc1@studiopress.com,Male,$159387.91,339904916,PP
435,Eldon,Antoshin,eantoshinc2@hc360.com,Male,$583592.52,767316878,IT
436,Maddy,Benyan,mbenyanc3@mapquest.com,Female,$891302.84,1011324284,PP
437,Maddalena,Mantram,mmantramc4@nsw.gov.au,Female,$927447.97,379633934,CC
438,Cyndi,Thon,cthonc5@taobao.com,Female,$504490.72,269182768,IT
439,Gizela,McGann,gmcgannc6@cnbc.com,Female,$119559.14,696101862,CC
440,Jonathan,Sudy,jsudyc7@infoseek.co.jp,Male,$987479.54,801614645,CC
441,Bevan,Gadsden,bgadsdenc8@ezinearticles.com,Male,$695638.66,46432235,CC
442,Forster,Yearby,fyearbyc9@webmd.com,Male,$993417.96,969291652,IT
443,Kirstin,Marcone,kmarconeca@ovh.net,Female,$574535.95,503106903,CC
444,Brittaney,Noore,bnoorecb@shareasale.com,Female,$668703.25,932294703,PP
445,Josee,Krollman,jkrollmancc@sogou.com,Female,$548871.69,954649982,PP
446,Willa,Gonzalvo,wgonzalvocd@indiatimes.com,Female,$348305.35,230017854,IT
447,Price,Stathers,pstathersce@mail.ru,Male,$848718.42,487424911,IT
448,Kass,Cantrell,kcantrellcf@foxnews.com,Female,$853605.83,479942452,CC
449,Elyse,Mowbury,emowburycg@meetup.com,Female,$112208.13,318508336,PP
450,Adora,Claypoole,aclaypoolech@histats.com,Female,$642028.54,906729730,PP
451,Ivy,Blackmoor,iblackmoorci@admin.ch,Female,$382575.81,716003600,PP
452,Sibylla,Prodrick,sprodrickcj@thetimes.co.uk,Female,$699640.17,762624995,IT
453,Jud,Domokos,jdomokosck@yahoo.co.jp,Male,$216538.95,599307576,PP
454,Lauren,Picton,lpictoncl@wikimedia.org,Male,$878979.44,583889963,IT
455,Upton,Genny,ugennycm@cafepress.com,Male,$216371.49,647257387,CC
456,Ileana,Truluck,itruluckcn@alibaba.com,Female,$869027.04,431602260,CC
457,Anatola,Hessay,ahessayco@telegraph.co.uk,Female,$387787.36,971997445,PP
458,Hurleigh,Oaten,hoatencp@ning.com,Male,$214418.44,356806998,CC
459,Tobe,Spybey,tspybeycq@printfriendly.com,Male,$540630.40,631088742,CC
460,Patton,Krier,pkriercr@mozilla.org,Male,$189775.55,539915839,PP
461,Barry,Yurin,byurincs@earthlink.net,Female,$336116.21,217000565,IT
462,Wilfrid,Angliss,wanglissct@google.co.uk,Male,$405919.18,509529464,IT
463,Yorker,Attwill,yattwillcu@prlog.org,Male,$753496.39,1037749284,CC
464,Nelli,Ruprechter,nruprechtercv@ehow.com,Female,$600458.32,382811339,PP
465,Herrick,Feare,hfearecw@etsy.com,Male,$402549.51,610051520,IT
466,Marlane,Sahnow,msahnowcx@sohu.com,Female,$103202.87,1002840186,CC
467,Claudell,Skelington,cskelingtoncy@craigslist.org,Male,$511971.50,871276715,CC
468,Marla,Purnell,mpurnellcz@privacy.gov.au,Female,$221483.32,153847773,PP
469,Yale,Thomasset,ythomassetd0@google.ca,Male,$781289.10,439336007,PP
470,Hube,Mardall,hmardalld1@icio.us,Male,$179457.01,753976920,CC
471,Demetre,Van Driel,dvandrield2@vk.com,Male,$870993.14,597735716,CC
472,Kordula,Driutti,kdriuttid3@squarespace.com,Female,$345430.14,536639302,CC
473,Brooks,Elby,belbyd4@privacy.gov.au,Male,$143203.65,208182739,IT
474,Basilio,Pocklington,bpocklingtond5@lulu.com,Male,$804595.63,795655414,PP
475,Sonja,Rubenov,srubenovd6@statcounter.com,Female,$642862.44,416819521,IT
476,Sherry,Merrington,smerringtond7@nature.com,Female,$818294.70,331358106,PP
477,Helaina,Flanne,hflanned8@guardian.co.uk,Female,$893069.92,34988629,IT
478,Crista,Comerford,ccomerfordd9@qq.com,Female,$395154.47,769653327,IT
479,Dimitri,Pooke,dpookeda@mac.com,Male,$481461.08,178478674,PP
480,Isidora,Greengrass,igreengrassdb@vinaora.com,Female,$905128.05,85892136,CC
481,Mayer,MacKimmie,mmackimmiedc@vkontakte.ru,Male,$250081.56,19380222,CC
482,Bianca,Defau,bdefaudd@smugmug.com,Female,$683848.94,961004762,PP
483,Ax,Goodfield,agoodfieldde@nyu.edu,Male,$926378.21,214094443,IT
484,Trudi,Oby,tobydf@huffingtonpost.com,Female,$600422.84,353402443,IT
485,Howie,Biddle,hbiddledg@go.com,Male,$907337.23,722194653,CC
486,Josi,Galley,jgalleydh@seattletimes.com,Female,$485961.64,980248148,CC
487,Morna,Greet,mgreetdi@sogou.com,Female,$367486.40,360898680,PP
488,Dulcinea,Edinburough,dedinburoughdj@stumbleupon.com,Female,$801016.84,473068124,IT
489,Dov,Dana,ddanadk@reference.com,Male,$517069.38,1011768298,CC
490,Adolph,Crosier,acrosierdl@weather.com,Male,$955724.52,202515520,CC
491,Niall,Bigglestone,nbigglestonedm@diigo.com,Male,$457218.38,218918844,PP
492,Orrin,Sahlstrom,osahlstromdn@flickr.com,Male,$709476.79,445990028,CC
493,Cole,Smeeton,csmeetondo@wunderground.com,Male,$953194.37,61734622,PP
494,Maryrose,Skillern,mskillerndp@issuu.com,Female,$973227.62,606261910,PP
495,Rakel,Daleman,rdalemandq@posterous.com,Female,$302894.92,469734960,CC
496,Bertine,Goodwill,bgoodwilldr@bigcartel.com,Female,$306300.40,726163619,IT
497,Bernadine,Embling,bemblingds@archive.org,Female,$269605.56,169761178,PP
498,Kala,Stoeckle,kstoeckledt@google.com,Female,$415521.57,1047798716,PP
499,Marsiella,Capineer,mcapineerdu@so-net.ne.jp,Female,$372002.41,128715709,PP
500,Franciskus,De Bruyne,fdebruynedv@squidoo.com,Male,$442274.76,659469393,PP
501,Wolf,Spare,wsparedw@ted.com,Male,$486850.39,1018741085,PP
502,Gannie,Patnelli,gpatnellidx@youtu.be,Male,$672841.46,873394923,IT
503,Wallache,Lortz,wlortzdy@fotki.com,Male,$756571.78,910941599,IT
504,Chase,Ruffell,cruffelldz@linkedin.com,Male,$347162.94,1036373051,CC
505,Harriette,Errichelli,herrichellie0@yandex.ru,Female,$775033.29,836161485,CC
506,Korey,Hansana,khansanae1@tamu.edu,Male,$878548.88,334324133,IT
507,Carolyne,Frend,cfrende2@so-net.ne.jp,Female,$829256.54,212779313,PP
508,Mitchel,Ralestone,mralestonee3@canalblog.com,Male,$958557.19,55766321,PP
509,Lorelei,Rabidge,lrabidgee4@a8.net,Female,$841293.49,405512610,PP
510,Griff,D'Aeth,gdaethe5@ycombinator.com,Male,$655997.07,561920887,IT
511,Merry,Etock,metocke6@scientificamerican.com,Female,$510431.04,962224671,CC
512,Sinclare,Fosberry,sfosberrye7@guardian.co.uk,Male,$340277.08,222706022,CC
513,Yorgos,Cescoti,ycescotie8@marriott.com,Male,$592040.47,942077615,IT
514,Michel,Rizzardo,mrizzardoe9@dyndns.org,Male,$753544.35,280826375,PP
515,Gunner,Levay,glevayea@bravesites.com,Male,$388580.33,711624480,CC
516,Therine,Slegg,tsleggeb@myspace.com,Female,$865557.42,695072078,IT
517,Norby,Winckworth,nwinckworthec@google.com.au,Male,$637680.24,403226207,CC
518,Marys,Babington,mbabingtoned@youku.com,Female,$233904.15,909229334,IT
519,Jolene,Dondon,jdondonee@mozilla.org,Female,$375127.02,163852377,IT
520,Weston,Ragbourne,wragbourneef@senate.gov,Male,$598323.52,726250679,IT
521,Henrik,Tokell,htokelleg@soundcloud.com,Male,$619557.55,678534876,PP
522,Baron,Lighton,blightoneh@smh.com.au,Male,$762569.16,196113019,PP
523,Paddie,Pepper,ppepperei@vkontakte.ru,Male,$826194.35,76308524,PP
524,Corabella,Cough,ccoughej@deviantart.com,Female,$353825.02,258609472,CC
525,Rafael,Tavner,rtavnerek@nyu.edu,Male,$513897.43,730069666,PP
526,Wynn,Shildrake,wshildrakeel@washington.edu,Female,$504648.02,701724860,PP
527,Barnie,Dormer,bdormerem@engadget.com,Male,$604838.50,415774623,PP
528,Didi,Houtbie,dhoutbieen@sphinn.com,Female,$116744.65,255777628,IT
529,Loutitia,Fawdry,lfawdryeo@youtube.com,Female,$409956.97,1007773266,PP
530,Nappy,Catherine,ncatherineep@istockphoto.com,Male,$917402.08,646805556,IT
531,Keeley,Brigshaw,kbrigshaweq@theglobeandmail.com,Female,$245408.09,120107128,IT
532,Ardene,McGirl,amcgirler@hubpages.com,Female,$758018.22,563838052,PP
533,Almeta,Mouat,amouates@wunderground.com,Female,$281587.66,268295170,IT
534,Alain,Ayling,aaylinget@geocities.com,Male,$765397.99,561782483,PP
535,Martie,Jozefczak,mjozefczakeu@examiner.com,Female,$929369.22,804800179,IT
536,Angelica,Koubek,akoubekev@bbb.org,Female,$924981.95,46125988,IT
537,Ric,Eichmann,reichmannew@macromedia.com,Male,$747004.10,275450228,PP
538,Jacquette,Simon,jsimonex@youtube.com,Female,$456562.75,137884742,PP
539,Di,Millership,dmillershipey@nasa.gov,Female,$794341.81,230002830,PP
540,Briana,McCarney,bmccarneyez@github.com,Female,$338994.91,969666792,IT
541,Julian,Letertre,jletertref0@reverbnation.com,Male,$259787.46,210746684,IT
542,Adelbert,Sands-Allan,asandsallanf1@latimes.com,Male,$274556.03,37916017,IT
543,Erl,Savatier,esavatierf2@livejournal.com,Male,$517602.65,486126971,IT
544,Frasco,Renowden,frenowdenf3@hugedomains.com,Male,$423946.35,34797869,PP
545,Philipa,Bonafant,pbonafantf4@desdev.cn,Female,$394755.04,997114317,CC
546,Darell,Lakey,dlakeyf5@a8.net,Female,$815963.30,405820736,PP
547,Giacopo,Hassen,ghassenf6@over-blog.com,Male,$685270.29,639354224,PP
548,Danielle,Spensly,dspenslyf7@comsenz.com,Female,$262272.86,552424079,PP
549,Jdavie,Biggans,jbiggansf8@edublogs.org,Male,$354558.59,936271284,CC
550,Arlee,Cutchey,acutcheyf9@is.gd,Female,$915389.71,678140466,CC
551,Darell,Beach,dbeachfa@edublogs.org,Female,$469712.21,958617471,PP
552,Corinne,Seabridge,cseabridgefb@tripod.com,Female,$145217.28,635134013,IT
553,Yard,Nizard,ynizardfc@sourceforge.net,Male,$272535.32,666722906,CC
554,Sheridan,Le Moucheux,slemoucheuxfd@biblegateway.com,Male,$517101.55,830225946,CC
555,Shea,Learoyde,slearoydefe@trellian.com,Male,$432996.16,828252777,PP
556,Gusty,Deboick,gdeboickff@soundcloud.com,Female,$327174.19,394047959,PP
557,Nicko,Keavy,nkeavyfg@kickstarter.com,Male,$256648.17,589503663,CC
558,Morgan,Loseke,mlosekefh@trellian.com,Female,$489867.98,461856956,CC
559,Jessamine,Cheale,jchealefi@hatena.ne.jp,Female,$835899.53,859969822,IT
560,Frants,Nurden,fnurdenfj@google.it,Male,$521691.90,710550091,IT
561,Lelia,Coslitt,lcoslittfk@google.pl,Female,$977245.21,121919128,IT
562,Morgan,Bladon,mbladonfl@gmpg.org,Female,$187610.09,817426454,IT
563,Niel,Olpin,nolpinfm@aol.com,Male,$588871.39,511451543,PP
564,Corrianne,Amiranda,camirandafn@youtube.com,Female,$353467.95,671118988,PP
565,Maren,Wasbrough,mwasbroughfo@opensource.org,Female,$341891.40,835078334,PP
566,Christalle,Eccleshall,ceccleshallfp@csmonitor.com,Female,$231103.70,827987909,IT
567,Thaxter,Everington,teveringtonfq@sakura.ne.jp,Male,$875056.96,709044441,PP
568,Lorene,Moodie,lmoodiefr@themeforest.net,Female,$351036.68,937916107,PP
569,Loy,Nelius,lneliusfs@yahoo.com,Male,$556067.21,818873723,IT
570,Sayre,Daveridge,sdaveridgeft@google.fr,Female,$197841.87,327358336,CC
571,Jecho,Gye,jgyefu@shinystat.com,Male,$937317.62,663625197,CC
572,Kara-lynn,Dukesbury,kdukesburyfv@nationalgeographic.com,Female,$174526.93,721902951,CC
573,Adriena,Gwilt,agwiltfw@google.es,Female,$175566.04,607718207,PP
574,Devonna,Hymers,dhymersfx@diigo.com,Female,$855272.80,289016100,IT
575,Basil,Banham,bbanhamfy@newyorker.com,Male,$646931.73,609006988,PP
576,Spencer,Treamayne,streamaynefz@amazon.de,Male,$641842.61,881926091,CC
577,Viva,Boleyn,vboleyng0@naver.com,Female,$580220.17,335583399,CC
578,Mitchell,Beilby,mbeilbyg1@ucsd.edu,Male,$700710.68,1003654102,CC
579,Brandais,Christopherson,bchristophersong2@un.org,Female,$976426.48,829257236,CC
580,Alfie,Bwye,abwyeg3@wired.com,Female,$657349.41,873900373,CC
581,Jammal,Sancraft,jsancraftg4@gov.uk,Male,$782304.27,519430054,IT
582,Francisca,Such,fsuchg5@gizmodo.com,Female,$909597.89,143525012,CC
583,Bradan,Musk,bmuskg6@forbes.com,Male,$521648.11,424364751,PP
584,Merrick,Bruna,mbrunag7@tinypic.com,Male,$622023.98,701911331,PP
585,Baxy,Moulsdale,bmoulsdaleg8@tumblr.com,Male,$748814.53,323546697,CC
586,Jasmina,Durtnal,jdurtnalg9@hatena.ne.jp,Female,$494717.65,115252753,IT
587,Elston,Fricker,efrickerga@cbslocal.com,Male,$776340.22,295627179,CC
588,Delly,Batterbee,dbatterbeegb@joomla.org,Female,$748975.86,217071293,CC
589,Lonni,Mathet,lmathetgc@tripod.com,Female,$133505.41,329376164,IT
590,Mirna,Krollman,mkrollmangd@wp.com,Female,$811380.18,908963044,CC
591,Biddie,Whitesel,bwhiteselge@arizona.edu,Female,$573824.38,695493872,PP
592,Terrijo,Handyside,thandysidegf@pinterest.com,Female,$796628.85,349464965,PP
593,Burg,Gouldie,bgouldiegg@webs.com,Male,$591289.91,985593308,CC
594,Jolee,Garlinge,jgarlingegh@npr.org,Female,$746565.26,516607028,CC
595,Rick,Giovani,rgiovanigi@jiathis.com,Male,$559116.34,522779955,CC
596,Rodina,Rhymer,rrhymergj@storify.com,Female,$448986.47,511148093,CC
597,Giffie,Simioli,gsimioligk@bizjournals.com,Male,$119627.63,211009631,IT
598,Sarena,D'eye,sdeyegl@furl.net,Female,$536417.03,188485936,CC
599,Estrella,Scholar,escholargm@timesonline.co.uk,Female,$305901.22,202115916,IT
600,Chelsea,McWhorter,cmcwhortergn@dagondesign.com,Female,$660084.31,501481261,CC
601,Westleigh,McGavigan,wmcgavigango@bigcartel.com,Male,$532410.57,283429712,IT
602,Gareth,Fogg,gfogggp@nationalgeographic.com,Male,$133503.48,675828420,PP
603,Mureil,Dobble,mdobblegq@vistaprint.com,Female,$768314.97,342491187,PP
604,Beau,Shaw,bshawgr@zdnet.com,Male,$793480.00,1028200585,PP
605,Chadd,Sell,csellgs@instagram.com,Male,$416918.55,934941492,CC
606,Becka,Henfre,bhenfregt@telegraph.co.uk,Female,$161715.98,117618752,PP
607,Carla,Lorenzetto,clorenzettogu@berkeley.edu,Female,$430444.97,1044106273,IT
608,Anita,Pick,apickgv@ftc.gov,Female,$748223.47,274846487,IT
609,Kellen,Lytle,klytlegw@1688.com,Female,$801284.19,71192251,PP
610,Kipp,Antonioni,kantonionigx@deliciousdays.com,Male,$220201.61,146884109,CC
611,Rennie,Girdlestone,rgirdlestonegy@example.com,Female,$184410.45,326393667,IT
612,Ari,Toppin,atoppingz@webeden.co.uk,Male,$534188.95,827823844,PP
613,Carlie,Heaseman,cheasemanh0@craigslist.org,Female,$466253.06,938257021,IT
614,Shalne,Baistow,sbaistowh1@wsj.com,Female,$929436.31,162763234,CC
615,Katharina,Tiley,ktileyh2@illinois.edu,Female,$651159.14,345806305,PP
616,Claudius,Shervington,cshervingtonh3@tripadvisor.com,Male,$847229.87,235143791,CC
617,Hillier,Daynter,hdaynterh4@facebook.com,Male,$141972.28,702877944,CC
618,Linnea,Shorte,lshorteh5@gizmodo.com,Female,$379278.40,133934253,CC
619,Dukie,Broad,dbroadh6@eepurl.com,Male,$137287.95,108577491,PP
620,Janette,Crafter,jcrafterh7@123-reg.co.uk,Female,$559740.84,157068206,CC
621,Maryanne,Cortez,mcortezh8@paypal.com,Female,$108095.08,173326002,PP
622,Christiane,Dayes,cdayesh9@usda.gov,Female,$178886.39,318703680,CC
623,Stan,Casale,scasaleha@uiuc.edu,Male,$969893.18,103760091,IT
624,Jeri,Arkwright,jarkwrighthb@goo.gl,Female,$778583.10,838611473,IT
625,Hurleigh,Garret,hgarrethc@apple.com,Male,$548187.13,816234196,CC
626,Fredia,Strete,fstretehd@tripadvisor.com,Female,$476011.19,593013665,CC
627,Ola,Dwight,odwighthe@cbslocal.com,Female,$668318.15,920904643,PP
628,Selestina,Tennick,stennickhf@wikispaces.com,Female,$292482.36,377198664,PP
629,Nanete,Rymer,nrymerhg@cdc.gov,Female,$294935.53,8507616,PP
630,Lavena,Maystone,lmaystonehh@yellowbook.com,Female,$561575.31,643238798,CC
631,Madelyn,Kemish,mkemishhi@engadget.com,Female,$794871.53,15071849,CC
632,Stearn,Worvill,sworvillhj@vimeo.com,Male,$427477.29,309829131,CC
633,Kittie,Croce,kcrocehk@ezinearticles.com,Female,$704513.79,131308819,IT
634,Jo,Wardrop,jwardrophl@bizjournals.com,Male,$732152.82,425570918,IT
635,Barrett,Whooley,bwhooleyhm@blogtalkradio.com,Male,$325698.89,421506515,PP
636,Sargent,Dur,sdurhn@boston.com,Male,$556130.48,684216876,IT
637,Gayleen,Imeson,gimesonho@163.com,Female,$372709.89,798631884,PP
638,Chev,Sommerly,csommerlyhp@netscape.com,Male,$562022.37,715500449,PP
639,Care,Tuting,ctutinghq@pcworld.com,Male,$442250.21,220690018,CC
640,Karalee,Stetson,kstetsonhr@technorati.com,Female,$282074.25,769682499,CC
641,Alvina,Brendel,abrendelhs@springer.com,Female,$370117.66,959429389,IT
642,Honey,Matt,hmattht@behance.net,Female,$407836.70,851605491,IT
643,Berta,Tinsley,btinsleyhu@mapy.cz,Female,$657587.38,321916700,CC
644,Janeczka,Maylour,jmaylourhv@bandcamp.com,Female,$686480.40,5384425,IT
645,Tonya,Muttitt,tmuttitthw@stumbleupon.com,Female,$340590.43,1027541141,CC
646,Sheeree,Robus,srobushx@disqus.com,Female,$245496.71,407102826,IT
647,Milton,Warby,mwarbyhy@chron.com,Male,$689814.69,45995852,CC
648,Evan,McClinton,emcclintonhz@smugmug.com,Male,$442301.86,669412698,CC
649,Levy,Rajchert,lrajcherti0@hp.com,Male,$963219.66,897587218,CC
650,Kerstin,Warbeys,kwarbeysi1@wsj.com,Female,$304850.04,664030295,PP
651,Wilburt,Leeming,wleemingi2@answers.com,Male,$685974.59,920857359,IT
652,Annabella,Handrock,ahandrocki3@pagesperso-orange.fr,Female,$563982.26,311743666,CC
653,Karylin,Reddish,kreddishi4@netscape.com,Female,$216218.38,240234717,PP
654,Ravi,Airdrie,rairdriei5@house.gov,Male,$835161.84,461464814,PP
655,Dido,Willcock,dwillcocki6@youtube.com,Female,$743971.53,954497951,PP
656,Rickie,Rixon,rrixoni7@discuz.net,Male,$484084.22,441279271,PP
657,Ximenes,Dedenham,xdedenhami8@unc.edu,Male,$154213.99,194613384,PP
658,Tabitha,Longmore,tlongmorei9@boston.com,Female,$643063.34,744227766,IT
659,Christal,Moncur,cmoncuria@ca.gov,Female,$207111.76,697912299,PP
660,Chicky,Eschalette,ceschaletteib@shop-pro.jp,Male,$539660.00,709959750,IT
661,Brina,Binns,bbinnsic@illinois.edu,Female,$791662.23,969308332,PP
662,Yehudit,Pearsall,ypearsallid@twitter.com,Male,$322064.19,533492500,PP
663,Taite,McQuirter,tmcquirterie@loc.gov,Male,$829496.10,532107794,IT
664,Filberte,Ximenez,fximenezif@taobao.com,Male,$205366.85,145318717,CC
665,Dwayne,Syers,dsyersig@answers.com,Male,$742247.42,215760254,IT
666,Joannes,Hazeltine,jhazeltineih@chicagotribune.com,Female,$810247.92,951812805,PP
667,Pat,Minney,pminneyii@nytimes.com,Female,$791178.37,558142496,PP
668,Engracia,Braim,ebraimij@mit.edu,Female,$883603.62,637627682,PP
669,Creighton,Seyffert,cseyffertik@aboutads.info,Male,$262270.85,274748910,IT
670,Donella,Songer,dsongeril@icio.us,Female,$627587.49,902832563,IT
671,Carola,Merrydew,cmerrydewim@hexun.com,Female,$699325.99,621044586,IT
672,Webster,Wassung,wwassungin@hhs.gov,Male,$403679.83,53731155,IT
673,Raphaela,Claridge,rclaridgeio@alexa.com,Female,$655867.04,974657958,CC
674,Essy,Pimer,epimerip@indiatimes.com,Female,$510733.98,676173547,CC
675,Kalvin,Crayton,kcraytoniq@biglobe.ne.jp,Male,$368607.13,678922251,CC
676,Angel,Matusov,amatusovir@odnoklassniki.ru,Female,$521752.90,677695971,PP
677,Vergil,Freer,vfreeris@miibeian.gov.cn,Male,$144471.78,182757701,CC
678,Judah,Baggallay,jbaggallayit@nifty.com,Male,$676296.75,236995458,CC
679,Rodger,Rolfe,rrolfeiu@marketwatch.com,Male,$307081.52,716300740,PP
680,Nonah,Heinzler,nheinzleriv@godaddy.com,Female,$847575.88,49094150,PP
681,Tim,Dymick,tdymickiw@msn.com,Female,$159045.11,188422201,CC
682,Lark,Teague,lteagueix@about.com,Female,$575715.26,932442504,IT
683,Benjie,Haggerstone,bhaggerstoneiy@stanford.edu,Male,$549374.93,826219430,CC
684,Carny,Farrimond,cfarrimondiz@zimbio.com,Male,$464166.64,386373295,IT
685,Web,Sumner,wsumnerj0@hc360.com,Male,$253248.07,1019806149,IT
686,Cesaro,Duetsche,cduetschej1@usgs.gov,Male,$333234.54,889445847,CC
687,Leta,Elstow,lelstowj2@eepurl.com,Female,$573614.06,61518096,IT
688,Micaela,O' Lone,molonej3@ebay.co.uk,Female,$785257.35,1033195313,PP
689,Adelaida,Havercroft,ahavercroftj4@kickstarter.com,Female,$518956.30,600176948,IT
690,Bartlett,O' Bee,bobeej5@wisc.edu,Male,$207909.88,517426427,CC
691,Hubert,Durrant,hdurrantj6@squarespace.com,Male,$885766.35,746320374,PP
692,Wandie,Dawkes,wdawkesj7@multiply.com,Female,$423312.79,973384168,CC
693,Lars,Venart,lvenartj8@who.int,Male,$503078.93,137328994,CC
694,Willdon,De Beauchamp,wdebeauchampj9@weather.com,Male,$100558.87,395717514,IT
695,Coretta,Ivimy,civimyja@ebay.co.uk,Female,$789341.27,219888118,PP
696,Henrietta,Shafto,hshaftojb@blinklist.com,Female,$338503.82,376745065,CC
697,Nellie,Petrescu,npetrescujc@sina.com.cn,Female,$625644.40,985249490,PP
698,Rozamond,Prop,rpropjd@squarespace.com,Female,$934672.89,514134737,PP
699,Dedra,Marson,dmarsonje@blogspot.com,Female,$746091.66,659562580,IT
700,Justen,Sneesbie,jsneesbiejf@phoca.cz,Male,$321598.87,23821067,PP
701,Gwendolyn,Berka,gberkajg@comcast.net,Female,$672345.10,968860469,PP
702,Keriann,Biddle,kbiddlejh@toplist.cz,Female,$228557.96,203495902,PP
703,Bambi,Ventum,bventumji@unc.edu,Female,$112011.62,809448198,PP
704,Francois,Sidebottom,fsidebottomjj@so-net.ne.jp,Male,$352028.81,701910567,PP
705,Montague,Cullingworth,mcullingworthjk@woothemes.com,Male,$141301.35,456593239,IT
706,Niko,Davidov,ndavidovjl@xinhuanet.com,Male,$925311.33,782480026,PP
707,Miran,Kermott,mkermottjm@booking.com,Female,$268740.26,199675819,PP
708,Nariko,Auton,nautonjn@tuttocitta.it,Female,$218491.32,840441431,IT
709,Dexter,Broek,dbroekjo@ucoz.com,Male,$715113.41,591423761,PP
710,Onofredo,Elston,oelstonjp@sun.com,Male,$647640.00,653394945,IT
711,Harlen,Pothbury,hpothburyjq@unblog.fr,Male,$319985.89,136794679,IT
712,Frayda,Bidwell,fbidwelljr@illinois.edu,Female,$153305.20,25054546,IT
713,Starlene,Bointon,sbointonjs@ezinearticles.com,Female,$299253.70,385912366,IT
714,Filide,Ziemecki,fziemeckijt@nsw.gov.au,Female,$252358.20,201676268,IT
715,Efrem,Hover,ehoverju@vistaprint.com,Male,$676646.19,948050591,IT
716,Ahmed,Dunsleve,adunslevejv@intel.com,Male,$929848.81,1019188250,PP
717,Margi,Jean,mjeanjw@barnesandnoble.com,Female,$870247.44,1029781873,IT
718,Cam,Mitham,cmithamjx@free.fr,Female,$315003.59,1031052459,PP
719,Wolfy,Braybrooke,wbraybrookejy@vkontakte.ru,Male,$332741.36,305274218,CC
720,Elliott,Hammant,ehammantjz@technorati.com,Male,$129387.92,6403786,IT
721,Fidelio,Standish,fstandishk0@examiner.com,Male,$575601.90,22611030,CC
722,Eddie,Ivory,eivoryk1@ask.com,Male,$761558.59,968880814,PP
723,Bernardine,Spirritt,bspirrittk2@auda.org.au,Female,$569262.68,613180324,CC
724,Elspeth,Di Francesco,edifrancescok3@google.pl,Female,$323832.94,563531313,IT
725,Aristotle,Werndly,awerndlyk4@example.com,Male,$782210.52,107945394,IT
726,Aguie,Neate,aneatek5@chronoengine.com,Male,$770793.26,381666897,IT
727,Barnard,Morrell,bmorrellk6@marketwatch.com,Male,$726428.52,587509951,PP
728,Kristo,Attrey,kattreyk7@ycombinator.com,Male,$685481.27,792435548,CC
729,Candida,Neno,cnenok8@cam.ac.uk,Female,$896531.96,1022650751,PP
730,Bernadene,Kinghorne,bkinghornek9@amazon.co.uk,Female,$747235.32,227077332,PP
731,Ambrosi,Abelovitz,aabelovitzka@163.com,Male,$483116.01,631726577,CC
732,Ariel,Lucks,aluckskb@360.cn,Male,$572573.81,765941037,PP
733,Keelia,Adamov,kadamovkc@nba.com,Female,$568419.57,505078236,CC
734,Maud,Verdun,mverdunkd@goo.ne.jp,Female,$305033.91,846227835,CC
735,Amanda,Jenkin,ajenkinke@washingtonpost.com,Female,$906180.57,39734979,IT
736,Garvin,Rolfs,grolfskf@google.co.uk,Male,$599638.08,907029690,CC
737,Doretta,Avrahamof,davrahamofkg@t-online.de,Female,$688449.18,1004650982,IT
738,Rowney,Wagon,rwagonkh@bloglovin.com,Male,$758416.46,479423100,IT
739,Gena,Elman,gelmanki@yelp.com,Female,$996467.89,461403450,PP
740,Reed,Shawcross,rshawcrosskj@omniture.com,Male,$181169.18,1027816028,PP
741,Tomas,Shalders,tshalderskk@google.de,Male,$118508.04,48078482,IT
742,Giffard,Gowrie,ggowriekl@slideshare.net,Male,$298294.43,183751387,IT
743,Alf,Durbyn,adurbynkm@opensource.org,Male,$763408.40,506897918,CC
744,Iago,Bartolacci,ibartolaccikn@de.vu,Male,$546081.86,127410984,IT
745,Wash,Zeal,wzealko@w3.org,Male,$908452.10,50447247,PP
746,Benni,Sperski,bsperskikp@purevolume.com,Female,$370095.40,91360769,CC
747,Judon,Thews,jthewskq@hatena.ne.jp,Male,$563408.24,372446517,IT
748,Nettie,Rosenfelder,nrosenfelderkr@tuttocitta.it,Female,$200320.32,127088797,CC
749,Scott,Rojel,srojelks@smh.com.au,Male,$395990.20,610403337,IT
750,Isidoro,Gasking,igaskingkt@japanpost.jp,Male,$117745.48,897571288,CC
751,Markos,Wathey,mwatheyku@uol.com.br,Male,$968629.39,27638524,IT
752,Cozmo,Lagneaux,clagneauxkv@multiply.com,Male,$305732.50,471173490,PP
753,Justina,Kocher,jkocherkw@howstuffworks.com,Female,$263365.64,876984880,PP
754,Henka,Earwaker,hearwakerkx@china.com.cn,Female,$786021.91,976528338,PP
755,Morlee,Denning,mdenningky@tinypic.com,Male,$461226.03,606050386,CC
756,Lora,Spur,lspurkz@auda.org.au,Female,$750831.49,274297074,CC
757,Winonah,Ginner,wginnerl0@techcrunch.com,Female,$385625.64,95443050,CC
758,Latia,Di Ruggiero,ldiruggierol1@prweb.com,Female,$606540.18,809917190,IT
759,Alie,Wakeling,awakelingl2@biglobe.ne.jp,Female,$351866.92,423593765,PP
760,Emili,Boulter,eboulterl3@feedburner.com,Female,$332916.13,824401364,CC
761,Dickie,Mulhill,dmulhilll4@opera.com,Male,$419559.94,104350106,PP
762,Cody,Dyett,cdyettl5@ovh.net,Male,$819958.65,195202975,CC
763,Jodie,Brood,jbroodl6@youtube.com,Male,$415258.27,916858908,PP
764,Clo,Rene,crenel7@google.com,Female,$284019.86,233867864,CC
765,Amie,Riddington,ariddingtonl8@i2i.jp,Female,$260615.98,197742437,CC
766,Stanleigh,Redwood,sredwoodl9@livejournal.com,Male,$950255.70,518648959,PP
767,Codi,Greeding,cgreedingla@salon.com,Female,$599472.95,427513191,CC
768,Agna,Whitbread,awhitbreadlb@bloglovin.com,Female,$668854.71,371314471,CC
769,Ella,Cotelard,ecotelardlc@purevolume.com,Female,$440064.20,959367050,IT
770,Ky,Van Hault,kvanhaultld@etsy.com,Male,$643840.40,1049896480,CC
771,Celka,Bannard,cbannardle@google.com.hk,Female,$942834.41,334206708,IT
772,Charline,Bigland,cbiglandlf@themeforest.net,Female,$261186.19,778866782,PP
773,Silva,Trulock,strulocklg@privacy.gov.au,Female,$738717.18,193139097,PP
774,Gabriel,Chapleo,gchapleolh@gnu.org,Female,$151552.76,588290841,PP
775,Reube,Necolds,rnecoldsli@admin.ch,Male,$983108.65,49832896,IT
776,Abie,Warn,awarnlj@mysql.com,Male,$306771.97,79014561,CC
777,Rich,Wellsman,rwellsmanlk@scribd.com,Male,$300874.61,652400399,PP
778,Gavrielle,Kilby,gkilbyll@github.com,Female,$204761.12,393527469,IT
779,Case,Ogg,cogglm@hatena.ne.jp,Male,$497074.59,644525901,PP
780,Lavina,Hinrichs,lhinrichsln@gmpg.org,Female,$822144.46,822432608,CC
781,Umeko,Blose,ubloselo@examiner.com,Female,$859999.58,899583002,CC
782,Gunther,Sitlington,gsitlingtonlp@xrea.com,Male,$475337.87,503846653,PP
783,Ninetta,Kilvington,nkilvingtonlq@cornell.edu,Female,$841508.46,1017655633,IT
784,Waylon,Elsworth,welsworthlr@tuttocitta.it,Male,$764008.64,572820072,PP
785,Torin,Boothebie,tboothebiels@1688.com,Male,$830733.61,20962169,IT
786,Godwin,Brayshay,gbrayshaylt@ustream.tv,Male,$535897.09,46380761,PP
787,Gonzales,Hulls,ghullslu@webmd.com,Male,$706506.92,968551284,CC
788,Lucio,Mayow,lmayowlv@ebay.co.uk,Male,$343476.66,128771885,IT
789,Marieann,Rupprecht,mrupprechtlw@japanpost.jp,Female,$640546.13,356615805,CC
790,Erinna,Gareisr,egareisrlx@ning.com,Female,$828128.45,311135428,CC
791,Baird,Swanbourne,bswanbournely@parallels.com,Male,$423317.48,11007677,IT
792,Wanids,Grimmolby,wgrimmolbylz@homestead.com,Female,$357901.49,145740136,PP
793,Adi,Wickwarth,awickwarthm0@meetup.com,Female,$498265.00,318446987,IT
794,Urban,Gouinlock,ugouinlockm1@unesco.org,Male,$694337.81,463187223,CC
795,Ora,Poure,opourem2@sina.com.cn,Female,$436840.54,615186079,CC
796,Rouvin,Ricciardiello,rricciardiellom3@si.edu,Male,$102261.97,377429809,PP
797,Gertrudis,Son,gsonm4@naver.com,Female,$674743.22,1039771867,CC
798,Venus,Baudichon,vbaudichonm5@surveymonkey.com,Female,$925941.47,594179009,CC
799,Lauretta,Joburn,ljoburnm6@seesaa.net,Female,$254398.51,560575881,IT
800,Jens,Raddish,jraddishm7@google.fr,Male,$159306.17,731325222,IT
801,Ilse,Jurasz,ijuraszm8@google.com.br,Female,$675769.03,67657766,IT
802,Liv,Bollins,lbollinsm9@bigcartel.com,Female,$516960.47,530329249,CC
803,Aryn,Kellington,akellingtonma@vinaora.com,Female,$136166.46,892973594,CC
804,Nicolai,Werner,nwernermb@histats.com,Male,$207025.01,621846803,PP
805,Andria,Shrubb,ashrubbmc@aol.com,Female,$617864.93,763874907,PP
806,Hale,Rene,hrenemd@odnoklassniki.ru,Male,$608939.28,1004142488,PP
807,Evered,Mealand,emealandme@loc.gov,Male,$264294.40,675346537,IT
808,Tonnie,Stucke,tstuckemf@cargocollective.com,Male,$650699.21,74901106,IT
809,Kirk,Ricart,kricartmg@tripod.com,Male,$633074.47,1037817315,CC
810,Herc,Harhoff,hharhoffmh@bluehost.com,Male,$290605.59,936094502,IT
811,Yevette,Geane,ygeanemi@tiny.cc,Female,$390018.01,545497777,CC
812,Kain,Matthiesen,kmatthiesenmj@economist.com,Male,$999368.43,621209043,IT
813,Ibbie,Yurshev,iyurshevmk@sphinn.com,Female,$449571.10,150516689,PP
814,Octavia,Kowalik,okowalikml@weebly.com,Female,$909068.10,506455034,IT
815,Quinn,Terrazzo,qterrazzomm@miibeian.gov.cn,Female,$252385.27,984285860,CC
816,Micheal,Wickmann,mwickmannmn@blogger.com,Male,$805201.55,742314252,CC
817,Jacki,Watford,jwatfordmo@skype.com,Female,$541120.05,425782152,CC
818,Tedi,Gilman,tgilmanmp@dropbox.com,Female,$478989.56,195369350,PP
819,Judy,Morena,jmorenamq@themeforest.net,Female,$912889.66,318873374,IT
820,Victoir,Loftie,vloftiemr@nydailynews.com,Male,$282828.51,789760679,IT
821,Ricoriki,Haugg,rhauggms@networkadvertising.org,Male,$313135.55,183953454,PP
822,Chane,Danzelman,cdanzelmanmt@geocities.jp,Male,$398521.39,1044905200,CC
823,Fidel,Revel,frevelmu@google.it,Male,$799506.67,314820248,CC
824,Alwyn,Sysland,asyslandmv@auda.org.au,Male,$248414.37,129936789,IT
825,Erroll,Bricknell,ebricknellmw@bloglines.com,Male,$256012.82,698698172,IT
826,Standford,Causon,scausonmx@php.net,Male,$647574.88,304748887,PP
827,Cad,McCaughey,cmccaugheymy@nymag.com,Male,$254790.75,880116270,PP
828,Lindi,Weyland,lweylandmz@hubpages.com,Female,$277451.41,302718634,IT
829,Stafford,Pancoust,spancoustn0@engadget.com,Male,$228694.49,256236907,CC
830,Dorris,Fulle,dfullen1@yellowbook.com,Female,$149632.69,94521089,CC
831,Griswold,Oxherd,goxherdn2@salon.com,Male,$161766.28,900690624,PP
832,Lamar,Kubacki,lkubackin3@globo.com,Male,$998221.98,525205272,CC
833,Omero,Onthank,oonthankn4@flickr.com,Male,$309101.58,124017532,PP
834,Harley,Espley,hespleyn5@dell.com,Female,$193688.92,1027918226,CC
835,Garnet,Frankowski,gfrankowskin6@mozilla.org,Female,$937296.84,905851890,CC
836,Carlyn,Stothert,cstothertn7@google.de,Female,$286075.90,807794540,PP
837,Guy,Alvarado,galvaradon8@artisteer.com,Male,$585549.45,187684023,CC
838,Christoper,Cartmer,ccartmern9@qq.com,Male,$699718.31,450452150,PP
839,Chip,Ginity,cginityna@nature.com,Male,$107159.57,383723852,CC
840,Stacee,Saunt,ssauntnb@apache.org,Female,$892687.10,236238285,CC
841,Gabbie,Chidlow,gchidlownc@earthlink.net,Female,$661100.01,175181473,IT
842,Everard,Hatchard,ehatchardnd@ibm.com,Male,$747118.06,572910327,PP
843,Gwendolen,Lantuffe,glantuffene@mayoclinic.com,Female,$590324.91,247484613,CC
844,Emile,Giovannilli,egiovannillinf@ameblo.jp,Male,$440006.00,681889652,CC
845,Minta,Snazle,msnazleng@thetimes.co.uk,Female,$346032.81,342657620,CC
846,Ramon,Girdlestone,rgirdlestonenh@apple.com,Male,$988250.92,48536739,PP
847,Octavius,Treacher,otreacherni@mozilla.org,Male,$837506.35,759950841,CC
848,Raquela,Babidge,rbabidgenj@blinklist.com,Female,$266994.46,607335658,IT
849,Hobey,MacConnechie,hmacconnechienk@admin.ch,Male,$175331.29,90118975,PP
850,Gearalt,Farnsworth,gfarnsworthnl@weebly.com,Male,$848260.19,625790591,PP
851,Vivianna,Bagshaw,vbagshawnm@hugedomains.com,Female,$305721.75,799423835,PP
852,Hermina,Karpman,hkarpmannn@wix.com,Female,$641259.93,967311513,IT
853,Amanda,Selby,aselbyno@latimes.com,Female,$178641.45,39073944,CC
854,Kass,Winfrey,kwinfreynp@ycombinator.com,Female,$473971.21,288535463,IT
855,Eugenie,Faucett,efaucettnq@quantcast.com,Female,$439859.12,1013313502,IT
856,Sydney,Guynemer,sguynemernr@studiopress.com,Female,$900979.93,509338361,PP
857,Rosaline,Dungate,rdungatens@ebay.co.uk,Female,$178092.63,980296535,PP
858,Nicolle,Ecclesall,necclesallnt@livejournal.com,Female,$575290.24,763799260,CC
859,Isis,Jobbins,ijobbinsnu@hao123.com,Female,$243613.72,139741014,PP
860,Asher,Menpes,amenpesnv@sogou.com,Male,$372445.63,847296061,IT
861,Eva,Detloff,edetloffnw@whitehouse.gov,Female,$493817.43,820170205,PP
862,Sinclare,Youel,syouelnx@ed.gov,Male,$611380.28,616896157,PP
863,Lanni,Lumbly,llumblyny@sfgate.com,Female,$889871.01,976296541,PP
864,Fina,Yarnell,fyarnellnz@360.cn,Female,$490575.80,89238512,CC
865,Jarib,Grealey,jgrealeyo0@blogspot.com,Male,$255475.37,351242289,IT
866,Wynn,Onions,wonionso1@bbb.org,Male,$343995.39,1019735036,CC
867,Richmound,Fenby,rfenbyo2@gmpg.org,Male,$138692.06,680197096,CC
868,Carr,Streeting,cstreetingo3@imgur.com,Male,$818769.54,917185525,CC
869,Sarina,Renyard,srenyardo4@ftc.gov,Female,$431282.25,771396629,PP
870,Worth,Gorges,wgorgeso5@ftc.gov,Male,$814028.81,883986321,PP
871,Inessa,Lorie,ilorieo6@linkedin.com,Female,$283353.01,906805444,IT
872,Gerrard,Scotford,gscotfordo7@disqus.com,Male,$345599.78,705740423,CC
873,Nilson,Castelijn,ncastelijno8@phpbb.com,Male,$487079.13,614414576,PP
874,Gracia,Wantling,gwantlingo9@theatlantic.com,Female,$906022.56,835488044,PP
875,Glynnis,Jacobowicz,gjacobowiczoa@yahoo.co.jp,Female,$285135.75,150059487,CC
876,Giralda,Beeho,gbeehoob@reddit.com,Female,$239683.79,743021060,IT
877,Davis,Ivetts,divettsoc@dailymotion.com,Male,$770742.69,409878978,PP
878,Moira,Jurczak,mjurczakod@blog.com,Female,$443107.97,397708704,PP
879,Alix,Lamb-shine,alambshineoe@topsy.com,Male,$648307.48,490376674,CC
880,Arley,Mackerness,amackernessof@utexas.edu,Male,$979212.70,744630515,CC
881,Ulric,Putton,uputtonog@friendfeed.com,Male,$342015.83,300474586,IT
882,Maryjane,Jorez,mjorezoh@hexun.com,Female,$988144.51,882033946,IT
883,Doy,Burnhams,dburnhamsoi@craigslist.org,Male,$340371.43,887421678,CC
884,Merissa,Wards,mwardsoj@mit.edu,Female,$770096.50,203454469,PP
885,Jasmin,McCrea,jmccreaok@skype.com,Female,$831626.25,750277005,CC
886,Essy,Covert,ecovertol@npr.org,Female,$796747.52,347942240,IT
887,Eal,Dykes,edykesom@fda.gov,Male,$968509.78,223640807,IT
888,Rubin,Du Hamel,rduhamelon@wiley.com,Male,$507695.97,257422211,PP
889,Delano,Iglesia,diglesiaoo@example.com,Male,$219744.66,721548171,IT
890,Garner,Port,gportop@desdev.cn,Male,$849214.77,283620208,CC
891,Marilee,Brearton,mbreartonoq@jalbum.net,Female,$891132.89,947959521,IT
892,Shea,Ilyunin,silyuninor@tamu.edu,Female,$852098.38,422278289,PP
893,Mario,Lipscombe,mlipscombeos@last.fm,Male,$770035.72,569741247,PP
894,Dud,Pevsner,dpevsnerot@phpbb.com,Male,$149417.22,274575435,IT
895,Ray,Slisby,rslisbyou@foxnews.com,Male,$624511.80,886251818,IT
896,Mavra,Fanthom,mfanthomov@360.cn,Female,$512431.45,981732342,PP
897,Moise,Antognoni,mantognoniow@rambler.ru,Male,$388057.93,917161109,IT
898,Nestor,Iban,nibanox@cloudflare.com,Male,$579298.82,72631068,IT
899,Tyne,Laxen,tlaxenoy@independent.co.uk,Female,$411058.67,498228149,CC
900,Josefina,Rawlinson,jrawlinsonoz@bigcartel.com,Female,$901636.65,531001495,IT
901,Alice,Trattles,atrattlesp0@free.fr,Female,$336092.03,853761489,IT
902,Inger,Cruikshank,icruikshankp1@slashdot.org,Male,$773979.91,752856669,CC
903,Gene,Larenson,glarensonp2@ezinearticles.com,Male,$877711.41,960636559,CC
904,Hoyt,Inmett,hinmettp3@fema.gov,Male,$767619.08,840706089,PP
905,Libbie,Upstone,lupstonep4@github.com,Female,$794456.89,948802255,IT
906,Burnaby,Cockton,bcocktonp5@about.com,Male,$718584.56,955109445,PP
907,Giovanna,Breckell,gbreckellp6@symantec.com,Female,$629230.75,216676167,IT
908,Yolanda,Szymanzyk,yszymanzykp7@slate.com,Female,$591224.22,173301550,CC
909,Chaddy,Langford,clangfordp8@shutterfly.com,Male,$488979.63,166112737,PP
910,Veronike,Corston,vcorstonp9@blogger.com,Female,$391977.82,419314231,IT
911,Zack,Halfpenny,zhalfpennypa@cbsnews.com,Male,$216429.88,555945686,PP
912,Gaynor,Meads,gmeadspb@shareasale.com,Female,$144392.74,907100944,CC
913,Kennan,Doel,kdoelpc@dion.ne.jp,Male,$247723.78,855105033,CC
914,Tiena,Vlasin,tvlasinpd@about.com,Female,$957136.62,199773540,CC
915,Leicester,Cunrado,lcunradope@furl.net,Male,$453587.34,655275788,PP
916,Arte,Oliveira,aoliveirapf@about.com,Male,$134729.18,70190622,CC
917,Alis,Werendell,awerendellpg@sohu.com,Female,$412805.18,201966643,CC
918,Sanford,Turland,sturlandph@jimdo.com,Male,$818844.42,384338625,IT
919,Perl,Westmore,pwestmorepi@ca.gov,Female,$256090.28,27723637,CC
920,Guillema,Cousen,gcousenpj@taobao.com,Female,$170120.64,631034120,PP
921,Car,Henlon,chenlonpk@nba.com,Male,$163336.52,624808869,PP
922,Ekaterina,Creany,ecreanypl@cornell.edu,Female,$397550.76,355993181,PP
923,Krisha,Padfield,kpadfieldpm@nyu.edu,Male,$214897.73,185811850,IT
924,Crissy,L'Hommee,clhommeepn@salon.com,Female,$859464.90,224460755,IT
925,Lisa,Julian,ljulianpo@storify.com,Female,$327243.91,122017659,IT
926,Penni,Kettridge,pkettridgepp@oaic.gov.au,Female,$282502.09,1014718270,IT
927,Haze,Rayne,hraynepq@macromedia.com,Male,$916952.55,76988824,IT
928,Demetra,Houseman,dhousemanpr@i2i.jp,Female,$590690.26,883201681,IT
929,Claudelle,Stanbra,cstanbraps@privacy.gov.au,Female,$434351.70,515500155,PP
930,Clarice,Renon,crenonpt@businessinsider.com,Female,$936891.50,672147855,CC
931,Grier,Million,gmillionpu@mapquest.com,Female,$131683.52,82671324,PP
932,Packston,Piggins,ppigginspv@mit.edu,Male,$318517.37,536669656,IT
933,King,Lavell,klavellpw@google.com.br,Male,$432844.43,443479590,PP
934,Beale,Danet,bdanetpx@cyberchimps.com,Male,$303345.35,930848583,IT
935,Alexandrina,Worthy,aworthypy@de.vu,Female,$616405.58,518755029,IT
936,Normy,Mandell,nmandellpz@usda.gov,Male,$705029.47,885466593,IT
937,Calypso,Wedmore.,cwedmoreq0@mayoclinic.com,Female,$108609.65,1045111138,CC
938,Binky,Lofthouse,blofthouseq1@adobe.com,Male,$346497.46,610366937,IT
939,Basile,Oade,boadeq2@forbes.com,Male,$749250.97,85685325,CC
940,Ruperto,Pulteneye,rpulteneyeq3@dailymotion.com,Male,$289062.95,479173039,PP
941,Thea,Worrill,tworrillq4@nymag.com,Female,$156089.28,724189810,CC
942,Fanya,McGinnell,fmcginnellq5@forbes.com,Female,$386055.98,175521984,PP
943,Corbie,McEttigen,cmcettigenq6@apache.org,Male,$120536.57,1045110971,IT
944,Moina,Van't Hoff,mvanthoffq7@topsy.com,Female,$295663.18,722492730,PP
945,Flossie,Breagan,fbreaganq8@symantec.com,Female,$780512.22,878006830,CC
946,Jarrid,Escofier,jescofierq9@nationalgeographic.com,Male,$549455.46,328408104,IT
947,Alric,Keston,akestonqa@sina.com.cn,Male,$813673.76,290465587,IT
948,Ivan,Chrippes,ichrippesqb@slideshare.net,Male,$237053.58,47392392,CC
949,Chelsie,Pinock,cpinockqc@theglobeandmail.com,Female,$242979.64,847285066,IT
950,Emilee,Beves,ebevesqd@businesswire.com,Female,$164983.91,1017456087,PP
951,Fianna,Vawton,fvawtonqe@ezinearticles.com,Female,$348846.80,1032366442,IT
952,Haley,Athersmith,hathersmithqf@51.la,Female,$606538.05,221966927,PP
953,Madeline,Castagno,mcastagnoqg@tinyurl.com,Female,$115950.91,207797125,CC
954,Carrie,Hardey,chardeyqh@soundcloud.com,Female,$669204.64,438691344,CC
955,Arty,Gault,agaultqi@ihg.com,Male,$432988.08,65847115,IT
956,Caroline,Scutter,cscutterqj@ycombinator.com,Female,$851233.98,758259757,PP
957,Ottilie,Curryer,ocurryerqk@wikia.com,Female,$860019.10,101811654,CC
958,Inness,Bellanger,ibellangerql@trellian.com,Male,$678626.06,402309305,IT
959,Roberta,Grunwald,rgrunwaldqm@wikia.com,Female,$983260.83,460315508,CC
960,Rory,Stolli,rstolliqn@marketwatch.com,Male,$537036.68,568561413,CC
961,Teddie,Murra,tmurraqo@archive.org,Female,$996380.19,200289754,PP
962,Humfrey,Northrop,hnorthropqp@oracle.com,Male,$128903.53,516287152,IT
963,Layney,McCreagh,lmccreaghqq@amazon.de,Female,$588255.24,109018780,IT
964,Justus,Sproat,jsproatqr@npr.org,Male,$207104.86,708340166,PP
965,Leilah,Housegoe,lhousegoeqs@wufoo.com,Female,$286465.58,935370553,PP
966,Isaak,Nanni,inanniqt@nymag.com,Male,$430973.13,743793807,IT
967,Lemar,Breton,lbretonqu@chicagotribune.com,Male,$381393.67,237465749,CC
968,Vito,Kitchenham,vkitchenhamqv@ucoz.com,Male,$533153.51,331937320,CC
969,Sergent,Jaggli,sjaggliqw@ustream.tv,Male,$902207.64,740788990,IT
970,Thorndike,Janak,tjanakqx@virginia.edu,Male,$119392.19,280839505,CC
971,Fredi,Roden,frodenqy@craigslist.org,Female,$568121.14,908963944,IT
972,Lenore,Masurel,lmasurelqz@rediff.com,Female,$148201.25,359292106,CC
973,Mort,Garey,mgareyr0@gravatar.com,Male,$586409.57,919658995,CC
974,Pennie,Albrook,palbrookr1@istockphoto.com,Male,$801086.23,924152874,CC
975,Urson,Gormley,ugormleyr2@xinhuanet.com,Male,$300761.28,890446443,PP
976,Forrest,Leehane,fleehaner3@opensource.org,Male,$627036.68,547405581,CC
977,Briney,Rahlof,brahlofr4@elegantthemes.com,Female,$892777.39,107022109,CC
978,Roderich,Pendre,rpendrer5@mit.edu,Male,$168148.61,55729951,IT
979,Sonni,Gogin,sgoginr6@blogger.com,Female,$294594.89,193970294,CC
980,Yankee,Scoyles,yscoylesr7@chron.com,Male,$852053.42,1010133315,CC
981,Rene,Cawkwell,rcawkwellr8@google.com.au,Female,$373452.80,45200464,IT
982,Barclay,Vedyaev,bvedyaevr9@liveinternet.ru,Male,$260850.54,661249172,CC
983,Dore,McLice,dmclicera@technorati.com,Female,$107319.40,444636012,CC
984,Jany,Marsters,jmarstersrb@icio.us,Female,$864156.10,967696657,IT
985,Evelina,Lythgoe,elythgoerc@privacy.gov.au,Female,$565278.24,354390963,PP
986,Elena,Bore,eborerd@de.vu,Female,$415559.79,849924741,IT
987,Walsh,Esome,wesomere@de.vu,Male,$832689.60,703729502,IT
988,Brucie,Finch,bfinchrf@dmoz.org,Male,$983151.66,537197781,CC
989,Kit,Torricina,ktorricinarg@plala.or.jp,Male,$736739.13,119535591,IT
990,Cirilo,Baukham,cbaukhamrh@bizjournals.com,Male,$273376.85,801502390,PP
991,Winston,Spong,wspongri@cnet.com,Male,$553555.04,697777210,PP
992,Siffre,Orfeur,sorfeurrj@slashdot.org,Male,$211515.47,801514890,CC
993,Wendeline,Coale,wcoalerk@whitehouse.gov,Female,$843301.86,744246748,PP
994,Karlan,Cheesworth,kcheesworthrl@home.pl,Male,$300963.86,273326119,PP
995,Giorgi,Harwin,gharwinrm@epa.gov,Male,$608139.43,666558935,PP
996,Katie,Tortis,ktortisrn@wikimedia.org,Female,$925975.39,29881361,IT
997,Bernete,Ravenshear,bravenshearro@tuttocitta.it,Female,$792183.77,708892468,CC
998,Barnie,Houlison,bhoulisonrp@ycombinator.com,Male,$853062.13,671112111,CC
999,Clarance,Huey,chueyrq@aol.com,Male,$423416.82,213988673,PP
1000,Marthe,Cestard,mcestardrr@ebay.co.uk,Female,$911395.86,184155678,PP
