id,nombre,apellido,email,genero,valor_tx,numero_identificacion,tipo_identificacion
1,Prent,Bugby,pbugby0@meetup.com,Male,$724709.36,336023706,PP
2,Dore,Umfrey,dumfrey1@sourceforge.net,Male,$526072.47,406076404,CC
3,Conway,Klaaassen,cklaaassen2@stumbleupon.com,Male,$900997.19,546567362,CC
4,Town,Adderley,tadderley3@zimbio.com,Male,$166816.84,887416137,PP
5,Ford,Matteucci,fmatteucci4@delicious.com,Male,$424730.89,275368624,PP
6,Gerrie,Murrells,gmurrells5@sohu.com,Female,$756093.13,245571424,CC
7,Alys,Breheny,abreheny6@ezinearticles.com,Female,$883993.25,503772225,IT
8,Damita,Rate,drate7@163.com,Female,$910781.57,669461465,IT
9,Edee,Capehorn,ecapehorn8@mapy.cz,Female,$369769.59,166908608,PP
10,Godart,Warland,gwarland9@so-net.ne.jp,Male,$437464.25,288599044,PP
11,Jessie,Moreinu,jmoreinua@chronoengine.com,Female,$939441.70,15756874,IT
12,Nevile,Kellaway,nkellawayb@so-net.ne.jp,Male,$366345.14,967465286,CC
13,Tiler,Rubenovic,trubenovicc@imgur.com,Male,$382965.22,768267061,PP
14,Lonnard,Pavis,lpavisd@nhs.uk,Male,$857582.99,999556517,IT
15,Gabbey,Duckitt,gduckitte@flavors.me,Female,$130251.29,170710864,CC
16,Renato,Macklam,rmacklamf@rambler.ru,Male,$393389.71,89019216,PP
17,Carroll,Bouskill,cbouskillg@epa.gov,Female,$249915.05,628486408,CC
18,Olivia,Fisk,ofiskh@walmart.com,Female,$124297.60,183180007,PP
19,Sheelah,Fley,sfleyi@wordpress.com,Female,$802677.35,1031494336,IT
20,Zak,Kenningham,zkenninghamj@discuz.net,Male,$889738.98,374628632,CC
21,Launce,Bukac,lbukack@oracle.com,Male,$429502.06,52835919,IT
22,Rufe,Washbrook,rwashbrookl@chicagotribune.com,Male,$491169.11,454376223,IT
23,Ripley,Stolze,rstolzem@technorati.com,Male,$971944.17,820421631,IT
24,Margalo,Oliphard,moliphardn@jalbum.net,Female,$635649.81,1008623677,CC
25,Shelly,Jessep,sjessepo@reuters.com,Female,$199290.78,676991357,PP
26,Bridie,Mineghelli,bmineghellip@businesswire.com,Female,$447347.70,9615827,IT
27,Sammy,Odcroft,sodcroftq@dedecms.com,Female,$704308.22,1041458378,IT
28,Gabriel,Klehn,gklehnr@wufoo.com,Female,$468035.65,554665438,PP
29,Norry,Drains,ndrainss@phpbb.com,Male,$792595.54,906236332,CC
30,Marlowe,Sager,msagert@1688.com,Male,$546339.13,1043067508,IT
31,Cherin,Lynes,clynesu@so-net.ne.jp,Female,$236766.40,1035873062,IT
32,Jere,Birtwell,jbirtwellv@yelp.com,Male,$146347.32,515426966,CC
33,Cynde,Newlove,cnewlovew@auda.org.au,Female,$710684.98,54793707,IT
34,Abelard,Bortoloni,abortolonix@woothemes.com,Male,$499169.39,596591523,CC
35,Dukie,McManamen,dmcmanameny@webeden.co.uk,Male,$583138.45,191029507,PP
36,Kristoforo,Gorini,kgoriniz@tripod.com,Male,$485019.18,5872365,PP
37,Rodd,Wonham,rwonham10@biblegateway.com,Male,$513278.06,97379574,IT
38,Harmonie,Fidgett,hfidgett11@biglobe.ne.jp,Female,$338555.86,644722559,IT
39,Antons,Lejeune,alejeune12@eepurl.com,Male,$348934.47,1032567786,CC
40,Ninnetta,Rosekilly,nrosekilly13@a8.net,Female,$483857.95,448812174,CC
41,Fedora,MacCurtain,fmaccurtain14@instagram.com,Female,$841006.28,974587100,PP
42,Sigvard,Sieve,ssieve15@github.io,Male,$468056.65,910838933,IT
43,Curry,Mariet,cmariet16@hibu.com,Male,$192368.37,748719180,PP
44,Brendon,Nutting,bnutting17@geocities.com,Male,$972327.55,574602453,PP
45,Rudolfo,Hens,rhens18@apache.org,Male,$238167.28,235001627,CC
46,Guglielma,Staten,gstaten19@linkedin.com,Female,$248734.89,704284126,IT
47,Codi,Caddock,ccaddock1a@elpais.com,Male,$541076.54,125303711,CC
48,Lin,Robarts,lrobarts1b@e-recht24.de,Male,$303536.76,602361474,IT
49,Joellyn,Jozefowicz,jjozefowicz1c@mayoclinic.com,Female,$402674.19,1049417171,IT
50,Tedi,Durrad,tdurrad1d@histats.com,Female,$192361.86,986901294,PP
51,Morrie,Gorke,mgorke1e@addtoany.com,Male,$328864.05,486596624,IT
52,Ruy,Knewstubb,rknewstubb1f@t-online.de,Male,$905054.33,206456178,IT
53,Eada,Eland,eeland1g@oracle.com,Female,$931319.77,124686243,CC
54,Tate,Ondrus,tondrus1h@weebly.com,Male,$191313.80,854919376,IT
55,Stormy,Worley,sworley1i@gravatar.com,Female,$782402.76,329649302,CC
56,Stacia,Chevis,schevis1j@webnode.com,Female,$405796.93,427897741,CC
57,Peyton,Houseman,phouseman1k@liveinternet.ru,Male,$648640.50,596667528,CC
58,Carlos,Featherby,cfeatherby1l@irs.gov,Male,$655886.98,399126414,CC
59,Lurleen,Murdy,lmurdy1m@slashdot.org,Female,$869916.55,1029114634,CC
60,Adelina,Sandaver,asandaver1n@biblegateway.com,Female,$427720.22,557934009,CC
61,Norina,Conyard,nconyard1o@wiley.com,Female,$235726.71,248200079,IT
62,Phyllis,Goodboddy,pgoodboddy1p@furl.net,Female,$780804.24,736930697,PP
63,Joline,Addionizio,jaddionizio1q@gizmodo.com,Female,$921550.57,539578818,CC
64,Laraine,Rustich,lrustich1r@naver.com,Female,$953488.44,299599964,PP
65,Peggy,Mival,pmival1s@nhs.uk,Female,$134495.33,349964380,IT
66,Cob,Muris,cmuris1t@cocolog-nifty.com,Male,$938327.65,731171590,PP
67,Link,Alden,lalden1u@de.vu,Male,$176790.29,119480979,CC
68,Christiano,Doghartie,cdoghartie1v@studiopress.com,Male,$868845.72,889190102,PP
69,Jamill,Kinsey,jkinsey1w@mapquest.com,Male,$251266.26,948828799,CC
70,Chrotoem,Cissen,ccissen1x@elpais.com,Male,$744005.65,548941760,IT
71,Eldridge,Hurdwell,ehurdwell1y@1688.com,Male,$415682.51,439883485,CC
72,Rozanna,McKellen,rmckellen1z@godaddy.com,Female,$846753.71,237024431,PP
73,Tobi,McConway,tmcconway20@guardian.co.uk,Female,$940394.93,292980365,CC
74,Michele,Arkil,markil21@who.int,Male,$414230.64,158411151,IT
75,Dulce,Espinos,despinos22@google.co.jp,Female,$439306.70,463563331,PP
76,Osborn,Franseco,ofranseco23@hostgator.com,Male,$979993.29,249218335,CC
77,Enrique,Sore,esore24@sakura.ne.jp,Male,$506739.81,1008257885,IT
78,Tallou,Olivo,tolivo25@freewebs.com,Female,$842126.05,282102935,IT
79,Eran,Bullivent,ebullivent26@goodreads.com,Female,$458008.60,454885618,CC
80,Thalia,Condie,tcondie27@comsenz.com,Female,$155279.23,568227749,PP
81,Cymbre,Abyss,cabyss28@moonfruit.com,Female,$162677.04,40484759,PP
82,Maurita,Tandey,mtandey29@ucla.edu,Female,$718505.71,933328247,PP
83,Hurleigh,Spreag,hspreag2a@ihg.com,Male,$778671.25,326025915,IT
84,Mariana,Wahncke,mwahncke2b@tmall.com,Female,$932860.97,59036300,PP
85,Noam,Cozins,ncozins2c@si.edu,Male,$473557.94,645450807,CC
86,Othilie,Adlard,oadlard2d@symantec.com,Female,$173822.22,119506263,PP
87,Ciro,Quarles,cquarles2e@blogs.com,Male,$526621.80,12721005,IT
88,Rhea,Gaffer,rgaffer2f@arstechnica.com,Female,$608974.81,178786422,PP
89,Maryjane,Cudihy,mcudihy2g@mayoclinic.com,Female,$597548.39,644201715,CC
90,Terry,Ives,tives2h@ftc.gov,Male,$787745.07,25071489,PP
91,Zia,Huster,zhuster2i@feedburner.com,Female,$820102.62,412270803,IT
92,Alexandro,Breewood,abreewood2j@geocities.com,Male,$119241.84,813851481,IT
93,Adeline,Mattielli,amattielli2k@furl.net,Female,$633911.80,871022078,IT
94,Nanon,Nodes,nnodes2l@livejournal.com,Female,$828242.97,101248743,PP
95,Carmelita,Lelande,clelande2m@paginegialle.it,Female,$408797.56,604523421,CC
96,Boonie,Rowston,browston2n@etsy.com,Male,$498102.88,896165971,IT
97,Garek,Skillings,gskillings2o@nyu.edu,Male,$762489.76,188452524,IT
98,Randie,McIlwraith,rmcilwraith2p@cnn.com,Female,$373178.17,374389059,PP
99,Luce,McFaell,lmcfaell2q@mediafire.com,Male,$217858.75,15990670,IT
100,Sheela,Gillespie,sgillespie2r@adobe.com,Female,$726510.23,1036232411,IT
101,King,Abade,kabade2s@chronoengine.com,Male,$405035.63,619683230,CC
102,Ahmed,Huckerbe,ahuckerbe2t@kickstarter.com,Male,$191272.22,386649895,PP
103,Jozef,Menichi,jmenichi2u@thetimes.co.uk,Male,$387465.69,144191486,IT
104,Berkly,Wittleton,bwittleton2v@examiner.com,Male,$362230.32,907812612,IT
105,Gilberte,Gerald,ggerald2w@java.com,Female,$821787.41,677436752,PP
106,Harley,Dullingham,hdullingham2x@house.gov,Female,$137900.56,986087268,CC
107,Lauraine,Seeger,lseeger2y@uiuc.edu,Female,$711003.60,384667700,PP
108,Alexandro,Boatwright,aboatwright2z@bizjournals.com,Male,$293336.47,658163146,IT
109,Kermit,Caughey,kcaughey30@washingtonpost.com,Male,$972732.22,625821045,CC
110,Cordie,Dregan,cdregan31@washingtonpost.com,Female,$521021.51,16601858,PP
111,Urbain,Gahagan,ugahagan32@hostgator.com,Male,$721308.13,269356874,IT
112,Chrystal,Saffer,csaffer33@japanpost.jp,Female,$458972.92,1027548606,PP
113,Ada,Collingdon,acollingdon34@netlog.com,Female,$998601.32,370077217,CC
114,Kass,Fauning,kfauning35@adobe.com,Female,$539242.95,728806065,IT
115,Vivi,Roskelly,vroskelly36@adobe.com,Female,$784394.44,163429356,PP
116,Ilario,Lovelock,ilovelock37@arstechnica.com,Male,$171895.85,504235264,CC
117,Amalia,Dollen,adollen38@google.it,Female,$526405.06,766926740,PP
118,Bunnie,Shorto,bshorto39@bloglovin.com,Female,$250597.60,813165193,PP
119,Mickie,MacCague,mmaccague3a@domainmarket.com,Male,$509654.71,528085099,IT
120,Alejandrina,Strettell,astrettell3b@huffingtonpost.com,Female,$149156.02,599129476,PP
121,Jarad,Pignon,jpignon3c@linkedin.com,Male,$713486.12,293940943,CC
122,Stacee,Devorill,sdevorill3d@telegraph.co.uk,Male,$126969.79,343159700,IT
123,Jennica,Flott,jflott3e@howstuffworks.com,Female,$481247.46,189219103,CC
124,Carol,Alenichicov,calenichicov3f@timesonline.co.uk,Female,$189007.01,482579431,PP
125,Zola,Duran,zduran3g@tinypic.com,Female,$415340.88,1024245155,PP
126,Rowland,Poate,rpoate3h@craigslist.org,Male,$431435.63,222700813,CC
127,Archy,Valentinuzzi,avalentinuzzi3i@cargocollective.com,Male,$992870.85,957587532,CC
128,Susette,Eilhart,seilhart3j@blogger.com,Female,$950718.37,919667915,IT
129,Thedrick,Korba,tkorba3k@naver.com,Male,$961668.49,420675608,PP
130,Augusta,Grabert,agrabert3l@biblegateway.com,Female,$682864.23,594616866,PP
131,Clemmie,Wein,cwein3m@theguardian.com,Male,$264617.31,549067682,PP
132,Hugues,McClymont,hmcclymont3n@weather.com,Male,$838989.63,947775542,IT
133,Gilberto,Niesing,gniesing3o@cyberchimps.com,Male,$770593.54,942648078,IT
134,Lorilee,Grim,lgrim3p@quantcast.com,Female,$742907.20,91498114,PP
135,Griffie,Arnaez,garnaez3q@icio.us,Male,$979667.73,475739732,CC
136,Lucien,Newling,lnewling3r@vistaprint.com,Male,$524464.46,171789842,IT
137,Marcos,Rego,mrego3s@cbslocal.com,Male,$742446.97,764572941,PP
138,Tully,Casarini,tcasarini3t@hostgator.com,Male,$498790.90,246066133,CC
139,Ellery,Sponder,esponder3u@prweb.com,Male,$380584.49,563490110,IT
140,Any,Ferrao,aferrao3v@goodreads.com,Male,$685381.57,290589900,IT
141,Fayette,Marcoolyn,fmarcoolyn3w@prweb.com,Female,$270042.20,325639816,CC
142,Bertie,Hanna,bhanna3x@washington.edu,Male,$734476.71,102330989,IT
143,Mallory,Tubridy,mtubridy3y@admin.ch,Female,$405214.95,441841643,CC
144,Colette,Kos,ckos3z@github.io,Female,$574415.29,70354134,PP
145,Matthew,Diggens,mdiggens40@weibo.com,Male,$609973.69,674362687,IT
146,Bambie,Langhorne,blanghorne41@va.gov,Female,$712123.07,898758351,IT
147,Cart,Cramer,ccramer42@over-blog.com,Male,$130217.05,566307781,CC
148,Wilhelmine,Sinnatt,wsinnatt43@github.io,Female,$674244.17,705962526,IT
149,Linet,Effnert,leffnert44@gmpg.org,Female,$508520.53,464725195,PP
150,Gene,Mardy,gmardy45@xing.com,Female,$423842.28,905604456,CC
151,Archibold,Radolf,aradolf46@ted.com,Male,$345931.03,688778399,PP
152,Amii,Arnason,aarnason47@pen.io,Female,$848259.63,581074150,IT
153,Daisey,Aronstam,daronstam48@homestead.com,Female,$303193.08,625217764,PP
154,Jordana,Curneen,jcurneen49@skype.com,Female,$433897.24,855425950,CC
155,Helli,Dutch,hdutch4a@cocolog-nifty.com,Female,$895391.40,900395558,CC
156,Annmarie,Dongles,adongles4b@cam.ac.uk,Female,$355430.64,424092588,PP
157,Edyth,Liver,eliver4c@census.gov,Female,$623785.12,379344117,IT
158,Erminia,Roffey,eroffey4d@ihg.com,Female,$388362.08,256809030,PP
159,Isa,Cutts,icutts4e@soundcloud.com,Female,$547452.83,853146105,PP
160,Frankie,Petrovykh,fpetrovykh4f@discovery.com,Female,$687564.22,277044743,PP
161,Marquita,Jury,mjury4g@indiatimes.com,Female,$583685.04,173125349,CC
162,Dari,Faulder,dfaulder4h@wikispaces.com,Female,$419011.79,442268922,PP
163,Malvin,John,mjohn4i@bloglovin.com,Male,$727156.12,552103269,CC
164,Harvey,Lade,hlade4j@hhs.gov,Male,$820320.47,483747517,PP
165,Joli,Ridder,jridder4k@guardian.co.uk,Female,$655625.43,592354441,PP
166,Toby,Bruford,tbruford4l@topsy.com,Male,$527719.30,269230212,PP
167,Nickolai,Boldecke,nboldecke4m@ask.com,Male,$462671.40,371998885,IT
168,Monty,Dunlap,mdunlap4n@tripod.com,Male,$728727.04,787089719,PP
169,Courtney,Shutte,cshutte4o@baidu.com,Male,$527717.89,775756990,PP
170,Rogers,Davidsohn,rdavidsohn4p@over-blog.com,Male,$992952.44,218517066,IT
171,Malanie,Gilfether,mgilfether4q@adobe.com,Female,$343839.04,432998747,IT
172,Herc,Burdge,hburdge4r@unc.edu,Male,$389771.19,704883576,CC
173,Clyve,Littleton,clittleton4s@blog.com,Male,$555697.86,126483714,CC
174,Adelheid,Kelleher,akelleher4t@creativecommons.org,Female,$788243.22,419193017,IT
175,Riley,Marchent,rmarchent4u@twitter.com,Male,$491055.50,510419696,CC
176,Corbett,Stone Fewings,cstonefewings4v@thetimes.co.uk,Male,$687054.46,926036754,IT
177,Ellery,Northgraves,enorthgraves4w@vk.com,Male,$218366.22,248467216,PP
178,Violante,Egel,vegel4x@sourceforge.net,Female,$395010.94,300038232,IT
179,Kassey,Saleway,ksaleway4y@shop-pro.jp,Female,$585394.33,994837199,PP
180,Emory,Vasyukhnov,evasyukhnov4z@who.int,Male,$494848.10,404686743,CC
181,Zondra,Winear,zwinear50@elpais.com,Female,$825812.52,512586956,PP
182,Carlee,Hambric,chambric51@freewebs.com,Female,$259029.64,987197013,PP
183,Gav,Loosemore,gloosemore52@earthlink.net,Male,$156162.86,347104759,CC
184,Lester,Essery,lessery53@geocities.jp,Male,$845012.91,284368110,PP
185,Corrianne,Tures,ctures54@unblog.fr,Female,$661164.56,861676405,PP
186,Leeland,Cerro,lcerro55@cocolog-nifty.com,Male,$587826.65,990350114,PP
187,Marty,Imlen,mimlen56@statcounter.com,Male,$392805.57,788009498,IT
188,Tallulah,Stewart,tstewart57@taobao.com,Female,$159680.56,816440996,IT
189,Phebe,Haggidon,phaggidon58@goo.ne.jp,Female,$668606.35,731088477,IT
190,Ebba,Dracey,edracey59@ucoz.com,Female,$838991.04,1030146524,PP
191,Lacy,Stirman,lstirman5a@studiopress.com,Female,$836568.31,695537247,CC
192,Hillie,Quinell,hquinell5b@vinaora.com,Male,$483831.58,197614411,PP
193,Galven,Circuitt,gcircuitt5c@de.vu,Male,$841736.52,121128261,PP
194,Archibold,Butlin,abutlin5d@163.com,Male,$402018.57,151023832,IT
195,Jermayne,Matkovic,jmatkovic5e@hibu.com,Male,$714293.57,358389766,IT
196,Dulcie,Guidera,dguidera5f@google.ca,Female,$124301.40,674115387,IT
197,Rorke,Gregoriou,rgregoriou5g@guardian.co.uk,Male,$110630.04,310169796,IT
198,Edgardo,Warnes,ewarnes5h@infoseek.co.jp,Male,$717139.98,906414644,IT
199,Dur,MacAllester,dmacallester5i@yellowbook.com,Male,$715754.54,204161674,CC
200,Stanton,Pauletto,spauletto5j@ebay.com,Male,$224679.60,927249323,PP
201,Tove,Leese,tleese5k@smugmug.com,Female,$251580.91,445560041,IT
202,Dehlia,Legges,dlegges5l@bloglovin.com,Female,$523933.21,533082964,PP
203,Pierce,Cushelly,pcushelly5m@booking.com,Male,$343442.94,498502241,CC
204,Adah,Frantz,afrantz5n@cafepress.com,Female,$245090.27,718128653,PP
205,Jessi,Rosenstock,jrosenstock5o@yahoo.com,Female,$982685.57,911146184,PP
206,Thomasine,Twyning,ttwyning5p@gravatar.com,Female,$833035.20,965802180,PP
207,Magdalene,Linkin,mlinkin5q@youku.com,Female,$345768.28,888215659,IT
208,Berty,Skokoe,bskokoe5r@baidu.com,Female,$234547.75,926267812,IT
209,Shelby,O'Rodane,sorodane5s@hc360.com,Female,$821346.71,685168862,PP
210,Chloris,Franceschino,cfranceschino5t@oakley.com,Female,$830574.93,359577717,IT
211,Dagmar,Anfrey,danfrey5u@arstechnica.com,Female,$532282.47,328537694,IT
212,Pate,Jendrys,pjendrys5v@ow.ly,Male,$734902.18,915907464,IT
213,Inna,Pavia,ipavia5w@wsj.com,Female,$599194.66,981153006,PP
214,Margot,Manktelow,mmanktelow5x@bizjournals.com,Female,$457515.06,62182730,PP
215,Meade,Blakeden,mblakeden5y@ifeng.com,Female,$800085.92,37535095,CC
216,Roma,Backen,rbacken5z@netlog.com,Male,$636968.65,1000261966,PP
217,Jacquette,Richard,jrichard60@examiner.com,Female,$834494.94,734414812,PP
218,Hercule,Brocklebank,hbrocklebank61@goo.ne.jp,Male,$783525.43,239385003,CC
219,David,Rate,drate62@istockphoto.com,Male,$711350.21,743922613,CC
220,Alix,Parffrey,aparffrey63@baidu.com,Male,$501781.28,521453087,PP
221,Ham,Kienzle,hkienzle64@sun.com,Male,$219606.09,1038255802,CC
222,Orella,Gimenez,ogimenez65@chicagotribune.com,Female,$993805.92,372750742,IT
223,Sven,Stacy,sstacy66@ucoz.com,Male,$335182.15,780540496,IT
224,Aloysius,Vidgeon,avidgeon67@jiathis.com,Male,$614492.12,842671963,CC
225,Hort,Bottby,hbottby68@ow.ly,Male,$708039.73,956597096,PP
226,Austin,Dorin,adorin69@pen.io,Female,$259447.83,482520754,PP
227,Bamby,Sainer,bsainer6a@epa.gov,Female,$551935.18,485581193,CC
228,Rubia,Nockalls,rnockalls6b@shutterfly.com,Female,$464389.78,855106368,CC
229,Ermin,MacInherney,emacinherney6c@posterous.com,Male,$562547.35,865998854,IT
230,Celinda,Huett,chuett6d@cnet.com,Female,$515714.63,430079301,IT
231,Edgard,Tippetts,etippetts6e@cisco.com,Male,$301019.59,580975147,CC
232,Aurora,Riccardo,ariccardo6f@163.com,Female,$777725.08,537882979,CC
233,Kilian,Gilhespy,kgilhespy6g@tripadvisor.com,Male,$148029.28,962356236,IT
234,Gerti,Bollin,gbollin6h@about.com,Female,$266164.20,158114801,IT
235,Yorgos,Seggie,yseggie6i@netvibes.com,Male,$718851.61,938507837,CC
236,Coralie,Dosdale,cdosdale6j@weibo.com,Female,$100806.12,120028676,CC
237,Alyse,Padwick,apadwick6k@yahoo.co.jp,Female,$572524.13,635869417,CC
238,Bartholemy,Klimas,bklimas6l@mashable.com,Male,$859996.89,1025559003,CC
239,Teressa,Schimke,tschimke6m@miitbeian.gov.cn,Female,$511392.99,537378647,IT
240,Alis,Farbrother,afarbrother6n@drupal.org,Female,$445506.21,404595464,PP
241,Kassie,Kenlin,kkenlin6o@nifty.com,Female,$368331.06,273555128,IT
242,Jacky,Bernardos,jbernardos6p@cdc.gov,Male,$458155.00,6426343,CC
243,Nedi,Phettiplace,nphettiplace6q@ebay.com,Female,$494928.26,914471957,PP
244,Saxe,Oldaker,soldaker6r@netscape.com,Male,$252493.97,1005943857,CC
245,Malcolm,Balassa,mbalassa6s@stumbleupon.com,Male,$160849.12,617161354,PP
246,Nester,Cianni,ncianni6t@sbwire.com,Male,$283245.55,119063924,IT
247,Fonzie,Demke,fdemke6u@php.net,Male,$445061.60,705439356,IT
248,Emilio,Pilpovic,epilpovic6v@newyorker.com,Male,$989433.26,527620007,CC
249,Ardenia,Volkes,avolkes6w@shareasale.com,Female,$751332.54,662603565,CC
250,Dew,Cabrara,dcabrara6x@cdbaby.com,Male,$938030.77,225967970,PP
251,Elinore,Standish-Brooks,estandishbrooks6y@icq.com,Female,$488048.63,563781124,PP
252,Jayme,Garrood,jgarrood6z@baidu.com,Female,$477538.43,433980401,IT
253,Wini,Laverock,wlaverock70@mashable.com,Female,$726047.89,824518566,CC
254,Burt,Limpkin,blimpkin71@berkeley.edu,Male,$447989.48,509494496,IT
255,Desiree,Ramelet,dramelet72@smh.com.au,Female,$208747.94,679693563,CC
256,Davis,Simionato,dsimionato73@pinterest.com,Male,$327978.05,580431844,CC
257,Lazarus,Grigoroni,lgrigoroni74@about.me,Male,$163657.80,897886282,CC
258,Lonnie,Valerius,lvalerius75@t-online.de,Male,$784190.01,163163370,CC
259,Lindy,Birtwell,lbirtwell76@360.cn,Male,$924926.66,427612980,IT
260,Gladi,McGarrity,gmcgarrity77@wufoo.com,Female,$225778.38,408094363,CC
261,Arne,Verrillo,averrillo78@facebook.com,Male,$808397.26,725799418,PP
262,Rocky,Houlahan,rhoulahan79@joomla.org,Male,$239387.41,214747787,IT
263,Benny,Jakubski,bjakubski7a@businessweek.com,Male,$151107.14,704870791,IT
264,Dagny,Brosini,dbrosini7b@4shared.com,Male,$378445.33,789855462,CC
265,Ernesto,Rostern,erostern7c@microsoft.com,Male,$345243.70,648876034,PP
266,Wilhelmine,Yanukhin,wyanukhin7d@cpanel.net,Female,$223950.93,139928160,PP
267,Doe,Nix,dnix7e@icio.us,Female,$658143.22,260699713,IT
268,Konrad,Schafer,kschafer7f@xing.com,Male,$224741.87,509325137,IT
269,Inge,Morkham,imorkham7g@utexas.edu,Female,$883511.87,686096092,PP
270,Erena,Tackley,etackley7h@businessinsider.com,Female,$268961.28,242208207,PP
271,Cordy,Izat,cizat7i@unc.edu,Female,$488572.04,718297723,IT
272,Dosi,Fairest,dfairest7j@si.edu,Female,$257678.87,10779335,CC
273,Emery,Dyett,edyett7k@newsvine.com,Male,$541608.75,564416171,PP
274,Tulley,Hexter,thexter7l@google.ca,Male,$664073.51,506534651,PP
275,Beryl,Roxby,broxby7m@sun.com,Female,$272636.37,500363866,CC
276,Vick,La Vigne,vlavigne7n@pinterest.com,Male,$896427.68,250512652,CC
277,Ricki,Coppledike,rcoppledike7o@mediafire.com,Male,$652415.18,1009798041,PP
278,Velma,Zisneros,vzisneros7p@blogs.com,Female,$908436.91,252680830,CC
279,Irina,Applegarth,iapplegarth7q@deliciousdays.com,Female,$265684.07,518340072,IT
280,Curtice,Pinching,cpinching7r@tamu.edu,Male,$785095.18,253110181,PP
281,Almeta,McKeurton,amckeurton7s@posterous.com,Female,$250693.43,869105725,PP
282,Earlie,Hulstrom,ehulstrom7t@hatena.ne.jp,Male,$830663.87,60439380,IT
283,Bev,Lethardy,blethardy7u@wp.com,Male,$647762.19,826709275,CC
284,Saudra,Benardeau,sbenardeau7v@weibo.com,Female,$833895.11,417605676,IT
285,Marlon,Burden,mburden7w@telegraph.co.uk,Male,$698134.41,982638556,CC
286,Cleveland,Naismith,cnaismith7x@nih.gov,Male,$620816.94,344035087,IT
287,Yolanda,Kenryd,ykenryd7y@wikimedia.org,Female,$539290.37,325015415,IT
288,Saunderson,Yurchenko,syurchenko7z@twitpic.com,Male,$528817.44,97942603,PP
289,Joscelin,Bockh,jbockh80@netvibes.com,Female,$270244.44,811985564,IT
290,Coleman,Lumb,clumb81@bluehost.com,Male,$212828.39,1008118936,PP
291,Viki,Wass,vwass82@ucsd.edu,Female,$324073.34,891801814,IT
292,Vicki,Baiss,vbaiss83@edublogs.org,Female,$752920.31,358234176,PP
293,Wye,Anning,wanning84@loc.gov,Male,$667672.61,142597265,IT
294,Sayre,Francombe,sfrancombe85@cnbc.com,Male,$227824.56,582370278,IT
295,Kearney,Menendez,kmenendez86@amazonaws.com,Male,$498962.87,732537817,CC
296,Polly,Freathy,pfreathy87@fastcompany.com,Female,$733413.51,930337832,IT
297,Duky,D'Ambrogi,ddambrogi88@facebook.com,Male,$642656.69,904773032,PP
298,Cati,Franke,cfranke89@umn.edu,Female,$919324.13,734636525,CC
299,Feliks,Linger,flinger8a@a8.net,Male,$423816.21,689933567,CC
300,Agathe,Selburn,aselburn8b@delicious.com,Female,$408990.90,779742365,IT
301,Raffaello,Stonhard,rstonhard8c@gmpg.org,Male,$875438.97,336339288,PP
302,Humberto,Roly,hroly8d@yellowbook.com,Male,$126216.07,207227765,CC
303,Johna,Inge,jinge8e@squarespace.com,Female,$828847.43,516460324,IT
304,Hobart,Springell,hspringell8f@google.ru,Male,$133692.94,86311551,IT
305,Gloria,Fishburn,gfishburn8g@scientificamerican.com,Female,$981836.27,253444757,PP
306,Iona,Abberley,iabberley8h@godaddy.com,Female,$726529.94,754162422,PP
307,Nollie,Bastard,nbastard8i@blogspot.com,Male,$246733.25,377912252,IT
308,Mariquilla,Sanpere,msanpere8j@theglobeandmail.com,Female,$278557.05,541275226,IT
309,Jonathon,Coulthard,jcoulthard8k@un.org,Male,$855784.81,643991671,CC
310,Rafaela,Hopfer,rhopfer8l@addtoany.com,Female,$425721.61,885731467,CC
311,Cordey,Bohling,cbohling8m@dmoz.org,Female,$511069.12,153717849,PP
312,Wilfred,Cranmere,wcranmere8n@vinaora.com,Male,$550259.34,745401609,PP
313,Irene,Shama,ishama8o@amazon.de,Female,$632620.12,848088604,IT
314,Pacorro,Pudney,ppudney8p@spotify.com,Male,$102631.84,234135042,CC
315,Cecilia,Dericut,cdericut8q@nhs.uk,Female,$597917.79,932073688,PP
316,Katee,Guidetti,kguidetti8r@tamu.edu,Female,$942146.89,467659512,CC
317,Ashil,Trubshaw,atrubshaw8s@boston.com,Female,$166554.99,768236698,PP
318,Bondie,Antrack,bantrack8t@cnet.com,Male,$361054.46,815130870,CC
319,Caz,Fulun,cfulun8u@creativecommons.org,Male,$728178.90,540995645,CC
320,Loren,Kinnin,lkinnin8v@live.com,Male,$572774.39,345879586,PP
321,Robena,Raggett,rraggett8w@wikispaces.com,Female,$273450.93,35654709,PP
322,Ossie,Wince,owince8x@printfriendly.com,Male,$265533.62,29575605,CC
323,Sven,Balke,sbalke8y@senate.gov,Male,$696926.17,764073526,PP
324,Hew,Lindholm,hlindholm8z@t-online.de,Male,$487008.20,182493862,IT
325,Dino,Bande,dbande90@europa.eu,Male,$308686.60,764710711,CC
326,Elianora,Wrennall,ewrennall91@theatlantic.com,Female,$373599.57,126262621,PP
327,Donnie,Blazewicz,dblazewicz92@msn.com,Male,$260084.90,912557654,IT
328,Nelia,Helks,nhelks93@imgur.com,Female,$630596.84,770831938,CC
329,Hi,Ducker,hducker94@adobe.com,Male,$823671.73,874531037,IT
330,Orin,Wilman,owilman95@va.gov,Male,$947616.53,604317145,PP
331,Yettie,Ledgley,yledgley96@goo.ne.jp,Female,$889972.00,493733584,IT
332,Fernanda,De Lisle,fdelisle97@github.io,Female,$922089.36,886344892,PP
333,Delmer,Shilston,dshilston98@indiegogo.com,Male,$358001.63,359972592,IT
334,Asia,Sherwyn,asherwyn99@infoseek.co.jp,Female,$767073.35,374526913,PP
335,Conn,Bleazard,cbleazard9a@google.pl,Male,$598268.79,138056472,IT
336,Dugald,Gasken,dgasken9b@loc.gov,Male,$111479.38,460427830,CC
337,Selig,Rouby,srouby9c@godaddy.com,Male,$533539.26,694283581,IT
338,Rudolfo,Taylor,rtaylor9d@answers.com,Male,$687797.56,635234342,CC
339,Jeremie,Dyte,jdyte9e@cam.ac.uk,Male,$122628.34,344407935,PP
340,Anitra,Deverall,adeverall9f@digg.com,Female,$572972.12,362182570,PP
341,Ericha,Mattaser,emattaser9g@so-net.ne.jp,Female,$803706.17,339269421,PP
342,Tomkin,Le Estut,tleestut9h@indiatimes.com,Male,$316882.86,1043529060,IT
343,Reena,Porte,rporte9i@alexa.com,Female,$257445.63,590325729,IT
344,Berti,Drackford,bdrackford9j@mysql.com,Female,$726944.72,403331144,PP
345,Roman,Machent,rmachent9k@cbc.ca,Male,$663149.34,845903900,PP
346,Ceil,Buffy,cbuffy9l@feedburner.com,Female,$230530.68,772974957,CC
347,Murdock,Barnfather,mbarnfather9m@taobao.com,Male,$439880.05,819572145,IT
348,Zilvia,Fredy,zfredy9n@freewebs.com,Female,$939448.66,100276275,IT
349,Hinda,Huddles,hhuddles9o@oaic.gov.au,Female,$907144.83,594349957,CC
350,Donn,Abramamovh,dabramamovh9p@comcast.net,Male,$355741.46,504731161,PP
351,Antons,Haresnaip,aharesnaip9q@netvibes.com,Male,$619182.23,33984089,PP
352,Christan,Dorkens,cdorkens9r@theatlantic.com,Female,$358720.20,880753062,IT
353,Fay,Allingham,fallingham9s@google.co.jp,Female,$138395.72,307158840,IT
354,Lindsey,Perrigo,lperrigo9t@mapy.cz,Male,$291768.70,526649503,IT
355,Arie,Kryska,akryska9u@oakley.com,Male,$725353.68,15961037,IT
356,Kerrie,Beasley,kbeasley9v@cbslocal.com,Female,$122020.65,1021291755,PP
357,Elijah,Glasscoe,eglasscoe9w@nih.gov,Male,$344110.03,503398471,PP
358,Clayborne,O'Dooghaine,codooghaine9x@360.cn,Male,$942099.78,930673656,IT
359,Amory,Trewartha,atrewartha9y@sphinn.com,Male,$892422.83,525445357,CC
360,Gram,Trusse,gtrusse9z@huffingtonpost.com,Male,$828008.90,1028033569,PP
361,Lev,MacTrustey,lmactrusteya0@quantcast.com,Male,$201029.31,803198052,CC
362,Byram,Ibbetson,bibbetsona1@g.co,Male,$100235.98,829834558,PP
363,Wrennie,Ramalhete,wramalhetea2@shinystat.com,Female,$384507.81,196994194,IT
364,Ardine,O'Rourke,aorourkea3@addthis.com,Female,$536486.28,356038719,PP
365,Ginni,Varker,gvarkera4@cisco.com,Female,$879610.27,536757504,IT
366,Laurette,Soames,lsoamesa5@cbsnews.com,Female,$230979.19,763161317,CC
367,Remy,Hugin,rhugina6@weebly.com,Female,$881681.56,936911353,IT
368,Peterus,Greig,pgreiga7@springer.com,Male,$551270.81,455061499,IT
369,Perla,Gilloran,pgillorana8@reuters.com,Female,$532007.80,540824198,IT
370,Roselia,Gaiford,rgaiforda9@bandcamp.com,Female,$626146.44,357045797,IT
371,Phillipe,Venables,pvenablesaa@mlb.com,Male,$375422.23,978912218,IT
372,Everett,Rupel,erupelab@tinypic.com,Male,$465969.86,954852329,PP
373,Martyn,Blant,mblantac@ovh.net,Male,$207756.06,778291218,IT
374,Gunilla,Bayley,gbayleyad@time.com,Female,$230021.71,569264315,PP
375,Jessee,Rego,jregoae@biblegateway.com,Male,$113666.59,134522710,CC
376,Bernice,Booton,bbootonaf@reuters.com,Female,$201105.91,47485419,CC
377,Gavrielle,Khristyukhin,gkhristyukhinag@craigslist.org,Female,$533784.88,362547497,IT
378,Jerrylee,Grishunin,jgrishuninah@vkontakte.ru,Female,$226471.54,316787538,CC
379,Merrilee,Bargh,mbarghai@opensource.org,Female,$142959.99,691583050,IT
380,Brewster,Stallon,bstallonaj@marketwatch.com,Male,$264999.22,900752320,PP
381,Mal,Karlmann,mkarlmannak@patch.com,Male,$787024.48,1011134109,IT
382,Jarred,McCathie,jmccathieal@topsy.com,Male,$732474.18,413597265,IT
383,Melanie,Sibthorp,msibthorpam@topsy.com,Female,$854585.99,94694618,IT
384,Kimbell,Shotboulte,kshotboultean@printfriendly.com,Male,$450577.97,40312367,IT
385,Antoine,Dimond,adimondao@acquirethisname.com,Male,$901401.92,866420381,CC
386,Killie,Karys,kkarysap@tripod.com,Male,$256314.42,1010971443,PP
387,Constance,Satteford,csattefordaq@about.com,Female,$178795.51,514309480,IT
388,Caye,Josephs,cjosephsar@liveinternet.ru,Female,$538147.40,650381749,CC
389,Orelia,Lampel,olampelas@whitehouse.gov,Female,$575568.97,428458129,CC
390,Mason,Olivetti,molivettiat@skype.com,Male,$164137.25,85739026,CC
391,Tillie,Chettle,tchettleau@blogspot.com,Female,$690522.50,323253843,IT
392,Peta,Ellin,pellinav@marriott.com,Female,$317473.64,220457839,CC
393,Lorens,Nuzzti,lnuzztiaw@miibeian.gov.cn,Male,$209720.50,642577926,CC
394,Lynn,Balmforth,lbalmforthax@icio.us,Female,$955431.91,439038421,IT
395,Keven,Floyde,kfloydeay@umn.edu,Male,$546892.13,1023202400,IT
396,Carlos,Goodale,cgoodaleaz@4shared.com,Male,$789303.17,222073633,IT
397,Corella,Bearsmore,cbearsmoreb0@mtv.com,Female,$340257.66,295069693,IT
398,Janine,Lurriman,jlurrimanb1@hud.gov,Female,$284353.62,922819071,PP
399,Corey,MacEvilly,cmacevillyb2@multiply.com,Female,$222674.04,633642388,IT
400,Jolee,Gorringe,jgorringeb3@huffingtonpost.com,Female,$556191.74,287971336,IT
401,Paco,Churly,pchurlyb4@w3.org,Male,$518892.28,988027899,IT
402,Rabi,Narracott,rnarracottb5@mozilla.com,Male,$873576.19,857831891,CC
403,Laney,Pearcy,lpearcyb6@usnews.com,Male,$649671.84,990844742,PP
404,Valery,Murname,vmurnameb7@cmu.edu,Female,$324762.77,702099152,CC
405,Munmro,Berget,mbergetb8@ca.gov,Male,$209383.20,869801073,CC
406,Gill,Ianilli,gianillib9@mit.edu,Male,$262961.68,463771875,PP
407,Flint,Tiffany,ftiffanyba@blogs.com,Male,$846256.26,826234039,CC
408,Inger,Terbeek,iterbeekbb@pen.io,Male,$799510.02,775578958,IT
409,Salmon,Bonder,sbonderbc@intel.com,Male,$241997.46,522306960,PP
410,Colby,Cumberledge,ccumberledgebd@wsj.com,Male,$280247.48,720219856,CC
411,Drud,Gennerich,dgennerichbe@shareasale.com,Male,$542644.56,193171905,IT
412,Carlotta,Nassey,cnasseybf@timesonline.co.uk,Female,$664923.51,727300644,IT
413,Nero,Iskower,niskowerbg@fc2.com,Male,$238717.88,437520491,IT
414,Jaimie,Shortland,jshortlandbh@opera.com,Male,$401732.47,98426764,IT
415,Aura,Kirrage,akirragebi@fotki.com,Female,$547058.87,596596870,PP
416,Cobbie,Masdon,cmasdonbj@ning.com,Male,$446491.76,732680632,IT
417,Kip,Labrom,klabrombk@myspace.com,Female,$394233.83,991235360,CC
418,Inna,Darracott,idarracottbl@hc360.com,Female,$296363.91,550886480,IT
419,Shaina,Drover,sdroverbm@hibu.com,Female,$182979.73,73532212,CC
420,Darsie,Riolfi,driolfibn@wisc.edu,Female,$488716.74,175696960,PP
421,Orrin,Nursey,onurseybo@digg.com,Male,$401805.78,89809905,CC
422,Rosalie,Barden,rbardenbp@blogs.com,Female,$545321.63,736812952,PP
423,Elwyn,Kybbye,ekybbyebq@who.int,Male,$777615.86,54862971,PP
424,Ermengarde,Flaws,eflawsbr@liveinternet.ru,Female,$143942.75,859077415,CC
425,Joye,Drust,jdrustbs@tumblr.com,Female,$572870.76,241663442,PP
426,Siegfried,Ondracek,sondracekbt@europa.eu,Male,$361210.73,130071878,IT
427,Farlee,Ollis,follisbu@vistaprint.com,Male,$217675.72,707099574,CC
428,Sven,Kornes,skornesbv@indiatimes.com,Male,$212860.78,730440231,PP
429,Layne,Sansun,lsansunbw@cisco.com,Female,$277933.86,978164019,IT
430,Aretha,Triebner,atriebnerbx@ifeng.com,Female,$495537.71,241666923,CC
431,Serge,Onthank,sonthankby@netscape.com,Male,$648388.64,313380589,CC
432,Homere,Iskow,hiskowbz@cafepress.com,Male,$872545.22,666803878,PP
433,Yale,Tichner,ytichnerc0@uiuc.edu,Male,$186264.02,549508970,CC
434,Jermaine,Lesmonde,jlesmondec1@cargocollective.com,Male,$142564.48,120389489,CC
435,Othelia,Cobson,ocobsonc2@pen.io,Female,$151581.57,500746698,CC
436,Jaimie,Epton,jeptonc3@wired.com,Female,$484748.81,240187204,PP
437,Murray,Kersley,mkersleyc4@printfriendly.com,Male,$642073.74,398860379,IT
438,Bendix,Mingame,bmingamec5@cyberchimps.com,Male,$977263.26,134950921,PP
439,Tatiana,Bortolini,tbortolinic6@accuweather.com,Female,$745475.64,407363378,IT
440,Giacinta,Hegdonne,ghegdonnec7@state.gov,Female,$519656.61,526734957,PP
441,Max,Hanscombe,mhanscombec8@google.nl,Male,$474779.44,544763164,CC
442,Codie,Lutas,clutasc9@clickbank.net,Male,$226215.15,380286206,IT
443,Winny,Bromby,wbrombyca@va.gov,Male,$721249.23,734780103,PP
444,Liliane,Pyne,lpynecb@biglobe.ne.jp,Female,$578488.74,81883353,IT
445,Laetitia,Alcido,lalcidocc@tiny.cc,Female,$380083.98,950126842,PP
446,Meggy,Bader,mbadercd@theglobeandmail.com,Female,$679541.55,38567747,CC
447,Marlon,Mechi,mmechice@1688.com,Male,$870003.05,698866310,CC
448,Dorothee,Dikle,ddiklecf@squidoo.com,Female,$588637.68,870850318,IT
449,Guido,Kett,gkettcg@soundcloud.com,Male,$724938.65,770432616,IT
450,Darell,Popelay,dpopelaych@opera.com,Female,$622044.97,971866950,IT
451,Lauretta,Windous,lwindousci@newsvine.com,Female,$785629.26,282724396,PP
452,Sheffield,Thorogood,sthorogoodcj@examiner.com,Male,$646925.95,736307318,PP
453,Debee,Kuhwald,dkuhwaldck@de.vu,Female,$337628.11,888992289,CC
454,Rachael,Uridge,ruridgecl@pen.io,Female,$512332.26,669950861,CC
455,Derby,Gagie,dgagiecm@java.com,Male,$210641.45,139476721,IT
456,Karleen,Beaty,kbeatycn@1688.com,Female,$552458.54,280184625,CC
457,Verina,Obert,vobertco@cmu.edu,Female,$783597.45,1030519297,PP
458,Sisely,Mumford,smumfordcp@businessweek.com,Female,$750598.08,865924583,IT
459,Faustina,Gilyatt,fgilyattcq@mapquest.com,Female,$303222.54,483404759,PP
460,Oona,Cariss,ocarisscr@japanpost.jp,Female,$296461.51,180489302,PP
461,Jeniece,Drever,jdrevercs@tinypic.com,Female,$221975.88,67694392,PP
462,Cinnamon,Siddell,csiddellct@who.int,Female,$166639.81,186004372,CC
463,Shel,Mylan,smylancu@redcross.org,Female,$895431.11,944947575,PP
464,Teresita,Worboys,tworboyscv@woothemes.com,Female,$332518.51,601654085,IT
465,Alvis,Raith,araithcw@bizjournals.com,Male,$785596.57,363979494,IT
466,Bobbee,Waters,bwaterscx@ftc.gov,Female,$994670.31,31701904,IT
467,Selie,O'Rourke,sorourkecy@topsy.com,Female,$154817.55,603138123,IT
468,Rebeca,MacKeller,rmackellercz@ebay.com,Female,$859982.67,761705386,CC
469,Martica,Paxton,mpaxtond0@infoseek.co.jp,Female,$477748.68,502611027,IT
470,Etta,Lakenton,elakentond1@tripadvisor.com,Female,$774155.40,948633379,IT
471,Lorelle,Grishunin,lgrishunind2@gizmodo.com,Female,$595140.87,499210030,PP
472,Theadora,Dendle,tdendled3@a8.net,Female,$199745.05,738555969,IT
473,Jordanna,Ivanishin,jivanishind4@alibaba.com,Female,$221037.05,665765430,PP
474,Cindra,McChruiter,cmcchruiterd5@webeden.co.uk,Female,$537046.47,599827416,IT
475,Lurline,Giacomazzo,lgiacomazzod6@wikia.com,Female,$691265.24,807485603,IT
476,Ricard,Watford,rwatfordd7@chron.com,Male,$567466.55,917267448,PP
477,Tommie,Pullinger,tpullingerd8@about.com,Male,$263899.65,229430968,IT
478,Lidia,Cordall,lcordalld9@wunderground.com,Female,$110076.72,776025929,IT
479,Berry,Thelwll,bthelwllda@wsj.com,Female,$816625.79,759227677,PP
480,Cameron,Sammes,csammesdb@nasa.gov,Male,$137615.00,17255741,IT
481,Annetta,Ebbens,aebbensdc@bravesites.com,Female,$192072.94,325814325,PP
482,Corney,Grovier,cgrovierdd@booking.com,Male,$494484.07,699563062,CC
483,Rutherford,Foxon,rfoxonde@xing.com,Male,$464914.35,272068241,CC
484,Max,Plaid,mplaiddf@studiopress.com,Female,$967402.39,517899269,IT
485,Vanny,Lundberg,vlundbergdg@hp.com,Female,$446001.23,652317986,PP
486,Ambrosi,Del Dello,adeldellodh@sun.com,Male,$519553.58,162070979,CC
487,Hashim,Gooley,hgooleydi@cloudflare.com,Male,$272965.31,627984710,CC
488,Minerva,Mallard,mmallarddj@tiny.cc,Female,$273127.91,556857855,CC
489,Imogene,Foli,ifolidk@t.co,Female,$661171.93,619583572,CC
490,Byron,Titcomb,btitcombdl@adobe.com,Male,$726937.46,107593082,PP
491,Lola,Druhan,ldruhandm@blogs.com,Female,$269909.97,910923094,CC
492,Ruperto,Fulun,rfulundn@skype.com,Male,$407389.67,279659338,CC
493,Teddie,Akester,takesterdo@people.com.cn,Female,$865322.71,293853108,CC
494,Anjanette,Booeln,abooelndp@webnode.com,Female,$657657.34,583372142,CC
495,Herbie,Brydon,hbrydondq@bloglovin.com,Male,$947159.29,666968913,IT
496,Milo,Treleven,mtrelevendr@hao123.com,Male,$120478.54,866308086,IT
497,Gav,Barnewelle,gbarnewelleds@github.com,Male,$467519.64,654377023,CC
498,Frannie,Atwel,fatweldt@cbc.ca,Male,$711910.61,245410364,PP
499,Raymond,O' Loughran,roloughrandu@ftc.gov,Male,$684109.20,513320731,PP
500,Galven,Bowdon,gbowdondv@admin.ch,Male,$764754.24,633464286,PP
501,Tessi,Sandyfirth,tsandyfirthdw@sogou.com,Female,$351398.17,489004650,PP
502,Lesley,Dautry,ldautrydx@businesswire.com,Female,$233883.63,447747639,CC
503,Nil,Gait,ngaitdy@storify.com,Male,$194711.37,679054331,IT
504,Shelia,Firebrace,sfirebracedz@eepurl.com,Female,$283266.79,921582380,IT
505,Brendan,Klimkiewich,bklimkiewiche0@elpais.com,Male,$873681.85,58147380,PP
506,Hermann,Henrion,hhenrione1@forbes.com,Male,$595426.97,901123060,CC
507,Gert,Muress,gmuresse2@sina.com.cn,Female,$382704.73,585131680,CC
508,Raddie,Skedgell,rskedgelle3@delicious.com,Male,$603964.41,1034500090,CC
509,Antonie,MacTrustey,amactrusteye4@timesonline.co.uk,Female,$990246.87,766932554,PP
510,Jaymee,Henrichs,jhenrichse5@ca.gov,Female,$946159.04,189734228,PP
511,Joellyn,Birk,jbirke6@diigo.com,Female,$380286.20,162894834,IT
512,Diandra,Lippatt,dlippatte7@boston.com,Female,$817213.47,245647350,CC
513,Richard,Perrone,rperronee8@about.com,Male,$997123.59,396352574,CC
514,Salomi,Stegel,sstegele9@auda.org.au,Female,$632607.31,824937069,CC
515,Leeland,Lacroix,llacroixea@examiner.com,Male,$514174.88,558043272,CC
516,Bing,Fisbey,bfisbeyeb@un.org,Male,$436709.73,191749069,PP
517,Towney,Hunnable,thunnableec@google.it,Male,$984561.46,438762466,IT
518,Rafferty,Bontein,rbonteined@exblog.jp,Male,$796115.11,1009491473,PP
519,Gussy,Spat,gspatee@uol.com.br,Female,$741826.77,675465390,IT
520,Ade,Kilduff,akilduffef@wp.com,Male,$490771.60,718824365,CC
521,Aretha,Cockell,acockelleg@yellowbook.com,Female,$104083.39,415026472,IT
522,Christy,Basilotta,cbasilottaeh@mapy.cz,Male,$932250.88,962862201,PP
523,Inge,Miguet,imiguetei@wired.com,Female,$536352.45,410774932,CC
524,Pedro,Skirrow,pskirrowej@exblog.jp,Male,$872810.10,115353741,PP
525,Crysta,Lode,clodeek@paginegialle.it,Female,$387348.52,288053044,IT
526,Bastian,Roarty,broartyel@miibeian.gov.cn,Male,$856236.63,686047819,CC
527,Basile,Rosa,brosaem@wikimedia.org,Male,$489015.01,524516134,PP
528,Ebba,Ranscombe,eranscombeen@domainmarket.com,Female,$195350.02,674425883,CC
529,Saree,Husband,shusbandeo@psu.edu,Female,$977085.02,29704306,PP
530,Gearard,Demageard,gdemageardep@forbes.com,Male,$594907.81,465036365,IT
531,Mireielle,Roony,mroonyeq@harvard.edu,Female,$238187.57,851411714,CC
532,Daria,Childerhouse,dchilderhouseer@omniture.com,Female,$552166.98,767572406,CC
533,Roxie,Burdikin,rburdikines@friendfeed.com,Female,$716794.21,485736828,IT
534,Alis,Cassley,acassleyet@miitbeian.gov.cn,Female,$829970.67,151706498,IT
535,Silvanus,Le Fevre,slefevreeu@tumblr.com,Male,$866690.57,276281843,PP
536,Raphael,Coad,rcoadev@google.com,Male,$867751.50,297274748,PP
537,Franchot,Chasmor,fchasmorew@people.com.cn,Male,$960241.59,454419603,CC
538,Risa,Abrahams,rabrahamsex@cnbc.com,Female,$931670.50,465259642,IT
539,Trixi,Shuttell,tshuttelley@forbes.com,Female,$215808.59,185725873,PP
540,Neilla,Bambrick,nbambrickez@hatena.ne.jp,Female,$497815.56,992301244,CC
541,Kizzee,Freda,kfredaf0@theglobeandmail.com,Female,$906180.05,398017260,IT
542,Thorsten,Asaaf,tasaaff1@ehow.com,Male,$692830.30,462840654,CC
543,Sergent,Farherty,sfarhertyf2@is.gd,Male,$972006.17,259075241,IT
544,Cherlyn,Kivell,ckivellf3@auda.org.au,Female,$169496.68,1049494208,PP
545,Neron,Stanmore,nstanmoref4@desdev.cn,Male,$595837.69,134707146,PP
546,Claudelle,Lennon,clennonf5@prnewswire.com,Female,$436471.56,499499686,CC
547,Phoebe,Tranfield,ptranfieldf6@pcworld.com,Female,$336924.46,1015082634,CC
548,Dario,Kermitt,dkermittf7@canalblog.com,Male,$819883.66,317822473,IT
549,Margarette,Lohde,mlohdef8@people.com.cn,Female,$868173.38,64567976,IT
550,Shellie,Songust,ssongustf9@mozilla.org,Female,$884656.16,207624685,IT
551,Fransisco,Quodling,fquodlingfa@rambler.ru,Male,$766704.78,904052282,CC
552,Jo ann,Klimuk,jklimukfb@ihg.com,Female,$513075.54,413039759,IT
553,Evvie,Dennehy,edennehyfc@disqus.com,Female,$865230.72,52142745,IT
554,Clement,Dragonette,cdragonettefd@istockphoto.com,Male,$162746.71,249763831,IT
555,Jilli,Beckworth,jbeckworthfe@macromedia.com,Female,$162827.36,665045575,CC
556,Kirbee,Croci,kcrociff@storify.com,Female,$161336.95,697332496,IT
557,Bo,Drage,bdragefg@adobe.com,Male,$686146.21,234445138,PP
558,Mathian,Clardge,mclardgefh@ovh.net,Male,$391045.88,590402641,CC
559,Thomas,Grogono,tgrogonofi@clickbank.net,Male,$790156.15,450014622,CC
560,Kin,Pantin,kpantinfj@gmpg.org,Male,$151650.94,431319302,CC
561,Nicolina,Eagland,neaglandfk@reddit.com,Female,$274439.91,773337499,IT
562,Jerrome,Constantinou,jconstantinoufl@jugem.jp,Male,$682377.59,253050673,IT
563,Ban,Ditch,bditchfm@uiuc.edu,Male,$620180.67,662092199,CC
564,Olenka,Focke,ofockefn@webmd.com,Female,$636543.96,496409932,IT
565,Roxana,Oldland,roldlandfo@freewebs.com,Female,$921544.77,923013858,PP
566,Vera,Rylatt,vrylattfp@sina.com.cn,Female,$551437.23,160620472,CC
567,Avrit,Binestead,abinesteadfq@163.com,Female,$677773.23,936013371,CC
568,Rodrick,Saffer,rsafferfr@marriott.com,Male,$925501.45,897410841,IT
569,Isidoro,Dubbin,idubbinfs@unicef.org,Male,$961601.77,107959565,IT
570,Eben,Tomsett,etomsettft@google.ru,Male,$186640.62,26209045,PP
571,Allister,Rolley,arolleyfu@xinhuanet.com,Male,$420444.12,415159014,CC
572,Rhianna,Braunthal,rbraunthalfv@paginegialle.it,Female,$636416.92,97694314,CC
573,Thane,Prover,tproverfw@drupal.org,Male,$664898.10,731387278,CC
574,Lindsey,Stiger,lstigerfx@tamu.edu,Female,$274012.38,834905665,IT
575,Derrek,Stebbin,dstebbinfy@phpbb.com,Male,$809405.20,830601400,IT
576,Dione,Derye-Barrett,dderyebarrettfz@reuters.com,Female,$805972.80,985332305,IT
577,Lutero,Lickorish,llickorishg0@issuu.com,Male,$705725.24,1007094532,CC
578,Gibb,Ganniclifft,gganniclifftg1@eepurl.com,Male,$936781.47,544433608,PP
579,Evey,Constable,econstableg2@dion.ne.jp,Female,$191955.49,110065619,IT
580,Ferguson,Littleproud,flittleproudg3@si.edu,Male,$109091.36,811217544,PP
581,Dougy,Lauks,dlauksg4@princeton.edu,Male,$305318.85,849597443,CC
582,Fiann,Gerauld,fgerauldg5@yahoo.com,Female,$856177.62,796702240,IT
583,Carmencita,Wasylkiewicz,cwasylkiewiczg6@elegantthemes.com,Female,$919714.10,945419414,CC
584,Chevy,Aish,caishg7@slate.com,Male,$446295.71,871414361,IT
585,Samson,Mateos,smateosg8@exblog.jp,Male,$276455.64,882280741,IT
586,Doug,Rudland,drudlandg9@hexun.com,Male,$917036.88,658752081,PP
587,Nickolai,Peyto,npeytoga@shinystat.com,Male,$637004.02,786476567,PP
588,Sally,Pretti,sprettigb@squidoo.com,Female,$431688.66,652006843,PP
589,Christan,Fautly,cfautlygc@facebook.com,Female,$968778.17,987310357,IT
590,Jessee,Snarr,jsnarrgd@feedburner.com,Male,$656223.75,795383764,CC
591,Aldous,Lindroos,alindroosge@instagram.com,Male,$345856.60,192232828,CC
592,Galina,Duncanson,gduncansongf@stanford.edu,Female,$205576.26,749721845,CC
593,Dorise,Wilding,dwildinggg@lycos.com,Female,$854684.22,844382969,PP
594,Maureen,Pollastrone,mpollastronegh@google.fr,Female,$617335.27,642762497,CC
595,Berri,Gersam,bgersamgi@yolasite.com,Female,$916158.37,689693582,CC
596,Renault,Whithorn,rwhithorngj@odnoklassniki.ru,Male,$328887.09,181550040,IT
597,Debee,Conklin,dconklingk@nyu.edu,Female,$111589.40,963696490,IT
598,Brianna,Benian,bbeniangl@typepad.com,Female,$375632.31,970034496,IT
599,Brigida,Kittow,bkittowgm@statcounter.com,Female,$560032.86,275349810,IT
600,Harli,Davoren,hdavorengn@csmonitor.com,Female,$543513.47,1035870537,PP
601,Porty,Faires,pfairesgo@abc.net.au,Male,$549783.54,878460924,IT
602,Hortense,McKeady,hmckeadygp@sfgate.com,Female,$852502.05,319499454,IT
603,Teressa,Derks,tderksgq@xrea.com,Female,$575974.18,167680234,IT
604,Jolie,Bartel,jbartelgr@umn.edu,Female,$434286.71,455769891,CC
605,Krystal,Triplett,ktriplettgs@nymag.com,Female,$773983.66,451398662,IT
606,Sumner,Silkston,ssilkstongt@pagesperso-orange.fr,Male,$404109.46,75273355,IT
607,Maggy,Spaducci,mspaduccigu@fema.gov,Female,$998891.47,521391935,CC
608,Mose,Huskisson,mhuskissongv@elpais.com,Male,$365837.20,82866157,PP
609,Gabriela,De Leek,gdeleekgw@bluehost.com,Female,$160563.25,803751125,CC
610,Felicio,Dono,fdonogx@simplemachines.org,Male,$521300.90,877756389,CC
611,Rozella,Crosskill,rcrosskillgy@com.com,Female,$228122.92,785671403,CC
612,Jeanne,Bisp,jbispgz@furl.net,Female,$857998.26,368475325,IT
613,Udale,Cargen,ucargenh0@edublogs.org,Male,$725734.24,1006954206,IT
614,Delcine,Welburn,dwelburnh1@about.com,Female,$976768.40,523846604,PP
615,Enos,Jefferd,ejefferdh2@google.com.au,Male,$291739.07,469364384,CC
616,Hamish,Ors,horsh3@alibaba.com,Male,$941457.59,880257560,CC
617,Juana,Skevington,jskevingtonh4@instagram.com,Female,$753012.87,675348294,PP
618,Vernen,Whotton,vwhottonh5@stumbleupon.com,Male,$667742.93,348618878,IT
619,Lars,Kersting,lkerstingh6@homestead.com,Male,$396906.82,406917387,CC
620,Biddy,Mabbe,bmabbeh7@auda.org.au,Female,$835504.29,831994613,IT
621,Berrie,Botha,bbothah8@java.com,Female,$743721.27,529317221,IT
622,Jessa,Endley,jendleyh9@goo.gl,Female,$754961.70,56640554,IT
623,Barnaby,Viney,bvineyha@dailymail.co.uk,Male,$518691.70,191022490,PP
624,Merralee,Lippett,mlippetthb@smh.com.au,Female,$763540.86,331735152,CC
625,Edvard,de Savery,edesaveryhc@abc.net.au,Male,$199739.03,711408935,PP
626,Mayer,Pennick,mpennickhd@about.com,Male,$279011.97,799842085,PP
627,Fields,McSkin,fmcskinhe@mozilla.org,Male,$560551.65,888297099,IT
628,Glen,Densham,gdenshamhf@newyorker.com,Female,$757430.08,194600068,IT
629,Emylee,Gillyatt,egillyatthg@ed.gov,Female,$681060.96,255767353,PP
630,Gretal,Dumphries,gdumphrieshh@merriam-webster.com,Female,$382675.32,711361303,PP
631,Norrie,Sleightholm,nsleightholmhi@ask.com,Male,$145393.37,758652062,PP
632,Webb,Bengough,wbengoughhj@theglobeandmail.com,Male,$836680.35,434081503,CC
633,Brett,Orme,bormehk@washingtonpost.com,Female,$824777.88,529495548,CC
634,Goraud,Keyhoe,gkeyhoehl@issuu.com,Male,$112325.89,421082348,PP
635,Bond,Showering,bshoweringhm@virginia.edu,Male,$863104.71,989180247,CC
636,Melina,Papen,mpapenhn@vk.com,Female,$564343.07,428384206,CC
637,Jeremy,Puden,jpudenho@howstuffworks.com,Male,$331629.39,214988277,CC
638,Malcolm,Mottini,mmottinihp@fema.gov,Male,$771384.07,247572617,IT
639,Brig,Andrat,bandrathq@blogs.com,Male,$367025.49,443328507,PP
640,Edithe,Mattusov,emattusovhr@amazon.co.jp,Female,$246266.34,1041269644,IT
641,Dorolisa,Freeberne,dfreebernehs@merriam-webster.com,Female,$273705.52,242016439,CC
642,Carol,Langthorn,clangthornht@fastcompany.com,Female,$420089.67,169641907,CC
643,Bernhard,Saladino,bsaladinohu@dropbox.com,Male,$120863.96,356971163,PP
644,Archambault,Ealam,aealamhv@skype.com,Male,$918661.82,580044267,PP
645,Frederich,Rontsch,frontschhw@diigo.com,Male,$633549.16,984085129,IT
646,Turner,Gorthy,tgorthyhx@blinklist.com,Male,$685465.06,562890566,IT
647,Ariela,Duinbleton,aduinbletonhy@reddit.com,Female,$615757.17,641681628,CC
648,Ollie,Haspineall,ohaspineallhz@nhs.uk,Female,$289881.08,753083318,IT
649,Aliza,Doerren,adoerreni0@hc360.com,Female,$692371.59,290545630,IT
650,Maddie,Trudgion,mtrudgioni1@homestead.com,Male,$338018.00,107773475,IT
651,Meghann,Giametti,mgiamettii2@alexa.com,Female,$659640.79,442879099,CC
652,Jareb,Strainge,jstraingei3@apache.org,Male,$188779.06,447728969,CC
653,Pebrook,Antonin,pantonini4@blogger.com,Male,$696139.65,225448928,CC
654,Sheri,Sharples,ssharplesi5@stumbleupon.com,Female,$306903.66,79750385,CC
655,Jorgan,Knighton,jknightoni6@google.pl,Male,$932970.29,852124800,PP
656,Torre,Smeeton,tsmeetoni7@sitemeter.com,Male,$480077.78,731397035,PP
657,Jude,Wickendon,jwickendoni8@mapquest.com,Male,$585550.46,286469076,PP
658,Franky,Haste,fhastei9@godaddy.com,Male,$485650.92,967116043,IT
659,Hallie,Winny,hwinnyia@mashable.com,Female,$397397.50,847714801,CC
660,Shay,Lundie,slundieib@arizona.edu,Female,$256580.70,853631386,PP
661,Deborah,Eaklee,deakleeic@squidoo.com,Female,$769299.84,832975982,IT
662,Worth,Cottie,wcottieid@pcworld.com,Male,$468404.13,311933227,PP
663,Wylie,Seefus,wseefusie@usatoday.com,Male,$330891.49,793947134,IT
664,Hale,Nuccitelli,hnuccitelliif@earthlink.net,Male,$458155.24,352519403,PP
665,Gauthier,Cordrey,gcordreyig@weather.com,Male,$131986.17,166906781,IT
666,Bryce,Bolding,bboldingih@nih.gov,Male,$722203.42,552679790,PP
667,Nikkie,Gofton,ngoftonii@tinypic.com,Female,$678574.92,479222129,PP
668,Faydra,Lesper,flesperij@microsoft.com,Female,$479860.32,88793049,CC
669,Frasier,Crolla,fcrollaik@spotify.com,Male,$966812.07,925005006,PP
670,Bethany,MacAlpine,bmacalpineil@networkadvertising.org,Female,$839708.88,1024451436,IT
671,Evangeline,Wilcott,ewilcottim@jigsy.com,Female,$764930.45,838776011,CC
672,Scott,Cardenas,scardenasin@shop-pro.jp,Male,$929026.78,297357122,CC
673,Cesar,Cairns,ccairnsio@wp.com,Male,$331103.25,794605799,CC
674,Engracia,Sliney,eslineyip@wikimedia.org,Female,$286464.51,585528545,PP
675,Turner,Pearcey,tpearceyiq@dyndns.org,Male,$898712.57,497254540,CC
676,Rona,Woosnam,rwoosnamir@nature.com,Female,$521505.92,784805311,CC
677,Merrick,Tolotti,mtolottiis@amazon.com,Male,$151880.52,1004439955,IT
678,Vanessa,Cutill,vcutillit@dailymail.co.uk,Female,$270899.12,201714008,CC
679,Casey,Haddleston,chaddlestoniu@mozilla.org,Male,$621752.41,725546981,IT
680,Teodora,Veregan,tvereganiv@newyorker.com,Female,$160921.02,751481956,CC
681,Filippo,Harcombe,fharcombeiw@freewebs.com,Male,$925229.08,861687702,PP
682,Rowe,Vian,rvianix@dailymotion.com,Female,$402945.77,835207810,CC
683,Ursula,Rigmand,urigmandiy@freewebs.com,Female,$460876.76,134675232,IT
684,Edouard,O'Growgane,eogrowganeiz@eventbrite.com,Male,$169649.48,149297805,PP
685,Mathew,Fortin,mfortinj0@google.cn,Male,$492988.86,528911998,CC
686,Izaak,Riddeough,iriddeoughj1@multiply.com,Male,$336820.42,91606939,IT
687,Kyle,Reames,kreamesj2@miitbeian.gov.cn,Male,$900308.40,90344297,IT
688,Eloise,Burnall,eburnallj3@paypal.com,Female,$204397.92,250401070,PP
689,Munroe,Medforth,mmedforthj4@fda.gov,Male,$358437.46,826912841,PP
690,Giuseppe,Nuemann,gnuemannj5@who.int,Male,$653340.50,659625523,IT
691,Burnaby,Marven,bmarvenj6@engadget.com,Male,$729847.87,664473914,IT
692,Delcina,Snead,dsneadj7@aol.com,Female,$670666.64,942170446,IT
693,Coriss,Mendez,cmendezj8@gnu.org,Female,$574491.41,870880657,CC
694,Gaylene,Baude,gbaudej9@auda.org.au,Female,$587524.94,313636713,PP
695,Ephrem,Rhys,erhysja@webnode.com,Male,$251870.49,550107479,IT
696,Trstram,Embury,temburyjb@ihg.com,Male,$272430.15,164483452,PP
697,Carolan,Colchett,ccolchettjc@bbc.co.uk,Female,$739647.10,239013707,IT
698,Thom,Grain,tgrainjd@nhs.uk,Male,$412698.51,523586276,CC
699,Creigh,Robben,crobbenje@soundcloud.com,Male,$320416.81,788793955,PP
700,Sergio,Morrish,smorrishjf@sciencedaily.com,Male,$570284.11,1017764191,IT
701,Gayle,Dallon,gdallonjg@dailymotion.com,Male,$300381.86,528500446,IT
702,Sumner,Prazer,sprazerjh@opera.com,Male,$119316.69,857245644,PP
703,Cleopatra,O'dell,codellji@php.net,Female,$383483.21,216001079,CC
704,Vale,Eynon,veynonjj@baidu.com,Male,$811607.35,700844234,IT
705,Kermit,Warham,kwarhamjk@wsj.com,Male,$192842.56,859231113,IT
706,Abelard,Benkhe,abenkhejl@yale.edu,Male,$903319.11,856676208,IT
707,Gayel,Kleyn,gkleynjm@cornell.edu,Female,$694568.06,332547269,PP
708,Leticia,Walster,lwalsterjn@amazon.co.jp,Female,$751124.97,697621180,CC
709,Dorelia,Stanluck,dstanluckjo@surveymonkey.com,Female,$545853.60,389051442,CC
710,Alessandro,Choppen,achoppenjp@dailymail.co.uk,Male,$125669.04,608653225,PP
711,Aksel,Halbeard,ahalbeardjq@google.com.hk,Male,$844622.04,576955576,PP
712,Thaine,Lusty,tlustyjr@mapy.cz,Male,$579791.98,271306843,IT
713,Martita,Cluse,mclusejs@nih.gov,Female,$347295.14,239573297,PP
714,Shem,Rabbe,srabbejt@soup.io,Male,$799604.51,89279356,IT
715,Dietrich,Pretty,dprettyju@4shared.com,Male,$461043.45,284011652,CC
716,Malia,Hrycek,mhrycekjv@thetimes.co.uk,Female,$778610.22,656784815,CC
717,Benn,MacGow,bmacgowjw@reference.com,Male,$994491.82,71659663,PP
718,Penn,Scothron,pscothronjx@blogspot.com,Male,$331003.43,895964413,PP
719,Rice,Bethell,rbethelljy@zdnet.com,Male,$255150.75,81514027,PP
720,Dani,Tofful,dtoffuljz@photobucket.com,Male,$261659.40,750743048,CC
721,Lillian,Haughton,lhaughtonk0@blogspot.com,Female,$275320.05,112347296,PP
722,Kermit,Ciccotti,kciccottik1@stanford.edu,Male,$117763.92,727138793,PP
723,Franky,De Biaggi,fdebiaggik2@symantec.com,Female,$694156.89,747992517,PP
724,Heddie,Jossel,hjosselk3@earthlink.net,Female,$904634.16,95293908,CC
725,Georgine,Pomfret,gpomfretk4@oakley.com,Female,$732096.23,24741809,IT
726,Bethanne,Gettone,bgettonek5@cmu.edu,Female,$957080.24,794283067,PP
727,Dannel,Bletcher,dbletcherk6@usnews.com,Male,$909600.55,343668628,PP
728,Marnia,Nottingam,mnottingamk7@sohu.com,Female,$535491.59,296306360,CC
729,Ursuline,Antonacci,uantonaccik8@google.pl,Female,$696675.42,325602367,PP
730,Desi,Bartosek,dbartosekk9@ucoz.com,Male,$376298.47,161313066,IT
731,Akim,Rolstone,arolstoneka@cdc.gov,Male,$252273.62,838686532,PP
732,Andrej,Mityukov,amityukovkb@noaa.gov,Male,$946788.24,144542925,IT
733,Brittan,Scourge,bscourgekc@purevolume.com,Female,$530913.74,13541266,CC
734,Andee,Mozzini,amozzinikd@canalblog.com,Female,$520999.21,399806733,PP
735,Cris,Tolerton,ctolertonke@earthlink.net,Female,$646927.84,937154925,CC
736,Diego,Eakin,deakinkf@ox.ac.uk,Male,$701969.39,66151471,IT
737,Nadiya,Trowsdale,ntrowsdalekg@mediafire.com,Female,$105178.39,203373072,CC
738,Lothario,Finessy,lfinessykh@sphinn.com,Male,$992766.73,260041675,PP
739,Gerick,Benedicto,gbenedictoki@e-recht24.de,Male,$274599.01,992424189,CC
740,Delphinia,Hurtado,dhurtadokj@ucsd.edu,Female,$339461.21,566112162,PP
741,Thaxter,Greedier,tgreedierkk@imgur.com,Male,$597283.79,742318394,CC
742,Conney,Franies,cfranieskl@ted.com,Male,$323808.48,569524590,IT
743,Keelia,Hadden,khaddenkm@4shared.com,Female,$768506.55,306733635,PP
744,Artemus,Roch,arochkn@berkeley.edu,Male,$437756.22,654068270,CC
745,Dominga,Orris,dorrisko@accuweather.com,Female,$795101.86,996919693,CC
746,Oswald,Synder,osynderkp@aol.com,Male,$593106.14,135029496,IT
747,Shurlocke,Venners,svennerskq@netscape.com,Male,$994371.08,111644923,CC
748,Henry,Maidstone,hmaidstonekr@techcrunch.com,Male,$297737.18,272520055,IT
749,Roselin,Callan,rcallanks@webeden.co.uk,Female,$758704.06,357073324,CC
750,Carmon,Landsman,clandsmankt@wunderground.com,Female,$556566.93,938002777,PP
751,Fonzie,Hazael,fhazaelku@eventbrite.com,Male,$804937.24,630949815,IT
752,Cathrine,Dyton,cdytonkv@com.com,Female,$208869.15,954670690,CC
753,Welsh,Renton,wrentonkw@ovh.net,Male,$149722.04,888939625,CC
754,Claudell,Minghella,cminghellakx@goodreads.com,Male,$245026.55,260141598,IT
755,Tobie,Chansonne,tchansonneky@columbia.edu,Male,$521460.99,919126666,CC
756,Sheffy,Ottey,sotteykz@blogs.com,Male,$658294.55,1035842740,PP
757,Iggie,Pallis,ipallisl0@independent.co.uk,Male,$146218.18,163197287,CC
758,Basia,Yaknov,byaknovl1@reuters.com,Female,$898080.00,397733713,PP
759,Ches,Dougill,cdougilll2@altervista.org,Male,$472162.74,421683259,CC
760,Katharine,Jillis,kjillisl3@shop-pro.jp,Female,$360798.12,605336030,PP
761,Yuri,Shimuk,yshimukl4@washingtonpost.com,Male,$343373.30,361131436,PP
762,Orran,Kyrkeman,okyrkemanl5@sina.com.cn,Male,$100240.11,200056474,PP
763,Ned,Baseggio,nbaseggiol6@goo.gl,Male,$371630.21,133999572,PP
764,Sonnie,Noseworthy,snoseworthyl7@blogtalkradio.com,Female,$955557.43,79749062,CC
765,Marla,Toffolini,mtoffolinil8@howstuffworks.com,Female,$756154.01,386496768,CC
766,Angelo,Audsley,aaudsleyl9@bluehost.com,Male,$679267.67,727769839,IT
767,Ernestus,Sorsby,esorsbyla@indiegogo.com,Male,$502948.51,419565229,PP
768,Aluino,Gantley,agantleylb@hexun.com,Male,$427143.28,576595691,IT
769,Wilt,Oxtoby,woxtobylc@ow.ly,Male,$761241.57,82627186,CC
770,Kendre,Schulken,kschulkenld@list-manage.com,Female,$619088.02,317236921,CC
771,Alyss,Canelas,acanelasle@house.gov,Female,$359845.20,91832171,PP
772,Fidelio,Enriquez,fenriquezlf@nationalgeographic.com,Male,$996118.53,536990510,PP
773,Caddric,Rykert,crykertlg@ovh.net,Male,$437986.84,454203080,CC
774,Thedric,Clubb,tclubblh@dmoz.org,Male,$380749.24,189663748,CC
775,De,Studdert,dstuddertli@desdev.cn,Female,$946328.73,635162579,CC
776,Eveline,Seale,esealelj@berkeley.edu,Female,$428085.16,852572674,CC
777,Carlyle,Haslock(e),chaslockelk@devhub.com,Male,$823519.84,201190566,PP
778,Val,Lindegard,vlindegardll@tripod.com,Male,$956378.49,550409700,IT
779,Bethena,Skillanders,bskillanderslm@statcounter.com,Female,$907342.00,154984907,CC
780,Toby,Walkden,twalkdenln@dailymail.co.uk,Female,$934581.59,405846056,PP
781,Bern,Asgodby,basgodbylo@vk.com,Male,$519477.15,219514180,IT
782,Aleta,Scotchmore,ascotchmorelp@over-blog.com,Female,$386654.37,390513654,CC
783,Carmelia,Rubinow,crubinowlq@archive.org,Female,$243001.14,260180014,CC
784,Fowler,Speller,fspellerlr@goo.gl,Male,$480935.89,944582908,PP
785,Dani,Dumbrill,ddumbrillls@guardian.co.uk,Female,$798709.18,994921266,IT
786,Nara,Goudy,ngoudylt@reddit.com,Female,$502505.80,761943588,IT
787,Lamar,Sarah,lsarahlu@loc.gov,Male,$267754.05,299101977,CC
788,Willow,Rosenbusch,wrosenbuschlv@ocn.ne.jp,Female,$906037.88,823035235,PP
789,Terese,Kirtley,tkirtleylw@irs.gov,Female,$125474.05,237847642,IT
790,Bruce,Renfrew,brenfrewlx@feedburner.com,Male,$842865.18,180623646,PP
791,Halette,Cinnamond,hcinnamondly@arstechnica.com,Female,$603065.31,203288991,PP
792,Luther,Bacop,lbacoplz@wikispaces.com,Male,$387514.62,869039832,PP
793,Arnaldo,Lealle,aleallem0@imdb.com,Male,$335404.34,250442917,CC
794,Brigit,Plows,bplowsm1@hud.gov,Female,$159872.58,301624249,CC
795,Ennis,McGunley,emcgunleym2@berkeley.edu,Male,$544140.17,947203893,PP
796,Tonya,Rivenzon,trivenzonm3@goodreads.com,Female,$751860.01,1036190766,IT
797,Quinlan,MacUchadair,qmacuchadairm4@youtu.be,Male,$275379.37,991220585,CC
798,Barbi,Tincey,btinceym5@google.de,Female,$599585.11,941056339,CC
799,Borden,Easbie,beasbiem6@goo.ne.jp,Male,$142933.69,198423240,PP
800,Gunner,O'Riordan,goriordanm7@webeden.co.uk,Male,$930807.65,1012255596,IT
801,Ganny,Kline,gklinem8@example.com,Male,$109997.08,913269729,PP
802,Blayne,Maceur,bmaceurm9@bigcartel.com,Male,$972164.64,302665467,IT
803,Rocky,Gethin,rgethinma@taobao.com,Male,$505229.32,908678178,IT
804,Lynnet,Sapp,lsappmb@nydailynews.com,Female,$554122.93,716478378,CC
805,Clarita,Dorkins,cdorkinsmc@indiatimes.com,Female,$525830.04,36725778,PP
806,Rabbi,Luty,rlutymd@dion.ne.jp,Male,$462773.64,760834439,CC
807,Nariko,House,nhouseme@mapy.cz,Female,$976618.58,390773464,PP
808,Benjie,Chevers,bcheversmf@uol.com.br,Male,$741439.10,997047249,IT
809,Vinnie,Drohane,vdrohanemg@china.com.cn,Female,$460801.07,1009806756,IT
810,Worth,Inett,winettmh@geocities.com,Male,$811355.89,227477837,CC
811,Jenda,Caulder,jcauldermi@dailymotion.com,Female,$815021.48,382671072,IT
812,Terese,Bramstom,tbramstommj@theglobeandmail.com,Female,$883665.72,460141617,CC
813,Nikaniki,Manchester,nmanchestermk@wp.com,Female,$283905.74,254379398,IT
814,Lyndsey,Carcass,lcarcassml@senate.gov,Female,$150084.72,557141091,PP
815,Salmon,Hoble,shoblemm@booking.com,Male,$138505.90,295177683,CC
816,Athena,Lawlie,alawliemn@gravatar.com,Female,$843765.64,1046018277,IT
817,Maryl,Orum,morummo@blog.com,Female,$149353.84,726002986,CC
818,Mile,Baudichon,mbaudichonmp@loc.gov,Male,$916932.20,987098238,IT
819,Lauri,Bygott,lbygottmq@angelfire.com,Female,$965268.21,804770550,IT
820,Jaquith,Cornier,jcorniermr@de.vu,Female,$743142.01,1042511680,CC
821,Kath,Clubley,kclubleyms@usda.gov,Female,$888658.40,505306119,PP
822,Steffi,Radden,sraddenmt@paginegialle.it,Female,$484322.33,273484155,CC
823,Ronald,Broschek,rbroschekmu@webmd.com,Male,$774023.05,197590716,CC
824,Agnella,Billingham,abillinghammv@ftc.gov,Female,$229910.80,914185404,IT
825,Cornelle,Albin,calbinmw@reverbnation.com,Female,$817350.20,1038150606,IT
826,Bay,Regenhardt,bregenhardtmx@blogspot.com,Male,$791015.72,953307883,CC
827,Gwyneth,Eynald,geynaldmy@columbia.edu,Female,$844394.02,58728936,CC
828,Brodie,Witul,bwitulmz@phpbb.com,Male,$174919.13,305806772,IT
829,Carroll,Creamen,ccreamenn0@statcounter.com,Male,$625887.56,918694505,IT
830,Cecilio,Byron,cbyronn1@over-blog.com,Male,$861048.09,252177847,PP
831,Casi,Arnott,carnottn2@seesaa.net,Female,$903331.17,715013543,PP
832,Ramon,Game,rgamen3@fc2.com,Male,$646040.62,516650547,PP
833,Celie,Merdew,cmerdewn4@mapy.cz,Female,$897183.55,525550663,PP
834,Nevile,Drake,ndraken5@google.co.uk,Male,$271444.29,910830523,IT
835,Manuel,Titchen,mtitchenn6@mtv.com,Male,$788917.03,467210124,IT
836,Redd,Porcher,rporchern7@walmart.com,Male,$424320.04,761075571,IT
837,Oates,Demonge,odemongen8@blog.com,Male,$750658.52,995313756,CC
838,Andres,Wignall,awignalln9@ezinearticles.com,Male,$918946.18,32023680,PP
839,Sergio,Baxster,sbaxsterna@stumbleupon.com,Male,$171401.46,709630005,PP
840,Edithe,Bythway,ebythwaynb@mapquest.com,Female,$231393.93,49122623,CC
841,Fidel,Hark,fharknc@networkadvertising.org,Male,$599201.56,488908653,CC
842,Shara,Airey,saireynd@mac.com,Female,$906586.01,1018359453,CC
843,Dmitri,Logesdale,dlogesdalene@paypal.com,Male,$499490.07,259460840,IT
844,Byram,Stannett,bstannettnf@github.io,Male,$826992.99,505514967,PP
845,Costanza,Orbell,corbellng@de.vu,Female,$946533.67,973533350,IT
846,Cozmo,Bassano,cbassanonh@java.com,Male,$533602.22,275337397,CC
847,Eveleen,Darnbrook,edarnbrookni@symantec.com,Female,$807289.19,388281745,CC
848,Cristal,Vann,cvannnj@scientificamerican.com,Female,$589874.45,468426700,CC
849,Skip,Shatliff,sshatliffnk@constantcontact.com,Male,$622417.17,350286579,IT
850,Noach,Vawton,nvawtonnl@cbsnews.com,Male,$601781.18,794797679,CC
851,Shea,McCambridge,smccambridgenm@diigo.com,Male,$263866.14,542520589,CC
852,Bayard,Canada,bcanadann@sina.com.cn,Male,$117956.12,384450233,CC
853,Row,Gaw,rgawno@sphinn.com,Female,$891796.67,127901501,CC
854,Tammi,Winsley,twinsleynp@bing.com,Female,$954539.02,812127207,PP
855,Leilah,Eadmeads,leadmeadsnq@reference.com,Female,$541872.07,344794352,CC
856,Kellby,Panons,kpanonsnr@comsenz.com,Male,$404663.01,63194591,IT
857,Maryl,Eastridge,meastridgens@nps.gov,Female,$294104.48,152925191,IT
858,Harcourt,Tomasutti,htomasuttint@pen.io,Male,$314248.13,439166885,PP
859,Amity,Cyson,acysonnu@a8.net,Female,$854297.64,750779342,PP
860,Nicolle,McRoberts,nmcrobertsnv@paginegialle.it,Female,$523124.93,868151967,CC
861,Sid,Paiton,spaitonnw@alibaba.com,Male,$557727.69,883986793,PP
862,Weber,Benedetti,wbenedettinx@imgur.com,Male,$743066.16,697516330,CC
863,Corey,Gullyes,cgullyesny@icq.com,Male,$525869.33,927101127,IT
864,Westbrooke,Crockley,wcrockleynz@naver.com,Male,$942381.70,142905985,CC
865,Marja,Ingleston,minglestono0@fc2.com,Female,$502426.36,586101919,PP
866,Floyd,Giorgioni,fgiorgionio1@hugedomains.com,Male,$695531.97,807805666,CC
867,Vernon,Maly,vmalyo2@scientificamerican.com,Male,$603576.59,369942351,IT
868,Rosina,Cantwell,rcantwello3@behance.net,Female,$755971.13,895341124,CC
869,Archibaldo,Hrinishin,ahrinishino4@cargocollective.com,Male,$916859.89,73748425,PP
870,Clive,Geill,cgeillo5@kickstarter.com,Male,$459829.51,773597637,IT
871,Rania,Branche,rbrancheo6@rakuten.co.jp,Female,$835002.78,52006655,CC
872,Rolland,Sodor,rsodoro7@chronoengine.com,Male,$750830.51,759612680,IT
873,Fraze,Toor,ftooro8@dot.gov,Male,$325864.72,256160089,CC
874,Lillian,Marklund,lmarklundo9@flavors.me,Female,$332845.42,573460122,IT
875,Alecia,Allsopp,aallsoppoa@dion.ne.jp,Female,$604235.80,928274854,IT
876,Cordie,Hemphill,chemphillob@mediafire.com,Female,$175929.31,627512695,IT
877,Eugenius,Smallpeace,esmallpeaceoc@nydailynews.com,Male,$412424.57,972702770,CC
878,Burtie,Kesterton,bkestertonod@constantcontact.com,Male,$389985.60,217443748,PP
879,Iggy,Guitte,iguitteoe@opensource.org,Male,$882442.01,80534252,IT
880,Miltie,Cropp,mcroppof@ning.com,Male,$244308.04,470195516,PP
881,Lilly,Muller,lmullerog@so-net.ne.jp,Female,$547088.40,727716145,IT
882,Vannie,McGoldrick,vmcgoldrickoh@cyberchimps.com,Female,$564125.71,924861935,PP
883,Phaidra,Goodere,pgoodereoi@intel.com,Female,$504552.27,569329020,PP
884,Hogan,Mowsdell,hmowsdelloj@ed.gov,Male,$944331.46,127733661,CC
885,Irita,Kivelhan,ikivelhanok@blog.com,Female,$651158.14,415391135,CC
886,Elihu,Jellyman,ejellymanol@hp.com,Male,$128370.48,633004041,PP
887,Dennis,Myrtle,dmyrtleom@phoca.cz,Male,$227002.27,377863435,CC
888,Nowell,Faragher,nfaragheron@blog.com,Male,$576043.85,937690199,CC
889,Chaim,Shorten,cshortenoo@unblog.fr,Male,$322746.44,350649217,CC
890,Sherwin,Dyet,sdyetop@goo.gl,Male,$829314.08,268787985,PP
891,Adrianna,Buffey,abuffeyoq@aboutads.info,Female,$220698.21,690989932,PP
892,Kyla,Alenin,kaleninor@timesonline.co.uk,Female,$680510.90,905751479,CC
893,Isidore,St. Quentin,istquentinos@blinklist.com,Male,$576543.92,988306664,CC
894,Evania,Lively,elivelyot@weather.com,Female,$757161.44,575854605,PP
895,Ephrem,Ossipenko,eossipenkoou@abc.net.au,Male,$654819.62,442474483,IT
896,Fanny,Shorbrook,fshorbrookov@webeden.co.uk,Female,$688225.12,431739843,CC
897,Bertie,Struss,bstrussow@loc.gov,Female,$173911.11,431395000,PP
898,Carol-jean,Poulter,cpoulterox@parallels.com,Female,$780559.97,88485841,CC
899,Giustina,Anthoine,ganthoineoy@feedburner.com,Female,$103597.06,717908312,IT
900,Robbert,Patridge,rpatridgeoz@slideshare.net,Male,$508289.32,517074739,PP
901,Rennie,Reynoldson,rreynoldsonp0@europa.eu,Female,$143215.77,226209829,PP
902,Rebeka,Paprotny,rpaprotnyp1@answers.com,Female,$412228.36,472180011,CC
903,Leanna,Isaac,lisaacp2@weebly.com,Female,$567678.10,644721932,IT
904,Marcellus,Antonnikov,mantonnikovp3@cam.ac.uk,Male,$729550.34,598341136,PP
905,Munroe,Antonsen,mantonsenp4@typepad.com,Male,$746028.62,435240959,CC
906,Dominica,Rowaszkiewicz,drowaszkiewiczp5@google.cn,Female,$154075.49,505781150,CC
907,Kelly,Trussler,ktrusslerp6@microsoft.com,Male,$237456.02,540987907,PP
908,Joela,Crossgrove,jcrossgrovep7@ihg.com,Female,$224882.77,850921624,IT
909,Orren,Smy,osmyp8@globo.com,Male,$470332.31,595975836,PP
910,Warner,Ozintsev,wozintsevp9@sakura.ne.jp,Male,$591331.89,460053936,PP
911,Drona,Helleker,dhellekerpa@unblog.fr,Female,$353790.98,16221949,IT
912,Nonie,Rycroft,nrycroftpb@jalbum.net,Female,$603584.90,565682152,PP
913,Linzy,Ashburne,lashburnepc@apache.org,Female,$277680.84,492850011,PP
914,Mable,Beirne,mbeirnepd@paginegialle.it,Female,$457876.17,721955093,IT
915,Pierrette,Chasmor,pchasmorpe@homestead.com,Female,$155901.12,777457809,IT
916,Launce,Last,llastpf@constantcontact.com,Male,$455354.68,659001765,PP
917,Syman,Corbould,scorbouldpg@cbsnews.com,Male,$320408.64,895633813,IT
918,Cloris,Catenot,ccatenotph@unblog.fr,Female,$290409.64,85470527,CC
919,Demetra,Goudy,dgoudypi@liveinternet.ru,Female,$626647.37,237419165,IT
920,Demetri,Cogley,dcogleypj@dailymail.co.uk,Male,$128974.07,768711659,IT
921,Ravi,Voff,rvoffpk@gmpg.org,Male,$798604.80,220748443,CC
922,Lou,Letten,llettenpl@theglobeandmail.com,Male,$568599.30,696013861,CC
923,Trixy,Guthrie,tguthriepm@umn.edu,Female,$296159.51,138938602,IT
924,Heywood,Lower,hlowerpn@google.es,Male,$430569.84,946844720,CC
925,Artie,Loakes,aloakespo@msn.com,Male,$587682.71,416595444,IT
926,Wye,Jukubczak,wjukubczakpp@abc.net.au,Male,$210942.90,584738073,PP
927,Moises,Tapping,mtappingpq@edublogs.org,Male,$999535.56,151803388,IT
928,Cacilie,Kremer,ckremerpr@shinystat.com,Female,$663997.02,802661684,IT
929,Angelina,Paradise,aparadiseps@canalblog.com,Female,$284022.73,472576429,CC
930,Ichabod,Halvorsen,ihalvorsenpt@quantcast.com,Male,$591099.73,995321343,IT
931,Meaghan,Bygrave,mbygravepu@dagondesign.com,Female,$797579.60,125686387,IT
932,Milt,Petras,mpetraspv@netscape.com,Male,$870563.72,880769246,PP
933,Rich,Torn,rtornpw@abc.net.au,Male,$762672.34,46082396,CC
934,Masha,Pow,mpowpx@hatena.ne.jp,Female,$485478.50,342025653,CC
935,Anson,Carren,acarrenpy@newsvine.com,Male,$570390.90,925534888,CC
936,Shelton,Jouandet,sjouandetpz@deviantart.com,Male,$248902.68,1014647356,CC
937,Pegeen,Sparkwell,psparkwellq0@g.co,Female,$469284.78,134501932,PP
938,Abe,McGenis,amcgenisq1@unc.edu,Male,$188693.59,471270125,PP
939,Pinchas,Jan,pjanq2@hostgator.com,Male,$660745.16,789203782,IT
940,Laurent,Hartly,lhartlyq3@statcounter.com,Male,$115025.53,1049258200,IT
941,Carlyle,Crich,ccrichq4@live.com,Male,$348267.32,481962717,PP
942,Alasdair,Apedaile,aapedaileq5@google.es,Male,$914256.29,669132692,CC
943,Winni,Lownds,wlowndsq6@amazon.co.jp,Female,$120042.18,5922999,IT
944,Mateo,Collyer,mcollyerq7@unc.edu,Male,$107891.68,134935400,PP
945,Evonne,Fochs,efochsq8@eepurl.com,Female,$803921.97,628724109,CC
946,Prinz,Blogg,pbloggq9@hc360.com,Male,$774321.70,687725155,IT
947,Morty,Beilby,mbeilbyqa@furl.net,Male,$771295.84,313285388,IT
948,Jean,Toe,jtoeqb@gnu.org,Male,$346352.02,763983553,CC
949,Cynthia,Deverose,cdeveroseqc@yolasite.com,Female,$368009.10,467867979,IT
950,Valdemar,Ruckman,vruckmanqd@shutterfly.com,Male,$526165.55,186953174,PP
951,Geralda,Ventura,gventuraqe@reuters.com,Female,$920322.85,662946155,PP
952,Jana,Darwood,jdarwoodqf@scribd.com,Female,$471835.09,645325459,IT
953,Evangelia,Giron,egironqg@slideshare.net,Female,$192828.37,605297200,CC
954,Berne,Airth,bairthqh@oracle.com,Male,$828002.28,787521613,IT
955,Reagan,Beauvais,rbeauvaisqi@ucla.edu,Male,$338819.58,366831200,PP
956,Monti,Bartlosz,mbartloszqj@businessinsider.com,Male,$106384.49,360518570,IT
957,Levey,Alenichicov,lalenichicovqk@chron.com,Male,$845306.14,411050938,CC
958,Jada,Carslaw,jcarslawql@feedburner.com,Female,$238481.37,483651656,PP
959,Fredra,Dienes,fdienesqm@zimbio.com,Female,$338716.18,624063995,IT
960,Sophey,Cleare,scleareqn@gnu.org,Female,$530043.47,421348065,PP
961,Jaquith,Dorrance,jdorranceqo@bandcamp.com,Female,$963365.92,958158868,PP
962,Maurise,Molloy,mmolloyqp@ifeng.com,Female,$796350.14,917655150,IT
963,Humphrey,Frere,hfrereqq@topsy.com,Male,$644120.69,310637024,CC
964,Carley,Meys,cmeysqr@mediafire.com,Female,$803673.65,613579993,CC
965,Anitra,Rumens,arumensqs@hibu.com,Female,$217901.60,777175132,PP
966,Kristoforo,Sabathe,ksabatheqt@odnoklassniki.ru,Male,$425048.39,850814607,PP
967,Hugues,Couth,hcouthqu@oaic.gov.au,Male,$116693.53,313359293,CC
968,Fernando,Roggieri,froggieriqv@liveinternet.ru,Male,$541744.55,281506876,IT
969,Delcine,Rivilis,drivilisqw@purevolume.com,Female,$817216.09,747584774,PP
970,Nessa,Sissens,nsissensqx@utexas.edu,Female,$630707.05,217761770,IT
971,Lark,Boone,lbooneqy@ow.ly,Female,$480066.52,873204425,IT
972,Ailey,Falco,afalcoqz@vk.com,Female,$236939.95,324030257,PP
973,Leticia,Ganiford,lganifordr0@about.com,Female,$853574.92,310961659,IT
974,Gretal,Zarb,gzarbr1@arizona.edu,Female,$527308.21,63879216,PP
975,Dorie,Flecknoe,dflecknoer2@latimes.com,Female,$950378.84,721025680,CC
976,Raff,McMonnies,rmcmonniesr3@nhs.uk,Male,$682011.66,254820070,IT
977,Hester,Bernadot,hbernadotr4@xrea.com,Female,$760481.68,963368297,CC
978,Helge,Buist,hbuistr5@friendfeed.com,Female,$594945.04,1021988387,PP
979,Harriet,Bumpus,hbumpusr6@e-recht24.de,Female,$742230.72,837857054,IT
980,Zara,Marchello,zmarchellor7@multiply.com,Female,$171144.51,113536382,IT
981,Bertha,Getten,bgettenr8@amazonaws.com,Female,$500432.44,948259596,CC
982,Marina,Wayt,mwaytr9@kickstarter.com,Female,$449860.82,270088225,IT
983,Terrence,Farrier,tfarrierra@themeforest.net,Male,$382073.89,86173071,IT
984,Cart,Winsom,cwinsomrb@dailymail.co.uk,Male,$683889.84,189646985,CC
985,Dorothea,Sherred,dsherredrc@ameblo.jp,Female,$823053.82,876147056,IT
986,Bridie,Boick,bboickrd@amazon.co.jp,Female,$245552.45,399227204,IT
987,Elia,Boltwood,eboltwoodre@smugmug.com,Male,$189520.04,968030622,IT
988,Bronson,Dict,bdictrf@bloglovin.com,Male,$239355.43,733806410,CC
989,Ambros,Astman,aastmanrg@ed.gov,Male,$825385.29,686574251,CC
990,Meris,Smithe,msmitherh@istockphoto.com,Female,$148070.11,342722404,CC
991,Horace,Kilfether,hkilfetherri@diigo.com,Male,$692744.92,31493887,CC
992,Orel,Gault,ogaultrj@virginia.edu,Female,$134901.75,592062692,PP
993,Skippy,Dewsnap,sdewsnaprk@cocolog-nifty.com,Male,$696210.61,1024856588,PP
994,Vera,Leadbeatter,vleadbeatterrl@go.com,Female,$234587.98,898391120,PP
995,Lyndsey,Drewet,ldrewetrm@gravatar.com,Female,$768439.04,217308765,PP
996,Rab,MacCallister,rmaccallisterrn@bluehost.com,Male,$245183.53,831247872,PP
997,Dede,Swannell,dswannellro@rambler.ru,Female,$918104.17,382239297,IT
998,Isaac,Gehrtz,igehrtzrp@japanpost.jp,Male,$991388.11,473873163,IT
999,Rabi,Maskelyne,rmaskelynerq@angelfire.com,Male,$938104.48,310085399,IT
1000,Mead,Bloxland,mbloxlandrr@google.co.uk,Male,$644441.55,412182736,CC
