id,nombre,apellido,email,genero,valor_tx,numero_identificacion,tipo_identificacion
1,Ibbie,Mattheissen,imattheissen0@artisteer.com,Female,$759363.38,516859189,CC
2,Antonin,Brayley,abrayley1@tinyurl.com,Male,$111213.83,847335859,IT
3,Gina,Heinke,gheinke2@bandcamp.com,Female,$294505.64,295261982,CC
4,Meryl,Steade,msteade3@360.cn,Female,$790145.69,56391788,CC
5,Charity,Farryn,cfarryn4@google.nl,Female,$690785.45,351612240,IT
6,Marcelia,Stockoe,mstockoe5@discovery.com,Female,$595048.47,562925853,CC
7,Stesha,Jeschner,sjeschner6@hp.com,Female,$809686.42,819851426,PP
8,Holly,Braysher,hbraysher7@cargocollective.com,Male,$921893.27,713170182,CC
9,Serena,Acey,sacey8@merriam-webster.com,Female,$109442.93,383123730,PP
10,Quillan,Norwich,qnorwich9@hao123.com,Male,$822354.42,367270053,PP
11,Annalee,Klaessen,aklaessena@auda.org.au,Female,$992463.87,784653412,PP
12,Rodolphe,Mulvenna,rmulvennab@bloomberg.com,Male,$386921.34,184455115,PP
13,Arty,Braime,abraimec@soup.io,Male,$580996.60,392250171,IT
14,Yoshiko,Ellerman,yellermand@gmpg.org,Female,$596624.67,10349065,IT
15,Rollins,Arlidge,rarlidgee@parallels.com,Male,$621267.07,750376107,PP
16,Cari,Baistow,cbaistowf@psu.edu,Female,$280787.34,756088023,CC
17,Humfried,Bunhill,hbunhillg@godaddy.com,Male,$938386.21,805118414,IT
18,Felike,Koppelmann,fkoppelmannh@instagram.com,Male,$303438.55,697926341,PP
19,Bird,O'Mullaney,bomullaneyi@delicious.com,Female,$693372.71,614533875,CC
20,Caresse,Dericot,cdericotj@utexas.edu,Female,$848182.35,257663784,PP
21,Hilary,Lamb,hlambk@macromedia.com,Male,$431777.26,181278134,CC
22,Allen,Meletti,amelettil@unicef.org,Male,$305719.55,209791624,PP
23,Adan,Noorwood,anoorwoodm@clickbank.net,Female,$206323.83,767148849,IT
24,Petronille,Landor,plandorn@ycombinator.com,Female,$413259.41,807108357,PP
25,Elsie,Ilyushkin,eilyushkino@wikipedia.org,Female,$506657.10,865828729,IT
26,Wolfy,Asbrey,wasbreyp@quantcast.com,Male,$704474.37,339609303,IT
27,Kirstin,Playdon,kplaydonq@plala.or.jp,Female,$979547.27,862147575,IT
28,Farlee,Clemont,fclemontr@vimeo.com,Male,$226301.59,495063562,PP
29,Gradey,Brinkler,gbrinklers@paginegialle.it,Male,$564751.46,647642586,IT
30,Ginger,Filippello,gfilippellot@slate.com,Male,$309195.03,661537055,CC
31,Renate,Pilfold,rpilfoldu@printfriendly.com,Female,$174949.95,935355350,PP
32,Brittany,Shorthill,bshorthillv@posterous.com,Female,$126435.21,20953406,CC
33,Nickolaus,Enion,nenionw@dedecms.com,Male,$819549.69,806870563,CC
34,Konstance,Donneely,kdonneelyx@blogspot.com,Female,$669562.77,65239954,CC
35,Jeramey,Van Giffen,jvangiffeny@t.co,Male,$362070.02,1026493232,CC
36,Barret,Mougel,bmougelz@blogtalkradio.com,Male,$895707.98,626588776,IT
37,Burton,Jenteau,bjenteau10@storify.com,Male,$739272.32,139630356,PP
38,Pearle,Liggens,pliggens11@lulu.com,Female,$680530.22,619738793,CC
39,Genvieve,Conerding,gconerding12@tuttocitta.it,Female,$525572.78,139906564,PP
40,Kristoffer,Stiegars,kstiegars13@un.org,Male,$375728.75,647873483,IT
41,Christie,Viant,cviant14@techcrunch.com,Male,$936480.29,421254107,PP
42,Dynah,Utton,dutton15@pbs.org,Female,$952655.88,690879889,IT
43,Rollins,Jelf,rjelf16@vinaora.com,Male,$218483.69,1014193530,CC
44,Lissie,Leworthy,lleworthy17@cisco.com,Female,$675894.09,15568633,PP
45,Jocko,Stanion,jstanion18@deviantart.com,Male,$420638.81,518480695,PP
46,Mead,Libbis,mlibbis19@accuweather.com,Male,$570965.21,261869300,CC
47,Cale,Seeman,cseeman1a@freewebs.com,Male,$461297.24,559088761,CC
48,Kelly,Dowyer,kdowyer1b@who.int,Male,$480784.39,699495192,PP
49,Luce,Huglin,lhuglin1c@arizona.edu,Female,$880627.91,591320256,PP
50,Bernadina,Cove,bcove1d@nih.gov,Female,$140815.27,624281342,IT
51,Annabel,Barneveld,abarneveld1e@geocities.jp,Female,$923459.74,988465159,IT
52,Rolfe,Gerlack,rgerlack1f@netscape.com,Male,$572578.37,276515937,CC
53,Arturo,Lebrun,alebrun1g@a8.net,Male,$208763.27,462524514,CC
54,Matthieu,Rutt,mrutt1h@epa.gov,Male,$748129.40,934167538,IT
55,Jelene,Fargie,jfargie1i@soundcloud.com,Female,$902102.76,1037371757,CC
56,Allard,Hardman,ahardman1j@google.com.br,Male,$883096.54,348124487,PP
57,Marleen,Penwright,mpenwright1k@about.me,Female,$703404.59,436013292,CC
58,Gaile,Tench,gtench1l@ibm.com,Male,$421753.28,760016064,IT
59,Evangelin,Tapp,etapp1m@so-net.ne.jp,Female,$964065.31,665210372,PP
60,Shepard,Lilleyman,slilleyman1n@mapy.cz,Male,$844166.66,800039746,IT
61,Christoper,Michal,cmichal1o@google.cn,Male,$482789.54,782334596,PP
62,Marcelle,Shorthill,mshorthill1p@cbsnews.com,Female,$998892.06,568244263,CC
63,Margie,Reedie,mreedie1q@comcast.net,Female,$374811.66,469905374,PP
64,Babara,Labrum,blabrum1r@shutterfly.com,Female,$430128.58,766389729,PP
65,Bradford,Wolfart,bwolfart1s@plala.or.jp,Male,$715406.67,615314258,IT
66,Keen,Vergo,kvergo1t@salon.com,Male,$355988.80,905961663,IT
67,Paulie,Menel,pmenel1u@posterous.com,Female,$593243.70,986795215,IT
68,Melantha,Beardsall,mbeardsall1v@nymag.com,Female,$574728.86,40631526,IT
69,Preston,Reicharz,preicharz1w@economist.com,Male,$506531.47,672586302,IT
70,Victor,Gutman,vgutman1x@over-blog.com,Male,$695100.34,405200974,PP
71,Olympe,Headan,oheadan1y@indiatimes.com,Female,$512111.18,885138850,PP
72,Ula,Betje,ubetje1z@sohu.com,Female,$679199.39,371079052,PP
73,Any,Ilyenko,ailyenko20@taobao.com,Male,$697893.52,281644913,IT
74,Beck,Lukasen,blukasen21@homestead.com,Male,$145338.06,497091403,PP
75,Milena,Ingliby,mingliby22@sfgate.com,Female,$821062.01,340759066,PP
76,Thomasa,Sang,tsang23@wunderground.com,Female,$505603.06,100766774,CC
77,Loraine,Bricklebank,lbricklebank24@altervista.org,Female,$494008.98,87188188,PP
78,Grissel,Fagence,gfagence25@artisteer.com,Female,$547630.14,610804390,CC
79,Cameron,Kubatsch,ckubatsch26@bbb.org,Male,$656018.54,125153326,CC
80,Andras,Allender,aallender27@un.org,Male,$979203.93,962383376,PP
81,Roanne,Hartnup,rhartnup28@google.com.hk,Female,$947115.03,461268366,CC
82,Ruttger,Mabbs,rmabbs29@e-recht24.de,Male,$242216.44,29547572,PP
83,Selma,Dreschler,sdreschler2a@mozilla.org,Female,$990172.48,58279213,PP
84,Fraser,Robillard,frobillard2b@xinhuanet.com,Male,$813548.79,721328489,IT
85,Marin,Winning,mwinning2c@earthlink.net,Female,$374509.06,944148917,IT
86,Maurita,Bolens,mbolens2d@nytimes.com,Female,$666683.49,420279070,IT
87,Cass,Micheli,cmicheli2e@prnewswire.com,Female,$897996.56,450572569,IT
88,Rycca,Mason,rmason2f@google.es,Female,$134532.75,637090811,CC
89,Caitlin,Van Arsdall,cvanarsdall2g@apache.org,Female,$145598.40,202638939,CC
90,Jerome,Drinkwater,jdrinkwater2h@facebook.com,Male,$297750.67,979639575,IT
91,Nonnah,Serotsky,nserotsky2i@slate.com,Female,$852265.40,489395315,CC
92,Gunner,McGlade,gmcglade2j@mapquest.com,Male,$829880.86,161237726,CC
93,Nigel,Blondel,nblondel2k@rediff.com,Male,$590825.21,874465387,PP
94,Casar,Ruprechter,cruprechter2l@usnews.com,Male,$834845.30,5456535,PP
95,Ardelia,Hale,ahale2m@deviantart.com,Female,$225365.78,211510288,PP
96,Jules,Henri,jhenri2n@nih.gov,Male,$893622.56,438060401,CC
97,Dorotea,Maycock,dmaycock2o@e-recht24.de,Female,$577470.31,491938561,IT
98,Ernestine,Simcock,esimcock2p@unicef.org,Female,$830519.24,461116017,PP
99,Gottfried,Danilin,gdanilin2q@homestead.com,Male,$937918.58,465033061,CC
100,Barnebas,Doornbos,bdoornbos2r@cpanel.net,Male,$424553.92,766984009,CC
101,Grace,Churching,gchurching2s@canalblog.com,Female,$799148.94,745854123,IT
102,Jeramie,Aneley,janeley2t@squarespace.com,Male,$269027.40,890563857,CC
103,Steward,Morgan,smorgan2u@earthlink.net,Male,$494136.21,959435498,CC
104,Marlo,Place,mplace2v@dailymail.co.uk,Female,$466921.35,480012305,CC
105,Hailee,Mara,hmara2w@mozilla.com,Female,$936726.06,308764042,CC
106,Arte,De Giorgio,adegiorgio2x@illinois.edu,Male,$772395.45,174742063,CC
107,Hugibert,Follis,hfollis2y@dion.ne.jp,Male,$837921.51,245079889,CC
108,Annamaria,Hands,ahands2z@wsj.com,Female,$634115.26,101327799,PP
109,Carol,Noddings,cnoddings30@geocities.jp,Female,$563497.31,891978303,PP
110,Doyle,Pittock,dpittock31@mozilla.org,Male,$583097.09,330525641,IT
111,Wain,Windley,wwindley32@geocities.jp,Male,$457432.85,1034987304,CC
112,Zeke,Clench,zclench33@angelfire.com,Male,$350142.56,402813793,PP
113,Izzy,Meharry,imeharry34@buzzfeed.com,Male,$315206.47,997499439,CC
114,Holly,Spillett,hspillett35@instagram.com,Male,$991432.16,696986343,PP
115,Marylin,Hasely,mhasely36@hexun.com,Female,$902213.88,583891752,CC
116,Ray,Caldero,rcaldero37@icq.com,Female,$274712.14,129113271,IT
117,Abby,Brushneen,abrushneen38@mlb.com,Male,$373850.15,921736170,IT
118,Giles,Alsobrook,galsobrook39@squidoo.com,Male,$279668.68,879773454,CC
119,Dee dee,Ackwood,dackwood3a@accuweather.com,Female,$802839.97,136740412,CC
120,Joella,Lusher,jlusher3b@imdb.com,Female,$759959.85,524779088,CC
121,Dom,Wickes,dwickes3c@walmart.com,Male,$367509.46,927308684,CC
122,Domeniga,Stryde,dstryde3d@japanpost.jp,Female,$936470.97,458280073,CC
123,Patten,Wetton,pwetton3e@sohu.com,Male,$343856.41,654776429,IT
124,Clevie,Dunguy,cdunguy3f@liveinternet.ru,Male,$584658.24,27928263,PP
125,Kurtis,Keeton,kkeeton3g@blogtalkradio.com,Male,$655986.19,912819368,PP
126,Cami,Jephcott,cjephcott3h@hubpages.com,Female,$198122.49,323254353,IT
127,Katerina,Finden,kfinden3i@hao123.com,Female,$945963.18,1041765166,PP
128,Jenifer,Wedmore,jwedmore3j@tiny.cc,Female,$685871.76,237740651,IT
129,Raine,Cathery,rcathery3k@adobe.com,Female,$829042.17,451480069,PP
130,Montague,Rockcliff,mrockcliff3l@barnesandnoble.com,Male,$541033.43,673950189,IT
131,Wilhelmine,Wigfall,wwigfall3m@hostgator.com,Female,$927935.55,640251687,PP
132,Corney,Goldsbury,cgoldsbury3n@netscape.com,Male,$829272.00,802777890,CC
133,Burl,Horrigan,bhorrigan3o@51.la,Male,$125209.16,416173747,CC
134,Bridgette,Ximenez,bximenez3p@discovery.com,Female,$846233.96,739522122,IT
135,Janina,Baybutt,jbaybutt3q@elegantthemes.com,Female,$694232.38,844057043,IT
136,Nicki,McFall,nmcfall3r@rakuten.co.jp,Female,$774417.92,607617337,CC
137,Curtice,Pikhno,cpikhno3s@sfgate.com,Male,$179555.98,390027928,IT
138,Bucky,Missen,bmissen3t@tinypic.com,Male,$492403.91,729514169,CC
139,Bari,Gun,bgun3u@weibo.com,Female,$888069.52,955327372,IT
140,Leonore,Saer,lsaer3v@blogger.com,Female,$483815.42,33960586,CC
141,Forbes,Ruler,fruler3w@networkadvertising.org,Male,$532173.61,250997690,CC
142,Kane,Deport,kdeport3x@webs.com,Male,$683866.44,687163030,CC
143,Sigmund,Gowanlock,sgowanlock3y@constantcontact.com,Male,$805409.12,908847870,IT
144,Jojo,Tourville,jtourville3z@dot.gov,Female,$783821.26,102341244,IT
145,Dre,Dumphrey,ddumphrey40@fastcompany.com,Female,$508828.24,509518484,PP
146,Emelen,Spraggon,espraggon41@timesonline.co.uk,Male,$120411.50,480121734,CC
147,Boris,Tibbotts,btibbotts42@vk.com,Male,$684758.29,341941123,CC
148,Kinnie,Emm,kemm43@nyu.edu,Male,$477380.58,420084512,CC
149,Ximenez,Lilion,xlilion44@who.int,Male,$928322.95,1029658264,CC
150,Angelico,Jowling,ajowling45@g.co,Male,$758753.52,300287645,IT
151,Even,Buckthought,ebuckthought46@shutterfly.com,Male,$921403.68,225805631,IT
152,Ase,Pegden,apegden47@go.com,Male,$201513.94,19885890,IT
153,Drucy,Demer,ddemer48@hao123.com,Female,$959713.25,1044023849,IT
154,Chelsea,Applegate,capplegate49@moonfruit.com,Female,$655363.43,333348666,CC
155,Ricky,Dounbare,rdounbare4a@ustream.tv,Female,$962688.69,594683561,PP
156,Art,Sebright,asebright4b@histats.com,Male,$722593.57,644947755,CC
157,Harrison,Glasscock,hglasscock4c@parallels.com,Male,$901251.13,911716931,IT
158,Stanley,Dolder,sdolder4d@wix.com,Male,$540234.27,687007425,CC
159,Rudolph,Mitchard,rmitchard4e@gmpg.org,Male,$529198.87,394052625,PP
160,Veriee,Pettingall,vpettingall4f@reverbnation.com,Female,$194018.42,307654412,IT
161,Dale,Ivell,divell4g@nih.gov,Male,$871553.99,826446663,IT
162,Bab,Benneyworth,bbenneyworth4h@twitter.com,Female,$959475.25,898961935,CC
163,Diego,Sirette,dsirette4i@amazon.de,Male,$817346.50,892531996,CC
164,Bethany,O'Sharry,bosharry4j@skype.com,Female,$483619.12,212065317,PP
165,Danette,Bourhill,dbourhill4k@360.cn,Female,$971589.03,942330024,IT
166,Loutitia,Waind,lwaind4l@vinaora.com,Female,$372465.78,906938098,PP
167,Seamus,Smeaton,ssmeaton4m@reverbnation.com,Male,$382748.97,788054055,PP
168,Clarita,Christoffersen,cchristoffersen4n@acquirethisname.com,Female,$769507.78,982515042,PP
169,Mallory,Ozintsev,mozintsev4o@deliciousdays.com,Male,$742007.01,938551180,CC
170,Emilee,Elstob,eelstob4p@mit.edu,Female,$554156.83,737097118,IT
171,Tadd,Riepel,triepel4q@biblegateway.com,Male,$164623.35,769994378,CC
172,Dottie,Eatock,deatock4r@walmart.com,Female,$704012.92,1013190415,PP
173,Bennett,Floyde,bfloyde4s@parallels.com,Male,$422980.36,392834801,IT
174,Karoly,Batch,kbatch4t@walmart.com,Female,$264531.24,837991185,CC
175,Kinny,Sodo,ksodo4u@shareasale.com,Male,$944748.86,348725249,PP
176,Cosimo,Abrahami,cabrahami4v@cdc.gov,Male,$870292.09,910058067,IT
177,Berny,Bravery,bbravery4w@xing.com,Female,$901187.38,507135597,PP
178,Bryana,Avramovsky,bavramovsky4x@ow.ly,Female,$872043.23,850567763,CC
179,Ethan,Haggith,ehaggith4y@mashable.com,Male,$616449.31,617877914,CC
180,Ely,Pooke,epooke4z@tumblr.com,Male,$121345.75,371328628,CC
181,Griffy,Grosier,ggrosier50@google.com.br,Male,$355093.20,188444354,PP
182,Sharla,Brumble,sbrumble51@cbslocal.com,Female,$399767.09,384543371,PP
183,Jude,Kells,jkells52@netscape.com,Male,$711457.36,691804153,IT
184,Goddart,Wagnerin,gwagnerin53@barnesandnoble.com,Male,$948454.65,962609689,PP
185,Orton,Gaze,ogaze54@unicef.org,Male,$345817.37,997009281,CC
186,Gusta,Fearby,gfearby55@unicef.org,Female,$797375.93,275326576,PP
187,Eddy,Laugherane,elaugherane56@fotki.com,Female,$141301.60,887220298,PP
188,Lazaro,Jeckells,ljeckells57@nature.com,Male,$397868.37,635726337,CC
189,Dar,Worsley,dworsley58@unc.edu,Male,$888467.95,244207449,CC
190,Barthel,Furnell,bfurnell59@pagesperso-orange.fr,Male,$505950.67,402732393,IT
191,Nicolais,Couronne,ncouronne5a@cargocollective.com,Male,$668063.85,559974830,PP
192,Nev,Strangeways,nstrangeways5b@exblog.jp,Male,$756360.98,479175546,CC
193,Zachariah,Elcomb,zelcomb5c@discovery.com,Male,$485159.35,676219599,CC
194,Leela,Kosiada,lkosiada5d@vkontakte.ru,Female,$794120.04,970294190,CC
195,Cobbie,Faiers,cfaiers5e@rediff.com,Male,$694535.10,849116449,PP
196,Eugene,Lardnar,elardnar5f@dailymotion.com,Male,$855358.75,165878661,CC
197,Gavan,Osanne,gosanne5g@howstuffworks.com,Male,$405175.26,160537483,IT
198,Steffen,Frensch,sfrensch5h@studiopress.com,Male,$346862.79,879047076,CC
199,Nicolette,Banyard,nbanyard5i@joomla.org,Female,$767652.56,34687955,PP
200,Beaufort,Chadburn,bchadburn5j@ucla.edu,Male,$876195.76,573181886,IT
201,Gianna,Inglesfield,ginglesfield5k@scientificamerican.com,Female,$356983.60,743847282,PP
202,Bernetta,Stains,bstains5l@goodreads.com,Female,$388665.66,579538953,CC
203,Killy,Arents,karents5m@craigslist.org,Male,$156961.84,530760052,PP
204,Joshuah,Coucher,jcoucher5n@zdnet.com,Male,$137849.29,415537848,PP
205,Elfrieda,Commuzzo,ecommuzzo5o@instagram.com,Female,$708410.19,597151002,PP
206,Marji,Di Frisco,mdifrisco5p@wp.com,Female,$445208.47,672467388,IT
207,Barron,Smuth,bsmuth5q@vinaora.com,Male,$414236.70,293136768,PP
208,Ginger,Orgill,gorgill5r@51.la,Female,$968384.76,888433703,CC
209,Renelle,Stroobant,rstroobant5s@examiner.com,Female,$331586.19,58152186,IT
210,Curry,McMeekan,cmcmeekan5t@mac.com,Male,$842162.04,1041775345,PP
211,Barr,Bigrigg,bbigrigg5u@aol.com,Male,$157643.80,463107601,CC
212,Cyrille,Whear,cwhear5v@skype.com,Male,$365516.37,876310138,IT
213,Blakeley,Arden,barden5w@cyberchimps.com,Female,$646749.67,151712910,CC
214,Catrina,McRorie,cmcrorie5x@themeforest.net,Female,$505809.17,93462851,IT
215,Clementia,Radmer,cradmer5y@berkeley.edu,Female,$493737.61,869178128,IT
216,Vinson,Bernhart,vbernhart5z@icq.com,Male,$353317.52,218686171,IT
217,Rudolf,Zollner,rzollner60@google.it,Male,$407252.41,802821995,CC
218,Allene,Thibodeaux,athibodeaux61@usatoday.com,Female,$987325.16,581496216,CC
219,Berk,Reppaport,breppaport62@google.co.jp,Male,$934966.19,579070591,IT
220,Elyse,Lumbers,elumbers63@aboutads.info,Female,$561653.47,708416726,IT
221,Francyne,Churchin,fchurchin64@twitpic.com,Female,$449725.77,869781148,PP
222,Harold,Buckell,hbuckell65@chronoengine.com,Male,$851294.31,974843877,PP
223,Wendy,Goskar,wgoskar66@ebay.com,Female,$209946.07,180881327,PP
224,Car,Lergan,clergan67@disqus.com,Male,$518885.70,207071424,PP
225,Otis,Hamberstone,ohamberstone68@ebay.co.uk,Male,$865678.03,769470148,PP
226,Cherise,Gorbell,cgorbell69@nytimes.com,Female,$475112.93,1011949595,IT
227,Christophorus,Riddler,criddler6a@tiny.cc,Male,$698624.27,493598019,IT
228,Elwood,Monier,emonier6b@gnu.org,Male,$466402.70,900059802,CC
229,Deerdre,Bjerkan,dbjerkan6c@joomla.org,Female,$687949.23,941606908,PP
230,Zak,Hundell,zhundell6d@seesaa.net,Male,$238866.10,534266186,IT
231,Tobye,Fideler,tfideler6e@blogspot.com,Female,$648702.90,833566960,CC
232,Fabien,Oller,foller6f@wp.com,Male,$939369.46,67219593,PP
233,Jasmina,Ridel,jridel6g@mozilla.org,Female,$431842.74,71385816,IT
234,Dolley,Worstall,dworstall6h@forbes.com,Female,$391946.58,851214163,IT
235,Giles,Hartrick,ghartrick6i@cdbaby.com,Male,$175901.01,981979501,IT
236,Blaine,Lasslett,blasslett6j@cbsnews.com,Male,$664249.40,468755696,PP
237,Randell,Demeter,rdemeter6k@last.fm,Male,$586417.31,388811171,CC
238,Kerry,Dewhirst,kdewhirst6l@lulu.com,Female,$240043.87,919771960,IT
239,Zabrina,Lamasna,zlamasna6m@google.it,Female,$171955.31,903879239,PP
240,Ted,Butt,tbutt6n@ezinearticles.com,Female,$446686.94,435014359,CC
241,Bonnibelle,Rushman,brushman6o@alibaba.com,Female,$434248.62,1008868174,PP
242,Bettina,Wink,bwink6p@webnode.com,Female,$149595.48,484060745,PP
243,Dana,Roo,droo6q@cnet.com,Female,$306007.75,595961945,CC
244,Willette,Hardbattle,whardbattle6r@feedburner.com,Female,$526320.62,20785445,CC
245,Adara,Cadle,acadle6s@examiner.com,Female,$338982.36,925905685,PP
246,Brandie,Letessier,bletessier6t@addtoany.com,Female,$954670.49,589437200,PP
247,Serge,Yarnall,syarnall6u@barnesandnoble.com,Male,$803377.34,675309964,CC
248,Horace,Loudwell,hloudwell6v@is.gd,Male,$776521.84,545939778,PP
249,Ryann,Colecrough,rcolecrough6w@yelp.com,Female,$133846.88,616420231,PP
250,Bevan,Fulstow,bfulstow6x@google.ca,Male,$294764.87,461937294,CC
251,Lonnard,Cremer,lcremer6y@indiegogo.com,Male,$325761.08,979055315,IT
252,Ferdinanda,Dumini,fdumini6z@myspace.com,Female,$208954.69,112228487,IT
253,Jo ann,Teece,jteece70@skype.com,Female,$898700.10,481887087,CC
254,Devlin,Le Hucquet,dlehucquet71@last.fm,Male,$872166.08,82388709,CC
255,Ella,McGrory,emcgrory72@drupal.org,Female,$397141.45,140327156,IT
256,Prisca,Meiner,pmeiner73@cisco.com,Female,$582253.08,211791081,PP
257,Maible,Skipsea,mskipsea74@salon.com,Female,$350719.99,473310818,PP
258,Esme,Aggett,eaggett75@unicef.org,Male,$760466.54,894127133,PP
259,Heath,Clerc,hclerc76@examiner.com,Male,$699807.84,981288816,PP
260,Sonia,Levet,slevet77@bbb.org,Female,$185451.34,624332771,IT
261,Teodoro,Goatcher,tgoatcher78@hibu.com,Male,$451784.06,614986325,IT
262,Marilee,Anand,manand79@webnode.com,Female,$177630.72,127736731,IT
263,Izak,Avraham,iavraham7a@chicagotribune.com,Male,$259573.57,263382850,CC
264,Marja,Tolhurst,mtolhurst7b@ameblo.jp,Female,$125319.36,113955492,IT
265,Simone,Sheward,ssheward7c@networksolutions.com,Female,$687278.30,58642532,PP
266,Becca,Kendle,bkendle7d@studiopress.com,Female,$352392.98,856496209,PP
267,Dolorita,Scaplehorn,dscaplehorn7e@pen.io,Female,$618753.39,595313149,IT
268,Riobard,Bertomeu,rbertomeu7f@acquirethisname.com,Male,$130607.73,470429323,PP
269,Gail,Bendle,gbendle7g@java.com,Male,$625102.52,901864690,CC
270,Heidie,McKinnon,hmckinnon7h@people.com.cn,Female,$740492.77,1040599771,PP
271,Eugene,Trangmar,etrangmar7i@microsoft.com,Male,$421249.97,866964118,IT
272,Mitchell,Godsmark,mgodsmark7j@berkeley.edu,Male,$545905.57,1027135411,IT
273,Jacintha,Quilter,jquilter7k@mtv.com,Female,$297737.30,816574577,IT
274,Gabbi,Doncom,gdoncom7l@businessinsider.com,Female,$559951.93,19436354,CC
275,Violetta,Meah,vmeah7m@list-manage.com,Female,$392445.04,188611228,IT
276,Connie,Huggett,chuggett7n@about.com,Female,$873504.20,768591278,IT
277,Jeannie,Iaduccelli,jiaduccelli7o@wp.com,Female,$889983.75,492373799,CC
278,Pincas,Scoular,pscoular7p@cam.ac.uk,Male,$239549.88,1035770742,CC
279,Kermy,Robarts,krobarts7q@nhs.uk,Male,$813168.44,903657664,PP
280,Meghann,Prover,mprover7r@odnoklassniki.ru,Female,$448031.15,487646247,PP
281,Del,Cumberlidge,dcumberlidge7s@howstuffworks.com,Female,$257581.12,185835838,IT
282,Gwenneth,Cossell,gcossell7t@howstuffworks.com,Female,$361018.43,49374837,PP
283,Claude,Peres,cperes7u@google.com.hk,Female,$195543.41,339575385,IT
284,Etty,Tainton,etainton7v@yelp.com,Female,$182063.42,762195336,IT
285,Aldin,Emsley,aemsley7w@istockphoto.com,Male,$721802.34,1012741063,IT
286,Paxton,Earp,pearp7x@github.io,Male,$214191.31,96940064,CC
287,Pedro,Zanazzi,pzanazzi7y@livejournal.com,Male,$777605.20,719888961,CC
288,Vita,Mishow,vmishow7z@sbwire.com,Female,$704894.17,709091569,CC
289,Darell,Otridge,dotridge80@addtoany.com,Female,$399964.82,763720234,IT
290,Modestine,Badini,mbadini81@altervista.org,Female,$693904.89,1021031731,IT
291,Jania,Pideon,jpideon82@networkadvertising.org,Female,$770255.65,21572772,PP
292,Dorothee,Vidler,dvidler83@huffingtonpost.com,Female,$746022.07,780320174,PP
293,Domeniga,Meekings,dmeekings84@state.tx.us,Female,$990475.06,471265585,CC
294,Sebastien,Trett,strett85@wikispaces.com,Male,$700843.71,1005077587,PP
295,Silvain,Menat,smenat86@wiley.com,Male,$358405.85,318535431,PP
296,Burt,Opdenort,bopdenort87@gravatar.com,Male,$872031.18,158198030,CC
297,Urbain,Peasnone,upeasnone88@mozilla.org,Male,$587058.16,539659487,IT
298,Fin,Degenhardt,fdegenhardt89@rediff.com,Male,$948976.71,936589043,CC
299,Margarette,Brunini,mbrunini8a@ovh.net,Female,$584053.60,835290246,PP
300,Halette,Laister,hlaister8b@theguardian.com,Female,$669373.63,589671213,CC
301,Emalee,Bahl,ebahl8c@senate.gov,Female,$960474.92,698534298,CC
302,Tory,Olexa,tolexa8d@ocn.ne.jp,Female,$656960.55,614867262,PP
303,Stavros,Midden,smidden8e@alexa.com,Male,$749460.53,643551262,PP
304,Ezechiel,Jaulmes,ejaulmes8f@ehow.com,Male,$995911.89,1007993401,CC
305,Carole,Yosifov,cyosifov8g@webs.com,Female,$580952.87,999370300,CC
306,Blaine,Mileham,bmileham8h@tmall.com,Male,$275678.03,660590721,CC
307,Willie,Roney,wroney8i@buzzfeed.com,Female,$194767.37,359428057,CC
308,Freeman,Augustin,faugustin8j@mapy.cz,Male,$931902.65,427236739,CC
309,Stillman,Bembrick,sbembrick8k@posterous.com,Male,$534856.99,682988044,IT
310,Timoteo,McBrearty,tmcbrearty8l@bloglines.com,Male,$846923.08,712464543,PP
311,Emanuele,Forsard,eforsard8m@xing.com,Male,$204096.26,269835266,PP
312,Aleda,Lalonde,alalonde8n@dion.ne.jp,Female,$173892.40,640372774,PP
313,Helyn,Bagguley,hbagguley8o@discovery.com,Female,$621896.57,705870328,CC
314,Donny,Buxcy,dbuxcy8p@nsw.gov.au,Male,$599105.00,259935079,PP
315,Barth,Sprules,bsprules8q@squarespace.com,Male,$498855.95,694589735,IT
316,Berkley,Geratt,bgeratt8r@desdev.cn,Male,$288556.11,740784780,PP
317,Jerry,Christie,jchristie8s@ca.gov,Male,$312963.34,279371464,IT
318,Jacenta,Hasell,jhasell8t@example.com,Female,$541281.59,642161824,CC
319,Tanney,Sarjent,tsarjent8u@slate.com,Male,$228317.47,310141442,CC
320,Adrian,Speck,aspeck8v@so-net.ne.jp,Female,$306873.51,248683717,PP
321,Mariska,Vann,mvann8w@mail.ru,Female,$266877.71,546456411,IT
322,Morgen,Lamblin,mlamblin8x@skyrock.com,Female,$692295.47,71976333,IT
323,Ira,Brayford,ibrayford8y@dion.ne.jp,Male,$251356.35,381198825,PP
324,Phil,Tolmie,ptolmie8z@macromedia.com,Male,$171739.69,460340391,IT
325,Jillayne,Rider,jrider90@irs.gov,Female,$481956.85,721980384,CC
326,Alexa,Aldersea,aaldersea91@exblog.jp,Female,$578856.12,532710760,CC
327,Geoff,Oddie,goddie92@ucoz.com,Male,$460272.65,585507767,IT
328,Ev,Logesdale,elogesdale93@sina.com.cn,Male,$548120.60,244979351,IT
329,Harris,Benois,hbenois94@wikispaces.com,Male,$145314.69,72765586,PP
330,Petra,Coyne,pcoyne95@sun.com,Female,$316174.07,922439126,PP
331,Clarey,Kinlock,ckinlock96@chron.com,Female,$480175.12,107255799,IT
332,Jenifer,Tetley,jtetley97@artisteer.com,Female,$204593.45,389098243,IT
333,Alvie,Ciric,aciric98@domainmarket.com,Male,$892685.23,925397418,PP
334,Vikki,Cammis,vcammis99@shinystat.com,Female,$717979.26,422871114,IT
335,Alis,Iashvili,aiashvili9a@hostgator.com,Female,$354738.28,403726597,CC
336,Collen,Oyley,coyley9b@imdb.com,Female,$808230.45,961007889,IT
337,Reggie,Fretson,rfretson9c@eepurl.com,Female,$524890.32,346144710,PP
338,Paddie,Stading,pstading9d@slate.com,Male,$597264.86,220527234,CC
339,Shayna,Evemy,sevemy9e@toplist.cz,Female,$245948.08,56807735,IT
340,Ivette,Zaczek,izaczek9f@zimbio.com,Female,$761232.70,677938553,IT
341,Ulick,Klaas,uklaas9g@nps.gov,Male,$156712.11,365409070,PP
342,Buck,De Lascy,bdelascy9h@unc.edu,Male,$205572.44,1020801756,IT
343,Jamie,Guiton,jguiton9i@deviantart.com,Female,$656936.23,994835333,PP
344,Lorry,Kneal,lkneal9j@instagram.com,Female,$856305.11,592602944,IT
345,Hector,Mathis,hmathis9k@time.com,Male,$620071.39,542083480,IT
346,Desi,Lumbley,dlumbley9l@fda.gov,Male,$504866.86,927967535,CC
347,Brodie,Byllam,bbyllam9m@squarespace.com,Male,$573014.04,639691094,IT
348,Electra,Skyner,eskyner9n@51.la,Female,$355893.84,508750686,IT
349,Anestassia,Heustace,aheustace9o@taobao.com,Female,$597447.73,751686311,CC
350,Clemente,Cringle,ccringle9p@house.gov,Male,$516761.52,688296261,CC
351,Vin,Darnbrough,vdarnbrough9q@bravesites.com,Male,$111863.84,643728571,CC
352,Dorita,Trembath,dtrembath9r@wikipedia.org,Female,$433319.25,56971940,IT
353,Franni,McGrann,fmcgrann9s@newsvine.com,Female,$481146.58,510252976,CC
354,Abe,Poyle,apoyle9t@springer.com,Male,$734125.84,942194907,IT
355,Anatola,Mc Cahey,amccahey9u@csmonitor.com,Female,$964136.35,921789704,IT
356,Webb,Matasov,wmatasov9v@a8.net,Male,$259823.34,463513513,CC
357,Yancy,Downe,ydowne9w@google.ca,Male,$273528.33,474751778,PP
358,Datha,Lestor,dlestor9x@google.co.jp,Female,$943319.32,190560076,PP
359,Mitch,Szachniewicz,mszachniewicz9y@bluehost.com,Male,$687890.67,748317009,IT
360,Thayne,Kirkup,tkirkup9z@eventbrite.com,Male,$667968.35,338970866,PP
361,Clemence,Brunsden,cbrunsdena0@japanpost.jp,Female,$197176.41,521885461,IT
362,Eal,Grindlay,egrindlaya1@dot.gov,Male,$877267.34,135655246,CC
363,Bonnibelle,Ortler,bortlera2@studiopress.com,Female,$393279.75,434889582,CC
364,Leigh,Bownass,lbownassa3@netlog.com,Female,$179096.30,88556762,CC
365,Jude,Cristoferi,jcristoferia4@tripod.com,Male,$175698.76,546414358,IT
366,Abel,Adamsson,aadamssona5@sbwire.com,Male,$798564.58,476239959,PP
367,Artur,Skeemer,askeemera6@abc.net.au,Male,$900121.56,109624833,IT
368,Shirleen,Pinch,spincha7@mediafire.com,Female,$740531.76,101287683,IT
369,Marlie,Wallentin,mwallentina8@amazon.de,Female,$149074.18,679491822,PP
370,Valery,Meiner,vmeinera9@ehow.com,Female,$674475.25,54763772,IT
371,Darline,Madge,dmadgeaa@aol.com,Female,$476142.86,478198849,PP
372,Clayson,Ronnay,cronnayab@amazon.co.uk,Male,$711489.08,744818855,CC
373,Angy,Nisby,anisbyac@creativecommons.org,Female,$238740.97,767311994,IT
374,Xylina,Hannabus,xhannabusad@guardian.co.uk,Female,$210248.69,83600538,PP
375,Brien,Rowland,browlandae@comsenz.com,Male,$469553.08,184007716,IT
376,Guillema,Le Cornu,glecornuaf@studiopress.com,Female,$675919.25,665661139,PP
377,Marcellus,Bredee,mbredeeag@mozilla.org,Male,$681581.16,658538694,PP
378,Randell,Mitskevich,rmitskevichah@time.com,Male,$990868.56,529885627,CC
379,Mike,Shalcros,mshalcrosai@dmoz.org,Male,$701879.36,263615103,CC
380,Corrina,VanBrugh,cvanbrughaj@nytimes.com,Female,$422691.03,552547002,CC
381,Austin,Chadwin,achadwinak@yahoo.com,Male,$894062.40,862267843,PP
382,Annis,Prium,apriumal@unblog.fr,Female,$210447.08,634817033,PP
383,Maybelle,Najara,mnajaraam@comsenz.com,Female,$688993.99,1012359861,PP
384,Randie,Sautter,rsautteran@amazon.co.uk,Male,$827757.80,987282398,CC
385,Korrie,Oxer,koxerao@so-net.ne.jp,Female,$347423.43,272846151,CC
386,Dewey,McPartling,dmcpartlingap@discovery.com,Male,$130947.58,679658945,IT
387,Gilbert,Stilgo,gstilgoaq@senate.gov,Male,$432165.62,979183041,CC
388,Kristina,Stive,kstivear@godaddy.com,Female,$789972.88,488304128,CC
389,Galen,Orsi,gorsias@narod.ru,Male,$980684.53,497870696,IT
390,Basilius,Fallanche,bfallancheat@csmonitor.com,Male,$659841.75,782998506,CC
391,Ferrel,Boakes,fboakesau@sourceforge.net,Male,$955254.84,796029792,CC
392,Wilek,Burrel,wburrelav@google.com.hk,Male,$627505.55,509402649,PP
393,Kevan,Rouby,kroubyaw@people.com.cn,Male,$747656.26,654966960,IT
394,Hattie,Mathie,hmathieax@comsenz.com,Female,$488340.52,468450657,IT
395,Winne,Scocroft,wscocroftay@pinterest.com,Female,$649763.90,698829700,PP
396,Alika,Doddemeede,adoddemeedeaz@army.mil,Female,$816148.01,433949684,IT
397,Ardenia,Arminger,aarmingerb0@cmu.edu,Female,$586996.52,815238053,IT
398,Jerri,Giblin,jgiblinb1@360.cn,Male,$825281.66,960307057,IT
399,Tomlin,Goricke,tgorickeb2@census.gov,Male,$731844.98,12417490,IT
400,Rora,Meardon,rmeardonb3@google.nl,Female,$164196.46,94431261,CC
401,Kirby,Haskins,khaskinsb4@mtv.com,Male,$234766.40,555094093,IT
402,Shanie,Bradburn,sbradburnb5@ucoz.ru,Female,$640273.63,454281202,CC
403,Neill,Boundley,nboundleyb6@nasa.gov,Male,$247322.03,57766616,CC
404,Zach,Pepperell,zpepperellb7@tinypic.com,Male,$510464.87,318924472,PP
405,Selina,Ripping,srippingb8@rediff.com,Female,$438027.01,5950645,CC
406,Leela,Heakins,lheakinsb9@plala.or.jp,Female,$123126.69,548437017,PP
407,Sasha,Arblaster,sarblasterba@surveymonkey.com,Female,$972145.70,692268257,IT
408,Conny,Gwioneth,cgwionethbb@answers.com,Male,$823175.52,1025948718,PP
409,Irene,Silbersak,isilbersakbc@acquirethisname.com,Female,$585017.09,827975600,IT
410,Schuyler,Farrell,sfarrellbd@miibeian.gov.cn,Male,$682754.41,479309892,CC
411,Laurella,Boulger,lboulgerbe@people.com.cn,Female,$385205.20,147730923,PP
412,Jeri,Bennett,jbennettbf@linkedin.com,Female,$742041.84,401847074,CC
413,Izabel,Hug,ihugbg@a8.net,Female,$560546.61,362359067,IT
414,Barbabas,Bartalin,bbartalinbh@cmu.edu,Male,$337798.17,963269240,IT
415,Ward,Markey,wmarkeybi@odnoklassniki.ru,Male,$431719.00,1033567477,PP
416,Elias,Lissandri,elissandribj@blogtalkradio.com,Male,$243425.47,861113721,PP
417,Sidonia,Propper,spropperbk@creativecommons.org,Female,$186039.17,595353280,CC
418,Rogerio,Styan,rstyanbl@bloomberg.com,Male,$907719.51,806328466,IT
419,Earle,Whittenbury,ewhittenburybm@plala.or.jp,Male,$613133.43,189249099,CC
420,Atlanta,Dahl,adahlbn@usgs.gov,Female,$450818.13,178910804,IT
421,Claribel,Rebbeck,crebbeckbo@google.de,Female,$508288.10,622578173,IT
422,Borden,Ricold,bricoldbp@scientificamerican.com,Male,$464183.17,536891621,PP
423,Irv,Hinzer,ihinzerbq@wordpress.com,Male,$229656.18,413435812,PP
424,Codie,Waldren,cwaldrenbr@furl.net,Male,$956428.10,108801244,CC
425,Rozelle,Pilger,rpilgerbs@comsenz.com,Female,$339895.66,762004410,CC
426,Sandor,Fitchen,sfitchenbt@reuters.com,Male,$803796.22,250219163,IT
427,Latashia,Angelo,langelobu@odnoklassniki.ru,Female,$376786.39,262788749,IT
428,Tammy,Schneidau,tschneidaubv@rediff.com,Female,$613697.64,574234359,PP
429,Carie,Wincott,cwincottbw@seesaa.net,Female,$682859.61,45154940,IT
430,Killian,Secret,ksecretbx@trellian.com,Male,$736125.07,684392709,PP
431,Gale,McMains,gmcmainsby@rakuten.co.jp,Female,$824965.99,752015014,IT
432,Andreas,Clute,aclutebz@goodreads.com,Male,$241806.65,569563322,PP
433,Lyndsey,Kimbury,lkimburyc0@harvard.edu,Female,$892238.60,814588407,IT
434,Parnell,Serrels,pserrelsc1@github.io,Male,$216165.46,352054551,CC
435,Viole,Morcombe,vmorcombec2@businesswire.com,Female,$686136.58,12272228,CC
436,Danit,Dewick,ddewickc3@ftc.gov,Female,$671780.82,665914955,IT
437,Kissie,Sarra,ksarrac4@bandcamp.com,Female,$681701.36,377724609,PP
438,Boote,Bachshell,bbachshellc5@ow.ly,Male,$701607.25,128785100,CC
439,Orsa,Clemencon,oclemenconc6@com.com,Female,$610655.38,893135127,IT
440,Darrick,Sandcraft,dsandcraftc7@1688.com,Male,$898339.82,531919081,PP
441,Bear,Puckinghorne,bpuckinghornec8@i2i.jp,Male,$392037.05,145459968,CC
442,Jo,Featenby,jfeatenbyc9@nationalgeographic.com,Male,$409879.95,300994008,PP
443,Findlay,Turfes,fturfesca@mac.com,Male,$164952.84,74908934,IT
444,Anallise,Fawley,afawleycb@ox.ac.uk,Female,$171873.70,862413135,PP
445,Eddi,Molder,emoldercc@reverbnation.com,Female,$352783.75,846211701,PP
446,Anna-maria,Waterstone,awaterstonecd@cbsnews.com,Female,$104512.64,544088438,PP
447,Barbie,Alesin,balesince@google.ca,Female,$957243.53,406212601,PP
448,Flemming,Vell,fvellcf@tiny.cc,Male,$744741.93,926499100,PP
449,Melly,Massingberd,mmassingberdcg@hibu.com,Female,$939570.31,751706530,PP
450,Danice,Hattam,dhattamch@utexas.edu,Female,$390169.83,290309992,CC
451,Vergil,Starrs,vstarrsci@mail.ru,Male,$392420.29,815390449,PP
452,Quinlan,Chapellow,qchapellowcj@t-online.de,Male,$876574.10,614478991,IT
453,Boniface,Gaiter,bgaiterck@myspace.com,Male,$624369.25,599304959,PP
454,Giffard,Youles,gyoulescl@yellowbook.com,Male,$930863.14,303735219,PP
455,Kalindi,Gingedale,kgingedalecm@storify.com,Female,$856165.61,764311688,CC
456,Mallissa,Beneze,mbenezecn@naver.com,Female,$189561.49,289150749,CC
457,Corinna,Slator,cslatorco@artisteer.com,Female,$608211.21,367492638,CC
458,Hermia,Follin,hfollincp@feedburner.com,Female,$365617.92,969734794,IT
459,Sigismundo,Argabrite,sargabritecq@issuu.com,Male,$180589.13,524679795,CC
460,Ortensia,Gelly,ogellycr@geocities.jp,Female,$489805.03,834202711,IT
461,Georgette,Haste,ghastecs@hibu.com,Female,$456882.12,87807933,CC
462,Roddy,Hrycek,rhrycekct@tumblr.com,Male,$797907.39,700922191,IT
463,Konrad,Fearfull,kfearfullcu@webs.com,Male,$131126.54,217333661,IT
464,Alexandro,Leemans,aleemanscv@marketwatch.com,Male,$449224.60,145261810,IT
465,Shannon,Ternott,sternottcw@slashdot.org,Female,$187723.22,17058884,PP
466,Bern,Candlish,bcandlishcx@yellowbook.com,Male,$133874.21,240785611,CC
467,Denny,Downey,ddowneycy@acquirethisname.com,Female,$298502.36,870085470,CC
468,Marlena,Dudman,mdudmancz@instagram.com,Female,$791593.53,176371094,IT
469,Modesty,Powdrell,mpowdrelld0@timesonline.co.uk,Female,$964428.58,79387523,CC
470,Laurie,Grosvenor,lgrosvenord1@weebly.com,Male,$753613.81,564940494,PP
471,Silas,Pimmocke,spimmocked2@cafepress.com,Male,$502627.63,76268798,IT
472,Pandora,Pidgen,ppidgend3@fastcompany.com,Female,$556605.15,203304192,IT
473,Dale,Huddleston,dhuddlestond4@nationalgeographic.com,Female,$478109.25,13345477,PP
474,Brit,MacGowan,bmacgowand5@answers.com,Male,$447506.15,109146371,PP
475,Rubie,Hlavecek,rhlavecekd6@google.co.jp,Female,$979264.73,991866277,CC
476,Reena,Methringham,rmethringhamd7@ted.com,Female,$913806.74,264343589,PP
477,Johna,Durrand,jdurrandd8@chicagotribune.com,Female,$873784.53,886128771,CC
478,Gabriel,Tremellan,gtremelland9@usatoday.com,Male,$517495.41,743310794,PP
479,Chip,Maffucci,cmaffuccida@samsung.com,Male,$233546.39,1043001298,CC
480,Germain,Downey,gdowneydb@wunderground.com,Male,$460931.40,95193772,CC
481,Dyanna,Akam,dakamdc@zimbio.com,Female,$675396.36,774834253,CC
482,Carlie,Riddington,criddingtondd@shinystat.com,Female,$312712.29,947157786,PP
483,Obidiah,Mishow,omishowde@unicef.org,Male,$154571.23,326026245,PP
484,Joe,Jopke,jjopkedf@sogou.com,Male,$912646.14,285591218,IT
485,Nev,Arthurs,narthursdg@ucoz.ru,Male,$758174.12,994369203,CC
486,Tally,Lambrechts,tlambrechtsdh@simplemachines.org,Female,$760892.40,194624602,PP
487,Shermy,Lilian,sliliandi@thetimes.co.uk,Male,$368291.05,832975706,IT
488,Eberto,Souten,esoutendj@instagram.com,Male,$490687.51,480122063,CC
489,Taber,Poolton,tpooltondk@europa.eu,Male,$428076.16,790018439,CC
490,Scot,McGlaud,smcglauddl@blogger.com,Male,$262763.23,409735347,IT
491,Dorri,Sinney,dsinneydm@archive.org,Female,$525261.52,120904015,CC
492,Tedmund,Darker,tdarkerdn@imageshack.us,Male,$276063.84,194875862,PP
493,Fidelio,Sinden,fsindendo@phoca.cz,Male,$194117.41,811853440,PP
494,Pace,Gibbon,pgibbondp@blog.com,Male,$202757.85,106794669,PP
495,Nina,Wooster,nwoosterdq@examiner.com,Female,$840314.70,101507111,PP
496,Hillel,Guitonneau,hguitonneaudr@bloglovin.com,Male,$223482.41,644791992,PP
497,Kimberli,Maykin,kmaykinds@sun.com,Female,$943528.72,525057503,PP
498,Nicolea,Dresche,ndreschedt@nature.com,Female,$421046.19,427529226,IT
499,Beckie,Caldecourt,bcaldecourtdu@parallels.com,Female,$995767.86,584245378,CC
500,Sherlocke,Bonaire,sbonairedv@squidoo.com,Male,$401427.61,909610780,IT
501,Nelson,Mingaud,nmingauddw@ucla.edu,Male,$261201.53,835204128,IT
502,Queenie,MacGauhy,qmacgauhydx@yellowpages.com,Female,$744042.23,990431511,IT
503,Muffin,McNea,mmcneady@mail.ru,Male,$303684.50,107050651,PP
504,Rinaldo,Krause,rkrausedz@goodreads.com,Male,$431577.13,460247868,IT
505,Melloney,Graffham,mgraffhame0@salon.com,Female,$165083.64,79375371,CC
506,Symon,Gibson,sgibsone1@earthlink.net,Male,$700518.56,918572185,PP
507,Luther,Olanda,lolandae2@smugmug.com,Male,$633298.88,185265551,PP
508,Waldemar,Dimmock,wdimmocke3@nasa.gov,Male,$870143.61,701424768,CC
509,Buiron,Cesconi,bcesconie4@earthlink.net,Male,$392462.97,934626530,CC
510,Hendrick,Batram,hbatrame5@tiny.cc,Male,$649085.54,206067695,CC
511,Rozamond,Sillwood,rsillwoode6@delicious.com,Female,$383446.49,986713444,IT
512,Bale,Gretton,bgrettone7@theglobeandmail.com,Male,$136639.21,411723104,CC
513,Farand,Tanser,ftansere8@nba.com,Female,$633871.31,565392132,IT
514,Gabie,Kippie,gkippiee9@networksolutions.com,Female,$330116.71,719475270,PP
515,Mabel,Uccello,muccelloea@ucoz.com,Female,$585276.05,502527052,IT
516,Hayes,Custy,hcustyeb@moonfruit.com,Male,$807283.14,221566769,IT
517,Steffi,Kemble,skembleec@stumbleupon.com,Female,$966967.65,335766046,CC
518,Kellen,Blanpein,kblanpeined@tripod.com,Male,$588002.01,971322718,PP
519,Hunt,Bentall,hbentallee@stumbleupon.com,Male,$135084.16,1026635058,CC
520,Brice,Awty,bawtyef@prnewswire.com,Male,$933378.37,626421919,IT
521,Gail,Hort,ghorteg@youtube.com,Female,$286469.40,838578314,CC
522,Eduino,Haukey,ehaukeyeh@mapquest.com,Male,$629144.04,821850055,CC
523,Gage,Banham,gbanhamei@examiner.com,Male,$236331.42,848387406,PP
524,Livvyy,Burgher,lburgherej@washingtonpost.com,Female,$147108.73,42671773,IT
525,Christal,Lambregts,clambregtsek@unesco.org,Female,$530412.81,743241518,IT
526,Jarvis,Halcro,jhalcroel@cyberchimps.com,Male,$134417.49,78500854,IT
527,Alec,Cardenosa,acardenosaem@auda.org.au,Male,$240599.77,387379186,IT
528,Ailina,Martel,amartelen@springer.com,Female,$861308.75,32025600,PP
529,Franciskus,Shernock,fshernockeo@economist.com,Male,$296169.62,859658633,PP
530,Matilde,Hassekl,mhasseklep@jalbum.net,Female,$141590.52,447857520,IT
531,Andrei,Enterlein,aenterleineq@ovh.net,Female,$253442.75,878117887,IT
532,Nettie,Langridge,nlangridgeer@cnn.com,Female,$512182.19,119850024,IT
533,Hanson,Sixsmith,hsixsmithes@fotki.com,Male,$932956.24,933157689,CC
534,Nero,Beamish,nbeamishet@alibaba.com,Male,$267873.04,296344552,PP
535,Carlene,Arpin,carpineu@tamu.edu,Female,$204873.29,329262881,PP
536,Eleni,Gullivent,egulliventev@cnn.com,Female,$914038.46,561970141,PP
537,Anica,Winslet,awinsletew@cbslocal.com,Female,$344636.57,257515882,IT
538,Case,Polendine,cpolendineex@sakura.ne.jp,Male,$768153.60,980471615,CC
539,Vassili,Wille,vwilleey@mozilla.com,Male,$149654.77,287445810,CC
540,Garry,Ilyas,gilyasez@bing.com,Male,$891820.75,735962545,CC
541,Dun,Drache,ddrachef0@sciencedaily.com,Male,$734724.66,708329973,CC
542,Davine,Cutmore,dcutmoref1@engadget.com,Female,$186883.92,860859465,IT
543,Fritz,Waddup,fwaddupf2@examiner.com,Male,$404073.55,463800249,PP
544,Nissa,Stepney,nstepneyf3@netscape.com,Female,$528662.32,633236288,CC
545,Prescott,Prowting,pprowtingf4@quantcast.com,Male,$753251.91,743120030,CC
546,Kennie,Lehrmann,klehrmannf5@howstuffworks.com,Male,$176610.18,54898362,IT
547,Jada,Tidmas,jtidmasf6@newsvine.com,Female,$980422.92,351536503,IT
548,Debbi,Cornbell,dcornbellf7@seattletimes.com,Female,$135253.50,533297598,IT
549,Perla,Duffet,pduffetf8@zdnet.com,Female,$445205.13,1007826712,IT
550,Corella,Feronet,cferonetf9@fda.gov,Female,$561596.59,704473498,CC
551,Stefania,Liccardo,sliccardofa@alexa.com,Female,$298822.02,261496201,CC
552,Bartholemy,Mohamed,bmohamedfb@istockphoto.com,Male,$831583.39,909610099,CC
553,Normy,Cansdell,ncansdellfc@netscape.com,Male,$397967.83,211177790,CC
554,Alison,Nitti,anittifd@adobe.com,Female,$840453.63,223379972,PP
555,Marcellina,Joselevitch,mjoselevitchfe@webnode.com,Female,$618621.55,366222743,CC
556,Sharla,Trussman,strussmanff@typepad.com,Female,$318926.91,388235026,PP
557,Colet,Gidman,cgidmanfg@google.com.br,Male,$597275.23,51673719,IT
558,Paulina,Elies,peliesfh@csmonitor.com,Female,$643059.76,246392657,PP
559,Nanci,Mintoft,nmintoftfi@google.co.jp,Female,$136506.96,803359355,IT
560,Willabella,Rany,wranyfj@usatoday.com,Female,$725896.93,115719000,CC
561,Delaney,Tows,dtowsfk@google.es,Male,$568834.11,252163365,PP
562,Franklyn,Adenot,fadenotfl@list-manage.com,Male,$496577.19,388376849,IT
563,Marlin,Halsho,mhalshofm@prweb.com,Male,$206191.32,720857010,CC
564,Burnard,Mantrup,bmantrupfn@utexas.edu,Male,$239851.07,749452137,CC
565,Owen,Kedwell,okedwellfo@noaa.gov,Male,$676684.29,724109484,IT
566,Royce,Matejka,rmatejkafp@gnu.org,Male,$715021.96,508807471,IT
567,Spense,Vannoort,svannoortfq@dion.ne.jp,Male,$267651.83,196293815,IT
568,Brice,Arniz,barnizfr@nature.com,Male,$340031.86,902373200,CC
569,Corrine,Maydway,cmaydwayfs@sitemeter.com,Female,$396666.94,977095238,CC
570,Justina,Devinn,jdevinnft@blogspot.com,Female,$793249.25,114420284,IT
571,Batsheva,Middlemiss,bmiddlemissfu@shop-pro.jp,Female,$676320.97,711862533,PP
572,Redd,Faughnan,rfaughnanfv@irs.gov,Male,$758208.08,407996447,PP
573,Chaddie,Wolfart,cwolfartfw@dot.gov,Male,$831230.82,118695128,CC
574,Carol,Muggeridge,cmuggeridgefx@chron.com,Female,$483002.52,542697252,CC
575,Halie,Manuele,hmanuelefy@narod.ru,Female,$620554.84,942972325,CC
576,Claudie,Cheyne,ccheynefz@mail.ru,Female,$429414.11,150662413,PP
577,Philbert,Lipmann,plipmanng0@mozilla.org,Male,$702039.09,276596870,IT
578,Stevy,Petrasek,spetrasekg1@meetup.com,Male,$207944.38,81429758,IT
579,Else,Petheridge,epetheridgeg2@nifty.com,Female,$458956.77,483230272,CC
580,Florenza,Conisbee,fconisbeeg3@japanpost.jp,Female,$442183.42,307714075,IT
581,Nicoline,Zylberdik,nzylberdikg4@e-recht24.de,Female,$185690.74,962187397,PP
582,Raphael,Prendergast,rprendergastg5@hhs.gov,Male,$105687.46,614547782,PP
583,Berke,Hubback,bhubbackg6@ft.com,Male,$261021.51,817891071,CC
584,Burt,Indruch,bindruchg7@macromedia.com,Male,$276381.85,710937320,PP
585,Merissa,Edge,medgeg8@hibu.com,Female,$999540.01,1025412901,CC
586,Roi,Wooffitt,rwooffittg9@nbcnews.com,Male,$519065.34,418171916,CC
587,Salaidh,Vautin,svautinga@chron.com,Female,$280201.86,617791726,CC
588,Tildie,Dewi,tdewigb@boston.com,Female,$674106.65,143952904,IT
589,Vin,Dreelan,vdreelangc@cnn.com,Female,$507640.59,1045597385,CC
590,Artus,Harvison,aharvisongd@fda.gov,Male,$694227.42,909436608,CC
591,Virgina,Leupold,vleupoldge@marriott.com,Female,$556739.53,410677323,CC
592,Gabi,Hestrop,ghestropgf@archive.org,Female,$594441.45,822326686,IT
593,Artur,Jentle,ajentlegg@wikispaces.com,Male,$970503.10,35891892,CC
594,Willette,Fooks,wfooksgh@nationalgeographic.com,Female,$194130.90,891439246,CC
595,Melessa,Kilkenny,mkilkennygi@over-blog.com,Female,$562330.38,533567103,IT
596,Helaine,Clemitt,hclemittgj@census.gov,Female,$665185.44,456390440,PP
597,Huey,Grice,hgricegk@scientificamerican.com,Male,$815212.76,527769414,IT
598,Billy,Breissan,bbreissangl@artisteer.com,Male,$594551.05,596158715,CC
599,Eydie,Atteridge,eatteridgegm@comcast.net,Female,$136883.76,139036952,PP
600,Nerty,Carberry,ncarberrygn@ycombinator.com,Female,$839155.22,228026726,CC
601,Davita,Wassung,dwassunggo@freewebs.com,Female,$942082.46,519196739,IT
602,Kennie,Prudham,kprudhamgp@free.fr,Male,$913210.49,298869560,PP
603,Nadeen,Tarrier,ntarriergq@ucoz.com,Female,$850964.61,375750562,IT
604,Vassily,Kelshaw,vkelshawgr@dailymotion.com,Male,$149141.94,484697952,CC
605,Omero,Harden,ohardengs@slashdot.org,Male,$132445.40,854923680,IT
606,Darcy,Furniss,dfurnissgt@oakley.com,Female,$407757.38,248293566,IT
607,Otha,Gitting,ogittinggu@ftc.gov,Female,$732931.26,178472594,PP
608,Gregg,Bielby,gbielbygv@toplist.cz,Male,$392194.71,495021250,CC
609,Hartwell,Vampouille,hvampouillegw@ca.gov,Male,$346579.29,53837541,IT
610,Audy,Kinig,akiniggx@oaic.gov.au,Female,$681839.37,1036820523,PP
611,Jorrie,Stacy,jstacygy@wikia.com,Female,$569045.07,333605771,IT
612,Reade,Aldine,raldinegz@craigslist.org,Male,$387255.77,466691842,IT
613,Nickie,Henmarsh,nhenmarshh0@free.fr,Female,$758020.94,555629340,IT
614,Gisella,Cheeke,gcheekeh1@weibo.com,Female,$333822.63,811362445,CC
615,Cassey,Mannix,cmannixh2@artisteer.com,Female,$846993.40,134976776,PP
616,Brenna,Jurs,bjursh3@parallels.com,Female,$743504.04,397334446,IT
617,Xenos,Broderick,xbroderickh4@infoseek.co.jp,Male,$622142.27,232635246,PP
618,Wyatt,Canto,wcantoh5@patch.com,Male,$749662.05,519341873,IT
619,Malia,Murphey,mmurpheyh6@accuweather.com,Female,$169460.21,290849033,IT
620,Mahalia,Besque,mbesqueh7@latimes.com,Female,$922973.29,782472888,IT
621,Pall,Rickesies,prickesiesh8@buzzfeed.com,Male,$993611.39,7031853,CC
622,Livvy,Worrall,lworrallh9@weebly.com,Female,$801186.58,654202857,IT
623,Bobbi,Gook,bgookha@cnbc.com,Female,$771114.73,730072180,PP
624,Oran,Kuller,okullerhb@edublogs.org,Male,$801844.79,8760028,IT
625,Frankie,Jemison,fjemisonhc@cbsnews.com,Female,$275045.39,1010236709,CC
626,Lorna,Low,llowhd@newyorker.com,Female,$714721.94,600196872,PP
627,Welsh,Garrettson,wgarrettsonhe@patch.com,Male,$251139.63,323779848,IT
628,Nannie,Bradley,nbradleyhf@columbia.edu,Female,$625355.16,497391307,IT
629,Rhodie,Kropach,rkropachhg@chicagotribune.com,Female,$308045.61,927679399,CC
630,Lyman,Pidcock,lpidcockhh@japanpost.jp,Male,$628122.27,747914597,PP
631,Seymour,Kelcey,skelceyhi@toplist.cz,Male,$574842.64,412867341,IT
632,Celina,Blenkinsopp,cblenkinsopphj@google.com,Female,$309626.92,825706951,PP
633,Noah,Farlamb,nfarlambhk@admin.ch,Male,$942253.32,149922655,PP
634,Shoshana,Wallsworth,swallsworthhl@nih.gov,Female,$231658.16,406597428,IT
635,Datha,Grout,dgrouthm@sohu.com,Female,$181408.07,988567931,IT
636,Kristal,Scoines,kscoineshn@cam.ac.uk,Female,$874899.46,56199142,IT
637,Ella,Fernando,efernandoho@howstuffworks.com,Female,$912010.95,713144073,CC
638,Sharline,Ferminger,sfermingerhp@domainmarket.com,Female,$359589.90,19178303,IT
639,Tandi,Dredge,tdredgehq@pagesperso-orange.fr,Female,$482001.38,779299652,CC
640,Berty,Geibel,bgeibelhr@homestead.com,Female,$692324.68,544100650,PP
641,Killy,Fairholm,kfairholmhs@ucla.edu,Male,$141701.88,964431083,IT
642,Augusto,Aguirre,aaguirreht@sfgate.com,Male,$486285.64,666799241,IT
643,Willow,Keighly,wkeighlyhu@mapy.cz,Female,$278834.63,523941273,PP
644,Taryn,Castagnaro,tcastagnarohv@rambler.ru,Female,$220784.72,866883154,PP
645,Kizzee,Gostridge,kgostridgehw@com.com,Female,$390181.69,875992208,CC
646,Kelly,Francesch,kfranceschhx@elegantthemes.com,Male,$669553.91,75991263,IT
647,Rania,Benner,rbennerhy@stanford.edu,Female,$962904.26,285036577,PP
648,Odelle,Vossing,ovossinghz@chron.com,Female,$415192.60,979781373,CC
649,Maiga,Eick,meicki0@yelp.com,Female,$905651.32,119326631,CC
650,Mab,Salerg,msalergi1@admin.ch,Female,$740475.71,305575839,PP
651,Misti,Scane,mscanei2@nydailynews.com,Female,$215210.34,324255935,CC
652,Hanna,Stockle,hstocklei3@godaddy.com,Female,$162445.46,762270026,IT
653,Gottfried,Murkus,gmurkusi4@tuttocitta.it,Male,$832318.81,747707302,PP
654,Thaddus,Oaks,toaksi5@addthis.com,Male,$190553.55,432812333,IT
655,Allegra,Meynell,ameynelli6@cisco.com,Female,$948217.92,885933892,CC
656,Brennen,Ivakin,bivakini7@123-reg.co.uk,Male,$301127.84,53057591,IT
657,Albrecht,Wordsley,awordsleyi8@sakura.ne.jp,Male,$474750.07,745919931,PP
658,Paulie,Coale,pcoalei9@ucsd.edu,Female,$206942.35,628090782,CC
659,Charmain,Downs,cdownsia@nsw.gov.au,Female,$680131.81,992352029,IT
660,Alexandro,Shadfourth,ashadfourthib@google.co.jp,Male,$890288.05,731107221,CC
661,Padraig,Ranscome,pranscomeic@smh.com.au,Male,$331417.06,595318937,CC
662,Pyotr,Greenman,pgreenmanid@skyrock.com,Male,$321750.89,1013919995,IT
663,Kristien,St. Quentin,kstquentinie@seesaa.net,Female,$607163.39,247013080,IT
664,Ardisj,Bartleman,abartlemanif@archive.org,Female,$747402.32,739040823,CC
665,Amil,Bowld,abowldig@alibaba.com,Female,$930287.81,192248887,CC
666,Joann,Andriveau,jandriveauih@epa.gov,Female,$818601.03,722585026,CC
667,Mareah,Cannings,mcanningsii@fotki.com,Female,$162011.81,22754387,PP
668,Lynnette,Flipsen,lflipsenij@jalbum.net,Female,$992425.01,52180161,IT
669,Reena,Faire,rfaireik@wiley.com,Female,$333526.53,749610167,IT
670,Stevana,Obell,sobellil@sun.com,Female,$512715.66,1039657272,PP
671,Titos,Pardi,tpardiim@independent.co.uk,Male,$293553.57,740072640,IT
672,Stanfield,Cutts,scuttsin@exblog.jp,Male,$103918.41,467524405,PP
673,Dannel,Clemmen,dclemmenio@google.fr,Male,$251130.38,688324733,PP
674,Will,Howell,whowellip@i2i.jp,Male,$416026.26,38259249,CC
675,Al,Allcott,aallcottiq@shareasale.com,Male,$662706.60,1003285884,PP
676,Brigg,Lyptratt,blyptrattir@imgur.com,Male,$328210.47,468633876,IT
677,Nydia,Derrington,nderringtonis@apple.com,Female,$621677.35,1019107665,IT
678,Philbert,Kingsnoad,pkingsnoadit@bandcamp.com,Male,$422609.09,678222662,CC
679,Nevil,Haslum,nhaslumiu@yahoo.co.jp,Male,$769708.99,297803380,IT
680,Gerianna,Milsom,gmilsomiv@hostgator.com,Female,$427914.98,449561863,IT
681,Bernadene,Dymidowski,bdymidowskiiw@noaa.gov,Female,$614232.05,885044395,PP
682,Maddalena,Eich,meichix@businessinsider.com,Female,$834740.74,507307654,CC
683,Stefa,Sweeny,ssweenyiy@live.com,Female,$385408.73,707707417,CC
684,Vidovik,Sybry,vsybryiz@huffingtonpost.com,Male,$292489.48,128271648,CC
685,Ethelbert,Vatcher,evatcherj0@vistaprint.com,Male,$292458.68,295817621,CC
686,Suzanne,Balma,sbalmaj1@hp.com,Female,$547704.17,99897554,PP
687,Stevana,Melin,smelinj2@ibm.com,Female,$424785.14,110175697,PP
688,Arel,Bril,abrilj3@dailymail.co.uk,Male,$280826.41,574783256,CC
689,Abie,Point,apointj4@paginegialle.it,Male,$760197.21,93680846,PP
690,Trevor,Hinkins,thinkinsj5@adobe.com,Male,$928616.65,428480301,IT
691,Maynard,Milillo,mmililloj6@indiegogo.com,Male,$783948.89,566085016,CC
692,Petronia,Le Marquis,plemarquisj7@booking.com,Female,$276808.34,808693298,IT
693,Aubert,Billo,abilloj8@macromedia.com,Male,$861855.72,110231271,CC
694,Ambrosius,Kirkbride,akirkbridej9@china.com.cn,Male,$872277.75,820277609,PP
695,Paolo,Woodgate,pwoodgateja@wufoo.com,Male,$915687.66,561337041,PP
696,Lira,Swinney,lswinneyjb@loc.gov,Female,$377453.03,299438530,PP
697,Sly,Danaher,sdanaherjc@shinystat.com,Male,$174314.40,481083279,IT
698,Karoly,Challin,kchallinjd@latimes.com,Female,$238036.23,361289184,IT
699,Antonetta,Matresse,amatresseje@cbc.ca,Female,$345805.87,812835007,CC
700,Emelyne,Rattenbury,erattenburyjf@creativecommons.org,Female,$439459.19,574115395,CC
701,Adriano,Shoute,ashoutejg@dyndns.org,Male,$979898.76,650176030,IT
702,Linette,Kovalski,lkovalskijh@gmpg.org,Female,$202080.96,1035048175,CC
703,Lyndsie,Shottin,lshottinji@blogtalkradio.com,Female,$197265.62,537678605,IT
704,Novelia,Hollingsbee,nhollingsbeejj@google.co.uk,Female,$728837.36,257027959,PP
705,Ellen,Dain,edainjk@blogger.com,Female,$117502.66,145187065,IT
706,Patrick,Serrurier,pserrurierjl@miibeian.gov.cn,Male,$242209.40,727896218,IT
707,Latrena,Stinson,lstinsonjm@google.com,Female,$460104.65,746624466,PP
708,Ciel,Mansion,cmansionjn@aol.com,Female,$434031.44,1035366805,CC
709,Neila,Sitford,nsitfordjo@miibeian.gov.cn,Female,$806925.74,61423384,CC
710,Rycca,Gauford,rgaufordjp@free.fr,Female,$149070.14,422826331,IT
711,Fern,Rucklesse,frucklessejq@cornell.edu,Female,$506079.74,927281965,CC
712,Wallis,McGilbon,wmcgilbonjr@icio.us,Male,$246501.27,437875771,IT
713,Merola,Whorton,mwhortonjs@g.co,Female,$505169.10,689793778,PP
714,Shannon,Gard,sgardjt@discuz.net,Female,$757850.46,914342526,IT
715,Arley,Tillerton,atillertonju@boston.com,Male,$317282.53,718030432,IT
716,Cesaro,Leatherland,cleatherlandjv@stumbleupon.com,Male,$290378.67,956700458,CC
717,Francoise,Huffey,fhuffeyjw@nsw.gov.au,Female,$881782.99,643310838,IT
718,Sandor,Taffarello,staffarellojx@nyu.edu,Male,$369119.00,345401346,IT
719,Ave,Kaufman,akaufmanjy@ucoz.ru,Male,$262615.75,349042829,CC
720,Gisele,Gailor,ggailorjz@intel.com,Female,$429556.43,440876084,PP
721,Brit,Mackley,bmackleyk0@chicagotribune.com,Male,$352068.39,43208230,PP
722,Kelcey,Feehily,kfeehilyk1@oaic.gov.au,Female,$906348.57,906286250,IT
723,Ginevra,Rubinchik,grubinchikk2@wordpress.org,Female,$605122.56,249792419,CC
724,Glenden,Noblet,gnobletk3@amazon.co.jp,Male,$312892.72,928295397,IT
725,Danice,Cayette,dcayettek4@t.co,Female,$704434.82,535881911,CC
726,Ralina,Monckton,rmoncktonk5@exblog.jp,Female,$156325.72,789330461,CC
727,Amandy,Spoure,aspourek6@php.net,Female,$275640.90,104280537,IT
728,Jacques,Villalta,jvillaltak7@newsvine.com,Male,$501529.14,212455836,IT
729,Maurise,Foucard,mfoucardk8@tripod.com,Male,$830944.76,674402590,IT
730,Sandi,Thornally,sthornallyk9@purevolume.com,Female,$407661.58,187611390,CC
731,Alva,Dreher,adreherka@geocities.jp,Male,$712416.97,747623617,PP
732,Nissy,Lofty,nloftykb@jugem.jp,Female,$424477.15,596691229,IT
733,Berky,Brack,bbrackkc@columbia.edu,Male,$384613.06,801358914,PP
734,Frederica,Overton,fovertonkd@army.mil,Female,$801468.95,259258242,PP
735,Pepito,Steddall,psteddallke@comcast.net,Male,$391245.51,252426344,IT
736,Koral,Strongman,kstrongmankf@sogou.com,Female,$775625.37,720991610,CC
737,Ignaz,Harkess,iharkesskg@lulu.com,Male,$116145.38,125709146,IT
738,Derril,Large,dlargekh@about.com,Male,$791378.55,73619555,PP
739,Marylou,Assard,massardki@prnewswire.com,Female,$394028.46,904814700,CC
740,Kylie,De Miranda,kdemirandakj@facebook.com,Female,$305203.08,906905181,IT
741,Glendon,Freeman,gfreemankk@angelfire.com,Male,$702804.41,321839823,CC
742,Blinny,Blasi,bblasikl@salon.com,Female,$535254.03,485660781,PP
743,Binky,Effemy,beffemykm@ihg.com,Male,$890651.89,176612237,CC
744,Lucretia,Murrie,lmurriekn@gravatar.com,Female,$850484.08,157304087,IT
745,Jayme,Senton,jsentonko@rediff.com,Female,$824738.07,985400144,PP
746,Norrie,Warbrick,nwarbrickkp@webnode.com,Male,$687756.28,1029319265,IT
747,Mohammed,Lembke,mlembkekq@webnode.com,Male,$862644.82,798045815,CC
748,Tabby,Oleshunin,toleshuninkr@harvard.edu,Female,$293974.17,631047366,IT
749,Derrek,Capron,dcapronks@dmoz.org,Male,$673247.91,845914114,CC
750,Hadlee,Stuke,hstukekt@cam.ac.uk,Male,$950422.43,609805478,PP
751,Harald,Eggleson,hegglesonku@bbb.org,Male,$955986.92,949995749,PP
752,Cherin,Ions,cionskv@netscape.com,Female,$278417.99,746809117,IT
753,Tamara,Hincham,thinchamkw@disqus.com,Female,$131942.24,742847552,CC
754,Roslyn,Murney,rmurneykx@wired.com,Female,$709621.32,268045627,CC
755,Bobbe,Ambrozik,bambrozikky@ocn.ne.jp,Female,$590123.94,201483607,CC
756,Hastie,Starford,hstarfordkz@boston.com,Male,$542105.67,51193033,CC
757,Orazio,Philipps,ophilippsl0@last.fm,Male,$909327.35,521623342,CC
758,Anjanette,Tordiffe,atordiffel1@google.com.br,Female,$864608.60,111013086,CC
759,Chris,Bradberry,cbradberryl2@newsvine.com,Female,$330478.32,260489110,CC
760,Shayne,Defty,sdeftyl3@exblog.jp,Female,$360182.29,1023100764,PP
761,Manya,Lardge,mlardgel4@mapy.cz,Female,$925387.36,198372458,IT
762,Amargo,Chastey,achasteyl5@icio.us,Female,$932637.00,1019696520,IT
763,Hollis,Boyse,hboysel6@nih.gov,Male,$894476.04,1016575504,CC
764,Corabel,Berndtsson,cberndtssonl7@uiuc.edu,Female,$253684.58,1003627431,IT
765,Malcolm,Garrigan,mgarriganl8@spiegel.de,Male,$372520.44,493542561,CC
766,Carlyn,Riccione,criccionel9@google.it,Female,$944490.72,67186395,CC
767,Tyrus,Lawley,tlawleyla@domainmarket.com,Male,$399288.88,503547491,PP
768,Ryon,Brazear,rbrazearlb@furl.net,Male,$399128.08,276834677,PP
769,Willi,Darrow,wdarrowlc@miibeian.gov.cn,Male,$606347.18,550144120,IT
770,Jerrine,Pane,jpaneld@lulu.com,Female,$654456.03,452747980,IT
771,Evangelin,Pyrke,epyrkele@t.co,Female,$279781.08,800451936,CC
772,Kippy,MacCostigan,kmaccostiganlf@acquirethisname.com,Female,$344483.62,263086019,CC
773,Brice,Lob,bloblg@zimbio.com,Male,$186363.15,149654433,PP
774,Stacy,Markwick,smarkwicklh@tiny.cc,Female,$697120.09,118979779,CC
775,Iorgos,Wilcinskis,iwilcinskisli@bizjournals.com,Male,$788289.61,107741492,PP
776,Reg,Glasard,rglasardlj@dion.ne.jp,Male,$533278.53,504149383,CC
777,Dannie,Lorne,dlornelk@amazon.co.uk,Male,$621054.37,292373845,IT
778,Zachariah,Fost,zfostll@blogspot.com,Male,$819382.97,969020318,CC
779,Marcel,Indruch,mindruchlm@moonfruit.com,Male,$248138.03,536779539,IT
780,Celine,Boig,cboigln@moonfruit.com,Female,$447989.99,301010370,PP
781,Deina,Looks,dlookslo@pinterest.com,Female,$364489.43,996975691,CC
782,Manny,Arnolds,marnoldslp@thetimes.co.uk,Male,$826774.21,830553636,IT
783,Twyla,Dymick,tdymicklq@vimeo.com,Female,$557030.36,1023868127,PP
784,Tabbi,Nornable,tnornablelr@dailymotion.com,Female,$996562.59,1037999930,CC
785,Mavra,Dufore,mduforels@mayoclinic.com,Female,$241409.60,427519206,IT
786,Rebekah,Dulinty,rdulintylt@soundcloud.com,Female,$159940.66,516707137,PP
787,Halsy,Hirche,hhirchelu@networkadvertising.org,Male,$115981.10,819888937,IT
788,Vance,Smitheman,vsmithemanlv@elegantthemes.com,Male,$125825.75,403446608,IT
789,Harmonie,Point,hpointlw@cdbaby.com,Female,$546479.40,942759575,CC
790,Corene,Gibberd,cgibberdlx@slashdot.org,Female,$261523.37,925390841,CC
791,Storm,Syres,ssyresly@google.de,Female,$217442.62,791164831,IT
792,Coralie,Swinnard,cswinnardlz@admin.ch,Female,$996537.01,317782635,CC
793,Cymbre,Jerdon,cjerdonm0@icq.com,Female,$865022.90,42436851,CC
794,Ashlin,MacDaid,amacdaidm1@businessweek.com,Male,$689557.15,179925091,CC
795,Kizzee,Wattinham,kwattinhamm2@prlog.org,Female,$428383.57,277980744,CC
796,Cymbre,Hardaway,chardawaym3@slideshare.net,Female,$326904.91,960017904,CC
797,Barbabra,Snibson,bsnibsonm4@tmall.com,Female,$830555.41,855927233,IT
798,Karlik,Maeer,kmaeerm5@sakura.ne.jp,Male,$984972.95,1047642275,IT
799,Salomi,Shakspeare,sshakspearem6@myspace.com,Female,$415168.62,411490924,CC
800,Cris,McKune,cmckunem7@toplist.cz,Male,$450082.56,743079665,PP
801,Sallyann,Dallimore,sdallimorem8@springer.com,Female,$840930.86,398684215,CC
802,Cristine,Haithwaite,chaithwaitem9@ftc.gov,Female,$107074.82,482519094,PP
803,Kendall,Noah,knoahma@delicious.com,Male,$253076.57,150411059,IT
804,Alister,Bortolazzi,abortolazzimb@wisc.edu,Male,$390234.98,739840184,PP
805,Ingelbert,Humbell,ihumbellmc@fastcompany.com,Male,$279317.26,1020971907,IT
806,Christiana,Ballister,cballistermd@uol.com.br,Female,$715014.16,379192425,IT
807,Cristabel,Voss,cvossme@jalbum.net,Female,$130635.13,766976033,CC
808,Keelby,Cruess,kcruessmf@theguardian.com,Male,$556244.33,871417591,PP
809,Alic,Hendrix,ahendrixmg@thetimes.co.uk,Male,$110984.93,798080760,IT
810,Ericha,Hursey,ehurseymh@usnews.com,Female,$744042.75,985552828,CC
811,Tova,Brydson,tbrydsonmi@is.gd,Female,$847055.46,909906940,CC
812,Marisa,Cobello,mcobellomj@foxnews.com,Female,$488309.90,799968637,PP
813,Yasmeen,Vigar,yvigarmk@oaic.gov.au,Female,$187779.57,470711090,CC
814,Bernardine,Barensky,bbarenskyml@skype.com,Female,$773641.12,859520496,IT
815,Shirlene,Lindberg,slindbergmm@miibeian.gov.cn,Female,$754199.15,390174885,IT
816,Floris,Imbrey,fimbreymn@soundcloud.com,Female,$135537.25,905309387,IT
817,Deni,Bolger,dbolgermo@tinypic.com,Female,$662903.11,220803218,PP
818,Marilin,Ladewig,mladewigmp@rediff.com,Female,$438326.28,905265253,CC
819,Dyanne,Harrington,dharringtonmq@indiegogo.com,Female,$235532.65,120803097,PP
820,Dyanna,Mapplebeck,dmapplebeckmr@elpais.com,Female,$622037.55,483806984,CC
821,Darleen,Bansal,dbansalms@utexas.edu,Female,$535198.86,208074670,CC
822,Dew,Tetsall,dtetsallmt@reference.com,Male,$998459.22,687293855,IT
823,Kathlin,Staite,kstaitemu@yelp.com,Female,$921266.34,850685173,PP
824,Sarita,Burwin,sburwinmv@eventbrite.com,Female,$819257.38,1039172017,PP
825,Michaela,Langhorne,mlanghornemw@github.com,Female,$668571.71,972547737,CC
826,Shir,De Clairmont,sdeclairmontmx@seesaa.net,Female,$218746.26,547141601,PP
827,Jarid,Slyman,jslymanmy@unblog.fr,Male,$974598.94,608407926,CC
828,Kaspar,Weller,kwellermz@edublogs.org,Male,$265531.95,498946518,CC
829,Allen,Milsap,amilsapn0@pagesperso-orange.fr,Male,$469137.68,386304827,CC
830,Josey,Phethean,jphetheann1@hugedomains.com,Female,$105693.28,474255774,CC
831,Frederica,Surmeyers,fsurmeyersn2@furl.net,Female,$534549.89,921668052,CC
832,Yasmeen,Shanley,yshanleyn3@tinyurl.com,Female,$679096.96,722563545,PP
833,Debera,Crane,dcranen4@naver.com,Female,$893831.93,528234546,CC
834,Derril,Conkey,dconkeyn5@phoca.cz,Male,$444738.65,406675092,CC
835,Rebeka,Sweynson,rsweynsonn6@google.ca,Female,$478268.69,161199250,IT
836,Vanna,Gouch,vgouchn7@imdb.com,Female,$528074.61,867187685,CC
837,Kelsy,Mohring,kmohringn8@last.fm,Female,$107786.14,985063099,PP
838,Marchall,Camerana,mcameranan9@networkadvertising.org,Male,$866969.45,404905649,CC
839,Kent,Buttery,kbutteryna@slate.com,Male,$714233.05,16267250,IT
840,Odille,Woffenden,owoffendennb@csmonitor.com,Female,$780714.73,222655573,PP
841,Christoffer,Rankling,cranklingnc@zimbio.com,Male,$449095.82,505127749,IT
842,Konstanze,Wevell,kwevellnd@nifty.com,Female,$648040.28,956370968,IT
843,Dougy,McMaster,dmcmasterne@domainmarket.com,Male,$619127.50,607597937,CC
844,Tremayne,Vidyapin,tvidyapinnf@altervista.org,Male,$621867.65,499981152,IT
845,Gradeigh,Addekin,gaddekinng@miibeian.gov.cn,Male,$633262.43,155912356,CC
846,Anica,Swaton,aswatonnh@salon.com,Female,$514188.06,1003075081,CC
847,Leonelle,Calcut,lcalcutni@sakura.ne.jp,Female,$376544.43,269269033,PP
848,Consuelo,Crilley,ccrilleynj@google.de,Female,$687923.05,603860987,PP
849,Sigismond,Killough,skilloughnk@berkeley.edu,Male,$365699.30,410278084,IT
850,Rubi,Pridding,rpriddingnl@canalblog.com,Female,$336583.12,1001706769,PP
851,Venus,Benois,vbenoisnm@opera.com,Female,$413019.56,154562925,CC
852,Lynnea,Hanrahan,lhanrahannn@ask.com,Female,$688887.18,93891452,CC
853,Evvy,Topp,etoppno@istockphoto.com,Female,$450897.32,170270223,CC
854,Hayyim,Lilley,hlilleynp@google.com.hk,Male,$917120.22,470599541,PP
855,Milo,Lyosik,mlyosiknq@scribd.com,Male,$685122.72,207145551,IT
856,Austen,Pfertner,apfertnernr@cdc.gov,Male,$110876.87,944659208,PP
857,Jorrie,Tebbs,jtebbsns@themeforest.net,Female,$699821.42,270160998,CC
858,Clayborn,Matthews,cmatthewsnt@irs.gov,Male,$263806.25,795941915,PP
859,Caz,Glazer,cglazernu@huffingtonpost.com,Male,$733886.99,569726925,CC
860,Carney,Gallant,cgallantnv@examiner.com,Male,$512109.23,698855944,IT
861,Mallory,McKeag,mmckeagnw@bing.com,Male,$892707.18,716911823,IT
862,Brod,Bevens,bbevensnx@zimbio.com,Male,$114140.06,277605339,CC
863,Kiley,Izhakov,kizhakovny@rediff.com,Female,$955353.20,119957542,PP
864,Brod,Schout,bschoutnz@seesaa.net,Male,$204689.78,121168092,IT
865,Stu,Flux,sfluxo0@free.fr,Male,$526608.74,203613744,IT
866,Harli,Grugerr,hgrugerro1@deviantart.com,Female,$244060.30,904416834,IT
867,Bartie,Sirmond,bsirmondo2@diigo.com,Male,$211518.21,610621288,PP
868,Pat,Cush,pcusho3@wikia.com,Male,$960451.72,812445160,CC
869,Willette,Vergine,wvergineo4@intel.com,Female,$326563.18,211785401,IT
870,Tory,Gehrts,tgehrtso5@kickstarter.com,Female,$405797.37,550489817,PP
871,Gene,MacGinley,gmacginleyo6@sakura.ne.jp,Male,$399463.18,818020022,IT
872,Russell,Chaves,rchaveso7@bbc.co.uk,Male,$981352.13,674100474,CC
873,Cordie,Lamblot,clambloto8@google.it,Male,$415770.44,177157322,PP
874,Raimund,Linford,rlinfordo9@latimes.com,Male,$817579.20,280412188,PP
875,Cole,Bann,cbannoa@weebly.com,Male,$266391.75,643116250,IT
876,Esme,Sykes,esykesob@stanford.edu,Female,$274764.09,792659401,CC
877,Yance,Kynge,ykyngeoc@columbia.edu,Male,$611425.64,922095940,IT
878,Parnell,Catherall,pcatherallod@flickr.com,Male,$550755.70,668854375,IT
879,Glen,Comford,gcomfordoe@go.com,Female,$986941.34,323115805,CC
880,Hill,Southerill,hsoutherillof@msu.edu,Male,$276405.50,436971084,CC
881,Tully,Gilmour,tgilmourog@acquirethisname.com,Male,$562025.14,765476380,IT
882,Panchito,Spearett,pspearettoh@dedecms.com,Male,$403565.21,1008391108,CC
883,Julianne,Baldack,jbaldackoi@freewebs.com,Female,$137743.16,624306863,PP
884,Dolf,Sone,dsoneoj@cdbaby.com,Male,$404038.49,110480956,CC
885,Earlie,Serrier,eserrierok@cocolog-nifty.com,Male,$308036.77,440412796,CC
886,Wallie,Mynott,wmynottol@forbes.com,Male,$481851.09,761735731,PP
887,Emmye,Downey,edowneyom@fda.gov,Female,$821901.02,862742315,PP
888,Lani,Meffan,lmeffanon@jigsy.com,Female,$306501.81,35188018,PP
889,Carolyne,Heaford,cheafordoo@de.vu,Female,$550125.22,435448747,PP
890,Phillie,Derill,pderillop@weather.com,Female,$734871.18,417797105,PP
891,Carlo,Gellert,cgellertoq@quantcast.com,Male,$256965.24,994832380,CC
892,Amory,Woodyeare,awoodyeareor@mapy.cz,Male,$706387.20,361826586,IT
893,Nate,Weatherhill,nweatherhillos@drupal.org,Male,$127175.90,95205417,PP
894,Elmer,Beddin,ebeddinot@twitter.com,Male,$501899.65,820828761,PP
895,Susi,Stelfax,sstelfaxou@stanford.edu,Female,$409223.43,366909477,CC
896,Glynis,Lyall,glyallov@loc.gov,Female,$829669.36,268416248,IT
897,Winfield,Avo,wavoow@hexun.com,Male,$494546.41,724944567,IT
898,Diego,Ollenbuttel,dollenbuttelox@cyberchimps.com,Male,$539326.42,323329390,IT
899,Laughton,Playhill,lplayhilloy@163.com,Male,$475832.17,958559727,IT
900,Ceciley,Vanini,cvaninioz@army.mil,Female,$576218.89,661456959,IT
901,Rosaleen,Storm,rstormp0@marketwatch.com,Female,$190548.43,722456795,CC
902,Ashbey,Pindell,apindellp1@mashable.com,Male,$495843.66,317090523,PP
903,Shayne,Luthwood,sluthwoodp2@nih.gov,Female,$400706.62,766693792,IT
904,Bendicty,Call,bcallp3@hostgator.com,Male,$165132.62,171517235,IT
905,Dickie,Tidman,dtidmanp4@dropbox.com,Male,$447785.87,185323983,CC
906,Thorvald,Wadge,twadgep5@miibeian.gov.cn,Male,$122443.00,749494849,CC
907,Valry,Antonognoli,vantonognolip6@tinyurl.com,Female,$323886.24,195529830,CC
908,Aluin,Wooler,awoolerp7@yolasite.com,Male,$445573.95,139285891,PP
909,Zorah,Pirri,zpirrip8@issuu.com,Female,$119165.43,465307410,PP
910,Constantina,Rops,cropsp9@cnn.com,Female,$206563.55,64282134,CC
911,Ange,Braybrookes,abraybrookespa@shop-pro.jp,Female,$787186.16,266564322,PP
912,Delcina,Kays,dkayspb@ebay.com,Female,$257798.10,122075591,CC
913,Lindsay,Surby,lsurbypc@disqus.com,Male,$571770.98,971146315,PP
914,Caron,Badder,cbadderpd@sitemeter.com,Female,$925701.50,211764445,PP
915,Ryun,Simounet,rsimounetpe@noaa.gov,Male,$251014.90,361613428,IT
916,Inigo,Brent,ibrentpf@chronoengine.com,Male,$592538.13,75919456,CC
917,Leonardo,Swindlehurst,lswindlehurstpg@live.com,Male,$628460.44,655032825,IT
918,Sheppard,Liffe,sliffeph@icio.us,Male,$108750.81,343029949,IT
919,Upton,Gudeman,ugudemanpi@instagram.com,Male,$645590.74,726545714,IT
920,Matty,Tremblet,mtrembletpj@behance.net,Female,$669001.82,1035761727,IT
921,Uriah,Crack,ucrackpk@opensource.org,Male,$801849.18,478058360,IT
922,Jocelyne,Greetham,jgreethampl@tamu.edu,Female,$798069.83,856156381,IT
923,Neale,De la Feld,ndelafeldpm@about.com,Male,$280200.11,296349539,CC
924,Leroy,Signoret,lsignoretpn@godaddy.com,Male,$182966.75,847422640,PP
925,Raffarty,Alberti,ralbertipo@cdc.gov,Male,$803864.02,637866983,CC
926,Lurlene,Motton,lmottonpp@house.gov,Female,$742074.49,759179131,PP
927,Emlen,Rehm,erehmpq@twitter.com,Male,$907810.85,228806423,IT
928,Saunderson,Dinsale,sdinsalepr@ifeng.com,Male,$316691.39,741305750,CC
929,Humberto,Pinwell,hpinwellps@bizjournals.com,Male,$892806.26,996326892,PP
930,Erin,Tallow,etallowpt@hibu.com,Female,$480868.70,475971319,IT
931,Say,Veltmann,sveltmannpu@unicef.org,Male,$670476.01,597265156,PP
932,Devonna,Saterthwait,dsaterthwaitpv@behance.net,Female,$615053.61,765616277,CC
933,Vivian,Sidgwick,vsidgwickpw@goodreads.com,Female,$137713.94,183286323,CC
934,Ellynn,Maharry,emaharrypx@typepad.com,Female,$186154.37,290971182,CC
935,Merilee,Lindholm,mlindholmpy@instagram.com,Female,$353690.16,692769548,PP
936,Lorrin,Jex,ljexpz@cmu.edu,Female,$592497.39,213740721,CC
937,Andie,Baudinet,abaudinetq0@geocities.com,Male,$264329.30,631915076,PP
938,Melisandra,Tainton,mtaintonq1@flavors.me,Female,$639162.19,386673771,IT
939,Amelina,Imort,aimortq2@wix.com,Female,$270371.85,227674058,IT
940,Mirna,Illiston,millistonq3@istockphoto.com,Female,$779925.99,67277130,IT
941,Den,Mallison,dmallisonq4@youku.com,Male,$710350.64,174089943,PP
942,Susie,Medendorp,smedendorpq5@ameblo.jp,Female,$613478.77,1004347845,CC
943,Risa,Goodayle,rgoodayleq6@homestead.com,Female,$656177.87,691760989,PP
944,Stephine,Wiggam,swiggamq7@webmd.com,Female,$706332.22,832900438,IT
945,Wilek,Shieldon,wshieldonq8@cnbc.com,Male,$203188.11,424695337,PP
946,Kayle,Giddins,kgiddinsq9@netvibes.com,Female,$746110.79,795178077,PP
947,Dagny,Barizeret,dbarizeretqa@amazon.co.jp,Male,$340742.61,270308483,PP
948,Garrott,Weare,gweareqb@blog.com,Male,$148566.17,729544325,IT
949,Lorne,D'Oyley,ldoyleyqc@kickstarter.com,Male,$596917.79,345760622,IT
950,Kirstyn,Finey,kfineyqd@sun.com,Female,$790642.58,156278748,CC
951,Farris,Hebbard,fhebbardqe@google.cn,Male,$600091.34,1000311838,PP
952,Mora,Maken,mmakenqf@hao123.com,Female,$264413.37,778211684,PP
953,Ottilie,Manjot,omanjotqg@mit.edu,Female,$447982.80,249009188,PP
954,Bea,Dagless,bdaglessqh@example.com,Female,$851100.13,223492674,CC
955,Rheba,Humphrey,rhumphreyqi@tamu.edu,Female,$750008.52,703620024,CC
956,Thea,Tipton,ttiptonqj@guardian.co.uk,Female,$987018.80,545984973,IT
957,Ellswerth,Roomes,eroomesqk@skype.com,Male,$112599.91,327882860,PP
958,Marian,Pantling,mpantlingql@reference.com,Female,$238530.96,140658195,CC
959,Dewitt,Barkas,dbarkasqm@1und1.de,Male,$725126.08,437832163,PP
960,Shana,Mc Carroll,smccarrollqn@hibu.com,Female,$412477.13,449983192,CC
961,Maxim,Willcox,mwillcoxqo@purevolume.com,Male,$432553.54,207675806,PP
962,Trever,Pinchon,tpinchonqp@naver.com,Male,$219678.99,397634418,PP
963,Perceval,Kemmer,pkemmerqq@cdbaby.com,Male,$468896.05,330790774,PP
964,Tad,Kearley,tkearleyqr@fastcompany.com,Male,$192201.90,127112622,PP
965,Susan,Pedracci,spedracciqs@list-manage.com,Female,$778297.20,352013100,PP
966,Ealasaid,Pendlebery,ependleberyqt@amazon.co.jp,Female,$889989.85,216098536,PP
967,Briney,Olwen,bolwenqu@bloglines.com,Female,$882163.33,132219827,PP
968,Mendie,Comoletti,mcomolettiqv@yolasite.com,Male,$484944.39,353359825,IT
969,Francisca,Getten,fgettenqw@wix.com,Female,$599723.32,433533590,CC
970,Wilmette,Olijve,wolijveqx@hexun.com,Female,$651378.02,946113353,IT
971,Wit,Crummay,wcrummayqy@artisteer.com,Male,$620174.60,514759389,IT
972,Antonino,Anshell,aanshellqz@lulu.com,Male,$646688.17,185958854,CC
973,Bentlee,Le Barre,blebarrer0@nasa.gov,Male,$750463.53,968548324,CC
974,Minny,Filler,mfillerr1@economist.com,Female,$487660.55,860822446,CC
975,Devan,Fynes,dfynesr2@gnu.org,Female,$127349.36,793826824,CC
976,Faina,Rodie,frodier3@friendfeed.com,Female,$112228.60,301871540,IT
977,Sonnie,Grevel,sgrevelr4@blinklist.com,Male,$576415.27,737301077,IT
978,Roseline,Berndtsson,rberndtssonr5@technorati.com,Female,$274286.24,5736425,PP
979,Lydie,Daniell,ldaniellr6@unc.edu,Female,$685847.24,593331018,PP
980,Rogers,Kaaskooper,rkaaskooperr7@dagondesign.com,Male,$847961.12,686055187,CC
981,Tomas,Wilstead,twilsteadr8@npr.org,Male,$745343.26,32498508,IT
982,Mellisent,Knoles,mknolesr9@barnesandnoble.com,Female,$185389.32,827100362,PP
983,Even,Bushaway,ebushawayra@house.gov,Male,$498534.82,872893930,IT
984,Katlin,Dawbury,kdawburyrb@yolasite.com,Female,$475327.15,1033945308,IT
985,Radcliffe,Kirkpatrick,rkirkpatrickrc@fema.gov,Male,$943423.91,983037692,IT
986,Alva,Manach,amanachrd@jimdo.com,Male,$775195.48,112825784,IT
987,Saraann,Dominick,sdominickre@woothemes.com,Female,$355866.32,516115711,IT
988,Thorin,Weben,twebenrf@sfgate.com,Male,$582803.21,152255579,IT
989,Welsh,Stayt,wstaytrg@epa.gov,Male,$910954.42,690490650,PP
990,Savina,Worsnap,sworsnaprh@over-blog.com,Female,$320183.04,482877079,CC
991,Niko,Overbury,noverburyri@redcross.org,Male,$955644.06,1028830625,PP
992,Rozella,Garrattley,rgarrattleyrj@globo.com,Female,$269285.09,170756341,IT
993,Owen,Gravenall,ogravenallrk@goo.gl,Male,$283457.61,268440955,IT
994,Aguste,Van Hault,avanhaultrl@google.co.jp,Male,$407824.12,447119233,CC
995,Gerrard,Turfus,gturfusrm@xinhuanet.com,Male,$332362.66,157692372,CC
996,Bryce,Allden,balldenrn@cisco.com,Male,$131283.63,819369767,CC
997,Linn,Conningham,lconninghamro@mac.com,Male,$487277.66,940155321,CC
998,Franciska,Klimentov,fklimentovrp@alibaba.com,Female,$438527.94,637766335,CC
999,Elsinore,Yerill,eyerillrq@ucla.edu,Female,$428924.67,762675152,CC
1000,Major,Cortes,mcortesrr@wunderground.com,Male,$736035.71,421932550,CC
