id,nombre,apellido,email,genero,valor_tx,numero_identificacion,tipo_identificacion
1,Lauri,Longshaw,llongshaw0@nbcnews.com,Female,$788476.46,140357879,IT
2,Errick,Thompkins,ethompkins1@discovery.com,Male,$143456.62,503271201,PP
3,Annecorinne,Downe,adowne2@ning.com,Female,$139002.72,932961311,CC
4,Augustine,Bartomeu,abartomeu3@epa.gov,Male,$412960.30,869354612,CC
5,Clarita,Ambroz,cambroz4@marriott.com,Female,$650381.29,262007396,IT
6,Sascha,Newcomb,snewcomb5@deliciousdays.com,Female,$976797.13,542888605,CC
7,Ediva,Bullick,ebullick6@bbb.org,Female,$354611.80,154012375,IT
8,Eamon,Timcke,etimcke7@unesco.org,Male,$562542.82,769720726,PP
9,Craggie,Gradwell,cgradwell8@yelp.com,Male,$583388.20,806925853,PP
10,Ema,Sennett,esennett9@domainmarket.com,Female,$926378.62,717678553,CC
11,Isadore,Werrett,iwerretta@nhs.uk,Male,$358465.40,1021585285,PP
12,Kimmie,Bewsy,kbewsyb@prnewswire.com,Female,$208655.72,602434458,PP
13,Trenna,Bobasch,tbobaschc@newyorker.com,Female,$788433.98,981097557,CC
14,Laura,Van den Oord,lvandenoordd@amazon.de,Female,$666987.08,408068478,PP
15,Keane,Larrie,klarriee@theglobeandmail.com,Male,$203287.16,312309612,PP
16,Schuyler,Ducarel,sducarelf@princeton.edu,Male,$479565.47,766970752,IT
17,Darren,Doddridge,ddoddridgeg@bing.com,Male,$980523.92,625190821,IT
18,Laurent,Davidof,ldavidofh@xinhuanet.com,Male,$497369.61,686407735,PP
19,Marja,Mushrow,mmushrowi@nsw.gov.au,Female,$495424.62,944290888,PP
20,Ryley,Ingley,ringleyj@rakuten.co.jp,Male,$589506.19,880904870,PP
21,Nealy,Barker,nbarkerk@google.com.au,Male,$975645.81,263700838,PP
22,Casandra,Crowe,ccrowel@moonfruit.com,Female,$913297.64,401645010,IT
23,Arlin,Cromb,acrombm@tinypic.com,Male,$474208.80,465355255,CC
24,Tully,Terbeck,tterbeckn@slashdot.org,Male,$911139.76,101459860,PP
25,Bennie,Essel,besselo@imgur.com,Male,$531114.70,502684993,CC
26,Angelina,Stiggles,astigglesp@php.net,Female,$956075.06,234465955,CC
27,Findlay,Bresland,fbreslandq@toplist.cz,Male,$162271.91,9875638,PP
28,Elyssa,Becerra,ebecerrar@about.me,Female,$867396.75,16056818,PP
29,Wilburt,Kemp,wkemps@google.fr,Male,$716746.70,674516822,IT
30,Pegeen,Kundert,pkundertt@shutterfly.com,Female,$971061.81,227994741,PP
31,Sammy,Reckhouse,sreckhouseu@howstuffworks.com,Male,$127797.99,237612345,CC
32,Torie,Davidwitz,tdavidwitzv@usatoday.com,Female,$741112.48,506958371,PP
33,Drugi,Croxford,dcroxfordw@sun.com,Male,$140358.41,808573130,IT
34,Constance,Bramwell,cbramwellx@clickbank.net,Female,$249401.23,729183843,CC
35,Rollins,Smartman,rsmartmany@ted.com,Male,$338876.11,92929180,PP
36,Urbano,Caldwell,ucaldwellz@ucsd.edu,Male,$881367.32,547772307,PP
37,Marlowe,Ricca,mricca10@berkeley.edu,Male,$306622.05,546562075,CC
38,Wes,Crab,wcrab11@skype.com,Male,$111102.05,924801412,PP
39,Jennica,Sowerby,jsowerby12@washington.edu,Female,$607514.27,584613445,PP
40,Domini,Grice,dgrice13@freewebs.com,Female,$223361.27,803894470,IT
41,Aurea,Giannasi,agiannasi14@jiathis.com,Female,$979431.30,274581172,PP
42,Javier,Dowdell,jdowdell15@facebook.com,Male,$293952.65,70165223,PP
43,Gil,Thoumasson,gthoumasson16@ameblo.jp,Male,$852693.82,142163136,PP
44,Jinny,Boult,jboult17@amazon.co.jp,Female,$950483.50,184072576,CC
45,Stu,Douche,sdouche18@netlog.com,Male,$119917.16,642402151,IT
46,Gerry,Woolway,gwoolway19@linkedin.com,Female,$971789.36,884766375,IT
47,Kally,Tromans,ktromans1a@typepad.com,Female,$258178.94,284961963,CC
48,Marta,Yoakley,myoakley1b@github.io,Female,$166082.13,191286995,PP
49,Adan,Mudie,amudie1c@elegantthemes.com,Female,$259558.16,225983323,IT
50,Ruth,O'Malley,romalley1d@hubpages.com,Female,$202347.04,934218197,PP
51,Decca,Sanbrooke,dsanbrooke1e@nsw.gov.au,Male,$476967.44,154658345,IT
52,Garner,Clausewitz,gclausewitz1f@last.fm,Male,$322272.00,830353035,PP
53,Immanuel,Gilardone,igilardone1g@upenn.edu,Male,$288490.05,769622963,CC
54,Jeno,Luffman,jluffman1h@tinypic.com,Male,$376259.68,560746756,IT
55,Marcelo,Potes,mpotes1i@cyberchimps.com,Male,$364028.39,223833768,PP
56,Diane-marie,Pinsent,dpinsent1j@nyu.edu,Female,$835898.77,446257856,CC
57,Davita,Stanley,dstanley1k@smugmug.com,Female,$162635.01,378246673,PP
58,Mikaela,Forsdike,mforsdike1l@apache.org,Female,$898982.64,537580803,PP
59,Leonardo,Girvin,lgirvin1m@hatena.ne.jp,Male,$372150.65,620366466,PP
60,Sibley,Albon,salbon1n@ustream.tv,Female,$737295.74,790029447,IT
61,Terrijo,Ricardin,tricardin1o@dailymail.co.uk,Female,$668598.62,91891306,IT
62,Sharity,Freshwater,sfreshwater1p@msu.edu,Female,$999698.78,941235007,IT
63,Way,Archard,warchard1q@cocolog-nifty.com,Male,$113235.77,737968327,PP
64,Connor,Congreave,ccongreave1r@eepurl.com,Male,$537018.18,530177337,IT
65,Electra,Robyns,erobyns1s@biblegateway.com,Female,$225750.87,545918584,CC
66,Ode,Le Breton,olebreton1t@mac.com,Male,$365200.57,429002001,CC
67,Ferguson,Dennett,fdennett1u@uiuc.edu,Male,$919236.62,353020486,IT
68,Pamela,MacFadden,pmacfadden1v@alibaba.com,Female,$669554.02,157204394,IT
69,Arther,Shepstone,ashepstone1w@wikipedia.org,Male,$526268.80,355972092,IT
70,Tomasina,Pease,tpease1x@storify.com,Female,$432114.17,1031802602,CC
71,Shelba,Fynn,sfynn1y@ow.ly,Female,$456982.22,359279955,CC
72,Dalila,De Mico,ddemico1z@ibm.com,Female,$881536.98,598450286,PP
73,Alia,Foker,afoker20@cdc.gov,Female,$798403.39,143309071,CC
74,Noby,Ralph,nralph21@example.com,Male,$125663.83,217691707,CC
75,Olly,Blagden,oblagden22@163.com,Male,$290754.99,418755798,PP
76,Ahmad,Dowsing,adowsing23@chronoengine.com,Male,$176051.02,226135940,PP
77,Sharlene,Kliement,skliement24@independent.co.uk,Female,$974758.22,101915462,CC
78,Verile,Leall,vleall25@nasa.gov,Female,$544444.56,980627625,IT
79,Stanislas,Mingasson,smingasson26@skyrock.com,Male,$135325.40,113737308,PP
80,Christen,Shrieves,cshrieves27@boston.com,Female,$361016.78,20561144,PP
81,Katina,Orys,korys28@prlog.org,Female,$470460.95,942947828,IT
82,Hube,Liversidge,hliversidge29@senate.gov,Male,$632466.94,366200174,IT
83,Onfroi,Christophers,ochristophers2a@4shared.com,Male,$741150.05,258330272,PP
84,Fanechka,Laxtonne,flaxtonne2b@baidu.com,Female,$445385.20,35397822,PP
85,Rodolph,Northcott,rnorthcott2c@freewebs.com,Male,$487197.74,70846703,PP
86,Goldie,Blackmoor,gblackmoor2d@java.com,Female,$592196.13,565185117,CC
87,Kin,Panketh,kpanketh2e@multiply.com,Male,$969991.25,704127296,PP
88,Bendite,Dixson,bdixson2f@who.int,Female,$399160.94,324331423,PP
89,Anatole,Knutsen,aknutsen2g@hud.gov,Male,$813342.57,481068491,CC
90,Jan,Low,jlow2h@bandcamp.com,Male,$207966.22,249691347,CC
91,Nerty,Riggs,nriggs2i@google.cn,Female,$534229.32,635992348,CC
92,Valentijn,Fuster,vfuster2j@uiuc.edu,Male,$802473.15,771524232,CC
93,Hillery,Cacacie,hcacacie2k@surveymonkey.com,Male,$186153.63,965983534,CC
94,Misti,Farrand,mfarrand2l@wordpress.org,Female,$198859.53,388324324,PP
95,Marcellus,MacCaull,mmaccaull2m@clickbank.net,Male,$888208.98,985345006,IT
96,Thia,Munroe,tmunroe2n@usda.gov,Female,$960098.49,1044895986,IT
97,Dix,Wein,dwein2o@msn.com,Female,$229638.59,246346176,IT
98,Gilburt,Toombes,gtoombes2p@google.de,Male,$168175.97,935715498,PP
99,Asher,Lowson,alowson2q@gmpg.org,Male,$682452.37,344067293,PP
100,Foster,Wraggs,fwraggs2r@acquirethisname.com,Male,$554235.30,698467358,CC
101,Gregory,Maylin,gmaylin2s@time.com,Male,$585203.68,1010259897,CC
102,Ahmed,Port,aport2t@opera.com,Male,$793679.73,269160732,PP
103,Doralia,Hritzko,dhritzko2u@wisc.edu,Female,$417249.35,1047030372,PP
104,Barnaby,O'Mara,bomara2v@webeden.co.uk,Male,$972211.38,453832557,PP
105,Tymothy,Deville,tdeville2w@eventbrite.com,Male,$179675.32,825188293,CC
106,Sholom,Jirak,sjirak2x@cbslocal.com,Male,$872306.35,1048674894,CC
107,Vincent,Cornforth,vcornforth2y@youku.com,Male,$345703.48,619141448,CC
108,Pasquale,Collman,pcollman2z@europa.eu,Male,$788751.61,170277802,CC
109,Bev,Fairrie,bfairrie30@reuters.com,Female,$222430.75,587023793,PP
110,Berte,Ghent,bghent31@reference.com,Female,$592905.63,255687123,IT
111,Pincas,Ivanilov,pivanilov32@opera.com,Male,$840746.23,170022062,IT
112,Saree,McConigal,smcconigal33@printfriendly.com,Female,$598657.51,794102382,IT
113,Sauncho,Dewhirst,sdewhirst34@china.com.cn,Male,$657912.16,219380914,PP
114,Leland,Anthoney,lanthoney35@is.gd,Female,$149156.08,541689482,IT
115,Scarlet,Fawdry,sfawdry36@wikia.com,Female,$324304.23,90880520,CC
116,Bernardo,Blackway,bblackway37@cpanel.net,Male,$835101.07,503527965,PP
117,Schuyler,Wortt,swortt38@salon.com,Male,$326243.79,926340600,PP
118,Upton,Jellico,ujellico39@newyorker.com,Male,$687499.29,652033624,CC
119,Feliks,Sorel,fsorel3a@webeden.co.uk,Male,$957562.18,942075352,IT
120,Courtney,Rooper,crooper3b@utexas.edu,Female,$980576.49,861127166,PP
121,Archibaldo,Fyfe,afyfe3c@vk.com,Male,$167437.23,674473117,IT
122,Sherye,Ferrieri,sferrieri3d@devhub.com,Female,$910462.74,255913599,IT
123,Griffith,Muino,gmuino3e@stumbleupon.com,Male,$217575.64,464495867,CC
124,Maison,Sainsberry,msainsberry3f@wp.com,Male,$599843.71,6130789,PP
125,Babara,MacCrackan,bmaccrackan3g@java.com,Female,$306919.75,81829031,CC
126,Don,Luckman,dluckman3h@posterous.com,Male,$420189.76,198685808,PP
127,Martita,Blaes,mblaes3i@privacy.gov.au,Female,$214200.53,255992298,PP
128,Elvin,Howerd,ehowerd3j@craigslist.org,Male,$226752.70,1005605047,PP
129,Demetris,Ors,dors3k@360.cn,Female,$991981.38,1013727880,PP
130,Marlowe,Knappett,mknappett3l@people.com.cn,Male,$491229.27,464794572,IT
131,Heriberto,Castagno,hcastagno3m@wikia.com,Male,$787112.37,1026849735,IT
132,Mendie,Witham,mwitham3n@nba.com,Male,$639629.11,944458598,IT
133,Ossie,Pettigrew,opettigrew3o@eventbrite.com,Male,$449076.85,967322148,CC
134,Kliment,Pourveer,kpourveer3p@spotify.com,Male,$742175.05,502021882,PP
135,Burnard,Matoshin,bmatoshin3q@flavors.me,Male,$482463.17,424624612,PP
136,Melvin,Reimer,mreimer3r@cocolog-nifty.com,Male,$610985.44,257922846,PP
137,Siouxie,Hains,shains3s@spotify.com,Female,$741273.11,656808624,PP
138,Lisha,Tavner,ltavner3t@java.com,Female,$804177.43,19041587,IT
139,Ruby,Akam,rakam3u@redcross.org,Male,$497647.86,150675021,PP
140,Giacomo,Rizzolo,grizzolo3v@china.com.cn,Male,$928960.53,1038121929,PP
141,Phip,Wordley,pwordley3w@ca.gov,Male,$352288.60,767227661,CC
142,Kyle,Shurville,kshurville3x@globo.com,Male,$115378.06,831045165,PP
143,Chrisy,Blewis,cblewis3y@pagesperso-orange.fr,Male,$162185.11,361443909,PP
144,Ninon,Barz,nbarz3z@army.mil,Female,$279069.01,893082088,CC
145,Theressa,Waison,twaison40@latimes.com,Female,$579093.70,1015357709,PP
146,Van,Dooney,vdooney41@columbia.edu,Male,$672138.42,88007008,IT
147,Lizzie,Carnson,lcarnson42@amazon.com,Female,$338647.92,816540632,CC
148,Toiboid,Gullivan,tgullivan43@ehow.com,Male,$750976.52,8867578,PP
149,Melisa,Aldington,maldington44@php.net,Female,$526445.75,968422261,IT
150,Benn,Guerreiro,bguerreiro45@sun.com,Male,$943720.08,386625962,IT
151,Ivan,Duffell,iduffell46@wisc.edu,Male,$335981.41,255515604,PP
152,Sal,Weddeburn,sweddeburn47@cdbaby.com,Male,$357602.11,1025407640,CC
153,Danila,Coltart,dcoltart48@craigslist.org,Female,$690404.54,186415670,IT
154,Roanna,Speir,rspeir49@ucsd.edu,Female,$735191.53,553696376,IT
155,Verile,Duell,vduell4a@oracle.com,Female,$584033.62,841693478,CC
156,Emalia,Goozee,egoozee4b@sakura.ne.jp,Female,$767396.46,115140814,CC
157,Em,Ventam,eventam4c@arizona.edu,Male,$502459.38,270144238,IT
158,Hi,Spadollini,hspadollini4d@geocities.com,Male,$546684.94,401488475,PP
159,Tana,Farlham,tfarlham4e@va.gov,Female,$693986.57,852294809,IT
160,Kelwin,Delort,kdelort4f@usnews.com,Male,$995967.76,151780747,CC
161,Milissent,Campbell-Dunlop,mcampbelldunlop4g@squarespace.com,Female,$182351.36,963165310,IT
162,Anna-maria,Farnan,afarnan4h@cargocollective.com,Female,$827909.05,557457180,IT
163,Antonetta,Agney,aagney4i@wufoo.com,Female,$116302.82,914337050,IT
164,Yolane,Deacon,ydeacon4j@goo.ne.jp,Female,$837658.65,959369082,PP
165,Cesare,Olivelli,colivelli4k@sbwire.com,Male,$524462.26,474840953,CC
166,Silvanus,Troni,stroni4l@shareasale.com,Male,$860997.82,851131215,IT
167,Steward,Scade,sscade4m@google.co.jp,Male,$962234.84,931303670,PP
168,Zacharias,Sansum,zsansum4n@shinystat.com,Male,$370208.98,660897729,PP
169,Moina,Loch,mloch4o@ifeng.com,Female,$353221.85,444387893,PP
170,Barton,Longley,blongley4p@studiopress.com,Male,$171905.70,627133279,CC
171,Ginni,Poulter,gpoulter4q@devhub.com,Female,$958084.45,625118297,CC
172,Gunner,Ducaen,gducaen4r@walmart.com,Male,$842483.73,752217668,IT
173,Lewiss,Pellitt,lpellitt4s@whitehouse.gov,Male,$604233.92,301883273,PP
174,Bidget,Pinnick,bpinnick4t@huffingtonpost.com,Female,$613009.53,889462390,CC
175,Morrie,Troop,mtroop4u@ox.ac.uk,Male,$355365.48,106967048,CC
176,Ellene,Leitche,eleitche4v@buzzfeed.com,Female,$467509.57,140575344,IT
177,Roz,Belfrage,rbelfrage4w@omniture.com,Female,$596477.67,842547037,CC
178,Ekaterina,Wreford,ewreford4x@1688.com,Female,$875619.28,991839953,CC
179,Cora,Claus,cclaus4y@soup.io,Female,$636772.42,788777631,IT
180,Lynne,Howson,lhowson4z@goo.gl,Female,$976215.85,871111077,PP
181,Sibylla,Horsted,shorsted50@nature.com,Female,$369279.92,818051804,CC
182,Jayme,Trumper,jtrumper51@earthlink.net,Male,$491303.30,288359112,CC
183,Jackquelin,Kitchenham,jkitchenham52@is.gd,Female,$276959.65,635282887,PP
184,Abran,Labroue,alabroue53@toplist.cz,Male,$762300.51,651521798,PP
185,Courtnay,Saphin,csaphin54@biblegateway.com,Male,$845009.20,209982205,PP
186,Simona,Landeg,slandeg55@about.me,Female,$249562.38,348631360,PP
187,Griffy,Ramiro,gramiro56@usnews.com,Male,$340918.11,73520742,CC
188,Gothart,Hub,ghub57@vimeo.com,Male,$899999.92,954603408,CC
189,Langsdon,Speck,lspeck58@i2i.jp,Male,$236344.23,592868282,CC
190,Tabbie,Monday,tmonday59@hud.gov,Female,$542391.19,936222747,PP
191,Lilia,Joret,ljoret5a@theglobeandmail.com,Female,$336525.38,637343160,CC
192,Bibbie,Stribbling,bstribbling5b@engadget.com,Female,$573962.38,503603346,PP
193,Kim,Genese,kgenese5c@columbia.edu,Female,$938143.30,421462203,IT
194,Jard,Buckoke,jbuckoke5d@facebook.com,Male,$445743.29,961645550,CC
195,Dmitri,McReath,dmcreath5e@huffingtonpost.com,Male,$410370.99,54702227,IT
196,Mateo,Dysart,mdysart5f@purevolume.com,Male,$716720.03,479099952,IT
197,Abran,Carrell,acarrell5g@pinterest.com,Male,$851081.97,776502467,PP
198,Mara,Rishman,mrishman5h@chronoengine.com,Female,$939558.32,469886452,PP
199,Burt,Scopyn,bscopyn5i@tmall.com,Male,$734508.45,275897201,IT
200,Prue,Fergusson,pfergusson5j@un.org,Female,$624368.54,122507139,CC
201,Maris,Roma,mroma5k@businessinsider.com,Female,$402314.89,854719756,CC
202,Doyle,Glavin,dglavin5l@lulu.com,Male,$651471.77,795268868,CC
203,Tallia,Tethacot,ttethacot5m@usda.gov,Female,$526542.27,174703949,IT
204,Orlan,Wedmore,owedmore5n@marriott.com,Male,$999416.29,841950266,IT
205,Dodie,Alpes,dalpes5o@xing.com,Female,$123446.07,809897884,CC
206,Zea,Gabe,zgabe5p@google.nl,Female,$505100.44,101375917,IT
207,Drugi,Pacitti,dpacitti5q@mayoclinic.com,Male,$102057.91,537061259,IT
208,Obidiah,Duggen,oduggen5r@virginia.edu,Male,$478145.71,823870523,CC
209,Glynn,Melling,gmelling5s@macromedia.com,Male,$522347.94,372727191,IT
210,Alexi,Mayworth,amayworth5t@yellowpages.com,Female,$159091.96,386438458,IT
211,Joell,Beekmann,jbeekmann5u@xing.com,Female,$655882.08,790120929,IT
212,Ram,Jorioz,rjorioz5v@patch.com,Male,$579319.47,913841370,CC
213,Ives,Eitter,ieitter5w@globo.com,Male,$937277.39,351263735,CC
214,Bailey,Tolefree,btolefree5x@economist.com,Male,$840989.71,391124861,IT
215,Lanny,Kubin,lkubin5y@state.tx.us,Female,$922254.92,19589192,IT
216,Normy,Vassano,nvassano5z@ucsd.edu,Male,$549484.47,810540912,CC
217,Sarette,Saddleton,ssaddleton60@github.io,Female,$687969.23,265244733,CC
218,Arel,Moniker,amoniker61@webnode.com,Male,$994826.54,566686573,CC
219,Albina,Farnon,afarnon62@g.co,Female,$495472.00,635637460,PP
220,Leola,Dosedale,ldosedale63@uol.com.br,Female,$493739.42,56952965,PP
221,Kaia,Gilbart,kgilbart64@webeden.co.uk,Female,$975512.67,27470529,IT
222,Tallie,Codd,tcodd65@go.com,Female,$246839.20,1015067561,PP
223,Quint,Arnau,qarnau66@indiegogo.com,Male,$104117.26,86623301,IT
224,Bourke,Newcome,bnewcome67@cnet.com,Male,$401655.89,297097549,CC
225,Kelcey,Shipsey,kshipsey68@vistaprint.com,Female,$953882.31,609199762,PP
226,Pearline,Monery,pmonery69@deliciousdays.com,Female,$156449.11,302412257,IT
227,Lotta,Evenett,levenett6a@youku.com,Female,$245875.00,986930458,IT
228,Margaretta,Kneeshaw,mkneeshaw6b@reddit.com,Female,$138872.37,536727782,CC
229,Kimbell,Kleen,kkleen6c@java.com,Male,$614793.67,530323853,IT
230,Ives,Boost,iboost6d@123-reg.co.uk,Male,$514627.14,535199925,IT
231,Kelsi,Dennett,kdennett6e@vistaprint.com,Female,$631355.82,43265482,PP
232,Aldon,Goranov,agoranov6f@tuttocitta.it,Male,$101948.33,37783487,IT
233,Sherye,Guidotti,sguidotti6g@histats.com,Female,$207088.79,512279333,CC
234,Margareta,Worgen,mworgen6h@4shared.com,Female,$676366.80,274267747,IT
235,Ira,Toovey,itoovey6i@barnesandnoble.com,Female,$170877.33,1026356473,IT
236,Marcel,Brinsford,mbrinsford6j@phoca.cz,Male,$700525.12,606175489,IT
237,Robbyn,Hedgecock,rhedgecock6k@slate.com,Female,$547690.32,989601778,IT
238,Ewan,Ash,eash6l@ox.ac.uk,Male,$814276.27,1034893265,IT
239,Wadsworth,Orneles,worneles6m@arstechnica.com,Male,$271929.84,1021152937,IT
240,Clayborn,Cosgrave,ccosgrave6n@parallels.com,Male,$658392.25,747388487,IT
241,Harriett,Aseef,haseef6o@omniture.com,Female,$434709.80,532712260,IT
242,Ethelind,Etches,eetches6p@weibo.com,Female,$287521.03,336962937,IT
243,Hartley,Sandeman,hsandeman6q@phpbb.com,Male,$714797.81,780781784,IT
244,Maurice,Starmer,mstarmer6r@weebly.com,Male,$540894.89,811672622,IT
245,Constantine,Stockley,cstockley6s@sfgate.com,Male,$790316.50,261375634,CC
246,Irwinn,Yankov,iyankov6t@ehow.com,Male,$466406.08,256150815,IT
247,Lilith,Priestley,lpriestley6u@cloudflare.com,Female,$595383.26,396596892,IT
248,Rainer,Rentz,rrentz6v@tinyurl.com,Male,$365861.58,125382278,CC
249,Andreana,Fatkin,afatkin6w@un.org,Female,$992836.62,852528343,PP
250,Fin,Pranger,fpranger6x@seesaa.net,Male,$678820.04,369854366,IT
251,Ashlin,Brinkworth,abrinkworth6y@yelp.com,Male,$876034.81,814995114,IT
252,Noe,Hannond,nhannond6z@alexa.com,Male,$254766.18,476887722,PP
253,Giffer,Buglass,gbuglass70@boston.com,Male,$759950.74,752387038,CC
254,Margarita,Delion,mdelion71@google.de,Female,$415299.69,22114449,PP
255,Meryl,Defau,mdefau72@linkedin.com,Male,$515185.44,22007786,IT
256,Zebadiah,Gorvin,zgorvin73@ask.com,Male,$960770.63,1000282163,IT
257,Josee,Rowthorne,jrowthorne74@youtu.be,Female,$960320.47,899247011,CC
258,Holly,Barajaz,hbarajaz75@cam.ac.uk,Male,$136280.42,723105333,IT
259,Shannon,Roos,sroos76@rakuten.co.jp,Female,$366184.85,876941662,IT
260,Arly,Asken,aasken77@zimbio.com,Female,$310089.32,109524765,CC
261,Jorey,McFadzean,jmcfadzean78@artisteer.com,Female,$208469.07,477408259,IT
262,Frederich,Kitchingman,fkitchingman79@topsy.com,Male,$231540.82,424792202,CC
263,Graeme,Tipling,gtipling7a@independent.co.uk,Male,$567948.91,394377616,PP
264,Adelind,Crowche,acrowche7b@typepad.com,Female,$248631.95,531038281,IT
265,Joy,Mushet,jmushet7c@yale.edu,Female,$976071.90,728806677,CC
266,Stephine,Mahady,smahady7d@eventbrite.com,Female,$242328.54,870951470,CC
267,Borden,Pownall,bpownall7e@plala.or.jp,Male,$405286.82,13253181,IT
268,Antonie,Davies,adavies7f@google.it,Female,$546438.89,299986215,IT
269,Alley,Flea,aflea7g@redcross.org,Male,$136513.15,975631045,IT
270,Lowell,Grinter,lgrinter7h@nyu.edu,Male,$180709.08,397034481,PP
271,Coleman,Matyugin,cmatyugin7i@joomla.org,Male,$880834.23,926452589,PP
272,Chrisse,Zecchi,czecchi7j@github.io,Male,$425872.79,74329957,CC
273,Vick,Mann,vmann7k@techcrunch.com,Male,$894449.69,768219297,PP
274,Kessia,Vernham,kvernham7l@discovery.com,Female,$884181.17,61485320,PP
275,Jesse,Dalman,jdalman7m@arizona.edu,Female,$143625.77,207174794,IT
276,Farrah,Whodcoat,fwhodcoat7n@timesonline.co.uk,Female,$706416.51,498196433,CC
277,Kaja,Peete,kpeete7o@rambler.ru,Female,$794573.82,304256789,CC
278,Oby,Hulburt,ohulburt7p@google.com.au,Male,$968746.75,12297241,PP
279,Son,Donn,sdonn7q@cdbaby.com,Male,$183071.46,165111314,IT
280,Belita,Spurrier,bspurrier7r@amazon.com,Female,$589645.66,121888694,PP
281,Melanie,Critchlow,mcritchlow7s@utexas.edu,Female,$922745.97,425315457,CC
282,Sandro,Colombier,scolombier7t@wired.com,Male,$938568.25,158795372,PP
283,Leupold,Teers,lteers7u@prlog.org,Male,$192089.10,795570781,IT
284,Lyndsie,Mundwell,lmundwell7v@com.com,Female,$461453.80,896282639,IT
285,Libby,Trowler,ltrowler7w@lulu.com,Female,$781073.50,969986727,IT
286,Violet,Zanolli,vzanolli7x@livejournal.com,Female,$326474.51,599614709,IT
287,Noellyn,Hernik,nhernik7y@rediff.com,Female,$666101.01,897804797,CC
288,Ruddie,Sadgrove,rsadgrove7z@theguardian.com,Male,$964791.73,650566065,CC
289,Anatollo,Telford,atelford80@canalblog.com,Male,$455929.28,651168853,CC
290,Edward,Bartolic,ebartolic81@amazon.de,Male,$247909.72,110508857,IT
291,Grier,Norcott,gnorcott82@state.tx.us,Female,$875682.97,361652737,PP
292,Conrad,Scrane,cscrane83@skyrock.com,Male,$465410.56,379175707,IT
293,Alick,Ferentz,aferentz84@google.com,Male,$191906.66,108399480,IT
294,Kendra,Mantha,kmantha85@bizjournals.com,Female,$856441.71,562858870,PP
295,Karen,Pankhurst.,kpankhurst86@chron.com,Female,$729387.51,851493764,PP
296,Chane,Windebank,cwindebank87@clickbank.net,Male,$772696.32,943756559,CC
297,Madlen,Waller-Bridge,mwallerbridge88@hao123.com,Female,$364520.54,951620742,PP
298,Blisse,Pyford,bpyford89@webmd.com,Female,$758848.17,54971366,CC
299,Noel,Parkyn,nparkyn8a@adobe.com,Male,$597035.97,703053605,CC
300,Blondie,Armistead,barmistead8b@over-blog.com,Female,$106620.24,315558400,PP
301,Dud,Leindecker,dleindecker8c@ning.com,Male,$920523.40,592195076,IT
302,Melvyn,Alliker,malliker8d@kickstarter.com,Male,$396530.44,95301084,IT
303,Dre,Tigner,dtigner8e@dailymail.co.uk,Female,$848507.07,315852687,IT
304,Martin,Sprott,msprott8f@prlog.org,Male,$707787.32,857516242,IT
305,Jaime,Steele,jsteele8g@pcworld.com,Male,$232072.34,325895909,CC
306,Vergil,Hans,vhans8h@baidu.com,Male,$696639.85,577779005,CC
307,Baxter,Allsepp,ballsepp8i@google.ru,Male,$232347.40,779819970,PP
308,Idaline,Clohissy,iclohissy8j@businessweek.com,Female,$531476.41,98717962,PP
309,Thaddeus,Hackinge,thackinge8k@nymag.com,Male,$750644.54,512315087,IT
310,Felicity,Probat,fprobat8l@wikia.com,Female,$752293.24,210868724,IT
311,Kassi,Caulwell,kcaulwell8m@fastcompany.com,Female,$245249.03,624205621,IT
312,Tedra,Yeskin,tyeskin8n@freewebs.com,Female,$429280.29,799251171,CC
313,Kennedy,Yerson,kyerson8o@taobao.com,Male,$140497.98,162275308,PP
314,Aldus,Peat,apeat8p@bloomberg.com,Male,$987747.22,290712033,CC
315,Lindsey,Natwick,lnatwick8q@yellowpages.com,Male,$210726.74,252394040,IT
316,Tani,Adicot,tadicot8r@telegraph.co.uk,Female,$211349.82,522639825,IT
317,Robinetta,Consterdine,rconsterdine8s@auda.org.au,Female,$201581.47,996226342,IT
318,Timoteo,Witheford,twitheford8t@bluehost.com,Male,$250888.83,623937593,IT
319,Hamlin,Pawelec,hpawelec8u@youtube.com,Male,$123014.25,221493747,IT
320,Douglass,Tillerton,dtillerton8v@meetup.com,Male,$548311.70,758021248,PP
321,Johnathan,Camamill,jcamamill8w@hc360.com,Male,$162755.90,972823662,PP
322,Kalli,Antonchik,kantonchik8x@ning.com,Female,$387230.52,217253174,CC
323,Giraldo,Cawthorne,gcawthorne8y@gravatar.com,Male,$299343.11,912392828,PP
324,Kate,Ianson,kianson8z@squarespace.com,Female,$153159.38,240243689,PP
325,Della,Cadore,dcadore90@nature.com,Female,$857173.57,400973611,CC
326,Jolyn,Heimann,jheimann91@accuweather.com,Female,$369325.72,261526891,PP
327,Kellby,Copper,kcopper92@netlog.com,Male,$721097.02,41911532,IT
328,Gnni,Gaytor,ggaytor93@mapy.cz,Female,$861615.00,462715380,IT
329,Olimpia,Surplice,osurplice94@joomla.org,Female,$767393.38,671255911,IT
330,Jarrad,Ivanyushin,jivanyushin95@amazon.co.uk,Male,$301163.98,408221556,CC
331,Shoshana,Corkell,scorkell96@jimdo.com,Female,$654631.63,383285600,IT
332,Alvinia,Parradice,aparradice97@paypal.com,Female,$145542.65,1008708676,PP
333,Annecorinne,Shergill,ashergill98@bluehost.com,Female,$950407.65,294331538,IT
334,Frayda,Skingley,fskingley99@yellowbook.com,Female,$909127.98,122581416,CC
335,Ebba,Cammacke,ecammacke9a@printfriendly.com,Female,$982226.89,367054042,CC
336,Jodee,Habberjam,jhabberjam9b@sitemeter.com,Female,$401607.94,339093363,CC
337,Nelia,Paddell,npaddell9c@marriott.com,Female,$356470.17,169722607,IT
338,Saxe,Boxhill,sboxhill9d@goodreads.com,Male,$863214.39,272338911,IT
339,Teri,Withers,twithers9e@wsj.com,Female,$863450.47,410210406,IT
340,Isacco,Marritt,imarritt9f@123-reg.co.uk,Male,$309552.74,425776378,PP
341,Sheeree,Kinleyside,skinleyside9g@who.int,Female,$853263.87,19510210,IT
342,Gloriane,Sotheby,gsotheby9h@howstuffworks.com,Female,$193001.95,651611428,PP
343,Babara,Jerzak,bjerzak9i@biglobe.ne.jp,Female,$553281.51,434627682,PP
344,Allayne,Hymer,ahymer9j@microsoft.com,Male,$171796.21,591859997,IT
345,Bern,MacMenamie,bmacmenamie9k@msn.com,Male,$435845.39,974170369,IT
346,Sebastien,Starmer,sstarmer9l@e-recht24.de,Male,$948301.09,706434806,CC
347,Nari,Scutchin,nscutchin9m@github.com,Female,$252531.09,271151452,CC
348,Christian,Tine,ctine9n@xinhuanet.com,Female,$200206.54,250770015,CC
349,Lilith,Seedman,lseedman9o@google.com,Female,$536329.00,532996630,CC
350,Martin,January,mjanuary9p@irs.gov,Male,$322926.69,718669465,CC
351,Marilee,Willows,mwillows9q@vimeo.com,Female,$705217.50,29178607,CC
352,Arvie,Presslie,apresslie9r@usa.gov,Male,$979072.75,351442299,PP
353,Jase,Beadon,jbeadon9s@yelp.com,Male,$491487.84,131266095,PP
354,Fairleigh,Tolmie,ftolmie9t@pinterest.com,Male,$616099.46,393634033,CC
355,Lacy,Hallifax,lhallifax9u@opensource.org,Female,$972437.06,144771804,IT
356,Haven,Beddoe,hbeddoe9v@yelp.com,Male,$293959.89,1002383725,IT
357,Rosamond,Bamlet,rbamlet9w@mtv.com,Female,$343088.52,1005388105,PP
358,Christoph,Blight,cblight9x@reddit.com,Male,$231706.90,6572916,CC
359,Saree,Beedham,sbeedham9y@yandex.ru,Female,$791875.99,770572279,PP
360,Fredek,Aikin,faikin9z@php.net,Male,$287326.29,253530452,CC
361,Lisette,Coughtrey,lcoughtreya0@1688.com,Female,$943112.06,413223300,IT
362,Nancie,Brayshay,nbrayshaya1@ocn.ne.jp,Female,$670837.66,153174411,PP
363,Derron,Pren,dprena2@bizjournals.com,Male,$862836.91,657974904,CC
364,Jenna,Overell,joverella3@weibo.com,Female,$928054.63,229031817,PP
365,Jaclin,Corrao,jcorraoa4@slideshare.net,Female,$852634.10,102185929,PP
366,Guntar,Redding,greddinga5@imgur.com,Male,$696324.62,42012231,PP
367,Julietta,Bonnick,jbonnicka6@addtoany.com,Female,$213037.00,1007770558,PP
368,Rabi,Mattis,rmattisa7@nationalgeographic.com,Male,$415335.07,969043062,IT
369,Hayes,Hollows,hhollowsa8@mapy.cz,Male,$991430.59,937129162,IT
370,Vidovik,Grieswood,vgrieswooda9@histats.com,Male,$517773.50,813382182,CC
371,Kermie,Voaden,kvoadenaa@statcounter.com,Male,$877440.51,437735589,PP
372,Birgitta,Harroway,bharrowayab@telegraph.co.uk,Female,$443198.25,263405946,CC
373,Lazare,Grahamslaw,lgrahamslawac@uiuc.edu,Male,$404377.20,1025996093,IT
374,Anstice,Creenan,acreenanad@wiley.com,Female,$802833.31,816907366,PP
375,Karel,Bocke,kbockeae@jalbum.net,Male,$479705.20,499490866,IT
376,Northrop,Dray,ndrayaf@vimeo.com,Male,$141844.94,208772414,PP
377,Rudolph,Jemmison,rjemmisonag@imageshack.us,Male,$547850.88,1046607750,CC
378,Demott,Dillaway,ddillawayah@blogspot.com,Male,$664769.61,936653026,PP
379,Janene,Prantoni,jprantoniai@last.fm,Female,$922115.36,256989731,PP
380,Jacques,Reade,jreadeaj@com.com,Male,$583756.91,124643389,IT
381,Alla,O'Fogerty,aofogertyak@unicef.org,Female,$487940.51,686838045,IT
382,Danni,Phelp,dphelpal@com.com,Female,$694904.50,450062220,CC
383,Ogdon,Marr,omarram@pagesperso-orange.fr,Male,$124238.28,224641952,PP
384,Rand,Sargood,rsargoodan@oracle.com,Male,$216703.76,289519824,CC
385,Kale,Copley,kcopleyao@dot.gov,Male,$214306.57,359217121,IT
386,Christoffer,Duckels,cduckelsap@walmart.com,Male,$616885.60,882622474,PP
387,Shelton,Bushaway,sbushawayaq@nps.gov,Male,$852877.35,44217425,CC
388,Bevon,Arndtsen,barndtsenar@bloglovin.com,Male,$730672.83,273372285,CC
389,Gray,Rotherham,grotherhamas@hibu.com,Female,$563559.03,403812030,IT
390,Nefen,Bellenger,nbellengerat@privacy.gov.au,Male,$261192.99,1024524372,PP
391,Pamela,Trembath,ptrembathau@hp.com,Female,$513277.24,558654823,CC
392,Ofilia,Kiera,okieraav@studiopress.com,Female,$351126.30,615907429,IT
393,Betsey,Sichardt,bsichardtaw@diigo.com,Female,$461471.83,1033861257,PP
394,Andi,Grellis,agrellisax@amazonaws.com,Female,$636900.16,825692689,CC
395,Lanie,Noni,lnoniay@goo.ne.jp,Female,$554605.69,514651008,CC
396,Sharona,Casterton,scastertonaz@bloglovin.com,Female,$555941.66,798889153,CC
397,Debi,Bayldon,dbayldonb0@cbc.ca,Female,$680365.99,363750834,CC
398,Burtie,Bourthoumieux,bbourthoumieuxb1@telegraph.co.uk,Male,$743507.44,364958249,CC
399,Morlee,Eleshenar,meleshenarb2@umn.edu,Male,$920780.47,76819078,PP
400,Sullivan,Ingold,singoldb3@google.com,Male,$384183.71,846499302,PP
401,Jacqueline,Dominelli,jdominellib4@amazonaws.com,Female,$856445.41,1003741640,IT
402,Chrissy,Pitrasso,cpitrassob5@php.net,Male,$820628.30,524129369,PP
403,Jamima,Tice,jticeb6@shareasale.com,Female,$836288.79,503067788,CC
404,Laural,Tomsen,ltomsenb7@earthlink.net,Female,$298388.80,614564642,CC
405,Brendon,Overshott,bovershottb8@hatena.ne.jp,Male,$372792.46,351873472,CC
406,Sinclare,Horsley,shorsleyb9@alibaba.com,Male,$435279.97,166738084,PP
407,Vasili,Ruthen,vruthenba@sogou.com,Male,$640272.19,192773807,CC
408,Eward,Pinks,epinksbb@sciencedaily.com,Male,$623729.68,939577533,PP
409,Sidonia,Stamper,sstamperbc@mediafire.com,Female,$421773.52,807843720,IT
410,Dayna,Peplow,dpeplowbd@technorati.com,Female,$940274.29,976100323,CC
411,Luisa,Iannitti,liannittibe@home.pl,Female,$722099.58,551973415,IT
412,Hedwiga,Longridge,hlongridgebf@umich.edu,Female,$355331.14,186229236,CC
413,Ardelis,Huncoot,ahuncootbg@rambler.ru,Female,$667218.99,252348399,CC
414,Micky,Warbeys,mwarbeysbh@dropbox.com,Female,$229715.30,416771767,IT
415,Francisco,Gleadhall,fgleadhallbi@examiner.com,Male,$261550.30,16113603,IT
416,Javier,Timmens,jtimmensbj@eepurl.com,Male,$335967.99,432591172,CC
417,Farley,McLernon,fmclernonbk@soup.io,Male,$263066.22,587981040,IT
418,Tarra,Bolles,tbollesbl@wsj.com,Female,$268611.22,428894672,PP
419,Ronda,Lemerie,rlemeriebm@pen.io,Female,$200419.90,180841380,IT
420,Nada,Haggath,nhaggathbn@sciencedirect.com,Female,$944326.92,280856469,PP
421,Francesca,Tutchings,ftutchingsbo@behance.net,Female,$318381.68,155085362,CC
422,Justine,Alvarado,jalvaradobp@alibaba.com,Female,$687392.70,958388854,IT
423,Lynda,Bigglestone,lbigglestonebq@vinaora.com,Female,$297584.39,887482498,PP
424,Link,Bridat,lbridatbr@youtu.be,Male,$183387.49,326103689,IT
425,Vernon,Cottey,vcotteybs@cocolog-nifty.com,Male,$838168.97,745056284,IT
426,Hunter,Piatto,hpiattobt@ibm.com,Male,$861470.79,340779367,CC
427,Augustine,Fearns,afearnsbu@washingtonpost.com,Female,$651928.15,953541693,CC
428,Randene,Siviour,rsiviourbv@yahoo.co.jp,Female,$538293.18,231324101,PP
429,Farica,Bergen,fbergenbw@opensource.org,Female,$710601.33,872876183,IT
430,Sunny,Jina,sjinabx@clickbank.net,Female,$770156.82,599432853,PP
431,Ginny,Birrell,gbirrellby@alexa.com,Female,$227574.97,612961773,PP
432,West,Pitman,wpitmanbz@washington.edu,Male,$134945.13,108554850,PP
433,Karyl,Baylay,kbaylayc0@state.tx.us,Female,$811080.92,565050916,PP
434,Simon,Aloshikin,saloshikinc1@bloglines.com,Male,$372150.95,782067216,CC
435,Lind,Amott,lamottc2@ucoz.ru,Female,$316014.71,964710647,CC
436,Nehemiah,MacSween,nmacsweenc3@blogger.com,Male,$124753.10,638931449,PP
437,Chery,Vennart,cvennartc4@soundcloud.com,Female,$203897.09,780991382,CC
438,Pam,Coram,pcoramc5@princeton.edu,Female,$571901.32,976703772,PP
439,Otes,Evitt,oevittc6@ning.com,Male,$537717.55,604609734,CC
440,Eryn,Byk,ebykc7@addthis.com,Female,$653852.01,417419852,CC
441,Novelia,Huntly,nhuntlyc8@dedecms.com,Female,$460522.21,270233728,CC
442,Willem,Yepiskopov,wyepiskopovc9@sbwire.com,Male,$805914.59,508960813,IT
443,Aubrey,Khomich,akhomichca@bravesites.com,Female,$572541.77,410089729,PP
444,Ray,Dring,rdringcb@squarespace.com,Female,$839913.09,677563214,IT
445,Weston,Tuminini,wtumininicc@craigslist.org,Male,$233301.66,36730585,PP
446,Kipper,Bavage,kbavagecd@furl.net,Male,$679033.68,533501077,PP
447,Fritz,Bannister,fbannisterce@sfgate.com,Male,$276453.77,997091528,PP
448,Jacqueline,Feathers,jfeatherscf@illinois.edu,Female,$601925.91,1032417254,PP
449,Etta,Sambals,esambalscg@weibo.com,Female,$881528.97,640086915,IT
450,Aarika,Hickenbottom,ahickenbottomch@canalblog.com,Female,$800339.13,50530053,CC
451,Brook,Mazella,bmazellaci@dailymotion.com,Male,$180506.09,550014478,CC
452,Lucretia,Bras,lbrascj@fastcompany.com,Female,$675604.99,874623858,IT
453,Sunny,Quirke,squirkeck@addtoany.com,Male,$954814.06,148027781,PP
454,Ann,Swindlehurst,aswindlehurstcl@usnews.com,Female,$654135.31,330691722,PP
455,Kathrine,Boulstridge,kboulstridgecm@cpanel.net,Female,$386748.54,975902670,PP
456,Wilbert,Andrysek,wandrysekcn@symantec.com,Male,$122607.97,728456279,CC
457,Flinn,Closs,fclossco@slashdot.org,Male,$585107.53,244317662,CC
458,Jake,Pithie,jpithiecp@storify.com,Male,$949546.60,455560345,CC
459,Morlee,Delacroux,mdelacrouxcq@e-recht24.de,Male,$547618.82,847479397,IT
460,Saidee,Ireson,siresoncr@elegantthemes.com,Female,$632007.48,320986986,CC
461,Towney,Jiruch,tjiruchcs@macromedia.com,Male,$974756.93,982835520,CC
462,Anson,Askam,aaskamct@deliciousdays.com,Male,$359539.65,849059007,IT
463,Sanford,Lamberton,slambertoncu@ehow.com,Male,$931649.04,841069536,PP
464,Ricki,Sisneros,rsisneroscv@networksolutions.com,Female,$174506.13,131829129,IT
465,Becca,Stammler,bstammlercw@instagram.com,Female,$433250.90,161813607,PP
466,Susi,Neild,sneildcx@wunderground.com,Female,$158171.80,779986313,IT
467,Ware,Layzell,wlayzellcy@clickbank.net,Male,$287217.04,88548666,IT
468,Flemming,Tomkys,ftomkyscz@marketwatch.com,Male,$944326.32,679636763,PP
469,Charline,Greave,cgreaved0@theglobeandmail.com,Female,$282887.01,691019354,CC
470,Bobbee,Garbert,bgarbertd1@linkedin.com,Female,$275738.82,500462814,IT
471,Reynard,Orneblow,rorneblowd2@fc2.com,Male,$134707.89,14463050,CC
472,Jannelle,Cummungs,jcummungsd3@blinklist.com,Female,$780528.99,113147653,CC
473,Tabbie,Sibun,tsibund4@weebly.com,Female,$560896.24,909667126,IT
474,Rhianon,Groll,rgrolld5@spiegel.de,Female,$251332.51,268450843,CC
475,Alejandrina,Dewey,adeweyd6@php.net,Female,$161632.35,1032740386,IT
476,Annabela,Rembrant,arembrantd7@mtv.com,Female,$715285.48,890071312,CC
477,Niels,Gauntlett,ngauntlettd8@theglobeandmail.com,Male,$859195.14,499316432,PP
478,Robin,Challicum,rchallicumd9@youtu.be,Male,$330551.80,532566990,IT
479,Ruben,Daintier,rdaintierda@creativecommons.org,Male,$919225.11,353345911,IT
480,Umeko,Ronisch,uronischdb@whitehouse.gov,Female,$161194.79,385974716,PP
481,Quentin,Morican,qmoricandc@nps.gov,Female,$394518.44,683946954,CC
482,Basile,Eard,bearddd@wp.com,Male,$311003.84,383992812,PP
483,Delly,Critch,dcritchde@army.mil,Female,$770108.50,433388451,CC
484,Wainwright,Dalligan,wdalligandf@whitehouse.gov,Male,$514290.30,695972461,PP
485,Georgine,Deboick,gdeboickdg@bloglines.com,Female,$448743.60,484777262,CC
486,Federico,Biesterfeld,fbiesterfelddh@patch.com,Male,$891446.27,809346726,CC
487,Lise,Diess,ldiessdi@aol.com,Female,$855927.76,953534708,PP
488,Magdalena,Clare,mclaredj@multiply.com,Female,$735761.32,318722475,CC
489,Dale,Gooderham,dgooderhamdk@e-recht24.de,Female,$672937.11,523822668,PP
490,Hortense,Groarty,hgroartydl@e-recht24.de,Female,$411297.70,91290298,PP
491,Manon,Carruthers,mcarruthersdm@psu.edu,Female,$536289.02,496073530,PP
492,Saree,Fiddymont,sfiddymontdn@jimdo.com,Female,$585174.50,153241469,PP
493,Prescott,Nobes,pnobesdo@hud.gov,Male,$556623.95,872267805,IT
494,Merlina,Paulazzi,mpaulazzidp@cloudflare.com,Female,$429486.19,973109864,CC
495,Myrilla,Ivic,mivicdq@dmoz.org,Female,$501952.04,288988832,CC
496,Winn,Kibby,wkibbydr@berkeley.edu,Male,$719320.04,360510558,PP
497,Nial,Lytton,nlyttonds@time.com,Male,$186711.99,207926925,PP
498,Ardeen,Cullum,acullumdt@webmd.com,Female,$559942.68,144536499,PP
499,Maitilde,Authers,mauthersdu@buzzfeed.com,Female,$449136.32,975924548,PP
500,Corly,McGrale,cmcgraledv@zdnet.com,Female,$454216.61,94541392,IT
501,Martha,Ellum,mellumdw@seesaa.net,Female,$339611.33,262979025,IT
502,Giavani,Ziems,gziemsdx@lycos.com,Male,$935946.80,538082458,IT
503,Terri-jo,Ecclesall,tecclesalldy@delicious.com,Female,$818690.53,432074411,PP
504,Zackariah,Outridge,zoutridgedz@moonfruit.com,Male,$595160.70,679232070,CC
505,Wayland,Denys,wdenyse0@pinterest.com,Male,$161308.65,399439622,CC
506,Colman,Lipyeat,clipyeate1@timesonline.co.uk,Male,$557945.21,263648725,CC
507,Ingeborg,Bikker,ibikkere2@elegantthemes.com,Female,$755728.12,551184683,IT
508,Jemima,MacKall,jmackalle3@huffingtonpost.com,Female,$172116.50,814022824,IT
509,Emlynne,Skates,eskatese4@macromedia.com,Female,$104468.84,274760474,CC
510,Sutherland,Wastling,swastlinge5@jugem.jp,Male,$375624.59,902879631,IT
511,Kay,Kerry,kkerrye6@guardian.co.uk,Female,$147312.74,1025152682,IT
512,Wandie,O' Mulderrig,womulderrige7@un.org,Female,$560635.34,388818482,IT
513,Debor,Kordova,dkordovae8@csmonitor.com,Female,$727257.62,586731398,PP
514,Leoline,Peirazzi,lpeirazzie9@slideshare.net,Female,$268873.46,43681261,PP
515,Lida,Purnell,lpurnellea@slashdot.org,Female,$982768.64,724671291,PP
516,Samuele,Ciric,sciriceb@latimes.com,Male,$181310.40,30539864,CC
517,Silvie,Woolley,swoolleyec@seattletimes.com,Female,$281493.87,105056638,IT
518,Pru,Preddle,ppreddleed@gizmodo.com,Female,$282861.38,569877290,PP
519,Jayme,De Brett,jdebrettee@ucsd.edu,Female,$959468.65,537180902,IT
520,Ezra,Greson,egresonef@slideshare.net,Male,$775795.99,586231438,IT
521,Woodrow,Whyte,wwhyteeg@biblegateway.com,Male,$486790.49,427758963,PP
522,Ki,Frizell,kfrizelleh@howstuffworks.com,Female,$142015.01,75641247,CC
523,Germana,Brisley,gbrisleyei@blogspot.com,Female,$485375.94,86416469,IT
524,Emilie,Philippeaux,ephilippeauxej@google.ru,Female,$756717.97,237000788,CC
525,Fernando,Hubbis,fhubbisek@jimdo.com,Male,$508996.08,141846404,IT
526,Lucais,Vedyaev,lvedyaevel@amazon.com,Male,$679412.30,669609239,IT
527,Carmencita,MacClay,cmacclayem@youtube.com,Female,$600011.77,290307101,IT
528,Davine,Ojeda,dojedaen@narod.ru,Female,$711570.27,761609218,IT
529,Cathrine,Ivie,civieeo@shop-pro.jp,Female,$888168.54,814451905,PP
530,Joanna,Fishly,jfishlyep@cdbaby.com,Female,$780895.01,51785695,CC
531,Morgan,Lermouth,mlermoutheq@wisc.edu,Female,$343280.62,599132227,CC
532,Jacquetta,Squier,jsquierer@networkadvertising.org,Female,$105987.40,1001452178,CC
533,Amble,Franceschino,afranceschinoes@tmall.com,Male,$732289.51,555048444,PP
534,Germain,Kayne,gkayneet@hostgator.com,Female,$720377.06,141013153,IT
535,Riva,Spray,rsprayeu@yolasite.com,Female,$149308.00,841849514,CC
536,Ringo,Darrell,rdarrellev@mail.ru,Male,$458621.50,95285412,IT
537,Robin,Hankinson,rhankinsonew@europa.eu,Male,$629340.18,279584976,IT
538,Ariadne,Easthope,aeasthopeex@princeton.edu,Female,$233550.70,848812943,PP
539,Jemmy,Cross,jcrossey@constantcontact.com,Female,$427121.30,966453194,IT
540,Gal,Tieraney,gtieraneyez@umn.edu,Male,$261997.69,973953345,CC
541,Massimiliano,Bartosik,mbartosikf0@webs.com,Male,$130729.05,504843354,PP
542,Pancho,Kite,pkitef1@ucsd.edu,Male,$448779.45,374457209,IT
543,Katya,Mowett,kmowettf2@netvibes.com,Female,$453163.68,790819556,IT
544,Kiley,Leggon,kleggonf3@berkeley.edu,Male,$865619.89,924671223,IT
545,Ema,Cadore,ecadoref4@skyrock.com,Female,$778101.06,119859681,IT
546,Shari,Kirsche,skirschef5@mapquest.com,Female,$751841.26,430421987,PP
547,Meris,Bramford,mbramfordf6@mit.edu,Female,$728528.20,275045161,IT
548,Donnamarie,Coultish,dcoultishf7@live.com,Female,$361998.89,671921661,CC
549,Lauri,Lowrance,llowrancef8@icq.com,Female,$952140.85,16967703,PP
550,Clemente,Crinson,ccrinsonf9@opensource.org,Male,$501613.63,537096772,PP
551,Dick,Kebell,dkebellfa@cocolog-nifty.com,Male,$145615.15,369262157,IT
552,Emera,Radborne,eradbornefb@yahoo.com,Female,$578320.84,807003956,PP
553,Amelia,Oury,aouryfc@businesswire.com,Female,$811919.38,283066711,CC
554,Gracie,Dennett,gdennettfd@mozilla.com,Female,$860608.92,956981519,IT
555,Amelia,Segot,asegotfe@yolasite.com,Female,$282896.36,122569566,CC
556,Georgianne,Cragoe,gcragoeff@walmart.com,Female,$353783.76,284516896,PP
557,Shep,Fazakerley,sfazakerleyfg@howstuffworks.com,Male,$785425.21,1038084430,CC
558,Kathryne,Vaudre,kvaudrefh@utexas.edu,Female,$271621.75,703687668,CC
559,Anallese,Park,aparkfi@foxnews.com,Female,$576050.76,401276480,CC
560,Gayle,Simoncini,gsimoncinifj@diigo.com,Male,$199597.72,75760357,PP
561,Madeline,Worthing,mworthingfk@howstuffworks.com,Female,$634051.98,655211121,CC
562,Hubie,Coniff,hconifffl@istockphoto.com,Male,$470595.46,289639922,PP
563,Mill,Diggens,mdiggensfm@amazonaws.com,Male,$719191.57,418111361,CC
564,Rice,Land,rlandfn@admin.ch,Male,$275804.13,424174794,PP
565,Sande,Klimpt,sklimptfo@washingtonpost.com,Female,$818997.90,1025903775,IT
566,Margalit,Lapham,mlaphamfp@fc2.com,Female,$595149.49,688105017,CC
567,Zea,Adamczewski,zadamczewskifq@is.gd,Female,$140292.08,800570162,CC
568,Lurleen,Fenny,lfennyfr@wikimedia.org,Female,$204198.02,970702836,IT
569,Albie,Kaley,akaleyfs@blog.com,Male,$372745.32,94868975,PP
570,Kirk,Savaage,ksavaageft@simplemachines.org,Male,$391751.29,750026609,IT
571,Leoine,Philpot,lphilpotfu@storify.com,Female,$270574.67,1012207745,IT
572,Ferd,Elham,felhamfv@bizjournals.com,Male,$253950.33,37295646,CC
573,Gilbert,Bockman,gbockmanfw@webmd.com,Male,$898338.29,136923883,PP
574,Ketty,Plaxton,kplaxtonfx@fastcompany.com,Female,$800317.19,918463295,IT
575,Thorstein,Loughan,tloughanfy@webs.com,Male,$475949.03,415066098,PP
576,Candace,McKimmey,cmckimmeyfz@ycombinator.com,Female,$311241.44,63712824,IT
577,Virgie,Dulinty,vdulintyg0@nps.gov,Female,$926640.75,73920689,PP
578,Odelia,Bungey,obungeyg1@youtube.com,Female,$319673.27,408667656,PP
579,Aigneis,Sansam,asansamg2@example.com,Female,$360756.67,27699198,CC
580,Yetta,Bradie,ybradieg3@hud.gov,Female,$342129.18,53845438,PP
581,Coriss,Wilding,cwildingg4@purevolume.com,Female,$377941.00,123514303,CC
582,Orv,Cessford,ocessfordg5@berkeley.edu,Male,$164960.45,411648617,CC
583,Ruthi,Rosenkranc,rrosenkrancg6@typepad.com,Female,$725448.08,299005882,CC
584,Gizela,Wingar,gwingarg7@ox.ac.uk,Female,$528884.42,770011444,CC
585,Conrade,Haug,chaugg8@techcrunch.com,Male,$521659.66,934917898,PP
586,Alleen,Iacovacci,aiacovaccig9@uol.com.br,Female,$277457.72,236514702,IT
587,Adel,Fenck,afenckga@nasa.gov,Female,$548495.53,989393126,PP
588,Galven,Ottey,gotteygb@eventbrite.com,Male,$797410.40,1002927111,IT
589,Natasha,Angear,nangeargc@jigsy.com,Female,$693495.28,81344694,PP
590,Joyann,Meffan,jmeffangd@netvibes.com,Female,$563571.20,495767514,CC
591,Sharlene,Sugars,ssugarsge@alibaba.com,Female,$995095.01,811678042,PP
592,Sherlocke,Arsmith,sarsmithgf@slashdot.org,Male,$262119.70,451518335,PP
593,Evie,Revett,erevettgg@theguardian.com,Female,$491542.35,989878103,PP
594,Woody,Kanter,wkantergh@bizjournals.com,Male,$222355.06,356426375,CC
595,Welch,Scragg,wscragggi@sina.com.cn,Male,$723937.29,835217944,PP
596,Shaughn,Bridgens,sbridgensgj@geocities.jp,Male,$360197.55,603435153,PP
597,Lia,Sibbering,lsibberinggk@fotki.com,Female,$192045.89,81200868,IT
598,Hoyt,Lynn,hlynngl@networkadvertising.org,Male,$176376.28,633066418,IT
599,Jim,Corde,jcordegm@cnn.com,Male,$408593.85,709866124,CC
600,Darda,Dosedale,ddosedalegn@networkadvertising.org,Female,$261593.33,924085811,CC
601,Rupert,Tedorenko,rtedorenkogo@slate.com,Male,$426002.69,63660196,PP
602,Zoe,Goadsby,zgoadsbygp@imdb.com,Female,$913507.96,925848691,PP
603,Euell,Rapi,erapigq@free.fr,Male,$494949.36,266535546,PP
604,Ali,Northway,anorthwaygr@intel.com,Male,$796621.65,972835691,PP
605,Magdalen,Lethley,mlethleygs@umn.edu,Female,$104445.70,554209620,CC
606,Christen,Krout,ckroutgt@si.edu,Female,$668877.17,800328226,CC
607,Hewitt,Ambridge,hambridgegu@samsung.com,Male,$389726.65,257042057,CC
608,Gayla,Haggart,ghaggartgv@sakura.ne.jp,Female,$100134.00,90973346,PP
609,Gallard,Bretelle,gbretellegw@marketwatch.com,Male,$710510.31,938517604,IT
610,Arlinda,Minchella,aminchellagx@virginia.edu,Female,$911173.36,378397600,PP
611,Marya,Orcas,morcasgy@dedecms.com,Female,$858454.96,620485704,IT
612,Cathrine,Sant,csantgz@boston.com,Female,$283986.48,599005460,CC
613,Barde,Sleigh,bsleighh0@google.com.br,Male,$159444.15,360796393,PP
614,Sherlocke,Whittle,swhittleh1@tuttocitta.it,Male,$392366.08,576523993,CC
615,Dosi,Haslehurst,dhaslehursth2@miibeian.gov.cn,Female,$845055.63,467167714,PP
616,Claude,Pendlebury,cpendleburyh3@amazon.co.uk,Female,$564659.31,514910892,PP
617,Shaw,Rangell,srangellh4@i2i.jp,Male,$342811.95,82539401,CC
618,Lorry,St Pierre,lstpierreh5@godaddy.com,Male,$916619.93,686449440,PP
619,Tab,Heis,theish6@angelfire.com,Male,$739834.33,844930915,CC
620,Maddalena,Janny,mjannyh7@mysql.com,Female,$515693.30,76830232,PP
621,Jori,Blundan,jblundanh8@merriam-webster.com,Female,$600342.94,551853724,IT
622,Charis,Phelps,cphelpsh9@hud.gov,Female,$634745.53,350818118,IT
623,Babbie,Newson,bnewsonha@shareasale.com,Female,$719236.08,749853205,IT
624,Aaron,Rennison,arennisonhb@tamu.edu,Male,$414638.15,504752726,PP
625,Antonino,Pallister,apallisterhc@bbc.co.uk,Male,$390525.35,897843478,CC
626,Brocky,Ekkel,bekkelhd@chron.com,Male,$944720.46,786849718,CC
627,Alexio,Vanyakin,avanyakinhe@dot.gov,Male,$741199.98,520779937,CC
628,Farah,Merrick,fmerrickhf@nba.com,Female,$132022.27,742339191,IT
629,Ruperto,MacAleese,rmacaleesehg@tinypic.com,Male,$927798.94,739021077,CC
630,Reinald,Watterson,rwattersonhh@domainmarket.com,Male,$192766.64,325374095,IT
631,Tabina,Broinlich,tbroinlichhi@japanpost.jp,Female,$942329.52,701241672,PP
632,Haze,Roydon,hroydonhj@blinklist.com,Male,$668658.95,367246839,CC
633,Edy,Costi,ecostihk@answers.com,Female,$604951.32,465390085,IT
634,Bartram,Tedstone,btedstonehl@ucoz.com,Male,$182920.85,349947991,IT
635,Evelyn,Brand-Hardy,ebrandhardyhm@jalbum.net,Male,$300458.80,403417481,PP
636,Lynnet,Capey,lcapeyhn@sina.com.cn,Female,$954265.86,532405158,IT
637,Stevy,Kleynermans,skleynermansho@ifeng.com,Male,$729060.65,576636041,PP
638,Reiko,Thieme,rthiemehp@icio.us,Female,$362675.62,663395297,CC
639,Sig,Balcon,sbalconhq@tuttocitta.it,Male,$208949.77,41197114,CC
640,Edward,Nekrews,enekrewshr@globo.com,Male,$175216.14,364175018,IT
641,Arvin,Harkins,aharkinshs@illinois.edu,Male,$262871.08,812537027,IT
642,Poul,Rosencrantz,prosencrantzht@un.org,Male,$740634.27,895564630,PP
643,Ermengarde,Baroc,ebarochu@usnews.com,Female,$939626.48,477808189,CC
644,Maxim,Drewell,mdrewellhv@meetup.com,Male,$649774.70,522003527,CC
645,Winston,Bollum,wbollumhw@topsy.com,Male,$774691.43,219099982,CC
646,Joscelin,Tregenna,jtregennahx@weebly.com,Female,$159370.07,447886644,PP
647,Darsey,Garthshore,dgarthshorehy@aboutads.info,Female,$167508.87,81239893,CC
648,Truda,Draisey,tdraiseyhz@themeforest.net,Female,$607205.69,660472779,PP
649,Ramsey,Stollard,rstollardi0@sina.com.cn,Male,$508895.16,759193908,PP
650,Bertrando,Flucker,bfluckeri1@house.gov,Male,$621627.02,199222145,IT
651,Adelice,McSherry,amcsherryi2@fastcompany.com,Female,$905077.09,790913224,PP
652,Caryl,Hemstead,chemsteadi3@bigcartel.com,Male,$889356.04,973142494,IT
653,Hendrick,Philipsohn,hphilipsohni4@sakura.ne.jp,Male,$166246.49,241799757,IT
654,Lizzy,Leyninye,lleyninyei5@who.int,Female,$445971.30,338237936,CC
655,Sonnie,Belshaw,sbelshawi6@delicious.com,Male,$895880.88,603219493,CC
656,Sonny,Urion,surioni7@godaddy.com,Male,$436380.89,604112895,PP
657,Noreen,Marchington,nmarchingtoni8@infoseek.co.jp,Female,$673587.64,709376644,IT
658,Farley,Ivashnikov,fivashnikovi9@slideshare.net,Male,$748383.70,726384716,IT
659,Emanuel,Hazeup,ehazeupia@histats.com,Male,$815782.34,562155620,CC
660,Russell,Bulfield,rbulfieldib@mozilla.org,Male,$263996.07,882114158,CC
661,Shelia,Shuker,sshukeric@mozilla.org,Female,$486647.83,862721089,PP
662,Sean,Fontenot,sfontenotid@uiuc.edu,Female,$539940.49,53175502,PP
663,Hyacintha,Deveraux,hdeverauxie@wisc.edu,Female,$303509.15,572185789,IT
664,Justin,Jessett,jjessettif@yahoo.com,Male,$675055.08,683360920,PP
665,Philippa,Bealing,pbealingig@hostgator.com,Female,$228348.18,946849095,CC
666,Vickie,Erangy,verangyih@wikimedia.org,Female,$489404.92,841703775,IT
667,Mehetabel,Skates,mskatesii@weather.com,Female,$755821.18,903616324,CC
668,Aurelea,Dexter,adexterij@dion.ne.jp,Female,$734149.21,513221810,IT
669,Caprice,Antwis,cantwisik@slate.com,Female,$846773.20,830383763,CC
670,Beverley,Stetson,bstetsonil@sbwire.com,Female,$717599.48,971305020,IT
671,Pietro,Querree,pquerreeim@ucla.edu,Male,$633535.15,942304141,IT
672,Ardath,Fobidge,afobidgein@noaa.gov,Female,$305340.29,716705184,IT
673,Thomas,Anton,tantonio@creativecommons.org,Male,$824309.81,394051386,IT
674,Nana,Agiolfinger,nagiolfingerip@cmu.edu,Female,$453223.51,321264296,CC
675,Erhard,Mathou,emathouiq@flavors.me,Male,$599459.73,38526697,IT
676,Constancy,Moreman,cmoremanir@cnbc.com,Female,$642089.80,284093587,CC
677,Marti,Hostan,mhostanis@com.com,Female,$931607.64,745285370,CC
678,Jesus,Limmer,jlimmerit@barnesandnoble.com,Male,$356380.25,810306284,IT
679,Petra,Leate,pleateiu@oakley.com,Female,$824001.22,689082667,CC
680,Karolina,McDool,kmcdooliv@qq.com,Female,$388629.09,500338942,IT
681,Corrinne,Newbury,cnewburyiw@hugedomains.com,Female,$206316.17,315200264,IT
682,Filberto,Cossum,fcossumix@adobe.com,Male,$343553.84,470929812,IT
683,Umberto,Puleston,upulestoniy@google.co.jp,Male,$167785.85,453666008,IT
684,Urbano,Brands,ubrandsiz@wisc.edu,Male,$750923.04,650564363,CC
685,Daisey,Glabach,dglabachj0@paginegialle.it,Female,$114955.68,568769588,IT
686,Filip,Wibrow,fwibrowj1@intel.com,Male,$511306.68,278187236,CC
687,Ave,Hatchette,ahatchettej2@house.gov,Male,$945993.14,625365233,IT
688,Flss,Archer,farcherj3@live.com,Female,$428351.01,283807268,IT
689,Tad,Howlett,thowlettj4@discuz.net,Male,$175956.45,330661107,CC
690,Carolina,Garth,cgarthj5@blogspot.com,Female,$790590.40,704285321,PP
691,Reta,Spickett,rspickettj6@apple.com,Female,$244194.70,186832667,PP
692,Ingaberg,Gonnin,igonninj7@dailymotion.com,Female,$197170.50,248587868,PP
693,Cortney,Gair,cgairj8@imageshack.us,Female,$665419.44,505101792,IT
694,Mitzi,Asser,masserj9@dedecms.com,Female,$100561.43,944579959,PP
695,Micheil,Dallison,mdallisonja@ucoz.com,Male,$863964.07,108563003,CC
696,Antoni,Robeiro,arobeirojb@examiner.com,Male,$418942.60,237777274,PP
697,Felecia,Worrall,fworralljc@vkontakte.ru,Female,$369732.40,748210261,PP
698,Skelly,Danelut,sdanelutjd@archive.org,Male,$127345.97,107232088,PP
699,Klaus,Creighton,kcreightonje@yahoo.com,Male,$150693.61,342800226,IT
700,Adorne,Gadault,agadaultjf@eventbrite.com,Female,$632657.86,662610379,CC
701,Hally,Achromov,hachromovjg@tuttocitta.it,Female,$728698.42,459679807,CC
702,Evelin,Rushman,erushmanjh@wunderground.com,Male,$809710.99,177639859,CC
703,Kingston,Mouland,kmoulandji@jimdo.com,Male,$523083.02,177065633,IT
704,Staci,Lorentz,slorentzjj@51.la,Female,$540709.18,523450500,CC
705,Carrol,Taffee,ctaffeejk@diigo.com,Male,$928861.31,1018689206,PP
706,Jay,Dilgarno,jdilgarnojl@liveinternet.ru,Male,$994145.34,742917347,PP
707,Elihu,Pyser,epyserjm@cyberchimps.com,Male,$292293.31,616469045,PP
708,Dino,Mulroy,dmulroyjn@scientificamerican.com,Male,$515143.75,21601057,PP
709,Hakim,Pietrusiak,hpietrusiakjo@latimes.com,Male,$719507.78,525553020,PP
710,Smith,Peddersen,speddersenjp@parallels.com,Male,$723054.71,884479489,CC
711,Mignon,McGeagh,mmcgeaghjq@walmart.com,Female,$858113.55,654457585,PP
712,Katti,Birkhead,kbirkheadjr@google.it,Female,$903358.02,901693196,PP
713,Penelope,Cranstone,pcranstonejs@ocn.ne.jp,Female,$381472.34,412121803,PP
714,Birdie,Craiker,bcraikerjt@skyrock.com,Female,$166461.09,614879333,IT
715,Colly,Melmoth,cmelmothju@shinystat.com,Female,$957133.46,122653994,CC
716,Nikos,Bunch,nbunchjv@jiathis.com,Male,$110260.90,395867486,CC
717,Byrann,Addy,baddyjw@topsy.com,Male,$543998.92,815838462,CC
718,Cassandre,Cuttler,ccuttlerjx@i2i.jp,Female,$438123.64,190394020,CC
719,Aloysius,Meadway,ameadwayjy@washingtonpost.com,Male,$611547.14,238880019,PP
720,Rennie,Sloane,rsloanejz@addtoany.com,Female,$644081.54,234647309,IT
721,Maurita,Gallety,mgalletyk0@yale.edu,Female,$194600.43,871780880,IT
722,Gusta,Guile,gguilek1@chron.com,Female,$599152.79,899532193,PP
723,Illa,Steadman,isteadmank2@businessweek.com,Female,$430533.49,739779268,IT
724,Sadella,Linkin,slinkink3@indiatimes.com,Female,$513251.91,645026277,IT
725,Sayre,Rubenovic,srubenovick4@cdc.gov,Male,$543104.66,598866733,CC
726,Gisela,Milton-White,gmiltonwhitek5@livejournal.com,Female,$303129.15,195280591,CC
727,Corene,Fydoe,cfydoek6@prnewswire.com,Female,$768266.45,691093834,CC
728,Gardener,Daughtrey,gdaughtreyk7@163.com,Male,$790239.99,676555657,CC
729,Bonita,Willman,bwillmank8@indiegogo.com,Female,$128443.65,340007889,PP
730,Bastian,Fifield,bfifieldk9@reddit.com,Male,$546369.75,188605032,CC
731,Aldridge,Pursglove,apursgloveka@live.com,Male,$958741.44,979545442,IT
732,Florie,Quarles,fquarleskb@nyu.edu,Female,$689133.22,941531847,IT
733,Rocky,Rosel,rroselkc@unblog.fr,Male,$571051.15,568492089,IT
734,Meryl,Beacham,mbeachamkd@dedecms.com,Male,$946570.75,831802361,IT
735,Maddy,Wilmot,mwilmotke@gmpg.org,Male,$847139.91,671081404,PP
736,Morena,Clamp,mclampkf@twitpic.com,Female,$495472.07,76303581,PP
737,Averill,Tomlins,atomlinskg@ning.com,Male,$917465.22,664438259,IT
738,Marley,Issacoff,missacoffkh@who.int,Female,$918432.86,634095269,CC
739,Jamil,Arnowitz,jarnowitzki@studiopress.com,Male,$364233.32,768808083,IT
740,Antoinette,Mathieson,amathiesonkj@seattletimes.com,Female,$411459.82,1026533493,IT
741,Nickolaus,Kerrich,nkerrichkk@blogger.com,Male,$552995.89,791548637,PP
742,Jeanne,Bloom,jbloomkl@clickbank.net,Female,$918937.00,171825479,IT
743,Roobbie,Radki,rradkikm@answers.com,Female,$125310.85,838935473,CC
744,Norman,Serginson,nserginsonkn@webs.com,Male,$627953.55,705298878,IT
745,Cori,Cammocke,ccammockeko@adobe.com,Male,$124093.00,39320069,PP
746,Bamby,Ryde,brydekp@xinhuanet.com,Female,$410751.41,604122502,CC
747,Torre,Poles,tpoleskq@mozilla.org,Male,$133159.41,287689698,IT
748,Hart,Geldart,hgeldartkr@unblog.fr,Male,$821453.70,276425082,CC
749,Conny,Pitcock,cpitcockks@surveymonkey.com,Male,$122369.99,953515084,PP
750,Bendicty,Cadding,bcaddingkt@photobucket.com,Male,$565120.99,433131962,CC
751,Cosmo,Keeton,ckeetonku@sina.com.cn,Male,$699900.97,201333441,PP
752,Bobbi,Ferreri,bferrerikv@rediff.com,Female,$391198.40,837891312,IT
753,Queenie,Andrea,qandreakw@google.ru,Female,$266270.36,63978895,CC
754,Gussy,O'Murtagh,gomurtaghkx@scribd.com,Female,$721452.47,951840845,IT
755,Trevor,Wince,twinceky@abc.net.au,Male,$293309.02,340899548,CC
756,Crysta,Dotson,cdotsonkz@mail.ru,Female,$575078.48,758629878,CC
757,Nicol,Conws,nconwsl0@google.com.au,Female,$137467.53,446323284,PP
758,Wesley,Cranmere,wcranmerel1@businesswire.com,Male,$903624.38,1021275595,CC
759,Delmor,Mendonca,dmendoncal2@yale.edu,Male,$796598.34,659014762,PP
760,Corri,Wellbeloved,cwellbelovedl3@ning.com,Female,$863762.60,611109039,PP
761,Heinrick,McVane,hmcvanel4@nydailynews.com,Male,$548123.54,218902764,IT
762,Rozele,Gebbe,rgebbel5@timesonline.co.uk,Female,$553384.88,874845469,CC
763,Corrine,McDavitt,cmcdavittl6@t.co,Female,$523261.02,955286254,IT
764,Rafe,Simeoli,rsimeolil7@yelp.com,Male,$764809.82,847625734,IT
765,Falkner,Twidale,ftwidalel8@marketwatch.com,Male,$932566.71,849883927,CC
766,Brendon,Portress,bportressl9@uiuc.edu,Male,$679024.12,320421732,CC
767,Dunc,Brockelsby,dbrockelsbyla@furl.net,Male,$566085.11,877732543,CC
768,Valma,Graffin,vgraffinlb@ifeng.com,Female,$783843.22,489386855,PP
769,Golda,Spawell,gspawelllc@independent.co.uk,Female,$175632.99,650411496,CC
770,Jobi,Christophers,jchristophersld@photobucket.com,Female,$253145.06,559585910,PP
771,Chadwick,Bortoloni,cbortolonile@dedecms.com,Male,$879742.41,677423926,PP
772,Kandace,Keslake,kkeslakelf@friendfeed.com,Female,$365655.63,412807349,PP
773,Geordie,Stallen,gstallenlg@webnode.com,Male,$716805.73,1038830942,IT
774,Charleen,Meeson,cmeesonlh@businessweek.com,Female,$739733.40,425692702,IT
775,Sandy,Rushmere,srushmereli@nifty.com,Female,$957244.89,605921064,CC
776,Shandie,Muldoon,smuldoonlj@ocn.ne.jp,Female,$621266.12,934282958,CC
777,Jenni,Crich,jcrichlk@biblegateway.com,Female,$293831.55,691816956,IT
778,Xerxes,Harme,xharmell@nhs.uk,Male,$859317.31,809504669,PP
779,Amerigo,Drawmer,adrawmerlm@umn.edu,Male,$391584.75,548208685,IT
780,Ferguson,Sharp,fsharpln@who.int,Male,$132855.47,189586380,IT
781,Manfred,Faragher,mfaragherlo@va.gov,Male,$828712.82,694728495,PP
782,Abdel,Jordan,ajordanlp@indiatimes.com,Male,$700845.14,41796273,CC
783,Robb,Tidy,rtidylq@live.com,Male,$215724.98,251789642,CC
784,Miran,Mishaw,mmishawlr@soup.io,Female,$232954.03,10177277,CC
785,Penelopa,Heisler,pheislerls@loc.gov,Female,$335163.10,671948388,CC
786,Worthy,Kennett,wkennettlt@ebay.co.uk,Male,$919493.86,15796735,IT
787,Wini,Treves,wtreveslu@imageshack.us,Female,$618687.11,203920527,PP
788,Ola,Elsmere,oelsmerelv@macromedia.com,Female,$958852.54,10322703,PP
789,Shelagh,Fishley,sfishleylw@bbb.org,Female,$638528.57,402402719,PP
790,Sanford,Haddeston,shaddestonlx@ow.ly,Male,$923895.57,124972628,IT
791,Evie,Tison,etisonly@mlb.com,Female,$429643.69,999294120,CC
792,Tore,McKenny,tmckennylz@disqus.com,Male,$622547.74,731341332,PP
793,Darelle,Draper,ddraperm0@soup.io,Female,$301232.95,866102016,PP
794,Toni,Darinton,tdarintonm1@house.gov,Female,$328039.24,95771406,PP
795,Trevor,Meneur,tmeneurm2@reverbnation.com,Male,$315958.90,757146238,PP
796,Jeramey,Hodgins,jhodginsm3@amazon.co.uk,Male,$992922.10,122303864,CC
797,Carlynne,Seeborne,cseebornem4@dion.ne.jp,Female,$558232.61,726828592,IT
798,Ad,Britee,abriteem5@pinterest.com,Male,$840806.89,517124184,IT
799,Aldous,Gerler,agerlerm6@spiegel.de,Male,$651848.88,20042090,PP
800,Octavius,Leer,oleerm7@businessweek.com,Male,$192994.43,895767796,PP
801,Chiquia,Mew,cmewm8@yolasite.com,Female,$428589.71,65515508,CC
802,Kordula,Greet,kgreetm9@bbc.co.uk,Female,$483398.78,217237579,PP
803,Red,Bursell,rbursellma@ucsd.edu,Male,$889399.90,192119371,IT
804,Selig,Puffett,spuffettmb@storify.com,Male,$452457.62,1008832580,IT
805,Evita,Brymham,ebrymhammc@timesonline.co.uk,Female,$296704.79,213780741,CC
806,Calida,Abrahamsohn,cabrahamsohnmd@ifeng.com,Female,$200481.31,261455253,CC
807,Fairleigh,Macauley,fmacauleyme@tiny.cc,Male,$298835.40,779642489,CC
808,Gwenny,Forsdicke,gforsdickemf@bandcamp.com,Female,$684162.93,198567463,CC
809,Moshe,Ody,modymg@oaic.gov.au,Male,$385155.68,330938757,PP
810,Darrelle,Stillert,dstillertmh@mlb.com,Female,$664633.00,513419260,CC
811,Granville,Spreadbury,gspreadburymi@quantcast.com,Male,$896381.18,583497333,PP
812,Lorita,Linton,llintonmj@amazon.co.jp,Female,$745139.69,145424585,CC
813,Verine,Ledington,vledingtonmk@dmoz.org,Female,$809743.87,404485463,PP
814,Edmund,Leroux,elerouxml@google.com,Male,$365535.54,744679406,PP
815,Derick,Foucher,dfouchermm@columbia.edu,Male,$359151.54,809362962,IT
816,Fredric,Clelle,fclellemn@twitter.com,Male,$500039.10,94939862,CC
817,Dill,Walklate,dwalklatemo@dailymotion.com,Male,$428907.74,898080160,CC
818,Guthry,Bottrell,gbottrellmp@altervista.org,Male,$285721.66,487128371,PP
819,Clem,Gilliatt,cgilliattmq@wordpress.com,Male,$874401.45,56246611,PP
820,Burch,Slayton,bslaytonmr@hexun.com,Male,$657980.03,857259789,IT
821,Gideon,Aprahamian,gaprahamianms@fema.gov,Male,$912635.52,918260678,CC
822,Quentin,Linde,qlindemt@bbb.org,Male,$869552.40,488423702,PP
823,Emmy,Gallen,egallenmu@yale.edu,Male,$190143.42,356968505,IT
824,Pattin,Seggie,pseggiemv@reference.com,Male,$993568.95,925088135,PP
825,Ludovika,Alliot,lalliotmw@oracle.com,Female,$534292.92,53259997,CC
826,Sela,O'Lenane,solenanemx@1688.com,Female,$284766.19,333444552,CC
827,Gav,Tippetts,gtippettsmy@netscape.com,Male,$564878.15,834215475,IT
828,Ariadne,Tolputt,atolputtmz@boston.com,Female,$726653.92,605129233,IT
829,Barri,Dickons,bdickonsn0@sbwire.com,Male,$813595.48,301953790,IT
830,Lois,Comberbach,lcomberbachn1@cyberchimps.com,Female,$131210.27,725430403,PP
831,Terrence,Burditt,tburdittn2@smugmug.com,Male,$124340.58,564785290,CC
832,Kata,Christie,kchristien3@alibaba.com,Female,$484409.88,1027708942,CC
833,Valida,Dispencer,vdispencern4@dagondesign.com,Female,$337125.68,835323364,CC
834,Dierdre,Newburn,dnewburnn5@zimbio.com,Female,$542808.88,275061983,IT
835,Derek,Kimmons,dkimmonsn6@reference.com,Male,$220548.19,642465312,IT
836,Web,Redihalgh,wredihalghn7@simplemachines.org,Male,$985149.49,368630618,PP
837,Diena,Guitton,dguittonn8@surveymonkey.com,Female,$595989.87,176642281,IT
838,Reider,Grevel,rgreveln9@businesswire.com,Male,$979575.50,624635667,CC
839,Katharine,Allain,kallainna@ebay.com,Female,$305364.82,855323016,IT
840,Nanete,Trillo,ntrillonb@alexa.com,Female,$623394.87,830900835,IT
841,Deloris,Cassell,dcassellnc@alibaba.com,Female,$926551.39,958240585,CC
842,Fairfax,Glave,fglavend@wordpress.com,Male,$996516.96,112669422,PP
843,Mark,Burney,mburneyne@ebay.com,Male,$351553.07,858450485,PP
844,Arch,Boscher,aboschernf@whitehouse.gov,Male,$552666.81,633017182,PP
845,Trisha,Ghiriardelli,tghiriardelling@thetimes.co.uk,Female,$452573.30,766952818,IT
846,Gradeigh,Klaesson,gklaessonnh@noaa.gov,Male,$647438.96,868816262,IT
847,Obidiah,MacCague,omaccagueni@netlog.com,Male,$100196.90,449029568,PP
848,Ethelred,Warkup,ewarkupnj@illinois.edu,Male,$266756.83,825200985,IT
849,Manfred,Ketteringham,mketteringhamnk@noaa.gov,Male,$843416.23,221670373,CC
850,Jojo,Dionsetti,jdionsettinl@example.com,Female,$943962.82,374147096,IT
851,Risa,Drain,rdrainnm@chronoengine.com,Female,$600512.88,14747711,PP
852,Carla,Tetla,ctetlann@xinhuanet.com,Female,$180252.06,287184555,CC
853,Nolly,Gorbell,ngorbellno@theglobeandmail.com,Male,$596834.07,859244534,PP
854,Sanders,Orhrt,sorhrtnp@arizona.edu,Male,$198574.56,697716987,PP
855,Anastasie,Oxx,aoxxnq@meetup.com,Female,$698869.53,495885252,CC
856,Gertruda,Willicott,gwillicottnr@japanpost.jp,Female,$622750.12,391329378,PP
857,Christi,Pavis,cpavisns@bandcamp.com,Female,$916839.73,80256985,PP
858,Juditha,Matveichev,jmatveichevnt@webnode.com,Female,$417058.21,740748681,IT
859,Allie,Leel,aleelnu@google.nl,Male,$676466.70,428307126,IT
860,Sigfrid,Steed,ssteednv@4shared.com,Male,$710335.63,437414603,PP
861,Bruis,Brumwell,bbrumwellnw@ask.com,Male,$724905.93,38812906,CC
862,Ezra,Charlotte,echarlottenx@jalbum.net,Male,$480765.36,370406258,IT
863,Karlens,Aldred,kaldredny@princeton.edu,Male,$964387.82,833268299,IT
864,Christal,Coate,ccoatenz@yale.edu,Female,$391176.49,513933462,PP
865,Tanner,Ownsworth,townswortho0@who.int,Male,$260751.33,803394126,IT
866,Florian,Zanre,fzanreo1@telegraph.co.uk,Male,$918555.74,389853922,IT
867,Catarina,Diche,cdicheo2@cbc.ca,Female,$305274.13,634979300,PP
868,Gasper,Bulpitt,gbulpitto3@altervista.org,Male,$917412.44,116794795,IT
869,Noe,Symmons,nsymmonso4@va.gov,Male,$828188.02,379029793,PP
870,Mortie,Fife,mfifeo5@over-blog.com,Male,$869124.01,782011221,CC
871,Myrtle,Okell,mokello6@uol.com.br,Female,$419816.12,54578808,PP
872,Evelin,Arnault,earnaulto7@marriott.com,Male,$737285.38,666467645,CC
873,Barde,Spohr,bspohro8@icq.com,Male,$429244.77,612912715,IT
874,Feodora,Greep,fgreepo9@tmall.com,Female,$690645.32,147114985,PP
875,Neal,Twentyman,ntwentymanoa@mail.ru,Male,$164482.80,869723672,IT
876,Conn,Walework,cwaleworkob@merriam-webster.com,Male,$441314.34,449504378,CC
877,Daloris,Dabels,ddabelsoc@stanford.edu,Female,$291507.99,282379773,IT
878,Delphine,Collins,dcollinsod@nbcnews.com,Female,$771434.07,1001700745,IT
879,Tamarra,Allanson,tallansonoe@amazon.co.uk,Female,$180666.93,1018555756,CC
880,Petra,Crompton,pcromptonof@gmpg.org,Female,$231819.20,999127035,IT
881,Pauletta,Cockton,pcocktonog@merriam-webster.com,Female,$671168.78,206889753,IT
882,Say,Landall,slandalloh@mayoclinic.com,Male,$145828.03,56791002,CC
883,Jaclin,Morgan,jmorganoi@eventbrite.com,Female,$470187.16,450224646,PP
884,Hewie,Dooher,hdooheroj@google.com,Male,$446234.22,676175598,PP
885,Hunfredo,Buye,hbuyeok@princeton.edu,Male,$791743.39,817445348,IT
886,Robina,Frankcombe,rfrankcombeol@yandex.ru,Female,$954789.26,448422408,PP
887,Goldarina,Dutteridge,gdutteridgeom@usatoday.com,Female,$207187.36,646499995,PP
888,Caitrin,Tomney,ctomneyon@edublogs.org,Female,$438572.33,148513459,IT
889,Karlene,Switland,kswitlandoo@sciencedaily.com,Female,$650211.96,30808468,PP
890,Olympie,Threadgold,othreadgoldop@wikia.com,Female,$502824.77,781451744,CC
891,Mag,Pally,mpallyoq@cmu.edu,Female,$274846.92,113965496,IT
892,Dov,Adiscot,dadiscotor@nature.com,Male,$513440.16,615856824,PP
893,Xaviera,Blackledge,xblackledgeos@census.gov,Female,$383546.43,781920864,IT
894,Rosaline,Rathe,rratheot@ning.com,Female,$778436.35,202072532,IT
895,Vale,Poulsum,vpoulsumou@mozilla.com,Female,$112116.60,208022412,PP
896,Connor,Swinburn,cswinburnov@usda.gov,Male,$661102.60,85955147,CC
897,Tad,Wareing,twareingow@chronoengine.com,Male,$552264.60,323958022,CC
898,Latisha,Colliber,lcolliberox@aboutads.info,Female,$673392.98,760294538,IT
899,Kimberley,Redshaw,kredshawoy@wix.com,Female,$905057.24,147865448,IT
900,Idelle,MacRinn,imacrinnoz@msu.edu,Female,$163090.06,970344360,CC
901,Vernor,Sacco,vsaccop0@state.gov,Male,$333656.96,518470829,PP
902,Alvina,Sturte,asturtep1@shinystat.com,Female,$960294.82,120072849,CC
903,Errol,Manna,emannap2@kickstarter.com,Male,$891591.96,28568371,CC
904,Karolina,Yokel,kyokelp3@multiply.com,Female,$705118.79,990255836,PP
905,Enoch,deKnevet,edeknevetp4@surveymonkey.com,Male,$894519.26,361391400,PP
906,Aubrey,Cousens,acousensp5@qq.com,Male,$947538.17,801424763,PP
907,Marsiella,Clelland,mclellandp6@usgs.gov,Female,$464682.02,957591863,CC
908,Maryjo,Jencken,mjenckenp7@goodreads.com,Female,$335542.51,209252806,CC
909,Norry,Pepperd,npepperdp8@unblog.fr,Female,$692999.99,65663639,PP
910,Amandy,Mars,amarsp9@vistaprint.com,Female,$454415.21,243250545,PP
911,Eleanore,Blazeby,eblazebypa@bandcamp.com,Female,$129313.52,1011234005,PP
912,Tann,Dyne,tdynepb@economist.com,Male,$139928.87,58688236,PP
913,Rafe,Coathup,rcoathuppc@sun.com,Male,$938153.00,169747925,IT
914,Renado,Bettinson,rbettinsonpd@salon.com,Male,$620087.27,517352365,CC
915,Deni,Barents,dbarentspe@tmall.com,Female,$976068.44,483842430,IT
916,Emelen,Kleinert,ekleinertpf@noaa.gov,Male,$190210.98,977633847,IT
917,Risa,McCard,rmccardpg@google.co.uk,Female,$816262.86,742060484,CC
918,Emlynn,Wharton,ewhartonph@theatlantic.com,Female,$791162.67,292879526,CC
919,Leonardo,McLoughlin,lmcloughlinpi@house.gov,Male,$376749.17,585622747,IT
920,Townie,Willmore,twillmorepj@ihg.com,Male,$159368.21,206165713,IT
921,Dame,Pendlington,dpendlingtonpk@tripadvisor.com,Male,$482202.89,83750126,PP
922,Skell,McBean,smcbeanpl@aboutads.info,Male,$140758.54,696826246,IT
923,Thibaut,Volke,tvolkepm@privacy.gov.au,Male,$389980.03,181218130,CC
924,Victoir,Frow,vfrowpn@ihg.com,Male,$457970.11,18665300,PP
925,Doralynn,Rizzello,drizzellopo@chron.com,Female,$550307.69,407925118,PP
926,Jere,MacRedmond,jmacredmondpp@arizona.edu,Female,$527946.60,498180883,CC
927,Ashien,Koenen,akoenenpq@nih.gov,Female,$690426.52,688631356,CC
928,Aylmer,Pegden,apegdenpr@gov.uk,Male,$966154.41,19812503,IT
929,Randi,Gahagan,rgahaganps@rambler.ru,Female,$446351.97,621623663,PP
930,Briant,McGuinness,bmcguinnesspt@netvibes.com,Male,$395724.35,326738422,CC
931,Jacintha,Sillick,jsillickpu@netvibes.com,Female,$759686.16,878764124,IT
932,Tallulah,Jaques,tjaquespv@hp.com,Female,$934668.31,790158515,IT
933,Cyrus,Le Teve,cletevepw@elegantthemes.com,Male,$470129.81,294654923,PP
934,Deloria,Dunge,ddungepx@uiuc.edu,Female,$596060.10,161559239,PP
935,Jillene,Legion,jlegionpy@google.fr,Female,$181221.86,358713018,PP
936,Ashlee,Engel,aengelpz@indiegogo.com,Female,$658708.39,96000690,PP
937,Haily,Standish-Brooks,hstandishbrooksq0@geocities.jp,Female,$590455.65,460887646,PP
938,Essy,Rudgley,erudgleyq1@usa.gov,Female,$125466.98,642473551,PP
939,Martynne,Cammish,mcammishq2@marketwatch.com,Female,$797240.73,6371884,CC
940,Boone,Burger,bburgerq3@1688.com,Male,$513507.11,997223651,IT
941,Corney,Dugmore,cdugmoreq4@4shared.com,Male,$904407.67,581529555,CC
942,Sandra,Charlo,scharloq5@imdb.com,Female,$463383.94,629689271,PP
943,Tamma,Penketh,tpenkethq6@narod.ru,Female,$948774.97,502929420,PP
944,Shell,Finlry,sfinlryq7@about.com,Female,$319575.58,778873255,IT
945,Laverne,Raddon,lraddonq8@webs.com,Female,$665401.49,902680910,PP
946,Grover,Tolworthy,gtolworthyq9@vinaora.com,Male,$342327.34,599230290,CC
947,Seamus,Duggan,sdugganqa@amazon.co.uk,Male,$723267.19,473163548,CC
948,Wilek,Ridgley,wridgleyqb@drupal.org,Male,$279556.28,539381106,PP
949,Jeannine,Lanaway,jlanawayqc@sakura.ne.jp,Female,$621902.23,241534845,IT
950,Aylmer,Niche,anicheqd@hud.gov,Male,$764349.01,409355154,CC
951,Giffard,Beeck,gbeeckqe@ted.com,Male,$909941.22,800085358,IT
952,Keven,Swallow,kswallowqf@webeden.co.uk,Male,$719337.18,275417709,PP
953,Juieta,Pears,jpearsqg@xing.com,Female,$246907.43,927831429,CC
954,Arlette,Elsmore,aelsmoreqh@ameblo.jp,Female,$911773.77,135288265,PP
955,Nickie,Looby,nloobyqi@newsvine.com,Male,$138401.08,706410994,PP
956,Jo,Langelay,jlangelayqj@typepad.com,Male,$232412.03,263855733,IT
957,Brocky,Romanetti,bromanettiqk@telegraph.co.uk,Male,$945796.01,771155084,IT
958,Bobby,Hayto,bhaytoql@blog.com,Female,$319203.96,764132373,CC
959,Ragnar,Featherstonehaugh,rfeatherstonehaughqm@msu.edu,Male,$438231.85,84392237,PP
960,Charmine,Rosthorn,crosthornqn@photobucket.com,Female,$812046.84,10634027,CC
961,Rebekah,Greenrod,rgreenrodqo@taobao.com,Female,$878037.78,496248665,CC
962,Jannel,Clitheroe,jclitheroeqp@barnesandnoble.com,Female,$130234.69,318258034,IT
963,Mamie,Ambroisin,mambroisinqq@ameblo.jp,Female,$899095.00,188992007,PP
964,Timotheus,Douche,tdoucheqr@macromedia.com,Male,$885835.39,427892406,PP
965,Kane,Scawn,kscawnqs@linkedin.com,Male,$390010.51,838228011,CC
966,Ellette,Old,eoldqt@rambler.ru,Female,$125820.33,489086631,CC
967,Agace,Desorts,adesortsqu@marketwatch.com,Female,$876769.33,167241026,PP
968,Benita,Coopey,bcoopeyqv@google.com,Female,$433700.57,1027736530,CC
969,Pauly,Brouwer,pbrouwerqw@umich.edu,Male,$216951.16,938165546,CC
970,Pooh,Ingleston,pinglestonqx@upenn.edu,Male,$979303.12,55786931,IT
971,Aylmar,Keach,akeachqy@oaic.gov.au,Male,$968211.66,886063826,IT
972,Fair,Kennelly,fkennellyqz@gmpg.org,Male,$968765.82,383263775,CC
973,Lucho,Kingdom,lkingdomr0@reference.com,Male,$849477.48,667903390,CC
974,Daisie,Danielian,ddanielianr1@booking.com,Female,$210827.15,618966643,PP
975,Emiline,Trebilcock,etrebilcockr2@addtoany.com,Female,$213525.90,757949649,PP
976,Vinita,Rickertsen,vrickertsenr3@comsenz.com,Female,$285940.06,962305028,PP
977,Isiahi,Sharram,isharramr4@globo.com,Male,$323771.59,461758837,PP
978,Ric,Blackaller,rblackallerr5@state.tx.us,Male,$316140.76,481607892,PP
979,Reade,Lassey,rlasseyr6@ibm.com,Male,$958433.40,573928075,PP
980,Bobbye,Train,btrainr7@ted.com,Female,$451198.20,940591747,PP
981,Jesse,Argont,jargontr8@cargocollective.com,Female,$249601.05,739293913,CC
982,Carlyn,Doodson,cdoodsonr9@nba.com,Female,$638248.73,517768326,CC
983,Cathlene,Posnett,cposnettra@usda.gov,Female,$697068.25,418545769,IT
984,Carlos,Rendall,crendallrb@yahoo.com,Male,$110191.48,730237527,PP
985,Shell,Boaler,sboalerrc@chicagotribune.com,Male,$579067.96,762909929,IT
986,Murial,O'Sheilds,mosheildsrd@cnbc.com,Female,$583520.57,659494238,IT
987,Chane,Dammarell,cdammarellre@quantcast.com,Male,$483344.55,18838078,PP
988,Julio,Hrachovec,jhrachovecrf@multiply.com,Male,$655187.39,696315282,CC
989,Corney,Leggs,cleggsrg@domainmarket.com,Male,$926093.94,385832365,CC
990,Susy,Gueny,sguenyrh@360.cn,Female,$986020.58,786656552,CC
991,Kare,Gittings,kgittingsri@ebay.com,Female,$179804.07,657335329,IT
992,Moira,Choffin,mchoffinrj@cornell.edu,Female,$307840.54,366954524,CC
993,Dionisio,Waskett,dwaskettrk@psu.edu,Male,$113223.75,294792427,PP
994,Mack,Beastall,mbeastallrl@wikipedia.org,Male,$646275.17,79390356,IT
995,Clim,Fruchter,cfruchterrm@globo.com,Male,$877166.77,805619768,IT
996,Gardy,Belk,gbelkrn@examiner.com,Male,$147764.29,668999207,CC
997,Geri,Van Der Vlies,gvandervliesro@go.com,Male,$496101.20,52381702,IT
998,Jared,Mussolini,jmussolinirp@weibo.com,Male,$406836.09,303374698,IT
999,Arie,Elliss,aellissrq@cbc.ca,Male,$448645.62,483155101,IT
1000,Cindee,Schleswig-Holstein,cschleswigholsteinrr@vk.com,Female,$748298.75,803407403,PP
