id,nombre,apellido,email,genero,valor_tx,numero_identificacion,tipo_identificacion
1,Toddy,Ayer,tayer0@delicious.com,Male,$244766.87,39203479,PP
2,Cindee,Buse,cbuse1@ft.com,Female,$567981.25,720349667,CC
3,Jacquelynn,Rosenthaler,jrosenthaler2@ucla.edu,Female,$729654.76,366014172,CC
4,Virge,Cunde,vcunde3@aol.com,Male,$346828.49,791273533,PP
5,Carolan,Ledur,cledur4@marriott.com,Female,$534587.97,764527726,IT
6,Cordy,Kirsopp,ckirsopp5@apple.com,Male,$534794.55,927861045,CC
7,Pace,Calafate,pcalafate6@plala.or.jp,Male,$464287.32,117777880,PP
8,Joell,Woolger,jwoolger7@desdev.cn,Female,$701016.55,177758084,CC
9,Saul,Durnin,sdurnin8@moonfruit.com,Male,$820752.28,599965295,PP
10,Georgeanna,Digan,gdigan9@cocolog-nifty.com,Female,$423294.16,789932965,PP
11,Ivor,Omar,iomara@bloglines.com,Male,$543487.85,835834264,CC
12,Morganica,Noni,mnonib@live.com,Female,$134758.40,337881647,PP
13,Carolyne,Petrasso,cpetrassoc@amazon.com,Female,$228120.46,304269283,CC
14,Ricoriki,Deeble,rdeebled@friendfeed.com,Male,$105956.67,711632123,CC
15,Chicky,Carlet,ccarlete@oaic.gov.au,Female,$480172.22,788474334,CC
16,Kassey,Grigoryov,kgrigoryovf@cnn.com,Female,$877197.86,586437792,IT
17,Care,Thorndale,cthorndaleg@ebay.co.uk,Male,$826957.69,222360370,IT
18,Olly,Howel,ohowelh@liveinternet.ru,Female,$209583.07,768126126,CC
19,Fabian,Forri,fforrii@addtoany.com,Male,$924141.20,318469329,IT
20,Bibbie,Gert,bgertj@washington.edu,Female,$842312.85,58574602,CC
21,Bev,Grundell,bgrundellk@oakley.com,Female,$287906.31,871245195,CC
22,Creight,Petherick,cpetherickl@cbsnews.com,Male,$178516.81,724755106,CC
23,Pam,Pennells,ppennellsm@google.cn,Female,$257609.36,1005920960,PP
24,Nikki,Prandoni,nprandonin@ucsd.edu,Male,$156349.14,939314864,PP
25,Carlynne,Shire,cshireo@illinois.edu,Female,$343299.99,136842170,IT
26,Hagan,Powder,hpowderp@wisc.edu,Male,$821853.71,570432343,CC
27,Perri,Fontes,pfontesq@loc.gov,Female,$599012.14,395014313,IT
28,Myles,Megson,mmegsonr@patch.com,Male,$907819.54,262265393,CC
29,Sissie,Eastop,seastops@cisco.com,Female,$317053.02,140324626,IT
30,Kennie,Inkpen,kinkpent@globo.com,Male,$880788.04,79056230,IT
31,Dulcia,Halcro,dhalcrou@mlb.com,Female,$932541.14,212404183,PP
32,Mirelle,Hadlington,mhadlingtonv@flickr.com,Female,$110695.77,611471891,IT
33,Timotheus,Kerans,tkeransw@buzzfeed.com,Male,$504653.97,638982015,IT
34,Tull,Wallentin,twallentinx@linkedin.com,Male,$700346.06,329160119,IT
35,Shelba,Dickons,sdickonsy@sitemeter.com,Female,$151508.73,1014353919,IT
36,Angus,O'Rowane,aorowanez@theguardian.com,Male,$485110.11,842216622,IT
37,Elvis,Oldknow,eoldknow10@tiny.cc,Male,$388006.79,179266674,IT
38,Xenia,Sporgeon,xsporgeon11@wordpress.com,Female,$538076.92,551888393,IT
39,Caresse,Oatley,coatley12@dedecms.com,Female,$680369.72,224722427,IT
40,Arlen,Tarbath,atarbath13@newsvine.com,Female,$878198.81,93666758,CC
41,Bernarr,Ellse,bellse14@theguardian.com,Male,$891339.16,1038154838,PP
42,Job,Fallowes,jfallowes15@upenn.edu,Male,$350355.05,767211501,IT
43,Lyndsey,Harnor,lharnor16@webnode.com,Female,$430591.71,994840099,IT
44,Ethelred,Ollive,eollive17@sfgate.com,Male,$434451.82,152445767,PP
45,Pennie,McFadzean,pmcfadzean18@homestead.com,Male,$348958.83,876254368,PP
46,Duffy,Crooks,dcrooks19@stumbleupon.com,Male,$284442.08,251720387,IT
47,Shaughn,Conklin,sconklin1a@state.tx.us,Male,$283001.82,982202561,IT
48,Raynard,Scotson,rscotson1b@1688.com,Male,$742338.34,434213455,IT
49,Redford,Billinge,rbillinge1c@yellowbook.com,Male,$755325.00,918336358,IT
50,Farleigh,Feeley,ffeeley1d@biblegateway.com,Male,$206363.48,624662941,CC
51,Luise,Creber,lcreber1e@elpais.com,Female,$840828.42,627083325,IT
52,Alric,Wilflinger,awilflinger1f@nih.gov,Male,$655528.49,29126072,PP
53,Christophe,Fantin,cfantin1g@stanford.edu,Male,$171912.10,50761283,PP
54,Iris,Gibbons,igibbons1h@accuweather.com,Female,$420635.44,1025337588,PP
55,Franni,Fickling,ffickling1i@twitpic.com,Female,$539068.39,180952498,CC
56,Smith,McCart,smccart1j@squarespace.com,Male,$195712.65,244400737,CC
57,Chase,Hofer,chofer1k@twitter.com,Male,$593458.32,115118622,PP
58,Christy,Hunsworth,chunsworth1l@netlog.com,Female,$555783.28,1019339981,IT
59,Jermaine,Boness,jboness1m@over-blog.com,Female,$361703.00,276954812,IT
60,Ricki,Stains,rstains1n@xinhuanet.com,Female,$884016.92,902051283,PP
61,Radcliffe,Mee,rmee1o@whitehouse.gov,Male,$471266.32,834172795,CC
62,Albertina,Orr,aorr1p@howstuffworks.com,Female,$558725.65,151331573,PP
63,Craig,Roz,croz1q@barnesandnoble.com,Male,$772402.32,195126481,IT
64,Dietrich,Gleadle,dgleadle1r@marketwatch.com,Male,$929550.42,1032660210,IT
65,Ruttger,Messer,rmesser1s@biglobe.ne.jp,Male,$542195.80,597557922,PP
66,Kelwin,Karlsson,kkarlsson1t@github.io,Male,$888669.47,1016029248,IT
67,Patti,Ferreli,pferreli1u@netlog.com,Female,$508963.95,890630591,IT
68,Dedie,Lesslie,dlesslie1v@pinterest.com,Female,$905810.10,491661994,CC
69,Rock,Mantz,rmantz1w@newsvine.com,Male,$329516.49,340145661,IT
70,Bernice,Pichmann,bpichmann1x@java.com,Female,$257878.01,128056787,PP
71,Maximilian,Jurkowski,mjurkowski1y@eventbrite.com,Male,$844778.01,511934841,IT
72,Kimble,Sidon,ksidon1z@yandex.ru,Male,$977905.16,862188275,PP
73,Mira,Franzoli,mfranzoli20@wikimedia.org,Female,$177367.71,450850724,PP
74,Sinclare,Gianasi,sgianasi21@behance.net,Male,$313398.82,620275932,PP
75,Jeanette,Norridge,jnorridge22@pagesperso-orange.fr,Female,$616689.80,866363652,IT
76,Elicia,Gunning,egunning23@techcrunch.com,Female,$408838.04,454530714,CC
77,Henrie,Mahon,hmahon24@bbc.co.uk,Female,$540808.21,6753549,PP
78,Urbano,Paiton,upaiton25@va.gov,Male,$176245.93,896880530,CC
79,Elsworth,Nutton,enutton26@hubpages.com,Male,$864123.36,1038023546,IT
80,Gary,Brentnall,gbrentnall27@europa.eu,Male,$261240.13,267548646,PP
81,Tallie,Revel,trevel28@fda.gov,Male,$393386.15,579032815,CC
82,Fredi,Ivens,fivens29@dailymotion.com,Female,$502189.69,108298413,PP
83,Jasun,Nickoles,jnickoles2a@walmart.com,Male,$979813.35,246318210,PP
84,Anne-marie,Mansbridge,amansbridge2b@gmpg.org,Female,$616937.69,470759103,CC
85,Caron,Mulbery,cmulbery2c@ask.com,Female,$344956.89,1044765790,PP
86,Willey,Cromly,wcromly2d@auda.org.au,Male,$818742.42,170001136,IT
87,Tomkin,Berthomier,tberthomier2e@biglobe.ne.jp,Male,$881354.06,89463106,PP
88,Sonnie,Burcombe,sburcombe2f@marriott.com,Female,$321982.87,1044476799,IT
89,Zackariah,Shaw,zshaw2g@eventbrite.com,Male,$666472.32,517146727,IT
90,Gabi,Doubleday,gdoubleday2h@cdc.gov,Female,$260367.42,625101077,CC
91,Rosette,Aylmer,raylmer2i@pen.io,Female,$234932.72,1034805657,PP
92,Josefa,Bedle,jbedle2j@chron.com,Female,$917089.67,854634159,CC
93,Demetris,Barehead,dbarehead2k@surveymonkey.com,Female,$896210.71,43955522,CC
94,Archy,Langlands,alanglands2l@nydailynews.com,Male,$203274.09,711076117,PP
95,Janella,Burnage,jburnage2m@google.ca,Female,$998689.25,527962221,IT
96,Karney,Baglan,kbaglan2n@lycos.com,Male,$488150.81,838345152,PP
97,Loleta,Lefever,llefever2o@cloudflare.com,Female,$751058.73,430631493,CC
98,Barbee,Brusin,bbrusin2p@google.com.au,Female,$151817.80,840440250,IT
99,Tally,Solleme,tsolleme2q@bandcamp.com,Male,$782277.28,881428666,IT
100,Brad,Cowill,bcowill2r@cyberchimps.com,Male,$273246.02,117271341,CC
101,Gabi,Shulver,gshulver2s@google.pl,Male,$888399.10,877762392,PP
102,Timothy,Filyaev,tfilyaev2t@shinystat.com,Male,$191109.01,812390544,PP
103,Gannie,Aleevy,galeevy2u@wix.com,Male,$357672.70,1023857530,IT
104,El,Garrie,egarrie2v@jalbum.net,Male,$490319.38,907069700,IT
105,Phillis,Wethey,pwethey2w@reuters.com,Female,$803104.88,138853145,PP
106,Fax,Gouge,fgouge2x@tripod.com,Male,$852298.85,30556103,IT
107,Rhody,Lerwill,rlerwill2y@cnet.com,Female,$742448.96,84763620,CC
108,Thalia,Chinnock,tchinnock2z@bloglines.com,Female,$264617.50,99471483,CC
109,Benedick,Saker,bsaker30@indiegogo.com,Male,$140385.36,163813871,IT
110,Garrott,Klimentyev,gklimentyev31@free.fr,Male,$656703.12,282644146,PP
111,Juliette,Brendeke,jbrendeke32@sphinn.com,Female,$692385.60,908143851,CC
112,Torry,Woof,twoof33@geocities.jp,Male,$430288.76,124674422,IT
113,Sam,Sacase,ssacase34@tinypic.com,Male,$361131.22,335686029,PP
114,Ezra,Janku,ejanku35@rambler.ru,Male,$694001.59,994876983,PP
115,Raquel,Daniell,rdaniell36@kickstarter.com,Female,$935809.83,586015982,PP
116,Clarine,Cawdery,ccawdery37@dot.gov,Female,$822023.40,217431677,IT
117,Jeremias,Crighton,jcrighton38@abc.net.au,Male,$596081.09,750908179,CC
118,Bethina,Collyer,bcollyer39@miibeian.gov.cn,Female,$489074.82,680842585,PP
119,Fransisco,Jeyness,fjeyness3a@nasa.gov,Male,$130028.39,698663223,CC
120,Vladamir,Corryer,vcorryer3b@mysql.com,Male,$133482.80,976118186,CC
121,Ondrea,Hegden,ohegden3c@wikipedia.org,Female,$502782.74,268719788,CC
122,Krystyna,Morena,kmorena3d@telegraph.co.uk,Female,$266106.47,688624581,CC
123,Faun,Ivanin,fivanin3e@github.com,Female,$167494.33,176760945,PP
124,Xenos,Dinkin,xdinkin3f@google.fr,Male,$532909.56,80423990,IT
125,Aggi,Ivasechko,aivasechko3g@paypal.com,Female,$633987.52,29320175,PP
126,Lay,Gellett,lgellett3h@newsvine.com,Male,$317491.98,337006269,CC
127,Kimberlyn,Catterall,kcatterall3i@seattletimes.com,Female,$645539.01,869436091,CC
128,Terrence,Davall,tdavall3j@skyrock.com,Male,$520490.17,489684239,CC
129,Gayler,Cotillard,gcotillard3k@telegraph.co.uk,Male,$912714.78,829833043,PP
130,Jilly,Judgkins,jjudgkins3l@creativecommons.org,Female,$279005.96,99909716,CC
131,Leonidas,Bisley,lbisley3m@ebay.co.uk,Male,$629833.12,217414595,CC
132,Chico,Askew,caskew3n@seattletimes.com,Male,$914301.70,546451921,IT
133,Bald,Tarbet,btarbet3o@jigsy.com,Male,$138383.77,174608368,PP
134,Stanly,Ridger,sridger3p@trellian.com,Male,$644398.63,801716572,CC
135,Muriel,Dillingham,mdillingham3q@amazon.co.jp,Female,$454832.79,995071352,CC
136,Tracy,Mikalski,tmikalski3r@illinois.edu,Male,$727629.51,790194137,CC
137,Zacherie,Robillart,zrobillart3s@eepurl.com,Male,$302116.77,570883790,IT
138,Idaline,Oakman,ioakman3t@bloglovin.com,Female,$380927.47,198479316,CC
139,Mack,Gibbett,mgibbett3u@bizjournals.com,Male,$416600.27,932666733,CC
140,Domini,Poll,dpoll3v@twitter.com,Female,$821432.39,161702581,PP
141,Jodi,Dragon,jdragon3w@aboutads.info,Male,$812271.93,592685696,PP
142,Georgeanne,Kilgallen,gkilgallen3x@imgur.com,Female,$324401.09,718376559,PP
143,Merrill,Rendell,mrendell3y@ifeng.com,Female,$462644.29,66675379,PP
144,Maxine,Adaway,madaway3z@moonfruit.com,Female,$878854.16,474608941,CC
145,Chrotoem,Magenny,cmagenny40@bbb.org,Male,$675375.20,685426556,PP
146,Finley,Clementucci,fclementucci41@businessinsider.com,Male,$470048.48,91187765,CC
147,Melisenda,MacRannell,mmacrannell42@wisc.edu,Female,$526997.92,106430359,PP
148,Ettore,McMenamy,emcmenamy43@mapquest.com,Male,$273958.63,608024636,PP
149,Abram,Kinker,akinker44@imdb.com,Male,$302848.59,108624547,PP
150,Rodrigo,Grinval,rgrinval45@reuters.com,Male,$722983.41,255441977,PP
151,Nickolas,Tilby,ntilby46@indiegogo.com,Male,$521849.92,157751622,PP
152,Georgette,Geake,ggeake47@webs.com,Female,$848434.35,529821403,IT
153,Brenden,Beat,bbeat48@umn.edu,Male,$929068.27,58128999,PP
154,Anni,Fairn,afairn49@auda.org.au,Female,$148815.84,855990554,IT
155,Barnard,Townrow,btownrow4a@a8.net,Male,$991729.98,745652767,CC
156,Mignonne,Kelemen,mkelemen4b@reference.com,Female,$433761.05,875453107,CC
157,Marnia,Allin,mallin4c@dell.com,Female,$252953.19,800278727,IT
158,Arlan,McClinton,amcclinton4d@businessweek.com,Male,$543598.11,385252458,CC
159,Jermain,Cantu,jcantu4e@hugedomains.com,Male,$505935.40,957776059,PP
160,Mel,Huburn,mhuburn4f@last.fm,Female,$625239.03,977001167,CC
161,Grazia,Whild,gwhild4g@samsung.com,Female,$756002.02,266469888,PP
162,Leslie,Joinsey,ljoinsey4h@simplemachines.org,Male,$845870.52,757137797,PP
163,Arte,Mucci,amucci4i@studiopress.com,Male,$811638.76,682042174,IT
164,Ranice,Twinbrow,rtwinbrow4j@studiopress.com,Female,$239442.20,666166697,IT
165,Deanna,Emmanuel,demmanuel4k@berkeley.edu,Female,$196050.65,506209163,CC
166,Sigrid,Warbey,swarbey4l@msu.edu,Female,$314364.85,819098528,CC
167,Grover,Hayesman,ghayesman4m@phoca.cz,Male,$475861.86,1038998650,PP
168,Benton,Ingley,bingley4n@i2i.jp,Male,$722139.58,699416670,IT
169,Hyacinthia,Corcoran,hcorcoran4o@lulu.com,Female,$816830.80,189071025,PP
170,Chick,Gimson,cgimson4p@google.com.au,Male,$239214.09,450799863,IT
171,Travers,Boxhall,tboxhall4q@dion.ne.jp,Male,$180446.14,649109693,IT
172,Luce,Blaver,lblaver4r@blogger.com,Male,$445024.93,1009135680,IT
173,Konstance,Kilkenny,kkilkenny4s@nasa.gov,Female,$680318.25,536498382,PP
174,Anett,Waplinton,awaplinton4t@infoseek.co.jp,Female,$202386.65,660130449,IT
175,Teirtza,Keningham,tkeningham4u@irs.gov,Female,$662904.41,751957922,CC
176,Kilian,Regan,kregan4v@vkontakte.ru,Male,$216054.90,152313628,PP
177,Merle,Glossup,mglossup4w@berkeley.edu,Female,$264732.53,871913222,IT
178,Kerby,Ohlsen,kohlsen4x@accuweather.com,Male,$541424.57,628014029,IT
179,Jeddy,Gundrey,jgundrey4y@nba.com,Male,$195870.43,107727358,PP
180,Clemence,Cleverly,ccleverly4z@soundcloud.com,Female,$165647.64,554381235,PP
181,Erik,Grimsdell,egrimsdell50@sciencedaily.com,Male,$906761.31,994515111,IT
182,Archambault,Jirsa,ajirsa51@trellian.com,Male,$115440.57,414205211,IT
183,Ilse,Bonifant,ibonifant52@sciencedaily.com,Female,$868318.70,941157960,CC
184,Bertram,Morman,bmorman53@wired.com,Male,$402285.90,579728691,CC
185,Sherwynd,Bentley,sbentley54@scientificamerican.com,Male,$645143.22,955912462,CC
186,Ailsun,Bloan,abloan55@craigslist.org,Female,$812690.15,989304037,IT
187,Milka,Ramsier,mramsier56@oakley.com,Female,$871518.47,121412872,IT
188,Turner,Bisson,tbisson57@wufoo.com,Male,$524556.11,727866449,IT
189,Tabby,Pettersen,tpettersen58@facebook.com,Male,$441852.14,165458392,IT
190,Joe,Aggas,jaggas59@weebly.com,Male,$451257.88,449752456,IT
191,Bard,Zarfat,bzarfat5a@wikimedia.org,Male,$133970.72,682968942,CC
192,Killy,Battyll,kbattyll5b@tinypic.com,Male,$887417.93,965088350,PP
193,Matthus,Ratley,mratley5c@yahoo.com,Male,$963620.40,407863312,CC
194,Karoly,Oxlee,koxlee5d@arstechnica.com,Female,$429828.75,517188731,PP
195,Tomlin,Broomer,tbroomer5e@delicious.com,Male,$624082.65,339520857,PP
196,Marchelle,Illingworth,millingworth5f@mediafire.com,Female,$358956.24,869355858,PP
197,Letisha,Fandrich,lfandrich5g@gizmodo.com,Female,$148808.64,557642945,PP
198,Essie,Jobin,ejobin5h@exblog.jp,Female,$496827.19,142615147,PP
199,Damaris,Dyer,ddyer5i@mayoclinic.com,Female,$696411.74,614877029,PP
200,Catharina,Cescon,ccescon5j@bigcartel.com,Female,$378104.13,611798559,CC
201,Merrill,Heasley,mheasley5k@scribd.com,Male,$282738.25,89852715,CC
202,Orelle,Luetkemeyers,oluetkemeyers5l@plala.or.jp,Female,$129548.27,594041901,PP
203,Rickey,Risby,rrisby5m@cyberchimps.com,Male,$911703.30,150692790,PP
204,Nancy,Fawke,nfawke5n@de.vu,Female,$112929.14,889781773,CC
205,Johna,MacDaid,jmacdaid5o@walmart.com,Female,$927383.04,310911730,IT
206,Trisha,Frankum,tfrankum5p@ucoz.ru,Female,$278743.72,543284759,PP
207,Olenka,Sebright,osebright5q@noaa.gov,Female,$456416.93,635953122,IT
208,Ives,Cowlard,icowlard5r@diigo.com,Male,$827489.98,173987409,PP
209,Josephina,Hachette,jhachette5s@wunderground.com,Female,$283481.88,437747741,CC
210,Gloriana,Pagin,gpagin5t@noaa.gov,Female,$921059.69,874577752,CC
211,Neall,Isacke,nisacke5u@noaa.gov,Male,$484806.57,94763454,IT
212,Hogan,Gidman,hgidman5v@edublogs.org,Male,$140118.93,235202571,PP
213,Shannon,Knapp,sknapp5w@shinystat.com,Female,$612630.97,49260508,PP
214,Sidonnie,Garnham,sgarnham5x@simplemachines.org,Female,$644574.76,480034869,CC
215,Clayton,Weddeburn,cweddeburn5y@pen.io,Male,$389403.07,997896498,PP
216,Claiborn,Skoof,cskoof5z@nifty.com,Male,$548614.97,747534863,IT
217,Myer,Gummoe,mgummoe60@npr.org,Male,$873992.25,490641507,IT
218,Leonard,Dumingos,ldumingos61@bloomberg.com,Male,$162325.49,988765569,CC
219,Elinore,Ripley,eripley62@shutterfly.com,Female,$150688.37,625872523,PP
220,Corry,Emmins,cemmins63@wikipedia.org,Female,$206577.96,992730569,CC
221,Emmet,Stockley,estockley64@cam.ac.uk,Male,$805697.72,434534510,CC
222,Torr,Sanper,tsanper65@wisc.edu,Male,$993045.79,679393624,IT
223,Sylvia,Trobe,strobe66@livejournal.com,Female,$788026.10,386172110,CC
224,Margarita,Sizland,msizland67@cnn.com,Female,$239981.27,577938454,CC
225,Tabby,Sinnock,tsinnock68@newsvine.com,Male,$603625.60,769862378,CC
226,Myrta,Paeckmeyer,mpaeckmeyer69@columbia.edu,Female,$468694.28,289735679,PP
227,Audry,Normanville,anormanville6a@uiuc.edu,Female,$226357.82,802259039,IT
228,Shellysheldon,Talby,stalby6b@altervista.org,Male,$929762.76,942115473,PP
229,Mel,Santry,msantry6c@telegraph.co.uk,Female,$693805.99,526670403,CC
230,Myrle,Luparti,mluparti6d@digg.com,Female,$788402.94,519578048,PP
231,Hube,Edmand,hedmand6e@merriam-webster.com,Male,$279401.40,403632939,IT
232,Bronson,Pack,bpack6f@marketwatch.com,Male,$273274.15,291719990,PP
233,Raleigh,Purle,rpurle6g@who.int,Male,$619592.29,554757483,IT
234,Laurent,Forri,lforri6h@bloomberg.com,Male,$983208.73,652048802,PP
235,Caterina,Kinkade,ckinkade6i@forbes.com,Female,$406771.28,364034111,CC
236,Damaris,Andreoletti,dandreoletti6j@hexun.com,Female,$598072.77,716429025,CC
237,Minta,Habben,mhabben6k@upenn.edu,Female,$464530.95,719018525,IT
238,Boyd,Tutton,btutton6l@skyrock.com,Male,$211801.22,183528474,PP
239,Cahra,Grinyov,cgrinyov6m@flickr.com,Female,$426761.44,426281413,CC
240,Dane,Van Der Weedenburg,dvanderweedenburg6n@ca.gov,Male,$452914.29,327880514,CC
241,Mathian,Wickie,mwickie6o@fda.gov,Male,$497605.33,755723793,CC
242,Hayes,Roderigo,hroderigo6p@baidu.com,Male,$655331.61,775335785,CC
243,Pincus,Ninnotti,pninnotti6q@latimes.com,Male,$157692.89,297357688,PP
244,Caria,Kelly,ckelly6r@aboutads.info,Female,$836502.48,507506407,CC
245,Dagny,Rimmington,drimmington6s@netlog.com,Male,$394116.38,711814186,IT
246,Haily,Krolman,hkrolman6t@paypal.com,Male,$985040.69,768469721,PP
247,Selle,Cordery,scordery6u@hao123.com,Female,$698161.08,88904748,CC
248,Dwayne,Baxandall,dbaxandall6v@accuweather.com,Male,$401753.29,605965518,CC
249,Eliot,Youthead,eyouthead6w@behance.net,Male,$598523.53,532042944,IT
250,Tildie,Kay,tkay6x@csmonitor.com,Female,$260674.41,337420943,CC
251,Kelby,Rupp,krupp6y@usnews.com,Male,$522946.74,663358160,IT
252,Dickie,Grzegorczyk,dgrzegorczyk6z@gov.uk,Male,$515817.24,491796902,IT
253,Pru,Rosel,prosel70@ft.com,Female,$355734.78,565911053,PP
254,Alphard,Bentick,abentick71@youku.com,Male,$192387.21,247776705,CC
255,Burg,Bayston,bbayston72@hp.com,Male,$280981.62,301819375,IT
256,Timi,Trenholme,ttrenholme73@ameblo.jp,Female,$537108.54,786910080,IT
257,Jakob,Vickarman,jvickarman74@cafepress.com,Male,$604625.60,593371390,PP
258,Gabriel,Cordoba,gcordoba75@epa.gov,Male,$895650.01,849172170,PP
259,Kip,Lacy,klacy76@privacy.gov.au,Female,$168539.96,855461981,IT
260,Penny,Lown,plown77@yelp.com,Male,$645462.77,747280464,CC
261,Ewen,Aggs,eaggs78@telegraph.co.uk,Male,$672193.73,617564179,CC
262,Adler,Beards,abeards79@goo.ne.jp,Male,$680459.84,514969592,PP
263,Kimbell,McKag,kmckag7a@yelp.com,Male,$971697.85,650423922,PP
264,Alexis,Rickhuss,arickhuss7b@prlog.org,Female,$843998.93,860789788,IT
265,Anni,Plumm,aplumm7c@com.com,Female,$383330.98,467381805,CC
266,Mohammed,Shaddock,mshaddock7d@seesaa.net,Male,$910696.62,227101632,CC
267,Fan,Chambers,fchambers7e@pagesperso-orange.fr,Female,$667611.95,108754671,PP
268,Aggie,Smout,asmout7f@tamu.edu,Female,$800227.00,71740230,CC
269,Chantal,Caldeyroux,ccaldeyroux7g@usgs.gov,Female,$414565.20,639367771,IT
270,Cass,Chapier,cchapier7h@kickstarter.com,Male,$232085.73,875488390,CC
271,Gabey,Tudhope,gtudhope7i@sun.com,Female,$959850.18,890543292,PP
272,Melli,Tale,mtale7j@fema.gov,Female,$998111.73,932774374,IT
273,Bran,Windridge,bwindridge7k@4shared.com,Male,$348494.40,95660636,CC
274,Hillel,Conwell,hconwell7l@wp.com,Male,$232072.87,132115220,CC
275,Jarrod,Cirlos,jcirlos7m@miibeian.gov.cn,Male,$950327.05,134609129,CC
276,Kearney,Fooks,kfooks7n@hostgator.com,Male,$987792.95,52188005,IT
277,Courtney,Schimpke,cschimpke7o@google.co.uk,Female,$774539.92,446927234,IT
278,Aliza,Jiroutek,ajiroutek7p@washington.edu,Female,$741635.42,319181755,CC
279,Roarke,MacCarter,rmaccarter7q@icq.com,Male,$260100.21,486941729,CC
280,Celie,Nudd,cnudd7r@ustream.tv,Female,$662889.89,445017319,IT
281,Bud,Folks,bfolks7s@newsvine.com,Male,$919301.68,680466254,PP
282,Francisca,Meijer,fmeijer7t@odnoklassniki.ru,Female,$793693.64,901018897,IT
283,Conn,Haggeth,chaggeth7u@cam.ac.uk,Male,$855257.62,311782021,CC
284,Mordecai,Dutt,mdutt7v@bbc.co.uk,Male,$816186.26,783569720,CC
285,Brocky,Gogan,bgogan7w@springer.com,Male,$128586.95,274931272,CC
286,Husain,Sibley,hsibley7x@nifty.com,Male,$326656.91,56680880,CC
287,Delphinia,Sahlstrom,dsahlstrom7y@edublogs.org,Female,$803059.64,829474085,CC
288,Armando,Passo,apasso7z@fc2.com,Male,$611394.80,426899538,CC
289,Noami,Baelde,nbaelde80@blogspot.com,Female,$385940.70,480078601,IT
290,Bentley,Maginn,bmaginn81@dot.gov,Male,$586951.24,318056501,IT
291,Edyth,Crosio,ecrosio82@dmoz.org,Female,$457539.58,545871665,PP
292,Gail,Simister,gsimister83@wufoo.com,Male,$951881.34,422811164,CC
293,Vanda,Dowdney,vdowdney84@wunderground.com,Female,$791088.31,633471726,CC
294,Corinne,Ranyard,cranyard85@amazonaws.com,Female,$206876.83,531525750,CC
295,Boote,Caney,bcaney86@tinypic.com,Male,$334171.15,624976294,CC
296,Winnie,Blagdon,wblagdon87@barnesandnoble.com,Male,$111858.33,453065188,IT
297,Vidovic,Liepins,vliepins88@webmd.com,Male,$851175.42,815721770,IT
298,Saunderson,Mewrcik,smewrcik89@wikimedia.org,Male,$756385.59,289462575,CC
299,Clarissa,Kibbye,ckibbye8a@ovh.net,Female,$964412.35,231012237,CC
300,Jon,Sanz,jsanz8b@princeton.edu,Male,$944879.01,560712776,CC
301,Thedrick,Howsden,thowsden8c@vimeo.com,Male,$469219.15,733957294,PP
302,Myrlene,Rames,mrames8d@europa.eu,Female,$745250.34,296688774,PP
303,Gianni,Mendes,gmendes8e@ask.com,Male,$573356.69,114974265,CC
304,Alexandr,Huett,ahuett8f@ox.ac.uk,Male,$935768.74,452713255,PP
305,Osborne,Haddington,ohaddington8g@toplist.cz,Male,$118858.22,890979416,IT
306,Jacenta,Labrenz,jlabrenz8h@businesswire.com,Female,$582405.84,840713309,IT
307,Terry,Clemes,tclemes8i@friendfeed.com,Male,$964432.55,288542700,PP
308,Bevon,Spadeck,bspadeck8j@blog.com,Male,$148552.14,76006273,IT
309,Dex,Elie,delie8k@1688.com,Male,$530668.08,583685978,CC
310,Rowland,Brill,rbrill8l@behance.net,Male,$916009.65,956856090,IT
311,Erich,Coates,ecoates8m@networksolutions.com,Male,$969649.58,869033728,IT
312,Uriah,Minshaw,uminshaw8n@bravesites.com,Male,$413465.89,321696901,CC
313,Corri,Howie,chowie8o@creativecommons.org,Female,$666169.56,427925442,IT
314,Randa,Allnatt,rallnatt8p@shop-pro.jp,Female,$984468.31,403443506,CC
315,Abbi,Gomar,agomar8q@elegantthemes.com,Female,$530245.58,128737972,CC
316,Deeyn,Officer,dofficer8r@ox.ac.uk,Female,$163054.39,562797219,IT
317,Baillie,MacFaul,bmacfaul8s@merriam-webster.com,Male,$457795.00,888708541,IT
318,Brady,Edgeler,bedgeler8t@mtv.com,Male,$478018.48,674503526,IT
319,Jane,Elsey,jelsey8u@mozilla.com,Female,$648866.74,860312776,IT
320,Bary,MacPhaden,bmacphaden8v@zimbio.com,Male,$946684.35,389208547,CC
321,Pyotr,Dibling,pdibling8w@dailymail.co.uk,Male,$264888.12,984654025,CC
322,Berthe,Harefoot,bharefoot8x@homestead.com,Female,$368221.10,313915155,CC
323,Kimmy,Castanie,kcastanie8y@zdnet.com,Female,$215169.44,783794861,PP
324,Simeon,Voisey,svoisey8z@pagesperso-orange.fr,Male,$181215.79,45500394,CC
325,Legra,Baudou,lbaudou90@nasa.gov,Female,$649619.80,935286142,IT
326,Brook,Boydon,bboydon91@harvard.edu,Male,$104007.05,280856987,CC
327,Judy,Teare,jteare92@google.com.hk,Female,$131362.08,282502407,CC
328,Nathanil,Berrow,nberrow93@google.it,Male,$213879.92,156168601,CC
329,Baxy,Dulton,bdulton94@rediff.com,Male,$848651.00,613667720,CC
330,Timmi,Humbie,thumbie95@upenn.edu,Female,$167963.24,354529873,CC
331,Rubin,Livett,rlivett96@bravesites.com,Male,$953624.67,631753807,CC
332,Merna,Matzkaitis,mmatzkaitis97@scientificamerican.com,Female,$254538.02,860536979,IT
333,Gerard,Vsanelli,gvsanelli98@cisco.com,Male,$499439.18,562823775,CC
334,Lorens,Coke,lcoke99@networksolutions.com,Male,$222982.84,455569574,PP
335,Davis,Steanson,dsteanson9a@berkeley.edu,Male,$656950.58,6731892,PP
336,August,Haughey,ahaughey9b@sciencedaily.com,Male,$951710.69,428453406,PP
337,Natassia,Duxbarry,nduxbarry9c@digg.com,Female,$530126.79,443255666,CC
338,Katheryn,Gillebert,kgillebert9d@meetup.com,Female,$220648.24,823345943,IT
339,Jim,Ventom,jventom9e@google.fr,Male,$868919.98,351433814,IT
340,Hamnet,Abbes,habbes9f@cnn.com,Male,$156698.70,689862309,CC
341,Felisha,Basler,fbasler9g@craigslist.org,Female,$780568.14,792222549,CC
342,Flemming,Rowesby,frowesby9h@shop-pro.jp,Male,$856814.96,761129223,IT
343,Edmon,Christopherson,echristopherson9i@plala.or.jp,Male,$589739.68,413123365,IT
344,Bing,Diamond,bdiamond9j@home.pl,Male,$197192.69,820584043,PP
345,Keen,Rootes,krootes9k@blogs.com,Male,$601110.57,787154639,PP
346,Phedra,Grigson,pgrigson9l@smh.com.au,Female,$308417.50,851755913,IT
347,Liam,Eddie,leddie9m@etsy.com,Male,$800455.68,210939693,IT
348,Cooper,Blamire,cblamire9n@eventbrite.com,Male,$377497.82,1006467847,CC
349,Scot,Maber,smaber9o@sfgate.com,Male,$735020.42,635975163,IT
350,Caldwell,Gibberd,cgibberd9p@webs.com,Male,$359028.55,727615056,PP
351,Rina,Budibent,rbudibent9q@mail.ru,Female,$706112.71,255295247,PP
352,Vasilis,Huntar,vhuntar9r@rakuten.co.jp,Male,$799411.69,617303509,CC
353,Lucita,Pipet,lpipet9s@samsung.com,Female,$509874.30,141743624,CC
354,Ewen,Jeenes,ejeenes9t@biblegateway.com,Male,$360144.32,159525699,PP
355,Jeffrey,Ledgister,jledgister9u@technorati.com,Male,$848150.04,815817578,PP
356,Estevan,Brennen,ebrennen9v@mozilla.com,Male,$794655.98,166958165,PP
357,Elihu,Alker,ealker9w@gravatar.com,Male,$172510.17,894545359,IT
358,Felix,Jelfs,fjelfs9x@51.la,Male,$475478.14,119788659,PP
359,Kristen,Kimmons,kkimmons9y@boston.com,Female,$450275.27,559296309,CC
360,Carolynn,Fitch,cfitch9z@ftc.gov,Female,$362637.68,667650106,CC
361,Pauline,Benoist,pbenoista0@cam.ac.uk,Female,$234684.05,597484019,PP
362,Walliw,Filtness,wfiltnessa1@blogs.com,Female,$216299.05,524266308,PP
363,Dario,Prudham,dprudhama2@usda.gov,Male,$456816.03,504378279,PP
364,Alex,Bickerstaffe,abickerstaffea3@plala.or.jp,Male,$796715.03,931558964,CC
365,Belinda,Reddlesden,breddlesdena4@tripadvisor.com,Female,$599038.18,1020735198,CC
366,Easter,Tennison,etennisona5@so-net.ne.jp,Female,$693362.39,174254930,CC
367,Griffie,Carrol,gcarrola6@house.gov,Male,$708647.54,712888512,PP
368,Melony,Rickert,mrickerta7@prweb.com,Female,$249702.26,613320923,PP
369,Pierrette,Careswell,pcareswella8@weebly.com,Female,$369573.01,242589576,PP
370,Mab,Risbrough,mrisbrougha9@gmpg.org,Female,$443575.45,374954882,IT
371,Ulrike,Bundey,ubundeyaa@cbsnews.com,Female,$943962.72,967297771,PP
372,Steve,McIlmorow,smcilmorowab@weibo.com,Male,$334833.03,393824468,PP
373,Fleurette,Nesbit,fnesbitac@loc.gov,Female,$545108.76,690955227,IT
374,Claire,Perkin,cperkinad@clickbank.net,Male,$553166.25,944557456,PP
375,Erick,Highnam,ehighnamae@phoca.cz,Male,$988276.34,746136981,IT
376,Violette,Preuvost,vpreuvostaf@ehow.com,Female,$325698.09,1032729920,CC
377,Bea,Gasgarth,bgasgarthag@bizjournals.com,Female,$985343.44,799423670,PP
378,Amabelle,Brisard,abrisardah@geocities.com,Female,$632606.95,720149572,CC
379,Jude,Kuller,jkullerai@opera.com,Male,$570547.25,9557762,CC
380,Roderich,Norquoy,rnorquoyaj@jalbum.net,Male,$508765.06,212480158,CC
381,Dianemarie,Cassy,dcassyak@mapquest.com,Female,$472802.83,944024240,CC
382,Jeanna,Marcinkowski,jmarcinkowskial@goo.ne.jp,Female,$129021.67,566014222,IT
383,Lenore,Riehm,lriehmam@cbsnews.com,Female,$534266.24,589623210,CC
384,Lorne,Cristobal,lcristobalan@alibaba.com,Female,$831616.74,625706945,PP
385,Shepard,Trudgeon,strudgeonao@gmpg.org,Male,$107209.57,729089618,IT
386,Keeley,Faustin,kfaustinap@geocities.com,Female,$497168.17,80867411,CC
387,Quintana,Sapp,qsappaq@homestead.com,Female,$738292.22,260550172,IT
388,Trumaine,Thorogood,tthorogoodar@mysql.com,Male,$208421.30,804447178,IT
389,Bathsheba,Wintour,bwintouras@dropbox.com,Female,$159101.69,737828232,IT
390,Ailey,Edon,aedonat@lycos.com,Female,$575025.28,253751770,PP
391,Quintana,Mangam,qmangamau@ow.ly,Female,$424549.20,387041584,PP
392,Golda,Josham,gjoshamav@squidoo.com,Female,$190404.52,893566138,PP
393,Orelee,Emm,oemmaw@exblog.jp,Female,$850816.68,639430648,PP
394,Jillane,Chaudhry,jchaudhryax@tripod.com,Female,$179128.86,887068967,PP
395,Martyn,Manus,mmanusay@wordpress.org,Male,$554741.77,325988500,CC
396,Garvy,Inglesfield,ginglesfieldaz@nba.com,Male,$461214.62,379714352,PP
397,Milo,Cantor,mcantorb0@vinaora.com,Male,$232486.11,368457883,PP
398,Ransom,Osgerby,rosgerbyb1@angelfire.com,Male,$965000.29,891940420,IT
399,Clary,Ensley,censleyb2@drupal.org,Female,$511644.44,1025675038,IT
400,Anastasia,Giovanitti,agiovanittib3@unesco.org,Female,$513342.74,786596002,IT
401,Janaya,Wherrit,jwherritb4@ameblo.jp,Female,$613102.06,310471051,PP
402,Winifield,Baff,wbaffb5@free.fr,Male,$331252.82,47896057,IT
403,Ora,McCartney,omccartneyb6@wikimedia.org,Female,$821954.88,213279523,IT
404,Luce,Cauldfield,lcauldfieldb7@theglobeandmail.com,Male,$571689.99,801449257,CC
405,Harlin,Gingles,hginglesb8@ovh.net,Male,$386121.83,242588860,PP
406,Larina,Bustin,lbustinb9@aboutads.info,Female,$985890.97,859352550,PP
407,Wilmer,Restill,wrestillba@unesco.org,Male,$716882.08,494406975,CC
408,Larine,Blazey,lblazeybb@cmu.edu,Female,$705143.55,489751186,CC
409,Elinor,Groundwater,egroundwaterbc@reuters.com,Female,$196530.06,782574647,PP
410,Micki,Heaford,mheafordbd@list-manage.com,Female,$504879.96,340968239,IT
411,Ivette,Edney,iedneybe@army.mil,Female,$431327.97,625700239,CC
412,Wait,Basden,wbasdenbf@tamu.edu,Male,$402096.65,584674239,CC
413,Elisabeth,Goroni,egoronibg@arstechnica.com,Female,$964598.68,404756965,PP
414,Lorie,Wrefford,lwreffordbh@typepad.com,Female,$264779.81,86891583,PP
415,Kalie,Bartocci,kbartoccibi@zdnet.com,Female,$157196.27,877320842,PP
416,Hebert,Hargreaves,hhargreavesbj@imgur.com,Male,$147103.11,154967769,CC
417,Kiley,Hofler,khoflerbk@furl.net,Female,$247646.82,600813281,PP
418,Neville,Piperley,npiperleybl@ft.com,Male,$469937.28,592250247,IT
419,Dave,Cawsby,dcawsbybm@google.fr,Male,$406539.84,281626820,PP
420,Terrye,Vondrak,tvondrakbn@theatlantic.com,Female,$387430.83,229156933,IT
421,Cariotta,Treske,ctreskebo@parallels.com,Female,$656930.70,950669247,PP
422,Eddie,Tredger,etredgerbp@pagesperso-orange.fr,Male,$644022.93,294523518,CC
423,Daphna,Petri,dpetribq@imgur.com,Female,$361417.22,13686632,CC
424,Earvin,Wines,ewinesbr@comcast.net,Male,$446702.48,367204580,CC
425,Hephzibah,Heibl,hheiblbs@google.co.uk,Female,$852085.68,334588195,IT
426,Gwenora,Wattam,gwattambt@symantec.com,Female,$958298.89,290310975,PP
427,Alex,Vedeshkin,avedeshkinbu@sitemeter.com,Female,$833734.70,590156421,CC
428,Roxanne,Dykes,rdykesbv@patch.com,Female,$740549.55,36597123,CC
429,Evelina,Hardwick,ehardwickbw@ocn.ne.jp,Female,$852163.84,610020150,CC
430,Fraser,Rippon,fripponbx@epa.gov,Male,$758394.68,848369148,IT
431,Alexis,Krabbe,akrabbeby@chicagotribune.com,Female,$237556.17,952445117,CC
432,Devina,Berick,dberickbz@dailymotion.com,Female,$454567.13,557447701,IT
433,Tanny,Lyddiard,tlyddiardc0@scientificamerican.com,Male,$553234.63,763179699,IT
434,Valida,Lauchlan,vlauchlanc1@craigslist.org,Female,$518475.86,569466379,PP
435,Josi,Iannitti,jiannittic2@issuu.com,Female,$626480.52,896347045,IT
436,Arv,Wilkinson,awilkinsonc3@yellowpages.com,Male,$235008.46,744746660,PP
437,Lane,Boost,lboostc4@e-recht24.de,Male,$182106.20,556424973,CC
438,Oneida,Whelan,owhelanc5@godaddy.com,Female,$138904.26,186834832,IT
439,Case,Camplejohn,ccamplejohnc6@uol.com.br,Male,$824715.97,277080890,IT
440,Norrie,Everitt,neverittc7@mtv.com,Male,$689132.99,429638122,PP
441,Zeke,Roughsedge,zroughsedgec8@va.gov,Male,$251685.60,523938651,PP
442,Sarena,Gotter,sgotterc9@i2i.jp,Female,$374679.71,192637158,PP
443,Nicolette,Postins,npostinsca@nbcnews.com,Female,$661342.91,470084515,IT
444,Gallagher,Noen,gnoencb@shareasale.com,Male,$389560.82,841353863,PP
445,Alayne,Chedzoy,achedzoycc@github.io,Female,$546349.55,470193111,CC
446,Dorice,Coryndon,dcoryndoncd@ihg.com,Female,$269317.58,519995560,CC
447,Dawna,Bleesing,dbleesingce@yolasite.com,Female,$607900.57,61532789,PP
448,Nicolais,Pasby,npasbycf@devhub.com,Male,$437425.13,339620587,IT
449,Sampson,Dank,sdankcg@pinterest.com,Male,$385314.23,806165014,PP
450,Brietta,Beebee,bbeebeech@answers.com,Female,$951396.91,544294740,IT
451,Franzen,Asher,fasherci@friendfeed.com,Male,$442672.44,329161709,CC
452,Janith,Quiney,jquineycj@cam.ac.uk,Female,$832577.18,728151574,CC
453,Mattias,Pearcy,mpearcyck@is.gd,Male,$681527.59,960929303,PP
454,Elmira,Tytcomb,etytcombcl@cmu.edu,Female,$439429.41,8468211,CC
455,Gilbertina,Barosch,gbaroschcm@princeton.edu,Female,$544904.42,112007600,IT
456,Trent,Winteringham,twinteringhamcn@columbia.edu,Male,$792452.63,708906951,IT
457,Lindie,Merrell,lmerrellco@microsoft.com,Female,$543634.75,843081376,PP
458,Kiah,Breche,kbrechecp@amazon.co.jp,Female,$676415.14,971782652,CC
459,Desdemona,Baglin,dbaglincq@elegantthemes.com,Female,$853653.12,201710693,CC
460,Perl,Levet,plevetcr@theguardian.com,Female,$108264.49,755204900,PP
461,Stanley,MacAdam,smacadamcs@digg.com,Male,$375908.02,436158626,PP
462,Scotty,Jurczak,sjurczakct@cdbaby.com,Male,$595348.66,45703672,IT
463,Ichabod,Ayto,iaytocu@list-manage.com,Male,$306810.75,494923854,CC
464,Winnah,Schaffler,wschafflercv@trellian.com,Female,$899591.29,827677552,PP
465,Wilhelmine,Gerrietz,wgerrietzcw@imageshack.us,Female,$885768.48,673751552,CC
466,Forest,Filipczynski,ffilipczynskicx@apache.org,Male,$402687.51,753422035,IT
467,Holt,Dougary,hdougarycy@springer.com,Male,$914698.99,643751015,PP
468,Hilliard,Lawland,hlawlandcz@alexa.com,Male,$697159.39,943120883,CC
469,Putnam,Canape,pcanaped0@seesaa.net,Male,$230627.81,972182311,IT
470,Correy,Darthe,cdarthed1@jalbum.net,Male,$841595.37,891037807,PP
471,Sauveur,Banfield,sbanfieldd2@columbia.edu,Male,$340674.04,923415256,PP
472,Husein,Snasdell,hsnasdelld3@java.com,Male,$722973.31,1028656057,CC
473,Garold,Powrie,gpowried4@bravesites.com,Male,$202042.22,106150565,IT
474,Dareen,Pigny,dpignyd5@hud.gov,Female,$893140.99,887551823,PP
475,Kiley,Lammertz,klammertzd6@pbs.org,Male,$168588.08,981449512,IT
476,Dulci,Blaze,dblazed7@cloudflare.com,Female,$738803.81,392318587,IT
477,Zackariah,Wesgate,zwesgated8@nsw.gov.au,Male,$480141.17,123871577,CC
478,Joice,Duncanson,jduncansond9@nyu.edu,Female,$617734.04,964402388,IT
479,Tiffy,Fordy,tfordyda@usgs.gov,Female,$552670.75,425927560,PP
480,Cori,Tunnacliffe,ctunnacliffedb@amazon.co.jp,Female,$563366.07,878084144,PP
481,Eugen,Mercik,emercikdc@live.com,Male,$679298.89,974526165,PP
482,Cassey,Elwell,celwelldd@time.com,Female,$498462.69,173574213,IT
483,Astrix,Sommerland,asommerlandde@rediff.com,Female,$144848.10,836517169,IT
484,Lothario,Antony,lantonydf@google.cn,Male,$989361.32,512253861,IT
485,Marcus,Duckhouse,mduckhousedg@icq.com,Male,$511346.97,684348616,IT
486,Ruby,Limer,rlimerdh@networkadvertising.org,Female,$663925.31,339003499,IT
487,Michele,Le Borgne,mleborgnedi@moonfruit.com,Female,$617929.96,236889838,CC
488,Eliot,Bartholomieu,ebartholomieudj@imdb.com,Male,$510119.13,516632951,CC
489,Gottfried,Toun,gtoundk@hatena.ne.jp,Male,$244456.19,555654054,PP
490,Budd,Vasilevich,bvasilevichdl@marriott.com,Male,$204949.12,653184379,IT
491,Wallis,Kopec,wkopecdm@skyrock.com,Male,$451125.33,948354535,IT
492,Maxine,Gerardin,mgerardindn@opensource.org,Female,$141307.63,20725464,CC
493,Casey,McCall,cmccalldo@mozilla.com,Female,$322784.22,994880388,IT
494,Jervis,Heathwood,jheathwooddp@vinaora.com,Male,$187676.28,1038148939,IT
495,Miran,Smallpiece,msmallpiecedq@youtu.be,Female,$423877.90,103788720,CC
496,Joni,MacArte,jmacartedr@wordpress.com,Female,$526984.59,560084061,PP
497,Catina,Minchinton,cminchintonds@seesaa.net,Female,$132099.76,1036625108,CC
498,Keen,Thornbarrow,kthornbarrowdt@patch.com,Male,$303266.24,667886587,IT
499,Wren,Uebel,wuebeldu@over-blog.com,Female,$881427.69,66679906,CC
500,Myrtice,Boutell,mboutelldv@mozilla.com,Female,$130849.52,708784819,PP
501,Gordan,Faulconbridge,gfaulconbridgedw@ucla.edu,Male,$169836.46,122593054,PP
502,Robbert,Gilfoy,rgilfoydx@is.gd,Male,$955928.24,155080677,CC
503,Abe,Moulder,amoulderdy@chronoengine.com,Male,$518017.98,427974482,IT
504,Bale,Stede,bstededz@theatlantic.com,Male,$748887.30,708101751,IT
505,Wait,Malyon,wmalyone0@wordpress.org,Male,$662115.00,868334300,PP
506,Mathian,Jarnell,mjarnelle1@studiopress.com,Male,$992968.60,156212995,IT
507,Audy,Lennon,alennone2@joomla.org,Female,$329484.87,798939872,CC
508,Vergil,MacGinlay,vmacginlaye3@simplemachines.org,Male,$810167.45,1026728481,CC
509,Issy,Shipp,ishippe4@amazon.co.jp,Female,$608698.13,495136747,CC
510,Jill,Earey,jeareye5@nih.gov,Female,$658079.12,95673041,IT
511,Krista,Gerrels,kgerrelse6@smugmug.com,Female,$304284.59,324440240,PP
512,Marquita,Scyone,mscyonee7@com.com,Female,$305058.05,343568840,CC
513,Zondra,Kampshell,zkampshelle8@uol.com.br,Female,$997542.96,418204904,IT
514,Jamesy,Calbreath,jcalbreathe9@friendfeed.com,Male,$728732.68,353539521,CC
515,Daryn,Tames,dtamesea@telegraph.co.uk,Female,$106370.02,343300357,PP
516,Ignazio,Schumacher,ischumachereb@123-reg.co.uk,Male,$588990.19,218347654,PP
517,Fallon,Scemp,fscempec@github.io,Female,$972350.15,680207508,CC
518,Roxana,Cowen,rcowened@ibm.com,Female,$466182.80,534211064,PP
519,Nikki,Featherstonhaugh,nfeatherstonhaughee@chron.com,Male,$290098.59,105509011,IT
520,Athena,Duthy,aduthyef@mayoclinic.com,Female,$278471.13,959473527,PP
521,Berton,Hardage,bhardageeg@kickstarter.com,Male,$893049.95,141068114,IT
522,Geraldine,Sherbrooke,gsherbrookeeh@last.fm,Female,$217051.39,546679574,CC
523,Ebony,Larmet,elarmetei@tumblr.com,Female,$311229.85,924357579,PP
524,Carl,Stronough,cstronoughej@time.com,Male,$897278.58,372807146,CC
525,Rica,Philippon,rphilipponek@reference.com,Female,$917370.46,563291864,IT
526,Colby,Burnsides,cburnsidesel@tumblr.com,Male,$695485.91,759246191,PP
527,Loree,Jeremaes,ljeremaesem@cnbc.com,Female,$396468.04,716812562,CC
528,Nancey,Sibray,nsibrayen@elpais.com,Female,$794103.64,457269458,CC
529,Cammi,Klamman,cklammaneo@twitter.com,Female,$247484.71,240797493,PP
530,Marylou,Rowter,mrowterep@issuu.com,Female,$751759.24,995097023,IT
531,Rodrick,Van Der Straaten,rvanderstraateneq@lulu.com,Male,$878248.17,519104667,CC
532,Dorette,Labram,dlabramer@opera.com,Female,$445667.19,1023236936,CC
533,Tove,D'Antonio,tdantonioes@yahoo.com,Female,$582490.71,204032771,IT
534,Victoir,Boffey,vboffeyet@latimes.com,Male,$103503.22,835816756,PP
535,Dalenna,Dedden,ddeddeneu@reddit.com,Female,$737734.85,645674571,IT
536,Sim,Base,sbaseev@goo.gl,Male,$749815.45,292709258,PP
537,Franzen,Frazer,ffrazerew@multiply.com,Male,$980961.85,410290795,PP
538,Darell,Ziemke,dziemkeex@de.vu,Female,$500860.65,632520736,CC
539,Arabel,Tresise,atresiseey@time.com,Female,$231814.72,443986659,CC
540,Elliot,Baudou,ebaudouez@unicef.org,Male,$564762.78,379651204,PP
541,Raffarty,Fritchly,rfritchlyf0@skyrock.com,Male,$540349.80,472138970,CC
542,Ernestine,Cleynman,ecleynmanf1@fda.gov,Female,$116065.96,332808854,IT
543,Otis,Havesides,ohavesidesf2@digg.com,Male,$495587.52,300286306,CC
544,Arther,Kinavan,akinavanf3@google.it,Male,$677386.52,747656907,IT
545,Winnie,Basham,wbashamf4@artisteer.com,Male,$789760.03,231015622,PP
546,Imojean,Hambrick,ihambrickf5@exblog.jp,Female,$904591.15,583122643,PP
547,Kareem,Salter,ksalterf6@japanpost.jp,Male,$574958.09,736978938,CC
548,Ricki,Antonin,rantoninf7@wikispaces.com,Female,$616086.87,456814225,CC
549,Arthur,Linscott,alinscottf8@google.com.hk,Male,$542457.07,195865312,PP
550,Christy,Jandak,cjandakf9@sciencedirect.com,Male,$363267.07,664001706,CC
551,Kane,Cargo,kcargofa@psu.edu,Male,$877290.64,303624270,CC
552,Jere,Rundall,jrundallfb@opera.com,Female,$313641.51,698709669,PP
553,Maurizio,Brizell,mbrizellfc@umich.edu,Male,$420987.29,394877240,PP
554,Lek,Hawkey,lhawkeyfd@tuttocitta.it,Male,$572268.97,598728626,CC
555,Temp,Shaplin,tshaplinfe@fc2.com,Male,$247737.66,52760864,CC
556,Francklin,Mallinar,fmallinarff@yahoo.com,Male,$477492.43,156092715,PP
557,Ed,Cornelius,ecorneliusfg@newsvine.com,Male,$285539.94,120615916,IT
558,Micaela,Ranns,mrannsfh@forbes.com,Female,$152554.67,729378916,IT
559,Ashia,Duffy,aduffyfi@zdnet.com,Female,$653350.03,803573488,IT
560,Munmro,Guerrin,mguerrinfj@newsvine.com,Male,$825998.41,410010505,CC
561,Sosanna,Skivington,sskivingtonfk@stumbleupon.com,Female,$873815.03,454564415,CC
562,Edith,Cullinan,ecullinanfl@icq.com,Female,$702957.85,507582055,CC
563,Rochester,Huddle,rhuddlefm@bloglovin.com,Male,$167564.24,632842911,PP
564,Tori,Benadette,tbenadettefn@ifeng.com,Female,$954111.14,426368542,IT
565,Nevil,Vice,nvicefo@yelp.com,Male,$600629.75,183638436,IT
566,Roxanna,Rabier,rrabierfp@yahoo.co.jp,Female,$438466.15,255105580,CC
567,Hugo,Haskur,hhaskurfq@japanpost.jp,Male,$610688.90,585238960,IT
568,Irma,Runham,irunhamfr@hp.com,Female,$662433.34,922243107,CC
569,Bret,Wilgar,bwilgarfs@biblegateway.com,Male,$191015.50,1030790467,CC
570,Meredeth,Dahmel,mdahmelft@disqus.com,Male,$355152.15,1004224125,PP
571,Tabbatha,Alderwick,talderwickfu@amazon.co.uk,Female,$263383.57,884439313,CC
572,Foss,O'Brogan,fobroganfv@bravesites.com,Male,$868447.51,435710707,CC
573,Koren,Bottrell,kbottrellfw@chron.com,Female,$520286.66,1027782421,CC
574,Gabriela,Attenbrough,gattenbroughfx@cbslocal.com,Female,$195625.20,929673354,PP
575,Karna,Coath,kcoathfy@economist.com,Female,$290609.88,407739597,IT
576,Rafaello,Wixon,rwixonfz@mozilla.org,Male,$109966.03,572279112,IT
577,Reina,Ciobotaru,rciobotarug0@cdc.gov,Female,$756349.49,866244768,CC
578,Ingemar,Arden,iardeng1@soundcloud.com,Male,$685728.37,190083961,CC
579,Georgianna,Lindsell,glindsellg2@dailymail.co.uk,Female,$646480.36,856177819,IT
580,Kort,Valek,kvalekg3@xinhuanet.com,Male,$528008.73,694170151,CC
581,Finlay,Villa,fvillag4@instagram.com,Male,$913658.16,579149713,PP
582,Jaine,Moberley,jmoberleyg5@sun.com,Female,$920861.13,1026287133,CC
583,Tannie,Harbertson,tharbertsong6@blog.com,Male,$757205.13,362455174,IT
584,Max,Furlonge,mfurlongeg7@cbslocal.com,Female,$231503.32,893522832,PP
585,Adelle,Barsham,abarshamg8@ucla.edu,Female,$320828.31,873112913,CC
586,Marlie,Sapsed,msapsedg9@toplist.cz,Female,$507858.85,214481963,IT
587,Jordan,Studdeard,jstuddeardga@dmoz.org,Female,$288017.48,6457236,IT
588,Corissa,Bushill,cbushillgb@youtube.com,Female,$851578.41,924382736,IT
589,Delila,Bamsey,dbamseygc@twitter.com,Female,$291900.13,536260597,CC
590,Aldridge,Perell,aperellgd@amazon.de,Male,$418623.77,307561237,CC
591,Farly,Saffen,fsaffenge@goo.gl,Male,$999158.46,25246728,PP
592,Richart,Ballay,rballaygf@time.com,Male,$588176.00,416675812,IT
593,Faun,Grimmer,fgrimmergg@msn.com,Female,$284673.58,345563624,IT
594,Welby,Papen,wpapengh@tmall.com,Male,$214011.90,363323096,PP
595,Lulu,Maggill'Andreis,lmaggillandreisgi@dion.ne.jp,Female,$660763.64,384082895,PP
596,Terrye,Pember,tpembergj@huffingtonpost.com,Female,$765180.75,464885359,IT
597,Ario,Philbrook,aphilbrookgk@yellowbook.com,Male,$548278.78,352012932,IT
598,Ignaz,Southcombe,isouthcombegl@adobe.com,Male,$667935.56,449081235,CC
599,Margaretta,Pennrington,mpennringtongm@upenn.edu,Female,$529633.41,924804358,IT
600,Micheal,Blasgen,mblasgengn@msu.edu,Male,$158668.39,634316425,CC
601,Maria,Sute,msutego@google.co.uk,Female,$542062.58,844751261,CC
602,Jobye,Caven,jcavengp@ovh.net,Female,$273081.35,264843149,IT
603,Franciska,Pennyman,fpennymangq@cafepress.com,Female,$812561.82,246101462,CC
604,Lynde,Cawtheray,lcawtheraygr@prweb.com,Female,$369701.37,109821488,CC
605,Estella,Kief,ekiefgs@salon.com,Female,$556950.45,178105366,CC
606,Lilli,Gorthy,lgorthygt@free.fr,Female,$740889.06,958506016,CC
607,Kameko,Kibby,kkibbygu@google.nl,Female,$397542.24,356006483,IT
608,Pietra,Belloch,pbellochgv@ask.com,Female,$203130.16,720201330,PP
609,Carlen,Vinnick,cvinnickgw@ameblo.jp,Female,$875889.01,159790256,CC
610,Robb,Phythean,rphytheangx@lycos.com,Male,$211257.92,850707235,CC
611,Kendrick,Begley,kbegleygy@xrea.com,Male,$686467.43,61027935,PP
612,Lorianna,Milksop,lmilksopgz@1und1.de,Female,$244017.39,360176277,CC
613,Corliss,Hammonds,chammondsh0@ycombinator.com,Female,$193541.30,451675483,PP
614,Franky,Fawcett,ffawcetth1@cbc.ca,Male,$607882.67,115667734,CC
615,Brenn,Mateus,bmateush2@mediafire.com,Female,$832113.21,368127957,PP
616,Skippie,Jenken,sjenkenh3@japanpost.jp,Male,$506914.83,361527083,CC
617,Bealle,Capper,bcapperh4@merriam-webster.com,Male,$815323.41,756008433,CC
618,Fancie,Hopewell,fhopewellh5@skyrock.com,Female,$449564.40,626605907,PP
619,Elwyn,Gallaher,egallaherh6@prweb.com,Male,$696459.39,142393185,PP
620,Dael,Ide,dideh7@ifeng.com,Male,$703931.40,70883053,CC
621,Calla,Beswell,cbeswellh8@goo.gl,Female,$541894.52,192114843,PP
622,Sergio,Philipsohn,sphilipsohnh9@shareasale.com,Male,$480250.54,952142936,CC
623,Pauly,Llewellyn,pllewellynha@1688.com,Male,$239998.77,888863098,PP
624,Misty,Turpie,mturpiehb@telegraph.co.uk,Female,$831011.37,717463060,CC
625,Izabel,Smees,ismeeshc@ebay.co.uk,Female,$999271.29,987724384,CC
626,Albrecht,Viel,avielhd@ifeng.com,Male,$920902.39,440707424,PP
627,Bealle,Curnok,bcurnokhe@wired.com,Male,$126677.20,624203360,CC
628,Stanton,Forde,sfordehf@prweb.com,Male,$654750.10,254486543,PP
629,Shaine,Clubley,sclubleyhg@un.org,Female,$774929.79,352755892,IT
630,Simona,Schubuser,sschubuserhh@wordpress.org,Female,$512148.30,642752133,CC
631,Rivy,Embling,remblinghi@moonfruit.com,Female,$743277.07,872318279,CC
632,Clywd,Haddon,chaddonhj@mail.ru,Male,$766585.74,132954277,PP
633,Bella,Lightwing,blightwinghk@nature.com,Female,$325095.89,140713276,CC
634,Cherlyn,Jikovsky,cjikovskyhl@redcross.org,Female,$749234.08,750619323,IT
635,Kellen,Philippon,kphilipponhm@pcworld.com,Male,$728417.41,325838741,IT
636,Avrom,Dirand,adirandhn@flickr.com,Male,$917856.05,655248404,IT
637,Ynez,Vinnick,yvinnickho@delicious.com,Female,$928223.45,567500368,PP
638,Gustave,Colebourne,gcolebournehp@indiegogo.com,Male,$884218.33,227034541,CC
639,Shirl,Davley,sdavleyhq@oaic.gov.au,Female,$392768.42,81626039,PP
640,Kym,Rama,kramahr@i2i.jp,Female,$340156.21,29982685,PP
641,Dolli,Condit,dcondiths@multiply.com,Female,$843816.02,425959710,CC
642,Lizabeth,Dowdle,ldowdleht@istockphoto.com,Female,$182592.33,553015864,IT
643,Burton,Binnall,bbinnallhu@hubpages.com,Male,$876267.93,254151508,PP
644,Stirling,Harvard,sharvardhv@army.mil,Male,$306715.49,456064965,PP
645,Miltie,Giraudou,mgiraudouhw@360.cn,Male,$441238.99,126273588,PP
646,Libbey,Olliar,lolliarhx@pen.io,Female,$533564.30,993852862,CC
647,Curr,Goscomb,cgoscombhy@sogou.com,Male,$578322.46,542105529,PP
648,Noni,Jardein,njardeinhz@dailymail.co.uk,Female,$763861.98,290118135,CC
649,Vick,Shillum,vshillumi0@w3.org,Male,$498247.08,545303367,PP
650,Jaclin,Swalteridge,jswalteridgei1@salon.com,Female,$898018.95,841842025,CC
651,Dorena,Cunradi,dcunradii2@berkeley.edu,Female,$272011.01,131612540,CC
652,Innis,Belliveau,ibelliveaui3@ezinearticles.com,Male,$853983.63,180991382,CC
653,Neill,Jagger,njaggeri4@scribd.com,Male,$312286.90,231563824,PP
654,Hammad,Burdell,hburdelli5@newyorker.com,Male,$585404.83,172461567,CC
655,Gilles,Eckly,gecklyi6@dagondesign.com,Male,$739482.03,420184032,PP
656,Uri,Seeley,useeleyi7@nps.gov,Male,$714814.23,456117513,PP
657,Aaren,Kennon,akennoni8@shutterfly.com,Female,$912365.99,689397001,PP
658,Shandee,Corck,scorcki9@baidu.com,Female,$102543.46,936654709,PP
659,Onofredo,Graalmans,ograalmansia@xing.com,Male,$787371.35,358303035,PP
660,Vaughn,Tink,vtinkib@fema.gov,Male,$566954.78,446361939,CC
661,Caesar,McCall,cmccallic@elegantthemes.com,Male,$509733.75,810814482,IT
662,Becca,Winterbottom,bwinterbottomid@dyndns.org,Female,$468449.72,650389529,PP
663,Filide,Wasiel,fwasielie@flavors.me,Female,$682378.79,56112428,CC
664,Aleksandr,Bonnell,abonnellif@dailymail.co.uk,Male,$464945.54,477896026,IT
665,Lanny,Melloi,lmelloiig@mapquest.com,Male,$255491.40,267377792,CC
666,Harp,Davidovici,hdavidoviciih@ucla.edu,Male,$585495.04,43934572,PP
667,Lucia,Smurthwaite,lsmurthwaiteii@wiley.com,Female,$838689.97,297552614,IT
668,Payton,Coltart,pcoltartij@elpais.com,Male,$461104.19,52885495,IT
669,Lea,Milward,lmilwardik@istockphoto.com,Female,$857755.59,79892828,CC
670,Giralda,Iglesiaz,giglesiazil@blogtalkradio.com,Female,$450222.75,797459171,IT
671,Lyn,Rake,lrakeim@1688.com,Male,$583029.36,354607385,CC
672,Doria,Cruces,dcrucesin@ftc.gov,Female,$779859.78,809158721,CC
673,Henriette,Welman,hwelmanio@freewebs.com,Female,$404728.51,761693262,CC
674,Conrado,Petigrew,cpetigrewip@shutterfly.com,Male,$260489.82,837524417,PP
675,Maris,Salamon,msalamoniq@blogger.com,Female,$167978.45,403963548,PP
676,Man,Mayward,mmaywardir@cyberchimps.com,Male,$317469.84,989865519,IT
677,Kris,Nellen,knellenis@flavors.me,Female,$385843.99,928417880,CC
678,Patrick,Fosbraey,pfosbraeyit@de.vu,Male,$653630.40,396779365,PP
679,Antonietta,Danaher,adanaheriu@photobucket.com,Female,$112181.86,415123958,CC
680,Shellie,Gorst,sgorstiv@simplemachines.org,Female,$311875.91,922763982,CC
681,Nigel,Iacomo,niacomoiw@craigslist.org,Male,$150535.35,51999671,CC
682,Trumaine,Vasishchev,tvasishchevix@patch.com,Male,$105576.18,301687452,CC
683,Sayre,Penning,spenningiy@dell.com,Female,$956672.47,545384313,IT
684,Concettina,Mattheissen,cmattheisseniz@t.co,Female,$473679.71,99740418,PP
685,Mord,Glasner,mglasnerj0@eepurl.com,Male,$343569.13,868103035,CC
686,Teresita,Vicioso,tviciosoj1@state.tx.us,Female,$144262.74,645989011,CC
687,Carmine,Gooddie,cgooddiej2@google.co.jp,Female,$625229.74,681160725,PP
688,Adria,Paternoster,apaternosterj3@pcworld.com,Female,$138325.88,103416304,CC
689,Markus,Dillintone,mdillintonej4@disqus.com,Male,$450997.83,1028770875,CC
690,Jenn,Balme,jbalmej5@imgur.com,Female,$622613.96,734776897,PP
691,Mitzi,Terbeek,mterbeekj6@cdc.gov,Female,$103916.26,733641874,PP
692,Alyce,Berney,aberneyj7@sakura.ne.jp,Female,$578550.10,156247328,PP
693,Marti,Stollard,mstollardj8@unicef.org,Female,$331595.95,43806994,IT
694,Leonidas,Carman,lcarmanj9@jigsy.com,Male,$712352.24,373885568,CC
695,Britta,Liccardi,bliccardija@histats.com,Female,$992540.95,875423743,CC
696,Cherish,Bagnal,cbagnaljb@newyorker.com,Female,$426035.76,299407021,CC
697,Natalee,Saveall,nsavealljc@wiley.com,Female,$426170.93,287054369,PP
698,Shirley,Attenbrough,sattenbroughjd@sun.com,Female,$300577.76,172262048,PP
699,Natividad,Guyonneau,nguyonneauje@npr.org,Female,$563041.24,1045003927,PP
700,Hale,Tamburo,htamburojf@thetimes.co.uk,Male,$718756.95,423280617,IT
701,Sinclare,Gorthy,sgorthyjg@sun.com,Male,$525496.96,359727495,CC
702,Mort,Shakesbye,mshakesbyejh@shutterfly.com,Male,$637317.50,745107726,IT
703,Arlie,Constant,aconstantji@parallels.com,Female,$563903.88,1020307098,IT
704,Torrie,Gorner,tgornerjj@archive.org,Female,$893335.60,693013001,PP
705,Liam,Steggles,lstegglesjk@merriam-webster.com,Male,$871382.15,312535957,PP
706,Ladonna,Keuning,lkeuningjl@fc2.com,Female,$638244.28,470960745,PP
707,Fabiano,Gabler,fgablerjm@oracle.com,Male,$798446.46,495360686,IT
708,Dacia,Fernan,dfernanjn@opera.com,Female,$192424.47,1001525217,PP
709,Bordie,McIntee,bmcinteejo@163.com,Male,$764914.70,324331456,IT
710,Hermione,Kinchin,hkinchinjp@census.gov,Female,$444472.34,426238874,IT
711,Carolin,Jukes,cjukesjq@woothemes.com,Female,$931830.82,299591506,IT
712,Porter,Maasze,pmaaszejr@devhub.com,Male,$533377.94,244367185,IT
713,Layton,Dowse,ldowsejs@cnn.com,Male,$640132.21,824591800,CC
714,Christean,Clarae,cclaraejt@bing.com,Female,$291618.68,854127558,CC
715,Brose,Braunstein,bbraunsteinju@usa.gov,Male,$585372.41,636491165,PP
716,Petronille,O'Hoey,pohoeyjv@g.co,Female,$390999.44,362284546,IT
717,Olia,Humes,ohumesjw@goo.ne.jp,Female,$269211.87,522061848,IT
718,Tabatha,McMylor,tmcmylorjx@loc.gov,Female,$104356.01,48879422,IT
719,Malissa,Dudman,mdudmanjy@mapy.cz,Female,$692911.65,119099821,CC
720,Loise,Mooring,lmooringjz@wikimedia.org,Female,$359278.74,87985866,IT
721,Kriste,Tremeer,ktremeerk0@toplist.cz,Female,$524879.87,440947180,PP
722,Brigham,Konke,bkonkek1@tmall.com,Male,$431090.71,492797116,IT
723,Nonah,Pengelley,npengelleyk2@geocities.com,Female,$337163.32,6393129,IT
724,Salem,McQuorkell,smcquorkellk3@virginia.edu,Male,$527252.40,678109495,PP
725,Inglebert,Jahnig,ijahnigk4@gravatar.com,Male,$333475.00,156526046,IT
726,Pippa,Cubley,pcubleyk5@xinhuanet.com,Female,$603336.76,1003527912,CC
727,Cris,Haukey,chaukeyk6@microsoft.com,Female,$960326.38,232728522,PP
728,Emmie,Doughartie,edoughartiek7@unesco.org,Female,$306773.27,43796655,PP
729,Kenon,Gutcher,kgutcherk8@blog.com,Male,$925701.51,311413751,CC
730,Barnett,Kipling,bkiplingk9@booking.com,Male,$112507.37,156115611,CC
731,Dolorita,Ledgley,dledgleyka@github.com,Female,$443750.00,411024604,IT
732,Willem,Spiaggia,wspiaggiakb@hubpages.com,Male,$727673.97,55739167,PP
733,Normand,Juggins,njugginskc@zdnet.com,Male,$995294.43,881209705,IT
734,Duff,Couser,dcouserkd@adobe.com,Male,$715008.00,1024601889,IT
735,Javier,Crayden,jcraydenke@marriott.com,Male,$841632.25,35908784,IT
736,Jerald,Pougher,jpougherkf@mysql.com,Male,$250784.97,642415656,PP
737,Laverne,Hallowes,lhalloweskg@twitpic.com,Female,$237665.31,266611454,PP
738,Jasun,Mitskevich,jmitskevichkh@auda.org.au,Male,$652079.37,617609361,PP
739,Pavel,Forde,pfordeki@goodreads.com,Male,$524472.35,231269664,CC
740,Theodoric,Ashton,tashtonkj@amazon.co.jp,Male,$447896.56,596571653,PP
741,Nichol,Moir,nmoirkk@blog.com,Female,$615924.76,942027451,CC
742,Deloria,Bull,dbullkl@scribd.com,Female,$283597.78,477100052,IT
743,Sheila-kathryn,Mariaud,smariaudkm@163.com,Female,$524760.56,73832238,PP
744,Jasun,Yare,jyarekn@biblegateway.com,Male,$211310.58,587045691,CC
745,Josey,Daverin,jdaverinko@tiny.cc,Female,$936114.83,602705787,PP
746,Bil,Snepp,bsneppkp@geocities.com,Male,$416581.92,96753268,CC
747,Sherlocke,Hartright,shartrightkq@umich.edu,Male,$417474.14,253992270,CC
748,Wilma,Fitt,wfittkr@wikimedia.org,Female,$601235.19,297852632,PP
749,Lorens,Bennitt,lbennittks@wikipedia.org,Male,$322677.73,635926536,CC
750,Mabel,Hacon,mhaconkt@bluehost.com,Female,$921804.80,796882036,CC
751,Suzann,Woodrough,swoodroughku@sitemeter.com,Female,$119035.91,937509498,CC
752,Erinna,Elflain,eelflainkv@wunderground.com,Female,$254523.16,689460998,IT
753,Giselbert,Raistrick,graistrickkw@tumblr.com,Male,$280976.42,507524638,CC
754,Georgeanne,Growcott,ggrowcottkx@w3.org,Female,$926444.18,317251393,CC
755,Noach,Perche,npercheky@guardian.co.uk,Male,$360800.05,1001403667,PP
756,Weston,Adamovitch,wadamovitchkz@last.fm,Male,$996180.47,267905064,PP
757,Mata,Tremoulet,mtremouletl0@a8.net,Male,$150028.41,822372996,CC
758,Maxwell,Lygoe,mlygoel1@slate.com,Male,$568479.52,139918364,PP
759,Saunder,Downes,sdownesl2@uol.com.br,Male,$744556.06,96577739,CC
760,Leona,Hanigan,lhaniganl3@huffingtonpost.com,Female,$811177.97,14436146,CC
761,Margy,Bener,mbenerl4@ask.com,Female,$339689.05,1037040161,CC
762,Greta,Hanburry,ghanburryl5@arizona.edu,Female,$443592.21,963703834,PP
763,Eddy,McAndrew,emcandrewl6@networksolutions.com,Female,$760592.98,964736967,IT
764,Xenos,Duffy,xduffyl7@prlog.org,Male,$839274.33,598951349,IT
765,Zaccaria,MacWilliam,zmacwilliaml8@independent.co.uk,Male,$613228.59,417044042,PP
766,Madeleine,Stienham,mstienhaml9@clickbank.net,Female,$379234.51,1020605428,IT
767,Raye,Warrack,rwarrackla@google.co.jp,Female,$471631.86,504743099,IT
768,Gwendolen,Lucian,glucianlb@state.tx.us,Female,$807345.57,949591400,CC
769,Katharina,Schottli,kschottlilc@huffingtonpost.com,Female,$311852.23,234011237,IT
770,Cleavland,Scamp,cscampld@topsy.com,Male,$767231.71,1033210485,IT
771,Seth,Hailey,shaileyle@360.cn,Male,$869699.62,142834012,PP
772,Gauthier,Billam,gbillamlf@epa.gov,Male,$433858.44,411813628,IT
773,Rivalee,Phoenix,rphoenixlg@techcrunch.com,Female,$734558.27,144889017,IT
774,Ronni,Dosedale,rdosedalelh@cam.ac.uk,Female,$463372.07,683926942,CC
775,Charlotta,Malone,cmaloneli@com.com,Female,$289872.80,822720210,PP
776,Cam,Esch,ceschlj@telegraph.co.uk,Female,$278047.02,321842609,PP
777,Davina,Scotchmor,dscotchmorlk@devhub.com,Female,$112617.84,786853517,IT
778,Boy,Gonnin,bgonninll@tripadvisor.com,Male,$868457.90,380039858,IT
779,Barbabas,Greenstead,bgreensteadlm@springer.com,Male,$191991.44,325947291,IT
780,Peder,Bothwell,pbothwellln@yelp.com,Male,$931654.94,721182266,CC
781,Reinhard,MacCumeskey,rmaccumeskeylo@dailymotion.com,Male,$111940.32,945462378,PP
782,Olivero,Aiston,oaistonlp@microsoft.com,Male,$617764.90,714456032,IT
783,Giff,Bellingham,gbellinghamlq@icq.com,Male,$722610.67,245795613,IT
784,Orsola,Monckton,omoncktonlr@cbslocal.com,Female,$850904.74,712615816,IT
785,Melicent,Sharma,msharmals@netscape.com,Female,$507040.15,442459612,CC
786,Perkin,Whitecross,pwhitecrosslt@symantec.com,Male,$883614.47,96892863,CC
787,Philipa,Starmore,pstarmorelu@auda.org.au,Female,$980635.89,215420760,PP
788,Ellwood,Durtnell,edurtnelllv@reuters.com,Male,$158002.52,35852503,CC
789,Tobe,Hayer,thayerlw@cdbaby.com,Male,$180264.26,1031380010,PP
790,Dorthy,Gregr,dgregrlx@amazon.de,Female,$728930.25,402872731,CC
791,Mirabelle,Begwell,mbegwellly@so-net.ne.jp,Female,$369047.60,543919945,PP
792,Gallagher,Corsham,gcorshamlz@bandcamp.com,Male,$658127.90,27963934,IT
793,Cindie,Crufts,ccruftsm0@theatlantic.com,Female,$561887.47,829020785,PP
794,Zollie,Doy,zdoym1@slashdot.org,Male,$591349.87,890326434,CC
795,Yasmin,Paddie,ypaddiem2@prnewswire.com,Female,$392150.26,960483667,PP
796,Odilia,D'Hooghe,odhooghem3@github.com,Female,$325177.98,303646024,IT
797,Hal,Mussolini,hmussolinim4@goo.ne.jp,Male,$510387.23,558173927,IT
798,Wilfred,Tollow,wtollowm5@exblog.jp,Male,$544031.27,836223558,IT
799,Nevil,McNiff,nmcniffm6@foxnews.com,Male,$654763.53,731078846,IT
800,Phyllis,McIvor,pmcivorm7@fc2.com,Female,$663465.01,305887656,CC
801,Yorgo,De Maine,ydemainem8@nyu.edu,Male,$771179.01,363279894,CC
802,Johnette,Caldecot,jcaldecotm9@bloomberg.com,Female,$165838.93,855176190,PP
803,Allistir,Vallentine,avallentinema@hexun.com,Male,$453695.04,138629021,PP
804,Elbertina,Betterton,ebettertonmb@usnews.com,Female,$112506.77,930036699,CC
805,Moll,Abade,mabademc@posterous.com,Female,$241970.73,960615550,CC
806,Miof mela,Odeson,modesonmd@tiny.cc,Female,$958682.61,263945450,IT
807,Willa,Bruins,wbruinsme@bandcamp.com,Female,$228605.65,921196706,CC
808,Carlie,Lampart,clampartmf@goo.ne.jp,Female,$483648.85,527791016,CC
809,Pepi,Alastair,palastairmg@hexun.com,Female,$596640.74,890521561,CC
810,Krisha,Fishleigh,kfishleighmh@godaddy.com,Male,$448254.24,877559261,PP
811,Genia,Ebdin,gebdinmi@dell.com,Female,$644582.02,824619546,PP
812,Janenna,Penritt,jpenrittmj@scientificamerican.com,Female,$567618.52,12194818,IT
813,Oran,Whetnall,owhetnallmk@google.com.br,Male,$840905.65,148592576,CC
814,Guthrey,Sneesbie,gsneesbieml@devhub.com,Male,$496051.20,845744183,IT
815,Zabrina,Yurenev,zyurenevmm@washington.edu,Female,$959825.14,1040486055,PP
816,Marchelle,Gauthorpp,mgauthorppmn@joomla.org,Female,$301511.29,933556905,CC
817,Euell,MacCorkell,emaccorkellmo@ehow.com,Male,$901425.13,442616188,PP
818,Lock,Bartali,lbartalimp@seesaa.net,Male,$789478.93,750318083,IT
819,Tallulah,Bromehead,tbromeheadmq@house.gov,Female,$115788.62,69788199,IT
820,Ase,Cobbledick,acobbledickmr@mozilla.com,Male,$673421.89,310643998,CC
821,Roderich,Francais,rfrancaisms@mtv.com,Male,$623307.62,242452246,PP
822,Douglass,Melville,dmelvillemt@unblog.fr,Male,$367792.06,798982497,IT
823,Alys,Wolfers,awolfersmu@usgs.gov,Female,$152105.30,669098716,IT
824,Jonie,Hayward,jhaywardmv@unesco.org,Female,$781620.71,516296322,CC
825,Ximenez,Kalkofer,xkalkofermw@myspace.com,Male,$462844.55,233301912,IT
826,Carie,Staton,cstatonmx@vistaprint.com,Female,$998288.31,316068540,IT
827,Esta,Stockings,estockingsmy@mashable.com,Female,$172035.83,812865841,IT
828,Dasi,Fiddeman,dfiddemanmz@china.com.cn,Female,$125868.85,1011975411,CC
829,Evvy,Mangham,emanghamn0@theguardian.com,Female,$528256.02,238185197,PP
830,Sam,Prangle,spranglen1@jiathis.com,Male,$536481.38,683653603,PP
831,Lincoln,Whitworth,lwhitworthn2@bloglovin.com,Male,$632762.12,570422913,IT
832,Dar,Wein,dweinn3@cnet.com,Male,$934960.14,28588931,PP
833,Stacee,Dunderdale,sdunderdalen4@java.com,Female,$315734.97,79838411,IT
834,Aristotle,Goosnell,agoosnelln5@google.com.au,Male,$848394.40,298714145,CC
835,Nisse,McGenis,nmcgenisn6@stumbleupon.com,Female,$576138.11,289750256,IT
836,Kaia,Gosby,kgosbyn7@macromedia.com,Female,$202692.99,776578855,IT
837,Malachi,Mathiot,mmathiotn8@123-reg.co.uk,Male,$139628.47,86813561,IT
838,Candie,Kowalik,ckowalikn9@statcounter.com,Female,$399305.04,604196245,CC
839,Jareb,Morriss,jmorrissna@archive.org,Male,$659506.66,168965603,IT
840,Udale,Gerleit,ugerleitnb@issuu.com,Male,$630810.48,387427037,IT
841,Marissa,Treend,mtreendnc@ocn.ne.jp,Female,$373064.37,1012144773,PP
842,Garwood,Churchouse,gchurchousend@stumbleupon.com,Male,$522638.19,195390040,PP
843,Scott,Berrington,sberringtonne@vkontakte.ru,Male,$879363.83,646539177,IT
844,Xavier,Kalinovich,xkalinovichnf@mapquest.com,Male,$202190.59,188795326,PP
845,Calli,Morrison,cmorrisonng@vinaora.com,Female,$254101.51,674452035,PP
846,Rheba,Di Carli,rdicarlinh@freewebs.com,Female,$777964.67,156730825,CC
847,Kelcey,McDugal,kmcdugalni@bigcartel.com,Female,$307457.80,625121572,CC
848,Lonnie,Morriss,lmorrissnj@over-blog.com,Male,$890275.30,477041037,CC
849,Latrena,Gorman,lgormannk@bbb.org,Female,$176917.49,730142173,CC
850,Marquita,Satchel,msatchelnl@engadget.com,Female,$818219.93,597284879,PP
851,Tandi,Olyff,tolyffnm@comsenz.com,Female,$154533.02,611372011,CC
852,Craggy,Edger,cedgernn@networkadvertising.org,Male,$832543.15,896789410,CC
853,Craggie,Fancett,cfancettno@nymag.com,Male,$368714.07,311636932,IT
854,Kristel,Chesney,kchesneynp@issuu.com,Female,$206494.89,42242748,CC
855,Rubetta,Warlawe,rwarlawenq@eepurl.com,Female,$843758.15,610793419,CC
856,Fredericka,Dugald,fdugaldnr@webs.com,Female,$328245.17,240182405,PP
857,Aland,Bowery,aboweryns@imgur.com,Male,$543655.31,545009373,CC
858,Ellery,Kroll,ekrollnt@umich.edu,Male,$187496.36,472840494,CC
859,Patrick,Seely,pseelynu@netlog.com,Male,$328962.25,428232179,PP
860,Douglas,Grube,dgrubenv@mapy.cz,Male,$394892.11,177889886,CC
861,Koren,Lody,klodynw@blogtalkradio.com,Female,$841314.35,743079909,PP
862,Florella,Borborough,fborboroughnx@wikispaces.com,Female,$227263.45,695857963,IT
863,Ronica,Kinnin,rkinninny@skype.com,Female,$841722.37,268729775,PP
864,Catriona,Rampage,crampagenz@illinois.edu,Female,$208796.02,399234729,PP
865,Calhoun,Mansbridge,cmansbridgeo0@europa.eu,Male,$867027.63,336497724,IT
866,Shayla,Reyner,sreynero1@lycos.com,Female,$465666.35,634093580,CC
867,Lynnett,Compson,lcompsono2@abc.net.au,Female,$675507.02,477163993,CC
868,Vikky,Riveles,vriveleso3@disqus.com,Female,$299875.86,416079263,IT
869,Moishe,Westmancoat,mwestmancoato4@imdb.com,Male,$226790.50,830415148,PP
870,Marcello,Amerighi,mamerighio5@twitpic.com,Male,$463201.60,558682724,PP
871,Georgine,Papis,gpapiso6@si.edu,Female,$862061.27,446479811,IT
872,Bernhard,Bosche,bboscheo7@patch.com,Male,$508090.19,777335057,CC
873,Alfie,Cardus,acarduso8@imdb.com,Male,$869835.42,429856052,PP
874,Darby,Byars,dbyarso9@go.com,Male,$511293.69,321852356,CC
875,Burton,Whorlton,bwhorltonoa@com.com,Male,$994447.65,819350443,CC
876,Demeter,Awty,dawtyob@addtoany.com,Female,$138639.29,999180881,PP
877,Dannie,Liddiard,dliddiardoc@bandcamp.com,Male,$306306.99,238355663,IT
878,Arney,Bench,abenchod@sourceforge.net,Male,$419439.74,836869228,CC
879,Elene,Ravel,eraveloe@chicagotribune.com,Female,$390768.34,271549436,IT
880,Gypsy,Gibling,ggiblingof@harvard.edu,Female,$943439.01,853521297,PP
881,Tommie,Edlington,tedlingtonog@wp.com,Male,$783065.11,831797629,IT
882,Cherry,Tabord,ctabordoh@jugem.jp,Female,$815153.88,185112353,PP
883,Earl,Tamplin,etamplinoi@myspace.com,Male,$576552.76,285049030,PP
884,Earlie,Hardistry,ehardistryoj@webeden.co.uk,Male,$198207.43,311266690,PP
885,Kameko,Lourenco,klourencook@linkedin.com,Female,$915703.59,460633707,CC
886,Amie,Fontelles,afontellesol@yelp.com,Female,$638856.16,622172262,CC
887,Simon,Laurentin,slaurentinom@ox.ac.uk,Male,$420633.07,866581798,CC
888,Annmarie,Bea,abeaon@163.com,Female,$565974.49,669412431,IT
889,Massimiliano,Skrzynski,mskrzynskioo@dion.ne.jp,Male,$289555.05,303474314,CC
890,Lonnie,De Filippis,ldefilippisop@gravatar.com,Male,$985721.56,863255933,PP
891,Jermain,Watts,jwattsoq@mayoclinic.com,Male,$492720.79,1038415905,IT
892,Demetria,Oldford,doldfordor@apache.org,Female,$715255.26,863592493,PP
893,Bailie,Afield,bafieldos@salon.com,Male,$618579.46,359338313,PP
894,Tracee,MacMaykin,tmacmaykinot@smugmug.com,Female,$842247.33,880155077,CC
895,Maura,Sisnett,msisnettou@blogs.com,Female,$209901.42,530864292,IT
896,Zeke,Vonderdell,zvonderdellov@squidoo.com,Male,$185762.56,783426575,PP
897,Sibilla,Parcall,sparcallow@psu.edu,Female,$363130.55,300405221,IT
898,Niall,Stallibrass,nstallibrassox@bizjournals.com,Male,$856605.59,725981540,PP
899,Daniele,Tidmas,dtidmasoy@diigo.com,Female,$401551.39,527544166,PP
900,Ulrikaumeko,Navein,unaveinoz@google.it,Female,$495473.36,973948990,CC
901,Micheal,Bisiker,mbisikerp0@geocities.com,Male,$564622.00,618544752,IT
902,Maritsa,Arguile,marguilep1@seesaa.net,Female,$475754.26,787399092,CC
903,Nap,Bussen,nbussenp2@t-online.de,Male,$781080.73,657819099,PP
904,Cristionna,Titterell,ctitterellp3@fotki.com,Female,$401851.30,895310138,IT
905,Somerset,Wellwood,swellwoodp4@php.net,Male,$632047.60,729465608,PP
906,Starla,Orrah,sorrahp5@ow.ly,Female,$740650.26,456759302,IT
907,Drusy,Humfrey,dhumfreyp6@cbsnews.com,Female,$486961.66,566674681,CC
908,Gloriane,Mc Trusty,gmctrustyp7@marriott.com,Female,$670007.57,909269267,PP
909,Zena,Pieters,zpietersp8@illinois.edu,Female,$278816.63,1023734591,PP
910,Valdemar,Hawkes,vhawkesp9@youku.com,Male,$942079.71,288025638,PP
911,Ange,Feltoe,afeltoepa@deliciousdays.com,Female,$122350.84,95540549,PP
912,Virginia,Radbone,vradbonepb@ezinearticles.com,Female,$896096.45,1028636495,PP
913,Bram,Claige,bclaigepc@google.nl,Male,$806176.44,30451715,IT
914,Gian,Hasely,ghaselypd@surveymonkey.com,Male,$766360.02,31013088,CC
915,Yuri,Leaney,yleaneype@storify.com,Male,$412328.18,700226479,IT
916,Zollie,Wigley,zwigleypf@topsy.com,Male,$344791.74,986402227,PP
917,Kaylyn,Bendall,kbendallpg@skyrock.com,Female,$604884.27,29892317,IT
918,Robin,Diprose,rdiproseph@fema.gov,Female,$280483.51,115492189,IT
919,Aloysius,Husbands,ahusbandspi@latimes.com,Male,$733201.66,351282303,PP
920,Brandie,Sines,bsinespj@newsvine.com,Female,$340101.05,10986445,PP
921,Tessi,Allabush,tallabushpk@irs.gov,Female,$231725.09,555834696,CC
922,Melinde,Raitt,mraittpl@blinklist.com,Female,$678480.09,610464242,IT
923,Zak,Pedrol,zpedrolpm@arizona.edu,Male,$290799.19,881010957,IT
924,Ardisj,MacMenemy,amacmenemypn@deliciousdays.com,Female,$849203.72,764540709,IT
925,Gerti,Kidman,gkidmanpo@biglobe.ne.jp,Female,$912888.70,306978735,PP
926,Maiga,Emett,memettpp@facebook.com,Female,$774834.78,458976224,PP
927,Burtie,Lillecrop,blillecroppq@about.com,Male,$331168.17,842402659,IT
928,Ricki,Tweddell,rtweddellpr@patch.com,Male,$232945.85,452958548,CC
929,Kara,Janjic,kjanjicps@cdbaby.com,Female,$517771.54,109015842,IT
930,Dex,Booth-Jarvis,dboothjarvispt@fema.gov,Male,$800087.56,327685439,CC
931,Olenolin,Blondelle,oblondellepu@icio.us,Male,$693270.41,662332951,PP
932,Alva,De Mattia,ademattiapv@pbs.org,Male,$368690.57,1044070426,PP
933,Buiron,Bass,bbasspw@oracle.com,Male,$526181.83,519451778,IT
934,Melisent,Bowstead,mbowsteadpx@psu.edu,Female,$798062.43,1031810734,PP
935,Ogden,Strowther,ostrowtherpy@nasa.gov,Male,$472573.72,57407344,CC
936,Marilee,Nutbrown,mnutbrownpz@alibaba.com,Female,$146815.27,538345828,IT
937,Glori,Sapsed,gsapsedq0@addtoany.com,Female,$357106.94,10744014,IT
938,Donovan,Truesdale,dtruesdaleq1@columbia.edu,Male,$578832.54,588145379,PP
939,Alvie,Vassar,avassarq2@ucsd.edu,Male,$168017.46,223311812,CC
940,Yehudi,Fessier,yfessierq3@businessweek.com,Male,$207507.90,995290568,IT
941,Maggi,Nayshe,mnaysheq4@dagondesign.com,Female,$223492.16,309801586,CC
942,Hashim,Tabour,htabourq5@wikipedia.org,Male,$320547.37,670913722,PP
943,Rois,Gjerde,rgjerdeq6@example.com,Female,$738173.66,973837681,CC
944,Carree,Bechley,cbechleyq7@issuu.com,Female,$690350.06,448555083,IT
945,Tito,Sergeant,tsergeantq8@about.com,Male,$683090.59,792863669,IT
946,Domenico,Szymanek,dszymanekq9@walmart.com,Male,$480234.13,925788295,PP
947,Thaine,Aimable,taimableqa@tiny.cc,Male,$887530.92,603729611,PP
948,Xenia,Bentote,xbentoteqb@flavors.me,Female,$723004.06,447235880,CC
949,Caryl,Kehri,ckehriqc@infoseek.co.jp,Female,$676028.37,577522765,CC
950,Alina,Milne,amilneqd@theguardian.com,Female,$219486.04,168505623,PP
951,Shelley,Rawsthorne,srawsthorneqe@google.co.uk,Female,$263003.99,1036966467,IT
952,Arron,Dillingston,adillingstonqf@uol.com.br,Male,$950484.01,679602847,CC
953,Glen,Parlott,gparlottqg@narod.ru,Male,$229041.35,210836963,PP
954,Katharine,Bowditch,kbowditchqh@addthis.com,Female,$618627.31,772871099,PP
955,Ortensia,Paddeley,opaddeleyqi@uol.com.br,Female,$779931.25,1035189447,CC
956,Isa,Bayley,ibayleyqj@bloglines.com,Male,$542793.55,366838230,IT
957,Deva,Trussman,dtrussmanqk@freewebs.com,Female,$688743.52,831467425,CC
958,Cecily,Bryce,cbryceql@yandex.ru,Female,$581751.07,559404574,IT
959,Janifer,Burriss,jburrissqm@statcounter.com,Female,$615996.27,715693539,CC
960,Shayne,Jedrzej,sjedrzejqn@blogger.com,Female,$789808.63,401885857,CC
961,Pammy,Aggis,paggisqo@comcast.net,Female,$345848.51,915995354,CC
962,Daveta,Stovold,dstovoldqp@dyndns.org,Female,$276415.23,983352138,PP
963,Nathanial,Lorking,nlorkingqq@phpbb.com,Male,$355930.39,727248673,IT
964,Claiborn,Catton,ccattonqr@nature.com,Male,$711621.55,579301442,CC
965,Estele,Kemmons,ekemmonsqs@angelfire.com,Female,$531191.07,707870791,CC
966,Britta,Boys,bboysqt@illinois.edu,Female,$534403.56,124699669,IT
967,Carlie,Keenlayside,ckeenlaysidequ@cnn.com,Male,$231563.14,990355043,CC
968,Viki,Windeatt,vwindeattqv@redcross.org,Female,$717324.64,13517491,PP
969,Rosemaria,Daw,rdawqw@e-recht24.de,Female,$911298.41,345920009,PP
970,Natalee,Catterick,ncatterickqx@infoseek.co.jp,Female,$837573.22,698098198,CC
971,Spencer,Nalder,snalderqy@amazon.de,Male,$498083.81,823906696,CC
972,Ellen,Bradnum,ebradnumqz@gravatar.com,Female,$774942.24,284267887,CC
973,Katina,Alves,kalvesr0@over-blog.com,Female,$379326.72,27762522,CC
974,Rab,Urry,rurryr1@latimes.com,Male,$481557.87,147030448,PP
975,Arron,Boyet,aboyetr2@nature.com,Male,$618759.47,42799008,IT
976,Payton,Raoux,praouxr3@cafepress.com,Male,$576369.87,473922984,CC
977,Pattie,Flipsen,pflipsenr4@opensource.org,Male,$678509.67,786469331,CC
978,Shandee,Durning,sdurningr5@newsvine.com,Female,$770702.25,124003156,PP
979,Hadleigh,Blasdale,hblasdaler6@artisteer.com,Male,$265399.22,391539541,IT
980,Charo,Twopenny,ctwopennyr7@answers.com,Female,$207455.15,752247793,CC
981,Alice,Paddeley,apaddeleyr8@tamu.edu,Female,$412364.78,672523271,CC
982,Andonis,Aksell,aaksellr9@sohu.com,Male,$491247.05,600639446,CC
983,Miles,Roe,mroera@joomla.org,Male,$977105.68,622991556,PP
984,Nelia,Earle,nearlerb@bravesites.com,Female,$359995.97,359553201,IT
985,Conrado,Hanby,chanbyrc@facebook.com,Male,$667371.47,478176788,CC
986,Harp,McCarney,hmccarneyrd@furl.net,Male,$614698.53,573251535,CC
987,Kristos,Woolaghan,kwoolaghanre@berkeley.edu,Male,$790558.47,67118534,IT
988,Lena,Tuff,ltuffrf@msu.edu,Female,$435182.57,590847091,IT
989,Quent,Blasing,qblasingrg@theatlantic.com,Male,$301095.90,366702084,IT
990,Tomas,Puddephatt,tpuddephattrh@mapquest.com,Male,$162462.40,358120264,PP
991,Igor,Ravenshear,iravenshearri@youtu.be,Male,$348793.32,213940236,IT
992,Rosaleen,Pavolini,rpavolinirj@guardian.co.uk,Female,$682516.76,933139327,CC
993,Roanna,Dunkerly,rdunkerlyrk@a8.net,Female,$309779.67,661617358,IT
994,Peterus,Gainforth,pgainforthrl@discovery.com,Male,$196629.48,863859963,CC
995,Sigfrid,Serraillier,sserraillierrm@gizmodo.com,Male,$842693.32,342853639,PP
996,Roxine,Sporrij,rsporrijrn@statcounter.com,Female,$657791.13,867556055,IT
997,Trudi,Jasper,tjasperro@sohu.com,Female,$528384.01,420485258,CC
998,Modesty,Clarkson,mclarksonrp@clickbank.net,Female,$932306.80,164301568,CC
999,Sunny,McCole,smccolerq@umn.edu,Male,$598683.21,459448012,PP
1000,Liliane,Dearth,ldearthrr@behance.net,Female,$310536.99,12903443,PP
