id,nombre,apellido,email,genero,valor_tx,numero_identificacion,tipo_identificacion
1,Barn,Andric,bandric0@sina.com.cn,Male,$739009.00,663178169,IT
2,Bab,Ansill,bansill1@flavors.me,Female,$750809.33,719654517,CC
3,Donnajean,Denington,ddenington2@google.fr,Female,$393182.17,240307761,IT
4,Rose,Ricciardo,rricciardo3@elpais.com,Female,$202097.54,553905126,PP
5,Pablo,Bittlestone,pbittlestone4@blogger.com,Male,$214588.59,551240685,PP
6,Beatrix,Bradick,bbradick5@google.com.au,Female,$220054.88,858261920,CC
7,Mehetabel,Stutt,mstutt6@behance.net,Female,$295112.46,781726273,PP
8,Hewett,Augustine,haugustine7@cargocollective.com,Male,$984473.56,979817027,CC
9,Natty,Ibel,nibel8@nydailynews.com,Female,$506362.17,784805557,IT
10,Anett,Killigrew,akilligrew9@deviantart.com,Female,$240800.01,951635975,CC
11,Mabelle,Tirkin,mtirkina@cloudflare.com,Female,$677776.17,875470651,PP
12,Janey,Kose,jkoseb@google.com.hk,Female,$183635.56,871613185,PP
13,Fionnula,Maharry,fmaharryc@cornell.edu,Female,$649682.57,128784169,IT
14,Vaughn,Hugonnet,vhugonnetd@bloomberg.com,Male,$686396.29,653381409,PP
15,Cassandre,Scrimgeour,cscrimgeoure@time.com,Female,$261739.61,187805589,CC
16,Archibaldo,Knappen,aknappenf@alibaba.com,Male,$870264.06,492449316,IT
17,Oriana,Steere,osteereg@printfriendly.com,Female,$176686.27,949077501,CC
18,Ilyse,Sellan,isellanh@gnu.org,Female,$882815.77,484399701,IT
19,Bastian,Jakubczyk,bjakubczyki@tmall.com,Male,$315965.61,358596053,CC
20,Lurette,Dorken,ldorkenj@de.vu,Female,$447335.97,856736152,PP
21,Jeanna,Derbyshire,jderbyshirek@mlb.com,Female,$120999.35,480230577,IT
22,Lucinda,Delucia,ldelucial@nyu.edu,Female,$458177.39,289486740,PP
23,Vito,Berzons,vberzonsm@wsj.com,Male,$397724.68,420633534,CC
24,Lester,Fishleigh,lfishleighn@alexa.com,Male,$368617.95,990808305,PP
25,Derron,Forestall,dforestallo@google.es,Male,$198534.00,636952106,CC
26,Tyrus,Iapico,tiapicop@chicagotribune.com,Male,$311840.30,774973776,IT
27,Jamima,Learmond,jlearmondq@liveinternet.ru,Female,$364168.45,719413729,CC
28,Brod,Fillingham,bfillinghamr@ted.com,Male,$656187.49,234171758,PP
29,Hussein,Muriel,hmuriels@mediafire.com,Male,$210459.77,935371176,IT
30,Orson,Keeley,okeeleyt@dailymotion.com,Male,$233104.20,562165120,PP
31,Kiri,Pabelik,kpabeliku@flavors.me,Female,$589709.20,858922420,IT
32,Terrell,Tice,tticev@ning.com,Male,$493712.76,835945581,PP
33,Collie,Minthorpe,cminthorpew@intel.com,Female,$328636.66,114862870,IT
34,Hiram,Paddy,hpaddyx@umn.edu,Male,$482307.34,279802595,PP
35,Eamon,Connue,econnuey@exblog.jp,Male,$350609.53,190819071,PP
36,Barnabas,Huller,bhullerz@foxnews.com,Male,$600940.85,616140148,PP
37,Saxon,Flips,sflips10@walmart.com,Male,$908183.78,509288018,IT
38,Winston,Callard,wcallard11@whitehouse.gov,Male,$233211.66,792826430,PP
39,Thorvald,Edgerton,tedgerton12@netscape.com,Male,$784798.09,492614412,CC
40,Collete,Heardman,cheardman13@booking.com,Female,$287523.38,762568367,CC
41,Aylmer,Wick,awick14@gov.uk,Male,$454938.11,223974961,PP
42,Erika,Poles,epoles15@amazon.com,Female,$453192.66,462880696,IT
43,Camila,Partington,cpartington16@woothemes.com,Female,$371862.29,454570055,PP
44,Marquita,Paggitt,mpaggitt17@mapquest.com,Female,$234277.12,468790850,CC
45,Iseabal,Lisett,ilisett18@kickstarter.com,Female,$946708.98,288541031,CC
46,Abbey,Norrey,anorrey19@indiegogo.com,Female,$955060.13,1048571712,PP
47,Britt,Gendricke,bgendricke1a@prweb.com,Female,$831785.66,12420258,CC
48,Korry,Mealham,kmealham1b@hexun.com,Female,$187372.02,179939392,PP
49,Jillayne,Besque,jbesque1c@histats.com,Female,$500893.94,923955576,CC
50,Honor,Challenor,hchallenor1d@weibo.com,Female,$891158.84,1034312964,PP
51,Travers,Stickles,tstickles1e@sciencedirect.com,Male,$614038.51,561981223,PP
52,Ansell,Valiant,avaliant1f@ibm.com,Male,$979332.69,241414454,CC
53,Jarrid,Dyshart,jdyshart1g@vimeo.com,Male,$388060.76,931205584,CC
54,Wenonah,Schwand,wschwand1h@about.com,Female,$475309.45,717773884,PP
55,Patti,Sigg,psigg1i@prweb.com,Female,$123908.99,157726313,CC
56,Sandor,Piecha,spiecha1j@sbwire.com,Male,$361441.27,619669667,CC
57,Alford,Duxfield,aduxfield1k@hubpages.com,Male,$343068.42,1019281151,IT
58,Alexandra,Dyer,adyer1l@msu.edu,Female,$677860.06,284443977,PP
59,Lucky,Scohier,lscohier1m@ovh.net,Female,$156468.94,675253604,IT
60,Arley,Menichini,amenichini1n@meetup.com,Male,$540159.70,559650606,IT
61,Jerald,Maypowder,jmaypowder1o@soundcloud.com,Male,$799935.23,181865356,PP
62,Otho,Pegden,opegden1p@clickbank.net,Male,$901269.81,719530146,CC
63,Pauly,Leek,pleek1q@twitpic.com,Male,$500907.53,297276019,IT
64,Jacky,Drawmer,jdrawmer1r@independent.co.uk,Female,$837820.98,584675745,CC
65,Ericha,Paley,epaley1s@google.es,Female,$808154.08,942671420,IT
66,Felicio,Scyone,fscyone1t@freewebs.com,Male,$814778.80,154441881,IT
67,Rubi,Frankes,rfrankes1u@shareasale.com,Female,$293503.62,151797713,PP
68,Wash,Krugmann,wkrugmann1v@google.co.uk,Male,$502530.73,706191558,CC
69,Avery,Starkey,astarkey1w@gnu.org,Male,$173663.93,290978294,PP
70,Oswald,Johananov,ojohananov1x@blogger.com,Male,$927572.37,630503618,IT
71,Cairistiona,Ende,cende1y@ebay.com,Female,$807202.47,588379895,PP
72,Mayer,Berryman,mberryman1z@shutterfly.com,Male,$498987.54,826165920,IT
73,Herman,Dulake,hdulake20@odnoklassniki.ru,Male,$301254.02,749764052,CC
74,Elayne,Worham,eworham21@hp.com,Female,$602220.05,1038054022,CC
75,Phylis,Palk,ppalk22@ibm.com,Female,$678681.06,193845900,IT
76,Carny,Bendel,cbendel23@oakley.com,Male,$490234.71,63417459,PP
77,Sigismondo,MacParland,smacparland24@ca.gov,Male,$802281.18,31644100,IT
78,Claudette,Flanagan,cflanagan25@privacy.gov.au,Female,$817289.29,697834387,CC
79,Gennie,Tompkins,gtompkins26@blogtalkradio.com,Female,$445095.89,813740697,IT
80,Silas,Scriver,sscriver27@time.com,Male,$524978.60,562292722,PP
81,Gwendolen,Mulkerrins,gmulkerrins28@symantec.com,Female,$632882.58,546339109,PP
82,Wynn,Caldaro,wcaldaro29@studiopress.com,Male,$519162.34,551257018,CC
83,Orbadiah,Slocum,oslocum2a@fastcompany.com,Male,$708983.25,737976469,CC
84,Ricki,Aprahamian,raprahamian2b@taobao.com,Male,$932555.78,775645579,PP
85,Mathew,Conningham,mconningham2c@360.cn,Male,$206967.38,104909796,PP
86,Thurston,Ginty,tginty2d@google.com.au,Male,$159222.46,251261667,IT
87,Job,Tomaino,jtomaino2e@rediff.com,Male,$150185.38,940308366,PP
88,Uriah,Kettlewell,ukettlewell2f@studiopress.com,Male,$755834.98,1020189442,CC
89,Claudie,Bellworthy,cbellworthy2g@blogger.com,Female,$278053.74,133598168,PP
90,Klarika,Naerup,knaerup2h@addthis.com,Female,$864409.21,897145206,IT
91,Kathryne,Haburne,khaburne2i@booking.com,Female,$476769.85,166073805,IT
92,Jana,Furnell,jfurnell2j@ft.com,Female,$396003.49,846270434,IT
93,Tiena,Aspall,taspall2k@answers.com,Female,$435370.95,38557520,CC
94,Baxy,Labuschagne,blabuschagne2l@mashable.com,Male,$147354.36,553661498,PP
95,Janka,Risborough,jrisborough2m@walmart.com,Female,$991050.77,475194254,PP
96,Jennine,Rocks,jrocks2n@slashdot.org,Female,$747962.04,224734405,PP
97,Humphrey,Lawson,hlawson2o@netlog.com,Male,$717914.70,799050633,PP
98,Hailee,Jeannon,hjeannon2p@scribd.com,Female,$903948.57,687384162,IT
99,Alexio,Bate,abate2q@ocn.ne.jp,Male,$958742.97,160607592,PP
100,Tandi,McCullough,tmccullough2r@smh.com.au,Female,$322564.55,573302011,PP
101,Kaitlin,Harbor,kharbor2s@thetimes.co.uk,Female,$812482.25,1021835728,IT
102,Carver,Excell,cexcell2t@google.de,Male,$136490.92,787710334,PP
103,Haily,Swinford,hswinford2u@flavors.me,Female,$896341.48,503285497,CC
104,Eran,Schuler,eschuler2v@wiley.com,Female,$692469.77,685904811,PP
105,Marcelia,Lethieulier,mlethieulier2w@geocities.com,Female,$366692.09,986860943,CC
106,Franny,Buffin,fbuffin2x@hibu.com,Female,$909183.49,766240829,CC
107,Claudio,Kensall,ckensall2y@list-manage.com,Male,$245469.00,938145097,CC
108,Paige,Teasdale,pteasdale2z@bing.com,Male,$441509.23,723776907,PP
109,Emmalynn,McCosh,emccosh30@yolasite.com,Female,$511258.71,893290578,PP
110,Reyna,Marfell,rmarfell31@unc.edu,Female,$922767.33,255584434,PP
111,Jenifer,Mailey,jmailey32@mayoclinic.com,Female,$891734.57,946628754,CC
112,Rosanna,Cavanagh,rcavanagh33@liveinternet.ru,Female,$996500.38,361947630,CC
113,Danyette,Igoe,digoe34@tinypic.com,Female,$863622.16,260050093,IT
114,Amberly,Kertess,akertess35@furl.net,Female,$452008.51,700986054,PP
115,Maryjo,Aicken,maicken36@google.com.br,Female,$568379.49,548893243,CC
116,Gloriana,Arnopp,garnopp37@smugmug.com,Female,$203720.93,98476175,IT
117,Claudian,Aitkin,caitkin38@exblog.jp,Male,$670184.08,919853253,PP
118,Odey,Stelljes,ostelljes39@jimdo.com,Male,$721791.78,203590894,IT
119,Hewett,Nicholls,hnicholls3a@cam.ac.uk,Male,$940213.50,672369530,IT
120,Maureene,Pristnor,mpristnor3b@mayoclinic.com,Female,$310677.11,86209041,CC
121,Thorvald,Lurner,tlurner3c@jalbum.net,Male,$306401.18,394566614,IT
122,Lorrie,Muncaster,lmuncaster3d@webeden.co.uk,Female,$560307.34,319344767,IT
123,Gratia,Mallam,gmallam3e@mail.ru,Female,$569563.02,820180177,CC
124,Calla,Sibbering,csibbering3f@usa.gov,Female,$853452.39,690848992,CC
125,Alaine,Crinage,acrinage3g@wisc.edu,Female,$175698.68,283953568,CC
126,Elbertina,Hollow,ehollow3h@shop-pro.jp,Female,$918571.15,964910065,PP
127,Georgy,Pollicatt,gpollicatt3i@army.mil,Male,$185949.96,57031721,PP
128,Ario,Guitte,aguitte3j@ocn.ne.jp,Male,$885354.06,290022530,PP
129,Adham,Szubert,aszubert3k@indiatimes.com,Male,$643172.07,189901891,PP
130,Eadie,Mallalieu,emallalieu3l@flickr.com,Female,$231853.44,9945726,IT
131,Roxi,Grzeszczak,rgrzeszczak3m@example.com,Female,$853796.92,566954269,PP
132,Cornie,Dishman,cdishman3n@tripadvisor.com,Male,$953410.06,651989091,IT
133,Duff,Risdall,drisdall3o@hao123.com,Male,$413535.99,166019506,PP
134,Anthia,Shoubridge,ashoubridge3p@hugedomains.com,Female,$840168.24,977511734,CC
135,Tracie,Gummary,tgummary3q@comsenz.com,Female,$501293.85,567470021,PP
136,Margarete,Campanelle,mcampanelle3r@nbcnews.com,Female,$438978.10,375971908,CC
137,Oralie,Faltin,ofaltin3s@umich.edu,Female,$883419.92,693908014,CC
138,Latrina,Pea,lpea3t@cargocollective.com,Female,$406346.44,769525589,CC
139,Laird,Catcherside,lcatcherside3u@adobe.com,Male,$201936.13,416438216,IT
140,Bogart,Casbolt,bcasbolt3v@cdbaby.com,Male,$865788.59,776437160,PP
141,Sherlocke,Tomeo,stomeo3w@home.pl,Male,$747190.83,552471137,CC
142,Alphonso,Huie,ahuie3x@w3.org,Male,$354866.19,566467281,PP
143,Cecilia,Fryatt,cfryatt3y@xinhuanet.com,Female,$537901.91,1015278523,PP
144,Timotheus,Bromehead,tbromehead3z@google.nl,Male,$818586.89,300195347,PP
145,Katee,Pitkins,kpitkins40@marriott.com,Female,$780205.10,628207200,CC
146,Robinson,Sorley,rsorley41@issuu.com,Male,$959846.03,482454486,IT
147,Lenette,Richards,lrichards42@simplemachines.org,Female,$437136.95,690569335,PP
148,Drusie,Gonzalo,dgonzalo43@bizjournals.com,Female,$665460.82,235147191,CC
149,Abie,Hartford,ahartford44@unblog.fr,Male,$381927.77,206751159,CC
150,Mireille,Sarjeant,msarjeant45@ucoz.com,Female,$344767.61,273548648,CC
151,Tannie,Torrie,ttorrie46@netscape.com,Male,$951862.95,271146288,PP
152,Gabi,Khalid,gkhalid47@va.gov,Female,$209957.38,215174995,IT
153,Joe,Rushbrooke,jrushbrooke48@mysql.com,Male,$680994.99,516155207,IT
154,Latia,Swinbourne,lswinbourne49@wix.com,Female,$608287.98,569503390,IT
155,Bourke,Wathell,bwathell4a@google.fr,Male,$766030.73,709189868,CC
156,Lind,Roos,lroos4b@tiny.cc,Male,$816058.07,413609499,IT
157,Yvonne,Rouf,yrouf4c@nbcnews.com,Female,$228338.14,374202592,CC
158,Kaine,Seniour,kseniour4d@studiopress.com,Male,$532637.20,878602370,PP
159,Roldan,Chattock,rchattock4e@indiatimes.com,Male,$988798.08,557487134,PP
160,Waldon,Brasener,wbrasener4f@walmart.com,Male,$107020.81,349563288,IT
161,Kore,Fidoe,kfidoe4g@so-net.ne.jp,Female,$557528.13,805224559,PP
162,Bamby,Gush,bgush4h@uiuc.edu,Female,$993240.99,979310687,IT
163,Benni,Lukas,blukas4i@wp.com,Female,$406238.82,962737786,IT
164,Hugh,Vakhrushin,hvakhrushin4j@msu.edu,Male,$793048.81,998076583,IT
165,Sheena,Bergen,sbergen4k@cafepress.com,Female,$655064.58,1025668630,PP
166,Davine,Stubbs,dstubbs4l@ow.ly,Female,$648729.11,572425598,CC
167,Shannan,Ingleby,singleby4m@geocities.jp,Male,$650954.28,762818450,CC
168,Shara,Bentote,sbentote4n@simplemachines.org,Female,$498376.97,868556521,CC
169,Van,O'Hickee,vohickee4o@wufoo.com,Male,$357752.02,574347026,CC
170,Eldridge,Burndred,eburndred4p@stumbleupon.com,Male,$741557.96,963908874,CC
171,Bart,Offell,boffell4q@bloglines.com,Male,$588685.21,1007401558,IT
172,Raoul,Allgood,rallgood4r@bloglovin.com,Male,$556958.85,426044737,CC
173,Ronnica,Enever,renever4s@dailymail.co.uk,Female,$346852.39,499928309,PP
174,Atlanta,Peltz,apeltz4t@bizjournals.com,Female,$640952.40,662902393,PP
175,Elvira,Greenier,egreenier4u@furl.net,Female,$638025.00,130906945,PP
176,Yurik,Matthews,ymatthews4v@ocn.ne.jp,Male,$930383.32,59709822,IT
177,Hewitt,Purdy,hpurdy4w@bizjournals.com,Male,$647735.00,744072718,IT
178,Rosalyn,Burhouse,rburhouse4x@furl.net,Female,$537133.42,887509846,IT
179,Karna,McGarvie,kmcgarvie4y@dagondesign.com,Female,$107888.69,942207240,PP
180,Katuscha,Scouler,kscouler4z@joomla.org,Female,$675079.26,89894286,PP
181,Dionis,Rutter,drutter50@miitbeian.gov.cn,Female,$113062.50,99508829,CC
182,Jeremy,Bernli,jbernli51@usnews.com,Male,$200081.57,240090858,PP
183,Yelena,Rigbye,yrigbye52@macromedia.com,Female,$659432.99,890139272,CC
184,Delila,Hatchell,dhatchell53@hostgator.com,Female,$234221.92,550535398,IT
185,Nathaniel,Snow,nsnow54@dyndns.org,Male,$586838.41,797409755,IT
186,Margarita,Guion,mguion55@vistaprint.com,Female,$234996.42,458668166,CC
187,Fania,Ogborn,fogborn56@techcrunch.com,Female,$113264.77,581837662,IT
188,Morgana,Kinneally,mkinneally57@epa.gov,Female,$524669.66,770159860,CC
189,Tuesday,Cowdery,tcowdery58@topsy.com,Female,$521221.59,216145791,CC
190,Gina,MacRedmond,gmacredmond59@oracle.com,Female,$555902.38,124022342,PP
191,Norry,Horche,nhorche5a@php.net,Male,$120895.69,52220851,IT
192,Andrey,Kemet,akemet5b@icq.com,Male,$254959.49,219416148,PP
193,Franz,Burleton,fburleton5c@google.es,Male,$288250.23,919079729,CC
194,Frederic,Ovett,fovett5d@smugmug.com,Male,$534912.43,321538203,PP
195,Thain,Lyddy,tlyddy5e@nytimes.com,Male,$245265.64,314073489,PP
196,Ariel,Jentzsch,ajentzsch5f@sourceforge.net,Female,$801901.90,139740897,IT
197,Karney,McGroarty,kmcgroarty5g@boston.com,Male,$404137.85,888664590,IT
198,Wilbert,Wegenen,wwegenen5h@domainmarket.com,Male,$363085.54,166807692,CC
199,Tod,Tohill,ttohill5i@whitehouse.gov,Male,$251873.73,923866861,PP
200,Phyllida,Mapis,pmapis5j@google.com.br,Female,$509518.24,177903631,IT
201,Noland,Rumford,nrumford5k@google.it,Male,$102002.02,937439228,PP
202,Kleon,De Antoni,kdeantoni5l@si.edu,Male,$809834.63,997095753,CC
203,Alecia,Thulborn,athulborn5m@mtv.com,Female,$556059.33,947564686,PP
204,Ileane,Bewley,ibewley5n@wunderground.com,Female,$831117.54,84587551,PP
205,Martie,Ricketts,mricketts5o@hibu.com,Male,$391843.73,520816392,PP
206,Alexia,Ownsworth,aownsworth5p@google.fr,Female,$167871.95,707199745,CC
207,Ozzie,Wardley,owardley5q@amazonaws.com,Male,$323024.91,184282432,IT
208,Chris,Arne,carne5r@1688.com,Female,$199351.43,1019651672,CC
209,Magdalene,Brierton,mbrierton5s@patch.com,Female,$797763.37,701153203,IT
210,Waverley,Burdikin,wburdikin5t@addthis.com,Male,$621931.09,949271187,IT
211,Tomasina,Bruhke,tbruhke5u@intel.com,Female,$439565.17,22340207,CC
212,Kerry,Claricoats,kclaricoats5v@foxnews.com,Male,$122844.96,410729297,PP
213,Dorrie,Dulton,ddulton5w@gov.uk,Female,$816805.12,198673749,PP
214,Emanuel,Teggin,eteggin5x@nationalgeographic.com,Male,$822560.60,603210292,IT
215,Lucretia,Casaletto,lcasaletto5y@histats.com,Female,$588348.32,506514902,CC
216,Tania,Magenny,tmagenny5z@about.com,Female,$482590.31,871917030,PP
217,Donall,Knotton,dknotton60@ustream.tv,Male,$973385.24,499429237,IT
218,Mikol,Edmons,medmons61@deliciousdays.com,Male,$220926.70,165982835,IT
219,Nydia,Harrison,nharrison62@army.mil,Female,$704466.28,270285455,CC
220,Theresa,Worswick,tworswick63@discuz.net,Female,$452503.08,809657780,CC
221,Ulrick,Trolley,utrolley64@reverbnation.com,Male,$579631.11,135439755,PP
222,Ruperto,Berston,rberston65@engadget.com,Male,$304132.43,853324522,IT
223,Wendie,McCurlye,wmccurlye66@bbb.org,Female,$274544.88,607766757,PP
224,Hugh,Tysack,htysack67@huffingtonpost.com,Male,$622210.57,647930340,IT
225,Mikaela,Eagland,meagland68@amazon.co.jp,Female,$696116.49,82141281,PP
226,Lemmie,Bridal,lbridal69@accuweather.com,Male,$522879.19,135784050,IT
227,Laurie,Rex,lrex6a@whitehouse.gov,Female,$753355.38,291006707,IT
228,Isidro,O'Farrell,iofarrell6b@abc.net.au,Male,$596708.07,855005761,IT
229,Fredric,Christensen,fchristensen6c@usgs.gov,Male,$506774.51,6557715,CC
230,Maxi,Vanyutin,mvanyutin6d@whitehouse.gov,Female,$251071.25,214089302,CC
231,Felice,Keggin,fkeggin6e@freewebs.com,Male,$188903.35,894576195,PP
232,Gerry,Lismer,glismer6f@washington.edu,Male,$787096.58,64053461,IT
233,Biron,Learoyde,blearoyde6g@shareasale.com,Male,$721552.52,653132466,PP
234,Wilow,Pallas,wpallas6h@marketwatch.com,Female,$131017.51,733489295,PP
235,Klaus,Taill,ktaill6i@house.gov,Male,$593872.35,840097125,IT
236,Shelly,Jeavon,sjeavon6j@digg.com,Female,$882485.61,963289217,PP
237,Yoshi,Wilkinson,ywilkinson6k@ustream.tv,Female,$214752.44,508200497,CC
238,Katya,Squier,ksquier6l@hexun.com,Female,$372329.02,670587490,PP
239,Faulkner,Flacknell,fflacknell6m@nps.gov,Male,$815746.54,235085898,IT
240,Sibeal,Scardifield,sscardifield6n@kickstarter.com,Female,$813278.11,758814583,IT
241,Ransom,Edelston,redelston6o@acquirethisname.com,Male,$335874.13,453064038,IT
242,Parker,Emanuele,pemanuele6p@washington.edu,Male,$371245.32,701851322,PP
243,Norbert,Moggach,nmoggach6q@addtoany.com,Male,$267395.34,514360125,CC
244,Tarrance,Longstaffe,tlongstaffe6r@auda.org.au,Male,$215004.82,308724927,CC
245,Aloysius,Esche,aesche6s@google.it,Male,$804953.71,318699674,IT
246,Lyndy,Parade,lparade6t@slashdot.org,Female,$850404.29,453358875,CC
247,Vivianna,Harnett,vharnett6u@whitehouse.gov,Female,$692233.28,573885768,PP
248,Larina,Dingsdale,ldingsdale6v@i2i.jp,Female,$758430.36,949524310,PP
249,Chicky,Lubbock,clubbock6w@about.com,Male,$504416.64,506680382,CC
250,Tabby,Tole,ttole6x@cdbaby.com,Male,$234999.71,243502122,PP
251,Say,Sang,ssang6y@boston.com,Male,$694106.50,356501906,IT
252,Alexei,Draper,adraper6z@lulu.com,Male,$370209.20,229845433,CC
253,Taryn,Raftery,traftery70@cdc.gov,Female,$972861.85,267652131,PP
254,Camel,Kirkwood,ckirkwood71@nps.gov,Female,$941628.16,437240529,CC
255,Gwendolen,McEntagart,gmcentagart72@gmpg.org,Female,$788305.54,464621151,PP
256,Berenice,Davitashvili,bdavitashvili73@skyrock.com,Female,$459652.52,668009172,CC
257,Pavia,Joselevitz,pjoselevitz74@prnewswire.com,Female,$426326.45,791433149,CC
258,Humfrid,Bolitho,hbolitho75@miibeian.gov.cn,Male,$423369.00,696952375,IT
259,Kean,Tagg,ktagg76@ucla.edu,Male,$635436.28,856624631,CC
260,Zora,Mougeot,zmougeot77@ca.gov,Female,$837828.12,150506111,PP
261,Ralf,Hurley,rhurley78@berkeley.edu,Male,$369055.06,534662153,IT
262,Domini,Waltho,dwaltho79@google.ca,Female,$888624.57,872101037,IT
263,Eleanor,Crathern,ecrathern7a@cocolog-nifty.com,Female,$725103.26,1001584887,PP
264,Davida,Dinsale,ddinsale7b@discuz.net,Female,$263256.26,529923206,PP
265,Riccardo,Olivetti,rolivetti7c@theatlantic.com,Male,$141202.57,281404688,CC
266,Dahlia,Bugbird,dbugbird7d@house.gov,Female,$594126.77,343275304,CC
267,Margarethe,Dunk,mdunk7e@si.edu,Female,$740017.32,367820014,IT
268,Amory,Blenkinsop,ablenkinsop7f@51.la,Male,$614907.41,45235135,CC
269,Jerry,Duffield,jduffield7g@wufoo.com,Female,$878974.88,275611493,PP
270,Vasilis,Apark,vapark7h@hud.gov,Male,$498883.18,342592187,CC
271,Dorey,De Ambrosis,ddeambrosis7i@4shared.com,Male,$252817.32,606448460,CC
272,Ringo,Puzey,rpuzey7j@booking.com,Male,$269879.46,44454651,PP
273,Cordy,Riach,criach7k@deviantart.com,Female,$108647.40,607330601,CC
274,Ethelin,Bedminster,ebedminster7l@va.gov,Female,$520273.76,110785413,CC
275,Devlen,Kettow,dkettow7m@apple.com,Male,$135115.47,1037535267,CC
276,Evin,Lorain,elorain7n@delicious.com,Male,$538660.94,1018857909,CC
277,Ceil,Marten,cmarten7o@nih.gov,Female,$827338.79,157567467,IT
278,Darcy,Pallasch,dpallasch7p@163.com,Male,$191826.45,740080421,CC
279,Linda,Guslon,lguslon7q@blogspot.com,Female,$734202.64,69047225,IT
280,Anastasie,Raleston,araleston7r@nih.gov,Female,$216262.02,929671115,PP
281,Fabiano,Debney,fdebney7s@wp.com,Male,$250796.59,669465646,IT
282,Dorita,Whybray,dwhybray7t@wsj.com,Female,$121347.95,923588620,PP
283,Nealson,Straw,nstraw7u@auda.org.au,Male,$716048.50,639081401,CC
284,Sherwin,Penn,spenn7v@mail.ru,Male,$807633.06,350075749,IT
285,Allayne,Critzen,acritzen7w@godaddy.com,Male,$684762.02,904200366,PP
286,Herby,Hartland,hhartland7x@privacy.gov.au,Male,$383005.70,650716557,IT
287,Miller,Pigny,mpigny7y@xrea.com,Male,$401178.08,992200022,IT
288,Joline,Beckey,jbeckey7z@comcast.net,Female,$801843.66,916890055,PP
289,Rik,Coard,rcoard80@trellian.com,Male,$753914.27,91554610,PP
290,Rana,Anselmi,ranselmi81@etsy.com,Female,$758519.06,234173650,CC
291,Ginger,Toppin,gtoppin82@techcrunch.com,Female,$105256.39,1027753673,CC
292,Cathy,Meah,cmeah83@army.mil,Female,$445915.04,451807330,IT
293,Kristoforo,Tremmil,ktremmil84@cbc.ca,Male,$802090.59,18749061,PP
294,Halsy,Baptist,hbaptist85@twitpic.com,Male,$300001.19,411642581,CC
295,Drud,Kernell,dkernell86@netvibes.com,Male,$332653.41,149610731,IT
296,Mel,MacGregor,mmacgregor87@printfriendly.com,Male,$609794.09,382375372,PP
297,Connie,Agiolfinger,cagiolfinger88@bloglovin.com,Male,$890469.38,732224279,CC
298,Boonie,Trebble,btrebble89@storify.com,Male,$203000.63,72757929,CC
299,Elianora,Esland,eesland8a@bizjournals.com,Female,$844345.32,656471782,CC
300,York,Girardetti,ygirardetti8b@reverbnation.com,Male,$997811.87,288781563,PP
301,Rhea,Demogeot,rdemogeot8c@foxnews.com,Female,$252260.04,733719973,IT
302,Billy,Perillo,bperillo8d@gov.uk,Female,$546982.47,1030314569,CC
303,Janek,Baraja,jbaraja8e@xing.com,Male,$297862.43,745593691,IT
304,Heather,Stovine,hstovine8f@theguardian.com,Female,$447038.72,729370279,CC
305,Faulkner,Blaes,fblaes8g@gizmodo.com,Male,$579742.62,765014316,PP
306,Kerwinn,Yanson,kyanson8h@umich.edu,Male,$660667.39,215074955,CC
307,Cozmo,McReynolds,cmcreynolds8i@techcrunch.com,Male,$120610.68,881063273,IT
308,Alene,Kingerby,akingerby8j@miibeian.gov.cn,Female,$208297.33,1017333354,CC
309,Nye,Hammand,nhammand8k@vinaora.com,Male,$621773.23,982694945,CC
310,Chloris,Allwell,callwell8l@usa.gov,Female,$597533.37,237008085,CC
311,Tedd,Cobain,tcobain8m@jalbum.net,Male,$824330.88,887043385,IT
312,Terrance,Bampfield,tbampfield8n@shinystat.com,Male,$113250.58,253829630,IT
313,Alys,Prate,aprate8o@bigcartel.com,Female,$396373.96,513205236,PP
314,Bridgette,Howatt,bhowatt8p@ask.com,Female,$878784.42,694472339,IT
315,Amby,Tolotti,atolotti8q@godaddy.com,Male,$359989.91,961089617,CC
316,Ferd,Carratt,fcarratt8r@bloglovin.com,Male,$851182.15,712442196,CC
317,Temple,Ayre,tayre8s@foxnews.com,Male,$696133.38,900255101,CC
318,Walker,Shurey,wshurey8t@360.cn,Male,$884005.02,180109851,IT
319,Durand,Corn,dcorn8u@parallels.com,Male,$616459.27,815364988,CC
320,Evey,Whardley,ewhardley8v@icio.us,Female,$556752.71,369619908,IT
321,Freddy,Balcock,fbalcock8w@amazon.co.uk,Female,$313624.79,408608573,PP
322,Freddy,McCafferky,fmccafferky8x@hostgator.com,Male,$487734.98,24152599,IT
323,Sherye,Sey,ssey8y@irs.gov,Female,$131061.18,584053445,IT
324,Crissy,Merrall,cmerrall8z@51.la,Female,$804442.66,907068714,PP
325,Costanza,Spilstead,cspilstead90@gizmodo.com,Female,$361859.56,727633409,PP
326,Irita,Lowrie,ilowrie91@w3.org,Female,$309382.88,110828148,IT
327,Philippine,Shane,pshane92@sogou.com,Female,$101548.84,677093365,CC
328,Phip,Mablestone,pmablestone93@salon.com,Male,$520413.07,162245590,PP
329,Burl,Reeken,breeken94@engadget.com,Male,$791919.17,606560120,IT
330,Odey,O'Kuddyhy,ookuddyhy95@nbcnews.com,Male,$693927.34,385683258,IT
331,Doro,Aimer,daimer96@mit.edu,Female,$970903.12,570612091,CC
332,Abramo,Taks,ataks97@huffingtonpost.com,Male,$497005.03,445580784,CC
333,Edee,Tolcharde,etolcharde98@washingtonpost.com,Female,$104464.09,156245639,IT
334,Odo,Rozenbaum,orozenbaum99@ftc.gov,Male,$850457.87,619141143,CC
335,Selinda,Coulthard,scoulthard9a@mozilla.org,Female,$196837.90,830359491,CC
336,Flss,Planks,fplanks9b@histats.com,Female,$845583.58,405385965,PP
337,Allister,Pourveer,apourveer9c@xinhuanet.com,Male,$788934.35,565180402,CC
338,Vladamir,Gibben,vgibben9d@yellowpages.com,Male,$811557.84,374361087,CC
339,Tory,Meineking,tmeineking9e@people.com.cn,Female,$742476.89,50229835,CC
340,Miguela,Tooker,mtooker9f@ucsd.edu,Female,$409397.38,984979921,CC
341,Rolf,Leggon,rleggon9g@google.nl,Male,$124800.57,464137363,PP
342,Jami,Verecker,jverecker9h@engadget.com,Female,$132420.24,113793070,IT
343,Eldin,Whickman,ewhickman9i@constantcontact.com,Male,$364352.80,435700038,IT
344,Odele,Caldeyroux,ocaldeyroux9j@imageshack.us,Female,$282658.88,444761962,PP
345,Jasen,Pumphrey,jpumphrey9k@mashable.com,Male,$284988.92,882147913,CC
346,Skipper,Golson,sgolson9l@liveinternet.ru,Male,$319363.39,721821981,IT
347,Hayyim,Trevain,htrevain9m@reference.com,Male,$435970.53,640165117,PP
348,Clarabelle,Whiscard,cwhiscard9n@sun.com,Female,$632419.27,1026729118,CC
349,Moe,Messent,mmessent9o@intel.com,Male,$617592.85,1024424938,PP
350,Arri,Marchenko,amarchenko9p@dailymotion.com,Male,$326382.73,161845497,IT
351,Bathsheba,Mitchelmore,bmitchelmore9q@intel.com,Female,$867624.94,20785647,PP
352,Rochette,Scawton,rscawton9r@ebay.com,Female,$217248.34,453075338,CC
353,Jenda,MacLardie,jmaclardie9s@uiuc.edu,Female,$249338.69,655472838,CC
354,Benson,Sayers,bsayers9t@typepad.com,Male,$228728.94,331680538,PP
355,Morton,Rosewall,mrosewall9u@g.co,Male,$253788.61,752705840,PP
356,Conn,Tombleson,ctombleson9v@google.nl,Male,$890089.72,714707188,IT
357,Wilek,Thaller,wthaller9w@buzzfeed.com,Male,$905880.29,396115548,PP
358,Fayth,Zamora,fzamora9x@theatlantic.com,Female,$518362.61,603316182,CC
359,Allin,Landell,alandell9y@hexun.com,Male,$405374.25,618905071,CC
360,Clint,Calan,ccalan9z@arstechnica.com,Male,$665521.78,19206799,CC
361,Hortense,Candelin,hcandelina0@mayoclinic.com,Female,$422126.51,303414465,PP
362,Alexis,Djekic,adjekica1@liveinternet.ru,Female,$976737.36,31328526,CC
363,Skylar,Smead,ssmeada2@amazon.com,Male,$170312.37,154981869,PP
364,Barri,Champerlen,bchamperlena3@whitehouse.gov,Male,$972532.81,395290513,PP
365,Huey,Derisley,hderisleya4@1688.com,Male,$622633.19,406348843,IT
366,Anne-corinne,Pieter,apietera5@eventbrite.com,Female,$194405.31,31406984,CC
367,Kate,Antoniutti,kantoniuttia6@dmoz.org,Female,$244015.96,714709769,CC
368,Norbie,Weavill,nweavilla7@sun.com,Male,$862189.06,767868875,PP
369,Veda,Fishbourn,vfishbourna8@uol.com.br,Female,$275826.33,872510801,IT
370,Michale,Evanson,mevansona9@wp.com,Male,$753206.54,613805733,CC
371,Yuma,Quinell,yquinellaa@123-reg.co.uk,Male,$579568.91,232525246,CC
372,Elka,Dionisio,edionisioab@fastcompany.com,Female,$921982.13,814183540,PP
373,Tedi,Bellard,tbellardac@chron.com,Female,$475195.32,272221745,IT
374,Theressa,Maffey,tmaffeyad@booking.com,Female,$392639.63,12329857,CC
375,Ruth,Pace,rpaceae@omniture.com,Female,$768589.52,170386662,PP
376,Pren,Ramet,prametaf@ucoz.ru,Male,$208815.67,696041591,PP
377,Gabriela,Dunsmuir,gdunsmuirag@tripadvisor.com,Female,$867466.16,687809375,PP
378,Beryle,Checklin,bchecklinah@sciencedaily.com,Female,$803844.47,23011900,PP
379,Dmitri,Wyse,dwyseai@yolasite.com,Male,$279526.77,280050037,PP
380,Devlen,Meynell,dmeynellaj@soup.io,Male,$927981.47,85928610,PP
381,Dionysus,Bour,dbourak@liveinternet.ru,Male,$191501.83,302755174,PP
382,Engelbert,Chat,echatal@amazon.de,Male,$608965.26,266479302,CC
383,Emmalee,Adamov,eadamovam@ycombinator.com,Female,$539979.18,785624826,CC
384,Obadiah,Broke,obrokean@canalblog.com,Male,$708217.74,416204515,IT
385,Lamar,Seagrove,lseagroveao@cbc.ca,Male,$203743.48,764794763,IT
386,Oralie,Guise,oguiseap@baidu.com,Female,$349864.07,772607108,IT
387,Godfry,Newey,gneweyaq@dmoz.org,Male,$669722.69,631571397,CC
388,Muriel,Fehners,mfehnersar@cdbaby.com,Female,$728661.83,56729646,PP
389,Chrissie,Howels,chowelsas@behance.net,Male,$944245.41,929664060,PP
390,Sutton,Dillinton,sdillintonat@dailymotion.com,Male,$244371.62,649416995,IT
391,Jaimie,Gierck,jgierckau@acquirethisname.com,Female,$636969.48,797451609,PP
392,Ariel,Bullerwell,abullerwellav@nationalgeographic.com,Male,$695298.89,286888071,PP
393,Trista,Beniesh,tbenieshaw@toplist.cz,Female,$308055.84,203035249,CC
394,Vallie,Suttling,vsuttlingax@mozilla.org,Female,$886813.82,600736405,CC
395,Wallie,Dymond,wdymonday@webs.com,Male,$878224.33,605103752,CC
396,Gerti,Oyley,goyleyaz@nyu.edu,Female,$425673.60,931770059,CC
397,Lauralee,Placstone,lplacstoneb0@miibeian.gov.cn,Female,$617409.59,43657275,IT
398,Leeann,Petow,lpetowb1@sbwire.com,Female,$191090.41,636554065,CC
399,Marina,Di Iorio,mdiioriob2@google.cn,Female,$936875.90,34590594,IT
400,Ainsley,Mulcahy,amulcahyb3@hatena.ne.jp,Female,$304721.06,926265988,CC
401,Ritchie,Warrender,rwarrenderb4@forbes.com,Male,$779923.01,596350366,CC
402,Gusty,Warden,gwardenb5@desdev.cn,Female,$316171.59,1011888137,CC
403,Torre,Pitcaithley,tpitcaithleyb6@infoseek.co.jp,Male,$544093.55,303983773,CC
404,Ethelind,Satyford,esatyfordb7@omniture.com,Female,$784108.55,604095344,IT
405,Hollyanne,Vardy,hvardyb8@nationalgeographic.com,Female,$764024.06,299414628,PP
406,Carley,Fernehough,cfernehoughb9@java.com,Female,$485798.54,637470880,IT
407,Kermy,Pillans,kpillansba@bing.com,Male,$687666.97,490798639,CC
408,Lucita,Spleving,lsplevingbb@lycos.com,Female,$206588.55,241172875,IT
409,Obadias,Carletti,ocarlettibc@nba.com,Male,$264521.84,363831109,IT
410,Rinaldo,Overal,roveralbd@loc.gov,Male,$938647.75,544679508,CC
411,Elsbeth,Primarolo,eprimarolobe@cnn.com,Female,$826228.67,1022733747,PP
412,Pincas,Pellissier,ppellissierbf@wisc.edu,Male,$926986.36,692905196,IT
413,Penelope,Tommen,ptommenbg@infoseek.co.jp,Female,$482404.99,602035998,CC
414,Lelah,Shortt,lshorttbh@dedecms.com,Female,$190811.99,216800480,IT
415,Carlyn,Durman,cdurmanbi@bloglovin.com,Female,$912726.34,458584843,IT
416,Merna,Midlar,mmidlarbj@networksolutions.com,Female,$947863.43,825828573,IT
417,Stacee,Millhill,smillhillbk@soundcloud.com,Female,$575448.44,202054688,PP
418,Henry,Dunham,hdunhambl@yahoo.co.jp,Male,$441489.52,418110086,IT
419,Pierrette,Roke,prokebm@usda.gov,Female,$350108.12,104249654,IT
420,Zea,McGarrity,zmcgarritybn@hao123.com,Female,$494617.43,1032608063,IT
421,Cobb,Archbald,carchbaldbo@hatena.ne.jp,Male,$178430.99,674504342,IT
422,Jillene,Norheny,jnorhenybp@mashable.com,Female,$312602.68,836981851,IT
423,Ennis,Howcroft,ehowcroftbq@wikia.com,Male,$306166.13,620784941,PP
424,Aleksandr,Seage,aseagebr@trellian.com,Male,$494815.36,25963833,CC
425,Dur,Doornbos,ddoornbosbs@tuttocitta.it,Male,$488711.19,182436213,IT
426,Emmalee,Langrish,elangrishbt@fema.gov,Female,$723986.20,76147217,PP
427,Corbett,Bolens,cbolensbu@merriam-webster.com,Male,$853420.09,155558133,IT
428,Cletus,Banton,cbantonbv@wordpress.com,Male,$806684.62,588974230,CC
429,Melisse,Nussey,mnusseybw@stanford.edu,Female,$176560.67,761324857,PP
430,Ryon,Trenholme,rtrenholmebx@cyberchimps.com,Male,$358056.72,985448236,CC
431,Markus,Thacke,mthackeby@scientificamerican.com,Male,$235477.10,281206024,IT
432,Marketa,Zelley,mzelleybz@cnet.com,Female,$491229.50,776080903,CC
433,Emmalee,Dering,ederingc0@google.ru,Female,$617096.91,530467518,IT
434,Gustaf,Dessent,gdessentc1@taobao.com,Male,$648094.47,114809838,IT
435,Teresita,Peddowe,tpeddowec2@google.pl,Female,$661031.32,502271567,IT
436,Bianca,Freyn,bfreync3@xinhuanet.com,Female,$147852.39,218829839,IT
437,Lotti,McRoberts,lmcrobertsc4@smugmug.com,Female,$174858.47,321536944,PP
438,Shea,Puden,spudenc5@plala.or.jp,Male,$837752.90,105525324,IT
439,Lea,Kinnar,lkinnarc6@blog.com,Female,$991355.57,599005819,IT
440,Retha,Dive,rdivec7@aol.com,Female,$381893.26,138690649,CC
441,Sholom,Heball,sheballc8@tinypic.com,Male,$730831.85,491762759,CC
442,Lydia,Reddoch,lreddochc9@ow.ly,Female,$357163.51,842184903,IT
443,Ernst,Droghan,edroghanca@hibu.com,Male,$944640.36,847111893,PP
444,Zia,Ornells,zornellscb@twitter.com,Female,$406163.00,705309506,PP
445,Rachelle,Portt,rporttcc@rambler.ru,Female,$676717.58,961950188,CC
446,Kerby,Moncreiff,kmoncreiffcd@pen.io,Male,$180585.10,755533310,IT
447,Travus,Bickerton,tbickertonce@behance.net,Male,$528699.17,258249022,IT
448,Eldridge,Pragnell,epragnellcf@hugedomains.com,Male,$685811.17,161379830,PP
449,Ilise,Fallows,ifallowscg@drupal.org,Female,$873679.97,870773638,IT
450,Ezekiel,Runsey,erunseych@nbcnews.com,Male,$897486.84,24571281,IT
451,Laryssa,Meigh,lmeighci@indiegogo.com,Female,$934613.65,46385549,IT
452,Nanon,Ilden,nildencj@wikipedia.org,Female,$155133.21,1006875438,PP
453,Bart,Crookall,bcrookallck@yellowbook.com,Male,$380228.40,278754138,PP
454,Twila,Carlow,tcarlowcl@usgs.gov,Female,$783857.76,384653028,PP
455,Jordon,Cadamy,jcadamycm@4shared.com,Male,$927277.11,832017043,CC
456,Carroll,McLarens,cmclarenscn@whitehouse.gov,Male,$905921.24,812536357,PP
457,Joey,Broadberrie,jbroadberrieco@opensource.org,Male,$235649.27,436928398,IT
458,Geoff,Crose,gcrosecp@4shared.com,Male,$454206.21,649642533,CC
459,Brander,Antill,bantillcq@skype.com,Male,$476048.70,183872548,PP
460,Nanon,Harle,nharlecr@nytimes.com,Female,$372891.19,604289749,IT
461,Nobie,Dicty,ndictycs@technorati.com,Male,$696608.12,65593329,CC
462,Jedd,Hickeringill,jhickeringillct@ucoz.com,Male,$918301.04,540458413,CC
463,Carlynn,Mouton,cmoutoncu@xrea.com,Female,$650384.93,927260016,IT
464,Derwin,Lynnitt,dlynnittcv@eventbrite.com,Male,$254917.88,86301610,IT
465,Lotta,Colman,lcolmancw@netvibes.com,Female,$451462.60,592054231,PP
466,Shanda,Ekins,sekinscx@hp.com,Female,$311815.97,265412011,PP
467,Kelwin,Kittman,kkittmancy@cloudflare.com,Male,$805284.49,93095282,CC
468,Gwendolyn,Simkiss,gsimkisscz@zdnet.com,Female,$300189.92,181560318,IT
469,Finlay,Kelsell,fkelselld0@cisco.com,Male,$593514.49,944903204,IT
470,Bear,Lukianov,blukianovd1@amazon.com,Male,$545505.77,441137541,PP
471,Pietrek,Vurley,pvurleyd2@nbcnews.com,Male,$174897.10,418167560,IT
472,Teresa,Gritsaev,tgritsaevd3@npr.org,Female,$140941.92,983949654,IT
473,Raddie,Corradengo,rcorradengod4@1und1.de,Male,$966269.49,91556697,CC
474,Shep,Marthen,smarthend5@google.com.br,Male,$321960.36,89281037,IT
475,Karalee,McNabb,kmcnabbd6@de.vu,Female,$687205.93,475139140,IT
476,Wanids,Sidebotham,wsidebothamd7@drupal.org,Female,$207865.49,87740650,PP
477,Algernon,Goodee,agoodeed8@ebay.co.uk,Male,$441059.03,90034893,PP
478,Augy,Merkel,amerkeld9@google.nl,Male,$406187.55,825069068,IT
479,Karin,Fursland,kfurslandda@huffingtonpost.com,Female,$587847.31,685966037,IT
480,Cloris,Dimitrie,cdimitriedb@multiply.com,Female,$835555.75,125508324,IT
481,Teressa,Nutt,tnuttdc@howstuffworks.com,Female,$283846.32,20402204,PP
482,Humberto,Ballston,hballstondd@altervista.org,Male,$913983.63,750758606,PP
483,Arvy,Risebrow,arisebrowde@mail.ru,Male,$590608.06,234230544,PP
484,Karlyn,Gripton,kgriptondf@unc.edu,Female,$257546.22,887328518,IT
485,Wyatan,Eyam,weyamdg@fotki.com,Male,$957107.10,921285616,CC
486,Ginger,Malser,gmalserdh@plala.or.jp,Female,$685671.07,340428071,PP
487,Amery,Sutcliff,asutcliffdi@nasa.gov,Male,$250873.39,715069893,CC
488,Liv,Vardon,lvardondj@cyberchimps.com,Female,$127581.59,636662992,PP
489,Basil,Duinbleton,bduinbletondk@businesswire.com,Male,$350146.17,913367726,CC
490,Trudey,Chevis,tchevisdl@weibo.com,Female,$652704.84,364629695,CC
491,Brnaba,Staite,bstaitedm@usgs.gov,Male,$698619.07,144241083,CC
492,James,Fairall,jfairalldn@reference.com,Male,$139721.56,399826243,CC
493,Marjy,Physic,mphysicdo@omniture.com,Female,$240931.87,434347538,CC
494,Harlen,McWhin,hmcwhindp@techcrunch.com,Male,$651311.43,665005192,CC
495,Crawford,Fickling,cficklingdq@ibm.com,Male,$296847.87,739803377,CC
496,Brana,Halsall,bhalsalldr@sogou.com,Female,$221016.77,116452011,PP
497,Clea,Dodgshun,cdodgshunds@samsung.com,Female,$470694.96,66447230,IT
498,Daron,Shivlin,dshivlindt@xrea.com,Male,$640697.58,917526570,IT
499,Goober,Amorine,gamorinedu@disqus.com,Male,$502004.90,438592708,CC
500,Ammamaria,Pesic,apesicdv@un.org,Female,$780251.64,763740272,CC
501,Ringo,Kob,rkobdw@toplist.cz,Male,$426180.78,317844555,CC
502,Faith,Morl,fmorldx@wikipedia.org,Female,$281029.94,417995781,IT
503,Budd,Burnage,bburnagedy@rediff.com,Male,$397917.59,900899212,PP
504,Kizzee,Dumberell,kdumberelldz@ocn.ne.jp,Female,$860427.36,744510692,IT
505,Frayda,Burrell,fburrelle0@telegraph.co.uk,Female,$667439.05,719343591,CC
506,Hillyer,Quemby,hquembye1@flavors.me,Male,$713367.50,686953240,CC
507,Albrecht,Dealy,adealye2@t-online.de,Male,$572142.49,436479599,PP
508,Allianora,Itzhaki,aitzhakie3@sohu.com,Female,$862797.50,174409118,IT
509,Kirby,Branwhite,kbranwhitee4@topsy.com,Male,$355914.15,582157326,CC
510,Marlyn,Work,mworke5@ed.gov,Female,$197511.47,680885320,PP
511,Amargo,Gebby,agebbye6@hao123.com,Female,$880884.14,914652480,CC
512,Claudette,Keates,ckeatese7@ebay.co.uk,Female,$548018.09,118139565,IT
513,Eugene,Mordey,emordeye8@webeden.co.uk,Male,$419276.07,333630362,IT
514,Fredek,Hutcheson,fhutchesone9@google.pl,Male,$625796.51,82577027,PP
515,Daryl,Farnhill,dfarnhillea@so-net.ne.jp,Female,$237610.54,187527104,CC
516,Calvin,Ellum,cellumeb@statcounter.com,Male,$434967.24,874041356,CC
517,Shae,Spurnier,sspurnierec@quantcast.com,Male,$658803.93,316376276,CC
518,Richart,Jeremiah,rjeremiahed@auda.org.au,Male,$867175.42,457384273,CC
519,Egan,Dolton,edoltonee@msn.com,Male,$120024.73,257309588,CC
520,Patrica,Harcus,pharcusef@cocolog-nifty.com,Female,$365120.25,924747449,IT
521,Kendall,Drewett,kdrewetteg@ebay.co.uk,Male,$662864.35,845955530,IT
522,Ted,O'Scanlan,toscanlaneh@photobucket.com,Female,$676572.90,310506238,CC
523,Sam,Allderidge,sallderidgeei@nifty.com,Male,$105943.66,756311531,PP
524,Dot,Kingshott,dkingshottej@theglobeandmail.com,Female,$727831.31,606460700,PP
525,Silvanus,Rollingson,srollingsonek@goo.gl,Male,$611971.59,166616522,PP
526,Felicia,Corben,fcorbenel@usnews.com,Female,$140003.57,786303594,IT
527,Teodorico,Philippard,tphilippardem@drupal.org,Male,$307156.63,843593438,PP
528,Philly,Woolford,pwoolforden@baidu.com,Female,$592418.37,268319234,IT
529,Galina,Cosans,gcosanseo@state.tx.us,Female,$702618.01,511790603,IT
530,Fawn,Deakins,fdeakinsep@dion.ne.jp,Female,$321139.62,207421315,CC
531,Feliza,Hebbard,fhebbardeq@google.it,Female,$523779.69,632975819,CC
532,Bar,Beneze,bbenezeer@tripadvisor.com,Male,$834442.66,985201655,PP
533,Shadow,Lindsley,slindsleyes@desdev.cn,Male,$923938.82,399393172,CC
534,Arley,Triggle,atriggleet@stumbleupon.com,Male,$943982.64,54243124,CC
535,Rutledge,Harrow,rharroweu@addtoany.com,Male,$521061.28,893586829,PP
536,Nikolaos,Rollo,nrolloev@stanford.edu,Male,$495637.97,461530837,CC
537,Miguela,Gosby,mgosbyew@clickbank.net,Female,$419229.62,710820779,IT
538,Desdemona,Warden,dwardenex@qq.com,Female,$527066.82,501715331,IT
539,Quinton,Tollmache,qtollmacheey@youtube.com,Male,$354157.81,653150288,IT
540,Tobi,Ravenscraft,travenscraftez@hao123.com,Female,$697376.24,997921548,CC
541,Stern,Stearn,sstearnf0@youtu.be,Male,$536951.75,498100936,PP
542,Wendi,O'Cridigan,wocridiganf1@goodreads.com,Female,$546349.90,591593845,PP
543,Judas,Younger,jyoungerf2@bravesites.com,Male,$557448.22,268678741,PP
544,Stefan,Mullins,smullinsf3@homestead.com,Male,$160037.81,134408528,CC
545,Ulick,Fulleylove,ufulleylovef4@4shared.com,Male,$381369.29,859840689,PP
546,Gustavus,Churches,gchurchesf5@youtu.be,Male,$939726.84,135668664,PP
547,Inge,Grewcock,igrewcockf6@ucla.edu,Female,$953436.24,382045067,PP
548,Kermy,Jackett,kjackettf7@thetimes.co.uk,Male,$180935.37,517635481,CC
549,Abbe,Halloran,ahalloranf8@amazon.co.uk,Male,$572968.15,924192213,PP
550,Anselm,Lippini,alippinif9@indiegogo.com,Male,$199381.45,59615635,PP
551,Mab,Berriball,mberriballfa@upenn.edu,Female,$776376.03,816079813,CC
552,Emelina,Ciric,eciricfb@msn.com,Female,$145807.17,925871450,CC
553,Ursulina,Potten,upottenfc@seesaa.net,Female,$925221.41,979468326,IT
554,Torry,Wasbey,twasbeyfd@list-manage.com,Male,$781029.34,573574632,CC
555,Katharine,Alben,kalbenfe@google.co.jp,Female,$843361.96,734457655,PP
556,Leone,Eastes,leastesff@wikimedia.org,Female,$590886.83,494538880,IT
557,Ali,Scolland,ascollandfg@dailymail.co.uk,Male,$325177.63,819594521,IT
558,Elsbeth,Vooght,evooghtfh@senate.gov,Female,$577968.43,991251818,CC
559,Sashenka,Gorey,sgoreyfi@businesswire.com,Female,$871901.64,18612128,IT
560,Pavla,Adamiak,padamiakfj@hc360.com,Female,$292404.59,44123326,CC
561,Magnum,Rape,mrapefk@weather.com,Male,$768396.82,137438268,PP
562,Ivor,O'Logan,iologanfl@cnbc.com,Male,$654604.51,643376816,PP
563,Butch,Wolfinger,bwolfingerfm@nature.com,Male,$713222.50,403039201,PP
564,Olag,Gaul,ogaulfn@facebook.com,Male,$119062.89,258422179,PP
565,Bradly,Vizard,bvizardfo@printfriendly.com,Male,$815517.92,741384094,CC
566,Wren,Wife,wwifefp@ning.com,Female,$883022.17,746678136,CC
567,Letty,Kale,lkalefq@shinystat.com,Female,$665660.44,841248703,IT
568,Tanhya,Pattisson,tpattissonfr@ted.com,Female,$440651.34,134181088,IT
569,Em,Gibbins,egibbinsfs@state.gov,Male,$597018.81,643884834,PP
570,Gorden,Rozanski,grozanskift@admin.ch,Male,$351660.63,576576000,PP
571,Nalani,Vedenisov,nvedenisovfu@eventbrite.com,Female,$660250.49,534781954,PP
572,Letty,Jory,ljoryfv@discovery.com,Female,$439995.21,546877294,PP
573,Josiah,Walworche,jwalworchefw@ebay.co.uk,Male,$843042.50,634153049,CC
574,Allx,Cocozza,acocozzafx@house.gov,Female,$984697.72,1003260578,PP
575,Florri,O'Dyvoy,fodyvoyfy@senate.gov,Female,$201292.50,988890674,IT
576,Eliot,Berkley,eberkleyfz@blogtalkradio.com,Male,$627300.52,330253033,PP
577,Alayne,Mossdale,amossdaleg0@zdnet.com,Female,$666038.37,394834183,PP
578,Arleyne,Fray,afrayg1@posterous.com,Female,$405904.60,45511504,PP
579,Cathyleen,Vlahos,cvlahosg2@reference.com,Female,$135500.94,52985009,PP
580,Rouvin,Crux,rcruxg3@infoseek.co.jp,Male,$215784.59,249005085,PP
581,Berget,Grime,bgrimeg4@auda.org.au,Female,$943107.38,752194877,PP
582,Flore,Smyley,fsmyleyg5@youtube.com,Female,$564877.94,715376622,PP
583,Zorana,Alforde,zalfordeg6@livejournal.com,Female,$627659.97,488035439,IT
584,Martin,Scopham,mscophamg7@addtoany.com,Male,$274880.38,466696277,PP
585,Marv,Burrows,mburrowsg8@issuu.com,Male,$936567.88,881726808,PP
586,Natalie,Bier,nbierg9@sun.com,Female,$733398.66,244335106,IT
587,Starlin,Mizen,smizenga@usgs.gov,Female,$592822.69,311308189,CC
588,Tynan,Heak,theakgb@uiuc.edu,Male,$570894.10,767250628,IT
589,Cory,Badrick,cbadrickgc@geocities.com,Female,$836011.52,553870936,CC
590,Borg,Parsell,bparsellgd@myspace.com,Male,$516249.86,479981657,PP
591,Hillel,Tomblings,htomblingsge@furl.net,Male,$119928.92,354719716,CC
592,Leupold,Powling,lpowlinggf@imdb.com,Male,$593605.45,337375117,IT
593,Dar,Thay,dthaygg@list-manage.com,Male,$430403.80,20379826,IT
594,Theresita,Paddingdon,tpaddingdongh@tripod.com,Female,$768038.66,98118248,CC
595,Vaclav,Sawley,vsawleygi@addthis.com,Male,$306352.52,897992461,CC
596,Huey,Trubshawe,htrubshawegj@bbc.co.uk,Male,$801427.14,417237771,PP
597,Karena,Hulks,khulksgk@nhs.uk,Female,$805506.91,312557544,IT
598,Amos,Beacom,abeacomgl@pen.io,Male,$847974.79,323866248,CC
599,Kendricks,Peers,kpeersgm@ow.ly,Male,$607755.56,936025033,IT
600,Emlynn,Januszewicz,ejanuszewiczgn@fema.gov,Female,$801431.33,1022926227,PP
601,Britni,Grotty,bgrottygo@squarespace.com,Female,$816767.87,121121045,IT
602,Correy,Whitmell,cwhitmellgp@sohu.com,Male,$190025.52,482035858,IT
603,Lanette,Crosdill,lcrosdillgq@berkeley.edu,Female,$695796.46,749094340,IT
604,Sharron,Wykes,swykesgr@quantcast.com,Female,$296959.27,765823173,PP
605,Jade,Friskey,jfriskeygs@nih.gov,Female,$795602.50,888371383,CC
606,Bastien,Hefforde,bheffordegt@webnode.com,Male,$122351.03,840299740,CC
607,Stanford,Wewell,swewellgu@shinystat.com,Male,$167524.23,736542806,PP
608,Jobina,Bremmell,jbremmellgv@cnbc.com,Female,$391752.27,49646928,CC
609,Virgie,Stare,vstaregw@studiopress.com,Female,$526719.51,406875912,PP
610,Thebault,Flieg,tflieggx@mayoclinic.com,Male,$889671.87,717183288,PP
611,Malachi,Ingold,mingoldgy@cyberchimps.com,Male,$266054.91,901640205,PP
612,Adina,Hiscocks,ahiscocksgz@about.me,Female,$954557.70,370968641,CC
613,Philly,Davidman,pdavidmanh0@wp.com,Female,$312755.58,761940002,IT
614,Duffie,Bavage,dbavageh1@uiuc.edu,Male,$771555.25,390450282,CC
615,Tod,Lemmanbie,tlemmanbieh2@google.ru,Male,$838920.60,727394135,CC
616,Ardisj,Halvorsen,ahalvorsenh3@nhs.uk,Female,$509422.48,76480323,CC
617,Emmy,Schoales,eschoalesh4@home.pl,Male,$902694.75,377408781,IT
618,Eldredge,Jackways,ejackwaysh5@loc.gov,Male,$250274.23,768722538,CC
619,Denver,Duffit,dduffith6@forbes.com,Male,$300164.54,236421616,CC
620,Elga,Yakunkin,eyakunkinh7@hc360.com,Female,$143053.18,334436082,CC
621,Gabrila,Errey,gerreyh8@qq.com,Female,$244096.23,1000092117,PP
622,Tallou,Gemeau,tgemeauh9@macromedia.com,Female,$377319.19,89442548,IT
623,See,Spottswood,sspottswoodha@fotki.com,Male,$178736.67,232604327,CC
624,Hannah,Motton,hmottonhb@auda.org.au,Female,$892612.75,303511154,IT
625,Issiah,Grimster,igrimsterhc@netscape.com,Male,$220784.81,101226060,IT
626,Trenna,Roggieri,troggierihd@dailymotion.com,Female,$334939.36,12703686,IT
627,Joan,MacCumiskey,jmaccumiskeyhe@merriam-webster.com,Female,$909770.94,168965395,PP
628,Jeanna,Yoslowitz,jyoslowitzhf@ed.gov,Female,$460134.61,879323692,IT
629,Salvador,Llorens,sllorenshg@cocolog-nifty.com,Male,$646444.14,9629324,IT
630,Brandais,Inglesant,binglesanthh@tripadvisor.com,Female,$997456.15,681814963,IT
631,Lewes,Newvill,lnewvillhi@yellowbook.com,Male,$894895.30,981813868,CC
632,Zara,Graalmans,zgraalmanshj@timesonline.co.uk,Female,$569513.52,488211146,CC
633,Terrie,Juszczyk,tjuszczykhk@slate.com,Female,$661399.53,39094034,PP
634,Lara,Coiley,lcoileyhl@bbb.org,Female,$138847.80,465710394,IT
635,Bea,Dienes,bdieneshm@miibeian.gov.cn,Female,$274895.12,229711067,IT
636,Edwin,Fowlie,efowliehn@reuters.com,Male,$623510.88,53817021,PP
637,Ellerey,Benediktsson,ebenediktssonho@51.la,Male,$293471.42,40729678,IT
638,Collete,Borless,cborlesshp@bravesites.com,Female,$726000.36,456762476,PP
639,Dominga,Devanney,ddevanneyhq@wunderground.com,Female,$142482.36,485083141,IT
640,Petey,Frayn,pfraynhr@livejournal.com,Male,$679120.32,1036282145,PP
641,Cordelia,Lawlor,clawlorhs@hp.com,Female,$423991.67,29778367,CC
642,Phaedra,Petty,ppettyht@illinois.edu,Female,$715666.75,923189088,PP
643,Reynolds,Royan,rroyanhu@google.com.au,Male,$603382.28,237401769,PP
644,Helen,Rands,hrandshv@liveinternet.ru,Female,$752225.31,182989123,IT
645,Mathias,Brierton,mbriertonhw@cdc.gov,Male,$590729.21,413923138,IT
646,Walton,Braisby,wbraisbyhx@meetup.com,Male,$157673.25,962030146,PP
647,Catarina,Ashling,cashlinghy@google.com.br,Female,$137605.32,726491790,IT
648,Scotty,Metheringham,smetheringhamhz@fema.gov,Male,$595940.62,177850904,IT
649,Maximo,Gennings,mgenningsi0@google.es,Male,$427111.97,286836483,CC
650,Tuckie,Temporal,ttemporali1@studiopress.com,Male,$720384.70,603380017,PP
651,Lily,Vautrey,lvautreyi2@netlog.com,Female,$703705.60,281678900,CC
652,Gawen,Adamovich,gadamovichi3@hud.gov,Male,$523440.47,348648369,PP
653,Kimmie,Connold,kconnoldi4@shutterfly.com,Female,$616647.79,87418015,CC
654,Tadeo,Fellows,tfellowsi5@microsoft.com,Male,$850445.50,672722524,IT
655,Waneta,Brithman,wbrithmani6@themeforest.net,Female,$333827.87,793680339,IT
656,Fin,Cassie,fcassiei7@reverbnation.com,Male,$784278.27,599304163,PP
657,Haskel,cornhill,hcornhilli8@slideshare.net,Male,$468657.25,923529211,CC
658,Myron,Drake,mdrakei9@webs.com,Male,$977397.22,895145090,PP
659,Clarissa,Bisseker,cbissekeria@shareasale.com,Female,$720810.90,526412530,PP
660,Clemens,Reaper,creaperib@yahoo.co.jp,Male,$856445.89,978289447,IT
661,Welch,Wotherspoon,wwotherspoonic@tripod.com,Male,$854956.29,509403537,CC
662,Artie,De Mattei,adematteiid@princeton.edu,Male,$380459.78,939291046,IT
663,Byram,Slavin,bslavinie@economist.com,Male,$464093.97,341238596,IT
664,Jeffy,MacCallester,jmaccallesterif@e-recht24.de,Male,$433604.35,552058816,CC
665,Ingaborg,Claricoates,iclaricoatesig@hatena.ne.jp,Female,$261313.47,154288673,PP
666,Pammie,Greig,pgreigih@nydailynews.com,Female,$738524.29,1013538306,IT
667,Janek,Chipperfield,jchipperfieldii@abc.net.au,Male,$571701.66,493449806,PP
668,Carlin,Henken,chenkenij@shareasale.com,Male,$427120.25,442266233,CC
669,Codee,Rampley,crampleyik@acquirethisname.com,Female,$243685.37,292145686,PP
670,Phillie,Arenson,parensonil@mtv.com,Female,$883291.37,322685993,PP
671,Mathilde,Cousans,mcousansim@pcworld.com,Female,$574146.49,441206040,PP
672,Lilli,Glassup,lglassupin@who.int,Female,$837367.75,987651463,IT
673,Granger,Pandey,gpandeyio@phpbb.com,Male,$161884.66,859810926,PP
674,Maxy,Harkus,mharkusip@paginegialle.it,Male,$370462.60,578193630,PP
675,Ceil,Cordner,ccordneriq@examiner.com,Female,$250157.16,47028520,PP
676,Augie,Cardis,acardisir@google.nl,Male,$684232.02,978890142,IT
677,Karon,Crigin,kcriginis@gmpg.org,Female,$369300.23,251422720,IT
678,Fields,Blant,fblantit@google.de,Male,$741737.57,655181733,CC
679,Elaina,Trask,etraskiu@yolasite.com,Female,$963323.26,904214232,CC
680,Dennet,Dinnington,ddinningtoniv@hexun.com,Male,$514996.57,117261806,CC
681,Licha,Bliben,lblibeniw@businessinsider.com,Female,$810270.62,1030860837,PP
682,Ranice,Erwin,rerwinix@irs.gov,Female,$659149.32,684072177,PP
683,Cornell,Fardon,cfardoniy@guardian.co.uk,Male,$451326.51,36724662,CC
684,Philippe,Karlolak,pkarlolakiz@umn.edu,Female,$462679.46,440067493,IT
685,Carny,Jancar,cjancarj0@sfgate.com,Male,$705401.90,266594692,PP
686,Worth,Pariso,wparisoj1@skype.com,Male,$114863.36,359045459,CC
687,Cristine,Cawcutt,ccawcuttj2@google.es,Female,$748552.82,10308659,PP
688,Foss,Spurier,fspurierj3@geocities.com,Male,$437471.63,226919643,PP
689,Adeline,Naile,anailej4@ocn.ne.jp,Female,$756758.61,146585706,CC
690,Lorrie,Thewys,lthewysj5@google.com.br,Female,$519673.76,606078279,IT
691,Lenka,Custy,lcustyj6@hubpages.com,Female,$723307.44,781953288,IT
692,Lorri,Bethell,lbethellj7@51.la,Female,$916654.72,487457398,PP
693,Donni,Borchardt,dborchardtj8@miibeian.gov.cn,Female,$499478.19,857872722,IT
694,Colin,Foulds,cfouldsj9@cyberchimps.com,Male,$635586.80,342293363,PP
695,Toby,Coulson,tcoulsonja@cbslocal.com,Male,$923333.46,91405061,CC
696,Rodolphe,McMurty,rmcmurtyjb@gravatar.com,Male,$101073.43,14508768,IT
697,June,Crossingham,jcrossinghamjc@cnn.com,Female,$961117.18,473041902,IT
698,Erick,Bartolacci,ebartolaccijd@seesaa.net,Male,$371929.98,573879703,IT
699,Ron,Daoust,rdaoustje@stanford.edu,Male,$887960.15,619718775,CC
700,Zared,Reilinger,zreilingerjf@theglobeandmail.com,Male,$942373.12,586456474,PP
701,Haskell,Pascoe,hpascoejg@github.io,Male,$315068.24,436357606,CC
702,Ben,Doldon,bdoldonjh@usnews.com,Male,$467834.94,390279065,CC
703,Teddy,Conrath,tconrathji@marketwatch.com,Male,$523428.39,103473302,CC
704,Wilfrid,Pattillo,wpattillojj@com.com,Male,$277843.62,184676579,CC
705,Jorry,Mayne,jmaynejk@example.com,Female,$480275.16,557853837,CC
706,Mommy,Coleford,mcolefordjl@friendfeed.com,Female,$102563.09,42182858,PP
707,Imelda,Gush,igushjm@twitpic.com,Female,$553503.24,583792981,PP
708,Egon,Crepel,ecrepeljn@google.co.uk,Male,$838567.27,91992415,IT
709,Eartha,Cartwright,ecartwrightjo@eepurl.com,Female,$653803.76,48401932,IT
710,Gabbie,Tuckie,gtuckiejp@alibaba.com,Female,$248455.35,131025441,IT
711,Aimil,Eake,aeakejq@g.co,Female,$942302.16,1002531089,PP
712,Maritsa,Raynes,mraynesjr@yolasite.com,Female,$417802.53,596929726,CC
713,Rad,Galea,rgaleajs@wsj.com,Male,$775797.12,131258922,CC
714,Heida,Callow,hcallowjt@simplemachines.org,Female,$220394.91,65549496,CC
715,Francyne,Markel,fmarkelju@loc.gov,Female,$701961.20,461362934,IT
716,Violante,McCotter,vmccotterjv@blinklist.com,Female,$821489.76,852944322,IT
717,Moss,Rove,mrovejw@clickbank.net,Male,$400962.79,573974725,IT
718,Noll,Mesias,nmesiasjx@reverbnation.com,Male,$571764.29,493018158,PP
719,Paige,Bollini,pbollinijy@auda.org.au,Male,$229931.28,599805225,IT
720,Maximilian,Gutridge,mgutridgejz@miitbeian.gov.cn,Male,$457911.53,800867589,IT
721,Isaak,Dresse,idressek0@guardian.co.uk,Male,$955943.78,928654391,PP
722,Alexine,Bromwich,abromwichk1@blogtalkradio.com,Female,$384189.84,762779641,IT
723,Fairlie,Coller,fcollerk2@berkeley.edu,Male,$884427.21,101838923,CC
724,Tripp,Fitch,tfitchk3@desdev.cn,Male,$644320.02,178214946,CC
725,Elena,Rhymer,erhymerk4@free.fr,Female,$572779.22,177859964,CC
726,Andonis,Coleford,acolefordk5@earthlink.net,Male,$715683.55,213027529,PP
727,Kilian,Stearley,kstearleyk6@usa.gov,Male,$194335.11,280967536,CC
728,Ulrick,Tollet,utolletk7@eventbrite.com,Male,$241223.76,873700075,IT
729,Corinne,Eborall,ceborallk8@unblog.fr,Female,$715215.44,76895850,CC
730,Langsdon,Lydiate,llydiatek9@blog.com,Male,$646534.76,381877628,CC
731,Sarge,Faircley,sfaircleyka@deliciousdays.com,Male,$683240.32,256269437,IT
732,Jania,Flecknoe,jflecknoekb@foxnews.com,Female,$584388.56,449252355,CC
733,Lebbie,Limbourne,llimbournekc@businessweek.com,Female,$788097.69,63243889,IT
734,Salvatore,Jowers,sjowerskd@yandex.ru,Male,$814112.28,760970704,CC
735,Daisie,Bruin,dbruinke@google.it,Female,$675087.57,331931948,IT
736,Alford,Childes,achildeskf@google.cn,Male,$288026.50,368175518,PP
737,Thadeus,Ferebee,tferebeekg@goo.ne.jp,Male,$739858.85,931407946,CC
738,Ruby,Marquess,rmarquesskh@rediff.com,Male,$282143.69,833262103,PP
739,Lenora,Gormally,lgormallyki@digg.com,Female,$599186.01,202301483,PP
740,Karisa,Stanistrete,kstanistretekj@cbc.ca,Female,$413281.24,292210482,IT
741,Greta,Surby,gsurbykk@yahoo.co.jp,Female,$700278.20,914151314,CC
742,Willy,Hurst,whurstkl@cnbc.com,Female,$174036.43,764599144,CC
743,Elvis,Burton,eburtonkm@mtv.com,Male,$358636.44,255934113,PP
744,Dani,Deevey,ddeeveykn@guardian.co.uk,Female,$552036.39,520862253,IT
745,Tallie,Broadberry,tbroadberryko@scribd.com,Male,$643261.80,346855755,CC
746,Silas,Ysson,syssonkp@gmpg.org,Male,$898794.18,94824297,IT
747,Casey,Argabrite,cargabritekq@google.pl,Female,$340918.81,582656425,PP
748,Even,Egdale,eegdalekr@aboutads.info,Male,$324924.16,404836195,PP
749,Caprice,Lackmann,clackmannks@blog.com,Female,$516411.99,362160692,PP
750,Jacinda,Osment,josmentkt@globo.com,Female,$845145.65,844140046,IT
751,Bryan,Bean,bbeanku@nhs.uk,Male,$227580.14,450504195,CC
752,Annemarie,Castello,acastellokv@drupal.org,Female,$658003.04,727215786,PP
753,Lacie,Stebbin,lstebbinkw@uiuc.edu,Female,$203254.64,726373697,IT
754,Glennie,Whiffin,gwhiffinkx@baidu.com,Female,$993371.91,281281773,PP
755,Olenolin,Hiland,ohilandky@yolasite.com,Male,$858374.80,416915082,IT
756,Anatol,Yeatman,ayeatmankz@php.net,Male,$122942.39,879543323,IT
757,Benjy,Harmant,bharmantl0@tiny.cc,Male,$309786.86,935911931,IT
758,Bil,Towers,btowersl1@simplemachines.org,Male,$418200.03,620264701,PP
759,Meara,Arlett,marlettl2@meetup.com,Female,$956202.47,424173063,IT
760,Neale,Vest,nvestl3@nps.gov,Male,$178048.65,295766504,PP
761,Rafael,Gosnold,rgosnoldl4@ucsd.edu,Male,$704020.98,438817826,CC
762,Riki,McRae,rmcrael5@123-reg.co.uk,Female,$969587.21,436097080,CC
763,Christian,Takos,ctakosl6@1688.com,Male,$435266.31,238206013,CC
764,Lorin,Vasyuchov,lvasyuchovl7@theatlantic.com,Male,$413953.65,541269549,CC
765,Ebony,Whittington,ewhittingtonl8@psu.edu,Female,$555013.66,518828787,PP
766,Tristan,Challicum,tchallicuml9@last.fm,Male,$404998.99,1002780838,PP
767,Marysa,Hepher,mhepherla@tiny.cc,Female,$875153.96,265179663,CC
768,Maribeth,Noden,mnodenlb@edublogs.org,Female,$297510.08,256948600,CC
769,Olivia,Gheerhaert,ogheerhaertlc@twitter.com,Female,$452118.62,118272592,PP
770,Waldemar,Naptine,wnaptineld@mashable.com,Male,$867236.00,367952746,CC
771,Sandi,Sketchley,ssketchleyle@admin.ch,Female,$555601.80,519816592,IT
772,Brendan,Kolyagin,bkolyaginlf@imgur.com,Male,$648412.61,53340925,PP
773,Deanne,Ambrogini,dambroginilg@cnet.com,Female,$808845.35,336590584,IT
774,Selby,Trenear,strenearlh@wikipedia.org,Male,$547848.83,880554522,IT
775,Tore,Tooley,ttooleyli@google.es,Male,$936988.23,753731717,IT
776,Jeffrey,Mantle,jmantlelj@hexun.com,Male,$442869.36,789397235,IT
777,Percival,Jeeves,pjeeveslk@chicagotribune.com,Male,$718858.61,686697481,PP
778,Niall,Trevear,ntrevearll@mtv.com,Male,$415768.09,192346449,IT
779,Brandise,Waszkiewicz,bwaszkiewiczlm@cnbc.com,Female,$923523.53,158095942,IT
780,Sidnee,Semmens,ssemmensln@ask.com,Male,$792510.29,578054467,IT
781,Northrup,Lyptratt,nlyptrattlo@china.com.cn,Male,$576087.77,242627788,CC
782,Leandra,Clemenzi,lclemenzilp@about.me,Female,$835975.95,993013714,CC
783,Tiff,Delves,tdelveslq@army.mil,Female,$522374.31,29021070,IT
784,Garvey,Bazire,gbazirelr@typepad.com,Male,$637259.13,564309060,IT
785,Rodolfo,Cox,rcoxls@yelp.com,Male,$805495.99,525482266,CC
786,Cyrille,Flower,cflowerlt@webnode.com,Male,$918459.29,811391940,PP
787,Edgar,Nendick,enendicklu@netlog.com,Male,$646430.16,160336172,IT
788,Carla,Grennan,cgrennanlv@yellowpages.com,Female,$416837.65,512748561,PP
789,Udale,Mullett,umullettlw@jugem.jp,Male,$467264.11,1017575096,PP
790,Sherri,Stockwell,sstockwelllx@macromedia.com,Female,$797002.90,503424738,PP
791,Maryanne,Haffard,mhaffardly@time.com,Female,$989710.04,815487561,CC
792,Erie,Biffen,ebiffenlz@freewebs.com,Male,$237599.04,491024988,CC
793,Flemming,Minchinton,fminchintonm0@paypal.com,Male,$613756.85,176576733,CC
794,Davine,Marjanovic,dmarjanovicm1@newyorker.com,Female,$178058.08,964773254,PP
795,Joli,Domeney,jdomeneym2@mail.ru,Female,$728776.10,1007084127,CC
796,Myra,Hradsky,mhradskym3@meetup.com,Female,$782178.38,905126301,PP
797,Eddi,Rysdale,erysdalem4@epa.gov,Female,$732624.49,793282923,CC
798,Elisa,Blasl,eblaslm5@dot.gov,Female,$451720.04,351413249,IT
799,Karisa,Cosgrove,kcosgrovem6@newyorker.com,Female,$173179.15,439038542,CC
800,Delora,Hoffmann,dhoffmannm7@myspace.com,Female,$639913.18,730305181,CC
801,Micky,Thyer,mthyerm8@drupal.org,Female,$662134.29,281912713,CC
802,Stephie,Nucci,snuccim9@wunderground.com,Female,$670373.21,313606501,IT
803,Deina,Seton,dsetonma@instagram.com,Female,$464361.54,431592649,IT
804,Mahmoud,Smolan,msmolanmb@vimeo.com,Male,$902348.19,166922411,PP
805,Beryl,Cordeiro,bcordeiromc@weibo.com,Female,$570103.87,382970524,IT
806,Cornall,Ledrane,cledranemd@yellowpages.com,Male,$469179.64,602768577,IT
807,Esdras,Roos,eroosme@chicagotribune.com,Male,$976746.91,103790825,IT
808,Alfredo,Stanners,astannersmf@ehow.com,Male,$566074.19,668046496,CC
809,Gretal,Eastbrook,geastbrookmg@businessinsider.com,Female,$625866.19,867417960,IT
810,Estella,Ewbanck,eewbanckmh@nba.com,Female,$556416.38,767460583,IT
811,Andromache,Farquar,afarquarmi@unesco.org,Female,$176501.85,1040888024,IT
812,Isidora,Guiness,iguinessmj@w3.org,Female,$413049.34,752193546,PP
813,Christophorus,Minchinden,cminchindenmk@diigo.com,Male,$966064.61,638789304,CC
814,Des,Dufall,ddufallml@admin.ch,Male,$491449.50,129285591,IT
815,Oneida,Tinan,otinanmm@github.com,Female,$703126.00,323909687,PP
816,Leon,Jenman,ljenmanmn@squidoo.com,Male,$657569.12,691072049,IT
817,Janis,Ruste,jrustemo@de.vu,Female,$834825.30,274835549,IT
818,Eleonora,Pitceathly,epitceathlymp@si.edu,Female,$717474.75,873198048,PP
819,Bale,Carlyon,bcarlyonmq@webeden.co.uk,Male,$224197.87,67125480,IT
820,Odella,Volonte,ovolontemr@elegantthemes.com,Female,$831703.40,125958105,PP
821,Margit,Gluyas,mgluyasms@upenn.edu,Female,$154022.80,712345561,IT
822,Hyacinthie,Tollerfield,htollerfieldmt@narod.ru,Female,$885589.58,976099473,CC
823,Gerek,Eynon,geynonmu@tinypic.com,Male,$836206.02,618382394,PP
824,Theo,Stonall,tstonallmv@usa.gov,Female,$508012.37,49213923,PP
825,Griff,Bruni,gbrunimw@adobe.com,Male,$782594.83,562453191,IT
826,Karalee,Lamberti,klambertimx@nps.gov,Female,$236727.06,835206365,IT
827,Shantee,Peascod,speascodmy@economist.com,Female,$173700.66,8897863,PP
828,Meara,Start,mstartmz@webnode.com,Female,$371465.28,860256642,CC
829,Zachary,Muddiman,zmuddimann0@photobucket.com,Male,$434452.08,457573093,PP
830,Pooh,Ferry,pferryn1@jimdo.com,Male,$765952.25,310988418,CC
831,Chelsie,Battista,cbattistan2@sphinn.com,Female,$844386.54,82909602,IT
832,Sallee,Brettelle,sbrettellen3@amazonaws.com,Female,$955599.35,373597470,PP
833,Latrena,Lambe,llamben4@dagondesign.com,Female,$223185.20,516778105,PP
834,Hughie,Pock,hpockn5@fc2.com,Male,$666143.36,981634528,PP
835,Halsy,Hannigane,hhanniganen6@sun.com,Male,$260221.26,330568488,IT
836,Gino,Rozzell,grozzelln7@google.cn,Male,$827355.45,847145050,CC
837,Laetitia,Kingzet,lkingzetn8@booking.com,Female,$885604.19,966301705,PP
838,Randell,Beynkn,rbeynknn9@comcast.net,Male,$194660.47,118314496,PP
839,Penn,Chestnutt,pchestnuttna@weather.com,Male,$406822.38,432105391,IT
840,Benton,Lydford,blydfordnb@51.la,Male,$382277.05,760388090,CC
841,Brianne,McKelloch,bmckellochnc@mashable.com,Female,$967320.69,665337481,CC
842,Niel,MacIlraith,nmacilraithnd@joomla.org,Male,$330855.16,514676087,PP
843,Gaile,Stoneham,gstonehamne@vinaora.com,Male,$231168.06,621037528,CC
844,Sky,Furber,sfurbernf@nbcnews.com,Male,$183848.32,85931012,IT
845,Maire,Lindermann,mlindermannng@thetimes.co.uk,Female,$288124.35,703062856,CC
846,Even,Theaker,etheakernh@bloglines.com,Male,$578222.56,126644701,PP
847,Domenic,Yoxall,dyoxallni@moonfruit.com,Male,$802906.18,191287030,IT
848,Erroll,Newens,enewensnj@redcross.org,Male,$484036.98,859598067,CC
849,Guinevere,Hutchence,ghutchencenk@squarespace.com,Female,$768829.83,164593222,IT
850,Jonathan,Slowcock,jslowcocknl@house.gov,Male,$548687.98,949390896,CC
851,Dorthy,Almey,dalmeynm@lulu.com,Female,$714423.29,888552317,IT
852,Fergus,Burstowe,fburstowenn@sciencedaily.com,Male,$444206.13,906596441,IT
853,Mycah,Witard,mwitardno@sogou.com,Male,$402205.78,621815679,PP
854,Morrie,Bridgman,mbridgmannp@boston.com,Male,$857587.34,988461607,PP
855,Waverly,Beakes,wbeakesnq@shareasale.com,Male,$737679.42,417683211,CC
856,Hally,Blitzer,hblitzernr@addtoany.com,Female,$509629.78,411438183,PP
857,Giffard,Jeff,gjeffns@yale.edu,Male,$798283.20,8769048,PP
858,Heinrik,Lockton,hlocktonnt@sbwire.com,Male,$366577.61,377897595,IT
859,Valli,Sterricker,vsterrickernu@unicef.org,Female,$848775.51,582936771,CC
860,Rurik,Filyaev,rfilyaevnv@biglobe.ne.jp,Male,$993446.48,218060113,PP
861,Prent,Harmstone,pharmstonenw@who.int,Male,$415608.79,209903231,PP
862,Auberon,Gregoletti,agregolettinx@meetup.com,Male,$181139.10,722963342,CC
863,Tiffanie,Getty,tgettyny@jugem.jp,Female,$928001.22,215568210,IT
864,Mindy,Solano,msolanonz@oaic.gov.au,Female,$881649.41,675740839,CC
865,Jeanette,Lukovic,jlukovico0@addtoany.com,Female,$118799.36,15492406,PP
866,Merilee,Volett,mvoletto1@furl.net,Female,$781157.07,978497919,PP
867,Charita,Attryde,cattrydeo2@hostgator.com,Female,$802959.67,439828390,CC
868,Alexandre,Floyd,afloydo3@elegantthemes.com,Male,$358332.66,210547767,IT
869,Adena,Dufton,aduftono4@eventbrite.com,Female,$318860.43,400693987,CC
870,Shandeigh,Preshous,spreshouso5@webs.com,Female,$323171.78,874253715,CC
871,Chrissy,Melville,cmelvilleo6@cmu.edu,Female,$693301.76,250018717,CC
872,Dino,McJury,dmcjuryo7@squidoo.com,Male,$292842.94,693309454,IT
873,Jemie,Bunclark,jbunclarko8@histats.com,Female,$396140.57,1002967443,IT
874,Ashien,Seifenmacher,aseifenmachero9@wordpress.org,Female,$209942.33,33019522,IT
875,Terrance,Hedditeh,thedditehoa@nba.com,Male,$727708.31,794392334,CC
876,Issi,Gierek,igierekob@google.co.jp,Female,$148556.33,822085954,PP
877,Ellsworth,Gunter,egunteroc@yahoo.com,Male,$590875.56,740786827,IT
878,Nicola,Ruddick,nruddickod@rambler.ru,Male,$664881.18,690162881,PP
879,Barton,Odda,boddaoe@cnn.com,Male,$533383.22,841306139,CC
880,Cherilynn,Vaneev,cvaneevof@java.com,Female,$903424.26,1001372896,IT
881,Leah,Batterham,lbatterhamog@163.com,Female,$338007.61,272821045,IT
882,Orlan,Fetherstone,ofetherstoneoh@reference.com,Male,$221137.10,326799063,PP
883,Gertie,Ballay,gballayoi@ning.com,Female,$557400.38,763826671,PP
884,Duncan,Irnis,dirnisoj@google.com.hk,Male,$862410.74,574598763,PP
885,Nerty,Ridgwell,nridgwellok@typepad.com,Female,$792955.40,160365398,IT
886,Brooks,Windle,bwindleol@cdbaby.com,Male,$435038.24,239490052,IT
887,Eolande,Rosenshine,erosenshineom@hhs.gov,Female,$867304.48,504093705,CC
888,Anabella,Colleymore,acolleymoreon@usnews.com,Female,$639879.84,798647628,PP
889,Teresa,Huskisson,thuskissonoo@sfgate.com,Female,$459048.30,833957843,CC
890,Rosalind,Files,rfilesop@tuttocitta.it,Female,$517618.36,774000533,PP
891,Carolus,Smillie,csmillieoq@usatoday.com,Male,$965262.50,20604829,IT
892,Roddy,Lydford,rlydfordor@apple.com,Male,$154516.99,889178402,IT
893,Simone,Hacquel,shacquelos@liveinternet.ru,Male,$210357.25,192733563,CC
894,Kiley,Rubinlicht,krubinlichtot@freewebs.com,Male,$130175.84,111588885,CC
895,Ode,Lardnar,olardnarou@biblegateway.com,Male,$922511.76,152954726,PP
896,Benedikt,Birchenhead,bbirchenheadov@webs.com,Male,$843984.04,719511800,CC
897,Maxim,McCrone,mmccroneow@comsenz.com,Male,$108688.40,913482993,PP
898,Gifford,Prevost,gprevostox@facebook.com,Male,$860247.51,489354628,PP
899,Shanna,MacMoyer,smacmoyeroy@amazonaws.com,Female,$516500.94,116924238,CC
900,Bertram,Rosie,brosieoz@merriam-webster.com,Male,$302595.17,672201179,CC
901,Elaina,Gipp,egippp0@theguardian.com,Female,$986994.05,527886032,IT
902,Gertruda,Greenman,ggreenmanp1@t-online.de,Female,$489508.80,308322096,CC
903,Deedee,Paumier,dpaumierp2@nymag.com,Female,$789916.45,94583028,CC
904,Guido,Crookall,gcrookallp3@msn.com,Male,$158689.96,422950600,CC
905,Cary,Drewett,cdrewettp4@example.com,Male,$624047.09,431921678,CC
906,Lani,Fairrie,lfairriep5@amazon.com,Female,$880846.56,20147249,IT
907,Giana,McLeary,gmclearyp6@economist.com,Female,$360019.47,16237600,CC
908,Arin,Cordes,acordesp7@theatlantic.com,Male,$186134.42,150800763,PP
909,Phaidra,Chestney,pchestneyp8@sfgate.com,Female,$364637.80,546292477,IT
910,Bram,Hartil,bhartilp9@webmd.com,Male,$559318.79,463051345,CC
911,Haily,Willcock,hwillcockpa@yellowpages.com,Male,$687625.50,204363240,PP
912,Shelagh,MacMenamy,smacmenamypb@dedecms.com,Female,$447077.83,460224079,CC
913,Rhianna,Blackston,rblackstonpc@qq.com,Female,$890775.74,949271151,CC
914,Selig,Wornham,swornhampd@digg.com,Male,$744601.48,267695518,CC
915,Freddie,Vauls,fvaulspe@go.com,Female,$991464.62,682085308,CC
916,Dinnie,Ikins,dikinspf@java.com,Female,$741040.76,833822262,PP
917,Sibeal,Brydon,sbrydonpg@globo.com,Female,$522125.34,945987660,CC
918,Griswold,Tregian,gtregianph@imgur.com,Male,$960806.72,549931536,IT
919,Eachelle,Vescovo,evescovopi@friendfeed.com,Female,$933373.08,22390652,PP
920,Melva,Jessop,mjessoppj@disqus.com,Female,$432631.66,152577960,IT
921,Giralda,Fonteyne,gfonteynepk@ezinearticles.com,Female,$678464.74,19879426,IT
922,Fredek,Tzuker,ftzukerpl@mozilla.com,Male,$797824.86,458671048,IT
923,Orsola,Durden,odurdenpm@wp.com,Female,$157304.73,849932569,CC
924,Shaun,Schreiner,sschreinerpn@nbcnews.com,Female,$978979.73,882471116,PP
925,Rodrick,Dougher,rdougherpo@eventbrite.com,Male,$191873.66,730126380,IT
926,Inez,Wetwood,iwetwoodpp@loc.gov,Female,$843421.15,895022517,PP
927,Alick,Shellibeer,ashellibeerpq@theatlantic.com,Male,$396706.25,20217828,CC
928,Lancelot,Dubber,ldubberpr@usnews.com,Male,$266313.09,120885762,PP
929,Thaddeus,Duchart,tduchartps@ca.gov,Male,$417085.80,828840662,PP
930,Giustino,Gherardelli,ggherardellipt@google.fr,Male,$364088.76,1027754253,CC
931,Baxie,Yerborn,byerbornpu@bing.com,Male,$628100.56,103908836,CC
932,Mitchael,Betteriss,mbetterisspv@hc360.com,Male,$228655.28,588497786,CC
933,Luise,Giannassi,lgiannassipw@google.ca,Female,$273989.40,940201978,PP
934,Der,Passey,dpasseypx@furl.net,Male,$339011.12,812312742,CC
935,Haydon,Clilverd,hclilverdpy@paginegialle.it,Male,$344759.52,688922658,CC
936,Clyve,Groneway,cgronewaypz@berkeley.edu,Male,$582882.42,562250447,IT
937,Marcelo,Downing,mdowningq0@paginegialle.it,Male,$643979.12,750634440,CC
938,Enriqueta,Maffioletti,emaffiolettiq1@discovery.com,Female,$587691.05,587313573,CC
939,Giffie,Euston,geustonq2@hibu.com,Male,$236654.56,780668056,CC
940,Alaster,Catlow,acatlowq3@yale.edu,Male,$365549.08,533326680,PP
941,Alane,Tadman,atadmanq4@aboutads.info,Female,$663803.63,84958077,CC
942,Sonia,Stonuary,sstonuaryq5@storify.com,Female,$527821.58,161977692,CC
943,Lira,Felderer,lfeldererq6@weibo.com,Female,$182491.85,399463975,PP
944,Mavra,Bracci,mbracciq7@symantec.com,Female,$175904.12,1006050440,IT
945,Nara,Croome,ncroomeq8@sakura.ne.jp,Female,$273387.21,965433969,CC
946,Robers,Strangwood,rstrangwoodq9@weibo.com,Male,$275591.80,274723639,IT
947,Calla,Lehr,clehrqa@wufoo.com,Female,$672610.89,247002269,CC
948,Elbertina,Macia,emaciaqb@answers.com,Female,$336019.50,508302352,PP
949,Julianna,Kunkel,jkunkelqc@livejournal.com,Female,$114731.66,44788455,PP
950,Vale,Venus,vvenusqd@discuz.net,Female,$738008.84,627023922,IT
951,Dunn,Quigg,dquiggqe@accuweather.com,Male,$150299.81,247729956,PP
952,Hamish,Chamberlin,hchamberlinqf@paypal.com,Male,$875244.43,351642125,CC
953,Anastasia,MacAnellye,amacanellyeqg@sciencedaily.com,Female,$391665.56,433660840,IT
954,Neville,Bartholomieu,nbartholomieuqh@ihg.com,Male,$311033.40,548460205,PP
955,Clea,Doelle,cdoelleqi@live.com,Female,$978043.74,680413279,PP
956,Vina,Patington,vpatingtonqj@tinypic.com,Female,$807818.55,997420334,PP
957,Morton,Jakuszewski,mjakuszewskiqk@economist.com,Male,$368019.38,792516418,CC
958,Jenni,Fantham,jfanthamql@xing.com,Female,$434052.26,917517786,IT
959,Cecily,Hadden,chaddenqm@eventbrite.com,Female,$839859.93,973045610,CC
960,Erl,Broschek,ebroschekqn@elegantthemes.com,Male,$358343.88,37277423,IT
961,Dionysus,Sedger,dsedgerqo@ted.com,Male,$866982.64,149356487,CC
962,Mirna,Tesseyman,mtesseymanqp@canalblog.com,Female,$952213.50,716522060,CC
963,Darell,McIlheran,dmcilheranqq@phoca.cz,Female,$892446.65,84707069,CC
964,Udall,McMylor,umcmylorqr@ehow.com,Male,$961014.40,218174105,PP
965,Cello,Stansall,cstansallqs@sfgate.com,Male,$634372.63,971430719,PP
966,Marysa,Bridle,mbridleqt@adobe.com,Female,$990822.12,226581478,CC
967,Hatti,Notman,hnotmanqu@webs.com,Female,$689518.75,724491751,PP
968,Anna-maria,Bracchi,abracchiqv@buzzfeed.com,Female,$666213.35,460904974,PP
969,Arlinda,Reide,areideqw@blogtalkradio.com,Female,$697576.92,365825743,CC
970,Artie,Huge,ahugeqx@icq.com,Male,$323790.68,204137054,PP
971,Joya,Axston,jaxstonqy@opensource.org,Female,$312408.50,750405386,IT
972,Lester,Gather,lgatherqz@soup.io,Male,$730994.77,669685615,IT
973,Bennett,Core,bcorer0@list-manage.com,Male,$552856.57,435031618,PP
974,Sayre,Halwill,shalwillr1@hhs.gov,Female,$365087.66,901620573,IT
975,Pryce,Abbes,pabbesr2@patch.com,Male,$517364.21,454046553,PP
976,Dorie,Banisch,dbanischr3@yale.edu,Male,$263938.21,983894738,PP
977,Fransisco,Jodrellec,fjodrellecr4@slate.com,Male,$426393.65,978792617,IT
978,Trudi,Loutheane,tloutheaner5@merriam-webster.com,Female,$133674.80,412051909,IT
979,Maye,Iddison,middisonr6@gmpg.org,Female,$788874.41,122159023,IT
980,Leslie,Tolmie,ltolmier7@toplist.cz,Male,$268037.36,405408729,IT
981,Lammond,Ventam,lventamr8@fema.gov,Male,$654802.82,153055185,PP
982,Basil,Pairpoint,bpairpointr9@epa.gov,Male,$100719.12,855359758,PP
983,Tallulah,Margram,tmargramra@angelfire.com,Female,$983296.38,728549926,CC
984,Jemima,Pawelski,jpawelskirb@ibm.com,Female,$565469.55,81154821,IT
985,Andonis,Jayne,ajaynerc@irs.gov,Male,$682881.93,123204648,CC
986,Tally,Puddephatt,tpuddephattrd@latimes.com,Female,$288103.92,423113030,PP
987,Johnna,Corrie,jcorriere@bluehost.com,Female,$612986.45,820425039,CC
988,Kissee,Bangham,kbanghamrf@independent.co.uk,Female,$362193.97,372823031,PP
989,Evelin,Cousens,ecousensrg@php.net,Male,$386882.80,268852631,CC
990,Eben,Tappor,etapporrh@hostgator.com,Male,$243915.75,992825225,CC
991,Devonna,Lamp,dlampri@e-recht24.de,Female,$555941.42,787241278,PP
992,Alan,Swannack,aswannackrj@about.com,Male,$805685.90,559557236,CC
993,Bren,Noah,bnoahrk@sakura.ne.jp,Female,$226859.54,472421435,CC
994,Dominica,Galbraith,dgalbraithrl@paypal.com,Female,$257574.00,1016010520,PP
995,Archibold,Egginson,aegginsonrm@bing.com,Male,$287974.72,937370448,IT
996,Hunter,Juszkiewicz,hjuszkiewiczrn@godaddy.com,Male,$877217.18,73319129,CC
997,Osbourn,MacGillivray,omacgillivrayro@loc.gov,Male,$680685.96,755259024,PP
998,Misha,Cassely,mcasselyrp@lycos.com,Female,$466811.81,9998532,PP
999,Margaux,Bough,mboughrq@wp.com,Female,$480682.89,233283712,PP
1000,Jourdain,Curtin,jcurtinrr@aol.com,Male,$390312.89,661118284,IT
