id,nombre,apellido,email,genero,valor_tx,numero_identificacion,tipo_identificacion
1,Osborne,Caltera,ocaltera0@shop-pro.jp,Male,$128343.98,969043843,IT
2,Caresa,Alabastar,calabastar1@live.com,Female,$715692.04,172772505,CC
3,Hailey,Farron,hfarron2@rediff.com,Male,$228402.71,437191022,CC
4,Roseanne,Shills,rshills3@earthlink.net,Female,$246904.43,709379402,IT
5,Roderick,Sidebotham,rsidebotham4@gizmodo.com,Male,$413153.41,11575137,CC
6,Rudy,Duckering,rduckering5@wsj.com,Male,$496881.13,150205089,PP
7,Gene,Bestar,gbestar6@moonfruit.com,Male,$391186.99,389608665,PP
8,Salem,Fellows,sfellows7@census.gov,Male,$433567.45,573086849,CC
9,Caye,Beeho,cbeeho8@mysql.com,Female,$470503.54,673354243,PP
10,Royall,Gurys,rgurys9@bluehost.com,Male,$805714.40,991754304,PP
11,Calvin,Sheppard,cshepparda@sitemeter.com,Male,$131933.12,830805483,PP
12,Hube,Martinetto,hmartinettob@behance.net,Male,$150608.91,575410048,CC
13,Sherill,Drinkale,sdrinkalec@dailymail.co.uk,Female,$524734.45,315140129,PP
14,Wilek,Peplaw,wpeplawd@geocities.com,Male,$207326.06,347388385,IT
15,Edward,Guerrieri,eguerrierie@miibeian.gov.cn,Male,$708364.11,510643759,PP
16,Pierce,McWilliams,pmcwilliamsf@yellowpages.com,Male,$890398.10,1009598221,PP
17,Candide,Hoolaghan,choolaghang@spotify.com,Female,$580215.09,403633744,PP
18,Corrinne,Satford,csatfordh@ucoz.ru,Female,$746874.73,6812106,CC
19,Vonny,Jarrelt,vjarrelti@jimdo.com,Female,$116124.44,925320012,PP
20,Linnet,Hagstone,lhagstonej@phpbb.com,Female,$388330.70,50516386,CC
21,Fonsie,MacCleod,fmaccleodk@army.mil,Male,$680192.68,1023525831,PP
22,Conan,Gurling,cgurlingl@wisc.edu,Male,$243096.86,1031154908,CC
23,Annie,Holtaway,aholtawaym@foxnews.com,Female,$347440.01,438596515,CC
24,Travus,Skupinski,tskupinskin@mozilla.org,Male,$987051.01,106949024,CC
25,Kettie,McGibbon,kmcgibbono@umn.edu,Female,$979714.52,45205895,IT
26,Meryl,Grealy,mgrealyp@behance.net,Female,$710884.12,160529964,CC
27,Andonis,Jedrys,ajedrysq@arizona.edu,Male,$731671.92,878028082,IT
28,Lorrin,Guly,lgulyr@weebly.com,Female,$784781.36,816826036,PP
29,Christine,MacCauley,cmaccauleys@mlb.com,Female,$448190.70,793750573,CC
30,Shell,Eastridge,seastridget@thetimes.co.uk,Male,$240597.29,51322612,IT
31,Herculie,Tidd,htiddu@hatena.ne.jp,Male,$329644.43,788364787,IT
32,Cchaddie,Brettle,cbrettlev@fc2.com,Male,$431446.95,63761994,IT
33,Natala,Timmons,ntimmonsw@ovh.net,Female,$601477.71,754267075,PP
34,Otis,Leneve,olenevex@1688.com,Male,$586291.93,572924531,PP
35,Gert,Sommerlin,gsommerliny@etsy.com,Female,$303105.45,866536215,PP
36,Roger,Roz,rrozz@wunderground.com,Male,$818172.63,704309850,IT
37,Estrellita,Carruthers,ecarruthers10@sun.com,Female,$910616.84,800566850,IT
38,Murry,Cockshoot,mcockshoot11@example.com,Male,$632829.95,612980576,PP
39,Frank,Zealey,fzealey12@dagondesign.com,Female,$214902.81,909706980,IT
40,Gradeigh,Beran,gberan13@icio.us,Male,$654504.40,786432124,IT
41,Dyann,Faireclough,dfaireclough14@blogs.com,Female,$950339.07,191995679,IT
42,Annnora,Lowy,alowy15@issuu.com,Female,$581051.10,332369132,CC
43,Leeland,Tweedlie,ltweedlie16@wordpress.org,Male,$789537.59,41540031,CC
44,Waverly,Bransby,wbransby17@google.pl,Male,$172556.81,724014500,IT
45,Margie,Birdseye,mbirdseye18@rambler.ru,Female,$399161.94,335217111,IT
46,Cassondra,Kinnard,ckinnard19@privacy.gov.au,Female,$900713.09,799511735,CC
47,Rica,Bartrum,rbartrum1a@mapquest.com,Female,$178027.95,138448885,PP
48,Bathsheba,Kenafaque,bkenafaque1b@amazon.co.uk,Female,$176046.72,664074941,CC
49,Sandi,Goodburn,sgoodburn1c@mashable.com,Female,$524302.60,727917787,CC
50,Cissy,Side,cside1d@examiner.com,Female,$799057.59,532925165,IT
51,Lisa,Studholme,lstudholme1e@businessweek.com,Female,$263871.25,488492544,IT
52,Caz,Prewer,cprewer1f@rediff.com,Male,$207328.70,419827542,CC
53,Bart,Julyan,bjulyan1g@dedecms.com,Male,$111999.32,414548726,CC
54,Ardine,Otton,aotton1h@ed.gov,Female,$395122.68,221094563,PP
55,Addison,Redgrave,aredgrave1i@hubpages.com,Male,$116466.56,887505444,PP
56,Sherline,Lamdin,slamdin1j@netscape.com,Female,$460689.49,534509149,CC
57,Rudyard,Leather,rleather1k@yahoo.co.jp,Male,$456671.55,596702138,CC
58,Otto,Kennefick,okennefick1l@123-reg.co.uk,Male,$487486.93,233144873,CC
59,Welch,Goldup,wgoldup1m@odnoklassniki.ru,Male,$798127.65,877103203,IT
60,Koralle,Couling,kcouling1n@nbcnews.com,Female,$760171.81,252381220,IT
61,Tynan,Ogger,togger1o@constantcontact.com,Male,$411212.82,581121354,IT
62,Min,Sey,msey1p@auda.org.au,Female,$245711.18,410165569,IT
63,Hobart,Mattin,hmattin1q@google.co.jp,Male,$976831.27,87999485,CC
64,Jyoti,Postlethwaite,jpostlethwaite1r@about.com,Female,$761327.11,581247358,IT
65,Nikki,Bruhn,nbruhn1s@soundcloud.com,Female,$719771.62,1032161462,IT
66,Natale,Dew,ndew1t@timesonline.co.uk,Male,$236245.04,696195419,CC
67,Karen,Roskelly,kroskelly1u@earthlink.net,Female,$971876.12,480305467,IT
68,Tanny,McKernan,tmckernan1v@tmall.com,Male,$467875.77,255709371,IT
69,Garrik,Ivetts,givetts1w@java.com,Male,$767160.53,160514770,CC
70,Yance,Jaksic,yjaksic1x@sitemeter.com,Male,$787984.35,443729757,PP
71,Harmonia,Andriessen,handriessen1y@wikispaces.com,Female,$601578.27,990967524,CC
72,Crista,Brommage,cbrommage1z@latimes.com,Female,$537552.26,180340500,IT
73,Jamil,Flukes,jflukes20@hostgator.com,Male,$297266.30,559891031,CC
74,Rey,Kielt,rkielt21@china.com.cn,Male,$124559.08,939505133,CC
75,Laetitia,Woolley,lwoolley22@4shared.com,Female,$843220.20,439963282,PP
76,Bartie,Rolinson,brolinson23@t-online.de,Male,$802611.27,930753133,PP
77,Caria,Flowerden,cflowerden24@tripod.com,Female,$267123.61,623155169,CC
78,Laurena,Greg,lgreg25@icio.us,Female,$159182.29,419749210,PP
79,Opaline,Lanchbury,olanchbury26@cam.ac.uk,Female,$461752.37,379106283,PP
80,Otho,Medgwick,omedgwick27@sfgate.com,Male,$600693.66,366169093,IT
81,Dugald,Vasilyev,dvasilyev28@google.co.uk,Male,$869663.08,140698137,CC
82,Ange,Waldron,awaldron29@thetimes.co.uk,Male,$763693.19,806643850,PP
83,Rutherford,Berringer,rberringer2a@nyu.edu,Male,$431247.05,95995542,IT
84,Sheba,Seamons,sseamons2b@oakley.com,Female,$692521.75,778644231,CC
85,Kasper,Ponnsett,kponnsett2c@dot.gov,Male,$168920.57,88131454,PP
86,Kirk,Taveriner,ktaveriner2d@squidoo.com,Male,$293829.67,433243467,CC
87,Marcel,Iverson,miverson2e@accuweather.com,Male,$842297.97,792864167,IT
88,Linet,Bendle,lbendle2f@blogtalkradio.com,Female,$686878.93,36185440,PP
89,Romain,Goldman,rgoldman2g@ucoz.ru,Male,$581804.61,755178603,IT
90,Staford,Lotte,slotte2h@statcounter.com,Male,$584937.03,907034180,CC
91,Amanda,Twitching,atwitching2i@studiopress.com,Female,$593051.52,283177831,PP
92,Berke,Callis,bcallis2j@dell.com,Male,$148130.54,449127889,PP
93,Maureene,Redpath,mredpath2k@indiatimes.com,Female,$668736.64,850382857,PP
94,Radcliffe,Benge,rbenge2l@dedecms.com,Male,$829753.04,223142379,PP
95,Augustina,Fitzhenry,afitzhenry2m@macromedia.com,Female,$529323.62,979453257,PP
96,Beatrice,Krolik,bkrolik2n@chicagotribune.com,Female,$550520.18,378809535,CC
97,Pearl,Chittem,pchittem2o@biglobe.ne.jp,Female,$737399.61,909892449,CC
98,Gilberta,Wendover,gwendover2p@yandex.ru,Female,$209028.46,65384217,CC
99,Norbert,Spennock,nspennock2q@cisco.com,Male,$235448.77,764287729,CC
100,Rodi,Burbury,rburbury2r@dmoz.org,Female,$315333.85,18658514,PP
101,Ara,Baurerich,abaurerich2s@unblog.fr,Female,$418997.78,1047171472,CC
102,Nap,Kabsch,nkabsch2t@berkeley.edu,Male,$124751.35,161254554,PP
103,Jacob,McReynolds,jmcreynolds2u@hao123.com,Male,$948179.69,452547054,PP
104,Sissy,Arnell,sarnell2v@goo.ne.jp,Female,$336266.72,36248427,CC
105,Katrina,Abotson,kabotson2w@about.me,Female,$229731.36,1032716109,CC
106,Irena,Saffran,isaffran2x@wufoo.com,Female,$697178.26,714857996,IT
107,Ira,Schoular,ischoular2y@mtv.com,Female,$372648.07,313319914,PP
108,Eveleen,Cleminshaw,ecleminshaw2z@webmd.com,Female,$628360.14,912392754,PP
109,Georgeanne,Dei,gdei30@cocolog-nifty.com,Female,$257738.29,96970245,IT
110,Sharai,Sawell,ssawell31@ebay.co.uk,Female,$755623.22,663551668,CC
111,Tymon,Coppo,tcoppo32@bloglovin.com,Male,$227826.09,885622426,IT
112,Gianna,Mayhead,gmayhead33@utexas.edu,Female,$760143.68,699333237,IT
113,Laverne,Mazzeo,lmazzeo34@craigslist.org,Female,$743405.50,270496846,PP
114,Kathy,Zannotti,kzannotti35@ucla.edu,Female,$526828.35,377788127,PP
115,Aprilette,Plover,aplover36@people.com.cn,Female,$201531.47,358466068,IT
116,Jared,Melsome,jmelsome37@imageshack.us,Male,$495020.52,267090329,IT
117,Brodie,Pasley,bpasley38@marketwatch.com,Male,$365952.23,714123060,CC
118,Lukas,Talboy,ltalboy39@mozilla.com,Male,$512268.09,160778058,IT
119,Gawain,Catto,gcatto3a@deviantart.com,Male,$255239.22,944829638,CC
120,Pansie,Rief,prief3b@buzzfeed.com,Female,$799775.86,364077732,PP
121,Niki,Birdfield,nbirdfield3c@shop-pro.jp,Female,$497721.86,612223429,PP
122,Kipp,Bolger,kbolger3d@unc.edu,Male,$396795.55,31514273,CC
123,Tobe,Cleeves,tcleeves3e@theatlantic.com,Female,$495836.27,981273958,CC
124,Lauritz,Conwell,lconwell3f@bravesites.com,Male,$996163.05,490212076,PP
125,Lonny,Coffee,lcoffee3g@telegraph.co.uk,Male,$401595.91,93202841,CC
126,Leonelle,Collelton,lcollelton3h@yandex.ru,Female,$925391.26,407711303,CC
127,Florrie,Machin,fmachin3i@addthis.com,Female,$857939.01,126946268,CC
128,Angel,Pauluzzi,apauluzzi3j@addtoany.com,Female,$850217.52,1017267194,IT
129,Nikolas,Sayle,nsayle3k@illinois.edu,Male,$465385.02,11998535,CC
130,Thekla,Lanphere,tlanphere3l@columbia.edu,Female,$404445.36,934147323,IT
131,Daveen,Hawarden,dhawarden3m@mapy.cz,Female,$206261.10,657306059,CC
132,Abbey,Braz,abraz3n@hhs.gov,Male,$857614.33,638174592,IT
133,Carlyn,Trowel,ctrowel3o@twitpic.com,Female,$256972.75,506044083,IT
134,Harvey,Dyter,hdyter3p@npr.org,Male,$200508.95,157191469,PP
135,Gabby,Enston,genston3q@com.com,Male,$595386.86,967320138,CC
136,Jennee,Uren,juren3r@cbslocal.com,Female,$495441.68,563288554,CC
137,Clint,Doig,cdoig3s@msn.com,Male,$442857.17,59150659,IT
138,Maisey,Setford,msetford3t@tiny.cc,Female,$411084.18,302282044,CC
139,Vinny,Geraldez,vgeraldez3u@latimes.com,Female,$383849.18,489857842,CC
140,Lind,Gregr,lgregr3v@mayoclinic.com,Male,$849795.18,942966533,PP
141,Bertie,Rawson,brawson3w@naver.com,Female,$811697.24,158583349,IT
142,Urbanus,Prewett,uprewett3x@feedburner.com,Male,$123998.51,449644429,CC
143,Kendricks,Luxen,kluxen3y@ow.ly,Male,$851731.79,182044964,CC
144,Zondra,Tomlin,ztomlin3z@dyndns.org,Female,$576885.55,170425557,CC
145,Shelton,Billison,sbillison40@lulu.com,Male,$396158.39,558966378,IT
146,Paula,Lyst,plyst41@dedecms.com,Female,$150438.55,360851805,CC
147,Lise,Andreotti,landreotti42@trellian.com,Female,$147801.95,571813154,IT
148,Giraldo,Leap,gleap43@xing.com,Male,$703233.37,901260231,PP
149,Tito,Hartfleet,thartfleet44@paypal.com,Male,$304983.73,816407164,IT
150,Damara,Kinloch,dkinloch45@washingtonpost.com,Female,$239612.77,371834542,PP
151,Dall,Duthie,dduthie46@examiner.com,Male,$823950.18,700859472,PP
152,Zackariah,Ivanenko,zivanenko47@usgs.gov,Male,$787380.71,355857879,IT
153,Vikky,Narramor,vnarramor48@ebay.co.uk,Female,$686142.05,387101726,IT
154,Gallagher,Commuzzo,gcommuzzo49@mozilla.org,Male,$969148.17,103209427,CC
155,Rafaelia,Mease,rmease4a@amazon.co.jp,Female,$233518.93,247566827,PP
156,Harriet,Vallens,hvallens4b@mayoclinic.com,Female,$699888.36,167795339,IT
157,Shir,Bysaker,sbysaker4c@gizmodo.com,Female,$955583.89,303258138,PP
158,My,Joselson,mjoselson4d@state.gov,Male,$787314.49,63403588,PP
159,Anstice,Kunzel,akunzel4e@hostgator.com,Female,$921885.68,741234376,PP
160,Gasparo,Tyzack,gtyzack4f@people.com.cn,Male,$225876.42,1012578581,CC
161,Haslett,Goodspeed,hgoodspeed4g@diigo.com,Male,$663492.63,587700723,CC
162,Craggy,O'Fairy,cofairy4h@ocn.ne.jp,Male,$582130.62,397169805,PP
163,Brit,Sprason,bsprason4i@myspace.com,Male,$426769.33,890137618,IT
164,Franny,Methingam,fmethingam4j@github.io,Male,$269568.33,729959969,CC
165,Kristina,Truwert,ktruwert4k@ustream.tv,Female,$319418.37,701384908,CC
166,Abe,Sustin,asustin4l@issuu.com,Male,$430676.41,424419311,CC
167,Kennedy,Stathor,kstathor4m@miitbeian.gov.cn,Male,$474512.60,803686107,CC
168,Bryon,Beaufoy,bbeaufoy4n@tripadvisor.com,Male,$402185.14,260045468,CC
169,Margot,Elvy,melvy4o@exblog.jp,Female,$796471.85,361402972,PP
170,Louisette,Rudloff,lrudloff4p@slate.com,Female,$974219.91,415870925,CC
171,Alaine,Bellenie,abellenie4q@canalblog.com,Female,$144119.77,30908907,PP
172,Almeria,Daborn,adaborn4r@clickbank.net,Female,$141445.62,71816940,CC
173,Alick,Lamy,alamy4s@people.com.cn,Male,$868022.20,800259535,PP
174,Alexandros,Standidge,astandidge4t@liveinternet.ru,Male,$951362.83,943757328,PP
175,Gage,Edgar,gedgar4u@indiegogo.com,Male,$867395.24,212912526,PP
176,Auroora,Hellwig,ahellwig4v@netlog.com,Female,$371540.68,266663072,CC
177,Catharina,Seydlitz,cseydlitz4w@nps.gov,Female,$380514.08,169093397,PP
178,Aurthur,Saiger,asaiger4x@prlog.org,Male,$997961.51,1032930244,PP
179,Shannen,Doorbar,sdoorbar4y@blogs.com,Female,$963808.57,269401652,PP
180,Ronnie,Biswell,rbiswell4z@netscape.com,Male,$566736.76,812277467,IT
181,Valentine,Mc Cahey,vmccahey50@github.com,Male,$982221.19,337611222,CC
182,Gunner,Telfer,gtelfer51@wikimedia.org,Male,$609840.38,845384880,CC
183,Tiphany,Van Daalen,tvandaalen52@elegantthemes.com,Female,$914755.23,582106812,IT
184,Nikolas,Atkinson,natkinson53@usda.gov,Male,$420723.95,503235902,PP
185,Johnathan,Bainton,jbainton54@livejournal.com,Male,$486432.76,244039548,PP
186,Ashla,Verling,averling55@newsvine.com,Female,$811777.00,107735969,CC
187,Sebastian,Bellee,sbellee56@elegantthemes.com,Male,$367535.58,888655622,PP
188,Lindon,Poynzer,lpoynzer57@walmart.com,Male,$109516.70,863063881,CC
189,Lissa,Rabl,lrabl58@mac.com,Female,$576449.63,286412107,PP
190,Northrup,Blazynski,nblazynski59@altervista.org,Male,$150582.73,259177681,CC
191,Der,Nerne,dnerne5a@unesco.org,Male,$306679.32,825095231,IT
192,Tiebold,Vaskov,tvaskov5b@alibaba.com,Male,$899447.29,53200109,CC
193,Idalina,MacVanamy,imacvanamy5c@privacy.gov.au,Female,$959664.89,244832897,IT
194,Blane,Sapson,bsapson5d@house.gov,Male,$144603.46,950133962,CC
195,Gussie,Luck,gluck5e@flickr.com,Female,$243311.05,110155297,CC
196,Clayton,Raleston,craleston5f@mail.ru,Male,$633550.77,171797687,IT
197,Alina,Wooster,awooster5g@ucoz.ru,Female,$128314.58,1006803516,PP
198,Consolata,Gilliatt,cgilliatt5h@plala.or.jp,Female,$359011.07,450889958,PP
199,Kimble,Heed,kheed5i@blogger.com,Male,$578281.41,788683925,PP
200,Faustine,Colloby,fcolloby5j@comcast.net,Female,$722628.73,995021438,CC
201,Tulley,Nevet,tnevet5k@godaddy.com,Male,$287174.30,106122523,IT
202,Riordan,Klainer,rklainer5l@google.es,Male,$454988.14,20277055,CC
203,Marja,Kenright,mkenright5m@privacy.gov.au,Female,$198113.42,926594657,CC
204,Rozelle,Pettet,rpettet5n@webeden.co.uk,Female,$933463.40,953502586,PP
205,Nichol,Hearsey,nhearsey5o@upenn.edu,Female,$775043.70,230186529,CC
206,Adda,Molder,amolder5p@pen.io,Female,$471426.32,239978458,PP
207,Lurline,Neillans,lneillans5q@ehow.com,Female,$669439.93,271020489,CC
208,Edyth,Littlecote,elittlecote5r@harvard.edu,Female,$345042.20,121048746,IT
209,Lydie,Rawcliffe,lrawcliffe5s@mlb.com,Female,$360301.53,366224140,PP
210,Darren,Monckton,dmonckton5t@networksolutions.com,Male,$995566.89,918798902,IT
211,Aristotle,Vickress,avickress5u@scientificamerican.com,Male,$392252.49,6392922,CC
212,Ward,Brew,wbrew5v@google.com,Male,$953060.87,290417193,PP
213,Eula,Rubra,erubra5w@blogspot.com,Female,$276522.52,689848279,CC
214,Idelle,Saint,isaint5x@discovery.com,Female,$477576.79,16300230,CC
215,Halli,Toller,htoller5y@tinypic.com,Female,$834033.39,593958176,PP
216,Dawn,Manilove,dmanilove5z@cafepress.com,Female,$129361.91,732894920,PP
217,Rosalia,Bullent,rbullent60@china.com.cn,Female,$615016.19,635317521,IT
218,Pearla,Bertrand,pbertrand61@bloomberg.com,Female,$927633.16,979633719,PP
219,Herminia,Shortt,hshortt62@vistaprint.com,Female,$513295.64,924748384,CC
220,Truman,Womersley,twomersley63@about.com,Male,$772945.59,157562597,CC
221,Stacy,Vennard,svennard64@nbcnews.com,Female,$318190.88,75170832,IT
222,Talbert,Deakes,tdeakes65@merriam-webster.com,Male,$936239.85,393361371,CC
223,Peterus,Statham,pstatham66@businessinsider.com,Male,$437830.08,914115103,PP
224,Gabbie,Byfield,gbyfield67@unicef.org,Male,$614111.68,840810754,CC
225,Gaven,Surcombe,gsurcombe68@ezinearticles.com,Male,$139261.50,116864014,PP
226,Georgianna,Stute,gstute69@forbes.com,Female,$471000.20,755650469,CC
227,Kayley,Shuter,kshuter6a@people.com.cn,Female,$153163.78,956738737,CC
228,Dwain,Kingzet,dkingzet6b@rediff.com,Male,$123641.85,354313954,PP
229,Sunny,Rolley,srolley6c@loc.gov,Male,$852431.56,38570208,IT
230,Antoni,Templman,atemplman6d@xing.com,Male,$206510.08,380019660,IT
231,Sheila,Fontelles,sfontelles6e@nhs.uk,Female,$101601.17,560682449,PP
232,Dorie,Gosswell,dgosswell6f@list-manage.com,Female,$455264.96,241747844,IT
233,Lauree,Hooke,lhooke6g@usgs.gov,Female,$773598.18,203806432,IT
234,Anne-corinne,Mannock,amannock6h@noaa.gov,Female,$151197.10,21943960,PP
235,Tildy,Bradder,tbradder6i@un.org,Female,$193238.18,51034352,IT
236,Roby,Ardy,rardy6j@ocn.ne.jp,Female,$565843.74,742999310,PP
237,Jehu,Winyard,jwinyard6k@army.mil,Male,$968607.12,217242303,CC
238,Tedra,Jest,tjest6l@slashdot.org,Female,$941089.38,758436010,CC
239,Muffin,Gomes,mgomes6m@theatlantic.com,Female,$572331.58,243067348,CC
240,Tatiana,Toffetto,ttoffetto6n@accuweather.com,Female,$434406.88,522200989,PP
241,Franchot,Trenoweth,ftrenoweth6o@harvard.edu,Male,$165706.36,86182495,PP
242,Mylo,Lissandri,mlissandri6p@utexas.edu,Male,$196766.68,815805935,PP
243,Idell,Jaine,ijaine6q@foxnews.com,Female,$417483.05,65428838,IT
244,Gonzalo,Chiene,gchiene6r@yellowbook.com,Male,$982204.28,840578352,IT
245,Octavius,Davitt,odavitt6s@google.com.hk,Male,$879041.74,796445613,PP
246,Patric,Burmingham,pburmingham6t@netlog.com,Male,$326635.99,932347214,PP
247,Kelvin,Poon,kpoon6u@spiegel.de,Male,$575400.28,872239727,PP
248,Oneida,Berthel,oberthel6v@nature.com,Female,$683079.95,1015016368,PP
249,Caye,Pyser,cpyser6w@utexas.edu,Female,$676482.01,824961140,IT
250,Marrissa,Camoys,mcamoys6x@baidu.com,Female,$644490.69,713709220,CC
251,Puff,Matussow,pmatussow6y@amazon.de,Male,$685544.03,943911795,IT
252,Terese,Gutcher,tgutcher6z@nasa.gov,Female,$276609.06,52178083,IT
253,Frans,Cragoe,fcragoe70@ezinearticles.com,Male,$965761.39,70864043,PP
254,Biddie,Hollindale,bhollindale71@mysql.com,Female,$413035.35,913839814,IT
255,Gaylord,Gremane,ggremane72@paginegialle.it,Male,$889575.10,727617215,PP
256,Alleyn,Balch,abalch73@ed.gov,Male,$265027.59,594074228,CC
257,Link,Brussell,lbrussell74@cbslocal.com,Male,$829054.16,941300764,PP
258,Ilysa,Ortas,iortas75@intel.com,Female,$453611.52,584166040,IT
259,Ethelred,O' Borne,eoborne76@xrea.com,Male,$185374.50,309722660,CC
260,Elisabeth,Poxson,epoxson77@slideshare.net,Female,$969083.12,955793046,CC
261,Kari,Aguilar,kaguilar78@gizmodo.com,Female,$115847.95,782900228,IT
262,Shandy,Gard,sgard79@com.com,Female,$395357.48,725292243,IT
263,Abby,Coche,acoche7a@baidu.com,Male,$905272.81,527495408,CC
264,Charmine,Treweek,ctreweek7b@princeton.edu,Female,$690823.03,793900292,IT
265,Sibyl,Alexandrou,salexandrou7c@mapy.cz,Male,$513384.35,811708088,IT
266,Zebedee,MacConnal,zmacconnal7d@ft.com,Male,$445161.25,11604616,PP
267,Stefano,Chaldecott,schaldecott7e@webs.com,Male,$697267.64,74634387,PP
268,Rollie,Winfred,rwinfred7f@comsenz.com,Male,$332955.98,560761764,CC
269,Brendan,Elbourn,belbourn7g@so-net.ne.jp,Male,$347351.87,624153700,PP
270,Veronique,Casero,vcasero7h@exblog.jp,Female,$584040.87,276031319,PP
271,Burty,Blincoe,bblincoe7i@biblegateway.com,Male,$928823.28,204071281,PP
272,Kasper,Stockdale,kstockdale7j@home.pl,Male,$591235.49,90038378,CC
273,Nyssa,Tooke,ntooke7k@dagondesign.com,Female,$371228.60,1045102543,CC
274,Mathilda,Monnery,mmonnery7l@salon.com,Female,$347364.89,357476138,IT
275,Laurie,Bullough,lbullough7m@privacy.gov.au,Male,$227760.24,987000430,CC
276,Marcelia,McClaren,mmcclaren7n@tinyurl.com,Female,$140113.41,141265774,PP
277,Farand,Docksey,fdocksey7o@123-reg.co.uk,Female,$642751.02,723609442,IT
278,Doug,Krale,dkrale7p@cbslocal.com,Male,$877127.65,719480562,PP
279,Delcina,Byrde,dbyrde7q@youtu.be,Female,$256055.36,475612925,PP
280,Efren,Vaz,evaz7r@un.org,Male,$955462.66,79073215,PP
281,Barton,Fullerd,bfullerd7s@independent.co.uk,Male,$288468.89,947060499,PP
282,Egor,Retter,eretter7t@goodreads.com,Male,$907842.14,715964119,CC
283,Flore,Kervin,fkervin7u@microsoft.com,Female,$575514.93,814109549,CC
284,Mahmud,Haycox,mhaycox7v@reuters.com,Male,$632686.20,552727474,IT
285,Perkin,English,penglish7w@constantcontact.com,Male,$907965.85,533652204,PP
286,Emylee,Ellesmere,eellesmere7x@symantec.com,Female,$994283.19,204816556,PP
287,Carmela,Wightman,cwightman7y@wsj.com,Female,$580245.25,632404512,CC
288,Thorpe,Gimlet,tgimlet7z@google.com.hk,Male,$655467.59,105202094,IT
289,Wainwright,Halahan,whalahan80@privacy.gov.au,Male,$460370.93,953453176,IT
290,Giffie,Ingram,gingram81@taobao.com,Male,$551483.66,604830304,CC
291,Faustine,Dandison,fdandison82@umn.edu,Female,$709042.63,127970934,IT
292,Flore,Bangiard,fbangiard83@arizona.edu,Female,$919287.35,331650838,CC
293,Cullin,Housiaux,chousiaux84@sun.com,Male,$348304.40,56782400,IT
294,Kenon,Kix,kkix85@spotify.com,Male,$642905.82,780306250,IT
295,Nicolle,Macari,nmacari86@joomla.org,Female,$903394.09,181757723,PP
296,Woody,Egarr,wegarr87@youku.com,Male,$101405.54,13603841,CC
297,Raphaela,Cocke,rcocke88@answers.com,Female,$139758.59,967519905,IT
298,Hester,Brandenburg,hbrandenburg89@thetimes.co.uk,Female,$558826.32,220703451,PP
299,Marcile,Bramwell,mbramwell8a@dailymotion.com,Female,$140773.25,468895991,IT
300,Corabelle,Ilyushkin,cilyushkin8b@bizjournals.com,Female,$407923.03,82527796,IT
301,Abdul,Broseman,abroseman8c@symantec.com,Male,$346189.07,745047752,PP
302,Mace,Hoys,mhoys8d@mit.edu,Male,$150093.89,200028854,PP
303,Gerrie,Daldry,gdaldry8e@narod.ru,Male,$941714.88,223427286,PP
304,Terencio,Gittings,tgittings8f@comsenz.com,Male,$948578.78,691541300,PP
305,Shelbi,Dixey,sdixey8g@washington.edu,Female,$559656.82,542710026,IT
306,Rowe,Jurasek,rjurasek8h@buzzfeed.com,Female,$468512.15,775774438,PP
307,Rawley,Gerholz,rgerholz8i@nasa.gov,Male,$181962.51,716563512,CC
308,Dominica,Bourbon,dbourbon8j@reference.com,Female,$956363.85,33490422,PP
309,Maurise,Janic,mjanic8k@howstuffworks.com,Male,$580381.29,577585860,CC
310,Angelika,Smylie,asmylie8l@sourceforge.net,Female,$868055.88,866363443,IT
311,Nester,Palfrie,npalfrie8m@google.nl,Male,$793259.46,655964697,PP
312,Gilemette,Wanek,gwanek8n@ftc.gov,Female,$924169.45,834545609,CC
313,Berty,Hebbard,bhebbard8o@list-manage.com,Male,$386396.35,809317933,PP
314,Kelley,Keme,kkeme8p@wired.com,Male,$364080.48,442260662,CC
315,Merilyn,Quarles,mquarles8q@craigslist.org,Female,$578838.11,1011618101,CC
316,Elysha,Blissett,eblissett8r@myspace.com,Female,$926385.93,407122938,IT
317,Shannan,Monkman,smonkman8s@youku.com,Male,$988231.43,328527904,PP
318,Ellissa,Verlander,everlander8t@google.com.hk,Female,$742528.04,482542654,CC
319,Abrahan,Reboulet,areboulet8u@i2i.jp,Male,$223439.61,109456098,IT
320,Ax,Chasemoore,achasemoore8v@hao123.com,Male,$644636.94,833794145,CC
321,Roshelle,Aleksankin,raleksankin8w@topsy.com,Female,$446255.98,212065471,IT
322,Alonzo,McGaughey,amcgaughey8x@t.co,Male,$732628.03,925046017,PP
323,Bowie,Cathel,bcathel8y@eepurl.com,Male,$399298.20,447823656,IT
324,Hubert,Domokos,hdomokos8z@hhs.gov,Male,$803043.47,185749483,PP
325,Renaud,L'Episcopio,rlepiscopio90@symantec.com,Male,$339026.28,407931781,PP
326,Benni,Corradini,bcorradini91@jalbum.net,Female,$404745.79,322072995,IT
327,Gunner,Riccione,griccione92@soup.io,Male,$383503.87,939639915,CC
328,Glyn,Riggulsford,griggulsford93@xrea.com,Female,$461068.86,537903537,CC
329,Cesaro,Hallum,challum94@rambler.ru,Male,$211617.52,244233568,IT
330,Renard,Kettlestringes,rkettlestringes95@cisco.com,Male,$663891.01,779183706,PP
331,Tobey,Radcliffe,tradcliffe96@edublogs.org,Female,$766845.00,572610947,IT
332,Helenelizabeth,Falla,hfalla97@ca.gov,Female,$274527.52,649304278,CC
333,Garik,Walczynski,gwalczynski98@cpanel.net,Male,$171550.19,543841047,CC
334,Maryellen,Oswal,moswal99@sitemeter.com,Female,$805807.06,25318442,CC
335,Grantham,Seery,gseery9a@lycos.com,Male,$336495.62,26365933,PP
336,Eran,Fleischmann,efleischmann9b@wired.com,Female,$520441.79,805585767,PP
337,Ashely,Edworthy,aedworthy9c@hao123.com,Female,$516584.52,752089237,PP
338,Brianna,Inns,binns9d@g.co,Female,$623200.60,889307183,IT
339,Barry,Empringham,bempringham9e@studiopress.com,Female,$255669.24,741974380,PP
340,Bendix,Woolam,bwoolam9f@nymag.com,Male,$504392.98,374906223,IT
341,Perri,Westraw,pwestraw9g@boston.com,Female,$892188.05,220686857,IT
342,Wye,Jolliff,wjolliff9h@tuttocitta.it,Male,$634241.85,972633152,PP
343,Wells,Klampk,wklampk9i@stanford.edu,Male,$432596.06,66688580,IT
344,Jodie,McGovern,jmcgovern9j@istockphoto.com,Male,$396529.72,874383956,CC
345,Nikolos,Rupert,nrupert9k@google.com.br,Male,$763209.95,366092901,IT
346,Jarret,Wehnerr,jwehnerr9l@wp.com,Male,$825996.62,134274745,PP
347,Dannel,Ferminger,dferminger9m@go.com,Male,$711672.47,466467748,IT
348,Mylo,Le Bosse,mlebosse9n@ibm.com,Male,$968364.69,747851194,PP
349,Avictor,Ham,aham9o@dmoz.org,Male,$838203.07,212248905,PP
350,Gabie,Labba,glabba9p@twitpic.com,Male,$667784.24,863626351,IT
351,Meridith,Herreros,mherreros9q@odnoklassniki.ru,Female,$349052.15,676185880,PP
352,Ophelia,Marzelle,omarzelle9r@netscape.com,Female,$244887.87,820345416,IT
353,Hadlee,Gissop,hgissop9s@arizona.edu,Male,$518018.01,895473107,PP
354,Trudy,Robel,trobel9t@blogtalkradio.com,Female,$286571.34,81308172,PP
355,Brandyn,Fennick,bfennick9u@godaddy.com,Male,$644784.73,71325872,IT
356,Elladine,Toplin,etoplin9v@wikipedia.org,Female,$183416.78,58749297,CC
357,Oby,Basden,obasden9w@eventbrite.com,Male,$324391.58,21765969,CC
358,Barry,Bownes,bbownes9x@homestead.com,Male,$831020.31,559395472,PP
359,Beatrice,Beades,bbeades9y@paginegialle.it,Female,$268835.38,72215333,CC
360,Mikael,Petch,mpetch9z@fotki.com,Male,$708312.91,135562556,PP
361,Birdie,Kelloway,bkellowaya0@howstuffworks.com,Female,$595777.80,689054923,PP
362,Morgun,Culy,mculya1@joomla.org,Male,$146494.38,900622149,PP
363,Ulrika,Byers,ubyersa2@answers.com,Female,$103653.00,1043765332,CC
364,Jyoti,Parlot,jparlota3@photobucket.com,Female,$656924.32,935454776,PP
365,Agnola,Varah,avaraha4@hostgator.com,Female,$376934.31,412511501,CC
366,Estrella,Surmeyer,esurmeyera5@nhs.uk,Female,$719915.64,331223623,PP
367,Carlyn,Geoghegan,cgeoghegana6@ebay.co.uk,Female,$421715.07,896580881,IT
368,Roanna,Eglise,reglisea7@weebly.com,Female,$444750.30,751442055,IT
369,Ephraim,Persence,epersencea8@liveinternet.ru,Male,$923632.73,172579629,PP
370,Hinze,Alywen,halywena9@acquirethisname.com,Male,$997813.08,1018454254,IT
371,Caspar,Sayton,csaytonaa@ebay.co.uk,Male,$129111.48,772620784,CC
372,Madella,Eddison,meddisonab@seesaa.net,Female,$983736.32,346984049,CC
373,Tiphanie,Sibbert,tsibbertac@house.gov,Female,$164760.60,79262525,CC
374,Neysa,Bysouth,nbysouthad@sitemeter.com,Female,$925660.41,170335393,PP
375,Annice,Gorey,agoreyae@surveymonkey.com,Female,$619874.16,625448257,IT
376,Sarina,Bursnall,sbursnallaf@youku.com,Female,$845742.70,245559813,CC
377,Cara,Pendry,cpendryag@nba.com,Female,$479528.07,818083327,CC
378,Powell,Palser,ppalserah@uiuc.edu,Male,$812140.45,193660986,PP
379,Barn,Elloit,belloitai@about.com,Male,$752344.55,881038238,CC
380,Waiter,Braunthal,wbraunthalaj@bloglines.com,Male,$558801.05,1006936150,IT
381,Melesa,Goldine,mgoldineak@webmd.com,Female,$600811.11,325692017,PP
382,Berky,Kalisz,bkaliszal@elpais.com,Male,$351709.97,988348281,PP
383,Roi,Morton,rmortonam@mtv.com,Male,$160091.62,423260782,CC
384,Salvatore,Duligal,sduligalan@ezinearticles.com,Male,$754761.08,341168636,PP
385,Arabele,Lydiatt,alydiattao@guardian.co.uk,Female,$578857.22,337372923,PP
386,Cob,Hanscomb,chanscombap@nhs.uk,Male,$389646.03,1021496993,IT
387,Christa,Ottosen,cottosenaq@arizona.edu,Female,$600487.31,799029913,CC
388,Minette,Bleackley,mbleackleyar@123-reg.co.uk,Female,$335833.55,391699540,PP
389,Rustin,Menichino,rmenichinoas@geocities.jp,Male,$626535.21,320356915,CC
390,Skipton,McGillacoell,smcgillacoellat@forbes.com,Male,$348223.01,996712433,PP
391,Diane,Karmel,dkarmelau@purevolume.com,Female,$146600.36,153205007,PP
392,Kirsteni,Limeburner,klimeburnerav@unblog.fr,Female,$336971.95,597039693,PP
393,Tyson,Petti,tpettiaw@shop-pro.jp,Male,$602118.29,638090162,PP
394,Andriana,Clayworth,aclayworthax@indiatimes.com,Female,$598192.25,260125983,IT
395,Lezley,Deverall,ldeverallay@mediafire.com,Male,$731422.39,975577171,PP
396,Maryjo,Quartley,mquartleyaz@behance.net,Female,$369410.80,39666994,IT
397,Ignaz,Dureden,iduredenb0@csmonitor.com,Male,$337275.98,1011283807,CC
398,Jackson,Hearfield,jhearfieldb1@go.com,Male,$955093.98,672726463,CC
399,Torrie,Isacq,tisacqb2@dmoz.org,Female,$945688.21,850839132,CC
400,Kiah,Burgess,kburgessb3@baidu.com,Female,$720521.42,963788660,PP
401,Nonah,Merrett,nmerrettb4@cmu.edu,Female,$466041.74,752107571,CC
402,Rafferty,Grosier,rgrosierb5@shareasale.com,Male,$500682.24,792041890,CC
403,Lotta,Robillart,lrobillartb6@clickbank.net,Female,$906121.02,226920368,PP
404,Dov,Howle,dhowleb7@a8.net,Male,$170644.85,771759450,CC
405,Ciro,Twyford,ctwyfordb8@chronoengine.com,Male,$800423.49,824322855,IT
406,Barry,Fevier,bfevierb9@liveinternet.ru,Female,$560962.58,812638010,PP
407,Tonnie,Ortes,tortesba@nymag.com,Male,$795142.21,326670704,CC
408,Eadmund,Bartolomeo,ebartolomeobb@microsoft.com,Male,$185360.98,73103110,IT
409,Kellen,Noe,knoebc@youku.com,Female,$304400.99,638669490,PP
410,Hermy,Mingay,hmingaybd@youtube.com,Male,$654521.90,144623261,IT
411,Ettore,Marcoolyn,emarcoolynbe@dot.gov,Male,$241078.84,814534363,PP
412,Nial,Harberer,nharbererbf@eventbrite.com,Male,$221130.46,245022653,IT
413,Neddie,Deam,ndeambg@instagram.com,Male,$609715.22,558627445,CC
414,Elana,Ubsdale,eubsdalebh@jalbum.net,Female,$922112.95,806498478,CC
415,Cristy,Font,cfontbi@blog.com,Female,$217143.56,816272816,PP
416,Lanna,Medlen,lmedlenbj@bravesites.com,Female,$559843.16,386752250,IT
417,Lisle,Desantis,ldesantisbk@shareasale.com,Male,$920993.13,230085926,CC
418,Giuseppe,Dreinan,gdreinanbl@symantec.com,Male,$401576.31,731093527,CC
419,Elias,Mushart,emushartbm@deliciousdays.com,Male,$191484.40,959378626,PP
420,Grady,Kirman,gkirmanbn@paypal.com,Male,$378337.55,60138787,CC
421,Joly,Kittles,jkittlesbo@oaic.gov.au,Female,$453701.19,710517523,CC
422,Giffy,Chifney,gchifneybp@sakura.ne.jp,Male,$476687.04,518806082,CC
423,Ellery,Egar,eegarbq@dmoz.org,Male,$458805.40,883481811,CC
424,Maggie,Sygroves,msygrovesbr@123-reg.co.uk,Female,$442303.95,127512254,IT
425,Alan,Lambart,alambartbs@dion.ne.jp,Male,$299442.23,438821639,CC
426,Annmaria,Ulrik,aulrikbt@washington.edu,Female,$408957.54,473765841,PP
427,Torie,Slixby,tslixbybu@networksolutions.com,Female,$600735.10,472403271,IT
428,Mirabel,McTrustam,mmctrustambv@mail.ru,Female,$330988.70,497837119,IT
429,Pablo,Rigmond,prigmondbw@omniture.com,Male,$746267.37,514286360,CC
430,Mal,Oppy,moppybx@aboutads.info,Male,$272877.63,272167758,PP
431,Jereme,Fawson,jfawsonby@google.es,Male,$703045.60,45421019,CC
432,Faun,Pickwell,fpickwellbz@google.es,Female,$912024.05,35659745,PP
433,Charis,McCrainor,cmccrainorc0@telegraph.co.uk,Female,$223218.51,417470979,CC
434,Gonzales,Jozefiak,gjozefiakc1@usgs.gov,Male,$470746.55,628715856,CC
435,Catrina,Overell,coverellc2@samsung.com,Female,$306476.24,745701915,CC
436,Nichols,Vanyashkin,nvanyashkinc3@acquirethisname.com,Male,$185579.11,326864705,CC
437,Jacynth,Vlies,jvliesc4@hugedomains.com,Female,$143111.97,684842225,PP
438,Monty,Geillier,mgeillierc5@usnews.com,Male,$833183.95,641966859,IT
439,Kelvin,Okenden,kokendenc6@dailymail.co.uk,Male,$265764.30,108354554,PP
440,Iormina,Humble,ihumblec7@techcrunch.com,Female,$109055.41,989528651,PP
441,Frederich,Batters,fbattersc8@icio.us,Male,$904911.21,364040969,CC
442,Peta,Peaddie,ppeaddiec9@pinterest.com,Female,$839952.56,775433789,PP
443,Christean,Insoll,cinsollca@behance.net,Female,$692513.19,848419772,PP
444,Nike,Hounsom,nhounsomcb@fema.gov,Female,$189064.51,439809019,PP
445,Bartholemy,Ayscough,bayscoughcc@g.co,Male,$921213.40,791241752,IT
446,Isacco,Tann,itanncd@diigo.com,Male,$282845.68,717915731,IT
447,Margy,Parzis,mparzisce@pcworld.com,Female,$594518.62,968922172,IT
448,Hillel,Mawd,hmawdcf@archive.org,Male,$458215.61,624275539,PP
449,Cyndia,Yanez,cyanezcg@google.nl,Female,$287194.05,139504027,CC
450,Janetta,Spinello,jspinelloch@soup.io,Female,$201433.71,239625999,IT
451,Mag,Foss,mfossci@cargocollective.com,Female,$115447.17,342693216,CC
452,Shirline,Voysey,svoyseycj@geocities.jp,Female,$466176.94,655970654,CC
453,Tannie,Reolfi,treolfick@oaic.gov.au,Male,$372779.61,414596447,IT
454,Greg,Pallasch,gpallaschcl@instagram.com,Male,$598630.19,286451975,IT
455,Euell,Bonham,ebonhamcm@ox.ac.uk,Male,$978952.67,882915879,PP
456,Lanae,Gerard,lgerardcn@list-manage.com,Female,$185227.05,477325471,PP
457,Standford,Rosenthal,srosenthalco@house.gov,Male,$403212.86,386140607,CC
458,Marcelo,Gillyatt,mgillyattcp@hatena.ne.jp,Male,$145281.91,32269129,PP
459,Sergei,Hearfield,shearfieldcq@cam.ac.uk,Male,$704946.79,614807186,CC
460,Rosana,Ive,rivecr@rakuten.co.jp,Female,$613492.51,975040015,CC
461,Rodrique,Culter,rcultercs@alibaba.com,Male,$432244.60,538064248,IT
462,Ilario,Harhoff,iharhoffct@about.me,Male,$840337.31,616187802,IT
463,Violet,Owtram,vowtramcu@state.tx.us,Female,$268704.96,1039306065,CC
464,Sam,Magee,smageecv@sciencedaily.com,Female,$910445.48,597304347,IT
465,Leon,Blueman,lbluemancw@slate.com,Male,$308759.56,103473268,CC
466,Shauna,Loachhead,sloachheadcx@tuttocitta.it,Female,$499024.76,104533935,IT
467,Rosaleen,Bentinck,rbentinckcy@ft.com,Female,$566004.11,1040417655,CC
468,Corabella,Bwy,cbwycz@illinois.edu,Female,$509845.41,953770705,CC
469,Perry,Bickerdike,pbickerdiked0@auda.org.au,Male,$462068.06,1000081144,CC
470,Barthel,Levy,blevyd1@europa.eu,Male,$744047.51,548376977,PP
471,Kyle,Starkey,kstarkeyd2@deviantart.com,Male,$437238.56,20720934,CC
472,Charissa,Dinjes,cdinjesd3@dmoz.org,Female,$439392.70,575694386,CC
473,Rey,Laden,rladend4@altervista.org,Female,$294637.03,754104077,PP
474,Tiffy,Tanzer,ttanzerd5@blogs.com,Female,$578336.40,1002008712,IT
475,Gerry,Barnardo,gbarnardod6@edublogs.org,Male,$694148.78,879739515,CC
476,Banky,Dowding,bdowdingd7@sphinn.com,Male,$826432.93,505299448,IT
477,Barnett,Petschelt,bpetscheltd8@dmoz.org,Male,$115925.26,197743197,PP
478,Welsh,Stoven,wstovend9@goo.gl,Male,$936190.55,267805045,PP
479,Jasmine,Hause,jhauseda@uol.com.br,Female,$912646.18,541065218,CC
480,Tomi,Cowitz,tcowitzdb@wordpress.org,Female,$263017.41,255739612,PP
481,Ricardo,Kemetz,rkemetzdc@istockphoto.com,Male,$169338.59,370045686,CC
482,Martita,Renals,mrenalsdd@printfriendly.com,Female,$121115.25,773333253,IT
483,Samantha,Budibent,sbudibentde@edublogs.org,Female,$959811.10,92422001,IT
484,Doralyn,Largen,dlargendf@wufoo.com,Female,$638870.54,823547622,PP
485,Farrand,Lempke,flempkedg@163.com,Female,$791733.59,477748662,CC
486,Garrik,Gedney,ggedneydh@ftc.gov,Male,$608776.56,715091471,IT
487,Kurtis,Di Filippo,kdifilippodi@disqus.com,Male,$411189.98,205637319,CC
488,Fair,Jordon,fjordondj@wsj.com,Male,$661291.78,1004406393,PP
489,Stewart,Breese,sbreesedk@hibu.com,Male,$920968.56,330532354,IT
490,Drusi,Creffeild,dcreffeilddl@pinterest.com,Female,$164297.99,1038592623,PP
491,Madel,Erskin,merskindm@cargocollective.com,Female,$693561.53,853214301,PP
492,Harvey,Claussen,hclaussendn@ucla.edu,Male,$291131.68,923100348,PP
493,Gwendolin,Hackley,ghackleydo@example.com,Female,$827117.00,549308482,CC
494,Emili,Pusill,epusilldp@foxnews.com,Female,$962344.49,131326577,CC
495,Jemmy,Fernez,jfernezdq@aol.com,Female,$366804.98,104903877,IT
496,Lurline,MacNeil,lmacneildr@bbb.org,Female,$840669.22,120612138,IT
497,Woodman,Valek,wvalekds@quantcast.com,Male,$299983.41,820874396,CC
498,Terry,Karus,tkarusdt@npr.org,Male,$920206.45,920171145,PP
499,Daron,Stiddard,dstiddarddu@last.fm,Male,$623342.57,743195415,CC
500,Chandra,Okenden,cokendendv@ebay.co.uk,Female,$373466.61,684117851,IT
501,Theodor,Glisenan,tglisenandw@storify.com,Male,$259877.65,525125532,PP
502,Hobard,Postians,hpostiansdx@biblegateway.com,Male,$945945.40,384109753,IT
503,Armando,Stanistreet,astanistreetdy@reuters.com,Male,$197337.99,968760447,PP
504,Katerine,Checketts,kcheckettsdz@nps.gov,Female,$813165.32,291131032,IT
505,Irwin,Goodier,igoodiere0@slashdot.org,Male,$420933.92,1042127943,CC
506,Lacie,Houdmont,lhoudmonte1@reverbnation.com,Female,$476387.51,424677659,IT
507,Emmy,Caruth,ecaruthe2@plala.or.jp,Male,$353488.57,291414250,IT
508,Stacy,Calderon,scalderone3@tripadvisor.com,Female,$831917.15,100259845,CC
509,Idelle,Terbeck,iterbecke4@squarespace.com,Female,$676471.01,434608895,PP
510,Husain,Josiah,hjosiahe5@ovh.net,Male,$409994.53,50026761,CC
511,Thomasina,Meadway,tmeadwaye6@github.com,Female,$334448.12,1036697026,PP
512,Ammamaria,Upcraft,aupcrafte7@aboutads.info,Female,$522299.45,235262183,CC
513,Bernie,Gosalvez,bgosalveze8@psu.edu,Male,$886774.94,402569634,CC
514,Domenic,Moger,dmogere9@hhs.gov,Male,$660337.04,160833052,PP
515,Dwight,Mycroft,dmycroftea@mayoclinic.com,Male,$533306.85,299686680,CC
516,Tuckie,Tommaseo,ttommaseoeb@miitbeian.gov.cn,Male,$322609.98,15730655,CC
517,Marti,O'Henehan,mohenehanec@jalbum.net,Female,$202969.42,36101748,PP
518,Linus,Francombe,lfrancombeed@squarespace.com,Male,$834246.61,620861428,IT
519,Annabelle,Pohling,apohlingee@statcounter.com,Female,$861977.50,687170238,CC
520,Nicolais,Dyott,ndyottef@wired.com,Male,$759327.02,374685003,PP
521,Ranee,Normanvill,rnormanvilleg@marketwatch.com,Female,$630753.37,384951136,CC
522,Gaby,Mingasson,gmingassoneh@sourceforge.net,Female,$228671.15,723578877,PP
523,Rafi,McGuire,rmcguireei@desdev.cn,Male,$144856.09,945249729,PP
524,Geno,Stedell,gstedellej@imdb.com,Male,$491469.97,305514720,PP
525,Hilario,Barnewille,hbarnewilleek@arstechnica.com,Male,$728939.83,298345831,IT
526,Lou,Gillow,lgillowel@dedecms.com,Male,$478711.07,197859778,CC
527,Augustina,Domney,adomneyem@wordpress.com,Female,$244947.76,950955508,IT
528,Alexander,Arrington,aarringtonen@pinterest.com,Male,$202623.85,369799317,IT
529,Marillin,Doddemeade,mdoddemeadeeo@elpais.com,Female,$775438.76,434175587,CC
530,Merissa,Prangle,mprangleep@ftc.gov,Female,$239332.38,644667763,CC
531,Abey,Davidson,adavidsoneq@ehow.com,Male,$482526.47,874222939,IT
532,Arda,Iddens,aiddenser@answers.com,Female,$834110.15,572751350,PP
533,Nickolai,Polye,npolyees@a8.net,Male,$560159.58,886596106,IT
534,Tiertza,Loude,tloudeet@ezinearticles.com,Female,$367816.70,467603001,IT
535,Jerry,Pillinger,jpillingereu@diigo.com,Female,$119726.55,419553384,PP
536,Patrizius,Becraft,pbecraftev@prlog.org,Male,$386936.73,423718992,PP
537,Giuseppe,Wildin,gwildinew@ow.ly,Male,$192926.13,365317886,PP
538,Delmer,Whiff,dwhiffex@wordpress.org,Male,$478850.76,520854062,PP
539,Herold,Dillet,hdilletey@unicef.org,Male,$370431.65,637258876,CC
540,Earle,Bench,ebenchez@hostgator.com,Male,$737141.89,318447433,PP
541,Kevon,Caustic,kcausticf0@amazon.co.jp,Male,$731574.83,496055811,CC
542,Leese,Brazer,lbrazerf1@cbc.ca,Female,$510856.23,972710695,CC
543,Humbert,Rands,hrandsf2@psu.edu,Male,$912489.56,38630705,PP
544,Shirl,Cracknall,scracknallf3@pinterest.com,Female,$853776.96,300179439,PP
545,Nickolas,Swanton,nswantonf4@irs.gov,Male,$210680.39,145997489,IT
546,Marline,Moors,mmoorsf5@newyorker.com,Female,$539309.58,292607110,PP
547,Rollo,Lent,rlentf6@aboutads.info,Male,$467695.68,925015853,CC
548,Elenore,Casin,ecasinf7@privacy.gov.au,Female,$652199.23,160810780,IT
549,Langsdon,Merrgen,lmerrgenf8@list-manage.com,Male,$709372.57,783851113,PP
550,Benedetto,Whapple,bwhapplef9@gnu.org,Male,$113750.98,764614964,PP
551,Sonja,Danilchev,sdanilchevfa@prweb.com,Female,$785899.07,407767609,PP
552,Georgianna,Bachshell,gbachshellfb@wikia.com,Female,$508417.27,316017236,CC
553,Dacie,Praill,dpraillfc@examiner.com,Female,$551633.90,930601048,CC
554,Eleanora,Berthomieu,eberthomieufd@webmd.com,Female,$803986.16,633714287,PP
555,Noe,Chauvey,nchauveyfe@cam.ac.uk,Male,$734761.15,745974219,PP
556,Melli,Kirsopp,mkirsoppff@loc.gov,Female,$727218.20,256191820,PP
557,Timothee,Willishire,twillishirefg@nature.com,Male,$841181.41,227756931,CC
558,Monti,Melbury,mmelburyfh@va.gov,Male,$682170.84,811879746,IT
559,Jdavie,Gossipin,jgossipinfi@microsoft.com,Male,$220592.60,180254319,PP
560,Claude,Strang,cstrangfj@tiny.cc,Female,$143735.62,69966827,CC
561,Malissa,Normanell,mnormanellfk@nsw.gov.au,Female,$251779.88,32235407,PP
562,Anthiathia,Zecchi,azecchifl@amazonaws.com,Female,$721283.62,434234480,CC
563,Edmund,Matschke,ematschkefm@forbes.com,Male,$618880.30,1027722779,CC
564,Yorgos,Dallimare,ydallimarefn@ifeng.com,Male,$516764.89,653900804,IT
565,Starr,Bellay,sbellayfo@yahoo.co.jp,Female,$709870.85,493982607,CC
566,Lynda,Lynds,llyndsfp@vistaprint.com,Female,$506156.54,675294690,IT
567,Reg,Hutchason,rhutchasonfq@usa.gov,Male,$766295.36,183277374,IT
568,Guinevere,Toffel,gtoffelfr@naver.com,Female,$866553.82,433267590,CC
569,Franklin,Dadd,fdaddfs@jimdo.com,Male,$613965.11,117404135,PP
570,Michaella,Heaney`,mheaneyft@jimdo.com,Female,$547982.43,409023204,CC
571,Carlita,Toping,ctopingfu@scientificamerican.com,Female,$860151.71,1028474679,PP
572,Lethia,Chatenier,lchatenierfv@mapquest.com,Female,$721594.35,511160090,PP
573,Holden,Danielis,hdanielisfw@arizona.edu,Male,$457753.11,302160705,IT
574,Igor,Boleyn,iboleynfx@last.fm,Male,$354318.91,32821692,CC
575,Zak,Spofforth,zspofforthfy@wunderground.com,Male,$726851.91,291145108,PP
576,Aileen,Feild,afeildfz@reference.com,Female,$250426.05,875070911,IT
577,Harri,Macconachy,hmacconachyg0@wired.com,Female,$874327.01,436331087,IT
578,Gussi,Van Halle,gvanhalleg1@xing.com,Female,$308893.14,355373900,PP
579,Barrie,Rennebach,brennebachg2@wordpress.com,Female,$826874.07,734380011,IT
580,Mehetabel,Dungate,mdungateg3@archive.org,Female,$470309.74,151178798,IT
581,Aylmer,Upham,auphamg4@bloglines.com,Male,$780420.48,538130996,IT
582,Hagan,Gland,hglandg5@rambler.ru,Male,$747806.96,555746220,PP
583,Buddy,Mattheus,bmattheusg6@wikia.com,Male,$732666.28,777435953,CC
584,Becca,Sinnock,bsinnockg7@blinklist.com,Female,$312092.52,163086637,IT
585,Lazarus,Muskett,lmuskettg8@discuz.net,Male,$907613.54,533641181,CC
586,Keane,Grisbrook,kgrisbrookg9@barnesandnoble.com,Male,$889014.91,857379573,IT
587,Roley,Sier,rsierga@yale.edu,Male,$224162.44,336158257,IT
588,Cordy,Currao,ccurraogb@fda.gov,Male,$730718.16,278288170,CC
589,Milka,Glaserman,mglasermangc@godaddy.com,Female,$965630.98,325876921,PP
590,Ninette,Dotson,ndotsongd@hostgator.com,Female,$649291.62,522916603,PP
591,Saidee,Heditch,sheditchge@toplist.cz,Female,$698519.31,485431153,CC
592,Alvy,Nappin,anappingf@sun.com,Male,$236693.00,463388738,CC
593,Elga,Ninnis,eninnisgg@blogger.com,Female,$702804.63,655579862,CC
594,Teddie,Wrench,twrenchgh@uiuc.edu,Male,$307352.27,740950893,IT
595,Hy,Northcote,hnorthcotegi@cloudflare.com,Male,$652108.65,266667155,CC
596,Bastien,Augustus,baugustusgj@angelfire.com,Male,$915925.47,262474633,IT
597,Pollyanna,Sharper,psharpergk@loc.gov,Female,$742232.59,333581845,IT
598,Gordy,Martinson,gmartinsongl@t.co,Male,$430504.58,378166490,CC
599,Remington,Antunez,rantunezgm@1688.com,Male,$982255.45,322636326,IT
600,Lynea,Harden,lhardengn@dmoz.org,Female,$844374.51,513396590,PP
601,Ahmad,Mawtus,amawtusgo@amazonaws.com,Male,$749538.75,442021731,PP
602,Vonnie,Rosettini,vrosettinigp@xinhuanet.com,Female,$243552.79,662091882,IT
603,Auria,Semerad,asemeradgq@angelfire.com,Female,$266360.80,698067736,CC
604,Henrietta,Brittain,hbrittaingr@dmoz.org,Female,$631908.46,123598919,PP
605,Miof mela,Gash,mgashgs@diigo.com,Female,$252660.09,548487348,IT
606,Bronson,Collard,bcollardgt@hhs.gov,Male,$147102.84,762536996,PP
607,Emile,Legerwood,elegerwoodgu@webnode.com,Male,$447933.89,995812268,IT
608,Gavrielle,Gollin,ggollingv@mozilla.org,Female,$560190.07,888476597,PP
609,Casper,Eldrid,celdridgw@google.fr,Male,$157087.91,536250151,CC
610,Tobi,Trevorrow,ttrevorrowgx@ameblo.jp,Female,$637244.51,776790129,PP
611,Darnall,Pharaoh,dpharaohgy@clickbank.net,Male,$965172.75,491726607,IT
612,Ossie,Faircliff,ofaircliffgz@hubpages.com,Male,$429281.75,841527956,IT
613,Mady,Gold,mgoldh0@drupal.org,Female,$384122.08,82080039,PP
614,Gamaliel,Fahrenbacher,gfahrenbacherh1@people.com.cn,Male,$890043.11,844571731,CC
615,Rutledge,Tate,rtateh2@scientificamerican.com,Male,$303955.25,132501649,CC
616,Bonny,Hrus,bhrush3@techcrunch.com,Female,$978110.68,459461369,IT
617,Ulysses,Rolfe,urolfeh4@yelp.com,Male,$829696.39,337607398,IT
618,Wiley,Coker,wcokerh5@chronoengine.com,Male,$711269.84,955814158,IT
619,Debora,Partington,dpartingtonh6@imgur.com,Female,$251415.41,418821166,CC
620,Geno,Corness,gcornessh7@icq.com,Male,$914438.69,1017783036,IT
621,Merna,Kareman,mkaremanh8@furl.net,Female,$577577.47,242012788,IT
622,Georges,Winram,gwinramh9@businessinsider.com,Male,$317891.21,1019406358,CC
623,Silvano,Knapper,sknapperha@shop-pro.jp,Male,$918426.74,96202552,CC
624,Cecil,Tremellan,ctremellanhb@i2i.jp,Female,$668303.22,659284235,IT
625,Peri,Abrahm,pabrahmhc@devhub.com,Female,$675054.63,1017177798,IT
626,Wilhelm,Slot,wslothd@list-manage.com,Male,$666657.73,908472922,CC
627,Melodee,Cluley,mcluleyhe@unesco.org,Female,$370780.44,913215663,CC
628,Wesley,Aumerle,waumerlehf@netvibes.com,Male,$190603.47,336929940,IT
629,Betteanne,Guierre,bguierrehg@bloomberg.com,Female,$969731.21,766347116,CC
630,Nedda,Chattoe,nchattoehh@opera.com,Female,$689482.26,553778848,PP
631,Devan,Lathaye,dlathayehi@telegraph.co.uk,Female,$192722.32,747431758,IT
632,Inger,Huckabe,ihuckabehj@drupal.org,Female,$662124.12,656582597,PP
633,Carrie,Le Page,clepagehk@marriott.com,Female,$154940.84,128691404,CC
634,Petronia,Di Batista,pdibatistahl@angelfire.com,Female,$604018.72,383592923,CC
635,Timofei,Madeley,tmadeleyhm@stanford.edu,Male,$892618.00,173062531,PP
636,Selia,Humburton,shumburtonhn@a8.net,Female,$138616.48,263988797,CC
637,Christoph,Curgenven,ccurgenvenho@jigsy.com,Male,$413279.84,370199819,IT
638,Lorant,Gethyn,lgethynhp@furl.net,Male,$655216.75,442728315,PP
639,Latashia,Roft,lrofthq@businesswire.com,Female,$789975.05,24568207,CC
640,Rosalyn,Graser,rgraserhr@vkontakte.ru,Female,$445001.01,863565846,IT
641,Kerk,Farrant,kfarranths@baidu.com,Male,$274052.74,540494267,CC
642,Darrel,Gierardi,dgierardiht@fotki.com,Male,$566008.92,324904790,IT
643,Hallie,Chaves,hchaveshu@uol.com.br,Female,$774424.16,918869583,IT
644,Nealson,Meyrick,nmeyrickhv@sourceforge.net,Male,$642671.32,179173143,IT
645,Scotti,Alelsandrowicz,salelsandrowiczhw@etsy.com,Male,$591358.68,33679252,PP
646,Aprilette,Tue,atuehx@seesaa.net,Female,$239779.81,414062565,CC
647,Randi,O'Fallowne,rofallownehy@patch.com,Female,$858893.92,389762691,PP
648,Benedikta,Josuweit,bjosuweithz@jalbum.net,Female,$294036.90,1003189183,IT
649,Anna-maria,Laverty,alavertyi0@stanford.edu,Female,$728611.28,756389166,IT
650,Tommy,Abrahami,tabrahamii1@etsy.com,Male,$657632.88,703770538,IT
651,Lonna,Soot,lsooti2@about.me,Female,$582520.08,636077004,IT
652,Claus,Mosey,cmoseyi3@ask.com,Male,$587619.22,507222894,PP
653,Constantin,Ninnotti,cninnottii4@about.com,Male,$133542.55,1037320682,IT
654,Fulton,Carletti,fcarlettii5@live.com,Male,$528869.27,461485596,PP
655,Felipe,Eccles,fecclesi6@drupal.org,Male,$446174.70,565890017,PP
656,Tobiah,Snooks,tsnooksi7@sphinn.com,Male,$238954.52,398231180,IT
657,Aloisia,Dunckley,adunckleyi8@php.net,Female,$935298.57,855941965,IT
658,Freda,Cohane,fcohanei9@google.it,Female,$939082.72,318759901,CC
659,Joycelin,McLucky,jmcluckyia@japanpost.jp,Female,$279407.00,540625695,PP
660,Beryle,Veryard,bveryardib@cmu.edu,Female,$740162.40,356742333,IT
661,Kat,Geal,kgealic@si.edu,Female,$418562.17,541824018,IT
662,Silvie,Guymer,sguymerid@ucoz.com,Female,$991469.97,985584447,IT
663,Ileana,Stapele,istapeleie@mac.com,Female,$749006.90,189575478,PP
664,Esteban,Thornbarrow,ethornbarrowif@bluehost.com,Male,$380007.02,258044889,IT
665,Cathrine,Treswell,ctreswellig@constantcontact.com,Female,$120177.70,548787142,CC
666,Nelson,Trebble,ntrebbleih@harvard.edu,Male,$434080.02,43079707,CC
667,Carmine,Throssell,cthrossellii@slashdot.org,Male,$781107.69,993801302,IT
668,Georas,July,gjulyij@marketwatch.com,Male,$273378.76,831795337,PP
669,Ginger,Eckhard,geckhardik@java.com,Female,$440407.20,878959908,PP
670,Minnnie,Tift,mtiftil@hc360.com,Female,$303739.28,41024045,CC
671,Rois,Tatteshall,rtatteshallim@google.cn,Female,$986206.25,81620079,CC
672,Clayborn,Holdin,choldinin@paginegialle.it,Male,$506037.96,525730682,CC
673,Benn,Fotitt,bfotittio@jugem.jp,Male,$611085.72,339865380,IT
674,Fitz,Brockelsby,fbrockelsbyip@wunderground.com,Male,$158256.52,206164212,PP
675,Celia,Drage,cdrageiq@instagram.com,Female,$770501.93,293848965,CC
676,Josefa,Lloyd,jlloydir@upenn.edu,Female,$137922.46,460466236,CC
677,Kelila,Chipman,kchipmanis@wordpress.com,Female,$987954.58,153923109,PP
678,Dale,Keady,dkeadyit@ca.gov,Male,$116695.50,993930641,PP
679,Lucais,Gravestone,lgravestoneiu@topsy.com,Male,$275461.41,824384444,CC
680,Farlee,Runcieman,frunciemaniv@springer.com,Male,$594409.88,194166107,IT
681,Ynes,Biasio,ybiasioiw@sogou.com,Female,$152289.24,804626672,CC
682,Marcelline,Schimon,mschimonix@baidu.com,Female,$213765.11,592375921,CC
683,Jeniece,Gillooly,jgilloolyiy@pagesperso-orange.fr,Female,$927554.99,902236379,CC
684,Boycie,Bolzmann,bbolzmanniz@disqus.com,Male,$570714.31,590805551,PP
685,Hestia,Lanmeid,hlanmeidj0@senate.gov,Female,$878980.01,848371826,PP
686,Batholomew,O'Connel,boconnelj1@cmu.edu,Male,$110319.58,445575109,CC
687,Carlin,McJury,cmcjuryj2@diigo.com,Male,$196600.10,891289949,IT
688,Gerda,Beament,gbeamentj3@squidoo.com,Female,$273426.78,948713665,PP
689,Vick,Anelay,vanelayj4@google.es,Male,$724214.04,581927413,PP
690,Mateo,Nary,mnaryj5@devhub.com,Male,$950788.05,971420409,CC
691,Rancell,Rawsthorne,rrawsthornej6@netlog.com,Male,$660942.62,790612108,PP
692,Bea,Cromar,bcromarj7@csmonitor.com,Female,$327064.70,279240184,PP
693,Gerhardt,Letterese,gletteresej8@ucla.edu,Male,$303944.21,1029710843,CC
694,Fidela,Atchly,fatchlyj9@sciencedaily.com,Female,$436302.52,861363283,CC
695,Pattie,Aslin,paslinja@livejournal.com,Male,$921577.05,114414841,PP
696,Donovan,Quadri,dquadrijb@usgs.gov,Male,$976842.83,283717498,PP
697,Valentijn,Napleton,vnapletonjc@domainmarket.com,Male,$952032.55,755314993,PP
698,Moore,Forrest,mforrestjd@yellowbook.com,Male,$702251.33,546195642,IT
699,Hillery,Beagrie,hbeagrieje@51.la,Male,$209634.96,295883442,IT
700,Derrick,Effemy,deffemyjf@theguardian.com,Male,$209218.75,172123579,CC
701,Magdalen,Duce,mducejg@state.gov,Female,$632130.52,789659809,IT
702,Drew,Dolohunty,ddolohuntyjh@last.fm,Male,$433178.70,195160074,CC
703,Rog,MacKellar,rmackellarji@unblog.fr,Male,$504657.56,33108366,CC
704,Lanie,Agass,lagassjj@nifty.com,Female,$370635.61,866887220,CC
705,Arin,Cherryman,acherrymanjk@google.com.br,Male,$497963.14,150243224,IT
706,Rosa,Brient,rbrientjl@uol.com.br,Female,$447661.40,917314156,CC
707,Gloriane,Doniso,gdonisojm@dell.com,Female,$486174.56,307046310,IT
708,Petronilla,Divers,pdiversjn@whitehouse.gov,Female,$637598.27,827664091,CC
709,Conrado,Aimeric,caimericjo@boston.com,Male,$369094.40,967161719,PP
710,Waldo,Saintsbury,wsaintsburyjp@blogs.com,Male,$541560.07,642673316,CC
711,Alphonso,Forrestor,aforrestorjq@cdbaby.com,Male,$282744.85,419847840,PP
712,Maddalena,Troutbeck,mtroutbeckjr@discuz.net,Female,$330030.45,1010295084,PP
713,Katharina,Lowes,klowesjs@desdev.cn,Female,$432633.16,80619762,IT
714,Hadrian,Tame,htamejt@cam.ac.uk,Male,$333980.27,263965173,PP
715,Karylin,Issacoff,kissacoffju@xing.com,Female,$381733.24,464292567,IT
716,Janela,Capsey,jcapseyjv@bloglines.com,Female,$852225.34,933897074,PP
717,Ellary,Killelea,ekilleleajw@nifty.com,Male,$568169.37,67649385,CC
718,Jeana,Backman,jbackmanjx@narod.ru,Female,$390263.99,828543966,PP
719,Drew,Cassells,dcassellsjy@theglobeandmail.com,Male,$821821.08,188381039,IT
720,Lorettalorna,Purchall,lpurchalljz@ox.ac.uk,Female,$173501.10,140753389,PP
721,Carce,Loughren,cloughrenk0@dedecms.com,Male,$983840.01,970504122,CC
722,Templeton,Sendley,tsendleyk1@soup.io,Male,$192309.79,129119619,CC
723,Jaye,Maleney,jmaleneyk2@redcross.org,Male,$255051.64,1005936025,PP
724,Wat,Minero,wminerok3@lulu.com,Male,$231337.26,432977429,PP
725,Ammamaria,Cabral,acabralk4@naver.com,Female,$561656.51,211392685,PP
726,Lucia,Conachie,lconachiek5@domainmarket.com,Female,$205157.99,712850310,CC
727,Aldous,Leydon,aleydonk6@bbb.org,Male,$373029.26,720183136,IT
728,Kimbra,Cutcliffe,kcutcliffek7@hhs.gov,Female,$661230.51,884226810,PP
729,Almire,Rudham,arudhamk8@sitemeter.com,Female,$490576.74,648594542,IT
730,Bordy,Hertwell,bhertwellk9@photobucket.com,Male,$921992.22,223794790,PP
731,Heidi,Smardon,hsmardonka@qq.com,Female,$695402.14,550046279,CC
732,Elissa,Dabel,edabelkb@ycombinator.com,Female,$629085.83,512411122,PP
733,Sansone,Henricsson,shenricssonkc@imageshack.us,Male,$904212.98,802214597,IT
734,Bobbye,Cutchey,bcutcheykd@parallels.com,Female,$679109.79,218367647,PP
735,Rosene,Wakeley,rwakeleyke@yale.edu,Female,$972262.14,442687633,IT
736,Skelly,Van Leeuwen,svanleeuwenkf@typepad.com,Male,$774075.11,762822486,CC
737,Hewe,Dumpleton,hdumpletonkg@vk.com,Male,$230334.73,473841698,CC
738,Rollo,Rosentholer,rrosentholerkh@cdc.gov,Male,$409957.25,611960767,IT
739,Birdie,Roots,brootski@bloomberg.com,Female,$806327.29,229611656,PP
740,Delinda,Sparsholt,dsparsholtkj@wikipedia.org,Female,$617957.38,619848164,CC
741,Carmina,Schaumaker,cschaumakerkk@marketwatch.com,Female,$602473.57,365884504,IT
742,Phillie,Kellegher,pkellegherkl@un.org,Female,$609103.47,682203696,CC
743,Donny,Albon,dalbonkm@seattletimes.com,Male,$369190.56,496455932,IT
744,Nanice,Obee,nobeekn@opera.com,Female,$900287.91,353723471,IT
745,Odele,Middell,omiddellko@biglobe.ne.jp,Female,$313404.70,488067566,IT
746,Eolanda,Voas,evoaskp@biblegateway.com,Female,$418752.73,40459754,PP
747,Blaine,Mellon,bmellonkq@whitehouse.gov,Male,$147195.10,375121048,PP
748,Rodolph,Barnwall,rbarnwallkr@constantcontact.com,Male,$393610.92,428893960,IT
749,Sophie,Cottem,scottemks@desdev.cn,Female,$851830.88,394843608,IT
750,Tabitha,Coupland,tcouplandkt@t-online.de,Female,$822928.03,666028297,CC
751,Yankee,Dinneen,ydinneenku@census.gov,Male,$995465.91,170949286,CC
752,Siffre,Pollie,spolliekv@rambler.ru,Male,$467189.99,594604008,IT
753,Sheffield,Ions,sionskw@yellowbook.com,Male,$581926.02,21530932,PP
754,Zachariah,Bibey,zbibeykx@jiathis.com,Male,$829645.59,392484311,CC
755,Libbi,Fomichyov,lfomichyovky@shareasale.com,Female,$361970.85,355171531,IT
756,Garwin,Boylin,gboylinkz@baidu.com,Male,$569049.19,1039709750,IT
757,Carita,Tong,ctongl0@plala.or.jp,Female,$426014.67,800502739,CC
758,Carmel,Kloster,cklosterl1@hud.gov,Female,$732233.74,186035786,PP
759,Jonathon,Harvison,jharvisonl2@drupal.org,Male,$730900.15,948621533,CC
760,Heinrik,Moulsdall,hmoulsdalll3@tiny.cc,Male,$714745.22,567027824,PP
761,Chen,Stiven,cstivenl4@gizmodo.com,Male,$968424.47,890907723,CC
762,Lauree,Morgue,lmorguel5@amazon.com,Female,$419175.69,866825632,CC
763,Haley,Coulston,hcoulstonl6@nifty.com,Female,$425326.92,658049025,IT
764,Bennie,Grinnov,bgrinnovl7@samsung.com,Male,$332341.53,178895054,PP
765,Bayard,Mowday,bmowdayl8@google.nl,Male,$831994.56,702082250,IT
766,Leopold,Ind,lindl9@spiegel.de,Male,$884402.65,609386492,IT
767,Wendi,Leupoldt,wleupoldtla@zdnet.com,Female,$418126.36,362324040,PP
768,Barbara,Lasslett,blasslettlb@wufoo.com,Female,$574745.85,665911834,IT
769,Jimmy,Dollard,jdollardlc@amazon.de,Male,$236207.98,199104017,CC
770,Laurie,Simonnet,lsimonnetld@wunderground.com,Male,$123852.42,289349082,PP
771,Saundra,Mell,smellle@hubpages.com,Female,$737956.12,370420714,PP
772,Valentina,Geaveny,vgeavenylf@chron.com,Female,$706618.27,1006469813,IT
773,Malanie,Van Son,mvansonlg@shutterfly.com,Female,$855371.34,167889986,CC
774,Camila,Gascoyen,cgascoyenlh@alibaba.com,Female,$418487.78,800224054,IT
775,Kristofer,Calam,kcalamli@free.fr,Male,$336438.59,243742484,IT
776,Carmelle,Maides,cmaideslj@patch.com,Female,$213832.44,596516211,PP
777,Birch,Antat,bantatlk@flickr.com,Male,$725816.67,597106945,PP
778,Denys,Prowting,dprowtingll@globo.com,Female,$796939.33,80239530,CC
779,Esmeralda,Dikels,edikelslm@marriott.com,Female,$968642.64,650085674,CC
780,Abbe,Cleall,acleallln@theguardian.com,Female,$750897.70,252033154,CC
781,Cloe,Jakubiak,cjakubiaklo@angelfire.com,Female,$254497.99,569554339,PP
782,Derry,Fillingham,dfillinghamlp@phoca.cz,Male,$730480.11,952504167,PP
783,Archambault,Iverson,aiversonlq@abc.net.au,Male,$676012.30,89086092,PP
784,Reynolds,Possell,rposselllr@sakura.ne.jp,Male,$747654.83,894577937,PP
785,Giselle,Pursey,gpurseyls@google.com.hk,Female,$687915.81,314691758,CC
786,Doll,Scholer,dscholerlt@yellowbook.com,Female,$891118.44,213273653,IT
787,Aloise,Fitter,afitterlu@adobe.com,Female,$264668.11,740139472,CC
788,Charlot,Lowcock,clowcocklv@istockphoto.com,Female,$612276.67,395190861,IT
789,Mandel,Bayles,mbayleslw@cocolog-nifty.com,Male,$113567.55,240286887,PP
790,Freeland,Sprull,fsprulllx@businessweek.com,Male,$477641.44,552833674,PP
791,Carly,Ballchin,cballchinly@de.vu,Male,$988846.83,896179850,PP
792,Paolina,Ditchett,pditchettlz@soup.io,Female,$538964.74,774049727,PP
793,Ingunna,Loxdale,iloxdalem0@php.net,Female,$607185.66,539892456,CC
794,Cyndy,Otterwell,cotterwellm1@abc.net.au,Female,$326603.68,567824378,IT
795,Neil,Pyford,npyfordm2@aboutads.info,Male,$508329.83,578337394,IT
796,Inness,Sagrott,isagrottm3@newsvine.com,Male,$123986.76,990010640,IT
797,Edd,Barltrop,ebarltropm4@delicious.com,Male,$234939.05,830982839,PP
798,Reade,Attew,rattewm5@meetup.com,Male,$686983.85,641726707,CC
799,Adelice,Josskovitz,ajosskovitzm6@bbc.co.uk,Female,$909626.93,514617805,PP
800,Roddy,Rochewell,rrochewellm7@cnbc.com,Male,$404183.58,125963104,IT
801,Marris,Cordell,mcordellm8@baidu.com,Female,$205486.49,514014196,PP
802,Lucius,Diano,ldianom9@wordpress.com,Male,$384111.24,676572658,IT
803,Merna,Strathe,mstrathema@exblog.jp,Female,$930284.51,238359596,CC
804,Titus,Isard,tisardmb@aol.com,Male,$140209.19,941526609,IT
805,Guendolen,Wensley,gwensleymc@fotki.com,Female,$889496.70,959503402,PP
806,Ewen,Luparto,elupartomd@pinterest.com,Male,$510455.37,568149619,IT
807,Daryle,Ethridge,dethridgeme@pcworld.com,Male,$443709.45,145348618,CC
808,Rosamund,Daborn,rdabornmf@blogtalkradio.com,Female,$468164.82,207142625,CC
809,Granger,Kiddell,gkiddellmg@dyndns.org,Male,$582466.13,1040230282,PP
810,Willi,Baraclough,wbaracloughmh@slideshare.net,Male,$425333.04,132031332,CC
811,Bili,Klimsch,bklimschmi@bigcartel.com,Female,$604425.71,128530142,PP
812,Wolfy,Corsham,wcorshammj@friendfeed.com,Male,$629683.47,973619278,CC
813,Vladimir,Whiley,vwhileymk@wikia.com,Male,$188298.82,234026941,CC
814,Trace,Lehon,tlehonml@reference.com,Male,$700742.02,884388846,PP
815,Brandice,Lerven,blervenmm@youtu.be,Female,$575867.41,914526423,CC
816,Solly,Leap,sleapmn@networkadvertising.org,Male,$877723.80,575246241,PP
817,Abagael,Collis,acollismo@plala.or.jp,Female,$881085.21,433623647,IT
818,Tilda,Van Castele,tvancastelemp@google.co.jp,Female,$511976.33,654154504,PP
819,Rick,Ploughwright,rploughwrightmq@infoseek.co.jp,Male,$907049.65,192834417,PP
820,Philippe,Berrick,pberrickmr@infoseek.co.jp,Female,$509734.22,492347755,PP
821,Jeannine,Frewer,jfrewerms@wix.com,Female,$712572.29,726479348,IT
822,Bondie,Ciottoi,bciottoimt@is.gd,Male,$444658.86,434450841,IT
823,Michal,Natalie,mnataliemu@dailymail.co.uk,Male,$713357.98,891932345,IT
824,Jacquie,Treacher,jtreachermv@wsj.com,Female,$258595.15,844583286,CC
825,Ronny,Pollins,rpollinsmw@geocities.jp,Male,$749034.96,720240400,IT
826,Babita,McNess,bmcnessmx@meetup.com,Female,$755732.68,288711284,CC
827,Marlin,Paireman,mpairemanmy@nytimes.com,Male,$492301.66,318036189,CC
828,Marcel,Fatkin,mfatkinmz@quantcast.com,Male,$201715.76,311954709,IT
829,Avery,Perren,aperrenn0@a8.net,Male,$540376.93,999310954,CC
830,Worth,Best,wbestn1@irs.gov,Male,$365376.86,156706212,PP
831,Tiffy,Tortoise,ttortoisen2@webs.com,Female,$727439.72,741119259,CC
832,Donetta,Thurlborn,dthurlbornn3@cmu.edu,Female,$159172.47,97144881,CC
833,Lorettalorna,Pemberton,lpembertonn4@shutterfly.com,Female,$340968.97,918548853,IT
834,Amory,Linn,alinnn5@dell.com,Male,$864504.16,906288124,PP
835,Burl,Barthram,bbarthramn6@google.it,Male,$614652.23,283926580,CC
836,Sanders,Blackmuir,sblackmuirn7@uol.com.br,Male,$430343.89,48586514,CC
837,Claudio,Ansty,canstyn8@woothemes.com,Male,$245212.60,1042873481,IT
838,Welbie,Stonbridge,wstonbridgen9@salon.com,Male,$850083.23,734848402,IT
839,Farr,Croney,fcroneyna@dot.gov,Male,$311032.93,212777732,IT
840,Nerissa,Ragsdale,nragsdalenb@dion.ne.jp,Female,$611739.04,569299866,CC
841,Honor,Fendt,hfendtnc@ca.gov,Female,$734323.88,767143889,CC
842,Ameline,Heintze,aheintzend@wunderground.com,Female,$199539.26,864929710,PP
843,Stevy,Hartless,shartlessne@php.net,Male,$109718.69,473621975,CC
844,Shantee,Hynson,shynsonnf@merriam-webster.com,Female,$324893.81,397841126,IT
845,Jeanelle,Fairlem,jfairlemng@people.com.cn,Female,$156589.12,70886611,IT
846,Werner,Cawcutt,wcawcuttnh@aol.com,Male,$717770.98,460072026,CC
847,Lothaire,Chisman,lchismanni@vimeo.com,Male,$421850.45,132300445,IT
848,Cletus,Cawkill,ccawkillnj@taobao.com,Male,$704099.83,85141470,PP
849,Rollins,Petracco,rpetracconk@php.net,Male,$384166.87,886695196,PP
850,Lula,Elrick,lelricknl@blogs.com,Female,$804117.22,304342780,PP
851,Marmaduke,Saladin,msaladinnm@yandex.ru,Male,$157361.39,280968381,CC
852,Lawton,Philipsson,lphilipssonnn@e-recht24.de,Male,$238147.43,16287496,PP
853,Georgina,Jozefczak,gjozefczakno@miitbeian.gov.cn,Female,$769432.25,905839752,IT
854,Vilhelmina,Unstead,vunsteadnp@chron.com,Female,$524041.23,45120325,IT
855,Danielle,Rief,driefnq@furl.net,Female,$761006.35,562910904,IT
856,Vladamir,Bew,vbewnr@squarespace.com,Male,$655473.34,568187408,IT
857,Blinnie,Lowden,blowdenns@japanpost.jp,Female,$233532.53,107752385,IT
858,Selena,Ranshaw,sranshawnt@cmu.edu,Female,$426877.09,403683803,CC
859,Sandy,Windas,swindasnu@google.ca,Male,$369304.71,667515960,IT
860,Grace,Lenglet,glengletnv@constantcontact.com,Female,$977554.63,442785277,CC
861,Raddy,Start,rstartnw@fema.gov,Male,$826495.12,653576363,PP
862,Lew,Frudd,lfruddnx@vk.com,Male,$736417.88,526242197,IT
863,Val,Castell,vcastellny@cisco.com,Male,$487348.55,747099613,IT
864,Bili,Janda,bjandanz@sourceforge.net,Female,$889788.66,436176243,PP
865,Penn,Olivier,poliviero0@xinhuanet.com,Male,$499253.90,338265236,IT
866,Vachel,Micklem,vmicklemo1@blogspot.com,Male,$882631.34,337743208,IT
867,Taddeo,Botler,tbotlero2@mozilla.org,Male,$924415.41,705499387,PP
868,Antonio,Hache,ahacheo3@rediff.com,Male,$455735.00,651600982,CC
869,Margaretta,Arias,mariaso4@dell.com,Female,$237815.91,938674991,CC
870,Jaime,Chalfont,jchalfonto5@godaddy.com,Male,$820419.61,532976688,CC
871,Joanne,Greschke,jgreschkeo6@hatena.ne.jp,Female,$750879.89,1038242065,IT
872,Marlon,Gameson,mgamesono7@uol.com.br,Male,$774353.95,258388214,PP
873,Paxton,Hegges,pheggeso8@va.gov,Male,$932495.36,46574025,IT
874,Frazier,Pate,fpateo9@hhs.gov,Male,$421877.36,768934402,PP
875,Odella,Kitchen,okitchenoa@mozilla.org,Female,$512781.64,780186083,PP
876,Giacomo,McKendry,gmckendryob@altervista.org,Male,$583512.94,609588230,CC
877,Ibrahim,Trevillion,itrevillionoc@weibo.com,Male,$729899.06,281754062,CC
878,Gerry,Ramalho,gramalhood@deviantart.com,Male,$590674.65,735781977,CC
879,Deva,McTrustey,dmctrusteyoe@washingtonpost.com,Female,$745148.61,816246236,PP
880,Hardy,Drynan,hdrynanof@yellowpages.com,Male,$696637.98,909351987,IT
881,Haze,Clague,hclagueog@wired.com,Male,$325351.80,918086219,PP
882,Consalve,Scrooby,cscroobyoh@networksolutions.com,Male,$382149.47,141336234,CC
883,Dun,Antonutti,dantonuttioi@wisc.edu,Male,$411574.41,798202050,CC
884,Marilin,Knowles,mknowlesoj@dell.com,Female,$659853.77,945669073,IT
885,Kellen,Spendley,kspendleyok@github.io,Male,$504608.73,731078251,PP
886,Zed,Scantleberry,zscantleberryol@themeforest.net,Male,$125408.62,544294359,IT
887,Alaine,Jurick,ajurickom@elegantthemes.com,Female,$625969.01,122274410,IT
888,Netti,Payne,npayneon@amazon.co.jp,Female,$898752.76,855021701,IT
889,Janos,Howood,jhowoodoo@upenn.edu,Male,$310860.39,650883038,IT
890,Dorice,Barbosa,dbarbosaop@google.es,Female,$788219.21,181711141,IT
891,Forest,Eyden,feydenoq@ow.ly,Male,$903712.13,364829699,PP
892,Mallory,La Rosa,mlarosaor@studiopress.com,Female,$816167.23,927425514,CC
893,Tabbie,Grigoli,tgrigolios@gravatar.com,Male,$768229.28,225110025,PP
894,Georgine,Meekings,gmeekingsot@google.com.au,Female,$132235.14,885612586,PP
895,Brynne,Bertot,bbertotou@nature.com,Female,$385567.96,285896479,PP
896,Oralle,Boarleyson,oboarleysonov@shareasale.com,Female,$821693.33,439205160,CC
897,Bianka,Dunthorne,bdunthorneow@geocities.jp,Female,$912376.09,329591184,PP
898,Bevon,Allberry,ballberryox@princeton.edu,Male,$874092.36,628527881,PP
899,Jo,Hackett,jhackettoy@aol.com,Male,$467522.80,729883321,CC
900,Josselyn,Kem,jkemoz@cnn.com,Female,$555017.90,552009118,PP
901,Vinnie,McTrustram,vmctrustramp0@yelp.com,Female,$126501.75,780554596,CC
902,Titos,Rossoni,trossonip1@wsj.com,Male,$351231.77,360976509,CC
903,Leese,Sore,lsorep2@ihg.com,Female,$679795.58,782684613,PP
904,Raimund,Paffett,rpaffettp3@un.org,Male,$911798.93,548146930,PP
905,Jayson,Lorenc,jlorencp4@smugmug.com,Male,$920674.75,1017507140,PP
906,Callida,Langhor,clanghorp5@ucoz.com,Female,$793404.53,582758708,CC
907,Cate,Cakebread,ccakebreadp6@bluehost.com,Female,$784311.11,249441113,PP
908,Audrie,Corkitt,acorkittp7@instagram.com,Female,$588238.12,334101236,PP
909,Nicholas,Weldrick,nweldrickp8@oracle.com,Male,$125833.96,345101142,CC
910,Lucias,Danet,ldanetp9@eventbrite.com,Male,$413555.05,491365509,IT
911,Matilda,Midghall,mmidghallpa@example.com,Female,$335869.96,892472905,PP
912,Massimo,Sagg,msaggpb@mysql.com,Male,$493544.42,1012424217,IT
913,Lisabeth,Harfoot,lharfootpc@cam.ac.uk,Female,$933650.92,930189679,CC
914,Steve,Zupa,szupapd@multiply.com,Male,$472478.62,573791279,CC
915,Sigismond,Gohn,sgohnpe@fotki.com,Male,$326604.95,652606177,CC
916,Siusan,Kesby,skesbypf@webeden.co.uk,Female,$881954.24,75358694,PP
917,Jasen,Traite,jtraitepg@drupal.org,Male,$775558.20,176538446,IT
918,Carry,Le Marquis,clemarquisph@surveymonkey.com,Female,$463689.42,881143858,CC
919,Katine,Kitt,kkittpi@biblegateway.com,Female,$870274.45,683851990,PP
920,Hunter,Cowherd,hcowherdpj@dailymotion.com,Male,$750022.13,282630330,PP
921,Boy,Blore,bblorepk@w3.org,Male,$890759.36,312463677,PP
922,Mitchel,Merigon,mmerigonpl@miitbeian.gov.cn,Male,$226831.61,587905746,PP
923,Ollie,Edland,oedlandpm@amazon.com,Male,$918818.78,1025590759,CC
924,Garvin,Gilliam,ggilliampn@seesaa.net,Male,$455724.65,983383467,CC
925,Brendin,Kierans,bkieranspo@sciencedirect.com,Male,$102877.54,233424806,CC
926,Staffard,Woofendell,swoofendellpp@eventbrite.com,Male,$848373.91,401763987,CC
927,Kelcy,Bulman,kbulmanpq@free.fr,Female,$727818.28,629188552,IT
928,Marlo,Le Batteur,mlebatteurpr@yelp.com,Female,$608756.19,94970946,CC
929,Joaquin,Manford,jmanfordps@princeton.edu,Male,$856058.31,423486419,PP
930,Cathee,Emmins,cemminspt@fotki.com,Female,$293558.00,1004296384,PP
931,Mathew,Ormesher,mormesherpu@ehow.com,Male,$527985.46,725271529,PP
932,Ode,Skyme,oskymepv@nps.gov,Male,$130894.14,714485123,IT
933,Pavlov,Melross,pmelrosspw@comsenz.com,Male,$928521.08,686009223,PP
934,Celesta,Fasset,cfassetpx@sina.com.cn,Female,$938986.19,534069525,CC
935,Etti,Breens,ebreenspy@princeton.edu,Female,$222186.84,999972226,CC
936,Ottilie,Braunton,obrauntonpz@exblog.jp,Female,$338466.40,628416068,CC
937,Iorgo,Ableson,iablesonq0@domainmarket.com,Male,$199621.42,596629581,CC
938,Janifer,Reace,jreaceq1@answers.com,Female,$419669.02,518030925,IT
939,Enrichetta,Flanner,eflannerq2@nature.com,Female,$391751.89,832167997,IT
940,Carolynn,Rocca,croccaq3@g.co,Female,$406038.20,66145458,CC
941,Bree,MacNeachtain,bmacneachtainq4@mediafire.com,Female,$507515.94,454101645,CC
942,Jennee,Urlich,jurlichq5@bloglines.com,Female,$960791.95,338084545,CC
943,Rene,Pietron,rpietronq6@feedburner.com,Female,$298336.21,271320040,CC
944,Chauncey,Franciskiewicz,cfranciskiewiczq7@census.gov,Male,$607557.22,405198258,PP
945,Parsifal,Boom,pboomq8@va.gov,Male,$888271.54,57934845,PP
946,Averill,Verty,avertyq9@newyorker.com,Male,$905515.63,992522609,CC
947,Brand,Cecchi,bcecchiqa@wikia.com,Male,$666889.83,845264206,PP
948,Karalee,Poundford,kpoundfordqb@51.la,Female,$954453.96,247437562,CC
949,Lelah,Bamfield,lbamfieldqc@bandcamp.com,Female,$581623.35,384469081,PP
950,Winona,Macrae,wmacraeqd@bizjournals.com,Female,$262281.97,200006535,PP
951,Kevina,Halling,khallingqe@arstechnica.com,Female,$646617.73,743583547,PP
952,Anatollo,Hateley,ahateleyqf@auda.org.au,Male,$233421.04,173314218,IT
953,Eddy,Barker,ebarkerqg@google.ru,Male,$583547.34,819601330,CC
954,Maible,Feuell,mfeuellqh@va.gov,Female,$834915.23,956406519,IT
955,Noland,Derwin,nderwinqi@sciencedirect.com,Male,$944505.00,492155569,PP
956,Angeli,Gervaise,agervaiseqj@yelp.com,Male,$263090.08,509482076,PP
957,Tildie,Powe,tpoweqk@yandex.ru,Female,$477560.31,838726116,CC
958,Abbe,Hodgen,ahodgenql@boston.com,Male,$684067.77,489040533,PP
959,Johannes,Cambridge,jcambridgeqm@economist.com,Male,$878380.61,141236159,IT
960,Cyb,Simonds,csimondsqn@youtube.com,Female,$269264.57,560955121,CC
961,Deeann,Berling,dberlingqo@w3.org,Female,$350291.62,831884830,IT
962,Bartel,Bushby,bbushbyqp@meetup.com,Male,$615394.94,548796176,IT
963,Corliss,Jessard,cjessardqq@wordpress.com,Female,$349168.69,375152285,IT
964,Storm,Rosin,srosinqr@boston.com,Female,$108830.30,443051803,IT
965,Chrissy,Burdess,cburdessqs@illinois.edu,Female,$339954.85,872448620,PP
966,Gibb,MacAleese,gmacaleeseqt@indiatimes.com,Male,$410271.26,844027397,CC
967,Cherida,Blyth,cblythqu@moonfruit.com,Female,$529703.28,553679797,PP
968,Kennett,Arkley,karkleyqv@delicious.com,Male,$630168.30,292759360,PP
969,Hynda,Coley,hcoleyqw@senate.gov,Female,$388267.88,121849740,IT
970,Thaddeus,Eary,tearyqx@omniture.com,Male,$402313.50,385225434,PP
971,Alvera,Leggis,aleggisqy@360.cn,Female,$334545.42,353310367,IT
972,Riobard,Huyhton,rhuyhtonqz@cnet.com,Male,$212812.85,78941966,CC
973,Cristine,Merryfield,cmerryfieldr0@yelp.com,Female,$795235.69,182206467,PP
974,Holt,Redborn,hredbornr1@fotki.com,Male,$613256.29,643193311,CC
975,Agosto,Roddan,aroddanr2@example.com,Male,$426981.53,830737651,PP
976,Hunter,Woolacott,hwoolacottr3@opensource.org,Male,$439725.25,735874072,PP
977,Isak,Rintoul,irintoulr4@alexa.com,Male,$883336.00,149067889,PP
978,Nicolle,Andrich,nandrichr5@ibm.com,Female,$664785.28,654604905,IT
979,Hebert,Galea,hgalear6@pagesperso-orange.fr,Male,$345006.49,577955270,PP
980,Franciska,Hug,fhugr7@walmart.com,Female,$916887.45,1040480108,IT
981,Bradney,Bellward,bbellwardr8@quantcast.com,Male,$227281.38,446161611,IT
982,Hayes,Yearn,hyearnr9@mozilla.com,Male,$474108.18,433687126,CC
983,Olimpia,Bindley,obindleyra@mac.com,Female,$669996.13,800934256,IT
984,Tades,Beceril,tbecerilrb@photobucket.com,Male,$964605.84,945786824,CC
985,Jarib,Circuitt,jcircuittrc@purevolume.com,Male,$193248.30,458597887,IT
986,Lyle,Harwick,lharwickrd@nps.gov,Male,$400531.50,380764427,IT
987,Eva,Patmore,epatmorere@ovh.net,Female,$167964.62,559818221,CC
988,Teresina,Kubec,tkubecrf@skyrock.com,Female,$394657.41,493561135,IT
989,Emily,Haggarty,ehaggartyrg@economist.com,Female,$731797.14,88833925,IT
990,Ryon,O' Culligan,roculliganrh@mlb.com,Male,$394469.09,328335011,CC
991,Nanice,Cant,ncantri@berkeley.edu,Female,$890256.03,324477548,PP
992,Trish,Eastwood,teastwoodrj@chicagotribune.com,Female,$658985.64,649737266,IT
993,Jami,Mainds,jmaindsrk@admin.ch,Female,$302357.32,897317702,IT
994,Rosabel,Jewett,rjewettrl@live.com,Female,$829676.44,961606431,IT
995,Hildagarde,Aylott,haylottrm@nasa.gov,Female,$732986.85,588765437,PP
996,Jo,Gaukrodge,jgaukrodgern@ucsd.edu,Male,$462963.75,225104496,PP
997,Kiley,Collip,kcollipro@deviantart.com,Male,$831487.89,191077996,CC
998,Cameron,Di Ruggiero,cdiruggierorp@ucoz.ru,Male,$519404.71,116370988,PP
999,Anton,Domoni,adomonirq@clickbank.net,Male,$825026.99,230308091,IT
1000,Tedman,Enefer,teneferrr@woothemes.com,Male,$925095.29,711328566,PP
