id,nombre,apellido,email,genero,valor_tx,numero_identificacion,tipo_identificacion
1,Micheal,Capel,mcapel0@wix.com,Male,$878139.64,727901461,CC
2,Nita,Guillford,nguillford1@fema.gov,Female,$521166.89,241002110,CC
3,Ivie,Dunnan,idunnan2@virginia.edu,Female,$184058.70,669778338,CC
4,Gabrila,Karlik,gkarlik3@chicagotribune.com,Female,$467417.64,563293929,CC
5,Dino,Galliver,dgalliver4@hubpages.com,Male,$215265.48,199175273,IT
6,Manny,Felder,mfelder5@omniture.com,Male,$404954.78,644439008,PP
7,Tobe,Litster,tlitster6@blinklist.com,Male,$214908.64,172882326,PP
8,Muire,Avramovic,mavramovic7@ucoz.com,Female,$134124.18,189651292,PP
9,Alix,Braghini,abraghini8@seattletimes.com,Male,$686970.84,336028689,PP
10,Wittie,Spiring,wspiring9@scientificamerican.com,Male,$284554.11,341218693,IT
11,Nina,Pert,nperta@tuttocitta.it,Female,$808616.06,101685586,IT
12,Debbie,Biagi,dbiagib@storify.com,Female,$249024.69,500225880,PP
13,Rodrick,Kilfeder,rkilfederc@cpanel.net,Male,$923666.39,769940709,PP
14,Una,Morphet,umorphetd@qq.com,Female,$825449.43,943272090,PP
15,Gradey,Feore,gfeoree@un.org,Male,$351616.70,486536780,PP
16,Ilaire,Gosenell,igosenellf@baidu.com,Male,$455751.40,120598854,PP
17,Hunfredo,Standen,hstandeng@businessinsider.com,Male,$676749.41,68824231,PP
18,Marjy,Aymeric,maymerich@comcast.net,Female,$947402.07,227704669,PP
19,Clair,Wheatley,cwheatleyi@mlb.com,Female,$883575.47,389082647,IT
20,Leila,Tzar,ltzarj@fda.gov,Female,$916065.69,447945862,IT
21,Ange,Colquete,acolquetek@pbs.org,Female,$953455.05,944062114,CC
22,Sianna,Baldrey,sbaldreyl@wsj.com,Female,$621012.39,406117904,IT
23,Vale,Hesey,vheseym@ebay.com,Male,$729625.29,479537966,PP
24,Alonzo,Chinery,achineryn@nba.com,Male,$995073.72,803784340,PP
25,Beale,Goolden,bgooldeno@ezinearticles.com,Male,$267075.05,963570412,CC
26,Anetta,Bentote,abentotep@cbslocal.com,Female,$258477.62,404233290,CC
27,Orly,Stouther,ostoutherq@aol.com,Female,$977322.71,320469697,PP
28,Kristofer,Breitler,kbreitlerr@tamu.edu,Male,$171846.16,583291988,PP
29,Boycey,Haughton,bhaughtons@moonfruit.com,Male,$843101.64,580372435,PP
30,Sabina,Fulcher,sfulchert@uiuc.edu,Female,$467604.72,347289295,PP
31,Renae,Tomasian,rtomasianu@newsvine.com,Female,$731211.48,138258169,PP
32,Hendrick,Comi,hcomiv@samsung.com,Male,$375657.30,159581865,PP
33,Erna,Ives,eivesw@typepad.com,Female,$989082.70,552507487,IT
34,Melody,Curman,mcurmanx@nih.gov,Female,$735808.37,84491854,IT
35,Cacilia,Storie,cstoriey@tinyurl.com,Female,$148148.44,922834589,CC
36,Galvan,Tromans,gtromansz@mac.com,Male,$889133.55,783481130,PP
37,Randie,Davidovsky,rdavidovsky10@ustream.tv,Male,$810813.99,178594261,IT
38,Shane,Huston,shuston11@microsoft.com,Male,$662197.37,735303850,IT
39,Brina,Brumen,bbrumen12@nationalgeographic.com,Female,$810535.07,1028802176,PP
40,Deirdre,Sarten,dsarten13@fastcompany.com,Female,$984272.23,565284893,IT
41,Meta,Sheaber,msheaber14@google.com.hk,Female,$569106.35,523352518,IT
42,Harlene,Maypother,hmaypother15@usatoday.com,Female,$626396.11,99940436,PP
43,Fey,Shawe,fshawe16@microsoft.com,Female,$733232.95,433355880,IT
44,Sandie,Lowle,slowle17@yale.edu,Female,$638699.94,532113107,PP
45,Keriann,Jurges,kjurges18@indiatimes.com,Female,$542656.07,499862865,PP
46,Marty,Dowse,mdowse19@pbs.org,Male,$141043.69,287586966,PP
47,Theodoric,Canland,tcanland1a@booking.com,Male,$342165.05,1044313342,PP
48,Eudora,Lemin,elemin1b@yellowpages.com,Female,$140490.18,465339263,PP
49,Tripp,Chataignier,tchataignier1c@hexun.com,Male,$116166.50,103009554,PP
50,Iggie,Tousy,itousy1d@tinypic.com,Male,$730073.93,169195923,PP
51,Consuelo,Frewer,cfrewer1e@buzzfeed.com,Female,$512472.30,415294899,CC
52,Webster,Norgan,wnorgan1f@sciencedirect.com,Male,$451443.02,591731748,IT
53,Verge,Frederick,vfrederick1g@seesaa.net,Male,$483362.21,91557423,IT
54,Silva,Margrem,smargrem1h@ftc.gov,Female,$545188.86,306286630,PP
55,Silva,Vinau,svinau1i@histats.com,Female,$454070.70,287151512,CC
56,Gillan,Cookes,gcookes1j@fastcompany.com,Female,$319241.54,801901863,IT
57,Muffin,Wintringham,mwintringham1k@si.edu,Female,$479183.80,468744086,PP
58,Salem,Nana,snana1l@netscape.com,Male,$428095.38,954299001,PP
59,Ramon,Coushe,rcoushe1m@skyrock.com,Male,$290032.82,250599074,IT
60,Zachariah,Emlen,zemlen1n@ifeng.com,Male,$738258.67,5470504,IT
61,Vicki,Wilmott,vwilmott1o@sina.com.cn,Female,$491318.25,639093581,IT
62,Warde,Timcke,wtimcke1p@theatlantic.com,Male,$415283.22,538792840,IT
63,Hall,Padberry,hpadberry1q@booking.com,Male,$685506.93,359866342,PP
64,Yehudit,Northfield,ynorthfield1r@blogs.com,Male,$642573.58,669669487,CC
65,Haley,Rozzier,hrozzier1s@hostgator.com,Female,$286476.32,271690410,PP
66,Mel,Bugg,mbugg1t@ucoz.ru,Male,$748982.71,1035742608,PP
67,Filippo,Oneile,foneile1u@nsw.gov.au,Male,$546004.73,861774686,PP
68,Harcourt,Chichgar,hchichgar1v@bloglovin.com,Male,$254626.78,652647534,CC
69,Jerrome,Alekhov,jalekhov1w@t.co,Male,$748430.56,37252426,IT
70,Saxe,Elacoate,selacoate1x@feedburner.com,Male,$633958.28,913012785,PP
71,Joe,Ludmann,jludmann1y@auda.org.au,Male,$965371.94,532609209,CC
72,Tate,Clark,tclark1z@pinterest.com,Female,$220589.19,220691566,PP
73,Sallyann,Baselli,sbaselli20@xing.com,Female,$957604.76,716957050,PP
74,Tully,Whisby,twhisby21@paypal.com,Male,$996191.74,901447155,CC
75,Letty,Vanstone,lvanstone22@mit.edu,Female,$911522.76,568133288,CC
76,Guendolen,Sutcliff,gsutcliff23@symantec.com,Female,$146415.73,467782003,CC
77,Georgianne,Bartholomieu,gbartholomieu24@epa.gov,Female,$242481.89,527429461,IT
78,Janeva,Baude,jbaude25@apache.org,Female,$532596.61,452127767,CC
79,Clevey,Fearby,cfearby26@webmd.com,Male,$917140.93,979306492,PP
80,Gustav,Benny,gbenny27@guardian.co.uk,Male,$808576.89,790990625,PP
81,Dani,Donwell,ddonwell28@yellowbook.com,Male,$780063.08,50558856,IT
82,Ines,Spadoni,ispadoni29@furl.net,Female,$251210.27,622082298,IT
83,Mathian,Limbourne,mlimbourne2a@hp.com,Male,$980455.96,746348392,CC
84,Ali,De Miranda,ademiranda2b@oakley.com,Male,$848620.15,64469754,IT
85,Arnaldo,Daynter,adaynter2c@miibeian.gov.cn,Male,$500396.66,1015633959,PP
86,Vance,Matskiv,vmatskiv2d@sphinn.com,Male,$696907.03,310041458,IT
87,Jillayne,Lownsbrough,jlownsbrough2e@zdnet.com,Female,$709127.78,704936320,PP
88,Quintus,Kaines,qkaines2f@yale.edu,Male,$970648.38,348244453,PP
89,Vikki,Robins,vrobins2g@feedburner.com,Female,$811327.79,770383406,IT
90,Keir,Iveson,kiveson2h@gravatar.com,Male,$520462.66,921791845,IT
91,Jermaine,Iddons,jiddons2i@squidoo.com,Male,$206968.53,812887559,CC
92,Helaine,Purton,hpurton2j@rambler.ru,Female,$394172.42,513832069,CC
93,Meredithe,Durno,mdurno2k@soup.io,Female,$893855.05,195955760,IT
94,Berkly,Wilson,bwilson2l@blogtalkradio.com,Male,$279693.45,446705820,CC
95,Marten,Mooring,mmooring2m@reuters.com,Male,$428456.72,409364013,PP
96,Cherrita,Eltone,celtone2n@slate.com,Female,$266932.07,911055049,CC
97,Rollie,Heatly,rheatly2o@fc2.com,Male,$156063.44,850235277,PP
98,Rozanne,Bleesing,rbleesing2p@cisco.com,Female,$117798.68,734667500,CC
99,Antony,Harler,aharler2q@facebook.com,Male,$620408.42,742262788,CC
100,Antonius,Tomalin,atomalin2r@drupal.org,Male,$327872.76,662053788,PP
101,Aryn,Bulleyn,abulleyn2s@state.gov,Female,$518918.49,478998271,IT
102,Caitlin,Harwin,charwin2t@woothemes.com,Female,$429741.34,587092128,CC
103,Friederike,Chevolleau,fchevolleau2u@slate.com,Female,$764014.63,81681070,PP
104,Margi,Fairlaw,mfairlaw2v@behance.net,Female,$183537.78,910692089,PP
105,Tobiah,Jedrachowicz,tjedrachowicz2w@naver.com,Male,$978473.63,339639770,IT
106,Juan,Petcher,jpetcher2x@wiley.com,Male,$683560.80,54940477,CC
107,Napoleon,Goodere,ngoodere2y@dailymotion.com,Male,$436795.45,309728912,PP
108,Siusan,Seefus,sseefus2z@apache.org,Female,$436501.72,1027566865,PP
109,Ignacio,Bramont,ibramont30@list-manage.com,Male,$949534.93,447383124,IT
110,Stillman,Gilgryst,sgilgryst31@si.edu,Male,$190748.04,441802099,IT
111,Ronnie,Macari,rmacari32@yellowbook.com,Male,$935276.25,358958954,CC
112,Maurise,Bygraves,mbygraves33@cbc.ca,Female,$861806.31,65620811,PP
113,Rory,Urwin,rurwin34@prlog.org,Female,$618172.14,568269099,PP
114,Janeta,Lefridge,jlefridge35@scribd.com,Female,$425593.86,176915452,PP
115,Nero,Scorthorne,nscorthorne36@imageshack.us,Male,$389586.98,373412619,PP
116,Maisie,Duguid,mduguid37@surveymonkey.com,Female,$204121.70,66877095,PP
117,Cameron,Stigers,cstigers38@facebook.com,Male,$263204.09,545876058,CC
118,Dinah,Gennerich,dgennerich39@chronoengine.com,Female,$694517.32,200391046,IT
119,Wilie,Benaine,wbenaine3a@wsj.com,Female,$259574.28,331038497,CC
120,Ericha,Prahm,eprahm3b@barnesandnoble.com,Female,$992936.28,422901998,CC
121,Conrade,Gellan,cgellan3c@forbes.com,Male,$426673.75,643376259,CC
122,Willow,Diggell,wdiggell3d@ucoz.ru,Female,$694089.91,490469089,PP
123,Mal,Lampbrecht,mlampbrecht3e@mozilla.org,Male,$135517.48,167318186,IT
124,Ogdon,Montacute,omontacute3f@newyorker.com,Male,$531757.07,956502424,IT
125,Jermayne,Barras,jbarras3g@simplemachines.org,Male,$390384.53,527877684,PP
126,Melosa,Frankham,mfrankham3h@barnesandnoble.com,Female,$854034.93,856201449,PP
127,Reena,Stroder,rstroder3i@amazonaws.com,Female,$466162.56,292105262,IT
128,Dierdre,Faughny,dfaughny3j@discovery.com,Female,$730176.76,80941456,PP
129,Ruddie,Tankin,rtankin3k@com.com,Male,$546156.73,518214199,CC
130,Dido,Burgisi,dburgisi3l@google.it,Female,$235797.00,870076266,CC
131,Rosalynd,Noads,rnoads3m@weibo.com,Female,$943713.26,63589792,PP
132,Dawn,Grabbam,dgrabbam3n@dot.gov,Female,$163596.60,891192927,PP
133,Olly,Elderbrant,oelderbrant3o@ustream.tv,Female,$936216.82,540955790,CC
134,Tracey,Mouncey,tmouncey3p@apple.com,Male,$118293.17,50300146,CC
135,Hurleigh,Fancourt,hfancourt3q@bbb.org,Male,$171421.05,965531108,IT
136,Sebastien,Barme,sbarme3r@com.com,Male,$689169.41,233660940,CC
137,Melvin,Wanka,mwanka3s@woothemes.com,Male,$671795.86,1032968887,CC
138,Charley,Hales,chales3t@netlog.com,Male,$927041.02,742912068,IT
139,Edd,Setchell,esetchell3u@seattletimes.com,Male,$391503.92,295627862,IT
140,Mariska,Matterson,mmatterson3v@dion.ne.jp,Female,$805192.32,201597107,CC
141,Ezechiel,Varnals,evarnals3w@skype.com,Male,$201959.97,854539794,PP
142,Antonie,Billows,abillows3x@gizmodo.com,Female,$225473.38,429603718,IT
143,Deedee,Raffan,draffan3y@salon.com,Female,$798425.85,739629925,PP
144,Alano,Sheahan,asheahan3z@storify.com,Male,$567208.72,797782297,PP
145,Mendie,Kaindl,mkaindl40@plala.or.jp,Male,$172784.34,65606235,CC
146,Rosaleen,Chitty,rchitty41@umn.edu,Female,$434909.33,369522348,PP
147,Katy,Soaper,ksoaper42@ifeng.com,Female,$364500.69,414488970,IT
148,Bettine,Kochel,bkochel43@typepad.com,Female,$770903.07,752818831,PP
149,Junie,Blaydes,jblaydes44@so-net.ne.jp,Female,$228642.90,842560414,IT
150,Winthrop,Merrifield,wmerrifield45@statcounter.com,Male,$240420.91,617296735,CC
151,Antonella,Arnason,aarnason46@behance.net,Female,$739209.58,584828730,IT
152,Tallie,Giacomelli,tgiacomelli47@illinois.edu,Female,$916304.54,472916274,CC
153,Danya,Hansom,dhansom48@nydailynews.com,Male,$486538.24,512228234,IT
154,Mick,Boydon,mboydon49@scribd.com,Male,$719868.24,822466096,IT
155,Enos,Bevis,ebevis4a@examiner.com,Male,$392023.35,537016459,IT
156,Bendix,Mumbeson,bmumbeson4b@mtv.com,Male,$939265.72,594947436,IT
157,Jaquenette,China,jchina4c@acquirethisname.com,Female,$557656.88,202508866,IT
158,Dougie,Domange,ddomange4d@hao123.com,Male,$262571.79,934077150,PP
159,Loutitia,Joysey,ljoysey4e@studiopress.com,Female,$783244.58,959812632,IT
160,Hendrik,Ambrosoli,hambrosoli4f@123-reg.co.uk,Male,$643446.52,187063777,CC
161,Amabel,Sowten,asowten4g@theatlantic.com,Female,$792609.22,64797485,CC
162,Francklyn,Coggon,fcoggon4h@chronoengine.com,Male,$599774.53,709684701,CC
163,Cher,Corona,ccorona4i@woothemes.com,Female,$709186.50,546345502,CC
164,Filmore,Stathers,fstathers4j@accuweather.com,Male,$542479.43,327431851,PP
165,Pasquale,Cowsby,pcowsby4k@howstuffworks.com,Male,$659526.94,23143953,CC
166,Felicdad,Rodrigo,frodrigo4l@wikimedia.org,Female,$382012.85,653962666,PP
167,Wylie,Veltmann,wveltmann4m@newsvine.com,Male,$103896.34,146736850,IT
168,Andres,Cowpland,acowpland4n@yahoo.co.jp,Male,$449737.63,117864823,PP
169,Westbrooke,Cosgrave,wcosgrave4o@spiegel.de,Male,$819387.50,818436734,IT
170,Conny,Ferfulle,cferfulle4p@seattletimes.com,Male,$217036.53,813083825,CC
171,Blakelee,Primak,bprimak4q@princeton.edu,Female,$784649.76,732123309,PP
172,Bronnie,Dominighi,bdominighi4r@amazonaws.com,Male,$780874.70,427100391,PP
173,Bebe,Mandre,bmandre4s@freewebs.com,Female,$395529.89,1002152504,CC
174,Webb,Messer,wmesser4t@people.com.cn,Male,$840141.03,22571247,CC
175,Joachim,Strick,jstrick4u@nydailynews.com,Male,$103499.29,159173452,PP
176,Jarrod,McGrill,jmcgrill4v@discovery.com,Male,$177177.93,322930138,PP
177,Stephenie,Hedin,shedin4w@163.com,Female,$258198.12,56426055,CC
178,Trumann,Olivey,tolivey4x@springer.com,Male,$866042.66,856923864,IT
179,Eran,Howling,ehowling4y@bigcartel.com,Female,$668646.84,1026068623,PP
180,Wynn,Callam,wcallam4z@craigslist.org,Male,$210505.03,926066966,CC
181,Addison,Wade,awade50@people.com.cn,Male,$918298.83,424305677,IT
182,Portia,Widdop,pwiddop51@washington.edu,Female,$137112.09,294975186,PP
183,Thaddeus,Meates,tmeates52@npr.org,Male,$433145.33,546722626,IT
184,Royall,Mulcaster,rmulcaster53@phoca.cz,Male,$940993.26,513099789,PP
185,Kermie,Seak,kseak54@si.edu,Male,$208270.68,309490438,PP
186,Guthrey,Grimsdike,ggrimsdike55@aboutads.info,Male,$594924.13,272887048,CC
187,Johnath,Cornelisse,jcornelisse56@springer.com,Female,$737658.36,571445897,CC
188,Putnam,Brister,pbrister57@sciencedirect.com,Male,$679345.63,435635320,CC
189,Gian,Aburrow,gaburrow58@businesswire.com,Male,$567238.70,307005533,PP
190,Talbot,Khomich,tkhomich59@bandcamp.com,Male,$162758.35,685204507,IT
191,Simone,Kimpton,skimpton5a@hexun.com,Male,$823934.02,427400942,CC
192,Allie,Youel,ayouel5b@privacy.gov.au,Female,$851495.89,62449347,PP
193,Antone,Iacobetto,aiacobetto5c@cnet.com,Male,$695466.48,281932736,PP
194,Dosi,Jonas,djonas5d@nhs.uk,Female,$394035.30,440400055,CC
195,Chiquia,Wibrow,cwibrow5e@microsoft.com,Female,$218833.83,53534397,CC
196,Tatiania,Crix,tcrix5f@tripod.com,Female,$670293.55,197789542,IT
197,Torrence,Swatten,tswatten5g@about.me,Male,$669558.64,768531918,PP
198,Sigismund,Oxtaby,soxtaby5h@printfriendly.com,Male,$699303.45,825589680,IT
199,Felicle,Spenley,fspenley5i@photobucket.com,Female,$230379.94,385411193,PP
200,Freeland,Whellans,fwhellans5j@ucsd.edu,Male,$748073.51,431427567,PP
201,Drusi,Marchant,dmarchant5k@epa.gov,Female,$688940.58,426108804,CC
202,Carlee,Suggate,csuggate5l@twitter.com,Female,$753109.94,22907394,PP
203,Sibby,Sills,ssills5m@behance.net,Female,$786311.14,459833815,CC
204,Hagen,Jovanovic,hjovanovic5n@senate.gov,Male,$937043.29,269381715,IT
205,Benedikta,Feeney,bfeeney5o@360.cn,Female,$848501.09,934108287,PP
206,Tamra,Chiles,tchiles5p@macromedia.com,Female,$317026.23,807276455,PP
207,Sabrina,Roddell,sroddell5q@who.int,Female,$979876.24,654430702,IT
208,Brander,Caulfield,bcaulfield5r@reuters.com,Male,$373991.41,623617939,PP
209,Rivkah,Callf,rcallf5s@scribd.com,Female,$922429.03,980697949,IT
210,Ellene,Fernao,efernao5t@vimeo.com,Female,$568157.04,783557085,PP
211,Fin,Lippini,flippini5u@cbsnews.com,Male,$654648.84,75191959,PP
212,Conan,Digle,cdigle5v@edublogs.org,Male,$997510.05,21821808,PP
213,Alain,Huxley,ahuxley5w@bloglovin.com,Male,$523356.83,571113720,CC
214,Caldwell,de Courcey,cdecourcey5x@live.com,Male,$440256.84,956787461,CC
215,Petronia,Bradly,pbradly5y@vk.com,Female,$734536.35,1044083719,PP
216,Prue,Carless,pcarless5z@mozilla.com,Female,$955887.64,119459930,IT
217,Randee,Stepney,rstepney60@springer.com,Female,$643995.09,854357718,PP
218,Paolina,Overington,poverington61@java.com,Female,$660063.35,88835501,CC
219,Shelby,Kabos,skabos62@home.pl,Female,$781057.83,494473645,IT
220,Cinnamon,Jehu,cjehu63@pen.io,Female,$172661.00,151987464,CC
221,Mariya,Rittelmeyer,mrittelmeyer64@w3.org,Female,$946005.49,658570529,IT
222,Ammamaria,Frame,aframe65@multiply.com,Female,$764095.74,262813657,IT
223,Skipper,Burborough,sburborough66@quantcast.com,Male,$841253.10,188376610,CC
224,Hanni,Farmery,hfarmery67@seattletimes.com,Female,$146994.42,782065706,IT
225,Regine,Rosengren,rrosengren68@ifeng.com,Female,$717839.72,493700479,IT
226,Aime,Griffitts,agriffitts69@wikimedia.org,Female,$119965.07,245228055,IT
227,Webster,Kealy,wkealy6a@msn.com,Male,$731447.14,986573424,CC
228,Erek,Petrus,epetrus6b@scribd.com,Male,$635339.53,347152300,CC
229,Marget,Spohr,mspohr6c@alexa.com,Female,$178657.69,905352295,CC
230,Salvador,Leaver,sleaver6d@ovh.net,Male,$854212.01,682427859,IT
231,Erek,Popov,epopov6e@imgur.com,Male,$449459.47,8622916,CC
232,Worthington,Van der Beken,wvanderbeken6f@dailymotion.com,Male,$610283.60,121061131,CC
233,Ethelbert,Croughan,ecroughan6g@google.fr,Male,$647934.55,681790447,CC
234,Alix,Mathivon,amathivon6h@wikimedia.org,Male,$377947.91,125470585,IT
235,Savina,Kear,skear6i@google.com.br,Female,$934548.77,897036665,IT
236,Alyce,Eakins,aeakins6j@geocities.com,Female,$327455.44,92049322,CC
237,Nanine,Billington,nbillington6k@independent.co.uk,Female,$906109.50,653232109,CC
238,Vincents,Carlson,vcarlson6l@cbc.ca,Male,$587423.10,269221381,CC
239,Vassily,Hacking,vhacking6m@wisc.edu,Male,$128726.14,1028855529,PP
240,Mari,Domini,mdomini6n@eepurl.com,Female,$653544.57,99044970,PP
241,Ann-marie,Eddison,aeddison6o@myspace.com,Female,$890906.09,45844550,IT
242,Jaquelyn,Humes,jhumes6p@tamu.edu,Female,$497875.43,491353143,PP
243,Lon,Muldoon,lmuldoon6q@sina.com.cn,Male,$266274.60,207516423,CC
244,Allix,Corneljes,acorneljes6r@constantcontact.com,Female,$357408.23,232416262,CC
245,Jessalin,Broster,jbroster6s@facebook.com,Female,$164309.71,863845512,PP
246,Devora,Sandell,dsandell6t@blogspot.com,Female,$852040.61,237170830,IT
247,Jay,Biddulph,jbiddulph6u@constantcontact.com,Male,$201910.97,643099577,PP
248,Nappy,Knowlman,nknowlman6v@indiatimes.com,Male,$705564.46,291684077,PP
249,Dasie,McAreavey,dmcareavey6w@joomla.org,Female,$875252.95,949161917,IT
250,Glynn,Joney,gjoney6x@a8.net,Male,$158333.59,54701457,IT
251,Barbabra,Kelcey,bkelcey6y@engadget.com,Female,$222837.74,191684648,IT
252,Adina,todor,atodor6z@utexas.edu,Female,$573879.13,60233816,CC
253,Riccardo,Cunde,rcunde70@ycombinator.com,Male,$510959.59,832930367,CC
254,Bertie,Fielden,bfielden71@amazon.de,Male,$865774.08,297655643,CC
255,Stanwood,McEachern,smceachern72@weibo.com,Male,$769059.59,105586532,IT
256,Imogene,Matson,imatson73@sourceforge.net,Female,$301965.36,508563522,CC
257,Fred,Summers,fsummers74@behance.net,Male,$160671.47,117330949,CC
258,Cheston,Batram,cbatram75@desdev.cn,Male,$396882.11,291423789,PP
259,Mercy,Triplow,mtriplow76@twitter.com,Female,$866634.80,51368708,IT
260,Dorey,Fellgatt,dfellgatt77@hexun.com,Male,$418516.18,751593741,PP
261,Weylin,Cantopher,wcantopher78@nymag.com,Male,$797403.88,802277993,IT
262,Henriette,Coole,hcoole79@homestead.com,Female,$818437.75,1019880886,PP
263,Ewen,Hartzenberg,ehartzenberg7a@biblegateway.com,Male,$279927.12,416989213,PP
264,Donovan,Addison,daddison7b@weebly.com,Male,$705118.84,966894067,IT
265,Arnuad,Callf,acallf7c@etsy.com,Male,$947307.30,1024322316,IT
266,Pren,Tumpane,ptumpane7d@latimes.com,Male,$131271.13,508397376,CC
267,Evvie,Bolding,ebolding7e@epa.gov,Female,$917947.29,536457486,CC
268,Jamesy,Lovegrove,jlovegrove7f@who.int,Male,$845127.16,616574053,IT
269,Morganica,Standbrook,mstandbrook7g@chronoengine.com,Female,$759150.58,436410989,PP
270,Homerus,Gallop,hgallop7h@naver.com,Male,$588062.89,910733262,CC
271,Skip,Ghest,sghest7i@mysql.com,Male,$222018.28,475144880,PP
272,Mathias,Arrundale,marrundale7j@imgur.com,Male,$904084.48,656244517,CC
273,Thalia,Bovaird,tbovaird7k@wp.com,Female,$415214.35,400938384,CC
274,Jessalyn,Halewood,jhalewood7l@so-net.ne.jp,Female,$667558.30,986792241,IT
275,Coop,Geharke,cgeharke7m@columbia.edu,Male,$125895.60,229814084,CC
276,Deanna,Capes,dcapes7n@barnesandnoble.com,Female,$467509.03,1022926223,CC
277,Ryun,Burgett,rburgett7o@constantcontact.com,Male,$602360.01,52097211,CC
278,Celle,Laflin,claflin7p@seattletimes.com,Female,$435347.28,20777560,IT
279,Gualterio,Valeri,gvaleri7q@nifty.com,Male,$606920.69,62242176,CC
280,Mohammed,Gooch,mgooch7r@chicagotribune.com,Male,$982780.01,571648651,CC
281,Maury,Fawdry,mfawdry7s@jimdo.com,Male,$569848.91,674434514,PP
282,Tiphani,Skittreal,tskittreal7t@theguardian.com,Female,$322260.77,679271254,PP
283,Filia,Plinck,fplinck7u@spiegel.de,Female,$417750.33,284798698,PP
284,Ardys,Wiffen,awiffen7v@go.com,Female,$613288.83,532156300,IT
285,Cesaro,Crownshaw,ccrownshaw7w@auda.org.au,Male,$671015.33,1038561311,CC
286,Gan,Kupper,gkupper7x@ftc.gov,Male,$384982.15,28214862,PP
287,Germayne,Cassell,gcassell7y@smh.com.au,Male,$398082.09,536758519,IT
288,Oberon,Megahey,omegahey7z@chicagotribune.com,Male,$202701.63,390381155,CC
289,Launce,Deinert,ldeinert80@mozilla.com,Male,$201053.17,450326265,PP
290,Ruprecht,Chauvey,rchauvey81@nymag.com,Male,$359826.01,879721354,IT
291,Bree,Carmel,bcarmel82@cloudflare.com,Female,$671426.99,517379253,PP
292,Natalie,Klaus,nklaus83@jimdo.com,Female,$788794.12,684487841,IT
293,Marcela,Cheese,mcheese84@addthis.com,Female,$406045.54,79839320,IT
294,Tani,Powrie,tpowrie85@google.fr,Female,$364796.78,969425287,IT
295,Padgett,Kanwell,pkanwell86@yolasite.com,Male,$339374.69,188457869,IT
296,Ennis,Stollenberg,estollenberg87@nbcnews.com,Male,$573408.69,1030620021,IT
297,Artur,Catt,acatt88@google.com.br,Male,$652339.28,1010944424,CC
298,Ronny,Lamcken,rlamcken89@fda.gov,Female,$665917.68,981916424,IT
299,Bertrando,Riddel,briddel8a@mac.com,Male,$433067.44,900198933,CC
300,Tanner,Burtonwood,tburtonwood8b@4shared.com,Male,$370873.95,149173864,CC
301,Sully,McMillan,smcmillan8c@salon.com,Male,$376100.18,338760917,CC
302,Kylynn,Woodall,kwoodall8d@hp.com,Female,$290350.08,262770300,CC
303,Levy,Doniso,ldoniso8e@blogs.com,Male,$841197.62,630795272,PP
304,Tasha,Krol,tkrol8f@indiatimes.com,Female,$653161.87,1041533738,IT
305,Ardisj,Gepheart,agepheart8g@economist.com,Female,$550455.47,744039750,PP
306,Brad,McKane,bmckane8h@pcworld.com,Male,$178398.58,829889133,IT
307,Karoly,Warsop,kwarsop8i@noaa.gov,Female,$518461.70,1022947327,CC
308,Ursola,Rihanek,urihanek8j@harvard.edu,Female,$200234.75,610022684,CC
309,Annis,Grandison,agrandison8k@mediafire.com,Female,$402492.00,737891545,CC
310,Frazier,Solway,fsolway8l@flickr.com,Male,$585775.37,35553226,PP
311,Leighton,Drains,ldrains8m@engadget.com,Male,$470213.40,270222872,CC
312,Cherish,Fort,cfort8n@imgur.com,Female,$876778.02,503179962,IT
313,Verine,Bill,vbill8o@list-manage.com,Female,$125539.86,249748210,IT
314,Binnie,Leversha,bleversha8p@theguardian.com,Female,$848472.05,996597307,IT
315,Ilyssa,Thonason,ithonason8q@dropbox.com,Female,$914399.96,263236276,CC
316,Aldis,Spiaggia,aspiaggia8r@hugedomains.com,Male,$435821.82,527229666,IT
317,Emmye,Skoof,eskoof8s@github.com,Female,$817017.74,680051902,PP
318,Lyn,Parffrey,lparffrey8t@reference.com,Male,$327765.11,328894649,CC
319,Kalie,Salvati,ksalvati8u@hostgator.com,Female,$669677.76,756901417,CC
320,Frederic,Aglione,faglione8v@patch.com,Male,$507908.74,893041749,PP
321,Jules,Wistance,jwistance8w@mapy.cz,Male,$583457.70,652305267,IT
322,Kipp,Corbet,kcorbet8x@epa.gov,Female,$348666.16,610452870,PP
323,Tedie,Storm,tstorm8y@webeden.co.uk,Male,$711040.19,620875759,IT
324,Findley,Slesser,fslesser8z@auda.org.au,Male,$255764.75,9000760,PP
325,Ogden,Jelfs,ojelfs90@dailymail.co.uk,Male,$782803.74,70240673,IT
326,Kori,Bearblock,kbearblock91@businessweek.com,Female,$434526.17,724639928,PP
327,Hinda,Dominka,hdominka92@amazon.co.jp,Female,$861236.05,1018682461,CC
328,Anny,Nisbet,anisbet93@opera.com,Female,$765787.53,978715843,PP
329,Dierdre,Olenikov,dolenikov94@newsvine.com,Female,$986106.10,375290531,CC
330,Tedda,Cabedo,tcabedo95@tuttocitta.it,Female,$604499.50,707530550,PP
331,Kinsley,Jessup,kjessup96@army.mil,Male,$463274.48,666144487,PP
332,Kelcie,Stayte,kstayte97@qq.com,Female,$184579.46,530072459,PP
333,Kanya,Lotze,klotze98@howstuffworks.com,Female,$928929.82,470718795,IT
334,Joane,Bendel,jbendel99@blogtalkradio.com,Female,$605562.38,676909362,CC
335,Rhodia,Hollyard,rhollyard9a@weibo.com,Female,$838662.55,852595877,PP
336,Sandie,Markova,smarkova9b@blogtalkradio.com,Female,$728184.17,70268920,IT
337,Poppy,De Cleyne,pdecleyne9c@live.com,Female,$827539.19,75153290,CC
338,Savina,Blease,sblease9d@dmoz.org,Female,$417136.63,75484270,IT
339,Amalia,Corben,acorben9e@wordpress.org,Female,$454316.11,356825351,IT
340,Myrilla,Cogan,mcogan9f@pbs.org,Female,$472772.90,102295213,IT
341,Farleigh,Roggerone,froggerone9g@mashable.com,Male,$203097.40,445996889,IT
342,Julio,Autrie,jautrie9h@dell.com,Male,$882131.33,241604434,CC
343,Nannette,Gunning,ngunning9i@mayoclinic.com,Female,$213369.40,490491312,CC
344,Meryl,Grey,mgrey9j@whitehouse.gov,Female,$272900.76,808750356,CC
345,Ange,Spadari,aspadari9k@opensource.org,Female,$549555.83,910457534,CC
346,Kort,Keoghane,kkeoghane9l@prnewswire.com,Male,$800722.68,711810931,IT
347,Lucio,McAndrew,lmcandrew9m@spotify.com,Male,$536027.91,18187379,CC
348,Rurik,Prickett,rprickett9n@nature.com,Male,$718213.31,116837780,CC
349,Adler,Domaschke,adomaschke9o@typepad.com,Male,$372202.71,131124160,CC
350,Frederic,Ambage,fambage9p@ebay.co.uk,Male,$423344.09,864959273,IT
351,Neall,Lamzed,nlamzed9q@nydailynews.com,Male,$747250.05,584126169,CC
352,Cristian,Tomasi,ctomasi9r@miitbeian.gov.cn,Male,$168686.54,321004267,CC
353,Adeline,Abbitt,aabbitt9s@buzzfeed.com,Female,$550659.19,667413830,CC
354,Quinn,Coneron,qconeron9t@wordpress.org,Female,$527985.76,596677775,IT
355,Chase,deKnevet,cdeknevet9u@mit.edu,Male,$807183.32,643854749,PP
356,Kimberli,Imlacke,kimlacke9v@hc360.com,Female,$619793.49,510610531,CC
357,Daren,Priestner,dpriestner9w@devhub.com,Male,$569576.80,64306566,PP
358,Odo,Maudling,omaudling9x@bbb.org,Male,$434643.13,675630862,PP
359,Ransom,Dachs,rdachs9y@harvard.edu,Male,$944600.10,100900725,PP
360,Milissent,Raraty,mraraty9z@example.com,Female,$636267.79,8626101,IT
361,Travers,Beller,tbellera0@wufoo.com,Male,$189298.48,949481196,CC
362,Farris,Prop,fpropa1@acquirethisname.com,Male,$388447.05,530014936,CC
363,Ramsey,Mullarkey,rmullarkeya2@princeton.edu,Male,$727327.73,77020093,PP
364,Roderick,Landell,rlandella3@house.gov,Male,$851294.86,354832177,PP
365,Chase,Jedrys,cjedrysa4@miibeian.gov.cn,Male,$777725.12,1016392289,IT
366,Yovonnda,Buney,ybuneya5@hhs.gov,Female,$106914.57,680351835,CC
367,Rik,Plett,rpletta6@sakura.ne.jp,Male,$168072.99,847935523,IT
368,Ricky,Windrum,rwindruma7@nyu.edu,Male,$735702.56,675337286,PP
369,Randene,Leyband,rleybanda8@indiegogo.com,Female,$692467.28,773264404,IT
370,Madelon,Croxley,mcroxleya9@qq.com,Female,$619658.03,160648140,IT
371,Sheffy,Vakhrushin,svakhrushinaa@zimbio.com,Male,$564052.07,1041001196,PP
372,Olympie,Durden,odurdenab@infoseek.co.jp,Female,$256334.70,149373934,CC
373,Laurette,Mathen,lmathenac@walmart.com,Female,$577179.89,429559710,CC
374,Thaxter,Hadlington,thadlingtonad@creativecommons.org,Male,$585324.20,121996663,CC
375,Ara,Gatley,agatleyae@shareasale.com,Male,$405172.01,258908940,PP
376,Evered,Sweet,esweetaf@blog.com,Male,$932621.28,702524487,PP
377,Moll,Olivelli,molivelliag@lycos.com,Female,$154358.20,196726522,CC
378,Harald,Mattaser,hmattaserah@usatoday.com,Male,$962344.49,830360814,CC
379,Jock,Kiddell,jkiddellai@sfgate.com,Male,$724950.55,740044726,PP
380,Andeee,Muttitt,amuttittaj@is.gd,Female,$196673.76,837835540,IT
381,Pat,Thurber,pthurberak@webnode.com,Female,$943596.96,821741933,CC
382,Neile,Cundy,ncundyal@weibo.com,Female,$293082.84,230402752,CC
383,Annelise,Medling,amedlingam@lulu.com,Female,$999318.23,916074526,CC
384,Estevan,Keeble,ekeeblean@spiegel.de,Male,$979394.82,1026173682,CC
385,Orland,Forestel,oforestelao@amazon.com,Male,$296154.13,984776528,PP
386,Pandora,Iacobetto,piacobettoap@usda.gov,Female,$614574.02,648580782,IT
387,Starlin,Firk,sfirkaq@noaa.gov,Female,$468970.29,1032298672,CC
388,Veriee,Littell,vlittellar@cloudflare.com,Female,$239015.63,1005953061,CC
389,Morena,Kew,mkewas@cnet.com,Female,$292582.58,884727304,PP
390,Mara,Malpas,mmalpasat@bigcartel.com,Female,$146290.31,271139946,CC
391,Tann,Longdon,tlongdonau@dyndns.org,Male,$984148.13,513465032,IT
392,Miquela,Gianullo,mgianulloav@squidoo.com,Female,$570272.67,942282125,IT
393,Bary,Halston,bhalstonaw@google.com.br,Male,$852981.81,156311734,IT
394,Erhard,Huff,ehuffax@theguardian.com,Male,$101404.28,684263219,CC
395,Willie,Flagg,wflaggay@ucoz.ru,Male,$865318.59,428707593,IT
396,Alano,Amberson,aambersonaz@cocolog-nifty.com,Male,$306210.34,283958406,PP
397,Milzie,Bessent,mbessentb0@ustream.tv,Female,$335174.70,36682935,PP
398,Dode,Kingscott,dkingscottb1@symantec.com,Female,$758020.51,266792341,PP
399,Gran,Brosch,gbroschb2@pbs.org,Male,$454615.39,438361273,IT
400,Pierre,Birts,pbirtsb3@wikimedia.org,Male,$827897.32,207087880,IT
401,Jase,Leibold,jleiboldb4@spiegel.de,Male,$180303.52,1041559165,IT
402,Sergei,Morphew,smorphewb5@go.com,Male,$254727.28,499489353,CC
403,Xerxes,Helleker,xhellekerb6@businesswire.com,Male,$215135.31,645029728,IT
404,Anna-diana,McReynolds,amcreynoldsb7@ucoz.com,Female,$906319.38,383627595,PP
405,Codie,Galvin,cgalvinb8@google.pl,Male,$525194.32,65709002,PP
406,Cobby,Keinrat,ckeinratb9@google.ru,Male,$476870.66,270019243,CC
407,Sylas,Yoell,syoellba@eventbrite.com,Male,$506168.51,282250703,PP
408,Cele,Wallwood,cwallwoodbb@slashdot.org,Female,$372987.16,98783245,IT
409,Nefen,Tows,ntowsbc@goo.gl,Male,$906621.98,275387039,IT
410,Aloin,Hunton,ahuntonbd@sohu.com,Male,$986045.31,145367012,CC
411,Meagan,Durrans,mdurransbe@is.gd,Female,$115524.22,652298919,IT
412,Merrie,Pavolillo,mpavolillobf@about.com,Female,$161895.91,46888406,IT
413,Dar,Stubbley,dstubbleybg@ibm.com,Male,$658926.85,450513763,IT
414,Joice,Brobyn,jbrobynbh@lycos.com,Female,$425667.18,252654050,CC
415,Phyllis,Enos,penosbi@ca.gov,Female,$774271.54,39944147,CC
416,Pennie,Breming,pbremingbj@icq.com,Female,$123309.21,489004437,PP
417,Penn,Holdren,pholdrenbk@chicagotribune.com,Male,$146231.31,677618942,IT
418,Robby,Linning,rlinningbl@taobao.com,Female,$244543.93,242358944,IT
419,Nicky,Alabone,nalabonebm@lulu.com,Female,$971338.03,430047603,IT
420,Berne,Lassen,blassenbn@mashable.com,Male,$225396.85,295468053,IT
421,Marcille,Sellor,msellorbo@ovh.net,Female,$813174.72,246057953,PP
422,Launce,Elverstone,lelverstonebp@freewebs.com,Male,$952764.92,432566886,IT
423,Allene,Burling,aburlingbq@infoseek.co.jp,Female,$158701.71,746600987,PP
424,Dorolisa,Lortz,dlortzbr@ed.gov,Female,$204988.80,651072017,IT
425,Rickie,Francesc,rfrancescbs@wix.com,Female,$371344.76,763358229,PP
426,Adora,Mayall,amayallbt@java.com,Female,$628532.78,215241494,PP
427,Magdalen,Puddle,mpuddlebu@woothemes.com,Female,$406348.84,370054058,PP
428,Gan,Staves,gstavesbv@cdc.gov,Male,$370773.90,466955699,CC
429,Merrily,Roostan,mroostanbw@mapy.cz,Female,$651161.04,242763811,PP
430,Hadria,Ambrois,hambroisbx@feedburner.com,Female,$806101.13,229032572,PP
431,Vivyan,Paolone,vpaoloneby@boston.com,Female,$938198.36,209544028,CC
432,Jarrad,Iacobini,jiacobinibz@imageshack.us,Male,$858112.67,102919670,CC
433,Storm,Balke,sbalkec0@lycos.com,Female,$309344.82,359641459,PP
434,Leodora,Percy,lpercyc1@ftc.gov,Female,$364411.37,827382875,IT
435,Joseph,Wetherby,jwetherbyc2@nature.com,Male,$905005.17,688805618,IT
436,James,Winders,jwindersc3@sakura.ne.jp,Male,$769908.78,737369806,CC
437,Frayda,Formie,fformiec4@w3.org,Female,$913704.09,846486160,CC
438,Dix,Floyd,dfloydc5@artisteer.com,Female,$614444.00,613831359,CC
439,Mikey,Brearty,mbreartyc6@zdnet.com,Male,$739986.63,664567949,PP
440,Lissi,Musico,lmusicoc7@addthis.com,Female,$447866.47,606784355,PP
441,Heda,Tarrant,htarrantc8@phoca.cz,Female,$130441.91,475983891,CC
442,Sophie,Hanford,shanfordc9@theguardian.com,Female,$775995.05,458766377,PP
443,Stephi,Dunkinson,sdunkinsonca@cbsnews.com,Female,$680528.83,467495525,CC
444,Bruis,O'Gormley,bogormleycb@topsy.com,Male,$485406.75,117816841,PP
445,Buiron,Stove,bstovecc@bbc.co.uk,Male,$815189.92,629491901,PP
446,Giusto,Morrow,gmorrowcd@earthlink.net,Male,$793016.95,419712456,IT
447,Pearl,Saville,psavillece@unesco.org,Female,$752021.31,546236513,CC
448,Eduardo,Stringman,estringmancf@live.com,Male,$615589.25,568947654,PP
449,Giustina,Iskowicz,giskowiczcg@wikia.com,Female,$201977.63,644073742,IT
450,Bondon,Agney,bagneych@stumbleupon.com,Male,$708741.62,922975460,CC
451,Blaine,Hourican,bhouricanci@vk.com,Male,$331458.32,121236187,CC
452,Edie,Kennan,ekennancj@phoca.cz,Female,$957716.86,890099903,CC
453,Niel,Storrock,nstorrockck@instagram.com,Male,$586490.66,119758949,PP
454,Natala,de Leon,ndeleoncl@craigslist.org,Female,$524099.84,354510421,PP
455,Tessi,Maling,tmalingcm@yandex.ru,Female,$329528.38,811298632,IT
456,Egan,Sivills,esivillscn@blogtalkradio.com,Male,$295238.57,727813488,CC
457,Alanson,Ratray,aratrayco@arstechnica.com,Male,$786040.07,363382418,IT
458,Martha,Arbor,marborcp@answers.com,Female,$148770.56,613183461,CC
459,Dill,Strudwick,dstrudwickcq@wufoo.com,Male,$260143.92,919927549,CC
460,Dynah,Ead,deadcr@plala.or.jp,Female,$408759.03,636393579,CC
461,Dody,Jopp,djoppcs@ox.ac.uk,Female,$437500.46,508464996,CC
462,Wolfy,Wheway,wwhewayct@delicious.com,Male,$188432.97,922807579,IT
463,Trina,Grief,tgriefcu@ezinearticles.com,Female,$104687.15,416956558,CC
464,Manda,Nickols,mnickolscv@disqus.com,Female,$336186.11,455486609,IT
465,Gunter,Schuelcke,gschuelckecw@desdev.cn,Male,$429433.54,622046043,IT
466,Kory,Joiris,kjoiriscx@g.co,Male,$535547.60,43367988,CC
467,Luelle,Sisey,lsiseycy@istockphoto.com,Female,$158141.58,455390489,IT
468,Maitilde,Alastair,malastaircz@e-recht24.de,Female,$945460.86,551468981,CC
469,Francesco,Apple,fappled0@java.com,Male,$252672.63,583585536,IT
470,Alano,Huzzey,ahuzzeyd1@washington.edu,Male,$853089.30,951051356,PP
471,Lucine,Pickerin,lpickerind2@zdnet.com,Female,$548585.34,321927548,IT
472,Tandy,Ralfe,tralfed3@over-blog.com,Female,$436390.61,919718194,CC
473,Gunther,Roby,grobyd4@ebay.com,Male,$224137.65,39262790,CC
474,Kathlin,Edmondson,kedmondsond5@de.vu,Female,$380252.46,28147425,PP
475,Imelda,Riha,irihad6@wikispaces.com,Female,$283500.86,309983044,IT
476,Gilles,Pragnall,gpragnalld7@whitehouse.gov,Male,$408522.71,692668685,PP
477,Merrel,Di Giorgio,mdigiorgiod8@live.com,Male,$871090.32,663694506,PP
478,Nil,Lowden,nlowdend9@amazon.com,Male,$384309.42,459347499,PP
479,Reggie,Ivankov,rivankovda@nsw.gov.au,Male,$285009.13,901200415,PP
480,Ranice,Jowett,rjowettdb@wikispaces.com,Female,$560231.79,193533449,CC
481,Wylma,Whittall,wwhittalldc@reuters.com,Female,$461022.71,831374854,CC
482,Sven,Kenningham,skenninghamdd@google.com.br,Male,$619052.20,1008465625,IT
483,Araldo,Dinley,adinleyde@delicious.com,Male,$239605.51,459673662,IT
484,Xaviera,Bithell,xbithelldf@usnews.com,Female,$182491.61,943402825,CC
485,Annadiane,Wilce,awilcedg@nsw.gov.au,Female,$443856.44,990939181,CC
486,Meyer,Tuminelli,mtuminellidh@plala.or.jp,Male,$484015.19,622908330,CC
487,Seumas,Cordsen,scordsendi@joomla.org,Male,$785266.53,589286373,IT
488,Shermy,Sakins,ssakinsdj@cdc.gov,Male,$136680.10,820749617,IT
489,Keefer,Pagon,kpagondk@arizona.edu,Male,$949399.14,419588102,PP
490,Whit,Bavidge,wbavidgedl@oracle.com,Male,$587486.08,970979867,IT
491,Wilfrid,Winfred,wwinfreddm@narod.ru,Male,$358398.41,589866799,IT
492,Delcine,Leversha,dlevershadn@wikipedia.org,Female,$864788.38,631383938,CC
493,Dickie,MacKowle,dmackowledo@webmd.com,Male,$488175.22,672148498,IT
494,Boothe,Grindall,bgrindalldp@psu.edu,Male,$863424.88,513211811,IT
495,Larine,Sawnwy,lsawnwydq@si.edu,Female,$424897.23,926024453,CC
496,Alfonso,Fluger,aflugerdr@nsw.gov.au,Male,$939870.83,26966721,CC
497,Lazarus,Hayle,lhayleds@jugem.jp,Male,$862551.54,932814318,IT
498,Rodina,Willment,rwillmentdt@omniture.com,Female,$724361.57,28695338,CC
499,Asa,Thieme,athiemedu@usda.gov,Male,$715734.69,1024775608,PP
500,Brok,Woollam,bwoollamdv@oakley.com,Male,$846622.47,1001261626,IT
501,Bernadina,Dallender,bdallenderdw@illinois.edu,Female,$196453.49,446661655,PP
502,Devin,Coupar,dcoupardx@tinyurl.com,Male,$668799.54,72497109,PP
503,Tye,Longden,tlongdendy@prlog.org,Male,$851532.48,202765895,IT
504,Giavani,Guy,gguydz@cmu.edu,Male,$295848.33,918952379,IT
505,Gabe,Leal,gleale0@prnewswire.com,Male,$275668.85,646458626,CC
506,Aeriell,Linham,alinhame1@godaddy.com,Female,$619699.96,847615725,PP
507,Brenden,Barbie,bbarbiee2@japanpost.jp,Male,$536111.38,732875497,CC
508,Ardith,Laidel,alaidele3@storify.com,Female,$634764.53,87856583,PP
509,Freeman,Vennard,fvennarde4@hostgator.com,Male,$337441.68,425882603,IT
510,Holden,Malatalant,hmalatalante5@thetimes.co.uk,Male,$351683.85,249910730,IT
511,Kendra,Varcoe,kvarcoee6@people.com.cn,Female,$843911.67,267401459,IT
512,Bev,Clabburn,bclabburne7@reddit.com,Male,$857728.42,204453701,CC
513,Fina,Mallison,fmallisone8@baidu.com,Female,$406038.73,149144047,IT
514,Florentia,Congreve,fcongrevee9@issuu.com,Female,$700720.06,126696202,IT
515,Angus,MacLardie,amaclardieea@acquirethisname.com,Male,$845993.92,919811325,IT
516,Theo,Betts,tbettseb@typepad.com,Male,$880972.46,254703436,CC
517,Nealon,Faire,nfaireec@amazon.de,Male,$447673.07,855260722,CC
518,Adrian,Helks,ahelksed@e-recht24.de,Male,$729675.61,102434438,IT
519,Eveleen,Hofner,ehofneree@facebook.com,Female,$618240.67,836493091,IT
520,Burton,Barhams,bbarhamsef@instagram.com,Male,$753676.17,456584500,IT
521,Ardath,McIlvenna,amcilvennaeg@typepad.com,Female,$703276.77,147500114,IT
522,Heath,Setter,hsettereh@reference.com,Male,$349434.78,726477539,CC
523,Reuven,Crofts,rcroftsei@chron.com,Male,$434772.90,215325117,PP
524,Calley,Edgeler,cedgelerej@fema.gov,Female,$749501.52,764727967,PP
525,Gilberta,Plascott,gplascottek@com.com,Female,$900942.44,1008426246,CC
526,Reggy,Bandey,rbandeyel@dailymotion.com,Male,$395612.08,961991161,CC
527,Sarajane,Stit,sstitem@trellian.com,Female,$296402.75,109607851,CC
528,Adan,Coulsen,acoulsenen@goo.ne.jp,Male,$941222.00,137009472,CC
529,Loy,Porcher,lporchereo@youku.com,Male,$525647.59,60281083,IT
530,Ines,Tassell,itassellep@macromedia.com,Female,$671753.59,632826538,PP
531,Ailey,Starten,astarteneq@cloudflare.com,Female,$658472.12,860403971,CC
532,Portie,Dumphries,pdumphrieser@xrea.com,Male,$867412.03,982522180,CC
533,Joannes,Forsythe,jforsythees@twitpic.com,Female,$193221.11,32333625,IT
534,Rosalinda,Fealy,rfealyet@engadget.com,Female,$687181.31,507601115,CC
535,Garrott,Dybald,gdybaldeu@nsw.gov.au,Male,$246425.12,877456940,CC
536,Vasili,Fulop,vfulopev@alibaba.com,Male,$896721.82,357262345,CC
537,Cristiano,Clouter,cclouterew@pinterest.com,Male,$863418.12,604533754,IT
538,Andie,McIvor,amcivorex@usa.gov,Male,$513506.71,82492195,IT
539,Jacqui,Cajkler,jcajklerey@51.la,Female,$499002.65,210271897,CC
540,Godfrey,Fintoph,gfintophez@dropbox.com,Male,$906163.29,497340258,IT
541,Griffie,Reinbech,greinbechf0@surveymonkey.com,Male,$331177.13,373792631,PP
542,Elia,Longford,elongfordf1@cnbc.com,Male,$904290.96,1043199704,CC
543,Christabel,Shotbolt,cshotboltf2@dyndns.org,Female,$723373.72,104986250,CC
544,Douglass,Golds,dgoldsf3@google.com.br,Male,$317804.36,286348940,CC
545,Jolie,Handmore,jhandmoref4@msu.edu,Female,$538385.09,676237525,PP
546,Lissa,Boykett,lboykettf5@csmonitor.com,Female,$888889.15,269266531,IT
547,Wiatt,Pickthorne,wpickthornef6@typepad.com,Male,$572865.13,349099751,CC
548,Cyndie,Rodwell,crodwellf7@histats.com,Female,$208941.27,59597630,CC
549,Ara,Curror,acurrorf8@about.me,Female,$656757.62,720878394,IT
550,Klaus,Kerslake,kkerslakef9@sina.com.cn,Male,$623633.54,871909258,PP
551,Breena,Gustus,bgustusfa@about.me,Female,$367452.61,804948377,IT
552,Henrie,Santacrole,hsantacrolefb@vinaora.com,Female,$743989.16,598602576,CC
553,Sylvia,Dumingo,sdumingofc@live.com,Female,$982131.54,619483438,IT
554,Zara,Panter,zpanterfd@live.com,Female,$888858.89,74532940,IT
555,Codie,Shevlan,cshevlanfe@amazon.com,Male,$960138.13,341214975,CC
556,Timothy,Ridett,tridettff@uiuc.edu,Male,$793324.21,716305894,CC
557,Carena,Du Pre,cduprefg@bloomberg.com,Female,$225599.10,1017855847,IT
558,Marrilee,Monnelly,mmonnellyfh@cdbaby.com,Female,$595828.30,157340906,PP
559,Cesare,Baudoux,cbaudouxfi@t-online.de,Male,$814688.55,809398194,IT
560,Ogden,Elles,oellesfj@google.pl,Male,$896477.43,1039899041,CC
561,Netty,Brobak,nbrobakfk@icq.com,Female,$893276.27,56025632,IT
562,Garey,Cooksey,gcookseyfl@addtoany.com,Male,$873586.61,908323852,IT
563,Toinette,Barrim,tbarrimfm@dell.com,Female,$210777.90,690564032,IT
564,Denise,Ducham,dduchamfn@cloudflare.com,Female,$381333.63,953032736,PP
565,Aridatha,Bertin,abertinfo@engadget.com,Female,$598328.22,793766531,CC
566,Christi,Dobrovolny,cdobrovolnyfp@shinystat.com,Female,$774696.67,834628099,IT
567,Ella,Gomersall,egomersallfq@nymag.com,Female,$433867.49,145149553,IT
568,Leeanne,Oxteby,loxtebyfr@typepad.com,Female,$411940.01,971691299,IT
569,Milt,MacKeogh,mmackeoghfs@prweb.com,Male,$905352.63,315399795,CC
570,Thornie,Gosse,tgosseft@cafepress.com,Male,$637009.49,636325968,IT
571,Nicolea,Whyke,nwhykefu@businesswire.com,Female,$946879.08,21161226,IT
572,Kimberli,Fidelli,kfidellifv@prnewswire.com,Female,$764080.45,548124891,IT
573,Simon,Greening,sgreeningfw@posterous.com,Male,$530451.33,809956509,CC
574,Daphne,Wharrier,dwharrierfx@newsvine.com,Female,$911075.76,1008440825,CC
575,Goldie,Lody,glodyfy@over-blog.com,Female,$877844.77,557303397,IT
576,Richmond,Jeremaes,rjeremaesfz@omniture.com,Male,$589838.77,885369337,CC
577,Fredrika,Castells,fcastellsg0@disqus.com,Female,$341336.16,559370969,IT
578,Bink,Gasnell,bgasnellg1@cbc.ca,Male,$200481.74,675616086,PP
579,Nickolas,Wyldbore,nwyldboreg2@psu.edu,Male,$752066.01,546375980,PP
580,Gabriela,Jakobsson,gjakobssong3@pcworld.com,Female,$295144.01,60113439,PP
581,Mallory,Plaster,mplasterg4@w3.org,Female,$269962.64,38008969,CC
582,Ivett,Fellibrand,ifellibrandg5@photobucket.com,Female,$661299.53,215553071,CC
583,Donia,Caress,dcaressg6@barnesandnoble.com,Female,$271535.73,1008277976,IT
584,Frasier,Laphorn,flaphorng7@wsj.com,Male,$993448.66,546880514,PP
585,Lelia,Mulder,lmulderg8@blogs.com,Female,$574534.82,686275428,PP
586,Vite,Nuccitelli,vnuccitellig9@nasa.gov,Male,$517220.88,572746585,CC
587,Rasla,Diack,rdiackga@ca.gov,Female,$106372.36,379727203,PP
588,Court,Whittall,cwhittallgb@whitehouse.gov,Male,$918277.11,537102629,PP
589,Jaymie,Hartas,jhartasgc@comcast.net,Male,$210367.81,256315654,CC
590,Bradan,Pennini,bpenninigd@blogs.com,Male,$235599.77,399169159,PP
591,Clay,Philipsen,cphilipsenge@irs.gov,Male,$850009.97,361423244,PP
592,Trescha,Saintsbury,tsaintsburygf@cnet.com,Female,$942571.99,215323928,IT
593,Sheff,Felmingham,sfelminghamgg@ning.com,Male,$744254.09,1044279425,PP
594,Beniamino,Fiddian,bfiddiangh@macromedia.com,Male,$617844.69,659210013,PP
595,Rourke,Whild,rwhildgi@topsy.com,Male,$152034.45,341955186,IT
596,Trix,Mabbe,tmabbegj@google.ru,Female,$766201.86,768871895,PP
597,Leigh,Lye,llyegk@123-reg.co.uk,Female,$573753.69,1024783319,CC
598,Conrad,Lehenmann,clehenmanngl@gravatar.com,Male,$600272.05,529643348,IT
599,Katharyn,McGavin,kmcgavingm@tamu.edu,Female,$424812.85,25077942,PP
600,Whitby,Fant,wfantgn@amazon.co.uk,Male,$819072.62,807991413,CC
601,Melosa,Croal,mcroalgo@yale.edu,Female,$144567.79,566965635,PP
602,Hadlee,Pasfield,hpasfieldgp@parallels.com,Male,$163517.18,146752744,CC
603,Elka,Scarsbrick,escarsbrickgq@ftc.gov,Female,$559914.18,139625513,CC
604,Harrison,Adamides,hadamidesgr@jimdo.com,Male,$850533.11,430912569,PP
605,Gabi,Crosfeld,gcrosfeldgs@cbc.ca,Male,$998765.75,1003358219,IT
606,Willdon,Kelston,wkelstongt@livejournal.com,Male,$728344.43,207295877,CC
607,Augie,Roscamp,aroscampgu@abc.net.au,Male,$893448.23,346662332,IT
608,Becka,Denzey,bdenzeygv@whitehouse.gov,Female,$925160.48,5985784,IT
609,Cordie,Cowwell,ccowwellgw@gov.uk,Male,$876003.98,698118456,PP
610,Ingar,Jackson,ijacksongx@jigsy.com,Male,$621530.14,165107006,PP
611,Alia,Campbell-Dunlop,acampbelldunlopgy@gravatar.com,Female,$707288.08,230939733,CC
612,Minette,Hansed,mhansedgz@state.gov,Female,$603804.13,332903681,CC
613,Bink,Vasnetsov,bvasnetsovh0@ca.gov,Male,$569372.50,319173822,PP
614,Rochelle,Brozek,rbrozekh1@last.fm,Female,$461976.47,459775861,PP
615,Zed,Andrieu,zandrieuh2@sfgate.com,Male,$498879.20,100975596,PP
616,Noreen,Drynan,ndrynanh3@instagram.com,Female,$344152.04,156327949,IT
617,Bobbe,Orridge,borridgeh4@123-reg.co.uk,Female,$283627.29,93242229,CC
618,Sheree,Ricardet,sricardeth5@deviantart.com,Female,$199304.49,173765972,PP
619,Rollin,Brunstan,rbrunstanh6@themeforest.net,Male,$786800.97,643359471,PP
620,Modestine,Shrigley,mshrigleyh7@liveinternet.ru,Female,$931533.89,156456218,CC
621,Rowney,Grumley,rgrumleyh8@live.com,Male,$524273.43,881009935,IT
622,Spence,Childerley,schilderleyh9@opensource.org,Male,$191748.32,458441707,PP
623,Edy,Gutowska,egutowskaha@live.com,Female,$448553.54,387234095,CC
624,Jordan,Cardenosa,jcardenosahb@scribd.com,Male,$950665.41,255442589,CC
625,Easter,Brass,ebrasshc@hc360.com,Female,$920080.15,192325038,CC
626,Ellynn,Brocking,ebrockinghd@sun.com,Female,$947051.57,1015222262,PP
627,Farica,Lamartine,flamartinehe@blog.com,Female,$391437.97,736366439,PP
628,Care,Jupe,cjupehf@independent.co.uk,Male,$683549.16,586686983,IT
629,Amanda,Walewski,awalewskihg@a8.net,Female,$904041.97,599604939,CC
630,Enrica,Turle,eturlehh@nature.com,Female,$609803.75,798517988,CC
631,Sissy,Quarry,squarryhi@google.es,Female,$179951.75,617664704,CC
632,Adan,Babington,ababingtonhj@army.mil,Female,$496651.77,96160360,CC
633,Blinni,Dowthwaite,bdowthwaitehk@forbes.com,Female,$176161.72,45929107,CC
634,Quentin,Offield,qoffieldhl@joomla.org,Female,$437687.75,519036482,CC
635,Annaliese,Mossdale,amossdalehm@geocities.jp,Female,$495469.85,344390617,PP
636,Larissa,Dielhenn,ldielhennhn@slideshare.net,Female,$221647.89,490165580,CC
637,Gibb,Ayliff,gayliffho@geocities.com,Male,$461810.76,537679702,CC
638,Arnuad,Featonby,afeatonbyhp@prlog.org,Male,$857579.06,985777400,CC
639,Rivy,Broadhead,rbroadheadhq@drupal.org,Female,$310083.57,144547284,PP
640,Tremain,Wainer,twainerhr@homestead.com,Male,$567724.03,461556029,CC
641,Annalise,Struijs,astruijshs@house.gov,Female,$770981.39,82818842,CC
642,Caryl,Jeans,cjeansht@ox.ac.uk,Male,$247322.33,645813812,IT
643,Carver,Malling,cmallinghu@weibo.com,Male,$767435.39,559456440,CC
644,Debra,Carabet,dcarabethv@aol.com,Female,$486558.51,484352990,IT
645,Faulkner,de Courcey,fdecourceyhw@ted.com,Male,$473796.89,192223303,IT
646,Rowen,Harrap,rharraphx@webmd.com,Male,$462982.68,606863239,IT
647,Cathleen,Aucoate,caucoatehy@japanpost.jp,Female,$403101.00,186518684,PP
648,Courtnay,Fannin,cfanninhz@spiegel.de,Female,$212115.53,825718906,IT
649,Matthus,Brokenbrow,mbrokenbrowi0@barnesandnoble.com,Male,$440147.27,894892530,PP
650,Camila,Sollis,csollisi1@angelfire.com,Female,$666105.62,826031365,IT
651,Barde,Cofax,bcofaxi2@dell.com,Male,$777268.12,20527186,IT
652,Ranee,Abrahamsson,rabrahamssoni3@canalblog.com,Female,$904697.26,911728053,CC
653,Blane,Deakin,bdeakini4@nhs.uk,Male,$805844.43,164122037,IT
654,Esdras,Di Biasi,edibiasii5@goodreads.com,Male,$501078.07,811487081,CC
655,Freedman,Wickmann,fwickmanni6@buzzfeed.com,Male,$564582.22,433176133,IT
656,Wallie,Pherps,wpherpsi7@admin.ch,Male,$175756.76,75379053,PP
657,Chandra,Parish,cparishi8@ed.gov,Female,$865779.20,153765257,CC
658,Blair,Edden,beddeni9@howstuffworks.com,Male,$560458.29,490147188,CC
659,Lorant,Lamartine,llamartineia@freewebs.com,Male,$716671.29,343959029,PP
660,Winfred,Whitehead,wwhiteheadib@pinterest.com,Male,$937472.27,949914646,CC
661,Nina,Strevens,nstrevensic@vimeo.com,Female,$280845.28,517031804,CC
662,Junia,Bosley,jbosleyid@de.vu,Female,$890679.38,8331592,IT
663,Milicent,Behagg,mbehaggie@oaic.gov.au,Female,$835285.37,487640517,CC
664,Mack,Storrah,mstorrahif@nba.com,Male,$871663.38,53439957,IT
665,Angelina,Sowray,asowrayig@github.com,Female,$292900.05,36773623,IT
666,Alexandros,Catlow,acatlowih@macromedia.com,Male,$365925.10,52491498,CC
667,Irina,Shovel,ishovelii@dion.ne.jp,Female,$741724.41,834377989,PP
668,Bobby,Lowten,blowtenij@ucoz.com,Female,$965613.59,222137486,PP
669,Ileane,Shrigley,ishrigleyik@elpais.com,Female,$239053.56,665233310,IT
670,Ronny,Godding,rgoddingil@nydailynews.com,Male,$749656.00,1016902304,IT
671,Cloris,Holdworth,choldworthim@samsung.com,Female,$967544.17,848045148,PP
672,Ely,Sives,esivesin@e-recht24.de,Male,$811703.16,126643076,CC
673,Tracey,Mardell,tmardellio@nih.gov,Female,$696144.10,601001041,IT
674,Gae,Letertre,gletertreip@nasa.gov,Female,$654759.99,640899310,CC
675,Johann,Winckles,jwincklesiq@cpanel.net,Male,$383191.47,10388556,IT
676,Maurie,Clapshaw,mclapshawir@seattletimes.com,Male,$483834.31,106060584,CC
677,Tyler,Clyne,tclyneis@mtv.com,Male,$200333.30,919734515,IT
678,Ansel,Whetland,awhetlandit@lycos.com,Male,$260199.08,546834830,PP
679,Gerhardine,Archibould,garchibouldiu@tinypic.com,Female,$420374.72,823656270,PP
680,Natala,Linkleter,nlinkleteriv@tinyurl.com,Female,$690661.12,178958741,IT
681,Morgen,Sawrey,msawreyiw@gizmodo.com,Male,$114840.25,542633327,IT
682,Ichabod,Stancer,istancerix@house.gov,Male,$868870.06,1031283028,PP
683,Woodman,Reckless,wrecklessiy@ifeng.com,Male,$452508.08,694794323,CC
684,Jordain,Wartonby,jwartonbyiz@latimes.com,Female,$161067.37,615606521,CC
685,Cassandry,Windle,cwindlej0@dagondesign.com,Female,$744782.60,290404843,PP
686,Jacques,Vasilyevski,jvasilyevskij1@acquirethisname.com,Male,$545925.58,428816157,PP
687,Tallulah,Mattek,tmattekj2@boston.com,Female,$931489.49,257521079,IT
688,Chrissie,Pearch,cpearchj3@amazon.com,Male,$419686.78,447276754,CC
689,Llewellyn,Ingledow,lingledowj4@chronoengine.com,Male,$717283.61,305810390,CC
690,Wynny,Negri,wnegrij5@friendfeed.com,Female,$128036.99,813391522,IT
691,Gaylor,Blackboro,gblackboroj6@digg.com,Male,$133107.82,948667096,PP
692,Gery,Blazhevich,gblazhevichj7@google.ru,Male,$462370.62,697134041,IT
693,Keefer,Rubenczyk,krubenczykj8@ucoz.com,Male,$930260.56,796639668,PP
694,Abbey,Bareford,abarefordj9@mtv.com,Female,$680268.96,642980053,CC
695,Clair,Palle,cpalleja@house.gov,Male,$827859.99,797562225,IT
696,Janey,Pennini,jpenninijb@printfriendly.com,Female,$708530.35,315959925,CC
697,Waldemar,Flatley,wflatleyjc@bravesites.com,Male,$573724.55,850772200,PP
698,Dahlia,Rookeby,drookebyjd@google.de,Female,$416778.95,787946612,PP
699,Kaitlynn,Hotchkin,khotchkinje@creativecommons.org,Female,$396846.90,880944565,PP
700,Buiron,Laherty,blahertyjf@istockphoto.com,Male,$710774.70,696451139,PP
701,Brittne,Parram,bparramjg@cbslocal.com,Female,$479263.36,725808245,CC
702,Alvan,Humes,ahumesjh@stanford.edu,Male,$544127.66,27027742,PP
703,Averil,Lockhead,alockheadji@last.fm,Female,$372111.27,116875692,IT
704,Beniamino,Elion,belionjj@nsw.gov.au,Male,$412529.21,411991567,IT
705,Eal,McIsaac,emcisaacjk@wikipedia.org,Male,$315283.16,674791955,IT
706,Ephraim,Louisot,elouisotjl@xinhuanet.com,Male,$686063.72,641584448,PP
707,Elana,Waitland,ewaitlandjm@usgs.gov,Female,$401337.33,343599521,IT
708,Terrill,Stockau,tstockaujn@mashable.com,Male,$957725.11,870111993,CC
709,Joane,Twamley,jtwamleyjo@forbes.com,Female,$762270.22,267356143,CC
710,Virgil,Gabites,vgabitesjp@mail.ru,Male,$794337.01,485797422,IT
711,Ella,Wrates,ewratesjq@exblog.jp,Female,$502239.88,623568297,IT
712,Anthea,Seivertsen,aseivertsenjr@usatoday.com,Female,$597002.25,16531010,PP
713,Andrew,Heaviside,aheavisidejs@prweb.com,Male,$563938.61,621591273,CC
714,Lauralee,Maly,lmalyjt@fastcompany.com,Female,$324068.75,966097208,IT
715,Elvis,Doleman,edolemanju@oracle.com,Male,$751053.95,440586062,PP
716,Tore,McArd,tmcardjv@netlog.com,Male,$363243.94,47797334,PP
717,Spencer,Manners,smannersjw@wikipedia.org,Male,$352006.75,665572524,IT
718,Coraline,Eberlein,ceberleinjx@cisco.com,Female,$934474.42,972577756,CC
719,Keven,Driscoll,kdriscolljy@craigslist.org,Male,$651556.89,70611467,PP
720,Kellsie,Neave,kneavejz@wunderground.com,Female,$844203.06,735259818,CC
721,Harlene,Dowdle,hdowdlek0@princeton.edu,Female,$457065.65,349866550,CC
722,Fayre,Whorlton,fwhorltonk1@bravesites.com,Female,$692516.60,139182342,IT
723,Sterne,Castagna,scastagnak2@gravatar.com,Male,$972749.14,629216490,IT
724,Bernette,Risdale,brisdalek3@yahoo.co.jp,Female,$660371.62,230283945,CC
725,Renault,Tunbridge,rtunbridgek4@mozilla.com,Male,$405078.64,210835693,CC
726,Shelia,Menendes,smenendesk5@gravatar.com,Female,$225757.46,594322852,CC
727,Charmine,Merkle,cmerklek6@bandcamp.com,Female,$527316.99,221160544,PP
728,Thedric,Sibun,tsibunk7@purevolume.com,Male,$923734.39,671823716,IT
729,Lothario,Edginton,ledgintonk8@booking.com,Male,$231910.86,859646797,IT
730,Kattie,Russ,krussk9@w3.org,Female,$240696.73,214694561,PP
731,Boris,Fitchell,bfitchellka@jugem.jp,Male,$102049.81,548037721,CC
732,Jacquenette,Foy,jfoykb@prlog.org,Female,$752083.16,247557508,IT
733,Derrick,Lohering,dloheringkc@yolasite.com,Male,$465176.86,849478912,PP
734,Randy,Charlick,rcharlickkd@wired.com,Male,$469681.64,507675887,IT
735,Archibold,Vanacci,avanaccike@1und1.de,Male,$854335.34,528179114,CC
736,Urbano,Winterflood,uwinterfloodkf@cbslocal.com,Male,$749504.89,779286141,IT
737,Sylvan,Feldhammer,sfeldhammerkg@nih.gov,Male,$584829.82,759698701,IT
738,Desmund,Constance,dconstancekh@usnews.com,Male,$818550.29,813730411,PP
739,Smith,Schuster,sschusterki@networksolutions.com,Male,$492165.34,946184578,CC
740,Augustin,Phateplace,aphateplacekj@barnesandnoble.com,Male,$996558.86,582325578,IT
741,Aluin,Tomblings,atomblingskk@gravatar.com,Male,$138154.34,384583199,PP
742,Felike,Hitscher,fhitscherkl@home.pl,Male,$278596.28,369828988,CC
743,Worthington,O'Calleran,wocallerankm@washington.edu,Male,$685073.32,283761149,PP
744,Ashla,McEvon,amcevonkn@blogspot.com,Female,$156843.81,602384499,CC
745,Anson,Pounsett,apounsettko@cafepress.com,Male,$288105.52,733918544,CC
746,Consuela,Beacock,cbeacockkp@facebook.com,Female,$692762.01,784535101,CC
747,Penny,Shipway,pshipwaykq@whitehouse.gov,Male,$789220.22,1021454369,CC
748,Elwyn,Sinden,esindenkr@toplist.cz,Male,$595710.93,419831634,PP
749,Norina,Llop,nllopks@blogger.com,Female,$389591.53,251522266,IT
750,Kinsley,Pilkington,kpilkingtonkt@desdev.cn,Male,$191138.82,735803448,IT
751,Marian,Lofthouse,mlofthouseku@comcast.net,Female,$368250.40,489526075,CC
752,Hetty,Dorber,hdorberkv@last.fm,Female,$443676.91,19185924,CC
753,Shawnee,Ucceli,succelikw@technorati.com,Female,$685354.72,546727649,PP
754,Benedetto,Yair,byairkx@yelp.com,Male,$473177.50,399907302,CC
755,Winthrop,Merriton,wmerritonky@bloglovin.com,Male,$577822.87,519136200,CC
756,Ramon,Bengall,rbengallkz@shareasale.com,Male,$986598.28,652191742,IT
757,Lona,Dawber,ldawberl0@columbia.edu,Female,$185000.30,394347394,CC
758,Cody,Burgher,cburgherl1@comsenz.com,Female,$404223.25,87783104,CC
759,Valle,Trineman,vtrinemanl2@topsy.com,Male,$213652.32,993020242,PP
760,Caleb,McFall,cmcfalll3@w3.org,Male,$618077.31,223875514,IT
761,Estevan,Kisby,ekisbyl4@ucsd.edu,Male,$272886.10,526531744,PP
762,Maddi,Mayward,mmaywardl5@reference.com,Female,$137933.81,371363822,PP
763,Arley,Durak,adurakl6@jiathis.com,Male,$155311.26,303772863,CC
764,Gabriell,Thynne,gthynnel7@ebay.com,Female,$985552.87,192409090,CC
765,Brendon,Tuddenham,btuddenhaml8@va.gov,Male,$217189.04,123550468,CC
766,Daile,Bonnar,dbonnarl9@amazon.co.uk,Female,$553180.89,174561850,PP
767,Carlynne,Vollam,cvollamla@facebook.com,Female,$338140.36,635332805,CC
768,Darnall,Bech,dbechlb@gravatar.com,Male,$457826.10,655462012,IT
769,Field,Bowra,fbowralc@1688.com,Male,$595758.15,616798222,PP
770,Romonda,Calcutt,rcalcuttld@reddit.com,Female,$882692.87,86159143,PP
771,Saunder,Sheirlaw,ssheirlawle@google.nl,Male,$694012.50,773979033,IT
772,Paulita,Aldis,paldislf@theguardian.com,Female,$907865.65,248656814,CC
773,Yvon,Dumke,ydumkelg@google.cn,Male,$619295.07,975684356,PP
774,Ashlen,Vowdon,avowdonlh@ft.com,Female,$954703.25,748813874,CC
775,Oby,Strutt,ostruttli@ibm.com,Male,$191518.98,37597270,IT
776,Frank,Tregunna,ftregunnalj@dailymail.co.uk,Male,$980228.26,1006333268,CC
777,Lana,Shippard,lshippardlk@marketwatch.com,Female,$874511.87,553684623,IT
778,Katy,Henrique,khenriquell@eventbrite.com,Female,$258679.94,547700008,PP
779,Ekaterina,Moyler,emoylerlm@census.gov,Female,$946181.53,401123393,PP
780,Quincey,Portsmouth,qportsmouthln@elegantthemes.com,Male,$533413.16,13416146,IT
781,Jade,Caze,jcazelo@soundcloud.com,Female,$698166.69,568509530,IT
782,Dana,Lovelady,dloveladylp@gov.uk,Male,$427581.71,166115902,IT
783,Amalita,Gouda,agoudalq@mtv.com,Female,$802535.44,261331185,PP
784,Levin,Wallbank,lwallbanklr@networkadvertising.org,Male,$358910.46,168793759,IT
785,Merell,Klejin,mklejinls@senate.gov,Male,$896001.66,356894314,PP
786,Doralin,Bellino,dbellinolt@wiley.com,Female,$627126.06,982285805,PP
787,Jerald,Garside,jgarsidelu@sbwire.com,Male,$219808.85,949729573,PP
788,Ignatius,MacFayden,imacfaydenlv@hostgator.com,Male,$803574.90,700386641,IT
789,Daffie,Strahan,dstrahanlw@ihg.com,Female,$336422.84,228080470,IT
790,Filippo,Shambroke,fshambrokelx@huffingtonpost.com,Male,$272443.00,755977153,IT
791,Shelden,Gonsalvez,sgonsalvezly@accuweather.com,Male,$668288.56,766302505,IT
792,Ives,Bremmell,ibremmelllz@nationalgeographic.com,Male,$466888.18,841177909,PP
793,Lynett,Kemitt,lkemittm0@nasa.gov,Female,$124211.72,1021681857,PP
794,Bettye,Barck,bbarckm1@about.com,Female,$739161.28,184045540,IT
795,Ulrica,Cramond,ucramondm2@reuters.com,Female,$285174.50,8923116,CC
796,Oralla,Riedel,oriedelm3@ezinearticles.com,Female,$536823.15,140488867,PP
797,Berny,Stradling,bstradlingm4@whitehouse.gov,Male,$465427.92,913507463,CC
798,Aubrey,Wabersinke,awabersinkem5@goodreads.com,Male,$977941.87,719037706,PP
799,Flss,Nares,fnaresm6@purevolume.com,Female,$595258.49,561671904,IT
800,Chrisy,Noel,cnoelm7@tiny.cc,Male,$329836.22,715717057,IT
801,Marv,Hunstone,mhunstonem8@moonfruit.com,Male,$680747.84,920187195,PP
802,Jedidiah,Baynam,jbaynamm9@redcross.org,Male,$405692.09,674877898,PP
803,Rollins,Askham,raskhamma@stumbleupon.com,Male,$249060.43,1039505454,PP
804,Louisa,Denisyuk,ldenisyukmb@hostgator.com,Female,$921172.57,9300768,CC
805,Heywood,Axcel,haxcelmc@guardian.co.uk,Male,$336057.63,791573042,IT
806,Oralie,Blaise,oblaisemd@ifeng.com,Female,$904192.66,668197453,CC
807,Rona,Crosskill,rcrosskillme@ft.com,Female,$663077.91,33808979,CC
808,Jandy,Domenget,jdomengetmf@time.com,Female,$313562.58,472835716,PP
809,Dewey,Feaver,dfeavermg@wp.com,Male,$823362.88,547882861,CC
810,Estrellita,Penney,epenneymh@toplist.cz,Female,$105807.40,334186150,IT
811,Milzie,Bourdice,mbourdicemi@bravesites.com,Female,$962653.07,283268424,CC
812,Lucien,Waszczyk,lwaszczykmj@miitbeian.gov.cn,Male,$267648.99,256938968,PP
813,Hermie,Hubbert,hhubbertmk@istockphoto.com,Male,$802591.63,601088527,IT
814,Chiquia,Tuison,ctuisonml@unicef.org,Female,$793148.39,909323075,PP
815,Jude,Hatry,jhatrymm@ucoz.com,Male,$171659.82,267982141,IT
816,Federica,Carnall,fcarnallmn@bluehost.com,Female,$274208.46,167004642,IT
817,Baird,Shenton,bshentonmo@time.com,Male,$429193.79,584416030,PP
818,Arden,Ambrogiotti,aambrogiottimp@sciencedirect.com,Female,$927119.06,549024351,IT
819,Falito,O'Heneghan,foheneghanmq@list-manage.com,Male,$407106.36,449794459,PP
820,Rosanna,Maceur,rmaceurmr@ning.com,Female,$958242.89,82743507,CC
821,Anita,O'Kinneally,aokinneallyms@furl.net,Female,$367593.49,778413117,PP
822,Hanni,Lowles,hlowlesmt@ucsd.edu,Female,$411337.10,849500450,CC
823,Stafford,Cornborough,scornboroughmu@eepurl.com,Male,$619325.91,737041461,CC
824,Catlaina,Smorthwaite,csmorthwaitemv@nsw.gov.au,Female,$314255.04,417501269,IT
825,Kele,McCusker,kmccuskermw@furl.net,Male,$129420.93,1032164338,CC
826,Tannie,Sharphurst,tsharphurstmx@networksolutions.com,Male,$453091.69,1048313278,CC
827,Heinrik,Lacoste,hlacostemy@chron.com,Male,$125733.56,288092350,IT
828,Aurlie,Leitche,aleitchemz@businessinsider.com,Female,$592558.62,322748545,PP
829,Albertine,Stitwell,astitwelln0@jalbum.net,Female,$542077.87,587514958,PP
830,Alasteir,Figiovanni,afigiovannin1@time.com,Male,$567717.40,898339080,IT
831,Lancelot,Lorman,llormann2@amazonaws.com,Male,$348027.70,1049861296,PP
832,Nikolaus,Weben,nwebenn3@com.com,Male,$137041.75,686572406,IT
833,Charis,Filippazzo,cfilippazzon4@seattletimes.com,Female,$391473.94,788251139,PP
834,Torry,Rudgerd,trudgerdn5@guardian.co.uk,Male,$174997.09,333964356,IT
835,Iggy,Dockerty,idockertyn6@china.com.cn,Male,$447019.57,726230871,IT
836,Delcine,Genney,dgenneyn7@live.com,Female,$900324.48,772320608,CC
837,Shem,Spinas,sspinasn8@angelfire.com,Male,$157898.50,412251579,PP
838,Toiboid,Dyball,tdyballn9@bbb.org,Male,$311306.93,323763526,IT
839,Liva,Osban,losbanna@nps.gov,Female,$719934.64,1046386262,IT
840,Arnie,Querree,aquerreenb@amazonaws.com,Male,$129335.71,318883772,IT
841,Robbin,Lanney,rlanneync@ustream.tv,Female,$158368.84,803948934,CC
842,Neddie,Sandle,nsandlend@ocn.ne.jp,Male,$837828.38,553456392,CC
843,Minnaminnie,Skingley,mskingleyne@usnews.com,Female,$751629.20,281415703,PP
844,Freddi,Salsbury,fsalsburynf@elegantthemes.com,Female,$564792.73,821628679,CC
845,Rees,Lumm,rlummng@jimdo.com,Male,$772131.87,301952446,IT
846,Alaric,Laytham,alaythamnh@chron.com,Male,$343045.25,508844370,CC
847,Reeva,Aisbett,raisbettni@unesco.org,Female,$345910.14,20294931,PP
848,Jilli,Izakoff,jizakoffnj@homestead.com,Female,$356782.12,948822476,IT
849,Engelbert,Rayer,erayernk@ox.ac.uk,Male,$621123.50,801148078,IT
850,Hartley,Skelbeck,hskelbecknl@yolasite.com,Male,$895661.61,763176840,IT
851,Liana,Philpots,lphilpotsnm@usatoday.com,Female,$221655.73,719380831,IT
852,Ethyl,Friese,efriesenn@elegantthemes.com,Female,$538754.37,236614967,CC
853,Edeline,Folder,efolderno@alexa.com,Female,$314317.36,151962882,IT
854,Boote,Moorton,bmoortonnp@vkontakte.ru,Male,$634433.17,667599831,CC
855,Niven,Grenville,ngrenvillenq@bloglines.com,Male,$258200.95,364334671,CC
856,Dewie,McGahern,dmcgahernnr@mtv.com,Male,$786834.56,1017798718,PP
857,Kevin,Lambol,klambolns@foxnews.com,Male,$466640.87,126364877,PP
858,Athena,Sommerscales,asommerscalesnt@spiegel.de,Female,$113507.69,626826590,IT
859,Lari,Eveleigh,leveleighnu@cbsnews.com,Female,$720252.61,230979986,CC
860,Orville,Perigeaux,operigeauxnv@time.com,Male,$179621.81,455773593,IT
861,Jacqui,McCorkell,jmccorkellnw@a8.net,Female,$799883.12,367691829,IT
862,Gretna,Occleshaw,goccleshawnx@bbb.org,Female,$393351.56,167978552,IT
863,Wylie,Docherty,wdochertyny@instagram.com,Male,$179472.54,894296871,IT
864,Galina,Defrain,gdefrainnz@tinypic.com,Female,$452528.88,805966869,CC
865,Felizio,Kohlerman,fkohlermano0@hubpages.com,Male,$179407.70,1044727690,PP
866,Broddie,Goracci,bgoraccio1@umn.edu,Male,$611323.19,925268613,IT
867,Marshal,Angric,mangrico2@webnode.com,Male,$300597.94,741239863,IT
868,Ancell,Aleso,aalesoo3@guardian.co.uk,Male,$553624.90,787294015,IT
869,Allan,Fawcett,afawcetto4@prweb.com,Male,$811638.01,303733180,PP
870,Decca,Glanert,dglanerto5@t-online.de,Male,$493059.94,802894637,IT
871,Correy,Mingardi,cmingardio6@trellian.com,Female,$948603.74,959637874,IT
872,Sharyl,Dower,sdowero7@latimes.com,Female,$423725.95,921976460,PP
873,Thaxter,Liven,tliveno8@jigsy.com,Male,$342840.88,88006227,IT
874,Fern,Guerreru,fguerreruo9@tripod.com,Female,$260009.21,212505064,CC
875,Jo,Van den Velde,jvandenveldeoa@cnbc.com,Female,$477626.18,470636262,IT
876,Tad,Orton,tortonob@hud.gov,Male,$955415.01,877175954,IT
877,Sigfried,Brissard,sbrissardoc@com.com,Male,$634163.39,949226829,IT
878,Gibb,Mattevi,gmatteviod@github.com,Male,$914215.24,829241520,CC
879,Billy,Dailey,bdaileyoe@flavors.me,Female,$912392.48,786716724,CC
880,Cesare,Pacheco,cpachecoof@noaa.gov,Male,$390056.76,100244416,CC
881,Antonietta,Martelet,amarteletog@ustream.tv,Female,$147357.63,268791621,IT
882,Aleksandr,Dinsell,adinselloh@buzzfeed.com,Male,$112026.15,902020725,PP
883,Brigid,Binner,bbinneroi@dedecms.com,Female,$112447.88,507459424,CC
884,Ardene,Eddleston,aeddlestonoj@tinypic.com,Female,$771889.58,1041063230,IT
885,Aymer,Vasilchenko,avasilchenkook@scribd.com,Male,$304554.71,442481706,CC
886,Rafa,Whitland,rwhitlandol@usda.gov,Female,$784188.47,61916072,PP
887,Ketty,Bairstow,kbairstowom@miibeian.gov.cn,Female,$565538.08,221368182,CC
888,Fernande,Sartain,fsartainon@thetimes.co.uk,Female,$929404.12,971742472,PP
889,Rickie,Lammiman,rlammimanoo@deliciousdays.com,Female,$382998.23,451519427,PP
890,Charis,Yaus,cyausop@last.fm,Female,$114880.85,260349925,PP
891,Thomasin,Ledson,tledsonoq@unblog.fr,Female,$162511.08,430247019,PP
892,Raychel,Callear,rcallearor@wikimedia.org,Female,$672611.40,69048703,IT
893,Brewster,Kennermann,bkennermannos@adobe.com,Male,$283056.36,494961580,CC
894,Raddy,Tootell,rtootellot@examiner.com,Male,$522184.99,742233643,IT
895,Vic,Coleman,vcolemanou@bbb.org,Male,$776148.24,158967574,PP
896,Aimee,Storres,astorresov@dell.com,Female,$800310.35,27529207,PP
897,Benni,Desantis,bdesantisow@census.gov,Female,$845281.07,986875500,PP
898,Sebastiano,Iacovielli,siacovielliox@nsw.gov.au,Male,$636707.68,491182337,PP
899,Nicolea,Tibbits,ntibbitsoy@unc.edu,Female,$256818.78,292930928,IT
900,Mordy,Marchelli,mmarchellioz@cnn.com,Male,$888376.69,451992417,IT
901,Eldin,Crossthwaite,ecrossthwaitep0@shinystat.com,Male,$607061.38,353225379,CC
902,Fax,Waddilow,fwaddilowp1@amazon.de,Male,$860434.63,385210347,IT
903,Marian,Winscum,mwinscump2@google.pl,Female,$571442.69,818026922,IT
904,Freeman,Pound,fpoundp3@businessinsider.com,Male,$970115.41,577952480,IT
905,Gaylene,Lafee,glafeep4@rambler.ru,Female,$940028.73,966072868,PP
906,Melany,Goater,mgoaterp5@statcounter.com,Female,$499889.17,323254357,IT
907,Vitia,Blindmann,vblindmannp6@delicious.com,Female,$383850.82,230139590,IT
908,Ariana,Jiranek,ajiranekp7@japanpost.jp,Female,$773566.93,1033018300,CC
909,Abramo,Dodgshun,adodgshunp8@zdnet.com,Male,$883973.57,877437432,IT
910,Rory,Ferrarini,rferrarinip9@gizmodo.com,Male,$108239.29,269610021,CC
911,Daphene,Willford,dwillfordpa@edublogs.org,Female,$817988.78,838927416,IT
912,Welby,Starsmore,wstarsmorepb@skype.com,Male,$893403.78,178087394,CC
913,Geoffry,Fielders,gfielderspc@google.it,Male,$380456.04,780216623,CC
914,Laughton,Andell,landellpd@opensource.org,Male,$123146.12,606002226,PP
915,Giffard,Leefe,gleefepe@narod.ru,Male,$396261.20,891104258,PP
916,Wain,Penketh,wpenkethpf@gov.uk,Male,$415984.83,655574754,CC
917,Rubi,Yerlett,ryerlettpg@usatoday.com,Female,$731781.74,57728485,CC
918,Casi,Karadzas,ckaradzasph@google.nl,Female,$594114.44,8432659,PP
919,Johannes,Le Page,jlepagepi@oakley.com,Male,$296950.33,477131938,PP
920,Merridie,Hayworth,mhayworthpj@com.com,Female,$448078.43,777961158,PP
921,Colman,Furlonge,cfurlongepk@list-manage.com,Male,$754798.17,243019953,CC
922,Wini,O'Corrin,wocorrinpl@disqus.com,Female,$916532.76,819857347,IT
923,Cassondra,Coste,ccostepm@unc.edu,Female,$965245.32,90352482,PP
924,Chadd,Kenealy,ckenealypn@about.me,Male,$244832.68,758393480,IT
925,Joceline,McIver,jmciverpo@toplist.cz,Female,$386520.16,763926830,CC
926,Jase,Capnerhurst,jcapnerhurstpp@hugedomains.com,Male,$793588.44,1044271725,CC
927,Melva,Hartford,mhartfordpq@livejournal.com,Female,$441383.37,245754812,CC
928,Sibelle,Willmot,swillmotpr@comsenz.com,Female,$903291.46,557712393,CC
929,Merrel,Ryan,mryanps@nhs.uk,Male,$222916.13,344478083,IT
930,Cullan,Martinolli,cmartinollipt@netscape.com,Male,$559574.20,862498319,IT
931,Lula,Tooze,ltoozepu@cpanel.net,Female,$525203.95,125409070,PP
932,Valentino,Braisher,vbraisherpv@g.co,Male,$749316.48,350350438,IT
933,Spence,Spragge,sspraggepw@pcworld.com,Male,$864567.83,556407823,CC
934,Lanie,Gradley,lgradleypx@phoca.cz,Female,$503629.14,424585722,CC
935,Camile,Flasby,cflasbypy@telegraph.co.uk,Female,$472267.69,796024153,CC
936,Ranee,Cantero,rcanteropz@microsoft.com,Female,$296945.21,1023875420,CC
937,Sansone,Joburn,sjoburnq0@google.it,Male,$507550.79,864237134,PP
938,Cthrine,Goldbourn,cgoldbournq1@skyrock.com,Female,$533351.97,512772159,PP
939,Wendie,Josilevich,wjosilevichq2@ox.ac.uk,Female,$228454.95,746144404,PP
940,Hedvig,Skipsea,hskipseaq3@sohu.com,Female,$910312.14,228667124,IT
941,Kenny,Anders,kandersq4@dyndns.org,Male,$878829.84,863216402,CC
942,Anne-corinne,Ketteman,akettemanq5@msn.com,Female,$147803.95,987807195,CC
943,Rivalee,Blazi,rblaziq6@creativecommons.org,Female,$681641.76,742496958,IT
944,Archibold,Wither,awitherq7@dropbox.com,Male,$894428.35,970411729,CC
945,Dorene,Labin,dlabinq8@facebook.com,Female,$698009.41,380519100,CC
946,Deny,Whitham,dwhithamq9@tuttocitta.it,Female,$998548.75,345589697,IT
947,Valentijn,Becconsall,vbecconsallqa@mediafire.com,Male,$996827.23,485533043,CC
948,Vittorio,Malicki,vmalickiqb@smugmug.com,Male,$180755.36,243023803,IT
949,Louise,Withams,lwithamsqc@seattletimes.com,Female,$647021.32,975977434,IT
950,Godart,Kasperski,gkasperskiqd@miibeian.gov.cn,Male,$178740.57,409046838,CC
951,Henrieta,Fawdry,hfawdryqe@creativecommons.org,Female,$566842.79,757475893,CC
952,Ned,Schreiner,nschreinerqf@abc.net.au,Male,$751194.02,924432681,CC
953,Chrisse,Shimwell,cshimwellqg@cornell.edu,Male,$197611.69,370015177,IT
954,Ferris,Elderfield,felderfieldqh@artisteer.com,Male,$504139.26,112381652,PP
955,Becki,Drepp,bdreppqi@dmoz.org,Female,$656187.58,357290593,CC
956,Max,Proudman,mproudmanqj@google.co.uk,Female,$484618.74,284892449,PP
957,Elise,Lovegrove,elovegroveqk@timesonline.co.uk,Female,$554392.26,532702930,CC
958,Kelwin,Wardle,kwardleql@tmall.com,Male,$478544.75,566088483,IT
959,Henka,Callcott,hcallcottqm@cdbaby.com,Female,$810998.01,38023485,CC
960,Gladi,Simoens,gsimoensqn@ftc.gov,Female,$980619.52,150077609,CC
961,Nollie,Tokell,ntokellqo@guardian.co.uk,Male,$332784.00,565462399,IT
962,Erie,Beranek,eberanekqp@histats.com,Male,$759855.49,204231748,PP
963,Dewey,Redfearn,dredfearnqq@technorati.com,Male,$744083.22,737663315,IT
964,Johnath,Misselbrook,jmisselbrookqr@amazon.co.uk,Female,$448423.15,683657849,PP
965,Gillie,Ogelsby,gogelsbyqs@bluehost.com,Female,$197214.57,806725521,CC
966,Kellie,Brandon,kbrandonqt@addthis.com,Female,$622612.05,645233296,IT
967,Kimmi,MacCosty,kmaccostyqu@networkadvertising.org,Female,$641469.36,545681162,IT
968,Brodie,Bowcock,bbowcockqv@amazon.de,Male,$624327.63,271546057,CC
969,Rupert,Mawman,rmawmanqw@shareasale.com,Male,$873439.69,256816755,IT
970,Leon,Seiler,lseilerqx@moonfruit.com,Male,$451002.06,306454550,PP
971,Noble,Kilty,nkiltyqy@reddit.com,Male,$579545.23,664145986,IT
972,Aleen,De Biasi,adebiasiqz@netlog.com,Female,$175915.22,824344383,PP
973,Clayborne,O'Monahan,comonahanr0@mlb.com,Male,$117372.52,432011897,IT
974,Adolphe,Freeman,afreemanr1@spotify.com,Male,$470358.82,430142089,PP
975,Ailina,Maxted,amaxtedr2@ebay.co.uk,Female,$366379.96,646943922,CC
976,Alwin,Banck,abanckr3@yale.edu,Male,$145002.55,893520692,IT
977,Astrix,Cavy,acavyr4@usa.gov,Female,$991915.79,500355815,PP
978,Webster,Quantrell,wquantrellr5@wired.com,Male,$212150.71,245910860,IT
979,Tabbie,Ritter,tritterr6@statcounter.com,Male,$975516.42,949013292,PP
980,Nowell,Bowley,nbowleyr7@vinaora.com,Male,$802085.72,109347167,PP
981,Sarge,Cossar,scossarr8@examiner.com,Male,$455984.68,493941613,CC
982,Corella,Madge,cmadger9@artisteer.com,Female,$559207.26,462463422,PP
983,Lorry,Mowsley,lmowsleyra@squidoo.com,Female,$369047.52,388240192,PP
984,Ilise,Hefferon,ihefferonrb@joomla.org,Female,$557542.03,347665143,CC
985,Lotta,Seaking,lseakingrc@de.vu,Female,$659687.62,520846044,IT
986,Leo,Fetherstan,lfetherstanrd@mediafire.com,Male,$395882.44,488609861,PP
987,Beaufort,Roderigo,broderigore@army.mil,Male,$629668.42,214813236,PP
988,Northrop,Braunter,nbraunterrf@symantec.com,Male,$530371.16,441508687,IT
989,Bambie,Varfolomeev,bvarfolomeevrg@columbia.edu,Female,$810106.82,322408394,IT
990,Marley,McCritichie,mmccritichierh@ehow.com,Female,$682964.54,878466352,IT
991,Sarena,Bram,sbramri@dailymail.co.uk,Female,$282352.80,517085441,PP
992,Harlene,Desson,hdessonrj@epa.gov,Female,$477682.27,105875514,IT
993,Kaitlynn,McGaugan,kmcgauganrk@merriam-webster.com,Female,$863917.52,312807429,PP
994,Sylvester,Rotter,srotterrl@opensource.org,Male,$995246.71,1049924530,PP
995,Georges,Meffan,gmeffanrm@twitter.com,Male,$755104.60,580378641,IT
996,Rianon,Vela,rvelarn@discovery.com,Female,$633361.78,230435052,PP
997,Archaimbaud,Murdy,amurdyro@angelfire.com,Male,$108438.65,135412547,PP
998,Dodi,Drage,ddragerp@dyndns.org,Female,$105728.03,107486675,PP
999,Burnard,Benedicto,bbenedictorq@dailymotion.com,Male,$183441.39,275139109,IT
1000,Lenette,Northleigh,lnorthleighrr@privacy.gov.au,Female,$899471.18,612423933,IT
