id,nombre,apellido,email,genero,valor_tx,numero_identificacion,tipo_identificacion
1,Darius,Harhoff,dharhoff0@wix.com,Male,$462277.65,461321781,CC
2,Nevsa,Lafontaine,nlafontaine1@wired.com,Female,$260334.65,140484752,PP
3,Carina,Fillimore,cfillimore2@opera.com,Female,$763859.20,95889519,CC
4,Denver,Bocken,dbocken3@hexun.com,Male,$940403.57,634557043,IT
5,April,Cuttler,acuttler4@sbwire.com,Female,$285178.90,903635215,PP
6,Stephanus,Rehorek,srehorek5@microsoft.com,Male,$859191.39,733366008,PP
7,Efren,Applebee,eapplebee6@samsung.com,Male,$429867.31,448294294,IT
8,Merwyn,Smalley,msmalley7@twitpic.com,Male,$273012.06,433239179,CC
9,Lydie,Greenmon,lgreenmon8@illinois.edu,Female,$635834.20,420737085,CC
10,Andy,Bulpitt,abulpitt9@furl.net,Male,$610499.76,836800369,PP
11,Alair,De Roberto,aderobertoa@google.de,Male,$307174.24,1020077632,CC
12,Jerrome,Ovell,jovellb@wordpress.com,Male,$903143.75,650973730,IT
13,Ruben,Vanetti,rvanettic@moonfruit.com,Male,$879714.81,622046836,IT
14,Cristin,Hawyes,chawyesd@earthlink.net,Female,$342779.21,892411189,PP
15,Georgi,Tysack,gtysacke@netscape.com,Male,$335570.95,517924869,PP
16,Allis,Hubert,ahubertf@census.gov,Female,$969524.39,101843692,IT
17,Daphne,Orcas,dorcasg@nydailynews.com,Female,$404864.19,792119116,PP
18,Burch,Whiteman,bwhitemanh@discuz.net,Male,$124086.07,327973141,IT
19,Tulley,Houliston,thoulistoni@google.pl,Male,$901210.75,501620840,PP
20,Leopold,Brimmicombe,lbrimmicombej@blinklist.com,Male,$414654.69,925563841,PP
21,Lib,Kondratovich,lkondratovichk@mysql.com,Female,$898134.13,456135708,PP
22,Nicky,Pickston,npickstonl@comsenz.com,Female,$389524.29,928573951,CC
23,Halette,Oldroyd,holdroydm@is.gd,Female,$554370.71,130347100,IT
24,Odette,Mitchley,omitchleyn@e-recht24.de,Female,$680340.87,200922414,CC
25,Daveta,Dempsey,ddempseyo@flickr.com,Female,$135897.54,334162882,PP
26,Friedrich,Dows,fdowsp@google.cn,Male,$330970.13,288031243,CC
27,Addie,Jagson,ajagsonq@studiopress.com,Male,$497520.02,722090045,CC
28,Maire,Pimblett,mpimblettr@cdbaby.com,Female,$900522.41,507028585,PP
29,Linn,Crighton,lcrightons@baidu.com,Male,$247544.92,198740193,IT
30,Marthe,Alleway,mallewayt@cargocollective.com,Female,$454730.87,701452672,IT
31,Bailie,Alday,baldayu@technorati.com,Male,$245224.18,224309661,CC
32,Madonna,Kobpac,mkobpacv@rambler.ru,Female,$955436.99,309215503,PP
33,Christoper,Bonafant,cbonafantw@godaddy.com,Male,$112557.28,520763129,PP
34,Henrie,Akroyd,hakroydx@newsvine.com,Female,$798982.20,71074631,CC
35,Bernetta,Spelman,bspelmany@ning.com,Female,$344289.15,383959023,CC
36,Douglas,Exelby,dexelbyz@liveinternet.ru,Male,$271011.75,41883498,IT
37,Welby,McPhillips,wmcphillips10@issuu.com,Male,$229712.62,69291265,PP
38,Mic,Orthmann,morthmann11@jimdo.com,Male,$219913.01,454197409,PP
39,Cami,Needs,cneeds12@studiopress.com,Female,$880160.75,588067952,CC
40,Ailsun,Thumim,athumim13@indiegogo.com,Female,$258217.91,585714484,PP
41,Fionnula,Rummery,frummery14@yandex.ru,Female,$974680.53,397441222,PP
42,Hallsy,Cormack,hcormack15@wikipedia.org,Male,$695321.36,695770478,CC
43,Urbain,Bache,ubache16@examiner.com,Male,$384227.77,936701491,IT
44,Maia,Stair,mstair17@netlog.com,Female,$912347.31,136281255,PP
45,Abagail,Rickert,arickert18@issuu.com,Female,$281730.61,489661731,IT
46,Cyndie,Chivers,cchivers19@slideshare.net,Female,$584199.09,258958211,PP
47,Ebeneser,Dellenbrook,edellenbrook1a@reference.com,Male,$280680.68,519010959,PP
48,Tris,Whiting,twhiting1b@businesswire.com,Male,$540536.93,442259162,IT
49,Wain,todor,wtodor1c@symantec.com,Male,$783348.78,878262071,IT
50,Joana,Wintringham,jwintringham1d@ocn.ne.jp,Female,$462126.99,62216673,PP
51,Rod,Fazakerley,rfazakerley1e@woothemes.com,Male,$600998.15,342241584,PP
52,Skippy,Yuranovev,syuranovev1f@drupal.org,Male,$943431.99,435548441,PP
53,Lowe,Fillan,lfillan1g@furl.net,Male,$720362.53,624144673,PP
54,Arman,Ecles,aecles1h@tinyurl.com,Male,$318225.53,857698627,IT
55,Dinny,Jentzsch,djentzsch1i@nhs.uk,Female,$219659.13,165062716,PP
56,Clayborn,Bartosik,cbartosik1j@upenn.edu,Male,$734115.23,505802684,IT
57,Brynna,Boscher,bboscher1k@reference.com,Female,$346067.76,204763040,PP
58,Emilie,Paton,epaton1l@answers.com,Female,$556389.91,89215426,IT
59,Shelley,Fussie,sfussie1m@unesco.org,Male,$543225.48,872788181,IT
60,Cassandry,Narramor,cnarramor1n@hatena.ne.jp,Female,$187043.01,149726531,IT
61,Susanna,McCuthais,smccuthais1o@about.me,Female,$648512.11,277873987,IT
62,Sam,Pollastrone,spollastrone1p@oaic.gov.au,Male,$878289.45,240351350,IT
63,Moe,Gotobed,mgotobed1q@macromedia.com,Male,$185733.69,120160745,IT
64,Hannah,Delmage,hdelmage1r@bigcartel.com,Female,$934814.40,281143712,IT
65,Rem,Frome,rfrome1s@auda.org.au,Male,$765809.32,810384464,PP
66,Nina,Osbaldstone,nosbaldstone1t@digg.com,Female,$765068.15,332732790,CC
67,Rodrick,Labbett,rlabbett1u@businessinsider.com,Male,$787785.10,903477571,IT
68,Winona,Wilde,wwilde1v@theguardian.com,Female,$903355.48,158885831,PP
69,Herculie,Newburn,hnewburn1w@sbwire.com,Male,$724284.47,697057367,IT
70,Lew,Taveriner,ltaveriner1x@github.com,Male,$320219.05,305318098,PP
71,Kendricks,Warhurst,kwarhurst1y@creativecommons.org,Male,$518254.87,519376422,PP
72,Orsola,Welbeck,owelbeck1z@msu.edu,Female,$507264.45,551974821,IT
73,Ashby,Scattergood,ascattergood20@uol.com.br,Male,$681953.20,919952195,PP
74,Magdaia,Armes,marmes21@blogs.com,Female,$693335.02,657663555,IT
75,Marve,Timmis,mtimmis22@geocities.jp,Male,$266900.16,507199300,PP
76,Bride,Southan,bsouthan23@behance.net,Female,$798914.55,129809389,CC
77,Jeramey,Reaveley,jreaveley24@samsung.com,Male,$748690.48,885961918,IT
78,Xymenes,Petzold,xpetzold25@sitemeter.com,Male,$746539.33,200163352,CC
79,Zerk,Cridge,zcridge26@tuttocitta.it,Male,$123879.62,69065738,IT
80,Josey,Argue,jargue27@cbslocal.com,Female,$956703.37,501761750,CC
81,Mickey,Jakoubek,mjakoubek28@upenn.edu,Male,$769406.59,21101930,IT
82,Rochester,Cadding,rcadding29@washingtonpost.com,Male,$739692.45,625828770,IT
83,Louisa,Oakwood,loakwood2a@last.fm,Female,$409473.70,701672473,IT
84,Gisella,Woollin,gwoollin2b@house.gov,Female,$391547.49,897903074,PP
85,Chastity,Ferrao,cferrao2c@latimes.com,Female,$162360.59,644203156,IT
86,Katine,Flew,kflew2d@irs.gov,Female,$326290.17,425184871,PP
87,Laurene,Firbanks,lfirbanks2e@aboutads.info,Female,$829820.47,293451902,CC
88,Madelle,Grouvel,mgrouvel2f@ehow.com,Female,$791915.87,240709169,CC
89,Jamil,Snalum,jsnalum2g@tripod.com,Male,$716585.33,810818492,PP
90,Teirtza,Hassent,thassent2h@go.com,Female,$273731.60,357241872,PP
91,Chelsae,Pyer,cpyer2i@delicious.com,Female,$598430.01,899159370,PP
92,Darlene,Beston,dbeston2j@vinaora.com,Female,$813080.11,260778478,IT
93,Emile,Spellard,espellard2k@parallels.com,Male,$276095.90,300104987,CC
94,Marissa,Parham,mparham2l@walmart.com,Female,$185251.98,433878775,PP
95,Husain,Tesche,htesche2m@reuters.com,Male,$252927.11,271432992,CC
96,Mirella,Colin,mcolin2n@arstechnica.com,Female,$188879.34,1042759326,IT
97,Jackie,Patesel,jpatesel2o@163.com,Male,$413812.59,937854072,PP
98,Clio,Presslee,cpresslee2p@google.pl,Female,$428993.55,417183824,PP
99,Krisha,Pashley,kpashley2q@lulu.com,Male,$994356.03,649626706,CC
100,Kirk,Pohlke,kpohlke2r@nps.gov,Male,$291728.28,1012255338,PP
101,Chaddy,Burr,cburr2s@comsenz.com,Male,$653806.41,709186539,CC
102,Putnam,Kobieriecki,pkobieriecki2t@china.com.cn,Male,$199830.64,185582878,PP
103,Lu,Esposito,lesposito2u@epa.gov,Female,$220309.43,313490398,IT
104,Gerri,Fennelly,gfennelly2v@blogtalkradio.com,Male,$769310.21,504920333,IT
105,Wilton,Clynman,wclynman2w@squarespace.com,Male,$267069.85,723769587,PP
106,Olive,Jellis,ojellis2x@tumblr.com,Female,$886754.51,903741063,PP
107,Shelagh,Wadeson,swadeson2y@mozilla.org,Female,$418788.64,346810545,CC
108,Cletus,Peddar,cpeddar2z@bandcamp.com,Male,$151103.47,617536410,CC
109,Revkah,McIlwraith,rmcilwraith30@soundcloud.com,Female,$722857.25,789792614,PP
110,Alvie,Eakin,aeakin31@mashable.com,Male,$276523.39,904729281,PP
111,Charlton,Schimpke,cschimpke32@taobao.com,Male,$248020.21,646796017,PP
112,Isidoro,Spada,ispada33@businessweek.com,Male,$677404.20,629663123,IT
113,Stephannie,Heller,sheller34@washingtonpost.com,Female,$209438.33,104732802,IT
114,Marcille,Tackett,mtackett35@sciencedirect.com,Female,$411138.09,685292169,PP
115,Godfrey,Glasscoe,gglasscoe36@naver.com,Male,$761208.60,313978256,IT
116,Benjie,Fetherston,bfetherston37@unc.edu,Male,$952927.38,451736614,CC
117,Ludovico,Standring,lstandring38@ihg.com,Male,$883305.12,275466368,PP
118,Reinhard,Aynsley,raynsley39@desdev.cn,Male,$755741.96,101358546,IT
119,Henriette,Alway,halway3a@uiuc.edu,Female,$176202.87,917265060,IT
120,Daisi,Brizell,dbrizell3b@rediff.com,Female,$568183.07,26541956,PP
121,Andonis,Pepperell,apepperell3c@gmpg.org,Male,$180906.81,923344425,CC
122,Paul,Ferreira,pferreira3d@marketwatch.com,Male,$931309.11,31535802,IT
123,Peggie,Belhomme,pbelhomme3e@unicef.org,Female,$703875.13,700773718,CC
124,Luciana,Axten,laxten3f@cafepress.com,Female,$652305.55,374897067,IT
125,Sergent,Barclay,sbarclay3g@alibaba.com,Male,$964879.45,505151690,IT
126,Sukey,Brushneen,sbrushneen3h@buzzfeed.com,Female,$462655.29,950860344,IT
127,Kitti,Orfeur,korfeur3i@elpais.com,Female,$722726.64,812430741,IT
128,Billie,Kneeshaw,bkneeshaw3j@digg.com,Female,$942483.35,980063326,PP
129,Bradley,Connochie,bconnochie3k@hugedomains.com,Male,$505606.43,773852995,IT
130,Maisie,Seppey,mseppey3l@storify.com,Female,$385090.93,688955381,PP
131,Corena,Georgins,cgeorgins3m@shop-pro.jp,Female,$186267.48,487742144,CC
132,Torrey,Swetland,tswetland3n@newsvine.com,Male,$620609.85,567815352,PP
133,Pearla,Dallas,pdallas3o@blogtalkradio.com,Female,$830730.79,862501287,CC
134,Kinny,Pulley,kpulley3p@wiley.com,Male,$646811.80,753262454,PP
135,Mirelle,le Keux,mlekeux3q@sun.com,Female,$466994.64,809728694,CC
136,Cyrus,Dennis,cdennis3r@symantec.com,Male,$702977.62,24388897,IT
137,Jeanette,Dahlback,jdahlback3s@intel.com,Female,$441757.14,1033831931,PP
138,Wilfred,Breeze,wbreeze3t@edublogs.org,Male,$468378.94,398195782,PP
139,Kalvin,Fossick,kfossick3u@360.cn,Male,$223743.59,331859416,PP
140,Alexa,Rawsthorn,arawsthorn3v@pinterest.com,Female,$680479.20,604837986,PP
141,Al,Amos,aamos3w@free.fr,Male,$537045.64,627719922,PP
142,Geralda,Swayland,gswayland3x@arizona.edu,Female,$671666.86,124436833,IT
143,Rafi,Coull,rcoull3y@berkeley.edu,Male,$387044.24,447112798,IT
144,Konstanze,Stoke,kstoke3z@wufoo.com,Female,$583427.84,338939539,CC
145,Normy,Poter,npoter40@webnode.com,Male,$428215.03,479905089,CC
146,Tyrone,Perell,tperell41@deliciousdays.com,Male,$776244.02,795209839,CC
147,Maison,Brabbins,mbrabbins42@hubpages.com,Male,$557182.58,155178290,PP
148,Harwell,Spriggen,hspriggen43@yelp.com,Male,$856935.10,305318252,CC
149,Hillyer,Leser,hleser44@army.mil,Male,$650853.56,743420837,CC
150,Barrett,Madgwich,bmadgwich45@arstechnica.com,Male,$333676.33,302870972,CC
151,Evy,Reucastle,ereucastle46@freewebs.com,Female,$791791.85,713356584,CC
152,Giordano,Behan,gbehan47@etsy.com,Male,$479357.24,853201519,IT
153,Mallory,Kull,mkull48@opera.com,Male,$244613.30,988063683,IT
154,Lucita,Meiklejohn,lmeiklejohn49@squarespace.com,Female,$552641.32,62019138,PP
155,Fax,Lorek,florek4a@irs.gov,Male,$876008.68,599936420,IT
156,Shirleen,Lainton,slainton4b@independent.co.uk,Female,$228306.35,44942580,IT
157,Perice,Adnett,padnett4c@exblog.jp,Male,$672985.51,138954849,CC
158,Kellina,O'Downe,kodowne4d@wunderground.com,Female,$471309.93,38417604,CC
159,Bentlee,Kiddey,bkiddey4e@webs.com,Male,$330215.92,796774787,CC
160,Magdalena,Stile,mstile4f@yahoo.com,Female,$579964.14,454325402,PP
161,Iorgos,Cowlard,icowlard4g@dmoz.org,Male,$255901.06,648669070,IT
162,Bertrand,Dosedale,bdosedale4h@squarespace.com,Male,$681222.58,185142134,IT
163,Dominick,Joseff,djoseff4i@dailymail.co.uk,Male,$687332.41,790939842,CC
164,Bartolomeo,Doddemeade,bdoddemeade4j@washingtonpost.com,Male,$358886.64,1040506145,IT
165,Lowe,Dart,ldart4k@storify.com,Male,$123950.50,891197821,PP
166,Eb,Gruszka,egruszka4l@simplemachines.org,Male,$277939.23,1025766680,CC
167,Manny,Peart,mpeart4m@yandex.ru,Male,$502360.06,699846624,PP
168,Gerty,Keyser,gkeyser4n@com.com,Female,$402033.08,262229360,CC
169,Edvard,Bewly,ebewly4o@patch.com,Male,$766944.58,865363219,CC
170,Lilith,Batter,lbatter4p@meetup.com,Female,$642909.96,473138180,PP
171,Alyse,Jukes,ajukes4q@sciencedirect.com,Female,$940741.18,564724492,IT
172,Ema,Boaler,eboaler4r@nih.gov,Female,$777806.49,536857068,CC
173,Link,Ledgeway,lledgeway4s@reference.com,Male,$123747.70,433734364,CC
174,Ramsey,Aldiss,raldiss4t@google.es,Male,$363337.55,129597396,CC
175,Erv,Lyte,elyte4u@cam.ac.uk,Male,$500664.37,31520440,PP
176,Leonelle,Hugin,lhugin4v@diigo.com,Female,$958537.31,83464606,PP
177,Ivory,Alfonsetto,ialfonsetto4w@gizmodo.com,Female,$666631.62,685271807,CC
178,Ebba,Denney,edenney4x@wunderground.com,Female,$923017.07,797656609,CC
179,Quentin,Hestrop,qhestrop4y@netscape.com,Male,$448295.31,683572794,CC
180,Cosme,Millwall,cmillwall4z@elegantthemes.com,Male,$259733.09,536551370,CC
181,Cary,Greenman,cgreenman50@mashable.com,Male,$445659.78,599494334,IT
182,Cazzie,Curthoys,ccurthoys51@goodreads.com,Male,$946879.01,518861308,CC
183,Jessalyn,Dearnaly,jdearnaly52@uiuc.edu,Female,$926203.41,458748465,CC
184,Aristotle,Lowsely,alowsely53@gnu.org,Male,$512766.71,622595006,CC
185,Sauveur,Keast,skeast54@adobe.com,Male,$348142.87,637443903,IT
186,Israel,Garrould,igarrould55@patch.com,Male,$743568.30,58039072,CC
187,Rhodie,Fant,rfant56@ucoz.ru,Female,$172366.99,922753640,CC
188,Alden,Dunnico,adunnico57@trellian.com,Male,$256838.96,537094549,IT
189,Gus,Jaskiewicz,gjaskiewicz58@statcounter.com,Female,$711744.81,218198061,IT
190,Jenna,Loddy,jloddy59@usnews.com,Female,$317494.01,1044240085,IT
191,Siusan,Siddele,ssiddele5a@lulu.com,Female,$702571.94,562945330,PP
192,Angus,Kingwell,akingwell5b@360.cn,Male,$661232.40,575715517,IT
193,Cord,Pendock,cpendock5c@cargocollective.com,Male,$266182.70,407879631,CC
194,Derby,Pollington,dpollington5d@cornell.edu,Male,$513269.67,1001863173,CC
195,Jocelyn,O'Rafferty,jorafferty5e@un.org,Female,$670569.81,580678425,CC
196,Mace,Ledwith,mledwith5f@taobao.com,Male,$230986.92,935024774,IT
197,Vale,Crathern,vcrathern5g@hao123.com,Female,$667862.86,161618371,IT
198,Grannie,Everly,geverly5h@domainmarket.com,Male,$100992.99,109376655,CC
199,Lucine,Fogarty,lfogarty5i@washingtonpost.com,Female,$382861.11,10762068,PP
200,Aindrea,de Banke,adebanke5j@webmd.com,Female,$740633.56,1005264252,PP
201,Enoch,Mingotti,emingotti5k@youtube.com,Male,$318297.46,834784364,PP
202,Jill,Espine,jespine5l@google.com.hk,Female,$355820.53,765862465,PP
203,Sherri,Wright,swright5m@bloglovin.com,Female,$785258.76,226103954,IT
204,Koralle,Tresler,ktresler5n@digg.com,Female,$585726.73,527402657,PP
205,Barbe,Grigolon,bgrigolon5o@delicious.com,Female,$209263.87,111510660,PP
206,Garold,Fayerman,gfayerman5p@github.io,Male,$251212.35,574933453,CC
207,Kayle,Headford,kheadford5q@google.fr,Female,$500347.31,983174716,CC
208,Tova,Tandey,ttandey5r@google.de,Female,$796802.86,681975507,IT
209,Torr,McGettigan,tmcgettigan5s@chron.com,Male,$528201.37,208539616,IT
210,Lynett,Jerrams,ljerrams5t@free.fr,Female,$772639.93,161620369,PP
211,Dorolisa,Padkin,dpadkin5u@comsenz.com,Female,$387954.38,301619918,PP
212,Devy,Coston,dcoston5v@dedecms.com,Male,$982422.05,222784517,IT
213,Chuck,Gentry,cgentry5w@livejournal.com,Male,$188391.80,106717478,IT
214,Gracie,Strover,gstrover5x@google.com.br,Female,$908420.40,607755127,CC
215,Emmerich,Cosh,ecosh5y@dailymail.co.uk,Male,$367657.23,791338633,CC
216,Domingo,Ahlin,dahlin5z@auda.org.au,Male,$883777.05,964155055,PP
217,Tommie,Pauley,tpauley60@go.com,Female,$629658.96,820561464,PP
218,Melba,Lehrer,mlehrer61@state.tx.us,Female,$858463.00,606528570,IT
219,Kathryne,Benech,kbenech62@jimdo.com,Female,$296813.71,1044246944,IT
220,Sheff,Firmager,sfirmager63@biblegateway.com,Male,$712949.62,743732254,CC
221,Darelle,Turner,dturner64@irs.gov,Female,$166030.94,352780460,IT
222,Vincenz,Marney,vmarney65@friendfeed.com,Male,$748162.13,324986064,PP
223,Zed,Karp,zkarp66@theguardian.com,Male,$190470.33,580504237,CC
224,Bibby,Thursby,bthursby67@nature.com,Female,$469922.62,836278541,CC
225,Biddie,Sansome,bsansome68@un.org,Female,$784382.69,161608754,PP
226,Franciskus,Vasenkov,fvasenkov69@i2i.jp,Male,$556104.55,973001372,PP
227,Reta,Risen,rrisen6a@telegraph.co.uk,Female,$247358.20,622028694,PP
228,Nichols,Beacham,nbeacham6b@japanpost.jp,Male,$741434.56,488043341,PP
229,Mercie,Redington,mredington6c@360.cn,Female,$990942.77,756995188,IT
230,Yehudit,Goodbourn,ygoodbourn6d@webs.com,Male,$274215.78,142656689,CC
231,Barthel,Imesen,bimesen6e@furl.net,Male,$138760.67,652939630,PP
232,Law,Bannard,lbannard6f@dedecms.com,Male,$901326.25,238860391,PP
233,Roderick,Felder,rfelder6g@theglobeandmail.com,Male,$394407.26,333083790,CC
234,Benjie,Apark,bapark6h@vkontakte.ru,Male,$645433.66,20826752,CC
235,Cherye,Wonfor,cwonfor6i@soup.io,Female,$677322.80,570055606,PP
236,Megen,Hast,mhast6j@theglobeandmail.com,Female,$200170.20,965563027,CC
237,Johannes,Starte,jstarte6k@upenn.edu,Male,$453737.07,998449625,IT
238,Mommy,Ridger,mridger6l@com.com,Female,$921516.69,531853838,IT
239,Salem,O'Cahey,socahey6m@cbslocal.com,Male,$630916.96,626550784,IT
240,Fanni,Plumbridge,fplumbridge6n@icq.com,Female,$986594.00,578002055,PP
241,Garwood,Layland,glayland6o@sciencedaily.com,Male,$335132.91,118596478,CC
242,Antoine,Regenhardt,aregenhardt6p@squidoo.com,Male,$183907.70,811004521,IT
243,Merline,Mattiazzo,mmattiazzo6q@barnesandnoble.com,Female,$765394.07,862588272,IT
244,Antony,Dumphrey,adumphrey6r@fc2.com,Male,$484054.98,626748922,IT
245,Sunny,Corson,scorson6s@census.gov,Male,$776707.12,694153102,PP
246,Ermentrude,Ottosen,eottosen6t@fda.gov,Female,$556259.78,682089372,IT
247,Lin,Dominick,ldominick6u@chicagotribune.com,Male,$453263.46,176424548,IT
248,Tito,Swinfen,tswinfen6v@homestead.com,Male,$313994.99,425862688,PP
249,Had,Croad,hcroad6w@businessinsider.com,Male,$910826.42,74360492,PP
250,Forbes,Trittam,ftrittam6x@joomla.org,Male,$272591.53,787576586,CC
251,Stanley,Howton,showton6y@reddit.com,Male,$901740.30,648632807,PP
252,Dynah,Affuso,daffuso6z@woothemes.com,Female,$939741.93,202505252,IT
253,Ashlan,Postles,apostles70@apache.org,Female,$845482.32,159537772,PP
254,Ronny,Dealy,rdealy71@dailymotion.com,Female,$827651.68,318501446,CC
255,Sharona,Vigours,svigours72@salon.com,Female,$169968.72,359823924,CC
256,Guillermo,Hanne,ghanne73@weather.com,Male,$963418.64,933257996,CC
257,Sibbie,Perri,sperri74@msu.edu,Female,$373562.94,660739299,PP
258,Chrotoem,Matiebe,cmatiebe75@netvibes.com,Male,$843915.52,996810049,IT
259,Cissy,Hazeltine,chazeltine76@si.edu,Female,$472003.09,82616819,IT
260,Skelly,Pautard,spautard77@nymag.com,Male,$142845.54,260274387,PP
261,Davey,Jorgesen,djorgesen78@usgs.gov,Male,$443776.32,41374029,CC
262,Dewey,Shitliff,dshitliff79@dagondesign.com,Male,$828352.16,107277459,IT
263,Bellina,Fann,bfann7a@t.co,Female,$609725.50,203480122,PP
264,Burlie,Janca,bjanca7b@e-recht24.de,Male,$449782.47,906945212,PP
265,Aili,Brissenden,abrissenden7c@clickbank.net,Female,$823755.99,41208075,CC
266,Lynnell,Banane,lbanane7d@nifty.com,Female,$629026.89,71505664,PP
267,Wandie,Cahani,wcahani7e@linkedin.com,Female,$670003.08,530465968,CC
268,Shara,Downs,sdowns7f@yale.edu,Female,$229408.13,794570166,IT
269,Celestyn,Kiffin,ckiffin7g@about.com,Female,$129946.19,745168049,PP
270,Kathy,Pavelka,kpavelka7h@123-reg.co.uk,Female,$940119.08,449272768,PP
271,Siffre,Hugonnet,shugonnet7i@yahoo.co.jp,Male,$337545.34,599723211,IT
272,Florence,Cortnay,fcortnay7j@unicef.org,Female,$688119.52,318266755,IT
273,Bonnibelle,Laverenz,blaverenz7k@thetimes.co.uk,Female,$893405.64,437124572,IT
274,Clemmy,Kuna,ckuna7l@salon.com,Male,$674135.68,480167360,CC
275,Molli,Jurasek,mjurasek7m@huffingtonpost.com,Female,$562022.54,948433865,IT
276,Hansiain,Hammond,hhammond7n@ifeng.com,Male,$630256.15,638392592,IT
277,Tandy,Greensmith,tgreensmith7o@auda.org.au,Female,$469429.67,672815491,CC
278,Barrie,Barter,bbarter7p@walmart.com,Female,$350332.75,497159994,PP
279,Sauveur,Jobbins,sjobbins7q@tiny.cc,Male,$351565.99,118706775,PP
280,Dianemarie,Menichino,dmenichino7r@dagondesign.com,Female,$202361.92,975820933,PP
281,Davidson,Smallshaw,dsmallshaw7s@lulu.com,Male,$519482.39,247676237,CC
282,Ebba,Kivelhan,ekivelhan7t@about.com,Female,$483727.32,325732857,PP
283,Kassie,Payne,kpayne7u@t-online.de,Female,$647045.58,61083300,PP
284,Chadd,Foley,cfoley7v@livejournal.com,Male,$774267.70,29430652,IT
285,Robb,Jales,rjales7w@npr.org,Male,$155130.49,821450206,PP
286,Karlis,Grigoliis,kgrigoliis7x@dmoz.org,Male,$653107.09,599072612,CC
287,Farica,Spragge,fspragge7y@ucla.edu,Female,$159793.91,483513894,PP
288,Susana,Airlie,sairlie7z@taobao.com,Female,$949586.21,524034231,PP
289,Filberto,Kemell,fkemell80@mlb.com,Male,$847823.65,686406739,CC
290,Elsbeth,Rubinchik,erubinchik81@icio.us,Female,$559391.66,897636829,PP
291,Kelsy,Dunthorne,kdunthorne82@dailymail.co.uk,Female,$709004.67,218214615,CC
292,Shalom,Lennarde,slennarde83@apple.com,Male,$103209.01,617863113,CC
293,Colet,Job,cjob84@fda.gov,Male,$897671.21,247032607,CC
294,Andrej,Liebermann,aliebermann85@phoca.cz,Male,$255707.72,828453438,PP
295,Benjamen,Seaborn,bseaborn86@netscape.com,Male,$444919.46,1012069995,IT
296,Ive,Imos,iimos87@paypal.com,Male,$740866.50,673668763,PP
297,Reuben,Radenhurst,rradenhurst88@godaddy.com,Male,$278553.34,787202311,IT
298,Mirelle,Wace,mwace89@shutterfly.com,Female,$172540.40,443596264,IT
299,Ginelle,Durnian,gdurnian8a@ibm.com,Female,$487453.94,189790316,PP
300,Juli,Demead,jdemead8b@cnet.com,Female,$118734.17,811070281,PP
301,Charles,Websdale,cwebsdale8c@noaa.gov,Male,$180102.06,188798187,CC
302,Wynny,Gaytor,wgaytor8d@amazon.co.jp,Female,$128389.87,474707100,IT
303,Zonnya,Spadaro,zspadaro8e@seesaa.net,Female,$349022.61,95554010,PP
304,Dolores,Hover,dhover8f@hud.gov,Female,$805867.40,839557103,IT
305,Sheri,Blumfield,sblumfield8g@virginia.edu,Female,$510153.24,47862763,PP
306,Stace,McNirlan,smcnirlan8h@nytimes.com,Female,$513250.93,820540157,PP
307,Caleb,Kinneally,ckinneally8i@europa.eu,Male,$593392.30,531780428,PP
308,Jazmin,Ryam,jryam8j@irs.gov,Female,$715231.42,561171245,PP
309,Dara,Dwire,ddwire8k@comcast.net,Female,$936653.26,449535198,PP
310,Madelena,Vasenin,mvasenin8l@naver.com,Female,$968776.97,873517721,IT
311,Alonso,Downs,adowns8m@multiply.com,Male,$977962.72,191163912,PP
312,Wilbert,Balhatchet,wbalhatchet8n@facebook.com,Male,$890513.43,495330391,PP
313,Dacie,Kybird,dkybird8o@51.la,Female,$418402.46,830915365,CC
314,Harry,Peepall,hpeepall8p@typepad.com,Male,$252427.22,91047349,PP
315,Mechelle,Ambrosch,mambrosch8q@dailymotion.com,Female,$782357.25,794528364,IT
316,Aldus,Schwandner,aschwandner8r@statcounter.com,Male,$418602.32,756044961,IT
317,Viola,Weippert,vweippert8s@home.pl,Female,$361227.88,950072117,CC
318,Frederic,Miller,fmiller8t@weather.com,Male,$813212.22,11543760,CC
319,Bendix,Santer,bsanter8u@amazon.com,Male,$578400.62,712616204,CC
320,Letti,Klampk,lklampk8v@opensource.org,Female,$350700.53,713569141,PP
321,Helen,Ratlee,hratlee8w@1und1.de,Female,$750576.09,509363249,IT
322,Donny,Claypole,dclaypole8x@google.de,Male,$555822.03,380557049,IT
323,Terra,Gration,tgration8y@foxnews.com,Female,$704328.92,25441530,CC
324,Jenelle,Wyles,jwyles8z@dyndns.org,Female,$314273.77,144360154,IT
325,Sarge,Yell,syell90@usda.gov,Male,$361904.00,174208670,IT
326,Irvin,Winsom,iwinsom91@godaddy.com,Male,$403880.11,586397753,CC
327,Jamaal,Adshad,jadshad92@etsy.com,Male,$854373.86,693696415,CC
328,Fremont,Manners,fmanners93@wikia.com,Male,$687032.64,362961957,CC
329,Persis,Tamplin,ptamplin94@squidoo.com,Female,$392724.77,275933422,PP
330,Netti,Hansod,nhansod95@oracle.com,Female,$265642.30,1048029566,CC
331,Sula,Loxston,sloxston96@nationalgeographic.com,Female,$978339.95,307325987,IT
332,Ignazio,Drohan,idrohan97@wired.com,Male,$805384.56,884502425,IT
333,Shawn,Amies,samies98@economist.com,Female,$396923.82,185634502,PP
334,Shurwood,Kempton,skempton99@example.com,Male,$648159.15,723978780,PP
335,Kristopher,Keough,kkeough9a@qq.com,Male,$305564.87,631231995,IT
336,Gibb,Dury,gdury9b@tamu.edu,Male,$640403.66,226301094,PP
337,Carmelita,Heimann,cheimann9c@whitehouse.gov,Female,$247755.82,189490761,IT
338,Rudy,Tinwell,rtinwell9d@vimeo.com,Male,$410910.24,899050530,CC
339,Cybill,Midlar,cmidlar9e@stumbleupon.com,Female,$353029.89,937252616,CC
340,Udell,Falck,ufalck9f@paginegialle.it,Male,$697582.64,86625889,PP
341,Gallagher,Conti,gconti9g@yandex.ru,Male,$260355.39,362708788,PP
342,Krystal,Priddie,kpriddie9h@vimeo.com,Female,$197042.07,449699582,PP
343,Valry,Giovannilli,vgiovannilli9i@vimeo.com,Female,$371687.31,1035682959,PP
344,Katina,Fried,kfried9j@hugedomains.com,Female,$112506.41,797326708,CC
345,Alford,Diffley,adiffley9k@opensource.org,Male,$425030.50,316213672,CC
346,Emmet,Chasson,echasson9l@google.com.au,Male,$863722.03,827101447,IT
347,Anni,Yousef,ayousef9m@usgs.gov,Female,$341237.60,1025412843,PP
348,Robinson,Dubble,rdubble9n@elegantthemes.com,Male,$424121.12,728266589,CC
349,Ariel,Postlewhite,apostlewhite9o@csmonitor.com,Female,$306136.31,907527149,IT
350,Julie,Luca,jluca9p@fotki.com,Male,$746306.02,993101229,IT
351,Brittany,Kleinert,bkleinert9q@unc.edu,Female,$278769.00,810923012,CC
352,Aube,Blemen,ablemen9r@freewebs.com,Male,$631620.45,1043448816,PP
353,Winifield,Missen,wmissen9s@networkadvertising.org,Male,$420490.44,762871078,CC
354,Tony,Simecek,tsimecek9t@china.com.cn,Male,$413445.08,187277078,IT
355,Edgar,Goolding,egoolding9u@163.com,Male,$739066.14,364548604,IT
356,Pail,Hamberston,phamberston9v@wisc.edu,Male,$845252.87,130394049,CC
357,Lionel,Tym,ltym9w@va.gov,Male,$273385.02,421975711,CC
358,Stavros,Olpin,solpin9x@shutterfly.com,Male,$275539.36,543352735,CC
359,Ninon,McDougall,nmcdougall9y@mapquest.com,Female,$858357.77,205662371,CC
360,Midge,Mungham,mmungham9z@fc2.com,Female,$481079.00,526021407,PP
361,Shandee,MacRitchie,smacritchiea0@acquirethisname.com,Female,$909541.27,168335296,PP
362,Annalee,Pymer,apymera1@ed.gov,Female,$793196.35,638916634,PP
363,Howie,Stivani,hstivania2@reddit.com,Male,$354404.20,749228001,IT
364,Courtney,Cordero,ccorderoa3@state.tx.us,Male,$837073.05,902320303,IT
365,Garry,Dobble,gdobblea4@facebook.com,Male,$101362.43,569857480,CC
366,Violet,Idel,videla5@domainmarket.com,Female,$310132.74,304621865,CC
367,Nike,Fumagallo,nfumagalloa6@de.vu,Female,$381721.24,740393726,PP
368,Jenifer,Tincknell,jtincknella7@sitemeter.com,Female,$603504.51,345699661,IT
369,Winnie,Assante,wassantea8@google.com.au,Male,$565649.42,169442536,PP
370,Law,Trevon,ltrevona9@smugmug.com,Male,$266790.73,527291686,CC
371,Nonie,Flanders,nflandersaa@oracle.com,Female,$557998.71,201061749,PP
372,Whit,Stare,wstareab@flickr.com,Male,$909620.66,893458835,IT
373,Martita,Lanceley,mlanceleyac@sciencedirect.com,Female,$757916.77,318862181,IT
374,Irene,Flanner,iflannerad@admin.ch,Female,$814836.53,224016117,IT
375,Odella,Staresmeare,ostaresmeareae@mozilla.org,Female,$813936.61,683067591,CC
376,Raoul,Craise,rcraiseaf@nymag.com,Male,$350113.78,1021821113,CC
377,Heida,Ransome,hransomeag@e-recht24.de,Female,$508634.83,124468523,CC
378,Herve,Ragborne,hragborneah@paginegialle.it,Male,$658458.16,469773991,CC
379,Klemens,Ward,kwardai@phpbb.com,Male,$338239.65,577270977,CC
380,Ashia,Abbs,aabbsaj@scientificamerican.com,Female,$579481.36,273074380,CC
381,Jeromy,Menel,jmenelak@ocn.ne.jp,Male,$147533.13,1025025598,CC
382,Gabi,MacGaughie,gmacgaughieal@example.com,Male,$735163.97,968432870,PP
383,Malcolm,Mullan,mmullanam@unicef.org,Male,$441593.30,859834331,PP
384,Georgianna,Huguet,ghuguetan@shutterfly.com,Female,$976644.29,804885671,PP
385,Nick,Dillicate,ndillicateao@behance.net,Male,$348995.50,711551952,IT
386,Walsh,Fattori,wfattoriap@mapquest.com,Male,$100161.16,161075339,PP
387,Davis,Giuroni,dgiuroniaq@behance.net,Male,$980542.63,26666520,CC
388,Sheelagh,Pettitt,spettittar@imdb.com,Female,$688259.26,890702881,PP
389,Chariot,Walworth,cwalworthas@smugmug.com,Male,$795496.38,916486587,CC
390,Seumas,Stetlye,sstetlyeat@prweb.com,Male,$975077.72,648780847,CC
391,Cinnamon,Parke,cparkeau@icio.us,Female,$463436.85,819030340,CC
392,Garey,Gunthorpe,ggunthorpeav@icio.us,Male,$698969.32,936039946,CC
393,Gilles,Hatherall,ghatherallaw@yandex.ru,Male,$531136.49,207304535,IT
394,Washington,Rought,wroughtax@lycos.com,Male,$895108.48,884068841,IT
395,Aldis,Cluely,acluelyay@cdc.gov,Male,$198024.72,492301318,CC
396,Bay,Bloxsum,bbloxsumaz@umich.edu,Male,$877370.73,232114893,PP
397,Zane,Askaw,zaskawb0@google.fr,Male,$894517.83,897982378,IT
398,Thomasina,Ben-Aharon,tbenaharonb1@guardian.co.uk,Female,$504067.55,244585805,IT
399,Nicolle,Wanstall,nwanstallb2@ihg.com,Female,$573583.57,963785236,IT
400,Evyn,Cordoba,ecordobab3@nifty.com,Male,$208145.84,182445463,IT
401,Orv,Chiverstone,ochiverstoneb4@360.cn,Male,$159818.82,644671268,PP
402,Cammy,McGow,cmcgowb5@hugedomains.com,Female,$461312.70,474523917,CC
403,Gauthier,Sauvan,gsauvanb6@usa.gov,Male,$698955.79,438562843,IT
404,Toddy,Goad,tgoadb7@vkontakte.ru,Male,$311363.83,416437274,IT
405,Averil,Vondrak,avondrakb8@canalblog.com,Male,$528319.82,176689036,CC
406,Zara,Burstow,zburstowb9@sogou.com,Female,$538541.11,655850393,PP
407,Deonne,Tonks,dtonksba@marriott.com,Female,$145095.50,153110344,CC
408,Theo,Larroway,tlarrowaybb@wired.com,Female,$721671.77,41264836,IT
409,Sterling,Manicom,smanicombc@washingtonpost.com,Male,$529169.27,594428923,PP
410,Clemmy,Gallichan,cgallichanbd@pbs.org,Female,$839674.00,599833459,IT
411,Alex,Adolfson,aadolfsonbe@answers.com,Female,$939273.67,147338286,IT
412,Zsazsa,Williamson,zwilliamsonbf@opera.com,Female,$303016.94,82446149,CC
413,Fanni,Nellen,fnellenbg@i2i.jp,Female,$828868.70,418591347,IT
414,Abbey,Linnard,alinnardbh@zdnet.com,Male,$828456.07,211016024,IT
415,Witty,Frood,wfroodbi@bing.com,Male,$418155.38,247008563,PP
416,Duane,Michal,dmichalbj@psu.edu,Male,$380454.37,908914762,CC
417,Denise,Rammell,drammellbk@chron.com,Female,$132962.54,751919734,CC
418,Pier,Foxen,pfoxenbl@senate.gov,Female,$700692.01,618491277,IT
419,Becky,Lewinton,blewintonbm@europa.eu,Female,$586291.30,818723081,IT
420,Pauly,Moland,pmolandbn@china.com.cn,Female,$171001.67,362037895,PP
421,Derwin,Bleier,dbleierbo@cafepress.com,Male,$843664.66,123236617,IT
422,Harlie,Francesconi,hfrancesconibp@shareasale.com,Female,$157662.25,68972414,IT
423,Charmion,Muris,cmurisbq@princeton.edu,Female,$426776.70,441172782,PP
424,Emily,Peiser,epeiserbr@yolasite.com,Female,$486976.39,659019170,CC
425,Nat,Damrel,ndamrelbs@sakura.ne.jp,Male,$999351.06,213743685,IT
426,Syd,Banasevich,sbanasevichbt@psu.edu,Male,$315070.82,386400135,CC
427,Bidget,Kiebes,bkiebesbu@freewebs.com,Female,$606851.28,431220963,IT
428,Stesha,Robathon,srobathonbv@guardian.co.uk,Female,$912722.16,242466433,IT
429,Tadeas,Dietz,tdietzbw@hostgator.com,Male,$317460.81,807368768,CC
430,Benjamin,Jacob,bjacobbx@vk.com,Male,$242425.20,841310515,IT
431,Axel,Jessen,ajessenby@nhs.uk,Male,$394438.83,488398567,CC
432,Latrina,Crimp,lcrimpbz@cocolog-nifty.com,Female,$960591.77,49448644,CC
433,Ginger,Catonne,gcatonnec0@cbslocal.com,Female,$958022.76,246712796,PP
434,Guthry,Housecroft,ghousecroftc1@shop-pro.jp,Male,$889141.52,834457747,IT
435,Blaire,Chitham,bchithamc2@linkedin.com,Female,$269741.87,133788344,CC
436,Mahmoud,Guarin,mguarinc3@google.com.br,Male,$977546.25,530449803,CC
437,Bradford,Talton,btaltonc4@dedecms.com,Male,$807040.59,704148988,CC
438,Caralie,Paton,cpatonc5@businessweek.com,Female,$838490.35,800283765,CC
439,Dermot,Murrhaupt,dmurrhauptc6@topsy.com,Male,$752953.70,456726694,PP
440,Larine,Gaspar,lgasparc7@forbes.com,Female,$109070.85,347248459,PP
441,Nydia,Shoobridge,nshoobridgec8@soundcloud.com,Female,$331391.36,353193786,PP
442,Joe,Petricek,jpetricekc9@epa.gov,Male,$291479.72,688043222,IT
443,Ervin,Becken,ebeckenca@is.gd,Male,$852100.73,293563723,PP
444,Jeanna,Dionisi,jdionisicb@tinypic.com,Female,$543155.57,110963836,PP
445,Barney,Yandle,byandlecc@wsj.com,Male,$495371.22,801287772,PP
446,Sheena,Halahan,shalahancd@google.com,Female,$236117.21,482980450,PP
447,Heinrick,Saladin,hsaladince@1688.com,Male,$244484.41,167892267,CC
448,Jozef,Tuxill,jtuxillcf@goo.ne.jp,Male,$315990.89,409246218,PP
449,Willa,Beckson,wbecksoncg@prnewswire.com,Female,$358126.25,377636667,CC
450,Diarmid,Tottem,dtottemch@list-manage.com,Male,$403288.59,1006377285,PP
451,Trace,Bagge,tbaggeci@wikipedia.org,Male,$716619.22,672961779,PP
452,Luise,Nusche,lnuschecj@php.net,Female,$121092.25,602818097,CC
453,Yehudit,MacGiolla,ymacgiollack@nydailynews.com,Male,$606450.82,785517079,CC
454,Durward,Flacknoe,dflacknoecl@tumblr.com,Male,$506273.51,377054202,CC
455,Alie,Tolan,atolancm@wsj.com,Female,$181133.95,331162251,PP
456,Tate,Golley,tgolleycn@macromedia.com,Male,$841021.18,580804939,CC
457,Hendrick,Demschke,hdemschkeco@constantcontact.com,Male,$575133.96,133235184,IT
458,Suzie,Mowbury,smowburycp@fastcompany.com,Female,$707831.37,382444123,IT
459,Christophe,Corps,ccorpscq@ibm.com,Male,$536376.09,978103100,PP
460,Tamarra,Skippon,tskipponcr@1688.com,Female,$361282.64,98217028,IT
461,Chantal,Cadle,ccadlecs@buzzfeed.com,Female,$351057.19,907966684,IT
462,Tate,Dellit,tdellitct@indiatimes.com,Female,$211891.82,927910659,CC
463,Jannel,Sleford,jslefordcu@yale.edu,Female,$517825.01,727150115,CC
464,Aurelea,Yansons,ayansonscv@qq.com,Female,$669434.26,252883011,IT
465,Weidar,Ritchley,writchleycw@yolasite.com,Male,$229319.52,41184591,CC
466,Chandler,Kilmurry,ckilmurrycx@webnode.com,Male,$601664.81,908076844,IT
467,Nathanil,Piddocke,npiddockecy@ted.com,Male,$246606.56,615951531,CC
468,Mill,Sutehall,msutehallcz@symantec.com,Male,$227272.05,780181468,IT
469,Beth,Moodie,bmoodied0@wikipedia.org,Female,$637957.35,689953538,PP
470,Karlyn,Eglin,keglind1@soundcloud.com,Female,$362100.34,673483730,IT
471,Ryun,Guille,rguilled2@photobucket.com,Male,$347080.89,158872724,PP
472,Arty,Rumens,arumensd3@theatlantic.com,Male,$372090.71,1020347660,PP
473,Belicia,Settle,bsettled4@amazon.com,Female,$952256.83,1032543309,CC
474,Grantham,Martinolli,gmartinollid5@themeforest.net,Male,$509526.97,247704778,CC
475,Tonnie,Fancy,tfancyd6@state.gov,Male,$576918.58,497233369,CC
476,Davidde,Saltern,dsalternd7@soup.io,Male,$804368.89,202050021,IT
477,Terri,Van Halen,tvanhalend8@engadget.com,Male,$578386.58,865845288,PP
478,Madlin,Mossop,mmossopd9@wordpress.org,Female,$105564.93,674796772,IT
479,Dianemarie,Caghan,dcaghanda@eepurl.com,Female,$484503.49,781698148,IT
480,Jozef,Goathrop,jgoathropdb@indiatimes.com,Male,$476938.71,501686203,IT
481,Chuck,Muggleton,cmuggletondc@upenn.edu,Male,$749562.00,1013511674,IT
482,Cecilius,Brotherhed,cbrotherheddd@qq.com,Male,$625458.75,681494745,CC
483,Lanie,Domoney,ldomoneyde@newyorker.com,Female,$398483.09,349551451,IT
484,Archambault,Wallis,awallisdf@jalbum.net,Male,$850771.28,1031863646,IT
485,Rolland,Bramford,rbramforddg@alibaba.com,Male,$880019.97,184170028,CC
486,Katine,Argo,kargodh@dailymail.co.uk,Female,$198671.64,418931902,CC
487,Frans,Lampitt,flampittdi@nba.com,Male,$189168.78,325364082,PP
488,Shanon,Gammet,sgammetdj@wired.com,Female,$392217.84,790486104,PP
489,Rudiger,Force,rforcedk@dell.com,Male,$402329.15,781081972,IT
490,Marysa,Beastall,mbeastalldl@utexas.edu,Female,$396435.45,904062568,PP
491,Terese,Duffyn,tduffyndm@usa.gov,Female,$765698.76,1032511152,CC
492,Dacey,Geater,dgeaterdn@ox.ac.uk,Female,$410040.64,316448293,IT
493,Twyla,Milroy,tmilroydo@engadget.com,Female,$516437.46,59617261,PP
494,Brose,MacKee,bmackeedp@booking.com,Male,$424333.44,146067378,PP
495,Yorker,Quin,yquindq@spiegel.de,Male,$241489.77,1009051290,PP
496,Rollo,Twitchett,rtwitchettdr@businessinsider.com,Male,$357824.87,958328066,IT
497,Rosette,Mariet,rmarietds@nytimes.com,Female,$610536.10,697163835,PP
498,Mariejeanne,Course,mcoursedt@twitter.com,Female,$867893.63,55672296,CC
499,Terry,Bloxland,tbloxlanddu@gizmodo.com,Female,$421593.16,837972561,IT
500,Ania,Hendrik,ahendrikdv@wordpress.com,Female,$998800.58,838312489,PP
501,Dillon,Major,dmajordw@admin.ch,Male,$628510.41,231291553,IT
502,Biddy,Chopy,bchopydx@google.nl,Female,$302317.34,457967902,CC
503,Julie,Muffitt,jmuffittdy@gravatar.com,Male,$388147.97,304735669,IT
504,Alisun,Hallor,ahallordz@pinterest.com,Female,$938125.55,257406989,IT
505,Gaye,Werrit,gwerrite0@reference.com,Female,$229631.54,79798031,PP
506,Linn,Nicholas,lnicholase1@cornell.edu,Male,$295885.58,80125248,PP
507,Trude,German,tgermane2@so-net.ne.jp,Female,$730670.57,626994275,IT
508,Brucie,Ickov,bickove3@mtv.com,Male,$343770.89,51999233,IT
509,Barbara-anne,St. Leger,bstlegere4@engadget.com,Female,$545491.18,718049350,PP
510,Raff,Streight,rstreighte5@xinhuanet.com,Male,$251365.16,25645749,CC
511,Carlyn,Clulee,ccluleee6@freewebs.com,Female,$130223.36,467053554,IT
512,Hewie,Collens,hcollense7@amazon.co.jp,Male,$783379.48,966836006,PP
513,Susana,Newband,snewbande8@washington.edu,Female,$827953.74,458630054,IT
514,Alard,McArte,amcartee9@tuttocitta.it,Male,$979896.10,801462171,PP
515,Lauryn,Costerd,lcosterdea@yellowpages.com,Female,$935720.46,771690916,PP
516,Thorstein,Catherall,tcatheralleb@smugmug.com,Male,$488729.93,823294555,CC
517,Cirilo,Gegg,cgeggec@mail.ru,Male,$745634.71,667366352,IT
518,Alexandros,Yoxen,ayoxened@msn.com,Male,$993325.76,550374877,PP
519,Wylie,Biernacki,wbiernackiee@latimes.com,Male,$721388.61,427421465,CC
520,Kim,Moffat,kmoffatef@quantcast.com,Male,$212363.46,524409515,CC
521,Halie,Ecclestone,hecclestoneeg@exblog.jp,Female,$947096.27,391370331,CC
522,Claudian,Gumbrell,cgumbrelleh@amazon.co.uk,Male,$992469.74,344582008,PP
523,Zackariah,Wavell,zwavellei@google.de,Male,$661542.46,866520418,IT
524,Chrotoem,MacPaik,cmacpaikej@github.io,Male,$533499.31,518465103,IT
525,Leanora,Gajewski,lgajewskiek@ehow.com,Female,$710651.72,227449948,IT
526,Adlai,Robben,arobbenel@theatlantic.com,Male,$635312.02,180936314,PP
527,Cordie,Shearme,cshearmeem@google.ca,Female,$572955.19,485232032,IT
528,Adelice,Bradbrook,abradbrooken@amazon.co.uk,Female,$859164.61,757285408,CC
529,Frances,Bisseker,fbissekereo@xrea.com,Female,$376155.90,430573289,IT
530,Orrin,Mundle,omundleep@newsvine.com,Male,$287573.11,49768424,PP
531,Lewes,Florentine,lflorentineeq@tripadvisor.com,Male,$289981.47,760184348,PP
532,Dalt,Ithell,ditheller@biblegateway.com,Male,$164336.36,758687098,PP
533,Malory,McNab,mmcnabes@nifty.com,Female,$100218.41,819643816,PP
534,Delly,Samter,dsamteret@wikispaces.com,Female,$917331.52,133056171,PP
535,Modestine,Matyja,mmatyjaeu@mapquest.com,Female,$457514.50,814723274,PP
536,Dillon,Levey,dleveyev@discuz.net,Male,$399022.67,224731947,PP
537,Gabbie,Birtwell,gbirtwellew@blogs.com,Female,$169728.95,453637201,PP
538,Cyril,Bourbon,cbourbonex@squidoo.com,Male,$348338.90,671556129,PP
539,Cristen,Hanaby,chanabyey@google.ca,Female,$847090.94,458776724,IT
540,Valeria,Phillipson,vphillipsonez@gizmodo.com,Female,$741918.00,859359337,IT
541,Garreth,Sonier,gsonierf0@clickbank.net,Male,$790684.32,971889775,IT
542,Javier,Wingate,jwingatef1@infoseek.co.jp,Male,$970220.18,688242618,IT
543,Justine,Offer,jofferf2@networkadvertising.org,Female,$662783.14,493317118,PP
544,Burke,Kiddey,bkiddeyf3@go.com,Male,$764439.37,872374125,PP
545,Audre,Younghusband,ayounghusbandf4@discuz.net,Female,$173013.81,688307701,IT
546,D'arcy,Hassent,dhassentf5@huffingtonpost.com,Male,$645811.67,172838081,PP
547,Dione,Thorrington,dthorringtonf6@harvard.edu,Female,$328561.04,294553928,PP
548,Helaina,Kelledy,hkelledyf7@usatoday.com,Female,$686969.75,887307917,CC
549,Lion,Angrave,langravef8@rakuten.co.jp,Male,$124108.57,796589304,PP
550,Tabatha,Stote,tstotef9@sakura.ne.jp,Female,$159446.98,555336535,CC
551,Angelle,Hamblett,ahamblettfa@google.de,Female,$251106.41,505358601,PP
552,Susannah,Welsby,swelsbyfb@army.mil,Female,$651621.05,152701104,PP
553,Delmore,Stoite,dstoitefc@admin.ch,Male,$394526.65,467318404,PP
554,Andra,Perkin,aperkinfd@storify.com,Female,$758890.68,985890743,IT
555,Judon,Sikorski,jsikorskife@nymag.com,Male,$621112.31,671295149,PP
556,Claudius,Englishby,cenglishbyff@1688.com,Male,$320122.15,424362116,PP
557,Sebastiano,Underhill,sunderhillfg@csmonitor.com,Male,$622124.04,44754921,PP
558,Lazare,Saller,lsallerfh@cdc.gov,Male,$361520.27,64233734,PP
559,Larry,Skull,lskullfi@bing.com,Male,$712109.32,13355620,IT
560,Batholomew,Sandever,bsandeverfj@odnoklassniki.ru,Male,$252158.17,826805997,CC
561,Deana,Artin,dartinfk@dyndns.org,Female,$656425.52,84220137,IT
562,Beau,Dockrey,bdockreyfl@biblegateway.com,Male,$261004.17,108633337,IT
563,Raven,McShee,rmcsheefm@clickbank.net,Female,$362209.80,975392406,IT
564,Marillin,Moulding,mmouldingfn@hhs.gov,Female,$204472.46,564953106,CC
565,Floris,Pearch,fpearchfo@dailymotion.com,Female,$427204.70,693158687,IT
566,Nicolai,Apfelmann,napfelmannfp@globo.com,Male,$791683.93,239702760,IT
567,Lewes,Wollers,lwollersfq@springer.com,Male,$335976.62,627683974,PP
568,Eolanda,Connue,econnuefr@kickstarter.com,Female,$386673.80,696402773,CC
569,Dorine,Backman,dbackmanfs@ucoz.com,Female,$133681.40,278219836,CC
570,Felix,Noor,fnoorft@microsoft.com,Male,$927449.57,58277771,CC
571,Ericha,Teape,eteapefu@google.cn,Female,$515462.51,64184053,PP
572,Adriena,Mateiko,amateikofv@addtoany.com,Female,$604994.61,262813201,IT
573,Robinetta,Sunderland,rsunderlandfw@privacy.gov.au,Female,$373501.91,795977138,IT
574,Lonnie,Kestian,lkestianfx@soup.io,Female,$195370.09,852857752,PP
575,Lilyan,Leslie,llesliefy@discovery.com,Female,$216070.69,970884114,CC
576,Mauricio,Pegram,mpegramfz@hugedomains.com,Male,$563979.29,349420177,PP
577,Lanny,Lilburne,llilburneg0@myspace.com,Female,$125444.50,121732107,PP
578,Grenville,Attwill,gattwillg1@altervista.org,Male,$959104.39,839373197,PP
579,Eleanore,Prynne,eprynneg2@dailymotion.com,Female,$856954.70,324255715,PP
580,Mikkel,Rupp,mruppg3@shareasale.com,Male,$986597.34,131943014,IT
581,Natassia,Ortega,nortegag4@nydailynews.com,Female,$254092.33,18847791,PP
582,Alverta,Gatheral,agatheralg5@slashdot.org,Female,$253173.16,381817471,CC
583,Hobie,Dyte,hdyteg6@ft.com,Male,$836125.14,477599443,IT
584,Rhona,Murrells,rmurrellsg7@ox.ac.uk,Female,$468775.45,74204634,IT
585,Angel,Manuely,amanuelyg8@adobe.com,Male,$820009.31,202975823,IT
586,Carly,Loughead,clougheadg9@amazon.com,Female,$710997.30,725084817,PP
587,Farrel,Baiyle,fbaiylega@icq.com,Male,$141997.34,465250221,CC
588,Rhetta,Axelby,raxelbygb@archive.org,Female,$842702.94,430789131,IT
589,Tod,Caven,tcavengc@paginegialle.it,Male,$899522.19,597910393,CC
590,Neysa,Rouke,nroukegd@ebay.co.uk,Female,$586195.09,124148922,PP
591,Albertine,Gallacher,agallacherge@hatena.ne.jp,Female,$520189.93,387980525,IT
592,Ardis,Bethell,abethellgf@biglobe.ne.jp,Female,$747643.79,521317429,IT
593,Elka,Anstie,eanstiegg@github.io,Female,$295883.25,718825036,CC
594,Darb,Patershall,dpatershallgh@comsenz.com,Male,$269061.67,683800971,PP
595,Brandy,Grelka,bgrelkagi@slashdot.org,Male,$200879.22,332727860,IT
596,Marita,Ansett,mansettgj@yandex.ru,Female,$638380.27,804464630,PP
597,Patin,Kanwell,pkanwellgk@hugedomains.com,Male,$332490.21,8660484,IT
598,Reta,Traite,rtraitegl@chicagotribune.com,Female,$964493.20,891713547,PP
599,Alidia,McKinley,amckinleygm@hao123.com,Female,$123796.30,526164286,PP
600,Luciano,Cosker,lcoskergn@blogspot.com,Male,$796322.56,281765727,CC
601,Britney,Sandever,bsandevergo@stumbleupon.com,Female,$322781.63,350219906,CC
602,Mair,Larkings,mlarkingsgp@npr.org,Female,$806375.37,206157593,CC
603,Dex,Bartels,dbartelsgq@europa.eu,Male,$513574.78,746926451,PP
604,Bethany,Caltera,bcalteragr@nhs.uk,Female,$698143.95,112123876,IT
605,Jimmy,Haly,jhalygs@google.co.uk,Male,$703887.75,434216087,IT
606,Hadlee,O'Gorman,hogormangt@spotify.com,Male,$176258.94,72306305,PP
607,Bobette,Casarini,bcasarinigu@usatoday.com,Female,$897165.96,816967275,PP
608,Keeley,Sharpley,ksharpleygv@eepurl.com,Female,$389282.86,103790689,IT
609,Giana,Burger,gburgergw@topsy.com,Female,$992515.14,907730888,IT
610,Chet,Farney,cfarneygx@amazon.de,Male,$806154.41,143980451,PP
611,Ekaterina,Izachik,eizachikgy@t-online.de,Female,$639475.62,688371271,IT
612,Kial,Ethington,kethingtongz@dot.gov,Female,$639237.75,509083556,CC
613,Verge,Atlay,vatlayh0@youku.com,Male,$941900.14,925879477,PP
614,Catrina,Hedgeman,chedgemanh1@1und1.de,Female,$958736.45,319848467,CC
615,Nannie,Brewers,nbrewersh2@blogtalkradio.com,Female,$606497.32,992434007,PP
616,Akim,Elsom,aelsomh3@huffingtonpost.com,Male,$352978.73,825291942,CC
617,Merrili,Hawksworth,mhawksworthh4@jimdo.com,Female,$939373.42,410184652,CC
618,Vina,Strewther,vstrewtherh5@tripadvisor.com,Female,$410892.76,237641210,PP
619,Lemmie,Nield,lnieldh6@pbs.org,Male,$399860.62,568778107,PP
620,Jarret,Zoellner,jzoellnerh7@prnewswire.com,Male,$539615.83,567789803,CC
621,Kendal,Hutchence,khutchenceh8@narod.ru,Male,$632436.17,53650139,IT
622,Inger,Camili,icamilih9@soundcloud.com,Female,$829696.51,869617906,CC
623,Scarlet,Farrin,sfarrinha@parallels.com,Female,$442906.28,285734282,PP
624,Wally,Croxon,wcroxonhb@apple.com,Male,$800015.04,1007355662,IT
625,Janeczka,Aspenlon,jaspenlonhc@feedburner.com,Female,$748894.74,675110681,PP
626,Uta,Tingey,utingeyhd@123-reg.co.uk,Female,$964813.01,881365349,IT
627,Seumas,Wasbrough,swasbroughhe@plala.or.jp,Male,$576323.83,177433867,PP
628,Simonette,Cadwell,scadwellhf@blogger.com,Female,$928315.29,178963223,PP
629,Nate,Pizey,npizeyhg@youtu.be,Male,$430744.51,518053422,CC
630,Immanuel,Carillo,icarillohh@youtube.com,Male,$123206.26,416940678,CC
631,Vilhelmina,Gascoyne,vgascoynehi@typepad.com,Female,$929628.73,928305017,PP
632,Stavro,Kirkham,skirkhamhj@posterous.com,Male,$875830.87,325613107,CC
633,Rance,Plumm,rplummhk@ehow.com,Male,$224767.57,23257803,PP
634,Adams,Klisch,aklischhl@yelp.com,Male,$597303.93,801700180,PP
635,Nannette,Steventon,nsteventonhm@princeton.edu,Female,$630129.92,942481983,PP
636,Krysta,Muffett,kmuffetthn@twitpic.com,Female,$501715.27,616240797,IT
637,Milli,Aicken,maickenho@intel.com,Female,$116732.43,588695005,IT
638,Minnaminnie,Bortolazzi,mbortolazzihp@cam.ac.uk,Female,$867078.07,439288322,PP
639,Stephi,Holston,sholstonhq@hostgator.com,Female,$657039.96,839220593,CC
640,Thoma,Cobden,tcobdenhr@is.gd,Male,$552278.91,474453675,CC
641,Tate,Jouanet,tjouaneths@youtube.com,Female,$343180.08,111879776,IT
642,Andreana,Tumility,atumilityht@rambler.ru,Female,$544083.99,521198559,PP
643,Darb,Murdy,dmurdyhu@mit.edu,Male,$271766.96,601896084,IT
644,Valaria,Dade,vdadehv@biblegateway.com,Female,$585438.85,879395274,CC
645,Nedi,Gribbell,ngribbellhw@phpbb.com,Female,$244134.02,683862318,PP
646,Dilly,Galway,dgalwayhx@hao123.com,Male,$343880.22,618543047,PP
647,Lianna,Checo,lchecohy@cam.ac.uk,Female,$534206.67,435427225,PP
648,Flemming,Flower,fflowerhz@sitemeter.com,Male,$104902.00,670934056,PP
649,Benn,MacAne,bmacanei0@jalbum.net,Male,$682516.52,162991377,CC
650,Revkah,Huncote,rhuncotei1@cnbc.com,Female,$868532.04,440041092,PP
651,Wilton,Keese,wkeesei2@fastcompany.com,Male,$389818.44,745359754,PP
652,Erich,Paladino,epaladinoi3@auda.org.au,Male,$203294.57,638147322,PP
653,Krissie,Klisch,kklischi4@printfriendly.com,Female,$301946.61,549099679,PP
654,Michell,Garrod,mgarrodi5@dion.ne.jp,Female,$382041.67,651712199,CC
655,Beverly,Petrenko,bpetrenkoi6@jiathis.com,Female,$631681.52,1010635072,IT
656,Georgie,Hainge,ghaingei7@ehow.com,Male,$143181.99,414313107,PP
657,Norman,Keeting,nkeetingi8@flavors.me,Male,$597908.59,175592224,IT
658,Armstrong,Latch,alatchi9@ning.com,Male,$956238.37,842523475,IT
659,Max,Boffey,mboffeyia@sciencedaily.com,Male,$158698.65,175598837,PP
660,Debera,Auton,dautonib@amazon.com,Female,$872115.34,59121778,IT
661,Chelsae,Wooderson,cwoodersonic@blogger.com,Female,$798817.73,265136251,PP
662,Cathe,Else,celseid@shinystat.com,Female,$441048.92,517264536,IT
663,Cherise,Matuszewski,cmatuszewskiie@bing.com,Female,$798245.85,547399582,CC
664,Sheri,Willishire,swillishireif@google.com.hk,Female,$571839.61,504717465,CC
665,Cynthy,Knibb,cknibbig@sfgate.com,Female,$952959.61,718098974,CC
666,Gilberto,Ryder,gryderih@illinois.edu,Male,$957332.83,186529621,CC
667,Pattin,Penton,ppentonii@unc.edu,Male,$777030.03,850486999,IT
668,Killie,Arkin,karkinij@telegraph.co.uk,Male,$944982.73,261198782,CC
669,Dalia,Biddles,dbiddlesik@amazon.com,Female,$328700.13,461614739,CC
670,Spense,Wanka,swankail@reference.com,Male,$625698.17,425396861,CC
671,Husain,McManus,hmcmanusim@sbwire.com,Male,$339888.26,996978961,CC
672,Anthony,Thorbon,athorbonin@sfgate.com,Male,$480531.24,77801263,IT
673,Blinny,Greeves,bgreevesio@si.edu,Female,$763362.91,78586125,PP
674,Toma,Rauprich,trauprichip@slashdot.org,Female,$657391.59,412676383,PP
675,Adamo,Grebbin,agrebbiniq@oracle.com,Male,$764760.98,231456589,IT
676,Gilbertine,Fife,gfifeir@dagondesign.com,Female,$154936.80,519950033,CC
677,Minne,Gunn,mgunnis@friendfeed.com,Female,$177928.89,452012042,CC
678,Currie,Sisland,csislandit@cdbaby.com,Male,$206927.49,759208104,IT
679,Arlyn,Garthside,agarthsideiu@last.fm,Female,$903638.48,718037156,CC
680,Fan,Fouracre,ffouracreiv@dedecms.com,Female,$437545.08,638389415,IT
681,Courtnay,Oliva,colivaiw@adobe.com,Female,$690102.80,321927328,CC
682,Byron,Hartegan,bharteganix@vkontakte.ru,Male,$592607.64,321159806,CC
683,Rozele,Fosdyke,rfosdykeiy@gmpg.org,Female,$560832.86,990718188,CC
684,Gaile,Strathearn,gstrathearniz@storify.com,Male,$184576.90,606963569,CC
685,Morna,Couche,mcouchej0@1und1.de,Female,$798291.59,299178416,IT
686,Pauly,Berks,pberksj1@about.me,Male,$831375.49,577922822,CC
687,Sharline,Affleck,saffleckj2@1688.com,Female,$282145.38,86273743,PP
688,Amil,Kimble,akimblej3@state.gov,Female,$274026.55,782099525,CC
689,Hatti,Revens,hrevensj4@github.io,Female,$472662.28,981179468,CC
690,Mala,Vairow,mvairowj5@tripadvisor.com,Female,$552204.68,950683998,CC
691,Von,Stevings,vstevingsj6@paginegialle.it,Male,$464690.93,186064752,CC
692,Johny,Portwaine,jportwainej7@weebly.com,Male,$227575.12,541945554,CC
693,Kendra,Grieves,kgrievesj8@usda.gov,Female,$196858.17,1028618387,CC
694,Drusi,Wey,dweyj9@about.com,Female,$230961.03,601289159,CC
695,Reamonn,Craggs,rcraggsja@github.io,Male,$695026.55,826033868,PP
696,Ashley,Vignaux,avignauxjb@si.edu,Male,$525356.49,439231030,IT
697,Marven,Huzzay,mhuzzayjc@mit.edu,Male,$735847.92,110836152,CC
698,Korie,Dundridge,kdundridgejd@senate.gov,Female,$793893.16,889789877,CC
699,Deeanne,Gencke,dgenckeje@comsenz.com,Female,$935486.76,1028792437,IT
700,Sybilla,Lilbourne,slilbournejf@fastcompany.com,Female,$949652.73,51335011,IT
701,Eva,Dogg,edoggjg@redcross.org,Female,$300029.41,333225506,PP
702,Ermanno,Jone,ejonejh@spotify.com,Male,$534694.02,934528779,CC
703,Malvina,Phillins,mphillinsji@hibu.com,Female,$105190.99,128485234,IT
704,Sharron,Allnatt,sallnattjj@google.cn,Female,$758535.32,575939831,PP
705,Eveline,Ubach,eubachjk@delicious.com,Female,$677717.35,662395780,CC
706,Kitty,Harrhy,kharrhyjl@cnbc.com,Female,$827134.43,796609516,PP
707,Pattie,Larratt,plarrattjm@fastcompany.com,Female,$608802.97,152630075,PP
708,Worthy,Garmey,wgarmeyjn@google.de,Male,$339348.17,370058814,IT
709,Ashli,Eard,aeardjo@howstuffworks.com,Female,$103604.72,355249043,PP
710,Kerianne,Haggus,khaggusjp@eepurl.com,Female,$379384.06,443699467,PP
711,Jeffrey,Passingham,jpassinghamjq@privacy.gov.au,Male,$747292.18,776524596,IT
712,Derby,Panting,dpantingjr@cornell.edu,Male,$348693.38,90161672,CC
713,Nanci,Wince,nwincejs@samsung.com,Female,$241378.63,168132222,IT
714,Carlie,Eblein,cebleinjt@freewebs.com,Male,$540964.74,649280400,CC
715,Cassy,Groocock,cgroocockju@flickr.com,Female,$431694.20,249209483,CC
716,Jewelle,Garric,jgarricjv@i2i.jp,Female,$631776.84,626989422,CC
717,Vernon,Serchwell,vserchwelljw@mlb.com,Male,$593228.61,715731745,IT
718,Evangelina,Massei,emasseijx@bigcartel.com,Female,$871907.51,955269528,IT
719,Denny,Lund,dlundjy@example.com,Female,$316440.48,647722899,CC
720,Philip,Davy,pdavyjz@rediff.com,Male,$591761.61,640175829,PP
721,Justin,Osgodby,josgodbyk0@com.com,Male,$722060.99,668470025,IT
722,Nanette,Turle,nturlek1@google.pl,Female,$527125.30,804637780,PP
723,Kathie,Alten,kaltenk2@cloudflare.com,Female,$506553.12,105475315,PP
724,Emelina,Di Ruggero,ediruggerok3@e-recht24.de,Female,$255938.86,1002830570,CC
725,Holly-anne,Higounet,hhigounetk4@whitehouse.gov,Female,$404176.44,606464220,PP
726,Ray,Beesley,rbeesleyk5@posterous.com,Male,$147687.22,985504508,PP
727,Chico,Arkell,carkellk6@columbia.edu,Male,$752639.67,231756932,IT
728,Carolyne,Adamovitch,cadamovitchk7@ucoz.ru,Female,$742542.13,750249017,IT
729,Merrill,Eilert,meilertk8@shutterfly.com,Female,$383944.08,796842735,PP
730,Susan,Sitlinton,ssitlintonk9@webmd.com,Female,$392257.47,141652276,CC
731,Reena,Giottini,rgiottinika@oakley.com,Female,$188615.56,370804451,IT
732,Missy,McGlynn,mmcglynnkb@behance.net,Female,$103821.84,701338747,PP
733,Shepard,Alleyn,salleynkc@dot.gov,Male,$720831.34,392901869,PP
734,Daisy,Langfield,dlangfieldkd@wunderground.com,Female,$725038.62,70447322,IT
735,Aurilia,Curness,acurnesske@alexa.com,Female,$663043.39,837568804,PP
736,Annabal,Dendon,adendonkf@bloglovin.com,Female,$601117.28,118867149,PP
737,Gertruda,Prantoni,gprantonikg@toplist.cz,Female,$314068.99,36696483,CC
738,Leigha,Hitzmann,lhitzmannkh@behance.net,Female,$407756.01,872641370,CC
739,Josepha,Sommerton,jsommertonki@globo.com,Female,$460181.99,175705155,PP
740,Lina,Potebury,lpoteburykj@purevolume.com,Female,$229904.54,675210723,PP
741,Gaylene,Marklund,gmarklundkk@bbc.co.uk,Female,$981707.95,823272693,CC
742,Albertina,Senescall,asenescallkl@parallels.com,Female,$643652.76,533450362,IT
743,Ewen,Heaviside,eheavisidekm@macromedia.com,Male,$168685.51,507632573,IT
744,Maurizia,Vicent,mvicentkn@toplist.cz,Female,$930024.33,785984606,IT
745,Aurie,Teare,ateareko@yahoo.co.jp,Female,$918243.17,260246971,IT
746,Cherie,Daudray,cdaudraykp@bigcartel.com,Female,$778061.72,146825837,PP
747,Robby,Payfoot,rpayfootkq@xrea.com,Male,$234069.09,676782475,IT
748,Della,Gaber,dgaberkr@state.gov,Female,$498207.90,344875272,PP
749,Garwin,Volage,gvolageks@pagesperso-orange.fr,Male,$865452.81,205904821,PP
750,Marshall,Odam,modamkt@aol.com,Male,$853303.63,602798123,IT
751,Elmira,Kopf,ekopfku@artisteer.com,Female,$701943.49,561590454,IT
752,Sonnnie,Glossup,sglossupkv@google.cn,Female,$902485.15,74526051,PP
753,Myrwyn,Reast,mreastkw@naver.com,Male,$389574.25,953138682,PP
754,Quintana,Jose,qjosekx@merriam-webster.com,Female,$589227.88,181719100,CC
755,Goldi,Deyenhardt,gdeyenhardtky@fda.gov,Female,$690668.23,77044343,CC
756,Katerine,Titterrell,ktitterrellkz@mysql.com,Female,$821508.52,55256811,PP
757,Callean,Canavan,ccanavanl0@topsy.com,Male,$863590.17,123614070,IT
758,Mada,Clemonts,mclemontsl1@cmu.edu,Female,$685004.38,536650734,CC
759,Berna,Reeve,breevel2@imdb.com,Female,$795433.48,514127893,CC
760,Lorry,Slader,lsladerl3@pinterest.com,Female,$535830.25,304580086,CC
761,Alford,Abbott,aabbottl4@foxnews.com,Male,$964882.06,344077319,IT
762,Brose,Vasilmanov,bvasilmanovl5@yellowpages.com,Male,$662865.42,670966918,PP
763,Conni,Maccrae,cmaccrael6@photobucket.com,Female,$420746.69,594615064,PP
764,Kyrstin,Andras,kandrasl7@acquirethisname.com,Female,$356167.57,845985327,CC
765,Joby,Shiers,jshiersl8@imageshack.us,Female,$164078.58,52428727,PP
766,Chet,Rawson,crawsonl9@shinystat.com,Male,$113725.92,209090623,IT
767,Lloyd,Sissot,lsissotla@ftc.gov,Male,$735993.98,445619229,CC
768,Gaultiero,Hebner,ghebnerlb@myspace.com,Male,$763843.08,197913587,CC
769,Jean,Heber,jheberlc@rambler.ru,Male,$795144.13,407884986,IT
770,Jonas,Sapp,jsappld@latimes.com,Male,$645835.56,102646173,IT
771,Selby,Gouldie,sgouldiele@globo.com,Male,$609258.73,368684985,PP
772,Allis,Pinkerton,apinkertonlf@wsj.com,Female,$427660.77,225773038,IT
773,Dorella,Counsell,dcounselllg@php.net,Female,$724591.43,891607064,PP
774,Bayard,Frankham,bfrankhamlh@nsw.gov.au,Male,$404361.14,702381895,PP
775,Randy,Dunseith,rdunseithli@cargocollective.com,Male,$166909.17,1047538778,CC
776,Wilbur,Dowdney,wdowdneylj@arizona.edu,Male,$638608.34,868181543,IT
777,Kurt,Divis,kdivislk@nature.com,Male,$805684.54,857795882,CC
778,Katuscha,Sandyford,ksandyfordll@timesonline.co.uk,Female,$902074.39,484661660,PP
779,Farah,Bolver,fbolverlm@msu.edu,Female,$726905.50,455384932,CC
780,Stanwood,Mattiacci,smattiacciln@cnbc.com,Male,$965317.09,827596409,CC
781,Moselle,Rowett,mrowettlo@cmu.edu,Female,$379888.88,588730193,IT
782,Kore,Carruth,kcarruthlp@usgs.gov,Female,$709820.66,1002630016,CC
783,Gorden,Roncelli,groncellilq@ihg.com,Male,$624635.81,613589054,CC
784,Inessa,Asser,iasserlr@mtv.com,Female,$348756.03,185951789,IT
785,Urson,Ongin,uonginls@fotki.com,Male,$608006.73,813700088,IT
786,Odo,Willoughby,owilloughbylt@state.gov,Male,$941743.84,162495725,PP
787,Bobette,Roycraft,broycraftlu@blogtalkradio.com,Female,$224555.80,982774537,PP
788,Mohandis,Hurleston,mhurlestonlv@wsj.com,Male,$942092.50,470228344,PP
789,Lesly,Shovelbottom,lshovelbottomlw@1und1.de,Female,$987821.67,892323726,CC
790,Terence,Varga,tvargalx@issuu.com,Male,$695937.61,348112655,IT
791,Ruddy,Salsbury,rsalsburyly@imageshack.us,Male,$357325.28,660742099,CC
792,Art,Risso,arissolz@ameblo.jp,Male,$833423.75,90028536,IT
793,Regan,Snookes,rsnookesm0@51.la,Male,$513270.07,626595396,CC
794,Aldous,Kilbourn,akilbournm1@weibo.com,Male,$346029.90,1019077266,PP
795,Ange,Owlner,aowlnerm2@linkedin.com,Female,$687971.28,29450035,PP
796,Annabell,Chetwind,achetwindm3@ca.gov,Female,$909064.18,325234785,PP
797,Janina,Seabon,jseabonm4@chron.com,Female,$285366.57,112755088,IT
798,Duke,Barents,dbarentsm5@dmoz.org,Male,$505317.17,154929031,IT
799,Geoffrey,Megahey,gmegaheym6@who.int,Male,$426866.10,180470768,CC
800,Barrett,Peerman,bpeermanm7@ucoz.com,Male,$237671.91,304210489,CC
801,Elsbeth,McComas,emccomasm8@friendfeed.com,Female,$437691.56,159508192,PP
802,Nat,Roderigo,nroderigom9@ca.gov,Female,$748320.19,917901892,CC
803,Carver,Tilby,ctilbyma@army.mil,Male,$242242.75,117236642,IT
804,Cad,Bloxsom,cbloxsommb@gizmodo.com,Male,$324699.81,174918946,PP
805,Efrem,Harnett,eharnettmc@census.gov,Male,$322435.43,272919741,CC
806,Calli,Grigg,cgriggmd@digg.com,Female,$953355.20,449086255,PP
807,Robinett,Kennally,rkennallyme@infoseek.co.jp,Female,$389142.26,766787057,IT
808,Else,Ackenson,eackensonmf@ocn.ne.jp,Female,$290807.54,468108368,CC
809,Isis,O' Byrne,iobyrnemg@twitpic.com,Female,$965748.66,470280863,CC
810,Merna,Beagles,mbeaglesmh@microsoft.com,Female,$858168.41,443986382,CC
811,Rorke,Hartropp,rhartroppmi@xing.com,Male,$119244.69,166006412,CC
812,Berget,Joyce,bjoycemj@drupal.org,Female,$697865.28,570737615,PP
813,Hamnet,Magog,hmagogmk@china.com.cn,Male,$833623.59,721911634,IT
814,Miguela,Zellner,mzellnerml@usgs.gov,Female,$931317.51,73039581,CC
815,Ailsun,Surgeoner,asurgeonermm@t-online.de,Female,$698706.62,828889482,PP
816,Dorolice,Drain,ddrainmn@msu.edu,Female,$235601.09,112538845,CC
817,Ursola,Ferier,uferiermo@homestead.com,Female,$788729.17,383351842,CC
818,Laureen,Ivanovic,livanovicmp@soup.io,Female,$731491.00,562430228,CC
819,Jami,Croisdall,jcroisdallmq@telegraph.co.uk,Female,$820829.26,495408434,CC
820,Marketa,Ormston,mormstonmr@mashable.com,Female,$959101.49,94826881,PP
821,Charles,Pilgrim,cpilgrimms@weather.com,Male,$949105.44,741756869,PP
822,Beckie,Boaler,bboalermt@miibeian.gov.cn,Female,$267486.27,119076326,IT
823,Simone,Beddingham,sbeddinghammu@tiny.cc,Male,$590857.02,712681238,PP
824,Yovonnda,Russel,yrusselmv@squarespace.com,Female,$998414.28,900587672,CC
825,Huey,Breagan,hbreaganmw@odnoklassniki.ru,Male,$929183.30,20798461,PP
826,Bobbie,Stegell,bstegellmx@timesonline.co.uk,Male,$804497.59,157190298,IT
827,Lorelle,Derill,lderillmy@marketwatch.com,Female,$173667.04,88034793,IT
828,Ebeneser,Sydall,esydallmz@cbslocal.com,Male,$553190.80,435974133,PP
829,Wylma,Learoyde,wlearoyden0@vkontakte.ru,Female,$219091.24,78000002,CC
830,Shepard,Zuann,szuannn1@aboutads.info,Male,$559875.76,711439478,PP
831,Octavia,Baldrey,obaldreyn2@craigslist.org,Female,$968521.00,1015256291,IT
832,Anet,McGahy,amcgahyn3@acquirethisname.com,Female,$173397.55,577353940,PP
833,Kendricks,Pisculli,kpiscullin4@google.cn,Male,$930412.88,481705094,IT
834,Costa,Bramwich,cbramwichn5@state.tx.us,Male,$923827.46,194571888,PP
835,Enos,Eloy,eeloyn6@illinois.edu,Male,$811327.06,569800676,IT
836,Lem,Breeds,lbreedsn7@spiegel.de,Male,$277653.12,140334789,IT
837,Norman,de Lloyd,ndelloydn8@ebay.co.uk,Male,$250881.91,909877099,CC
838,Torry,Izzard,tizzardn9@omniture.com,Male,$709012.37,946185341,PP
839,Keelia,Chell,kchellna@springer.com,Female,$756869.69,343971480,CC
840,Cherilynn,Fitzsimon,cfitzsimonnb@economist.com,Female,$690178.76,77670513,PP
841,Carmelia,Worley,cworleync@time.com,Female,$533138.75,781400819,PP
842,Kasper,Cisec,kcisecnd@mac.com,Male,$321634.09,465718358,PP
843,Cordy,Hardesty,chardestyne@wisc.edu,Male,$689415.79,268128338,CC
844,Laina,Dominec,ldominecnf@dailymotion.com,Female,$921383.62,903898676,CC
845,Brion,Fields,bfieldsng@examiner.com,Male,$548695.74,883004850,CC
846,Marcellus,Casiroli,mcasirolinh@pagesperso-orange.fr,Male,$356192.16,996317103,PP
847,Ray,Gilkes,rgilkesni@newyorker.com,Female,$606525.24,449296979,IT
848,Mildrid,Prater,mpraternj@t.co,Female,$134134.80,278089606,CC
849,Morty,Cardo,mcardonk@discovery.com,Male,$966705.70,319527588,PP
850,Noe,Toon,ntoonnl@mlb.com,Male,$555634.26,227038314,PP
851,Nicky,Shepstone,nshepstonenm@weibo.com,Male,$268504.62,110213462,CC
852,Lenora,Virgo,lvirgonn@mashable.com,Female,$170949.97,317412956,CC
853,Fletch,Gayne,fgayneno@ocn.ne.jp,Male,$891453.75,9336661,PP
854,Gerladina,Ipsly,gipslynp@seattletimes.com,Female,$655179.07,17251893,IT
855,Aubree,Mish,amishnq@fc2.com,Female,$391645.14,952310816,CC
856,Giselbert,Whordley,gwhordleynr@t-online.de,Male,$697774.66,905059664,IT
857,Nadeen,Royston,nroystonns@go.com,Female,$795901.19,127866668,IT
858,Quintilla,Agdahl,qagdahlnt@foxnews.com,Female,$315148.31,70330960,IT
859,Bil,Canizares,bcanizaresnu@google.com.au,Male,$522267.28,50904978,IT
860,Torr,Epilet,tepiletnv@nsw.gov.au,Male,$550468.56,974876389,CC
861,Foster,Thornebarrow,fthornebarrownw@hexun.com,Male,$500973.49,793974533,PP
862,Putnam,Boyfield,pboyfieldnx@netlog.com,Male,$358565.66,715821479,PP
863,Lauralee,Rosenboim,lrosenboimny@chicagotribune.com,Female,$924157.40,1004295596,IT
864,Trenna,Langsbury,tlangsburynz@meetup.com,Female,$332352.05,179592191,PP
865,Bailey,Joao,bjoaoo0@typepad.com,Male,$550624.53,103971996,PP
866,Karyn,Camellini,kcamellinio1@bbb.org,Female,$825271.80,330406196,PP
867,Addi,Gerdes,agerdeso2@shareasale.com,Female,$768910.97,357843494,IT
868,Germaine,Purselow,gpurselowo3@apple.com,Female,$482099.94,825831420,CC
869,Bryna,Hattiff,bhattiffo4@wired.com,Female,$788999.00,206022913,IT
870,Riannon,Scritch,rscritcho5@boston.com,Female,$300442.84,359968838,CC
871,Chanda,Batchelour,cbatchelouro6@cnbc.com,Female,$450306.78,984240904,CC
872,Pooh,Kinavan,pkinavano7@bloglovin.com,Male,$633098.17,286707627,IT
873,Carolus,Gisburne,cgisburneo8@macromedia.com,Male,$889968.57,462369605,PP
874,Jeniffer,Fogg,jfoggo9@diigo.com,Female,$154785.92,659270200,CC
875,Marlow,Pollicott,mpollicottoa@gravatar.com,Male,$619485.30,943508468,CC
876,Christabel,Igo,cigoob@mac.com,Female,$618842.91,613839668,CC
877,Sybilla,Menicomb,smenicomboc@bbb.org,Female,$357574.62,613053282,PP
878,Dianemarie,Kitley,dkitleyod@smugmug.com,Female,$157580.52,77266673,IT
879,Willy,Godfrey,wgodfreyoe@xrea.com,Female,$937601.74,556341102,IT
880,Karee,Avey,kaveyof@cafepress.com,Female,$616750.01,837854272,CC
881,Ad,Minors,aminorsog@diigo.com,Male,$283487.64,71364667,PP
882,Aggie,Laundon,alaundonoh@sourceforge.net,Female,$860335.73,19008236,CC
883,Sergei,Evenett,sevenettoi@is.gd,Male,$877504.19,927716603,CC
884,Dorisa,Donohoe,ddonohoeoj@prnewswire.com,Female,$842401.20,84796361,CC
885,Paton,Sandbrook,psandbrookok@examiner.com,Male,$905059.51,723012713,PP
886,Lamar,Minchi,lminchiol@myspace.com,Male,$784445.97,699678887,IT
887,Katharina,Marcus,kmarcusom@ox.ac.uk,Female,$155720.64,596164682,IT
888,Elmira,Szreter,eszreteron@discovery.com,Female,$559706.69,723073845,PP
889,Daven,Klamp,dklampoo@ucoz.com,Male,$437359.41,906036202,CC
890,Patin,Barstow,pbarstowop@seesaa.net,Male,$943705.26,413824448,PP
891,Isaak,McQuirk,imcquirkoq@booking.com,Male,$567535.88,889173831,PP
892,Briant,Luckie,bluckieor@acquirethisname.com,Male,$390292.53,634939632,CC
893,Rutter,Shadrack,rshadrackos@msu.edu,Male,$849341.44,223421752,PP
894,Nelie,O'Logan,nologanot@sciencedirect.com,Female,$442091.69,982202650,IT
895,Leroi,Jorn,ljornou@whitehouse.gov,Male,$562359.36,890639521,IT
896,Katerina,Hattersley,khattersleyov@godaddy.com,Female,$585613.68,223319767,CC
897,Jennie,Hargerie,jhargerieow@ocn.ne.jp,Female,$918675.16,147286788,IT
898,Raff,Irons,rironsox@angelfire.com,Male,$300000.61,616042123,CC
899,Bronny,Gellett,bgellettoy@ovh.net,Male,$797025.20,902965719,CC
900,Gaylor,Fiddymont,gfiddymontoz@answers.com,Male,$988501.35,949561976,IT
901,Nate,Fellman,nfellmanp0@bloomberg.com,Male,$882975.84,394848985,IT
902,Rosanna,Oglethorpe,roglethorpep1@ted.com,Female,$551349.91,223825930,CC
903,Dixie,Fitchett,dfitchettp2@fastcompany.com,Female,$115153.63,882668915,IT
904,Waylon,Cranage,wcranagep3@hatena.ne.jp,Male,$722052.03,913872922,CC
905,Sella,Petrina,spetrinap4@ed.gov,Female,$771058.91,516284487,IT
906,Shelby,Haggis,shaggisp5@wikispaces.com,Female,$906783.69,460322016,CC
907,Audie,Ephgrave,aephgravep6@about.com,Female,$432858.09,427214940,PP
908,Rozalie,Puve,rpuvep7@imdb.com,Female,$957971.25,142830004,IT
909,Beatrisa,Dore,bdorep8@macromedia.com,Female,$440270.41,284991284,PP
910,Adriaens,Richarson,aricharsonp9@statcounter.com,Female,$459818.17,632783598,PP
911,Archambault,Joel,ajoelpa@lulu.com,Male,$489424.01,754490226,CC
912,Werner,Dragoe,wdragoepb@apache.org,Male,$691780.40,761120391,IT
913,Merrilee,MacGruer,mmacgruerpc@chron.com,Female,$387608.62,706484107,PP
914,Powell,Kaplan,pkaplanpd@usnews.com,Male,$179775.65,84773938,CC
915,Haven,Merner,hmernerpe@engadget.com,Male,$927163.99,85886233,IT
916,Padraig,Woollcott,pwoollcottpf@pagesperso-orange.fr,Male,$777643.90,489202282,CC
917,Sheila,Perrat,sperratpg@imgur.com,Female,$233906.19,130994184,CC
918,Merla,Sloyan,msloyanph@i2i.jp,Female,$203375.58,1023267754,PP
919,Frankie,Dormer,fdormerpi@harvard.edu,Male,$223381.18,903970509,PP
920,Georgia,Banke,gbankepj@blog.com,Female,$423944.38,826203491,PP
921,Giulietta,Loggie,gloggiepk@shop-pro.jp,Female,$137103.24,397662879,PP
922,Kerk,Kennifick,kkennifickpl@xing.com,Male,$204894.79,1019993980,PP
923,Garth,Mussard,gmussardpm@time.com,Male,$824996.36,656649822,PP
924,Elmira,Tempest,etempestpn@rambler.ru,Female,$928940.68,436282416,IT
925,Levi,Cervantes,lcervantespo@cnet.com,Male,$314562.11,55128727,CC
926,Brigg,Corkan,bcorkanpp@yale.edu,Male,$198124.31,146544413,CC
927,Welsh,Tether,wtetherpq@ibm.com,Male,$161171.95,908533043,PP
928,Cody,Cowins,ccowinspr@sourceforge.net,Male,$432954.95,267482370,CC
929,Holly,Cannicott,hcannicottps@theglobeandmail.com,Female,$840752.94,297181178,PP
930,Aurlie,Crossgrove,acrossgrovept@thetimes.co.uk,Female,$536501.71,638055736,CC
931,Patton,Carbett,pcarbettpu@tinyurl.com,Male,$979421.43,843145454,CC
932,Isidor,Albasini,ialbasinipv@chronoengine.com,Male,$206252.12,127089126,CC
933,Sunny,Duplain,sduplainpw@ehow.com,Male,$286666.90,582031904,CC
934,Waverly,Anchor,wanchorpx@dedecms.com,Male,$586989.14,629845214,CC
935,Raine,Eglinton,reglintonpy@huffingtonpost.com,Female,$638363.83,948376566,CC
936,Gregg,Bengefield,gbengefieldpz@booking.com,Male,$281319.37,444956634,CC
937,Puff,Backhurst,pbackhurstq0@umn.edu,Male,$985703.70,552646106,PP
938,Kaila,Aslett,kaslettq1@google.cn,Female,$482151.18,316297559,IT
939,Bryn,Dinnis,bdinnisq2@usatoday.com,Female,$381215.62,867742240,CC
940,Kristen,Baroche,kbarocheq3@washington.edu,Female,$807547.63,32125776,PP
941,Lucy,Stuckow,lstuckowq4@360.cn,Female,$350664.63,333064737,IT
942,Thom,Swedeland,tswedelandq5@prweb.com,Male,$759291.18,839502757,PP
943,Devin,Mattam,dmattamq6@jiathis.com,Male,$874932.38,247053454,IT
944,Jody,Jantzen,jjantzenq7@unblog.fr,Male,$548086.57,658002880,IT
945,Innis,Jurisic,ijurisicq8@cpanel.net,Male,$666870.13,1012701283,PP
946,Beitris,Dunlop,bdunlopq9@kickstarter.com,Female,$158567.31,884860523,PP
947,Jean,McClymond,jmcclymondqa@yellowpages.com,Male,$478047.36,77196138,PP
948,Mile,Krzyzowski,mkrzyzowskiqb@mail.ru,Male,$388802.81,202829677,IT
949,Langsdon,Shinfield,lshinfieldqc@themeforest.net,Male,$680900.42,802338986,IT
950,Griselda,Kasper,gkasperqd@printfriendly.com,Female,$975603.19,841701379,IT
951,Valentino,Allabush,vallabushqe@fc2.com,Male,$586736.17,995043849,PP
952,Hashim,Yell,hyellqf@japanpost.jp,Male,$112946.78,530244865,PP
953,Odelle,Parradice,oparradiceqg@sfgate.com,Female,$422322.88,681147589,IT
954,Urbano,Cansdill,ucansdillqh@netvibes.com,Male,$136414.53,461312696,CC
955,Pauly,Blofeld,pblofeldqi@imgur.com,Female,$155043.89,110292431,IT
956,Gaylene,Jann,gjannqj@tinyurl.com,Female,$817726.68,454387551,IT
957,Karlotta,Lindstedt,klindstedtqk@github.io,Female,$219752.32,350444317,IT
958,Austen,Grouer,agrouerql@stanford.edu,Male,$551956.42,117013913,PP
959,Ingrim,Coom,icoomqm@google.pl,Male,$859761.90,386559916,IT
960,Ame,Whimper,awhimperqn@shutterfly.com,Female,$966617.98,979918647,CC
961,Hilliary,Lindell,hlindellqo@tuttocitta.it,Female,$541278.03,543470322,IT
962,Cassie,O'Gready,cogreadyqp@webmd.com,Male,$752613.67,74180949,IT
963,Adrian,Chetwin,achetwinqq@networksolutions.com,Female,$678443.74,1004971779,CC
964,Shelagh,Ccomini,sccominiqr@rakuten.co.jp,Female,$610986.31,719145659,CC
965,Siobhan,Hartle,shartleqs@topsy.com,Female,$649785.90,117459534,IT
966,Gavan,Goodbur,ggoodburqt@abc.net.au,Male,$369775.73,840995609,CC
967,Neville,Ottam,nottamqu@home.pl,Male,$315150.62,955146830,IT
968,Royce,Rizzardi,rrizzardiqv@tinyurl.com,Male,$256277.15,239142654,IT
969,Elsy,Fransman,efransmanqw@google.com.hk,Female,$622986.10,512759567,IT
970,Querida,Tacker,qtackerqx@state.gov,Female,$627013.35,219783951,CC
971,Ardenia,Laird,alairdqy@irs.gov,Female,$381430.00,212824852,CC
972,Paten,Carpe,pcarpeqz@usatoday.com,Male,$941881.32,835558761,PP
973,Ardelia,Lehemann,alehemannr0@netvibes.com,Female,$968009.50,982485451,PP
974,Gilles,Gourley,ggourleyr1@artisteer.com,Male,$978204.73,30605310,IT
975,Carlos,Klosterman,cklostermanr2@slashdot.org,Male,$882863.49,687327976,IT
976,Lorianna,Frazier,lfrazierr3@huffingtonpost.com,Female,$672876.76,295365978,IT
977,Sander,Tuffey,stuffeyr4@live.com,Male,$814255.46,662029830,IT
978,Ardisj,McAmish,amcamishr5@quantcast.com,Female,$883407.49,673867156,CC
979,Farlee,Stoppe,fstopper6@skyrock.com,Male,$713151.11,282434906,PP
980,Salaidh,Slimme,sslimmer7@sohu.com,Female,$642782.55,206927640,CC
981,Veriee,Lavall,vlavallr8@xing.com,Female,$499703.79,962733522,IT
982,Bartlett,Lefridge,blefridger9@instagram.com,Male,$272947.91,166884691,IT
983,Florrie,Keme,fkemera@china.com.cn,Female,$613166.29,189316557,CC
984,Antonella,Menico,amenicorb@hugedomains.com,Female,$832210.96,305133060,PP
985,Gottfried,Heintze,gheintzerc@webeden.co.uk,Male,$566320.50,118551464,PP
986,Giselbert,Dwelling,gdwellingrd@creativecommons.org,Male,$263877.89,351728821,PP
987,Maxi,Merrydew,mmerrydewre@typepad.com,Female,$341475.59,411342913,IT
988,Mitchell,Lernihan,mlernihanrf@storify.com,Male,$384620.43,865430111,PP
989,Oby,Giacoppoli,ogiacoppolirg@cnbc.com,Male,$331584.38,296474297,CC
990,Rodolph,Langmuir,rlangmuirrh@imgur.com,Male,$849686.52,209690574,CC
991,Therese,Stilly,tstillyri@blinklist.com,Female,$936291.12,833320581,IT
992,Nonah,Ouldred,nouldredrj@qq.com,Female,$180240.71,505521109,IT
993,Jemimah,Strutley,jstrutleyrk@adobe.com,Female,$798463.82,403705081,CC
994,Lincoln,Gee,lgeerl@boston.com,Male,$466950.55,348612093,CC
995,Broddy,Height,bheightrm@istockphoto.com,Male,$435603.74,972576399,PP
996,Donia,Chilley,dchilleyrn@lulu.com,Female,$222077.47,287256166,PP
997,Kristine,Banbridge,kbanbridgero@imgur.com,Female,$589276.67,385589540,IT
998,Tomasina,Wedgbrow,twedgbrowrp@sina.com.cn,Female,$433348.60,388512213,IT
999,Iorgo,Frain,ifrainrq@aol.com,Male,$625479.11,941542741,IT
1000,Wylma,Doche,wdocherr@washingtonpost.com,Female,$795353.67,101895708,IT
