id,nombre,apellido,email,genero,valor_tx,numero_identificacion,tipo_identificacion
1,Lane,Kemble,lkemble0@ed.gov,Female,$310437.04,713198451,IT
2,Marmaduke,Carbine,mcarbine1@smh.com.au,Male,$519891.13,710364132,PP
3,Karney,Stennes,kstennes2@reverbnation.com,Male,$803681.39,345210514,CC
4,Gaultiero,Read,gread3@histats.com,Male,$628018.03,725514393,PP
5,Mitchael,Burkart,mburkart4@globo.com,Male,$440510.35,47258068,CC
6,Danila,Muskett,dmuskett5@google.es,Female,$782806.95,919371582,PP
7,Wilow,Iacovacci,wiacovacci6@51.la,Female,$681710.09,343520666,PP
8,Jilleen,Giblin,jgiblin7@pbs.org,Female,$170101.82,726817201,IT
9,Kristel,Evenden,kevenden8@theglobeandmail.com,Female,$996247.91,454631588,IT
10,Noach,McGeever,nmcgeever9@123-reg.co.uk,Male,$983666.39,65050045,IT
11,Kirsten,Hosier,khosiera@jimdo.com,Female,$110139.60,136317728,IT
12,Agatha,Gillbard,agillbardb@blogger.com,Female,$803875.61,424866017,CC
13,Ardelia,Buddle,abuddlec@dmoz.org,Female,$293027.25,378983867,IT
14,Dacie,Furbank,dfurbankd@uol.com.br,Female,$693612.74,874301410,PP
15,Ernst,Knolles-Green,eknollesgreene@admin.ch,Male,$956387.56,437201155,IT
16,Karie,Wincott,kwincottf@macromedia.com,Female,$367962.51,120426183,CC
17,Fionnula,Gauld,fgauldg@amazon.com,Female,$779658.90,445675008,IT
18,Kellen,Oby,kobyh@amazonaws.com,Female,$921167.79,957295592,IT
19,Wendye,Aronin,waronini@weather.com,Female,$937153.07,786079799,PP
20,Bayard,Smallcombe,bsmallcombej@ihg.com,Male,$201539.23,769277057,CC
21,Osbert,Dalby,odalbyk@wikimedia.org,Male,$245115.12,249122190,PP
22,Bob,Cuttler,bcuttlerl@csmonitor.com,Male,$253933.21,236336024,IT
23,Minnaminnie,Scruby,mscrubym@marketwatch.com,Female,$760554.97,315448866,PP
24,Maximo,Reynoollds,mreynoolldsn@bravesites.com,Male,$212918.48,96270366,PP
25,Oliviero,Duffit,oduffito@wunderground.com,Male,$183918.83,623161603,IT
26,Angelica,Sussans,asussansp@booking.com,Female,$948634.59,50718608,IT
27,Towny,Lashford,tlashfordq@blog.com,Male,$437774.60,752520462,IT
28,Lulita,Wiffill,lwiffillr@nps.gov,Female,$597562.21,53343213,PP
29,Laurene,Copnall,lcopnalls@java.com,Female,$142672.77,656120356,IT
30,Conney,Overell,coverellt@webs.com,Male,$184876.05,482357924,CC
31,Michele,Blease,mbleaseu@boston.com,Male,$774321.67,386831868,PP
32,Nathanil,Caulkett,ncaulkettv@marriott.com,Male,$315827.82,143488340,CC
33,Pam,Lightbourne,plightbournew@spiegel.de,Female,$991264.57,108352576,IT
34,Mendie,Elsy,melsyx@msu.edu,Male,$961469.27,84334161,CC
35,Mason,Muldoon,mmuldoony@mapquest.com,Male,$911070.48,497410455,PP
36,Isadora,Drable,idrablez@npr.org,Female,$728536.20,9362903,IT
37,Otes,Eul,oeul10@unc.edu,Male,$108396.85,456448328,PP
38,Hewe,Aizkovitch,haizkovitch11@about.com,Male,$133041.42,157779402,CC
39,Pall,Bunney,pbunney12@yandex.ru,Male,$706926.81,379001567,CC
40,Daphene,Rawsen,drawsen13@etsy.com,Female,$751369.73,113891626,CC
41,Kevon,Andrivel,kandrivel14@ucsd.edu,Male,$312341.26,223968886,PP
42,Mahmud,Renol,mrenol15@biblegateway.com,Male,$735121.46,1045188214,PP
43,Ossie,Woodford,owoodford16@webnode.com,Male,$615902.73,829305232,CC
44,Nance,Steggles,nsteggles17@nba.com,Female,$779463.94,200047211,CC
45,Timmie,Delgua,tdelgua18@slideshare.net,Male,$299614.24,360497768,PP
46,Kiel,Dodson,kdodson19@w3.org,Male,$359486.36,811826775,IT
47,Hobart,Dudley,hdudley1a@ameblo.jp,Male,$360943.97,898069483,PP
48,Stuart,Skoof,sskoof1b@ocn.ne.jp,Male,$307823.77,624002133,CC
49,Merralee,Dake,mdake1c@thetimes.co.uk,Female,$364693.80,320179545,IT
50,Giulia,MacCarrick,gmaccarrick1d@kickstarter.com,Female,$109715.32,33238983,CC
51,Frayda,Bentson,fbentson1e@yahoo.co.jp,Female,$141008.25,489030560,CC
52,Edan,Schurig,eschurig1f@hud.gov,Male,$493951.57,236765252,PP
53,Margalit,Meikle,mmeikle1g@homestead.com,Female,$489238.83,583009144,CC
54,Melvyn,Lacey,mlacey1h@people.com.cn,Male,$126986.04,821563268,PP
55,Nelli,Dorracott,ndorracott1i@jiathis.com,Female,$388817.44,15480685,PP
56,Audre,Barracks,abarracks1j@google.pl,Female,$535934.42,1042011920,CC
57,Bentley,Allnutt,ballnutt1k@apple.com,Male,$103359.04,809217257,IT
58,Henry,Eschalette,heschalette1l@godaddy.com,Male,$141432.67,353051514,CC
59,Jannel,Barrowclough,jbarrowclough1m@zdnet.com,Female,$773928.86,31368348,CC
60,Wolfgang,Laskey,wlaskey1n@trellian.com,Male,$139343.51,925890944,IT
61,Ertha,Doward,edoward1o@google.es,Female,$127404.55,789103960,IT
62,Winni,Larvin,wlarvin1p@indiegogo.com,Female,$676139.02,407149073,PP
63,Ansell,Sibun,asibun1q@gnu.org,Male,$624262.94,33944142,PP
64,Daveta,Muslim,dmuslim1r@usgs.gov,Female,$596774.42,719291265,CC
65,Alyosha,Fransewich,afransewich1s@about.com,Male,$962225.30,540911730,CC
66,Neille,Wyldbore,nwyldbore1t@un.org,Female,$979452.04,545018622,IT
67,Bryna,Blomefield,bblomefield1u@stumbleupon.com,Female,$561044.17,218884262,IT
68,Oneida,Lyons,olyons1v@eepurl.com,Female,$463118.33,307100514,IT
69,Nester,Di Biasio,ndibiasio1w@devhub.com,Male,$128306.80,896663608,IT
70,Murry,Akram,makram1x@china.com.cn,Male,$202825.57,403740694,CC
71,Bernadina,Semper,bsemper1y@godaddy.com,Female,$992658.31,502694944,IT
72,Craggy,Pigeon,cpigeon1z@reddit.com,Male,$431891.07,268290946,PP
73,Kelly,Cleary,kcleary20@chronoengine.com,Male,$269340.70,608203182,CC
74,Ivan,MacAllan,imacallan21@baidu.com,Male,$518151.58,432760456,CC
75,Waneta,Ellicombe,wellicombe22@nsw.gov.au,Female,$768095.60,446841234,CC
76,Grace,Cove,gcove23@ifeng.com,Female,$435620.79,259631001,CC
77,Kevon,Savory,ksavory24@pcworld.com,Male,$492257.42,480031376,IT
78,Jervis,Breakwell,jbreakwell25@list-manage.com,Male,$841670.22,744365944,PP
79,Stevie,Huton,shuton26@joomla.org,Male,$831459.56,494276970,CC
80,Vivianna,Talton,vtalton27@fc2.com,Female,$433250.25,757330702,IT
81,Johnnie,Worsell,jworsell28@scribd.com,Male,$559339.43,658179866,IT
82,Bar,Cozzi,bcozzi29@etsy.com,Male,$676340.06,241087519,IT
83,Ofilia,Limbrick,olimbrick2a@feedburner.com,Female,$234334.35,720312597,CC
84,Dell,Stenyng,dstenyng2b@ox.ac.uk,Male,$468465.54,695502878,PP
85,Tuesday,Smithe,tsmithe2c@slate.com,Female,$376568.58,218759930,CC
86,Shirl,Pilbury,spilbury2d@photobucket.com,Female,$210870.90,638363304,PP
87,Sigismondo,Bracknell,sbracknell2e@networksolutions.com,Male,$486416.60,242519448,IT
88,Niel,Shallcroff,nshallcroff2f@apache.org,Male,$623357.94,627545138,PP
89,Prudi,Cornilleau,pcornilleau2g@rediff.com,Female,$219369.94,938166083,PP
90,Letizia,McVrone,lmcvrone2h@fema.gov,Female,$673376.87,279442059,IT
91,Jana,Di Carli,jdicarli2i@list-manage.com,Female,$329766.38,930393215,CC
92,Willie,Stobbie,wstobbie2j@de.vu,Male,$289996.18,431075189,CC
93,Yves,Cianni,ycianni2k@bloglines.com,Male,$665093.85,939420844,CC
94,Farlay,Calderon,fcalderon2l@apple.com,Male,$356148.11,103979266,PP
95,Leigh,Ashley,lashley2m@ycombinator.com,Female,$291287.31,20191865,PP
96,Murry,White,mwhite2n@spiegel.de,Male,$724162.65,790539766,CC
97,Mitchael,Barthod,mbarthod2o@sciencedaily.com,Male,$400991.37,570920436,CC
98,Kristoforo,Crux,kcrux2p@sciencedirect.com,Male,$243972.47,160746303,CC
99,Raynell,Yuryaev,ryuryaev2q@nba.com,Female,$152349.29,275388155,CC
100,Mel,Vitler,mvitler2r@berkeley.edu,Male,$658336.21,204172339,PP
101,Ada,Barwell,abarwell2s@prweb.com,Female,$229979.27,7242489,CC
102,Birk,Goodwyn,bgoodwyn2t@wsj.com,Male,$495160.86,1017901763,IT
103,Arliene,Duckit,aduckit2u@skype.com,Female,$946469.92,293357327,PP
104,Vasilis,Bredee,vbredee2v@joomla.org,Male,$325016.73,1015489884,IT
105,Bessie,Eakly,beakly2w@geocities.com,Female,$702362.51,687397663,CC
106,Ernesta,Rossiter,erossiter2x@comsenz.com,Female,$918339.30,231028121,IT
107,Helenelizabeth,Ryrie,hryrie2y@zimbio.com,Female,$772378.74,525116684,IT
108,Karrah,Larkins,klarkins2z@accuweather.com,Female,$524688.51,577011255,IT
109,Kala,Leisman,kleisman30@cbc.ca,Female,$242272.17,67698470,CC
110,Che,Band,cband31@eventbrite.com,Male,$219303.35,910183171,IT
111,Renate,Matthew,rmatthew32@loc.gov,Female,$172702.29,963878307,CC
112,Meridith,Jenney,mjenney33@youtube.com,Female,$215472.17,990914255,PP
113,Michaeline,Fellgatt,mfellgatt34@dell.com,Female,$475718.64,416160398,CC
114,Vaclav,Forstall,vforstall35@va.gov,Male,$743391.87,808224279,PP
115,Dwayne,Orleton,dorleton36@nba.com,Male,$956726.36,656025501,PP
116,Fallon,Smiley,fsmiley37@businessweek.com,Female,$553710.21,896845932,IT
117,Cross,Fries,cfries38@unc.edu,Male,$364664.67,80593578,IT
118,Yardley,Rushworth,yrushworth39@oakley.com,Male,$611162.10,436086928,PP
119,Erwin,Wyke,ewyke3a@posterous.com,Male,$382754.48,760375673,PP
120,Remington,Baltrushaitis,rbaltrushaitis3b@cocolog-nifty.com,Male,$816081.90,441282895,PP
121,Sella,Gretton,sgretton3c@newsvine.com,Female,$181473.08,212982839,IT
122,Demetrius,Verrico,dverrico3d@guardian.co.uk,Male,$478074.54,1015967339,IT
123,Aluino,Niemetz,aniemetz3e@cnn.com,Male,$961976.62,708366712,IT
124,Roarke,Gavigan,rgavigan3f@uol.com.br,Male,$990491.70,678676195,PP
125,Loy,Melluish,lmelluish3g@springer.com,Male,$412483.55,108953142,CC
126,Ronna,Roseby,rroseby3h@people.com.cn,Female,$875540.03,359869187,PP
127,Stanislaus,Cooch,scooch3i@oakley.com,Male,$910212.75,536962573,IT
128,Irwin,Gavigan,igavigan3j@unesco.org,Male,$689295.33,575218734,IT
129,Wilden,Abriani,wabriani3k@seattletimes.com,Male,$828117.92,392034746,CC
130,Renata,Hambelton,rhambelton3l@ucoz.ru,Female,$631668.93,674680005,PP
131,Dewey,Jerome,djerome3m@scribd.com,Male,$320320.89,33938148,PP
132,Federica,Vickars,fvickars3n@auda.org.au,Female,$571154.51,192595495,IT
133,Curt,Baumert,cbaumert3o@latimes.com,Male,$453455.40,91113591,PP
134,Zora,Maccari,zmaccari3p@dailymail.co.uk,Female,$875196.14,654936173,CC
135,Rochester,Farran,rfarran3q@nyu.edu,Male,$177417.83,672548268,PP
136,Robin,Fenelow,rfenelow3r@hatena.ne.jp,Male,$209506.41,912170604,CC
137,Jonie,Anderson,janderson3s@opera.com,Female,$590607.43,32075541,IT
138,Sheffield,Lampel,slampel3t@auda.org.au,Male,$785426.62,892126889,IT
139,Derby,Wolfenden,dwolfenden3u@so-net.ne.jp,Male,$186642.31,241815412,PP
140,Amalie,Arnason,aarnason3v@cdbaby.com,Female,$640729.62,555014656,PP
141,Auria,Dolligon,adolligon3w@twitter.com,Female,$806311.72,354544441,CC
142,Maure,Ritmeier,mritmeier3x@microsoft.com,Female,$801066.93,831995203,IT
143,Vikki,Kynston,vkynston3y@moonfruit.com,Female,$563529.91,983474407,IT
144,Fanechka,Melly,fmelly3z@homestead.com,Female,$631771.38,636754100,CC
145,Elihu,Christmas,echristmas40@shop-pro.jp,Male,$828096.95,523105694,CC
146,Oriana,Turpin,oturpin41@cafepress.com,Female,$488349.79,428706229,IT
147,Caz,Toxell,ctoxell42@narod.ru,Male,$465087.65,1014616253,IT
148,Crawford,Mikalski,cmikalski43@hubpages.com,Male,$402572.16,863436375,PP
149,Arline,Cauldfield,acauldfield44@slate.com,Female,$453392.67,406553358,IT
150,Sarette,Broadhurst,sbroadhurst45@disqus.com,Female,$933869.11,229104017,IT
151,Karlens,Gillford,kgillford46@google.ru,Male,$986580.08,985985155,IT
152,Fidel,Sharple,fsharple47@forbes.com,Male,$110957.03,1000174279,IT
153,Neala,Moylan,nmoylan48@artisteer.com,Female,$165449.13,766705028,IT
154,Bernadine,Lanchester,blanchester49@rakuten.co.jp,Female,$959516.46,326056962,IT
155,Kelby,Biglin,kbiglin4a@globo.com,Male,$606428.53,206906358,IT
156,Prisca,Albutt,palbutt4b@admin.ch,Female,$186712.05,215348785,IT
157,Adolphus,McKea,amckea4c@altervista.org,Male,$341552.09,61639814,PP
158,Virginia,Biffin,vbiffin4d@jugem.jp,Female,$999607.10,438110407,IT
159,Catharine,Matasov,cmatasov4e@nih.gov,Female,$696085.61,534392974,CC
160,Mordy,Dorrian,mdorrian4f@goo.gl,Male,$473933.30,1042247423,IT
161,Buffy,Gostling,bgostling4g@state.tx.us,Female,$936613.88,774740336,PP
162,Joshua,Borkett,jborkett4h@flavors.me,Male,$357773.55,110905431,IT
163,Auberon,Barnson,abarnson4i@joomla.org,Male,$707984.18,962535970,IT
164,Avram,Bonaire,abonaire4j@trellian.com,Male,$853037.24,258867837,CC
165,Alex,Jasiak,ajasiak4k@npr.org,Male,$416563.28,858791219,IT
166,Rollins,Le Grice,rlegrice4l@amazon.de,Male,$222605.38,254976629,IT
167,Bernard,Stillgoe,bstillgoe4m@posterous.com,Male,$818542.94,170011360,IT
168,Cecile,Greenhall,cgreenhall4n@nyu.edu,Female,$401375.08,443698461,CC
169,Siegfried,Amaya,samaya4o@soup.io,Male,$673060.28,162246789,PP
170,Giralda,Kobierzycki,gkobierzycki4p@tamu.edu,Female,$681246.96,381655030,IT
171,Teddie,Baylis,tbaylis4q@bigcartel.com,Male,$584638.13,359978628,CC
172,Birk,South,bsouth4r@jimdo.com,Male,$125506.91,951740915,IT
173,Sigismond,Dellenbroker,sdellenbroker4s@paginegialle.it,Male,$323729.59,119217748,PP
174,Fernando,Van Saltsberg,fvansaltsberg4t@istockphoto.com,Male,$834162.56,485756004,PP
175,Rikki,Kleen,rkleen4u@ucoz.ru,Female,$154487.77,799402634,CC
176,Abie,Smithin,asmithin4v@illinois.edu,Male,$609274.04,162093563,CC
177,Sarajane,Purbrick,spurbrick4w@google.co.uk,Female,$514278.57,536051275,CC
178,Loella,Soles,lsoles4x@vinaora.com,Female,$665816.21,130308027,IT
179,Gregoire,McNaught,gmcnaught4y@wikimedia.org,Male,$791725.78,523610360,PP
180,Hubert,Pallent,hpallent4z@vinaora.com,Male,$780899.97,173951386,CC
181,Rollo,Gapper,rgapper50@weebly.com,Male,$522178.26,869246307,IT
182,Dacey,Turk,dturk51@amazon.co.uk,Female,$237354.70,548835605,CC
183,Callean,Peatman,cpeatman52@psu.edu,Male,$148062.37,522204763,CC
184,Meridith,Rollett,mrollett53@google.cn,Female,$169361.79,865711025,CC
185,Jenifer,Melley,jmelley54@wikia.com,Female,$221982.12,177598094,IT
186,Darcee,Maplethorp,dmaplethorp55@google.fr,Female,$165286.33,302352280,CC
187,Timi,McHenry,tmchenry56@comcast.net,Female,$483140.23,384003486,PP
188,Sandy,Arnot,sarnot57@hp.com,Male,$801056.81,304251957,IT
189,Diane,Paulton,dpaulton58@booking.com,Female,$323311.84,414701582,CC
190,Sheffy,Lacaze,slacaze59@cnn.com,Male,$544309.04,945074227,PP
191,Zachery,Bernardino,zbernardino5a@dion.ne.jp,Male,$709701.89,574455465,CC
192,Bonnibelle,Samber,bsamber5b@g.co,Female,$719641.97,380413983,CC
193,Brit,Yesenin,byesenin5c@twitpic.com,Male,$520410.27,436999883,PP
194,Skylar,Thorpe,sthorpe5d@virginia.edu,Male,$252123.66,236646680,PP
195,Cristian,Halsworth,chalsworth5e@theglobeandmail.com,Male,$357109.23,368536461,IT
196,Izak,O'Crigan,iocrigan5f@nature.com,Male,$529014.43,1040806464,PP
197,Rhianon,Bartel,rbartel5g@last.fm,Female,$182861.07,377142589,CC
198,Frants,Snailham,fsnailham5h@jimdo.com,Male,$719290.47,294886914,PP
199,Julieta,Perrone,jperrone5i@hc360.com,Female,$343650.35,797470782,IT
200,Isa,Lovat,ilovat5j@java.com,Female,$720361.92,595157018,IT
201,Cristal,Haliday,chaliday5k@chron.com,Female,$206604.32,527502895,IT
202,Craig,Callingham,ccallingham5l@jigsy.com,Male,$178256.68,508141375,PP
203,Aurlie,Arnason,aarnason5m@mozilla.org,Female,$763216.29,654335147,PP
204,Ruttger,Perrinchief,rperrinchief5n@noaa.gov,Male,$117731.59,571565878,IT
205,Raphael,Valerio,rvalerio5o@cnet.com,Male,$878927.81,52353610,CC
206,Skelly,Brosnan,sbrosnan5p@flickr.com,Male,$789294.95,285847732,IT
207,Alida,Gligorijevic,agligorijevic5q@furl.net,Female,$291562.56,512207865,PP
208,Alano,Bakewell,abakewell5r@google.com.hk,Male,$856056.82,709170641,IT
209,Zacharia,Rosenberger,zrosenberger5s@qq.com,Male,$538110.29,22574276,CC
210,Garrek,Clymo,gclymo5t@kickstarter.com,Male,$190374.79,459323960,PP
211,Wyatan,Lympenie,wlympenie5u@reuters.com,Male,$814481.54,29023622,IT
212,Paolina,Bamlet,pbamlet5v@howstuffworks.com,Female,$716792.02,216774261,PP
213,Lizabeth,Stanaway,lstanaway5w@a8.net,Female,$246153.95,318105915,IT
214,Yvonne,Hailey,yhailey5x@unblog.fr,Female,$816590.78,83123217,IT
215,Currie,Skullet,cskullet5y@yellowpages.com,Male,$420126.28,212098281,IT
216,Corri,Gasson,cgasson5z@timesonline.co.uk,Female,$977967.63,490098507,CC
217,Leeland,Simmgen,lsimmgen60@auda.org.au,Male,$532452.04,860773939,PP
218,Gerry,Garment,ggarment61@auda.org.au,Male,$916664.63,623266977,CC
219,Callie,Tighe,ctighe62@unicef.org,Female,$547704.34,533288455,IT
220,Kalli,Guidera,kguidera63@upenn.edu,Female,$526509.55,180529162,PP
221,Conny,Marrion,cmarrion64@diigo.com,Male,$899337.90,747660410,PP
222,Currie,Gave,cgave65@com.com,Male,$827116.81,964468467,PP
223,Vittoria,Ruffli,vruffli66@who.int,Female,$333835.22,615232580,IT
224,Bev,Giacomucci,bgiacomucci67@diigo.com,Female,$972486.40,567038280,PP
225,Ammamaria,Crannis,acrannis68@example.com,Female,$637502.86,857204766,CC
226,Tine,Probbing,tprobbing69@mysql.com,Female,$295267.19,731275922,CC
227,Taite,Brazier,tbrazier6a@linkedin.com,Male,$261850.60,960843094,IT
228,Ninnette,Kilian,nkilian6b@goo.ne.jp,Female,$337953.80,618699842,IT
229,Amalia,Spiring,aspiring6c@miibeian.gov.cn,Female,$437842.35,669298202,CC
230,Corine,Candlin,ccandlin6d@mozilla.com,Female,$723164.94,426555780,CC
231,Becki,Leveret,bleveret6e@home.pl,Female,$605238.47,110074444,CC
232,Ermanno,Skilling,eskilling6f@skype.com,Male,$516980.23,64811977,IT
233,Reade,O'Logan,rologan6g@jiathis.com,Male,$446221.68,202334021,IT
234,Maurice,O'Loughane,moloughane6h@reverbnation.com,Male,$962865.77,351696642,PP
235,Cliff,Kase,ckase6i@xing.com,Male,$794147.40,846036967,CC
236,Nestor,Feaveer,nfeaveer6j@tinypic.com,Male,$738775.75,244499383,CC
237,Duky,Sailor,dsailor6k@arstechnica.com,Male,$233791.50,959030583,PP
238,Franny,Garry,fgarry6l@addthis.com,Female,$570470.43,150109032,PP
239,Lyndsey,Pow,lpow6m@berkeley.edu,Female,$548441.54,786272313,CC
240,Allister,Shireff,ashireff6n@rambler.ru,Male,$531001.56,36578378,PP
241,Andreana,Beeckx,abeeckx6o@google.com.br,Female,$570436.91,721403936,CC
242,Glynn,Jeffrey,gjeffrey6p@mail.ru,Male,$931328.31,662848155,CC
243,Herschel,Ruzicka,hruzicka6q@delicious.com,Male,$134531.66,129868397,IT
244,Jackson,Paolini,jpaolini6r@devhub.com,Male,$391804.79,552236461,IT
245,Drugi,Kryzhov,dkryzhov6s@wikia.com,Male,$374745.73,39287585,CC
246,Bryanty,Muzzall,bmuzzall6t@nyu.edu,Male,$322847.35,1046699092,PP
247,Pablo,Cockett,pcockett6u@istockphoto.com,Male,$817524.78,186919569,PP
248,Bevvy,Larenson,blarenson6v@google.co.uk,Female,$577164.87,934469930,PP
249,Stefan,Huckell,shuckell6w@uol.com.br,Male,$632925.39,368969449,IT
250,Tulley,Goodanew,tgoodanew6x@biglobe.ne.jp,Male,$765941.08,11994559,PP
251,Evangeline,Syratt,esyratt6y@bbc.co.uk,Female,$737621.52,684240193,IT
252,Sam,Fiddeman,sfiddeman6z@pen.io,Female,$536496.58,843204870,CC
253,Neil,Pinkie,npinkie70@yellowbook.com,Male,$820555.24,819266790,IT
254,Bess,Tagg,btagg71@github.io,Female,$761310.73,380358427,IT
255,Papageno,Inwood,pinwood72@gmpg.org,Male,$867092.77,909686116,CC
256,Penn,Gianullo,pgianullo73@unesco.org,Male,$995448.70,602127196,CC
257,Ezequiel,Palfree,epalfree74@instagram.com,Male,$195015.27,715336759,IT
258,Rosemonde,Cordaroy,rcordaroy75@umn.edu,Female,$340472.77,207234019,CC
259,Sarge,Eccleshall,seccleshall76@fc2.com,Male,$296844.16,494856537,CC
260,Gerhardt,Bexley,gbexley77@360.cn,Male,$391508.49,707095911,PP
261,Elden,Hasty,ehasty78@cpanel.net,Male,$901740.73,910666666,PP
262,Rivkah,Steere,rsteere79@bravesites.com,Female,$662853.30,351659582,PP
263,Leanna,Jiran,ljiran7a@mail.ru,Female,$521055.03,387025311,CC
264,Reena,Wickardt,rwickardt7b@chron.com,Female,$746452.80,544187908,IT
265,Lyman,Gabrieli,lgabrieli7c@smh.com.au,Male,$658221.62,369002194,PP
266,Elwin,Conquest,econquest7d@dailymail.co.uk,Male,$828106.33,1039487724,IT
267,Henka,Doubrava,hdoubrava7e@elpais.com,Female,$885746.03,105806601,PP
268,Hussein,Moorwood,hmoorwood7f@prnewswire.com,Male,$211359.37,822153320,CC
269,Gardner,Everex,geverex7g@princeton.edu,Male,$424645.22,375196387,PP
270,Deana,Domenget,ddomenget7h@nationalgeographic.com,Female,$679065.41,104811366,PP
271,Heather,Fife,hfife7i@linkedin.com,Female,$817401.39,1049137978,PP
272,Wittie,Bavidge,wbavidge7j@marriott.com,Male,$354287.18,534364135,PP
273,Trey,Newarte,tnewarte7k@sbwire.com,Male,$896764.72,708945216,CC
274,Ali,Camble,acamble7l@noaa.gov,Female,$167983.22,550280498,PP
275,Gibb,Vardie,gvardie7m@japanpost.jp,Male,$946032.76,66807803,CC
276,Fredericka,Rolin,frolin7n@biblegateway.com,Female,$970652.18,252612676,CC
277,Richmound,Tombleson,rtombleson7o@independent.co.uk,Male,$764028.20,369147682,IT
278,Robenia,Fawlo,rfawlo7p@huffingtonpost.com,Female,$966779.09,963288427,CC
279,Ulrika,Farrears,ufarrears7q@cbc.ca,Female,$218599.30,123437775,IT
280,Melvyn,Billes,mbilles7r@godaddy.com,Male,$401694.32,127780821,IT
281,Mab,Broadway,mbroadway7s@ustream.tv,Female,$207331.79,209331361,CC
282,Nil,Kitley,nkitley7t@biglobe.ne.jp,Male,$172005.27,245185674,IT
283,Lyndel,Hartin,lhartin7u@yolasite.com,Female,$985482.49,925027242,IT
284,Fabio,Rosier,frosier7v@histats.com,Male,$409664.02,250486799,PP
285,Brant,Culligan,bculligan7w@usda.gov,Male,$254991.18,905619996,CC
286,Kipper,Menear,kmenear7x@zdnet.com,Male,$163928.72,52602910,CC
287,Israel,Ropars,iropars7y@gmpg.org,Male,$268719.74,20393905,PP
288,Virgie,Glover,vglover7z@mit.edu,Female,$470589.19,443660991,PP
289,Prisca,Croom,pcroom80@hexun.com,Female,$438153.83,564585147,IT
290,Lorenzo,Reilingen,lreilingen81@blogtalkradio.com,Male,$518570.58,892966533,IT
291,Babara,Lea,blea82@jugem.jp,Female,$615597.30,262694735,IT
292,Batholomew,Cleatherow,bcleatherow83@a8.net,Male,$922981.62,239100746,CC
293,Nannette,Charrington,ncharrington84@csmonitor.com,Female,$589886.96,940440675,IT
294,Armin,Keith,akeith85@blogspot.com,Male,$539377.47,88029333,CC
295,Wren,Dami,wdami86@alibaba.com,Female,$826696.82,973888676,PP
296,Welch,Benne,wbenne87@wiley.com,Male,$649906.54,735781450,IT
297,Aime,Kilvington,akilvington88@google.de,Female,$438144.63,391887484,IT
298,Reggi,Barniss,rbarniss89@cdbaby.com,Female,$908356.43,233756767,IT
299,Malanie,Sheilds,msheilds8a@epa.gov,Female,$792334.61,719691902,CC
300,Cord,Jonsson,cjonsson8b@barnesandnoble.com,Male,$905598.27,54175893,PP
301,Laurens,Screen,lscreen8c@mozilla.org,Male,$172364.37,683000047,CC
302,Tracy,MacAllen,tmacallen8d@posterous.com,Male,$388397.04,112358019,CC
303,Britt,Janoch,bjanoch8e@macromedia.com,Female,$729934.84,634446255,CC
304,Dorisa,Emblow,demblow8f@histats.com,Female,$842020.89,848125881,CC
305,Clarice,Wason,cwason8g@vistaprint.com,Female,$240669.45,526250979,CC
306,Dani,Lythgoe,dlythgoe8h@unesco.org,Male,$144626.77,636395394,PP
307,Thorvald,Cavy,tcavy8i@apache.org,Male,$539482.12,670471775,PP
308,Aarika,Langfat,alangfat8j@ox.ac.uk,Female,$112407.12,73010984,PP
309,Ricky,Caesar,rcaesar8k@blinklist.com,Female,$198765.99,391714208,IT
310,Nikos,Ferriere,nferriere8l@google.com.br,Male,$819249.56,675586320,PP
311,Davita,Blaylock,dblaylock8m@tinypic.com,Female,$774266.02,864174223,PP
312,Gwenore,Tremellan,gtremellan8n@technorati.com,Female,$873443.24,511652056,IT
313,Bernardina,Durnall,bdurnall8o@cafepress.com,Female,$677197.60,319258286,PP
314,Bond,Blumson,bblumson8p@nsw.gov.au,Male,$425995.70,400479439,IT
315,Arni,Vlahos,avlahos8q@si.edu,Male,$910786.36,740019716,CC
316,Maurie,Langhorne,mlanghorne8r@dagondesign.com,Male,$825665.45,433867667,PP
317,Giselbert,Chattey,gchattey8s@shutterfly.com,Male,$605282.62,93110854,CC
318,Ericka,Magrannell,emagrannell8t@bloomberg.com,Female,$426505.36,786425944,CC
319,Meredithe,Valentim,mvalentim8u@google.com,Female,$349419.68,246042813,CC
320,Nathan,Brydon,nbrydon8v@unicef.org,Male,$339798.84,1006023438,IT
321,Kermit,Udell,kudell8w@microsoft.com,Male,$335939.49,366340002,IT
322,Arvy,Rollinshaw,arollinshaw8x@amazonaws.com,Male,$981439.18,901618774,IT
323,Klarrisa,Wincer,kwincer8y@prweb.com,Female,$320175.61,866257809,IT
324,Burg,Wiffler,bwiffler8z@nsw.gov.au,Male,$512393.76,661697632,IT
325,Maddie,O' Gara,mogara90@ibm.com,Female,$713387.60,212765429,PP
326,Aveline,Tulip,atulip91@marketwatch.com,Female,$549101.00,44977599,PP
327,Meredithe,Daysh,mdaysh92@networksolutions.com,Female,$252549.04,656872172,PP
328,Brodie,Looker,blooker93@huffingtonpost.com,Male,$212131.94,282935278,CC
329,Clementia,Titchen,ctitchen94@cdc.gov,Female,$848275.44,22472117,CC
330,Carie,Shardlow,cshardlow95@miitbeian.gov.cn,Female,$347432.36,456757143,CC
331,Derick,Della,ddella96@miitbeian.gov.cn,Male,$493193.30,506212602,IT
332,Meghann,Oppy,moppy97@who.int,Female,$817424.19,704939033,PP
333,Wendall,Kelsall,wkelsall98@nature.com,Male,$803859.30,773881992,CC
334,Tamera,Tembridge,ttembridge99@infoseek.co.jp,Female,$835208.45,461909823,CC
335,Alfred,Tommaseo,atommaseo9a@prlog.org,Male,$895669.03,357954063,PP
336,Panchito,Bansal,pbansal9b@xing.com,Male,$328844.26,348513422,PP
337,Bridie,Fanthome,bfanthome9c@blogs.com,Female,$865540.18,895699915,CC
338,Miguel,Berndt,mberndt9d@home.pl,Male,$898504.74,102628410,CC
339,Cindelyn,Moscrop,cmoscrop9e@google.co.jp,Female,$394474.83,177379933,IT
340,Eduino,Vassar,evassar9f@imageshack.us,Male,$411300.58,161272799,PP
341,Godwin,Hellyer,ghellyer9g@yelp.com,Male,$397948.70,630556382,IT
342,Colman,Durtnell,cdurtnell9h@home.pl,Male,$609888.30,1049022027,CC
343,Kristi,Casel,kcasel9i@economist.com,Female,$881915.10,101624064,PP
344,Stanford,Mart,smart9j@issuu.com,Male,$963745.90,274929460,CC
345,Vincents,Eyles,veyles9k@wikipedia.org,Male,$917010.75,589179442,PP
346,King,Swettenham,kswettenham9l@jiathis.com,Male,$818277.66,136557808,IT
347,Micheal,Heinecke,mheinecke9m@uiuc.edu,Male,$924708.75,90252457,CC
348,Wandie,Porteous,wporteous9n@tuttocitta.it,Female,$705552.06,651516393,PP
349,Mordy,Nyles,mnyles9o@gizmodo.com,Male,$696404.76,503506187,PP
350,Doralynne,McAtamney,dmcatamney9p@naver.com,Female,$905376.43,561308160,IT
351,Trumann,Gallemore,tgallemore9q@goodreads.com,Male,$777306.13,770536580,CC
352,Felicle,Shephard,fshephard9r@aboutads.info,Female,$808642.31,877253956,PP
353,Annalee,Pappi,apappi9s@tripod.com,Female,$774182.07,167070391,CC
354,Dorri,Strettle,dstrettle9t@cnet.com,Female,$707495.25,811168866,CC
355,Early,McConway,emcconway9u@canalblog.com,Male,$952940.25,645963125,IT
356,Tann,Sorensen,tsorensen9v@apple.com,Male,$716604.96,505122801,CC
357,Marje,Merkel,mmerkel9w@spotify.com,Female,$680322.30,13204880,IT
358,Cate,Bonifazio,cbonifazio9x@ocn.ne.jp,Female,$393533.38,178183251,PP
359,Shayne,Claworth,sclaworth9y@ox.ac.uk,Female,$725220.63,176521682,IT
360,Hilda,Walczynski,hwalczynski9z@rambler.ru,Female,$137562.94,901195527,PP
361,Hanna,Van der Kruis,hvanderkruisa0@google.es,Female,$938615.53,702370126,CC
362,Sidoney,Binder,sbindera1@parallels.com,Female,$412914.29,115707866,IT
363,Brittany,Millwall,bmillwalla2@boston.com,Female,$398238.67,450730552,CC
364,Caresse,Barkley,cbarkleya3@state.gov,Female,$904371.61,520275804,CC
365,Rutledge,Arp,rarpa4@wiley.com,Male,$427525.15,305650305,CC
366,Tabb,Manueli,tmanuelia5@google.co.jp,Male,$543443.50,91820622,CC
367,Otto,Hamblyn,ohamblyna6@photobucket.com,Male,$947324.50,420667472,IT
368,Timmy,Bennough,tbennougha7@usatoday.com,Male,$279704.68,637617138,IT
369,Wallis,Tyler,wtylera8@vimeo.com,Female,$997756.64,435946461,PP
370,Arney,Spackman,aspackmana9@techcrunch.com,Male,$750403.81,561721144,CC
371,Killian,Mager,kmageraa@altervista.org,Male,$908948.78,996539343,CC
372,Garfield,Jaquest,gjaquestab@tamu.edu,Male,$247371.26,623505160,IT
373,Berkly,Hembrow,bhembrowac@google.com.au,Male,$558495.57,376559688,CC
374,Ahmed,Pavlenkov,apavlenkovad@blinklist.com,Male,$357205.39,44190263,IT
375,Winnie,Seabridge,wseabridgeae@flickr.com,Female,$322266.93,355343311,IT
376,Germayne,Gillow,ggillowaf@wikispaces.com,Male,$458450.18,820937291,PP
377,Marlon,Southway,msouthwayag@ebay.co.uk,Male,$745941.96,310661399,CC
378,Teodorico,Lockless,tlocklessah@loc.gov,Male,$441055.46,832513938,PP
379,Prinz,Himpson,phimpsonai@arstechnica.com,Male,$479411.98,71736919,IT
380,Rollins,Gilbane,rgilbaneaj@umich.edu,Male,$879777.41,228496730,IT
381,Cy,Delue,cdelueak@harvard.edu,Male,$797054.58,158912531,PP
382,Danita,Maddicks,dmaddicksal@wix.com,Female,$317861.89,138441034,PP
383,Cyrill,Filler,cfilleram@shinystat.com,Male,$903358.42,1048593057,CC
384,Avigdor,Hawthorne,ahawthornean@soup.io,Male,$291351.13,839912989,PP
385,Quincey,Ledington,qledingtonao@xrea.com,Male,$974135.95,728331812,IT
386,Solly,Corteis,scorteisap@yellowbook.com,Male,$398828.59,303246789,CC
387,Bastian,Karpeev,bkarpeevaq@drupal.org,Male,$997911.02,444663900,IT
388,Leonard,Roddick,lroddickar@zdnet.com,Male,$623378.06,226159151,IT
389,Amelia,Roath,aroathas@pen.io,Female,$399659.41,778314362,CC
390,Xylina,Fairlaw,xfairlawat@booking.com,Female,$693350.47,66280234,IT
391,Garth,Wagstaffe,gwagstaffeau@photobucket.com,Male,$674218.53,163400926,PP
392,Janice,Coorington,jcooringtonav@hugedomains.com,Female,$440520.88,382506062,PP
393,Christyna,Astill,castillaw@reference.com,Female,$406835.19,931144071,CC
394,Arri,Camm,acammax@home.pl,Male,$516112.14,944126240,CC
395,Helenka,Balham,hbalhamay@studiopress.com,Female,$224881.32,844769291,IT
396,Iver,Strippling,istripplingaz@flickr.com,Male,$847003.11,48658450,PP
397,Free,Gwalter,fgwalterb0@tamu.edu,Male,$483234.30,770109064,CC
398,Wyatan,Tinsey,wtinseyb1@list-manage.com,Male,$194864.59,588469537,PP
399,Hirsch,Shefton,hsheftonb2@foxnews.com,Male,$935792.82,322355413,PP
400,Willamina,Leggett,wleggettb3@scientificamerican.com,Female,$657081.47,140275176,CC
401,Trudy,Burger,tburgerb4@studiopress.com,Female,$612661.56,732937430,IT
402,Chadd,Deas,cdeasb5@google.com,Male,$618668.75,872695896,CC
403,Carmencita,Mapes,cmapesb6@google.co.uk,Female,$907247.77,676406886,CC
404,Cornelia,Atwill,catwillb7@hugedomains.com,Female,$877460.01,600703039,IT
405,Florian,Dominec,fdominecb8@opensource.org,Male,$734560.08,419395161,IT
406,Shelly,Hinken,shinkenb9@csmonitor.com,Female,$793965.35,149528737,CC
407,Lorilyn,Adamovitch,ladamovitchba@usnews.com,Female,$720846.73,886824771,PP
408,Kory,Featley,kfeatleybb@netlog.com,Male,$223051.78,284656607,PP
409,Jeddy,Waumsley,jwaumsleybc@nih.gov,Male,$242302.17,106864339,IT
410,Gale,O'Rourke,gorourkebd@msn.com,Female,$410555.88,887652288,IT
411,Jaquelyn,Jannasch,jjannaschbe@sakura.ne.jp,Female,$109973.03,75533825,IT
412,Gunilla,Ratley,gratleybf@aboutads.info,Female,$619912.32,588064177,CC
413,Shalna,Blayd,sblaydbg@ameblo.jp,Female,$917303.38,55547426,PP
414,Mack,Semble,msemblebh@goo.gl,Male,$280614.93,167198354,IT
415,Maurene,Redferne,mredfernebi@printfriendly.com,Female,$953747.15,1006115741,PP
416,Karia,Annion,kannionbj@youtube.com,Female,$643259.71,128414302,IT
417,Bruce,Currell,bcurrellbk@smugmug.com,Male,$121901.94,273215538,IT
418,Margret,Urling,murlingbl@theguardian.com,Female,$529329.65,845540044,PP
419,Karine,Fancy,kfancybm@guardian.co.uk,Female,$824862.13,767636388,PP
420,Jerrie,Tuffey,jtuffeybn@reverbnation.com,Male,$666739.41,25003364,PP
421,Berget,Coulston,bcoulstonbo@joomla.org,Female,$985705.96,842046129,IT
422,Paxton,Cornick,pcornickbp@statcounter.com,Male,$764298.79,296453154,CC
423,Debra,Chown,dchownbq@domainmarket.com,Female,$898031.75,823278339,CC
424,Magdalene,O'Grada,mogradabr@phpbb.com,Female,$182493.93,51230872,CC
425,Cecil,Scrigmour,cscrigmourbs@multiply.com,Male,$134237.43,694105072,IT
426,Heida,Grimsdell,hgrimsdellbt@webs.com,Female,$326175.35,444933061,CC
427,Wendy,Ivie,wiviebu@amazon.com,Female,$249012.88,633396774,IT
428,Sibilla,Cocking,scockingbv@amazon.de,Female,$975609.69,74634571,CC
429,Petr,Mingaye,pmingayebw@yelp.com,Male,$369697.41,1030478171,CC
430,Fredrika,Maasz,fmaaszbx@statcounter.com,Female,$317908.42,528381033,PP
431,Gaile,Maffezzoli,gmaffezzoliby@a8.net,Male,$260525.30,835025995,CC
432,Winslow,Highnam,whighnambz@indiegogo.com,Male,$225394.25,621640906,IT
433,Meghann,Yepiskopov,myepiskopovc0@tamu.edu,Female,$138990.31,185071177,CC
434,Dew,Bootherstone,dbootherstonec1@unblog.fr,Male,$118179.69,408515124,IT
435,Dag,Fernier,dfernierc2@github.io,Male,$154825.08,610771294,IT
436,Jolene,Weekland,jweeklandc3@dot.gov,Female,$832922.34,394522301,IT
437,Norrie,Petrusch,npetruschc4@hc360.com,Female,$600012.42,963907789,IT
438,Spenser,Chmiel,schmielc5@cdc.gov,Male,$269248.86,435067875,PP
439,Willetta,Pavlenko,wpavlenkoc6@theguardian.com,Female,$182970.48,1024634993,PP
440,Mabel,Stempe,mstempec7@msn.com,Female,$276136.09,243736221,PP
441,Gilligan,Pieche,gpiechec8@npr.org,Female,$275711.60,1026182027,PP
442,Libby,Depper,ldepperc9@accuweather.com,Female,$995625.52,893796862,CC
443,Chad,Huster,chusterca@devhub.com,Male,$812590.90,267368457,IT
444,Kin,Colville,kcolvillecb@elpais.com,Male,$150242.43,343461172,IT
445,Tarah,Wilcocks,twilcockscc@berkeley.edu,Female,$565656.93,816555213,CC
446,Natal,Skilbeck,nskilbeckcd@cbsnews.com,Male,$103537.85,302299932,CC
447,Izzy,Nel,inelce@rediff.com,Male,$629867.58,61137877,CC
448,Waverley,Trippett,wtrippettcf@e-recht24.de,Male,$541670.26,30800269,PP
449,Deb,Cribbott,dcribbottcg@ocn.ne.jp,Female,$215391.86,1001706495,CC
450,Rois,Willox,rwilloxch@macromedia.com,Female,$709405.70,62053751,IT
451,Doug,Sleeny,dsleenyci@who.int,Male,$672154.25,204994091,IT
452,Maggi,Hutton,mhuttoncj@fotki.com,Female,$280825.46,577303382,PP
453,Sara-ann,Falkner,sfalknerck@census.gov,Female,$680215.74,548251188,IT
454,Inessa,Tartt,itarttcl@tumblr.com,Female,$455397.89,393755608,IT
455,Coretta,Calway,ccalwaycm@howstuffworks.com,Female,$854991.62,804041550,IT
456,Carri,Wardale,cwardalecn@skyrock.com,Female,$786285.96,1020228845,IT
457,Eddy,Barnewell,ebarnewellco@vistaprint.com,Male,$138624.43,456294527,CC
458,Rosanna,Quested,rquestedcp@pinterest.com,Female,$579367.08,990852650,IT
459,Garvin,Sima,gsimacq@cornell.edu,Male,$844793.36,814870331,PP
460,Rossie,Bicknell,rbicknellcr@auda.org.au,Male,$209177.93,186978880,PP
461,Melli,Pidler,mpidlercs@tmall.com,Female,$658674.62,690922335,IT
462,Aurore,Ferrara,aferraract@vimeo.com,Female,$483938.46,354430806,PP
463,Collin,Paulon,cpauloncu@wiley.com,Male,$871694.75,244352284,CC
464,Cornall,Utterson,cuttersoncv@fc2.com,Male,$223996.66,850676697,PP
465,Lowe,Gonsalvez,lgonsalvezcw@jiathis.com,Male,$662126.94,147248328,PP
466,Aviva,Stones,astonescx@rediff.com,Female,$684942.81,774991698,CC
467,Aidan,Caroll,acarollcy@bizjournals.com,Female,$768314.75,46054868,PP
468,Marve,Cowlam,mcowlamcz@time.com,Male,$345895.38,884619309,CC
469,Hildagarde,Rydzynski,hrydzynskid0@arizona.edu,Female,$481741.50,502599300,IT
470,Loree,Skeemer,lskeemerd1@smugmug.com,Female,$811427.85,343257790,IT
471,Frankie,Rayer,frayerd2@bloglines.com,Male,$638537.15,60111806,IT
472,Fonsie,Slee,fsleed3@sourceforge.net,Male,$509221.69,864740442,CC
473,Elga,Janson,ejansond4@skyrock.com,Female,$669870.67,620921902,PP
474,Garold,Local,glocald5@arizona.edu,Male,$894218.83,432809216,CC
475,Christy,Le Gall,clegalld6@ca.gov,Female,$996773.86,605540640,PP
476,Richardo,Pincked,rpinckedd7@noaa.gov,Male,$343904.23,949014038,PP
477,Halette,Muscroft,hmuscroftd8@nsw.gov.au,Female,$888731.84,6076618,CC
478,Pinchas,Vakhrushev,pvakhrushevd9@npr.org,Male,$375890.16,1005065259,PP
479,Ozzy,Duthie,oduthieda@hibu.com,Male,$612328.20,454715257,CC
480,Mamie,Iashvili,miashvilidb@ucsd.edu,Female,$369520.97,784423610,CC
481,Bernice,Gosnoll,bgosnolldc@last.fm,Female,$362337.77,421801711,IT
482,Charlena,Horsell,chorselldd@deviantart.com,Female,$459940.58,537032792,IT
483,Gwenneth,Cornner,gcornnerde@behance.net,Female,$779763.20,231485678,PP
484,Cobbie,Duggen,cduggendf@linkedin.com,Male,$845378.71,172997906,IT
485,Alfred,Seton,asetondg@homestead.com,Male,$150700.67,304042205,IT
486,Berti,Oxnam,boxnamdh@vistaprint.com,Male,$549973.27,835591713,IT
487,Ragnar,Hubbucks,rhubbucksdi@deviantart.com,Male,$955611.83,723260210,PP
488,Benedetto,Easdon,beasdondj@examiner.com,Male,$748753.67,468730680,PP
489,Vance,Newell,vnewelldk@alibaba.com,Male,$570079.48,1024477726,CC
490,Marilyn,Doll,mdolldl@hexun.com,Female,$812397.07,271587650,CC
491,Rudolfo,Frizell,rfrizelldm@amazon.co.jp,Male,$156224.95,997077051,CC
492,Amity,Ellicock,aellicockdn@so-net.ne.jp,Female,$198037.42,404716283,IT
493,Shina,Raw,srawdo@patch.com,Female,$512734.20,392671269,PP
494,Marlon,Kevern,mkeverndp@usgs.gov,Male,$233455.55,955236942,PP
495,Leilah,Lidierth,llidierthdq@google.ca,Female,$957016.69,670050138,PP
496,Jillene,Gravet,jgravetdr@studiopress.com,Female,$208467.24,860595959,IT
497,Bliss,Grzelewski,bgrzelewskids@cdc.gov,Female,$830034.89,66977340,CC
498,Karoly,Akast,kakastdt@cpanel.net,Male,$390577.96,596035474,PP
499,Harmonia,Dundendale,hdundendaledu@prlog.org,Female,$906473.18,476567290,IT
500,Tadeas,Le Houx,tlehouxdv@accuweather.com,Male,$126782.31,346727668,PP
501,Clay,Mollitt,cmollittdw@mtv.com,Male,$342183.49,130697367,CC
502,Huberto,Chill,hchilldx@europa.eu,Male,$211334.69,246490810,PP
503,Bucky,Elsdon,belsdondy@github.io,Male,$217075.69,769632648,CC
504,Patti,Plover,pploverdz@smh.com.au,Female,$916085.48,813780111,PP
505,Caspar,Yedall,cyedalle0@de.vu,Male,$428780.94,567243544,CC
506,Marjory,Wysome,mwysomee1@skype.com,Female,$110199.09,572311038,CC
507,Aland,Blundan,ablundane2@unesco.org,Male,$413504.65,447960337,PP
508,Hasheem,Ksandra,hksandrae3@friendfeed.com,Male,$704197.04,836810019,CC
509,Annamarie,Altamirano,aaltamiranoe4@e-recht24.de,Female,$597590.36,1032708028,PP
510,Nicol,Sate,nsatee5@a8.net,Female,$258304.00,310477036,PP
511,Melvin,Blackater,mblackatere6@elpais.com,Male,$586449.27,306246648,IT
512,Cosette,Mosco,cmoscoe7@webnode.com,Female,$945521.20,601613331,PP
513,Merill,Syphas,msyphase8@1688.com,Male,$947144.37,623386327,PP
514,Darwin,Cowdrey,dcowdreye9@time.com,Male,$392074.12,187640521,CC
515,Dickie,Santore,dsantoreea@fotki.com,Male,$492857.25,273695955,PP
516,Lura,Tumasian,ltumasianeb@amazon.com,Female,$646281.45,387693944,IT
517,Julie,Morston,jmorstonec@imageshack.us,Male,$137950.73,519490060,IT
518,Emery,Ettridge,eettridgeed@networkadvertising.org,Male,$322379.12,321373228,IT
519,L;urette,Bennison,lbennisonee@paginegialle.it,Female,$478655.13,330640937,IT
520,Theresina,Gritsaev,tgritsaevef@jiathis.com,Female,$457894.54,187359127,IT
521,Salome,Giacomoni,sgiacomonieg@amazonaws.com,Female,$608467.55,438465366,PP
522,Hendrick,Saunton,hsauntoneh@ft.com,Male,$610682.42,990868883,CC
523,Jdavie,Pietrzyk,jpietrzykei@google.it,Male,$614888.10,1024124126,IT
524,Lanie,Thurling,lthurlingej@blogs.com,Female,$841575.23,938599288,CC
525,Angus,Orum,aorumek@nyu.edu,Male,$494151.48,923244833,CC
526,Erin,Clack,eclackel@who.int,Female,$535100.68,892738344,IT
527,Merline,Berceros,mbercerosem@theglobeandmail.com,Female,$242334.39,387862582,IT
528,Benedetta,Bigrigg,bbigriggen@printfriendly.com,Female,$653209.57,788084189,PP
529,Emmerich,Dillingston,edillingstoneo@ameblo.jp,Male,$547346.29,516692680,PP
530,Delilah,Sheaf,dsheafep@miitbeian.gov.cn,Female,$588571.26,356564393,CC
531,Robby,Pavey,rpaveyeq@mediafire.com,Male,$590497.02,917229285,PP
532,Kalina,MacMarcuis,kmacmarcuiser@weebly.com,Female,$875917.93,377543826,CC
533,Cammi,Hurl,churles@addthis.com,Female,$114511.46,183182227,PP
534,Sherrie,Nissle,snissleet@auda.org.au,Female,$434413.87,943917690,PP
535,Bobinette,Bednell,bbednelleu@chronoengine.com,Female,$718900.75,118086860,IT
536,Ulla,Stobbart,ustobbartev@intel.com,Female,$378651.68,577553871,CC
537,Gran,Brellin,gbrellinew@geocities.jp,Male,$941147.07,558916809,CC
538,Olly,Adamec,oadamecex@bizjournals.com,Male,$356945.34,556925094,PP
539,Sheridan,Huggin,shugginey@yahoo.co.jp,Male,$412757.80,254000905,PP
540,Jacinthe,Burnes,jburnesez@rakuten.co.jp,Female,$870336.75,43590459,CC
541,Meridel,Dolling,mdollingf0@addthis.com,Female,$104634.91,785791729,CC
542,Ruby,Hunte,rhuntef1@springer.com,Female,$299660.12,716698107,PP
543,Lanie,Frickey,lfrickeyf2@fastcompany.com,Female,$716338.90,209642057,CC
544,Murielle,Seavers,mseaversf3@soup.io,Female,$479692.53,556242494,CC
545,Delaney,Brent,dbrentf4@tripod.com,Male,$503674.03,138084823,CC
546,Berni,Izzett,bizzettf5@tiny.cc,Female,$623495.62,696102341,IT
547,Towney,Nell,tnellf6@irs.gov,Male,$855554.59,561041024,PP
548,Rafaello,Rushsorth,rrushsorthf7@wix.com,Male,$287212.63,819553335,CC
549,Alaine,Le Franc,alefrancf8@bandcamp.com,Female,$197066.98,756498097,CC
550,Cami,Edlyn,cedlynf9@independent.co.uk,Female,$282188.98,735906544,IT
551,Boniface,Bonnick,bbonnickfa@techcrunch.com,Male,$814886.34,588925623,PP
552,Lyn,Quayle,lquaylefb@discuz.net,Female,$156201.16,833822075,CC
553,Amalee,Nund,anundfc@nba.com,Female,$728442.24,1031328230,IT
554,Dacia,Kach,dkachfd@discovery.com,Female,$622310.49,336821999,PP
555,Early,Borg,eborgfe@tamu.edu,Male,$505737.42,477624908,IT
556,Rebbecca,Shivell,rshivellff@state.tx.us,Female,$359011.93,409876279,IT
557,Clarita,Entwisle,centwislefg@archive.org,Female,$463294.14,269925441,CC
558,Missie,Girkin,mgirkinfh@dmoz.org,Female,$771122.34,70724680,IT
559,Vallie,Kuller,vkullerfi@usgs.gov,Female,$758282.17,578797544,PP
560,Ahmed,Schrei,aschreifj@canalblog.com,Male,$936393.80,323405704,CC
561,Hoebart,Shurlock,hshurlockfk@telegraph.co.uk,Male,$102296.58,928235129,PP
562,Kippie,MacKeague,kmackeaguefl@admin.ch,Female,$945217.20,1025393194,CC
563,Shandy,Oakshott,soakshottfm@spotify.com,Female,$641808.28,681648387,PP
564,Vanessa,Verheyden,vverheydenfn@samsung.com,Female,$686608.44,576120559,CC
565,Siana,de Voiels,sdevoielsfo@prnewswire.com,Female,$804390.66,732068629,PP
566,Arron,Gargett,agargettfp@bloglovin.com,Male,$261722.70,122685750,IT
567,Shandy,Lage,slagefq@marriott.com,Female,$843594.89,635602180,PP
568,Gaylord,Fennick,gfennickfr@nifty.com,Male,$453499.47,797617190,PP
569,Mellicent,Osburn,mosburnfs@usnews.com,Female,$719419.37,843949707,IT
570,Celestyn,Woller,cwollerft@bravesites.com,Female,$929950.29,881601571,CC
571,Edie,Cothey,ecotheyfu@go.com,Female,$738269.14,440860223,PP
572,Rosina,Cobleigh,rcobleighfv@taobao.com,Female,$756664.67,828149635,IT
573,Franky,Bassom,fbassomfw@google.ca,Male,$880613.07,936841508,CC
574,Keelia,Jamieson,kjamiesonfx@ustream.tv,Female,$995291.17,884474678,IT
575,Silvano,Doblin,sdoblinfy@wunderground.com,Male,$467084.81,218874984,PP
576,Ravid,Coldtart,rcoldtartfz@java.com,Male,$840509.78,407802906,CC
577,Linc,Peach,lpeachg0@slideshare.net,Male,$254708.43,148786531,CC
578,Olenka,Dowman,odowmang1@cnn.com,Female,$949658.12,552854369,PP
579,Aloin,Bouette,abouetteg2@google.co.uk,Male,$565654.74,605757392,PP
580,John,Ellerker,jellerkerg3@google.ca,Male,$220940.49,718511449,PP
581,Halsey,Mc Carrick,hmccarrickg4@unc.edu,Male,$571626.85,136305670,IT
582,Allistir,Frediani,afredianig5@example.com,Male,$748726.71,485333305,PP
583,Foss,Knight,fknightg6@craigslist.org,Male,$382171.38,338938701,CC
584,Lelah,Chiplen,lchipleng7@networksolutions.com,Female,$839464.41,964003811,CC
585,Odelia,Hamblington,ohamblingtong8@edublogs.org,Female,$569198.22,63867862,PP
586,Bird,Grafom,bgrafomg9@wikispaces.com,Female,$804970.71,834227441,PP
587,Gerhardt,Aleshkov,galeshkovga@stanford.edu,Male,$470427.59,896192328,IT
588,Berti,Gulk,bgulkgb@de.vu,Male,$296850.48,304539403,PP
589,Brennan,Switsur,bswitsurgc@opera.com,Male,$952735.50,199992171,CC
590,Aron,Yoskowitz,ayoskowitzgd@example.com,Male,$774263.42,427970732,CC
591,Frannie,Capelow,fcapelowge@nyu.edu,Male,$433560.04,363172823,PP
592,Jo-ann,Pea,jpeagf@blog.com,Female,$810782.61,250762798,PP
593,Jorie,Wren,jwrengg@ucoz.com,Female,$572372.07,1020417781,CC
594,Homer,Anfonsi,hanfonsigh@uiuc.edu,Male,$497514.23,417176323,PP
595,Jasper,Towson,jtowsongi@51.la,Male,$626389.51,699925217,IT
596,Dita,McGovern,dmcgoverngj@blogtalkradio.com,Female,$911656.03,385955014,CC
597,Burke,Raleston,bralestongk@tamu.edu,Male,$485583.70,1036488136,IT
598,Yalonda,Casswell,ycasswellgl@diigo.com,Female,$121997.02,666560094,IT
599,Arielle,Beneyto,abeneytogm@google.ru,Female,$513090.92,527579091,IT
600,Lucas,Stewartson,lstewartsongn@stumbleupon.com,Male,$660632.14,555541799,IT
601,Bernice,Bernhard,bbernhardgo@adobe.com,Female,$918696.16,506876776,IT
602,Jaime,Tootell,jtootellgp@usa.gov,Male,$584178.83,182090641,CC
603,Marcella,Gurery,mgurerygq@seattletimes.com,Female,$184098.63,758905524,IT
604,Dulcine,Dionisi,ddionisigr@webnode.com,Female,$614847.73,541154636,PP
605,Marne,Copyn,mcopyngs@twitter.com,Female,$422856.93,211218316,PP
606,Masha,Nielson,mnielsongt@naver.com,Female,$229775.56,484827713,CC
607,Darrel,Juszkiewicz,djuszkiewiczgu@devhub.com,Male,$465505.08,295144507,CC
608,Ania,Greendale,agreendalegv@desdev.cn,Female,$715802.52,797408985,PP
609,Sharla,Robottham,srobotthamgw@unc.edu,Female,$136713.49,888995190,PP
610,Tootsie,Janout,tjanoutgx@mit.edu,Female,$583702.58,348961173,IT
611,Oswald,Algie,oalgiegy@geocities.jp,Male,$722248.54,470498931,IT
612,Alina,Wanka,awankagz@wordpress.com,Female,$447862.44,683767424,IT
613,Ellynn,Ivanaev,eivanaevh0@godaddy.com,Female,$752484.82,89265375,IT
614,Bram,McIvor,bmcivorh1@nationalgeographic.com,Male,$384046.45,951929871,PP
615,Tine,Polkinhorn,tpolkinhornh2@irs.gov,Female,$371544.38,366875060,CC
616,Aloysius,Gouldeby,agouldebyh3@live.com,Male,$958085.33,90353589,IT
617,Bonnee,Demicoli,bdemicolih4@cornell.edu,Female,$690426.87,956555328,PP
618,Lefty,Outram,loutramh5@answers.com,Male,$512699.81,967597863,CC
619,Dominic,De Mico,ddemicoh6@theglobeandmail.com,Male,$352977.45,633115875,CC
620,Sandy,Youell,syouellh7@icq.com,Male,$934202.14,519211513,CC
621,Charlene,Sell,csellh8@who.int,Female,$486679.50,809774912,IT
622,Henderson,Orrock,horrockh9@fastcompany.com,Male,$618889.65,752609649,CC
623,Trefor,Aubrey,taubreyha@ning.com,Male,$814295.19,55624297,IT
624,Jacklin,Bamlett,jbamletthb@npr.org,Female,$939187.23,166179040,PP
625,Pansy,Mughal,pmughalhc@nps.gov,Female,$956486.60,979563201,CC
626,Morton,Rabjohns,mrabjohnshd@unc.edu,Male,$315590.69,233976959,IT
627,Aldus,Burgoine,aburgoinehe@so-net.ne.jp,Male,$160848.81,812474635,CC
628,Adina,Sloss,aslosshf@multiply.com,Female,$459027.97,70280825,IT
629,Farley,Farry,ffarryhg@twitter.com,Male,$434121.42,495140763,CC
630,Antonius,Kordas,akordashh@dailymotion.com,Male,$508159.60,702601849,CC
631,Reece,Kidby,rkidbyhi@mail.ru,Male,$824633.92,465080485,IT
632,Ashbey,Whitear,awhitearhj@usda.gov,Male,$327847.70,966446027,IT
633,Delbert,Demangeot,ddemangeothk@ucoz.ru,Male,$108372.81,226636596,CC
634,Brnaby,Gillaspy,bgillaspyhl@apple.com,Male,$535342.90,149295969,PP
635,Odilia,Elwin,oelwinhm@freewebs.com,Female,$572521.89,459145065,IT
636,Isis,Dilkes,idilkeshn@ebay.com,Female,$296368.59,180768262,IT
637,Joaquin,O'Criane,jocrianeho@bigcartel.com,Male,$725249.32,893633605,CC
638,Michaela,Nizet,mnizethp@dot.gov,Female,$701453.22,694815211,IT
639,Margette,Doe,mdoehq@tinypic.com,Female,$812005.78,399963700,IT
640,Thaddus,Beville,tbevillehr@sun.com,Male,$344937.08,861545483,CC
641,Susann,McGreay,smcgreayhs@netscape.com,Female,$539639.05,894873452,IT
642,Ethe,Valentelli,evalentelliht@plala.or.jp,Male,$243368.67,1006776193,IT
643,Hephzibah,Clixby,hclixbyhu@barnesandnoble.com,Female,$247465.11,156134751,IT
644,Samuel,Fields,sfieldshv@comsenz.com,Male,$735915.71,93972021,IT
645,Levon,Thalmann,lthalmannhw@soup.io,Male,$170533.96,405239142,IT
646,Siward,MacParlan,smacparlanhx@wiley.com,Male,$646982.36,975951799,CC
647,Fawne,Koppke,fkoppkehy@apple.com,Female,$244977.92,528315122,PP
648,Orrin,Caesar,ocaesarhz@walmart.com,Male,$998552.39,239931877,CC
649,Tremain,Docherty,tdochertyi0@ucoz.com,Male,$345481.64,755901984,PP
650,Byrle,Dibbe,bdibbei1@naver.com,Male,$821615.78,161359647,CC
651,Melania,Rickards,mrickardsi2@bloglines.com,Female,$280658.69,670832487,CC
652,Jobyna,Beresfore,jberesforei3@wisc.edu,Female,$500238.69,614882457,IT
653,Sax,Sheardown,ssheardowni4@imgur.com,Male,$568026.90,130467427,CC
654,Rey,Lathaye,rlathayei5@spiegel.de,Female,$442230.16,941881634,IT
655,Fraze,Gilbey,fgilbeyi6@ycombinator.com,Male,$382229.58,1024514727,IT
656,Niki,De Leek,ndeleeki7@umn.edu,Male,$866897.78,592171119,CC
657,Kizzee,Cosin,kcosini8@techcrunch.com,Female,$127801.03,914938792,PP
658,Rebe,Cullity,rcullityi9@harvard.edu,Female,$683239.05,46281808,CC
659,Kalila,Edward,kedwardia@nhs.uk,Female,$390946.42,1007346780,IT
660,Corette,Yetman,cyetmanib@icio.us,Female,$495938.78,599706953,CC
661,Chrissy,Defraine,cdefraineic@4shared.com,Male,$817812.97,770034834,PP
662,Yolanthe,Inseal,yinsealid@webs.com,Female,$360324.04,60179847,CC
663,Suzette,Roskams,sroskamsie@blogger.com,Female,$953137.46,1019011621,PP
664,Ofella,Fellgett,ofellgettif@si.edu,Female,$489444.15,154983422,IT
665,Joni,Le Huquet,jlehuquetig@xrea.com,Female,$730333.75,673578856,PP
666,Theodoric,Poure,tpoureih@china.com.cn,Male,$469368.27,792704070,CC
667,Kin,Ramm,krammii@cam.ac.uk,Male,$803114.13,475349987,IT
668,Fey,Kemmet,fkemmetij@dot.gov,Female,$522973.57,632204939,CC
669,Ray,Raynes,rraynesik@cisco.com,Male,$643119.42,204273028,CC
670,Gearalt,Gawke,ggawkeil@delicious.com,Male,$586549.95,764224614,IT
671,Ruy,O' Mullan,romullanim@archive.org,Male,$378213.20,809985441,PP
672,Charmine,Muggeridge,cmuggeridgein@wisc.edu,Female,$116282.84,71209877,CC
673,Andy,Dacks,adacksio@digg.com,Male,$441888.24,984429280,IT
674,Midge,Todhunter,mtodhunterip@ca.gov,Female,$415367.15,691582747,CC
675,Myrlene,Skowcraft,mskowcraftiq@odnoklassniki.ru,Female,$413462.50,586234067,CC
676,Annnora,Mumberson,amumbersonir@tiny.cc,Female,$913763.94,20913685,PP
677,Peg,Jezzard,pjezzardis@un.org,Female,$120079.00,764982950,CC
678,Hestia,Sharrier,hsharrierit@w3.org,Female,$188097.42,83517920,CC
679,Zebadiah,Teas,zteasiu@yandex.ru,Male,$386250.91,943929551,PP
680,Alisa,Goreisr,agoreisriv@1und1.de,Female,$274620.71,935938571,IT
681,Felisha,Rockall,frockalliw@friendfeed.com,Female,$422507.11,513605241,IT
682,Neale,MacAlroy,nmacalroyix@stumbleupon.com,Male,$734435.82,172487874,IT
683,Filmer,Prinn,fprinniy@redcross.org,Male,$205146.89,423856201,CC
684,Rozalie,Grzelewski,rgrzelewskiiz@washington.edu,Female,$359826.19,443003087,CC
685,Arlinda,Buzek,abuzekj0@angelfire.com,Female,$961992.27,193675790,IT
686,Gayle,Vaadeland,gvaadelandj1@freewebs.com,Male,$706473.78,763491204,IT
687,Belicia,Measom,bmeasomj2@seesaa.net,Female,$759620.17,768786972,IT
688,Drud,Benech,dbenechj3@berkeley.edu,Male,$117472.31,306964938,PP
689,Sheff,Cardis,scardisj4@csmonitor.com,Male,$335778.98,736742807,PP
690,Johnny,Cheales,jchealesj5@unc.edu,Male,$247542.73,44094926,CC
691,Ulrich,McMurty,umcmurtyj6@gravatar.com,Male,$701903.91,236479696,IT
692,Vincent,Stoffel,vstoffelj7@hugedomains.com,Male,$191442.33,469567647,PP
693,Nowell,Lattimore,nlattimorej8@parallels.com,Male,$801210.36,928431667,IT
694,Gaylor,Winsborrow,gwinsborrowj9@tmall.com,Male,$771655.48,448352824,PP
695,Karil,Salzen,ksalzenja@phpbb.com,Female,$570018.59,282863046,CC
696,Patty,Hayland,phaylandjb@dailymail.co.uk,Male,$711615.18,43906484,CC
697,Minni,Georgius,mgeorgiusjc@marriott.com,Female,$225257.18,427236354,IT
698,Baxy,Wasmer,bwasmerjd@aol.com,Male,$338168.26,678909328,IT
699,Olvan,Marples,omarplesje@unesco.org,Male,$677669.19,616344767,PP
700,Clemente,Whatman,cwhatmanjf@example.com,Male,$941910.00,761653902,IT
701,Britney,Mardee,bmardeejg@flavors.me,Female,$339420.46,505506152,CC
702,Felix,McAvaddy,fmcavaddyjh@gnu.org,Male,$717750.38,828399621,PP
703,Darrel,Buckie,dbuckieji@indiegogo.com,Male,$514104.85,804044137,IT
704,Sutton,Relph,srelphjj@cbsnews.com,Male,$409374.93,576999489,CC
705,Sephira,Nestle,snestlejk@rediff.com,Female,$337374.09,81080623,CC
706,Catina,Glasser,cglasserjl@kickstarter.com,Female,$450732.44,354480966,PP
707,Gino,Hubback,ghubbackjm@usatoday.com,Male,$796819.03,620831678,IT
708,Sean,Trundler,strundlerjn@github.com,Female,$303864.80,967163356,CC
709,Tommie,Lindenbluth,tlindenbluthjo@howstuffworks.com,Female,$412988.38,208528503,IT
710,Rose,Reavell,rreavelljp@amazon.co.uk,Female,$102600.68,250393030,IT
711,Vernice,Gillespey,vgillespeyjq@mozilla.org,Female,$422659.60,878652650,IT
712,Jenna,Bezarra,jbezarrajr@senate.gov,Female,$498947.88,695725038,CC
713,Clair,Lissandrini,clissandrinijs@archive.org,Male,$718660.94,654272947,IT
714,Murry,Inger,mingerjt@usa.gov,Male,$138708.57,759993141,IT
715,Niccolo,MacWhan,nmacwhanju@youku.com,Male,$190265.55,862049276,CC
716,Willa,Semmens,wsemmensjv@mapy.cz,Female,$675445.83,852002027,PP
717,Carson,Tacker,ctackerjw@wunderground.com,Male,$581572.65,351735839,PP
718,Paula,Seawright,pseawrightjx@google.es,Female,$612702.47,317297458,IT
719,Grange,Baser,gbaserjy@jigsy.com,Male,$196564.88,221363877,CC
720,Grier,Gandey,ggandeyjz@mail.ru,Female,$827289.82,289229486,IT
721,Maxy,Wartonby,mwartonbyk0@slate.com,Female,$511690.10,392896779,IT
722,Claudina,Cassey,ccasseyk1@cnet.com,Female,$957635.97,131197767,CC
723,Egan,Plom,eplomk2@shareasale.com,Male,$958243.36,873327960,CC
724,Lazarus,McLernon,lmclernonk3@columbia.edu,Male,$570132.33,271338589,PP
725,Lutero,Faussett,lfaussettk4@zdnet.com,Male,$241117.75,908011113,PP
726,Pennie,Petche,ppetchek5@51.la,Male,$515764.42,497720358,PP
727,Sheff,Bowlesworth,sbowlesworthk6@about.com,Male,$375396.39,58294157,IT
728,Valentin,Origan,vorigank7@devhub.com,Male,$735038.13,330675920,IT
729,Dulciana,Ivanilov,divanilovk8@sina.com.cn,Female,$161777.79,823987432,PP
730,Adelaide,Kivits,akivitsk9@utexas.edu,Female,$473794.95,1018228563,PP
731,Lyn,Faux,lfauxka@apache.org,Female,$768217.31,338545238,PP
732,Pen,Matyugin,pmatyuginkb@dropbox.com,Female,$950455.06,481106027,PP
733,Genni,Drayn,gdraynkc@jugem.jp,Female,$646888.81,312913946,IT
734,Marcile,Bartod,mbartodkd@instagram.com,Female,$211701.64,494594293,IT
735,Alberto,Panswick,apanswickke@upenn.edu,Male,$334813.22,813314756,CC
736,Sianna,Deam,sdeamkf@ezinearticles.com,Female,$398850.80,172712983,CC
737,Hendrik,Keilloh,hkeillohkg@netscape.com,Male,$132415.11,37243090,IT
738,Celinda,Isakovic,cisakovickh@ifeng.com,Female,$498388.67,464524965,PP
739,Francesco,Sibylla,fsibyllaki@trellian.com,Male,$350957.06,236052464,IT
740,Ruth,Otridge,rotridgekj@tamu.edu,Female,$126279.36,104009334,CC
741,Ugo,Scaife,uscaifekk@smh.com.au,Male,$833984.93,81601392,CC
742,Ernst,Munkley,emunkleykl@harvard.edu,Male,$971182.42,947538680,PP
743,Stavro,Whittaker,swhittakerkm@symantec.com,Male,$814984.94,765060405,IT
744,Cirstoforo,Bole,cbolekn@unicef.org,Male,$206417.94,168100864,PP
745,Dacey,Drury,ddruryko@themeforest.net,Female,$371128.54,163347758,PP
746,Guendolen,Ghion,gghionkp@google.fr,Female,$409079.30,367438149,CC
747,Rhea,Giocannoni,rgiocannonikq@surveymonkey.com,Female,$343788.41,170800889,PP
748,Raychel,Sellner,rsellnerkr@scientificamerican.com,Female,$609062.15,735863717,CC
749,Fair,Norrington,fnorringtonks@photobucket.com,Male,$113502.42,459233260,PP
750,Forbes,Brouwer,fbrouwerkt@imageshack.us,Male,$304708.68,688982402,CC
751,Wynn,Tugman,wtugmanku@google.com.br,Female,$573688.11,798389542,PP
752,Eunice,Yaakov,eyaakovkv@joomla.org,Female,$183486.50,959919822,CC
753,Luciano,Cranstone,lcranstonekw@scientificamerican.com,Male,$311337.95,923706134,IT
754,Giraud,Graves,ggraveskx@hao123.com,Male,$737947.83,637646266,CC
755,Haleigh,Ormston,hormstonky@hud.gov,Male,$347806.36,173832946,CC
756,Danny,Saltwell,dsaltwellkz@reddit.com,Female,$999799.30,585572063,PP
757,Con,Rispin,crispinl0@posterous.com,Male,$978344.01,458025438,IT
758,Tony,Corley,tcorleyl1@gizmodo.com,Female,$339583.19,964469933,PP
759,Hayyim,Fibbit,hfibbitl2@mac.com,Male,$356529.74,196477862,IT
760,Korry,Challiner,kchallinerl3@blogger.com,Female,$800715.29,513524262,PP
761,Kirk,Fairpo,kfairpol4@hexun.com,Male,$907328.92,271922637,CC
762,Orton,Paul,opaull5@nifty.com,Male,$514801.30,51051377,IT
763,Bancroft,Jindracek,bjindracekl6@bing.com,Male,$939314.60,1043645103,CC
764,Benedikta,Aizikovich,baizikovichl7@sbwire.com,Female,$469311.92,960982268,CC
765,Michell,Ciccottio,mciccottiol8@biblegateway.com,Female,$856783.62,512680971,PP
766,Kerr,Ludron,kludronl9@geocities.com,Male,$880394.92,147601665,CC
767,Olag,Fisbey,ofisbeyla@ycombinator.com,Male,$479290.87,203647659,PP
768,Beaufort,Tellenbach,btellenbachlb@drupal.org,Male,$995065.51,553288977,IT
769,Elsbeth,Irwin,eirwinlc@auda.org.au,Female,$595092.56,95134436,IT
770,Shel,Croy,scroyld@yolasite.com,Female,$475788.57,845617605,IT
771,Orsola,Brooker,obrookerle@dagondesign.com,Female,$751964.62,309187281,PP
772,Helga,Macveigh,hmacveighlf@godaddy.com,Female,$603738.66,564723595,IT
773,Charleen,Sussams,csussamslg@deliciousdays.com,Female,$282729.35,600945517,PP
774,Muhammad,Klishin,mklishinlh@howstuffworks.com,Male,$808556.56,119239862,PP
775,Sarine,Standley,sstandleyli@yahoo.co.jp,Female,$158789.59,534032737,IT
776,Hagan,Birdwhistell,hbirdwhistelllj@netlog.com,Male,$786265.55,944758902,CC
777,Wilma,Binford,wbinfordlk@sfgate.com,Female,$603138.12,321468127,PP
778,Claresta,Oliveira,coliveirall@list-manage.com,Female,$300750.49,931211119,IT
779,Constantine,Gallaher,cgallaherlm@skyrock.com,Male,$811364.20,197542905,PP
780,Phebe,Gretham,pgrethamln@omniture.com,Female,$343854.82,568245682,CC
781,Burgess,Fairweather,bfairweatherlo@bizjournals.com,Male,$976304.43,633046221,PP
782,Amii,Cleere,acleerelp@smugmug.com,Female,$211581.92,259046731,IT
783,Sondra,Lomond,slomondlq@ycombinator.com,Female,$914993.35,56113154,PP
784,Sisely,Bedow,sbedowlr@sogou.com,Female,$567417.85,849164903,CC
785,Aubrette,Steynor,asteynorls@prnewswire.com,Female,$943789.84,6904313,PP
786,Vallie,Courtonne,vcourtonnelt@mayoclinic.com,Female,$585183.42,170220811,IT
787,Kearney,Cavnor,kcavnorlu@newyorker.com,Male,$189205.40,598043259,IT
788,Simonette,Feetham,sfeethamlv@amazon.com,Female,$905143.13,354621705,IT
789,Wynn,McCallam,wmccallamlw@vkontakte.ru,Male,$709491.93,514978801,IT
790,Angelica,Lovie,alovielx@weebly.com,Female,$752699.61,874286836,IT
791,Trevar,Swinyard,tswinyardly@tuttocitta.it,Male,$983104.87,751898965,CC
792,Alistair,Smails,asmailslz@angelfire.com,Male,$185244.58,1026006268,IT
793,Quinlan,Muckian,qmuckianm0@youtu.be,Male,$289500.90,645076344,IT
794,Francklyn,Mains,fmainsm1@sun.com,Male,$671555.73,123365212,PP
795,Bartram,Tomaszek,btomaszekm2@yandex.ru,Male,$828670.55,871621509,PP
796,Perrine,Lockery,plockerym3@jimdo.com,Female,$881787.63,288917772,PP
797,Orlando,Defont,odefontm4@shinystat.com,Male,$529453.85,970553267,PP
798,Lavinia,Larciere,llarcierem5@nih.gov,Female,$235646.95,235967006,PP
799,Kirstyn,Jacobowicz,kjacobowiczm6@about.me,Female,$662237.40,521959465,PP
800,Sophie,McCloud,smccloudm7@a8.net,Female,$358912.66,392778059,CC
801,Holly-anne,Fandrey,hfandreym8@ifeng.com,Female,$888457.79,727297965,IT
802,Shelby,Malling,smallingm9@nymag.com,Male,$691371.36,360470867,PP
803,Silvan,Benedetti,sbenedettima@mashable.com,Male,$572032.89,1025421615,PP
804,Antonio,Bruckman,abruckmanmb@taobao.com,Male,$351098.00,212556123,IT
805,Lenee,Loveman,llovemanmc@privacy.gov.au,Female,$930147.56,341049624,PP
806,Grace,Maclaine,gmaclainemd@is.gd,Female,$895571.80,432288865,IT
807,Gareth,Readhead,greadheadme@amazon.co.uk,Male,$649587.64,349016051,CC
808,Jeralee,Merryman,jmerrymanmf@g.co,Female,$854645.45,945885871,IT
809,Huey,Thireau,hthireaumg@ox.ac.uk,Male,$146142.21,938542079,PP
810,Agace,Baurerich,abaurerichmh@merriam-webster.com,Female,$124021.81,636650963,IT
811,Tadd,Lecordier,tlecordiermi@phpbb.com,Male,$226094.35,612615834,IT
812,Minne,Luxmoore,mluxmooremj@bravesites.com,Female,$929107.77,463383709,PP
813,Jorry,Castelot,jcastelotmk@google.co.uk,Female,$304800.08,514660480,CC
814,Hortensia,Frankcombe,hfrankcombeml@list-manage.com,Female,$164169.88,598583702,CC
815,Bobine,Goodrich,bgoodrichmm@dailymotion.com,Female,$891572.82,619633272,IT
816,Nicole,Janczyk,njanczykmn@ft.com,Female,$127679.42,597188170,PP
817,Virgie,Gurrado,vgurradomo@sbwire.com,Female,$207571.13,746662464,PP
818,Edgardo,Tasker,etaskermp@sourceforge.net,Male,$889464.82,349049504,PP
819,Farica,Slaight,fslaightmq@senate.gov,Female,$285790.67,778453334,IT
820,Clio,Kite,ckitemr@clickbank.net,Female,$127637.15,348675794,CC
821,Leigh,Flips,lflipsms@wikia.com,Male,$352891.91,750579954,CC
822,Dulcy,Hecks,dhecksmt@photobucket.com,Female,$974474.44,360128358,IT
823,Reese,Coultous,rcoultousmu@odnoklassniki.ru,Male,$456993.80,284171101,IT
824,Tammara,Doubleday,tdoubledaymv@mlb.com,Female,$879522.38,90351395,IT
825,Sly,La Torre,slatorremw@salon.com,Male,$412953.75,957520616,PP
826,Norma,Gendrich,ngendrichmx@cbsnews.com,Female,$936198.73,377463408,PP
827,Peg,Mullarkey,pmullarkeymy@umn.edu,Female,$161416.02,864286104,IT
828,Lesli,Wordington,lwordingtonmz@cbsnews.com,Female,$856141.29,772700968,IT
829,Jayson,Florence,jflorencen0@etsy.com,Male,$360868.32,449379904,CC
830,Garwin,Haycox,ghaycoxn1@discuz.net,Male,$514800.96,555020879,CC
831,Jaquenetta,Ullrich,jullrichn2@goo.gl,Female,$863124.75,460064032,PP
832,Berton,Carlos,bcarlosn3@yellowpages.com,Male,$504991.60,746454571,PP
833,Lothario,Denyer,ldenyern4@slideshare.net,Male,$157926.61,8629757,IT
834,Niels,Younghusband,nyounghusbandn5@un.org,Male,$122470.10,401610567,PP
835,Rica,McDoual,rmcdoualn6@slashdot.org,Female,$674790.98,853785574,IT
836,Ellene,Bowstead,ebowsteadn7@guardian.co.uk,Female,$452853.49,393855833,CC
837,Kelcy,Schneider,kschneidern8@foxnews.com,Female,$545564.37,216435010,IT
838,Matelda,Jantot,mjantotn9@nps.gov,Female,$390116.19,1024344555,PP
839,Daria,Tudball,dtudballna@slideshare.net,Female,$358249.37,848158118,CC
840,Brook,Hallsworth,bhallsworthnb@storify.com,Male,$973535.78,121410432,PP
841,Esdras,Ragless,eraglessnc@gmpg.org,Male,$591913.03,602040382,CC
842,Ray,Cullen,rcullennd@europa.eu,Male,$728682.37,1046299811,IT
843,Will,Deniso,wdenisone@studiopress.com,Male,$672303.82,571155349,CC
844,Esdras,Splevings,esplevingsnf@google.com.au,Male,$198623.53,274218129,PP
845,Athene,Gindghill,agindghillng@nytimes.com,Female,$218177.32,93659236,IT
846,Flin,Nary,fnarynh@last.fm,Male,$561406.07,983029102,PP
847,Teresita,Stracey,tstraceyni@yahoo.com,Female,$102404.97,992567053,CC
848,Hermie,Climie,hclimienj@tinypic.com,Male,$514429.93,450546393,IT
849,Abigael,Roakes,aroakesnk@paginegialle.it,Female,$963618.30,107177947,CC
850,Gualterio,Proby,gprobynl@dedecms.com,Male,$683180.25,81818422,CC
851,Anjanette,Draper,adrapernm@tumblr.com,Female,$189995.30,19447936,IT
852,Liz,Ruller,lrullernn@networkadvertising.org,Female,$921307.44,941935055,PP
853,Moishe,Emblin,memblinno@time.com,Male,$356133.03,389918499,CC
854,Deny,Shiell,dshiellnp@last.fm,Female,$344376.33,347947121,CC
855,Audy,Nesfield,anesfieldnq@tripod.com,Female,$671263.64,853690951,IT
856,Richart,Wisson,rwissonnr@omniture.com,Male,$569600.10,570123315,CC
857,Bidget,McLarty,bmclartyns@scribd.com,Female,$890826.64,435837857,CC
858,Crissy,Blackwell,cblackwellnt@mtv.com,Female,$540396.68,1028075769,IT
859,Emmanuel,Hatz,ehatznu@dedecms.com,Male,$183054.80,490148393,CC
860,Shelby,Tombling,stomblingnv@cocolog-nifty.com,Female,$424617.00,672269026,IT
861,Moss,Leahy,mleahynw@amazon.co.uk,Male,$263551.83,618282179,CC
862,Courtnay,Czajka,cczajkanx@berkeley.edu,Male,$447431.43,220041430,CC
863,Zora,Lethby,zlethbyny@xrea.com,Female,$435297.84,514956238,CC
864,Kipper,Toppes,ktoppesnz@newyorker.com,Male,$124749.56,492908720,IT
865,Karleen,Gillmor,kgillmoro0@thetimes.co.uk,Female,$809644.32,836844769,PP
866,Osgood,Veryan,overyano1@bandcamp.com,Male,$566527.55,580422704,CC
867,Jermain,Coulter,jcoultero2@tuttocitta.it,Male,$978681.55,45635775,PP
868,Arturo,Carus,acaruso3@biglobe.ne.jp,Male,$459075.74,588320951,IT
869,Skylar,Burtwistle,sburtwistleo4@virginia.edu,Male,$543827.61,953597865,CC
870,Lori,Kunes,lkuneso5@xinhuanet.com,Female,$554004.69,551020360,IT
871,Shena,Goodhay,sgoodhayo6@oaic.gov.au,Female,$704012.49,19804622,PP
872,Clifford,Fay,cfayo7@redcross.org,Male,$348945.85,994346132,PP
873,Krishnah,Folca,kfolcao8@linkedin.com,Male,$275926.16,511646001,IT
874,Lazarus,Campanelle,lcampanelleo9@51.la,Male,$440544.31,37387876,CC
875,Clerkclaude,Buckel,cbuckeloa@upenn.edu,Male,$308466.07,261007007,CC
876,Horton,Domel,hdomelob@biblegateway.com,Male,$773940.58,873375739,CC
877,Aprilette,Lowre,alowreoc@slate.com,Female,$792953.82,1023133184,PP
878,Mallorie,Woonton,mwoontonod@yahoo.co.jp,Female,$718057.99,299430897,PP
879,Kerianne,Wrankling,kwranklingoe@shinystat.com,Female,$504552.34,786139943,CC
880,Lou,Tabourel,ltabourelof@godaddy.com,Female,$968826.27,274744997,IT
881,Courtenay,Hurworth,churworthog@yellowbook.com,Female,$875999.58,715200207,IT
882,Wyatt,Alessandrini,walessandrinioh@unblog.fr,Male,$169114.24,839493802,PP
883,Feodor,Gai,fgaioi@wikipedia.org,Male,$647248.00,872226942,CC
884,Dyana,Storks,dstorksoj@washingtonpost.com,Female,$559731.00,982848700,IT
885,Allys,Poundsford,apoundsfordok@about.me,Female,$905132.47,303390546,PP
886,Jim,Wilcott,jwilcottol@privacy.gov.au,Male,$784803.03,563487260,PP
887,Neville,Rubin,nrubinom@imgur.com,Male,$155002.22,961518653,PP
888,June,Broadbere,jbroadbereon@admin.ch,Female,$908735.13,939959240,IT
889,Susanetta,Nazair,snazairoo@imgur.com,Female,$786013.78,285113546,IT
890,Walther,Enstone,wenstoneop@booking.com,Male,$549564.79,403746895,PP
891,Stefania,Lightwing,slightwingoq@zdnet.com,Female,$626879.42,677669833,CC
892,Kirstin,Rook,krookor@storify.com,Female,$741560.94,340914734,PP
893,Gordy,Wratten,gwrattenos@tamu.edu,Male,$300896.43,572193868,PP
894,Kevin,Walthew,kwalthewot@examiner.com,Male,$955061.88,402343495,CC
895,Edwina,Wigfield,ewigfieldou@webnode.com,Female,$386392.30,403755960,IT
896,Sinclare,Colledge,scolledgeov@sohu.com,Male,$616318.78,736922492,CC
897,Calley,Dowrey,cdowreyow@msu.edu,Female,$619049.41,913381745,IT
898,Mylo,Braithwaite,mbraithwaiteox@nba.com,Male,$861753.60,587406666,IT
899,Jolynn,Kleisle,jkleisleoy@youku.com,Female,$935356.13,364042966,PP
900,Olwen,Littleproud,olittleproudoz@ted.com,Female,$820109.13,464981387,IT
901,Kathleen,Plews,kplewsp0@bloglovin.com,Female,$512828.76,737372539,CC
902,Corbin,Gavey,cgaveyp1@behance.net,Male,$881345.71,446631581,PP
903,Colin,McQuaid,cmcquaidp2@discuz.net,Male,$531039.83,387346013,IT
904,Joseito,Imos,jimosp3@examiner.com,Male,$522866.22,796973495,IT
905,Ardeen,Gullberg,agullbergp4@opensource.org,Female,$699709.45,414603456,IT
906,Sadye,Milier,smilierp5@mediafire.com,Female,$345481.99,204092743,CC
907,Ann,Gillani,agillanip6@woothemes.com,Female,$358968.98,48825593,CC
908,Katina,Peacher,kpeacherp7@yandex.ru,Female,$324308.66,214510029,IT
909,Chip,Vigars,cvigarsp8@com.com,Male,$723340.28,413709348,CC
910,Tania,Eingerfield,teingerfieldp9@icq.com,Female,$596357.86,281615394,PP
911,Thorvald,Creevy,tcreevypa@stumbleupon.com,Male,$619895.27,783676741,CC
912,Inga,Cherry Holme,icherryholmepb@scribd.com,Female,$755425.24,706769786,PP
913,Barbie,Wohlers,bwohlerspc@ebay.com,Female,$123059.27,687570270,PP
914,Odille,Gors,ogorspd@live.com,Female,$210893.15,710406245,PP
915,Jorgan,Pascoe,jpascoepe@parallels.com,Male,$559494.16,432798157,CC
916,Yankee,Sappson,ysappsonpf@auda.org.au,Male,$300661.83,72184261,CC
917,Freddi,Janew,fjanewpg@fema.gov,Female,$497753.46,308289261,IT
918,Joby,Coverly,jcoverlyph@taobao.com,Female,$693343.26,374734328,IT
919,Rayner,Klimkovich,rklimkovichpi@uol.com.br,Male,$335428.11,99214728,PP
920,Valentia,Pretor,vpretorpj@amazon.de,Female,$985845.06,652037602,CC
921,Hirsch,Drewery,hdrewerypk@google.co.uk,Male,$474596.41,523202332,CC
922,Astra,Huffadine,ahuffadinepl@guardian.co.uk,Female,$490559.83,482046162,IT
923,Tommie,Marguerite,tmargueritepm@hc360.com,Male,$912497.39,635572935,IT
924,Way,Lowbridge,wlowbridgepn@dot.gov,Male,$189739.50,691875172,IT
925,Bren,Bum,bbumpo@yandex.ru,Male,$481974.23,696485184,PP
926,Pattie,Oldall,poldallpp@pinterest.com,Male,$381138.97,655203668,IT
927,Sheba,Shopcott,sshopcottpq@lulu.com,Female,$328957.60,293429746,PP
928,Rasla,Dominy,rdominypr@netlog.com,Female,$431881.62,198282388,CC
929,Candis,Eskell,ceskellps@symantec.com,Female,$793191.25,563812090,CC
930,Welby,Torbeck,wtorbeckpt@oaic.gov.au,Male,$279764.36,226752667,IT
931,Joelly,Gerardeaux,jgerardeauxpu@blog.com,Female,$409795.09,51491525,PP
932,Nat,Greber,ngreberpv@ox.ac.uk,Male,$939128.96,442065550,PP
933,Roze,Warburton,rwarburtonpw@netscape.com,Female,$153019.24,1021802448,PP
934,Bidget,Charette,bcharettepx@accuweather.com,Female,$707410.34,89202866,IT
935,Berthe,Ludmann,bludmannpy@wikimedia.org,Female,$640910.14,1033712390,PP
936,Annissa,Saur,asaurpz@reference.com,Female,$133552.05,235798710,PP
937,Polly,Garm,pgarmq0@sfgate.com,Female,$221749.71,1024614254,IT
938,Ingemar,Angier,iangierq1@gov.uk,Male,$194048.25,768674253,IT
939,Andrea,Gilardengo,agilardengoq2@pinterest.com,Female,$764064.84,714187104,IT
940,Kristopher,Latchmore,klatchmoreq3@amazon.co.jp,Male,$220411.07,367685656,CC
941,Quincy,Fritchly,qfritchlyq4@buzzfeed.com,Male,$689423.67,72897824,IT
942,Emiline,Twentyman,etwentymanq5@forbes.com,Female,$649416.75,238193094,PP
943,Luke,Bowie,lbowieq6@irs.gov,Male,$865409.55,436192943,PP
944,Adrian,Kealy,akealyq7@yellowbook.com,Male,$702539.44,728234985,IT
945,Jeannine,Painswick,jpainswickq8@forbes.com,Female,$156754.78,95686971,IT
946,Lynsey,Chese,lcheseq9@unc.edu,Female,$890034.74,799393917,IT
947,Madelina,Romei,mromeiqa@cbslocal.com,Female,$552681.20,176188080,IT
948,Jed,Dullingham,jdullinghamqb@virginia.edu,Male,$316206.46,565036399,PP
949,Magdalene,Rowbotham,mrowbothamqc@yahoo.com,Female,$128629.09,700068162,CC
950,Holli,Cunnow,hcunnowqd@soup.io,Female,$825434.48,727540994,CC
951,Carmina,Phettiplace,cphettiplaceqe@homestead.com,Female,$229595.09,409591711,CC
952,Francisco,Minichi,fminichiqf@friendfeed.com,Male,$858228.18,181567828,CC
953,Fanechka,Arnfield,farnfieldqg@webmd.com,Female,$979804.72,154292992,PP
954,Ruperto,Milliere,rmilliereqh@guardian.co.uk,Male,$444873.32,147223275,IT
955,Cara,Krol,ckrolqi@cyberchimps.com,Female,$922507.78,1018139286,CC
956,Hannie,Radish,hradishqj@nsw.gov.au,Female,$980505.67,962542384,CC
957,Rosemaria,Hazelden,rhazeldenqk@tuttocitta.it,Female,$404930.77,32444080,CC
958,Gunner,Giamuzzo,ggiamuzzoql@reverbnation.com,Male,$931682.19,943338945,CC
959,Gillie,Le Grove,glegroveqm@tuttocitta.it,Female,$134584.29,748906931,IT
960,Mortie,Aksell,maksellqn@ft.com,Male,$186058.73,208602017,CC
961,Frazier,Ainslie,fainslieqo@uiuc.edu,Male,$857609.36,760171233,CC
962,Luca,Naire,lnaireqp@irs.gov,Male,$572757.72,769524821,IT
963,Reggi,Lambrook,rlambrookqq@ebay.com,Female,$612259.73,788144167,PP
964,Nada,Spyer,nspyerqr@wp.com,Female,$707885.75,804812131,CC
965,Thane,Baumert,tbaumertqs@squidoo.com,Male,$629800.10,415742813,IT
966,Milli,Marcus,mmarcusqt@ucsd.edu,Female,$304815.30,864099195,PP
967,Alec,Jacquet,ajacquetqu@adobe.com,Male,$475822.46,648729931,CC
968,Imojean,Leibold,ileiboldqv@pinterest.com,Female,$424874.13,242029526,IT
969,Roddy,Doxsey,rdoxseyqw@live.com,Male,$797629.11,308111994,CC
970,Mohandas,Margiotta,mmargiottaqx@noaa.gov,Male,$409970.43,176532519,IT
971,Binny,Goranov,bgoranovqy@wikispaces.com,Female,$544297.75,337060976,IT
972,Camala,Bunton,cbuntonqz@flickr.com,Female,$810336.93,380828003,PP
973,Nikolas,Sedgeworth,nsedgeworthr0@github.io,Male,$427823.78,497040793,PP
974,Fraze,Bercevelo,fbercevelor1@pcworld.com,Male,$689796.93,741426684,CC
975,Marijo,Trethewey,mtretheweyr2@independent.co.uk,Female,$843259.48,309840334,IT
976,Worthington,Cheasman,wcheasmanr3@blogspot.com,Male,$340326.60,68511903,PP
977,Leilah,Carsey,lcarseyr4@goo.ne.jp,Female,$416095.44,875350224,CC
978,Bradan,Keary,bkearyr5@dailymail.co.uk,Male,$268892.20,1011440202,PP
979,Mayor,Scanes,mscanesr6@vk.com,Male,$536728.64,800636949,IT
980,Trey,Drawmer,tdrawmerr7@disqus.com,Male,$233803.36,615930483,PP
981,Giulia,Gavozzi,ggavozzir8@topsy.com,Female,$254077.03,531253376,CC
982,Seka,Reynoldson,sreynoldsonr9@yandex.ru,Female,$503283.72,314423054,IT
983,Martina,Jochanany,mjochananyra@cbslocal.com,Female,$876215.99,1011682409,PP
984,Marybeth,Copyn,mcopynrb@ebay.com,Female,$623265.77,891745229,IT
985,Shawnee,Keets,skeetsrc@tamu.edu,Female,$631401.98,763566606,PP
986,Caro,Crookshanks,ccrookshanksrd@europa.eu,Female,$319888.42,941681933,CC
987,Ave,Rainey,araineyre@prweb.com,Male,$724162.29,283748050,CC
988,Mirna,Corey,mcoreyrf@dot.gov,Female,$426698.85,543033295,IT
989,Mareah,Pentelow,mpentelowrg@sakura.ne.jp,Female,$967626.51,761696605,PP
990,Brunhilda,Josifovic,bjosifovicrh@aboutads.info,Female,$362579.94,735699891,CC
991,Jess,Ancell,jancellri@yolasite.com,Male,$831308.34,882904851,PP
992,Silvie,Gahagan,sgahaganrj@wordpress.com,Female,$467246.80,468889747,CC
993,Tait,Pegg,tpeggrk@washington.edu,Male,$150872.88,944595068,CC
994,Meade,Covely,mcovelyrl@twitpic.com,Male,$595107.32,501810661,CC
995,Rici,Kreuzer,rkreuzerrm@wp.com,Female,$135447.33,68563524,IT
996,Kennedy,Varne,kvarnern@phoca.cz,Male,$748429.32,756047772,IT
997,Yasmeen,Housiaux,yhousiauxro@squidoo.com,Female,$164282.26,737431135,IT
998,Raul,Grogono,rgrogonorp@buzzfeed.com,Male,$469146.77,33637357,PP
999,Gilligan,Parsley,gparsleyrq@dion.ne.jp,Female,$950222.59,588458193,IT
1000,Margette,Roughley,mroughleyrr@technorati.com,Female,$779398.20,922658861,CC
