id,nombre,apellido,email,genero,valor_tx,numero_identificacion,tipo_identificacion
1,Beulah,Behr,bbehr0@jalbum.net,Female,$473406.60,913439939,PP
2,Philomena,Gotthard,pgotthard1@barnesandnoble.com,Female,$308875.58,483330906,CC
3,Tybalt,Paddemore,tpaddemore2@google.co.uk,Male,$481285.61,1037898199,CC
4,Alida,Willoughway,awilloughway3@odnoklassniki.ru,Female,$636904.57,369203175,CC
5,Chloris,Baroc,cbaroc4@house.gov,Female,$921347.83,627324449,CC
6,Yevette,Palethorpe,ypalethorpe5@uiuc.edu,Female,$274995.71,243258652,PP
7,Way,Bysouth,wbysouth6@chicagotribune.com,Male,$986445.94,652220157,PP
8,Biddy,Abrahamoff,babrahamoff7@mtv.com,Female,$232959.87,1030883219,PP
9,Celestine,Tottie,ctottie8@berkeley.edu,Female,$179468.52,988810583,CC
10,Genny,Huygen,ghuygen9@woothemes.com,Female,$125769.20,821772101,PP
11,Elwyn,Eke,eekea@istockphoto.com,Male,$594677.76,77061203,CC
12,Warden,Soppeth,wsoppethb@xinhuanet.com,Male,$386397.29,908402821,CC
13,Vania,Ripley,vripleyc@list-manage.com,Female,$438431.66,633992765,IT
14,Ulberto,Drohun,udrohund@time.com,Male,$437856.66,860460631,IT
15,Asia,Enns,aennse@skyrock.com,Female,$859227.87,667171758,IT
16,Alessandro,Stanley,astanleyf@archive.org,Male,$206195.93,192591636,CC
17,Justinian,Michelotti,jmichelottig@yahoo.co.jp,Male,$915671.36,752654794,IT
18,Percy,Kennedy,pkennedyh@mapquest.com,Male,$130685.12,401838751,IT
19,Angil,Abbott,aabbotti@spotify.com,Female,$720512.85,930901176,PP
20,Bronnie,Godleman,bgodlemanj@deviantart.com,Male,$402458.50,593389411,CC
21,Linus,Shinfield,lshinfieldk@usa.gov,Male,$963301.21,62486130,CC
22,Urban,Ruffler,urufflerl@yelp.com,Male,$738651.83,460051536,CC
23,Evey,Boyes,eboyesm@pen.io,Female,$708663.32,371212413,IT
24,Karna,Willimont,kwillimontn@hubpages.com,Female,$897981.67,775830094,PP
25,Leonid,Walkey,lwalkeyo@gizmodo.com,Male,$109760.26,156242978,PP
26,Carina,Gonnard,cgonnardp@simplemachines.org,Female,$841287.32,237492300,PP
27,Kissiah,MacAllen,kmacallenq@wikipedia.org,Female,$202829.93,709986428,IT
28,Alejandrina,Luna,alunar@photobucket.com,Female,$528067.77,649181387,CC
29,Laurene,Parsell,lparsells@de.vu,Female,$101209.32,51313518,IT
30,Ephrem,Northin,enorthint@slideshare.net,Male,$224654.37,821542288,CC
31,Jock,Jentzsch,jjentzschu@go.com,Male,$973115.60,209263004,CC
32,Mireielle,Skipping,mskippingv@list-manage.com,Female,$333285.34,778060270,IT
33,Des,Tankus,dtankusw@prlog.org,Male,$545659.55,828887066,IT
34,Giffy,Ary,garyx@apache.org,Male,$697275.19,967519780,IT
35,Michaeline,Jopson,mjopsony@e-recht24.de,Female,$525909.66,999639405,IT
36,Janith,Endicott,jendicottz@yelp.com,Female,$516385.95,808528008,IT
37,Aldrich,Everington,aeverington10@theglobeandmail.com,Male,$276384.89,204449147,CC
38,Diannne,Haggidon,dhaggidon11@flickr.com,Female,$674187.14,821135668,PP
39,Marje,Pithcock,mpithcock12@biglobe.ne.jp,Female,$907994.67,343900629,PP
40,Trenton,Snowman,tsnowman13@answers.com,Male,$576262.22,725015220,CC
41,Florencia,Mantione,fmantione14@naver.com,Female,$428145.64,444748979,CC
42,Currey,Woodcroft,cwoodcroft15@plala.or.jp,Male,$625214.74,690788760,IT
43,Adolphus,Dilkes,adilkes16@ca.gov,Male,$952682.16,583990842,PP
44,Shani,Lamas,slamas17@deliciousdays.com,Female,$353088.52,494367190,CC
45,Shermie,Roffe,sroffe18@abc.net.au,Male,$668900.63,686997577,IT
46,Tobias,Habishaw,thabishaw19@tamu.edu,Male,$644303.57,182949584,CC
47,Harlin,Craven,hcraven1a@newyorker.com,Male,$249596.75,677417750,PP
48,Meredith,Rabbe,mrabbe1b@cdc.gov,Male,$190413.63,110516005,IT
49,Clarisse,Lemmon,clemmon1c@apple.com,Female,$146516.62,923679889,CC
50,Farris,Tirte,ftirte1d@purevolume.com,Male,$467164.06,21734482,IT
51,Dannel,Febvre,dfebvre1e@forbes.com,Male,$975272.11,1012064949,CC
52,Shauna,Kilsby,skilsby1f@infoseek.co.jp,Female,$969888.20,169643657,IT
53,Bennie,Aldus,baldus1g@hud.gov,Female,$105568.05,1010413372,CC
54,Eberto,Percifer,epercifer1h@nature.com,Male,$318951.81,394115058,CC
55,Lemuel,Lavrick,llavrick1i@github.com,Male,$106208.72,239022117,CC
56,Casandra,Jewsbury,cjewsbury1j@merriam-webster.com,Female,$978595.39,66498729,IT
57,Pancho,Arrigucci,parrigucci1k@quantcast.com,Male,$459727.84,895110450,PP
58,Clerissa,Lagden,clagden1l@homestead.com,Female,$261782.36,557643123,CC
59,Norma,Kobiera,nkobiera1m@fda.gov,Female,$826492.41,302862241,CC
60,Stephen,Lyst,slyst1n@skyrock.com,Male,$712398.16,737780663,CC
61,Gilles,Plewes,gplewes1o@examiner.com,Male,$835465.03,231699393,IT
62,Ignace,Arndt,iarndt1p@reference.com,Male,$796118.31,146127057,CC
63,Hewet,Garmon,hgarmon1q@acquirethisname.com,Male,$419949.23,219808152,CC
64,Granthem,Sherland,gsherland1r@sogou.com,Male,$470742.76,184128297,PP
65,Brittne,Trimmill,btrimmill1s@yandex.ru,Female,$301974.33,534403617,PP
66,Lynde,Carmo,lcarmo1t@sbwire.com,Female,$410387.00,532245827,IT
67,Rena,Cobbing,rcobbing1u@ucoz.com,Female,$853768.95,894101869,CC
68,Trisha,Whyatt,twhyatt1v@nbcnews.com,Female,$784881.87,386811934,IT
69,Lydia,Macauley,lmacauley1w@surveymonkey.com,Female,$808233.60,535060928,CC
70,Augie,Falconbridge,afalconbridge1x@state.gov,Male,$558428.61,267750924,CC
71,Roseann,Eidelman,reidelman1y@chicagotribune.com,Female,$493413.37,362697339,CC
72,Jourdan,McConnal,jmcconnal1z@quantcast.com,Female,$775307.15,661105033,CC
73,Kaiser,Sleeman,ksleeman20@sciencedirect.com,Male,$376898.15,927182250,CC
74,Sonnnie,Lequeux,slequeux21@chron.com,Female,$128908.19,591217174,PP
75,Dian,Zoren,dzoren22@mtv.com,Female,$651369.44,898781027,PP
76,Jessica,Lyndon,jlyndon23@gov.uk,Female,$955048.74,899890567,IT
77,Chrisy,Goldstone,cgoldstone24@shareasale.com,Male,$619102.29,549316443,IT
78,Ivett,Lundie,ilundie25@fc2.com,Female,$178651.48,959006495,IT
79,Collen,Upjohn,cupjohn26@tamu.edu,Female,$833033.67,628242883,PP
80,Magdalene,McGiven,mmcgiven27@deliciousdays.com,Female,$154199.24,230380043,IT
81,Minetta,Tall,mtall28@stanford.edu,Female,$420716.28,98011559,PP
82,Feliza,Brachell,fbrachell29@dailymotion.com,Female,$195757.62,327211215,IT
83,Galen,Nisuis,gnisuis2a@nhs.uk,Male,$969522.64,765771985,IT
84,Harmon,Doumic,hdoumic2b@cnn.com,Male,$880180.94,36084240,PP
85,Laureen,Wickling,lwickling2c@stanford.edu,Female,$333004.92,1018316087,CC
86,Estrellita,Feldmesser,efeldmesser2d@samsung.com,Female,$117720.07,222543941,IT
87,Meryl,Fadell,mfadell2e@dropbox.com,Male,$865408.22,601026253,PP
88,Oneida,Crolly,ocrolly2f@webeden.co.uk,Female,$430758.40,784537238,CC
89,Molly,Tailby,mtailby2g@blinklist.com,Female,$896868.00,44007568,IT
90,Paco,Olifard,polifard2h@goodreads.com,Male,$881075.95,234886238,IT
91,Shandra,Georgelin,sgeorgelin2i@comsenz.com,Female,$960030.47,311609183,IT
92,Marvin,Othen,mothen2j@bandcamp.com,Male,$170242.02,207878999,CC
93,Demott,Gierok,dgierok2k@reverbnation.com,Male,$485624.16,90518593,PP
94,Rudy,Tunnoch,rtunnoch2l@csmonitor.com,Male,$115994.16,620540240,CC
95,Gibb,Roselli,groselli2m@chron.com,Male,$110751.36,265919656,PP
96,Carolynn,Cordaroy,ccordaroy2n@thetimes.co.uk,Female,$808713.98,102991458,CC
97,Wenonah,Harder,wharder2o@exblog.jp,Female,$452518.34,541614502,PP
98,Emlynne,Turbern,eturbern2p@clickbank.net,Female,$554204.53,653888773,PP
99,Bettine,Garnsworthy,bgarnsworthy2q@webmd.com,Female,$166220.04,869295410,IT
100,Fanny,Zum Felde,fzumfelde2r@people.com.cn,Female,$335049.50,708179873,PP
101,Mortimer,Dowle,mdowle2s@feedburner.com,Male,$901804.88,334531127,IT
102,Cele,McCreath,cmccreath2t@wordpress.com,Female,$988170.29,535115873,CC
103,Paulita,Bees,pbees2u@cyberchimps.com,Female,$861655.34,933088377,CC
104,Marjy,Casham,mcasham2v@dedecms.com,Female,$243033.81,679218627,PP
105,Arabel,Hames,ahames2w@hibu.com,Female,$719650.79,969153204,CC
106,Vinita,Cherry,vcherry2x@nasa.gov,Female,$348122.58,287374876,IT
107,Kenn,Metham,kmetham2y@examiner.com,Male,$960808.26,544920625,PP
108,Forester,Blagden,fblagden2z@ca.gov,Male,$887905.65,376409482,PP
109,Neille,Jacobson,njacobson30@auda.org.au,Female,$428250.56,842489362,CC
110,Bryn,Ennor,bennor31@independent.co.uk,Female,$106641.55,885315906,PP
111,Enrichetta,Pennycook,epennycook32@disqus.com,Female,$853856.38,598253926,IT
112,Cobby,Clubb,cclubb33@bigcartel.com,Male,$399101.88,341784573,IT
113,Delila,Corwood,dcorwood34@sciencedaily.com,Female,$571445.34,84389689,CC
114,Tabby,Francescoccio,tfrancescoccio35@w3.org,Female,$946851.33,266602409,PP
115,Aloise,Janodet,ajanodet36@senate.gov,Female,$111249.67,422506627,CC
116,Steffie,Morriss,smorriss37@google.ca,Female,$585951.41,867807405,CC
117,Claudine,Hussell,chussell38@php.net,Female,$776258.07,798124324,PP
118,Loise,Damant,ldamant39@nps.gov,Female,$247613.86,673345950,CC
119,Herbert,Kummerlowe,hkummerlowe3a@360.cn,Male,$625855.48,237979773,CC
120,Opal,Tyas,otyas3b@aboutads.info,Female,$806999.36,839677743,PP
121,Mallory,Keyhoe,mkeyhoe3c@flavors.me,Male,$558456.24,509953259,IT
122,Heda,Reece,hreece3d@infoseek.co.jp,Female,$646135.98,424021717,PP
123,Mariette,Skone,mskone3e@t-online.de,Female,$935000.68,392280006,IT
124,Sondra,Power,spower3f@blog.com,Female,$313294.95,379747863,IT
125,Abdul,Thombleson,athombleson3g@nsw.gov.au,Male,$707354.02,874745272,PP
126,Jase,Radmer,jradmer3h@theglobeandmail.com,Male,$934177.35,943042437,PP
127,Jobina,Rojahn,jrojahn3i@comsenz.com,Female,$322837.41,233508195,PP
128,Ninette,Bauld,nbauld3j@washingtonpost.com,Female,$180910.66,942041144,CC
129,Lewes,Cocks,lcocks3k@amazon.co.jp,Male,$612787.56,1023990402,PP
130,Hillary,Mattiussi,hmattiussi3l@pbs.org,Male,$117902.31,393852112,PP
131,Ker,Charleston,kcharleston3m@globo.com,Male,$582347.98,757215102,IT
132,Sibylle,Rayburn,srayburn3n@newyorker.com,Female,$383094.72,116505709,IT
133,Nestor,Botley,nbotley3o@e-recht24.de,Male,$159475.32,205568659,PP
134,Ambur,Ballintyne,aballintyne3p@guardian.co.uk,Female,$402272.16,585638774,IT
135,Minerva,Duckfield,mduckfield3q@gov.uk,Female,$360332.70,577815056,IT
136,Warden,Follit,wfollit3r@unblog.fr,Male,$911446.79,414616844,IT
137,Valera,Boost,vboost3s@fda.gov,Female,$805884.46,300065764,IT
138,Tiebold,Simson,tsimson3t@cmu.edu,Male,$801555.45,866888759,IT
139,Shep,Bousfield,sbousfield3u@angelfire.com,Male,$410202.70,735813256,PP
140,Polly,Bodycote,pbodycote3v@blogtalkradio.com,Female,$147262.84,67147342,CC
141,Howard,Fouch,hfouch3w@cdc.gov,Male,$480833.55,56494331,IT
142,Virgil,Pollie,vpollie3x@ebay.co.uk,Male,$174769.40,534076731,IT
143,Lyman,Kubik,lkubik3y@ted.com,Male,$736131.67,445480280,CC
144,Maximilian,Gluyas,mgluyas3z@imageshack.us,Male,$551956.54,42769072,PP
145,Joe,McCaster,jmccaster40@storify.com,Male,$550442.01,177380442,CC
146,Rebekkah,Ricioppo,rricioppo41@washingtonpost.com,Female,$718499.87,571777417,PP
147,Ronnica,Darcey,rdarcey42@abc.net.au,Female,$121870.60,1034827329,CC
148,Candice,Ridder,cridder43@google.com.hk,Female,$699261.86,560266815,PP
149,Piggy,Dutnall,pdutnall44@bbc.co.uk,Male,$656166.02,251306970,CC
150,Barrett,Matskevich,bmatskevich45@hp.com,Male,$557659.94,683209677,CC
151,Lexine,Plaide,lplaide46@businessweek.com,Female,$622569.18,813543765,CC
152,Katheryn,Kuhn,kkuhn47@columbia.edu,Female,$168977.31,22948093,IT
153,Mikkel,Sindell,msindell48@exblog.jp,Male,$270030.55,995255343,PP
154,Paco,McGaughey,pmcgaughey49@liveinternet.ru,Male,$201960.65,13141989,IT
155,Carmita,Tow,ctow4a@epa.gov,Female,$792013.46,43687957,CC
156,Cornelia,Muncie,cmuncie4b@diigo.com,Female,$236883.14,1032912306,CC
157,Tedie,Pargiter,tpargiter4c@va.gov,Male,$328827.18,8166859,PP
158,Nathanil,Cosyns,ncosyns4d@nytimes.com,Male,$414657.88,266176879,CC
159,Anthony,Quarrington,aquarrington4e@washington.edu,Male,$359987.69,998125548,IT
160,Maribel,Gyves,mgyves4f@sitemeter.com,Female,$883766.49,638265624,IT
161,Trixi,Kirtland,tkirtland4g@weather.com,Female,$654562.96,694899860,CC
162,Malvina,McGarvey,mmcgarvey4h@tumblr.com,Female,$137237.48,306759256,CC
163,Oby,Petican,opetican4i@shinystat.com,Male,$154384.07,281749771,IT
164,Ferdie,Gilley,fgilley4j@umich.edu,Male,$971297.03,996904945,PP
165,Timmy,Salthouse,tsalthouse4k@bloglovin.com,Female,$323540.46,181126148,PP
166,Orelia,Bessom,obessom4l@utexas.edu,Female,$704925.84,299615000,IT
167,Ingelbert,Yude,iyude4m@fc2.com,Male,$648370.55,867751126,IT
168,Lora,Spratt,lspratt4n@marriott.com,Female,$532873.31,30122622,PP
169,Dalila,Draijer,ddraijer4o@wunderground.com,Female,$306660.75,652237595,IT
170,Grange,Samwayes,gsamwayes4p@goodreads.com,Male,$746536.70,164904815,CC
171,Perren,Allone,pallone4q@1688.com,Male,$314150.45,261303151,IT
172,Katlin,McGrouther,kmcgrouther4r@ted.com,Female,$808992.66,679973497,PP
173,Glenden,Tremmel,gtremmel4s@mac.com,Male,$377799.50,601657705,CC
174,Eran,Gansbuhler,egansbuhler4t@craigslist.org,Female,$915778.10,78207902,CC
175,Antone,Gollop,agollop4u@simplemachines.org,Male,$534354.01,60738778,CC
176,Leigh,Annetts,lannetts4v@tiny.cc,Male,$437042.27,293238146,IT
177,Carlo,Huge,chuge4w@ftc.gov,Male,$713521.13,803870055,PP
178,Angus,Roget,aroget4x@cmu.edu,Male,$163391.91,237715418,IT
179,Felicle,Southernwood,fsouthernwood4y@purevolume.com,Female,$543518.05,1039729881,CC
180,Arnoldo,Burdas,aburdas4z@cyberchimps.com,Male,$698373.76,959719620,CC
181,Wyatt,Sighart,wsighart50@fda.gov,Male,$433460.16,668716839,PP
182,Armando,McCahill,amccahill51@youtube.com,Male,$120371.96,67625262,CC
183,Sam,Hallett,shallett52@vistaprint.com,Male,$846150.57,610367124,CC
184,Kikelia,Brussels,kbrussels53@uiuc.edu,Female,$327684.29,100238635,IT
185,Keelia,Spradbery,kspradbery54@smh.com.au,Female,$482494.23,1005196694,CC
186,Mayor,Summerhayes,msummerhayes55@live.com,Male,$987499.81,271542968,PP
187,Van,Maden,vmaden56@youku.com,Female,$425449.98,919443764,CC
188,Tully,Dowda,tdowda57@posterous.com,Male,$960588.23,584311408,IT
189,Harris,Empringham,hempringham58@jugem.jp,Male,$411803.19,345289446,PP
190,Tiler,Eam,team59@psu.edu,Male,$901919.60,34325213,PP
191,Maible,Dumper,mdumper5a@washingtonpost.com,Female,$827960.15,82919471,PP
192,Max,Tole,mtole5b@i2i.jp,Female,$257156.46,624142177,PP
193,Alleen,McCerery,amccerery5c@desdev.cn,Female,$262844.25,518469832,IT
194,Tobe,Boote,tboote5d@vistaprint.com,Male,$698837.94,567755194,CC
195,Clarissa,Jentges,cjentges5e@amazon.de,Female,$552592.26,158505612,CC
196,Sayre,Tremelling,stremelling5f@so-net.ne.jp,Male,$403159.30,955275708,PP
197,Gerrilee,Hughes,ghughes5g@patch.com,Female,$258689.57,578169908,CC
198,Lindy,Beatson,lbeatson5h@nature.com,Male,$608854.48,339302968,PP
199,Melvin,Spondley,mspondley5i@sina.com.cn,Male,$619667.10,244099665,IT
200,Alleen,Landon,alandon5j@msn.com,Female,$700384.59,121511111,PP
201,Kip,Renehan,krenehan5k@who.int,Male,$288813.36,360634013,IT
202,Horten,Rupke,hrupke5l@gnu.org,Male,$253503.97,274556232,CC
203,Basile,Prinn,bprinn5m@prnewswire.com,Male,$184853.53,19681890,PP
204,Alison,Ligoe,aligoe5n@ehow.com,Female,$827492.06,453629405,PP
205,Almeria,Stanton,astanton5o@imgur.com,Female,$455379.38,377188782,CC
206,Latisha,Imesson,limesson5p@mac.com,Female,$770035.46,207750125,IT
207,Buffy,Kellington,bkellington5q@qq.com,Female,$772143.22,68361359,CC
208,Alley,Gorthy,agorthy5r@va.gov,Male,$547821.37,294852548,PP
209,Ethelind,Dahlback,edahlback5s@ning.com,Female,$365495.05,112883945,PP
210,Gaston,O'Hara,gohara5t@dion.ne.jp,Male,$586068.48,860829406,PP
211,Margo,Maasz,mmaasz5u@samsung.com,Female,$552632.82,624840926,CC
212,Sheela,Penny,spenny5v@free.fr,Female,$179005.54,981511672,CC
213,Gallagher,Jaquin,gjaquin5w@walmart.com,Male,$851129.43,542671924,IT
214,Prissie,Blackhall,pblackhall5x@youtu.be,Female,$230322.72,787662687,CC
215,Marylou,Fraczak,mfraczak5y@goo.gl,Female,$579689.74,113578920,PP
216,Janis,Creagh,jcreagh5z@tuttocitta.it,Female,$374210.55,679609537,CC
217,Darcie,Seyffert,dseyffert60@oracle.com,Female,$875371.94,634788383,IT
218,Dory,Poore,dpoore61@bluehost.com,Female,$788309.11,748241761,CC
219,Joyan,Curness,jcurness62@nytimes.com,Female,$572505.67,812420719,PP
220,Rosalynd,Porcher,rporcher63@homestead.com,Female,$427262.57,530872651,PP
221,Russell,Olney,rolney64@tuttocitta.it,Male,$677832.18,956735814,CC
222,Amerigo,Dow,adow65@free.fr,Male,$541677.14,156751657,CC
223,Kirby,Berryman,kberryman66@diigo.com,Female,$523269.77,914466494,PP
224,Dame,Klass,dklass67@github.com,Male,$849467.17,408296307,CC
225,Valery,Scading,vscading68@cpanel.net,Female,$265910.06,973605042,IT
226,Phineas,Whitehall,pwhitehall69@nasa.gov,Male,$514324.06,445685015,CC
227,Hill,Firebrace,hfirebrace6a@blogtalkradio.com,Male,$224692.73,963612653,CC
228,Flint,Moffatt,fmoffatt6b@loc.gov,Male,$209301.97,411040399,IT
229,Kanya,Ludy,kludy6c@smh.com.au,Female,$369803.57,49135505,PP
230,Pippy,Bru,pbru6d@about.me,Female,$289742.71,832809358,PP
231,Faunie,Hedley,fhedley6e@goo.ne.jp,Female,$118575.28,1007276675,CC
232,Ignatius,Moorman,imoorman6f@apache.org,Male,$850357.69,289355365,IT
233,Sherri,Kingsnorth,skingsnorth6g@seesaa.net,Female,$150559.66,765664588,CC
234,Sidoney,Ferriday,sferriday6h@freewebs.com,Female,$276572.50,137937473,CC
235,Gert,Bartley,gbartley6i@slideshare.net,Female,$392426.40,587156346,CC
236,Gwyneth,Siward,gsiward6j@xrea.com,Female,$209747.92,520465470,IT
237,Shandie,Northage,snorthage6k@jalbum.net,Female,$244548.22,942099216,IT
238,Mischa,Jeanneau,mjeanneau6l@irs.gov,Male,$780179.71,856166301,PP
239,Pincas,Stronghill,pstronghill6m@newsvine.com,Male,$767021.17,905250900,PP
240,Marco,Jewel,mjewel6n@wikimedia.org,Male,$638427.33,73112176,PP
241,Elsbeth,Seeking,eseeking6o@livejournal.com,Female,$242705.15,248039102,CC
242,Wilhelmine,Wakeford,wwakeford6p@plala.or.jp,Female,$395481.07,240469641,IT
243,Laurianne,Habercham,lhabercham6q@tripadvisor.com,Female,$627832.88,903536349,IT
244,Evelin,Nutley,enutley6r@privacy.gov.au,Male,$220266.28,909247491,IT
245,Carmina,Levett,clevett6s@woothemes.com,Female,$465094.42,518787989,PP
246,Bryana,Lawrinson,blawrinson6t@free.fr,Female,$762708.89,174974207,IT
247,Rozanne,Morales,rmorales6u@twitpic.com,Female,$284976.74,263114172,IT
248,Erek,Van der Beek,evanderbeek6v@cbslocal.com,Male,$634853.35,541990830,CC
249,Silvana,Brazelton,sbrazelton6w@mtv.com,Female,$694068.76,150856671,PP
250,Fawne,Manifield,fmanifield6x@cnn.com,Female,$142172.22,413977986,PP
251,Kathleen,Watman,kwatman6y@spiegel.de,Female,$888917.39,768095167,PP
252,Saxe,Palatino,spalatino6z@alibaba.com,Male,$584423.27,772697975,CC
253,Vitia,Ryland,vryland70@people.com.cn,Female,$192842.50,400857036,IT
254,Vevay,Boick,vboick71@whitehouse.gov,Female,$994310.27,914540062,PP
255,Javier,Bensusan,jbensusan72@hp.com,Male,$934943.72,855032529,PP
256,Tull,Overnell,tovernell73@ow.ly,Male,$904959.35,458461250,IT
257,Kali,Chrichton,kchrichton74@cdc.gov,Female,$662194.28,33012416,PP
258,Marijo,Christauffour,mchristauffour75@cafepress.com,Female,$423771.96,393867691,CC
259,Rickey,Clipston,rclipston76@rediff.com,Male,$846415.36,306204134,PP
260,Toddie,Charman,tcharman77@networksolutions.com,Male,$951076.91,533982281,IT
261,Fraze,Dinjes,fdinjes78@statcounter.com,Male,$113887.85,747320544,PP
262,Trueman,Skelington,tskelington79@addtoany.com,Male,$652841.93,276045046,IT
263,Laurie,Mattiessen,lmattiessen7a@diigo.com,Male,$231261.55,770969676,IT
264,Xerxes,Garber,xgarber7b@goo.gl,Male,$269075.00,216263154,IT
265,Carolann,Veevers,cveevers7c@wikimedia.org,Female,$330775.03,1039025788,IT
266,Michaela,Lippiatt,mlippiatt7d@chronoengine.com,Female,$369262.50,321341765,PP
267,Albrecht,Ceillier,aceillier7e@slideshare.net,Male,$392272.15,505088906,IT
268,Codi,Casillis,ccasillis7f@myspace.com,Male,$236488.59,121730425,PP
269,Ingaberg,Schuelcke,ischuelcke7g@cafepress.com,Female,$901356.86,731599486,PP
270,Madelena,Hathwood,mhathwood7h@1688.com,Female,$754117.68,451163030,PP
271,Gannie,Solley,gsolley7i@exblog.jp,Male,$254755.20,815313071,IT
272,Abbey,Shelp,ashelp7j@cnet.com,Male,$956329.01,983755372,CC
273,Egor,Braund,ebraund7k@gov.uk,Male,$981508.11,30477845,PP
274,Andrey,Perone,aperone7l@sciencedaily.com,Male,$702804.09,363690032,PP
275,Beauregard,Megson,bmegson7m@rambler.ru,Male,$561786.75,489418431,CC
276,Rebbecca,Brodeau,rbrodeau7n@nba.com,Female,$967285.31,143620366,PP
277,Samuele,Hodgets,shodgets7o@hhs.gov,Male,$576759.17,856989451,IT
278,Gaven,Jagoe,gjagoe7p@ebay.co.uk,Male,$748292.44,420338700,IT
279,Shandie,Smethurst,ssmethurst7q@buzzfeed.com,Female,$296495.40,646532508,IT
280,Sela,Fearey,sfearey7r@deviantart.com,Female,$671097.50,689394864,CC
281,Riordan,Moffatt,rmoffatt7s@usa.gov,Male,$773482.68,786096634,PP
282,Leonid,Peres,lperes7t@live.com,Male,$538275.14,896261574,PP
283,Debby,Moorcraft,dmoorcraft7u@fda.gov,Female,$885533.10,18490254,CC
284,Brandtr,Kerss,bkerss7v@webs.com,Male,$164115.03,461909340,IT
285,Lucine,Satyford,lsatyford7w@instagram.com,Female,$735052.68,605491086,PP
286,Suzy,Lummus,slummus7x@live.com,Female,$354912.78,103299304,PP
287,Abe,Gartenfeld,agartenfeld7y@a8.net,Male,$395459.64,670900671,CC
288,Morse,Forseith,mforseith7z@senate.gov,Male,$777225.67,760733118,IT
289,Buffy,Setterington,bsetterington80@samsung.com,Female,$940549.53,280876893,IT
290,Lay,Footer,lfooter81@msu.edu,Male,$469697.49,54693320,IT
291,Fritz,Sidaway,fsidaway82@va.gov,Male,$264235.93,120449867,PP
292,Babb,Jeune,bjeune83@trellian.com,Female,$650426.47,797958809,IT
293,Emily,Woodger,ewoodger84@dell.com,Female,$569026.92,45390052,CC
294,Emmy,Acuna,eacuna85@techcrunch.com,Female,$411739.78,1014864782,PP
295,Ame,Gurr,agurr86@amazon.de,Female,$108417.07,877841165,IT
296,Richmound,Parcall,rparcall87@reverbnation.com,Male,$714995.29,429979709,PP
297,Orrin,Creagh,ocreagh88@nationalgeographic.com,Male,$660113.37,492655565,IT
298,Tina,Fane,tfane89@microsoft.com,Female,$258094.11,684254515,IT
299,Fredi,Ayscough,fayscough8a@latimes.com,Female,$258053.19,448607674,IT
300,Vere,Tyrie,vtyrie8b@amazon.co.jp,Female,$261161.11,151476711,PP
301,Lenora,Rolf,lrolf8c@ft.com,Female,$333347.15,806210402,PP
302,Harwell,Crosio,hcrosio8d@shareasale.com,Male,$810733.55,453543907,PP
303,Augustus,Doneld,adoneld8e@pagesperso-orange.fr,Male,$367964.83,617529610,PP
304,Benedict,Moyers,bmoyers8f@sina.com.cn,Male,$561485.74,779802474,CC
305,Durand,Collinwood,dcollinwood8g@businessinsider.com,Male,$156321.44,965836190,PP
306,Bronny,Wallington,bwallington8h@webeden.co.uk,Male,$847957.71,910930117,IT
307,Timmi,Benez,tbenez8i@desdev.cn,Female,$475330.68,264298672,PP
308,Esteban,Gabe,egabe8j@freewebs.com,Male,$853710.19,937888837,PP
309,Emmi,Bouskill,ebouskill8k@un.org,Female,$943374.27,35592955,PP
310,Rosemary,Harbottle,rharbottle8l@wikipedia.org,Female,$635003.01,498315890,IT
311,Tamarra,Paullin,tpaullin8m@blinklist.com,Female,$841659.37,513686894,CC
312,Matty,Colleer,mcolleer8n@archive.org,Female,$260509.64,126709304,IT
313,Corie,Millhouse,cmillhouse8o@miibeian.gov.cn,Female,$261418.62,899547078,CC
314,Pietrek,Maffi,pmaffi8p@addthis.com,Male,$436800.36,1024566615,CC
315,Aleta,Hulland,ahulland8q@yelp.com,Female,$178273.23,163368367,IT
316,Anna,Klain,aklain8r@issuu.com,Female,$223471.77,453436525,PP
317,Cammy,Krammer,ckrammer8s@naver.com,Male,$227606.02,423914823,PP
318,Charlie,Kaasman,ckaasman8t@tinyurl.com,Male,$377096.69,410973388,IT
319,Brenden,Hannah,bhannah8u@a8.net,Male,$540638.17,689271388,IT
320,Andros,Kidwell,akidwell8v@si.edu,Male,$919761.38,84939106,PP
321,Andras,Minchi,aminchi8w@nymag.com,Male,$707109.11,196023641,CC
322,Melitta,Trengove,mtrengove8x@odnoklassniki.ru,Female,$162371.48,781574146,CC
323,Katrine,Meins,kmeins8y@nifty.com,Female,$741530.59,608099587,CC
324,Dorian,Sellick,dsellick8z@mediafire.com,Female,$233433.32,335413585,PP
325,Cinnamon,Trout,ctrout90@shareasale.com,Female,$253984.99,819603581,CC
326,Charlena,Jerome,cjerome91@ibm.com,Female,$703926.29,842410009,IT
327,Alaric,Phebey,aphebey92@si.edu,Male,$602363.34,87185908,IT
328,Emmerich,Rubbens,erubbens93@g.co,Male,$859897.42,954133445,CC
329,Albrecht,Abrashkin,aabrashkin94@ca.gov,Male,$958317.44,647308048,PP
330,Ruthe,Barbosa,rbarbosa95@reuters.com,Female,$350850.22,820309276,CC
331,Friederike,Geggie,fgeggie96@diigo.com,Female,$741256.28,978109612,CC
332,Natalina,Titt,ntitt97@homestead.com,Female,$770835.56,803905658,CC
333,Care,Stanford,cstanford98@usatoday.com,Male,$742927.81,468375921,PP
334,Torrey,Schimke,tschimke99@cbc.ca,Male,$490856.70,540222405,IT
335,Webster,Ghidetti,wghidetti9a@columbia.edu,Male,$665033.76,81945843,PP
336,Shauna,Fearnsides,sfearnsides9b@1und1.de,Female,$328592.14,1009908895,IT
337,Cindelyn,Tunesi,ctunesi9c@arizona.edu,Female,$662736.19,659383307,CC
338,Lucho,Charrett,lcharrett9d@digg.com,Male,$575942.60,176289211,CC
339,Aili,Cranstone,acranstone9e@icio.us,Female,$622103.98,462583410,PP
340,Rog,McKellen,rmckellen9f@tuttocitta.it,Male,$682660.65,793583479,IT
341,Kamila,Baitey,kbaitey9g@bloglines.com,Female,$496872.32,994082039,CC
342,Stern,Spire,sspire9h@yandex.ru,Male,$675132.54,236923922,PP
343,Willetta,New,wnew9i@yelp.com,Female,$206563.00,25290070,IT
344,Mohandas,Cawker,mcawker9j@wunderground.com,Male,$805249.76,469926643,PP
345,Che,Shervil,cshervil9k@who.int,Male,$689601.83,207274115,CC
346,Clywd,Alesin,calesin9l@accuweather.com,Male,$808840.17,365701129,CC
347,Jennica,Biasi,jbiasi9m@google.pl,Female,$844578.79,613558977,PP
348,Alisa,Knyvett,aknyvett9n@tmall.com,Female,$140922.24,678102928,IT
349,Mab,Maudett,mmaudett9o@bbb.org,Female,$572598.98,682364534,IT
350,Milty,Helversen,mhelversen9p@nhs.uk,Male,$135993.37,47092505,PP
351,Kimball,Shee,kshee9q@prweb.com,Male,$906407.86,774341775,IT
352,Thatcher,Penlington,tpenlington9r@thetimes.co.uk,Male,$320500.37,717173030,PP
353,Allayne,Hewell,ahewell9s@usda.gov,Male,$375612.47,349952335,IT
354,Shelley,Wylam,swylam9t@epa.gov,Female,$996471.91,26767528,CC
355,Bud,Barrack,bbarrack9u@tumblr.com,Male,$828356.35,50543818,CC
356,Lilia,Brixey,lbrixey9v@cmu.edu,Female,$610921.65,638465902,PP
357,Kort,Colborn,kcolborn9w@netscape.com,Male,$658621.72,52270346,IT
358,Frankie,Havelin,fhavelin9x@cbsnews.com,Male,$908117.58,295090567,PP
359,Yule,Tetther,ytetther9y@google.it,Male,$594914.68,576697194,IT
360,Dena,Tarry,dtarry9z@tiny.cc,Female,$794984.31,915083202,CC
361,Caria,Coule,ccoulea0@myspace.com,Female,$417468.19,140522140,PP
362,Marielle,Allwright,mallwrighta1@cbsnews.com,Female,$362325.54,505005993,IT
363,Bradly,Skerman,bskermana2@mac.com,Male,$264613.55,207313430,IT
364,Reamonn,Perdue,rperduea3@github.io,Male,$906362.23,325047751,PP
365,Marylee,Simonds,msimondsa4@reverbnation.com,Female,$805585.30,599489780,CC
366,Gavin,Readwood,greadwooda5@newyorker.com,Male,$571927.77,830216574,CC
367,Bennie,Cunah,bcunaha6@time.com,Female,$676825.97,660862734,PP
368,Krissy,Heller,khellera7@boston.com,Female,$209081.73,223716198,IT
369,Galen,Elby,gelbya8@webmd.com,Male,$956789.14,654766540,PP
370,Blaire,Ranald,branalda9@posterous.com,Female,$266515.42,79226297,PP
371,Ruthie,Downse,rdownseaa@google.com.br,Female,$564888.12,931334163,IT
372,Gordan,Andrews,gandrewsab@gnu.org,Male,$613827.65,959563573,PP
373,Leia,Coots,lcootsac@trellian.com,Female,$850096.81,465863001,PP
374,Gracia,Haruard,gharuardad@newyorker.com,Female,$974026.22,551037369,PP
375,Aviva,Fawkes,afawkesae@squarespace.com,Female,$730478.72,940342783,IT
376,Myrtice,Peagrim,mpeagrimaf@tripod.com,Female,$503482.73,624738876,IT
377,Aurea,Bywater,abywaterag@weebly.com,Female,$322277.94,536311749,CC
378,Courtnay,Howsden,chowsdenah@delicious.com,Male,$351122.10,1041825747,CC
379,Tome,Ridgedell,tridgedellai@ovh.net,Male,$706664.64,766272264,IT
380,Renado,McTurley,rmcturleyaj@npr.org,Male,$489637.68,615310913,CC
381,Darleen,Pattlel,dpattlelak@miibeian.gov.cn,Female,$821221.26,49389943,CC
382,Phyllida,Hewes,phewesal@liveinternet.ru,Female,$550828.37,902986191,CC
383,Marcellus,Domokos,mdomokosam@cafepress.com,Male,$465603.94,775823144,IT
384,Olav,Conneau,oconneauan@newyorker.com,Male,$186083.45,895834910,CC
385,Shena,Klampt,sklamptao@spotify.com,Female,$322973.95,43669417,PP
386,Yule,Segot,ysegotap@comcast.net,Male,$587032.05,425836658,CC
387,Oberon,Vinick,ovinickaq@51.la,Male,$494025.02,663801404,CC
388,Dru,Vineall,dvineallar@boston.com,Female,$970102.02,436577086,CC
389,Clevie,Ebbetts,cebbettsas@ow.ly,Male,$887962.46,574510402,IT
390,Winston,Twaite,wtwaiteat@meetup.com,Male,$806501.60,47323487,PP
391,Rich,Bibb,rbibbau@nymag.com,Male,$209219.60,59060413,IT
392,Shae,Hevey,sheveyav@myspace.com,Male,$761291.51,989068787,CC
393,Duncan,Sotworth,dsotworthaw@geocities.com,Male,$666964.12,160960328,IT
394,Averyl,Brydie,abrydieax@vistaprint.com,Female,$798969.25,941897500,IT
395,Valentine,Lavallie,vlavallieay@pinterest.com,Male,$344557.95,294739908,CC
396,Regen,Ribeiro,rribeiroaz@cafepress.com,Male,$633058.14,331002234,PP
397,Parsifal,Alexsandrovich,palexsandrovichb0@google.fr,Male,$494862.26,273851439,CC
398,Loy,Behan,lbehanb1@scribd.com,Male,$809837.81,417032214,IT
399,Ted,Franciotti,tfranciottib2@tmall.com,Male,$229481.82,170768708,CC
400,Randolph,Varnham,rvarnhamb3@cornell.edu,Male,$229183.36,477253541,PP
401,Charo,Dronsfield,cdronsfieldb4@noaa.gov,Female,$916123.93,1047496376,CC
402,Steve,Biddy,sbiddyb5@cam.ac.uk,Male,$293329.97,646148489,CC
403,Myrah,Dyche,mdycheb6@opera.com,Female,$989112.91,358632687,IT
404,Kellby,Klampk,kklampkb7@topsy.com,Male,$108681.04,631591171,PP
405,Micheal,Padilla,mpadillab8@creativecommons.org,Male,$791186.42,631190067,CC
406,Rourke,Airton,rairtonb9@yolasite.com,Male,$786687.48,240145676,PP
407,Tobi,Basillon,tbasillonba@addthis.com,Female,$269577.51,797088049,IT
408,Collie,Gurwood,cgurwoodbb@unesco.org,Female,$868369.99,1001541198,PP
409,Gavin,Bellord,gbellordbc@nytimes.com,Male,$177263.89,369611356,PP
410,Devon,MacKill,dmackillbd@ask.com,Female,$211882.36,707504103,CC
411,Alec,Yakebovitch,ayakebovitchbe@dailymail.co.uk,Male,$184220.63,1033553900,CC
412,Hakeem,Moroney,hmoroneybf@tmall.com,Male,$944508.13,250666290,CC
413,Maximo,Giacomuzzo,mgiacomuzzobg@abc.net.au,Male,$909164.48,324326732,PP
414,Evelina,Markwell,emarkwellbh@storify.com,Female,$409512.16,993950485,PP
415,Kipp,O'Geneay,kogeneaybi@epa.gov,Female,$112935.67,807215783,CC
416,Giorgio,Ellershaw,gellershawbj@cafepress.com,Male,$217241.39,859404604,CC
417,Nikita,Rushe,nrushebk@amazon.de,Male,$864760.87,359724885,IT
418,Dodie,Goom,dgoombl@hubpages.com,Female,$307489.66,519632625,PP
419,Hasty,McCafferty,hmccaffertybm@senate.gov,Male,$718654.96,48548121,IT
420,See,Rohan,srohanbn@usa.gov,Male,$286992.42,590291292,IT
421,Clive,Drinkel,cdrinkelbo@meetup.com,Male,$190157.62,791184455,CC
422,Ilaire,Casetta,icasettabp@samsung.com,Male,$622990.67,299730001,CC
423,Cal,Drinkel,cdrinkelbq@redcross.org,Male,$344616.55,159560500,PP
424,Benjy,Huot,bhuotbr@springer.com,Male,$386417.58,864658556,CC
425,Fraze,Kilrow,fkilrowbs@facebook.com,Male,$466279.81,88755481,CC
426,Terra,Stoggell,tstoggellbt@goodreads.com,Female,$486831.63,688173558,IT
427,Shelden,Aston,sastonbu@google.com.au,Male,$292956.46,770264667,PP
428,Lonny,Coling,lcolingbv@biglobe.ne.jp,Male,$202204.15,116200719,CC
429,Carmela,Allflatt,callflattbw@nih.gov,Female,$524497.94,454011629,PP
430,Flossy,Jopp,fjoppbx@independent.co.uk,Female,$970203.43,403335753,PP
431,Jermayne,Matveichev,jmatveichevby@usatoday.com,Male,$835569.24,89401494,PP
432,Karel,Vanezis,kvanezisbz@marketwatch.com,Male,$498635.07,895235505,IT
433,Allx,Kane,akanec0@fotki.com,Female,$996741.41,922202461,CC
434,Piper,Shannahan,pshannahanc1@youtu.be,Female,$857149.42,373685532,CC
435,Guy,Eland,gelandc2@google.nl,Male,$866376.65,863928643,CC
436,Howie,Gunn,hgunnc3@webeden.co.uk,Male,$901271.58,407510413,IT
437,Bianka,Syrad,bsyradc4@google.co.jp,Female,$548868.00,391928434,CC
438,Lorianne,Oldcroft,loldcroftc5@va.gov,Female,$943296.47,92007527,PP
439,Daune,Digg,ddiggc6@walmart.com,Female,$530390.09,266982805,PP
440,Chic,Willmetts,cwillmettsc7@fc2.com,Male,$779926.08,366778028,CC
441,Terri-jo,Burkert,tburkertc8@google.it,Female,$871557.13,1024784058,CC
442,Dorothy,Beldom,dbeldomc9@symantec.com,Female,$480321.77,883367026,CC
443,Lynnea,Ivkovic,livkovicca@rakuten.co.jp,Female,$153724.75,739503568,IT
444,Idette,Faiers,ifaierscb@nyu.edu,Female,$368411.46,743812033,PP
445,Sibeal,Jirzik,sjirzikcc@gravatar.com,Female,$394034.39,9304562,PP
446,Sergent,Lokier,slokiercd@go.com,Male,$322039.68,230761277,CC
447,Kristoforo,Brixey,kbrixeyce@livejournal.com,Male,$839983.75,725830233,PP
448,Mycah,Branscomb,mbranscombcf@businesswire.com,Male,$694821.39,934082213,IT
449,Morgun,Lafflin,mlafflincg@dmoz.org,Male,$227878.76,118378116,CC
450,Granny,Paulon,gpaulonch@addthis.com,Male,$497909.65,588089746,PP
451,Oswell,Autie,oautieci@twitpic.com,Male,$800553.64,265749520,IT
452,Halsey,Strasse,hstrassecj@cyberchimps.com,Male,$285966.76,78586856,PP
453,Davie,Aisthorpe,daisthorpeck@elegantthemes.com,Male,$150478.37,514804570,IT
454,Vanda,Robun,vrobuncl@discuz.net,Female,$342042.63,638239246,IT
455,Rodger,Laurentino,rlaurentinocm@360.cn,Male,$269316.20,151405308,IT
456,Noelani,Janssens,njanssenscn@samsung.com,Female,$561278.85,116195019,CC
457,Julio,Aston,jastonco@eventbrite.com,Male,$433795.21,157077156,PP
458,Cecilius,Jukubczak,cjukubczakcp@marketwatch.com,Male,$765842.39,846365807,PP
459,Mireille,Le Barr,mlebarrcq@china.com.cn,Female,$768432.55,237852101,IT
460,Nicoli,Ronan,nronancr@imgur.com,Female,$738997.01,181003535,IT
461,Shaw,Semple,ssemplecs@icq.com,Male,$319985.68,618062505,CC
462,Cristi,Treppas,ctreppasct@senate.gov,Female,$987316.91,248557009,PP
463,Dag,Andrasch,dandraschcu@patch.com,Male,$412324.83,511659218,CC
464,Augustina,Lytton,alyttoncv@naver.com,Female,$617039.33,495938865,IT
465,Elga,Windibank,ewindibankcw@about.me,Female,$789777.24,894896699,CC
466,Solly,Balderston,sbalderstoncx@a8.net,Male,$249567.83,493389608,CC
467,Edith,Faltskog,efaltskogcy@dmoz.org,Female,$136266.59,980717600,IT
468,Starlene,Leyton,sleytoncz@cisco.com,Female,$849449.30,426727417,PP
469,Pet,Staden,pstadend0@princeton.edu,Female,$324804.42,255241574,CC
470,Arther,Mowatt,amowattd1@diigo.com,Male,$246680.32,501829207,CC
471,Lyman,Stucke,lstucked2@timesonline.co.uk,Male,$700935.92,583928303,CC
472,Malva,Chaffyn,mchaffynd3@redcross.org,Female,$874058.29,704762640,CC
473,Nessi,Godthaab,ngodthaabd4@oracle.com,Female,$866538.31,910518158,IT
474,Aksel,Whitmell,awhitmelld5@exblog.jp,Male,$815838.45,17255720,IT
475,Fionnula,Mingard,fmingardd6@usatoday.com,Female,$588193.38,116298532,IT
476,Andreas,Lindroos,alindroosd7@washington.edu,Male,$239857.46,892936071,IT
477,Grantham,Duhig,gduhigd8@ftc.gov,Male,$712160.10,403730110,PP
478,Egbert,Redparth,eredparthd9@craigslist.org,Male,$222707.51,88370901,CC
479,Dee dee,Culwen,dculwenda@blogspot.com,Female,$789845.09,660728483,IT
480,Ali,Moreman,amoremandb@fda.gov,Male,$464095.32,551745281,CC
481,Carmine,Spacy,cspacydc@stanford.edu,Female,$309153.07,162653972,IT
482,Steward,Parkins,sparkinsdd@so-net.ne.jp,Male,$723955.12,733928700,PP
483,Star,Dot,sdotde@usatoday.com,Female,$532892.14,555226594,IT
484,Caralie,Slyne,cslynedf@odnoklassniki.ru,Female,$554879.45,232808470,PP
485,Vaclav,Tetford,vtetforddg@icq.com,Male,$925881.69,425503315,IT
486,Goldie,Spurden,gspurdendh@usatoday.com,Female,$660108.23,231935874,CC
487,Rivalee,Britney,rbritneydi@hp.com,Female,$688217.39,40112498,PP
488,Elberta,Genders,egendersdj@dedecms.com,Female,$811351.14,803180036,IT
489,Selle,Derisly,sderislydk@fastcompany.com,Female,$445933.12,522743001,PP
490,Rosalynd,Spellecy,rspellecydl@bravesites.com,Female,$738358.34,910426408,CC
491,Sue,Verling,sverlingdm@wp.com,Female,$272131.66,671388653,CC
492,Ettie,Valenta,evalentadn@businessinsider.com,Female,$558638.57,962958734,PP
493,Brigida,Courtin,bcourtindo@twitter.com,Female,$321645.21,246936493,IT
494,Odella,Kelwick,okelwickdp@ycombinator.com,Female,$759008.25,1049651366,IT
495,Raynell,Rubenovic,rrubenovicdq@utexas.edu,Female,$751398.01,1014565913,PP
496,Brianne,Pickaver,bpickaverdr@imgur.com,Female,$429728.37,134554545,PP
497,Grantham,Titmus,gtitmusds@bandcamp.com,Male,$672282.23,683821426,CC
498,Elsinore,Dionisi,edionisidt@home.pl,Female,$979683.85,500170254,PP
499,Teodorico,Bidgod,tbidgoddu@clickbank.net,Male,$155433.63,473353271,CC
500,Lonnie,Jailler,ljaillerdv@mediafire.com,Male,$455690.21,955953181,PP
501,Erv,Perfect,eperfectdw@macromedia.com,Male,$644086.12,241516234,CC
502,Liam,Liccardo,lliccardodx@theglobeandmail.com,Male,$834079.02,771917517,PP
503,Lynnelle,Babin,lbabindy@constantcontact.com,Female,$226649.64,977248777,CC
504,Barnie,Hexham,bhexhamdz@bandcamp.com,Male,$592546.01,496582716,IT
505,Federica,Cardenosa,fcardenosae0@topsy.com,Female,$324239.69,470607015,CC
506,Alleen,Blabie,ablabiee1@scientificamerican.com,Female,$896969.87,221563741,IT
507,Krispin,Roycroft,kroycrofte2@bloglovin.com,Male,$281721.28,165909899,CC
508,Clim,Biddles,cbiddlese3@exblog.jp,Male,$203178.13,995286195,CC
509,Adria,McNickle,amcnicklee4@google.ca,Female,$309462.85,50807247,IT
510,Jermaine,Pawelczyk,jpawelczyke5@oracle.com,Male,$406684.68,141606256,CC
511,Morton,Kelway,mkelwaye6@webs.com,Male,$574364.64,564854207,PP
512,Tiphanie,Eliet,teliete7@rambler.ru,Female,$510653.70,314785136,CC
513,Ivar,Giovanizio,igiovanizioe8@so-net.ne.jp,Male,$944825.21,124870803,PP
514,Aristotle,Malmar,amalmare9@163.com,Male,$159108.05,331826359,IT
515,Anna-diana,London,alondonea@gnu.org,Female,$954339.10,414179640,CC
516,Willie,Covely,wcovelyeb@cisco.com,Male,$270973.80,374882447,CC
517,Patin,Cassam,pcassamec@statcounter.com,Male,$435686.69,674558172,PP
518,Harp,Hollow,hhollowed@furl.net,Male,$569794.34,54488743,CC
519,Lea,Vamplers,lvamplersee@washingtonpost.com,Female,$828604.45,760595414,CC
520,Jamey,Bonder,jbonderef@sogou.com,Male,$440354.07,147231097,PP
521,Robbi,Turbefield,rturbefieldeg@umn.edu,Female,$922927.37,945433709,IT
522,Byron,Benda,bbendaeh@eepurl.com,Male,$622044.17,908421670,CC
523,Bearnard,Pyvis,bpyvisei@timesonline.co.uk,Male,$136976.74,508878057,PP
524,Corenda,Loade,cloadeej@cdc.gov,Female,$290929.16,560233821,CC
525,Camella,Brixey,cbrixeyek@uiuc.edu,Female,$549964.19,124067558,PP
526,Heindrick,Brader,hbraderel@networkadvertising.org,Male,$194199.80,941163119,CC
527,Greer,Gillyett,ggillyettem@hostgator.com,Female,$872385.55,247576464,IT
528,Corinna,Brownsill,cbrownsillen@smh.com.au,Female,$755742.94,460688241,IT
529,Kaila,Terrey,kterreyeo@paypal.com,Female,$422824.05,855800288,PP
530,Felipe,Siggs,fsiggsep@japanpost.jp,Male,$991057.05,849360273,IT
531,Jeri,Bingley,jbingleyeq@aboutads.info,Female,$879826.12,923093387,PP
532,Shayna,McCrea,smccreaer@dyndns.org,Female,$457709.78,532348520,PP
533,Lynnea,Wolfenden,lwolfendenes@webs.com,Female,$330156.17,598632678,IT
534,Rowney,Eade,readeet@list-manage.com,Male,$171795.65,450124625,IT
535,Raymond,Pane,rpaneeu@ning.com,Male,$572595.32,447329250,CC
536,Rainer,Glynne,rglynneev@wikispaces.com,Male,$979226.16,810126953,PP
537,Rufus,Matthaus,rmatthausew@timesonline.co.uk,Male,$687183.07,985860351,IT
538,Gene,Sleigh,gsleighex@yellowpages.com,Female,$838131.97,495387512,CC
539,Berenice,Kolinsky,bkolinskyey@addthis.com,Female,$201451.21,817657422,CC
540,Idelle,Switland,iswitlandez@nih.gov,Female,$430255.18,513771695,PP
541,Brook,Whitley,bwhitleyf0@economist.com,Female,$603221.19,849131540,CC
542,Perceval,Stockbridge,pstockbridgef1@toplist.cz,Male,$174372.01,810111045,IT
543,Chrisy,Barenski,cbarenskif2@cornell.edu,Male,$540720.67,560565921,PP
544,Wini,Raywood,wraywoodf3@dagondesign.com,Female,$642999.35,452199978,CC
545,D'arcy,Antic,danticf4@dot.gov,Male,$372558.10,495988875,PP
546,Jane,Blampy,jblampyf5@dot.gov,Female,$532145.15,568407835,CC
547,Elizabeth,Stubbings,estubbingsf6@cisco.com,Female,$144349.47,466075252,CC
548,Willow,Kuhne,wkuhnef7@tmall.com,Female,$563432.33,443768381,IT
549,Ursola,De Gouy,udegouyf8@apache.org,Female,$733083.46,248921545,CC
550,Anetta,Scrowson,ascrowsonf9@g.co,Female,$513894.91,780825587,PP
551,Junette,Fehner,jfehnerfa@nih.gov,Female,$727561.55,919705693,IT
552,Pate,Dowsey,pdowseyfb@smh.com.au,Male,$932041.07,177345693,PP
553,Torrey,Senussi,tsenussifc@twitpic.com,Male,$992917.02,748416888,CC
554,Edmon,Daouze,edaouzefd@google.fr,Male,$186613.17,366403334,IT
555,Ashlee,McDell,amcdellfe@deviantart.com,Female,$463735.56,732361852,PP
556,Roi,Done,rdoneff@creativecommons.org,Male,$982300.14,630580437,PP
557,Inez,Gawthorpe,igawthorpefg@joomla.org,Female,$554576.00,980684770,PP
558,Aubrey,Feldmark,afeldmarkfh@jalbum.net,Female,$831367.65,11391599,IT
559,Clevey,Cargo,ccargofi@harvard.edu,Male,$406954.88,206252472,IT
560,Claudine,Matoshin,cmatoshinfj@nbcnews.com,Female,$298688.12,962152891,CC
561,Mellisent,Seabrocke,mseabrockefk@blogs.com,Female,$752134.85,554189774,IT
562,Helenelizabeth,Folley,hfolleyfl@buzzfeed.com,Female,$667136.91,893516278,CC
563,Linc,Kerman,lkermanfm@nps.gov,Male,$566343.05,570227377,IT
564,Odetta,Autin,oautinfn@eventbrite.com,Female,$178744.60,325042599,CC
565,Dre,De Andreis,ddeandreisfo@flickr.com,Female,$115410.73,131339566,PP
566,Allx,Hickford,ahickfordfp@aboutads.info,Female,$997371.40,922224100,IT
567,Stephana,Pillman,spillmanfq@bing.com,Female,$842811.57,756610086,CC
568,Gene,Habbema,ghabbemafr@last.fm,Female,$347762.61,368507672,IT
569,Benny,Slocum,bslocumfs@nih.gov,Male,$559994.47,320490365,PP
570,Salomo,Vigar,svigarft@a8.net,Male,$813524.87,211997096,IT
571,Stefania,Cartin,scartinfu@dailymotion.com,Female,$622790.98,888855262,PP
572,Lemar,Viggars,lviggarsfv@jiathis.com,Male,$424141.85,356401110,PP
573,Gayelord,Blunsom,gblunsomfw@photobucket.com,Male,$275443.59,411074571,CC
574,Darill,Rigney,drigneyfx@wsj.com,Male,$812675.99,584919062,PP
575,Brook,Vidyapin,bvidyapinfy@nhs.uk,Female,$802669.55,235731884,IT
576,Ruperta,McGarrahan,rmcgarrahanfz@omniture.com,Female,$806395.90,70953232,IT
577,Austina,Davitashvili,adavitashvilig0@1und1.de,Female,$260343.87,116618446,PP
578,Geno,Sharples,gsharplesg1@amazonaws.com,Male,$764249.94,589687202,PP
579,Rikki,Mardle,rmardleg2@people.com.cn,Male,$760133.81,61327205,IT
580,Pennie,Hazart,phazartg3@nature.com,Male,$202120.14,843534857,PP
581,Cleavland,Hulme,chulmeg4@pinterest.com,Male,$344898.21,251807463,PP
582,Cristina,Innis,cinnisg5@foxnews.com,Female,$538386.77,246189576,IT
583,Lari,Lidgerton,llidgertong6@dailymotion.com,Female,$456066.09,447002736,CC
584,Barnard,Asmus,basmusg7@nydailynews.com,Male,$995532.78,175072241,PP
585,Zaneta,Ganing,zganingg8@homestead.com,Female,$804632.67,38044554,IT
586,Sebastien,Withinshaw,swithinshawg9@fema.gov,Male,$310710.83,290014667,CC
587,Marcela,Blankman,mblankmanga@opera.com,Female,$423279.18,950577369,IT
588,Guinevere,Caps,gcapsgb@usda.gov,Female,$395014.38,441027261,IT
589,Deina,Points,dpointsgc@bloglines.com,Female,$640667.84,710000833,IT
590,Virgie,Mutter,vmuttergd@yahoo.com,Male,$870194.42,246029373,CC
591,Win,Buddleigh,wbuddleighge@booking.com,Male,$200510.55,1015101319,CC
592,Clair,Agostini,cagostinigf@sina.com.cn,Male,$937022.67,825669556,CC
593,Anissa,Hawkey,ahawkeygg@miitbeian.gov.cn,Female,$355055.91,849696083,IT
594,Scottie,Carlo,scarlogh@mlb.com,Male,$986481.01,862018716,PP
595,Bondon,Dumsday,bdumsdaygi@deliciousdays.com,Male,$326609.32,172570823,CC
596,Les,Ramirez,lramirezgj@amazon.co.uk,Male,$439711.88,722427378,IT
597,Gusty,Purdon,gpurdongk@npr.org,Female,$991913.78,456701510,IT
598,Sumner,Friedenbach,sfriedenbachgl@irs.gov,Male,$315037.88,892143800,IT
599,Reidar,Jose,rjosegm@digg.com,Male,$928924.65,950879239,IT
600,Garvin,Goodright,ggoodrightgn@mtv.com,Male,$321705.92,141389279,CC
601,Harmon,Jimpson,hjimpsongo@businessweek.com,Male,$281965.18,134090692,IT
602,Peg,Dancey,pdanceygp@guardian.co.uk,Female,$358955.79,590726518,IT
603,Yvonne,Sultan,ysultangq@elpais.com,Female,$862223.76,130036274,IT
604,Edin,Swainger,eswaingergr@deliciousdays.com,Female,$718564.35,800670388,CC
605,Kipper,MacGillicuddy,kmacgillicuddygs@freewebs.com,Male,$401853.63,862771422,CC
606,Justine,Vowden,jvowdengt@cocolog-nifty.com,Female,$833095.53,295882893,CC
607,Lauryn,Andrivot,landrivotgu@example.com,Female,$332523.23,57231576,CC
608,Hyacinthia,Goodier,hgoodiergv@vimeo.com,Female,$294617.94,616092352,CC
609,Carey,Thirtle,cthirtlegw@blogger.com,Female,$456846.26,984146857,CC
610,Fayette,Steen,fsteengx@qq.com,Female,$498901.49,908239954,PP
611,Una,Garford,ugarfordgy@github.io,Female,$634700.21,459665637,CC
612,Graeme,Records,grecordsgz@hud.gov,Male,$334002.14,209370683,IT
613,Junina,Paute,jpauteh0@fastcompany.com,Female,$375550.90,608329991,IT
614,Phillida,Fenne,pfenneh1@quantcast.com,Female,$418644.34,36930318,IT
615,Nicholle,Bettenson,nbettensonh2@home.pl,Female,$916579.16,822279727,PP
616,Berny,Laingmaid,blaingmaidh3@tripod.com,Female,$751917.48,683572851,IT
617,Marsh,Haggish,mhaggishh4@cbsnews.com,Male,$411654.41,949613029,IT
618,Goober,Thulborn,gthulbornh5@cdc.gov,Male,$234471.28,508001774,PP
619,Rodina,Bugden,rbugdenh6@vinaora.com,Female,$247046.83,615866463,PP
620,Lanette,Cazin,lcazinh7@bloglines.com,Female,$322205.76,243036478,PP
621,Tiffani,Pattillo,tpattilloh8@blogtalkradio.com,Female,$681317.24,115257951,CC
622,Darleen,Boffin,dboffinh9@bing.com,Female,$391125.76,654206796,CC
623,Emlen,McCann,emccannha@state.tx.us,Male,$469160.70,841343301,IT
624,Benson,Lowle,blowlehb@mozilla.org,Male,$310926.97,587319266,CC
625,Bartel,Postle,bpostlehc@tiny.cc,Male,$150794.24,768223313,CC
626,Lindsay,Moryson,lmorysonhd@weebly.com,Male,$551825.08,801717870,CC
627,Rockie,Wattinham,rwattinhamhe@amazon.co.jp,Male,$998171.11,151295863,IT
628,Franny,Pond,fpondhf@state.gov,Male,$120315.18,941357603,PP
629,Isabelle,Bramstom,ibramstomhg@flickr.com,Female,$430753.60,1024967695,CC
630,Claiborn,Dewan,cdewanhh@purevolume.com,Male,$753171.81,670706188,IT
631,Chauncey,Culshaw,cculshawhi@icio.us,Male,$239835.77,469989619,CC
632,Joshua,Alenin,jaleninhj@imdb.com,Male,$268061.45,11432584,IT
633,Ana,Hairyes,ahairyeshk@google.com.au,Female,$232360.77,927706345,IT
634,Mahala,Cadigan,mcadiganhl@ycombinator.com,Female,$540750.36,738838819,IT
635,Editha,Melior,emeliorhm@yahoo.co.jp,Female,$670168.41,1028930785,CC
636,Nicoli,Fanshaw,nfanshawhn@yellowpages.com,Female,$944018.89,781093137,IT
637,Marla,Srawley,msrawleyho@oaic.gov.au,Female,$372688.53,783792062,PP
638,Aurie,Dunstall,adunstallhp@t.co,Female,$749471.84,527403200,PP
639,Melania,Pietrzyk,mpietrzykhq@apple.com,Female,$349103.28,614615642,IT
640,Guilbert,Byron,gbyronhr@live.com,Male,$823034.70,832810069,CC
641,Berkly,Rowbottom,browbottomhs@jimdo.com,Male,$767557.77,940293106,CC
642,Parker,Everly,peverlyht@yahoo.com,Male,$915231.72,360577007,CC
643,Julie,Gerber,jgerberhu@reddit.com,Male,$900145.06,493083423,IT
644,Lorettalorna,Echlin,lechlinhv@topsy.com,Female,$949710.84,993151724,IT
645,Ambrosius,Cristofor,acristoforhw@squarespace.com,Male,$741484.30,132341222,PP
646,Gabie,Kilborn,gkilbornhx@marketwatch.com,Male,$694775.27,230514455,IT
647,Arvin,Cristofano,acristofanohy@accuweather.com,Male,$333962.56,500370696,IT
648,Frederick,Tapply,ftapplyhz@google.com.hk,Male,$106305.29,952911573,IT
649,Amby,Shewon,ashewoni0@howstuffworks.com,Male,$378662.94,730452395,CC
650,Rouvin,Dredge,rdredgei1@paginegialle.it,Male,$385948.37,251398639,CC
651,Bernard,Ambage,bambagei2@cbc.ca,Male,$822907.65,612354499,CC
652,Wyatan,Lightbourn,wlightbourni3@ycombinator.com,Male,$678897.05,772210885,CC
653,Ashton,Truce,atrucei4@mtv.com,Male,$791915.36,741289725,IT
654,Angelika,Phant,aphanti5@army.mil,Female,$406572.98,504942055,PP
655,Essy,Cleveland,eclevelandi6@deviantart.com,Female,$365742.21,79915354,CC
656,Chelsy,Southern,csoutherni7@wikia.com,Female,$827833.76,917216139,IT
657,Bourke,Henric,bhenrici8@spotify.com,Male,$824496.08,625334616,IT
658,Nevin,Kidner,nkidneri9@ucoz.com,Male,$123853.35,482321863,PP
659,Olivero,Eisenberg,oeisenbergia@artisteer.com,Male,$117217.88,390919864,CC
660,Kahaleel,Bockmaster,kbockmasterib@psu.edu,Male,$898838.13,733504327,CC
661,Francesco,Baddeley,fbaddeleyic@linkedin.com,Male,$236459.43,395623299,PP
662,Gertrudis,Seawright,gseawrightid@ed.gov,Female,$914833.01,482230423,PP
663,La verne,Yushkin,lyushkinie@ox.ac.uk,Female,$262579.73,44704630,CC
664,Tera,Trosdall,ttrosdallif@zimbio.com,Female,$127598.75,777205769,IT
665,Aubree,Berends,aberendsig@businessinsider.com,Female,$381808.66,895380598,CC
666,Brinna,Tilby,btilbyih@washington.edu,Female,$897051.35,565957245,PP
667,Wade,Cellier,wcellierii@vkontakte.ru,Male,$805254.45,205301650,IT
668,Eilis,Glowacki,eglowackiij@harvard.edu,Female,$708494.81,16714435,PP
669,Lita,Cassidy,lcassidyik@typepad.com,Female,$166987.15,825447559,IT
670,Corella,Petrovic,cpetrovicil@ihg.com,Female,$177978.62,138550914,PP
671,Amelina,Matheson,amathesonim@bluehost.com,Female,$414764.31,668415863,PP
672,Jacynth,Corhard,jcorhardin@examiner.com,Female,$254496.45,77054839,IT
673,Hedy,Bhar,hbhario@opensource.org,Female,$502802.33,985292039,PP
674,Anya,Anthona,aanthonaip@odnoklassniki.ru,Female,$216647.84,478170760,CC
675,Nicol,O'Coskerry,nocoskerryiq@artisteer.com,Male,$839093.37,681330701,CC
676,Brittany,Quinby,bquinbyir@123-reg.co.uk,Female,$740119.34,223795874,IT
677,Niven,Dotson,ndotsonis@t-online.de,Male,$679800.69,915027825,IT
678,Alvis,Riedel,ariedelit@privacy.gov.au,Male,$395456.25,111372409,CC
679,Alick,Strippel,astrippeliu@addthis.com,Male,$763296.29,558337321,PP
680,Alexandre,Gilkison,agilkisoniv@apache.org,Male,$770612.02,418555294,CC
681,Joby,Welton,jweltoniw@mediafire.com,Female,$868015.43,202487152,IT
682,Barbi,Hearns,bhearnsix@google.co.jp,Female,$660594.55,330606181,CC
683,Bronny,Frobisher,bfrobisheriy@bloomberg.com,Male,$144875.95,739345654,IT
684,Ezmeralda,Pigney,epigneyiz@engadget.com,Female,$637914.87,883511048,IT
685,Farlee,Heffernon,fheffernonj0@upenn.edu,Male,$281015.36,622747889,IT
686,Brendan,Arger,bargerj1@altervista.org,Male,$600656.18,760238083,CC
687,Kingsley,Gaywood,kgaywoodj2@engadget.com,Male,$382179.22,64992880,CC
688,Lara,Linebarger,llinebargerj3@de.vu,Female,$910581.51,435547529,PP
689,Aurilia,Beaten,abeatenj4@chronoengine.com,Female,$612768.84,904666431,CC
690,Deane,Halstead,dhalsteadj5@twitpic.com,Male,$900386.63,118573607,CC
691,Zacherie,Leathers,zleathersj6@npr.org,Male,$889156.01,510469403,CC
692,Law,Fewlass,lfewlassj7@wikimedia.org,Male,$335925.09,949838772,PP
693,Quint,Cuesta,qcuestaj8@jigsy.com,Male,$191595.43,717772347,PP
694,Mallory,Gauson,mgausonj9@google.ca,Male,$987715.10,148820918,IT
695,Lanie,McCarthy,lmccarthyja@mayoclinic.com,Female,$148781.79,394350480,PP
696,Mason,Wagge,mwaggejb@topsy.com,Male,$640172.04,193893699,IT
697,Adore,Spreadbury,aspreadburyjc@opera.com,Female,$917364.50,362072149,CC
698,Nefen,Bagger,nbaggerjd@soup.io,Male,$361091.13,695625193,PP
699,Tate,Tran,ttranje@gizmodo.com,Male,$620529.35,884565358,IT
700,Thaine,Learmouth,tlearmouthjf@loc.gov,Male,$104359.33,617681142,CC
701,Chad,Mantrup,cmantrupjg@timesonline.co.uk,Female,$742455.54,275473488,PP
702,Trev,Sprott,tsprottjh@netvibes.com,Male,$866109.49,55842487,IT
703,Zack,Sambeck,zsambeckji@shop-pro.jp,Male,$575582.80,1034686806,CC
704,Moses,Kille,mkillejj@timesonline.co.uk,Male,$668210.96,386476901,CC
705,Leslie,MacChaell,lmacchaelljk@spiegel.de,Female,$642492.75,846718383,PP
706,Marshal,O' Scallan,moscallanjl@soup.io,Male,$200417.61,555716718,PP
707,Bendix,Shoveller,bshovellerjm@nifty.com,Male,$987717.73,473979760,CC
708,Charlean,Robker,crobkerjn@blogs.com,Female,$375765.41,954363355,CC
709,Demetris,Bertomeu,dbertomeujo@exblog.jp,Female,$466105.61,629922840,IT
710,Engelbert,Coote,ecootejp@cloudflare.com,Male,$142777.50,972251552,PP
711,Raffarty,Tetley,rtetleyjq@blogspot.com,Male,$677052.19,142451491,CC
712,Katharyn,Bowdrey,kbowdreyjr@posterous.com,Female,$953157.67,534775959,IT
713,Carolynn,Vicker,cvickerjs@army.mil,Female,$572646.11,919896022,IT
714,Giorgio,Bortolozzi,gbortolozzijt@japanpost.jp,Male,$455752.00,677283615,IT
715,Kerwin,O'Carmody,kocarmodyju@joomla.org,Male,$320568.63,628936347,PP
716,Perrine,Bowne,pbownejv@twitter.com,Female,$856812.23,223401384,CC
717,Glenda,Reary,grearyjw@mail.ru,Female,$202332.35,435827714,PP
718,Christy,Hanes,chanesjx@list-manage.com,Female,$903448.51,527899275,PP
719,Saundra,Boxall,sboxalljy@epa.gov,Male,$284965.93,329594929,CC
720,Brok,Brazur,bbrazurjz@zimbio.com,Male,$258800.49,201473766,CC
721,Valry,Winson,vwinsonk0@blogspot.com,Female,$582723.80,756365112,CC
722,Sly,McKain,smckaink1@weather.com,Male,$111629.82,79877970,CC
723,Arnaldo,Wellstead,awellsteadk2@dot.gov,Male,$236944.20,1049923610,CC
724,Cher,Drake,cdrakek3@wisc.edu,Female,$424048.72,595805981,PP
725,Aube,Flowerden,aflowerdenk4@mayoclinic.com,Male,$622376.86,730673385,PP
726,Siegfried,Ausher,sausherk5@blogtalkradio.com,Male,$345477.61,427713573,IT
727,Gabie,Lorenzini,glorenzinik6@geocities.jp,Male,$172804.75,928467592,PP
728,Lucas,Goad,lgoadk7@cnet.com,Male,$137445.43,327741406,PP
729,Ikey,Brave,ibravek8@zimbio.com,Male,$679008.30,983771306,CC
730,Doti,Ghiroldi,dghiroldik9@un.org,Female,$366396.83,242197437,CC
731,Marsh,Flag,mflagka@a8.net,Male,$745207.98,211481851,IT
732,Devondra,Bunhill,dbunhillkb@cnbc.com,Female,$549791.26,955908076,PP
733,Marcelline,Capozzi,mcapozzikc@shinystat.com,Female,$816636.40,686099026,PP
734,Doy,Dorricott,ddorricottkd@phpbb.com,Male,$736719.29,770839361,PP
735,Lottie,Gallety,lgalletyke@miibeian.gov.cn,Female,$230533.13,424365559,CC
736,Kendricks,Gierth,kgierthkf@barnesandnoble.com,Male,$824039.38,257047249,PP
737,Gregorius,Winkett,gwinkettkg@google.co.jp,Male,$609828.74,1013009497,PP
738,Buddie,Scarce,bscarcekh@theglobeandmail.com,Male,$643862.47,430270056,CC
739,Clair,Genery,cgeneryki@jiathis.com,Female,$736476.43,775524354,PP
740,Skip,Roffe,sroffekj@i2i.jp,Male,$932787.89,372268813,CC
741,Rafa,Keyho,rkeyhokk@mayoclinic.com,Female,$180429.78,839341218,PP
742,Dawn,Slowgrave,dslowgravekl@answers.com,Female,$647871.61,702678223,PP
743,Dougie,Haberjam,dhaberjamkm@merriam-webster.com,Male,$365618.35,636249392,CC
744,Garrik,Farney,gfarneykn@ning.com,Male,$702999.69,606354248,CC
745,Tabbie,Bizzey,tbizzeyko@wisc.edu,Female,$441687.81,271814257,CC
746,Cristionna,Jakubovitch,cjakubovitchkp@imdb.com,Female,$767908.48,740547532,IT
747,Valery,Churchyard,vchurchyardkq@elegantthemes.com,Female,$175202.46,852209823,IT
748,Mohandas,Filpi,mfilpikr@google.ca,Male,$989862.47,769699688,IT
749,Evyn,Stood,estoodks@lulu.com,Male,$788492.19,11319419,CC
750,Renard,Gindghill,rgindghillkt@shutterfly.com,Male,$552203.44,874855272,IT
751,Quincey,Penniall,qpenniallku@google.com,Male,$838027.01,1028070143,CC
752,Arvie,Yurenin,ayureninkv@cmu.edu,Male,$693688.72,990944627,IT
753,Zorina,Keener,zkeenerkw@opensource.org,Female,$740743.48,437244298,IT
754,Hurlee,Woolway,hwoolwaykx@multiply.com,Male,$652267.91,869119203,IT
755,Jozef,Metschke,jmetschkeky@yolasite.com,Male,$264334.83,758218192,IT
756,Ivy,Elland,iellandkz@youtube.com,Female,$119057.25,680808022,IT
757,Ginnifer,Blune,gblunel0@tinyurl.com,Female,$172835.08,588011472,PP
758,Edouard,Lamberth,elamberthl1@lulu.com,Male,$874242.23,153716645,PP
759,Jelene,Quinton,jquintonl2@si.edu,Female,$244563.36,195903714,PP
760,Casey,Bassilashvili,cbassilashvilil3@gizmodo.com,Male,$814297.71,486330790,PP
761,Reilly,Keymer,rkeymerl4@over-blog.com,Male,$462421.58,845606864,IT
762,Curr,Hendricks,chendricksl5@paypal.com,Male,$895928.22,151716656,IT
763,Antony,Ilchuk,ailchukl6@macromedia.com,Male,$764684.98,38415550,CC
764,Roddie,McGloughlin,rmcgloughlinl7@timesonline.co.uk,Male,$762057.68,20286780,IT
765,Fredrika,Millington,fmillingtonl8@cbslocal.com,Female,$519456.08,691923104,CC
766,Ad,Sabin,asabinl9@jiathis.com,Male,$896485.14,947032404,PP
767,Friederike,Bertomier,fbertomierla@booking.com,Female,$426024.52,1043033230,PP
768,Russell,Vignaux,rvignauxlb@flavors.me,Male,$202064.95,651257193,PP
769,Daven,Cesconi,dcesconilc@xrea.com,Male,$427489.16,968611360,CC
770,Trudie,Hills,thillsld@bizjournals.com,Female,$320754.06,417868484,CC
771,Guglielma,Foli,gfolile@blogtalkradio.com,Female,$292507.02,223204365,IT
772,Lion,McGauhy,lmcgauhylf@ustream.tv,Male,$987881.02,484512364,PP
773,Luce,MacKettrick,lmackettricklg@google.ca,Male,$122913.82,693940063,IT
774,Smitty,Garratty,sgarrattylh@omniture.com,Male,$744517.53,658719012,IT
775,Jaime,Meechan,jmeechanli@spotify.com,Female,$676601.70,812843571,PP
776,Harlan,Bosher,hbosherlj@flickr.com,Male,$995869.29,681145377,CC
777,Ricky,Idell,ridelllk@cbc.ca,Female,$343876.02,623129687,PP
778,Ferdinand,Castelluzzi,fcastelluzzill@disqus.com,Male,$482229.04,402469219,IT
779,Massimiliano,O'Neary,monearylm@blogspot.com,Male,$372338.63,710680687,IT
780,Luciano,Phil,lphilln@technorati.com,Male,$357240.85,977002021,CC
781,Howard,Nower,hnowerlo@exblog.jp,Male,$100085.04,1006549819,CC
782,Cobb,Banks,cbankslp@bigcartel.com,Male,$942801.00,448224264,CC
783,Korey,Slany,kslanylq@ucoz.ru,Male,$106776.10,674231121,CC
784,Teddy,Baffin,tbaffinlr@whitehouse.gov,Male,$995710.38,582574694,CC
785,Meridel,Armor,marmorls@intel.com,Female,$560381.16,674617678,PP
786,Melodee,Kelland,mkellandlt@mashable.com,Female,$391216.28,1049499586,IT
787,Lanny,Lampart,llampartlu@google.com.br,Female,$673657.58,611815061,PP
788,Stevena,De Francisci,sdefranciscilv@com.com,Female,$808742.05,336040957,IT
789,Fredek,Colwell,fcolwelllw@salon.com,Male,$257666.99,190647107,CC
790,Garvy,Heaney,gheaneylx@timesonline.co.uk,Male,$689162.21,633982562,CC
791,Christina,Wherrit,cwherritly@tumblr.com,Female,$553387.78,73307317,PP
792,Ashely,Van Brug,avanbruglz@mediafire.com,Female,$168306.16,381878442,IT
793,Pansie,Paget,ppagetm0@etsy.com,Female,$889796.44,742748445,IT
794,Vitia,Vanezis,vvanezism1@weibo.com,Female,$607391.12,611161590,PP
795,Townie,Buzzing,tbuzzingm2@cnn.com,Male,$836220.75,55163436,IT
796,Frieda,Beddows,fbeddowsm3@china.com.cn,Female,$728264.99,463179925,PP
797,Matti,Reville,mrevillem4@addthis.com,Female,$291949.35,823224529,IT
798,Agnese,Dimond,adimondm5@independent.co.uk,Female,$412930.17,296878267,IT
799,Emmott,Shurey,eshureym6@goodreads.com,Male,$495947.80,721441926,IT
800,Leupold,Klos,lklosm7@uiuc.edu,Male,$177582.79,147799948,CC
801,Dicky,Rignold,drignoldm8@alibaba.com,Male,$409750.18,98255739,CC
802,Kristo,Knocker,kknockerm9@nature.com,Male,$990194.58,191606037,PP
803,Fernando,Ciccerale,fcicceralema@washington.edu,Male,$143477.07,215151501,IT
804,Marti,Braddock,mbraddockmb@multiply.com,Female,$125781.46,255346930,PP
805,Sonya,Varnam,svarnammc@infoseek.co.jp,Female,$217101.05,35685893,CC
806,Craggie,Abramzon,cabramzonmd@ucsd.edu,Male,$332947.02,722107557,IT
807,Marie-ann,Ockleshaw,mockleshawme@bloglines.com,Female,$694045.05,886999122,CC
808,Tonie,Vincent,tvincentmf@stumbleupon.com,Female,$893390.94,301283303,PP
809,Lyn,Stallon,lstallonmg@vistaprint.com,Female,$644897.17,103185475,IT
810,Augustine,Paulack,apaulackmh@microsoft.com,Male,$343938.53,134633063,IT
811,Tedmund,Saltmarshe,tsaltmarshemi@opera.com,Male,$703888.84,125654706,CC
812,Wernher,Durston,wdurstonmj@wikispaces.com,Male,$776380.17,363129715,IT
813,Ulises,Paty,upatymk@ifeng.com,Male,$791650.81,968755782,IT
814,Ruprecht,Woolger,rwoolgerml@taobao.com,Male,$812044.74,415710804,PP
815,James,Winscomb,jwinscombmm@guardian.co.uk,Male,$690319.76,821436478,PP
816,Anallise,Vonderdell,avonderdellmn@epa.gov,Female,$957602.32,773573565,PP
817,Elizabet,Akram,eakrammo@cdc.gov,Female,$491883.71,872880770,IT
818,Talia,Armes,tarmesmp@wp.com,Female,$850505.31,787064256,CC
819,Sigmund,Bastide,sbastidemq@ifeng.com,Male,$939154.89,35991890,PP
820,Ulises,Egan,ueganmr@google.ca,Male,$572450.66,687672472,CC
821,Sharlene,Reburn,sreburnms@ucsd.edu,Female,$456645.83,823115119,IT
822,Vivianne,Faireclough,vfairecloughmt@youku.com,Female,$585658.06,659756368,PP
823,Drucy,Casero,dcaseromu@cnbc.com,Female,$638693.48,51000266,CC
824,Bevan,Dilley,bdilleymv@webmd.com,Male,$954227.48,863776819,IT
825,Casey,Padell,cpadellmw@google.com.au,Male,$948989.56,361896983,IT
826,Robers,Shobrook,rshobrookmx@parallels.com,Male,$964792.40,302826203,CC
827,Dorelle,Benz,dbenzmy@howstuffworks.com,Female,$762352.22,112771192,IT
828,Arnaldo,Philipeaux,aphilipeauxmz@photobucket.com,Male,$661953.08,278831511,CC
829,Shanan,Tuftin,stuftinn0@quantcast.com,Male,$377998.22,540040368,PP
830,Elissa,Durward,edurwardn1@walmart.com,Female,$395586.84,696506073,IT
831,Bennie,Faulkner,bfaulknern2@eepurl.com,Male,$492642.57,826699868,IT
832,Harwell,Mongain,hmongainn3@purevolume.com,Male,$450544.54,836713702,PP
833,Edgard,Bisco,ebiscon4@list-manage.com,Male,$511948.36,805336935,CC
834,Aldin,Hemphrey,ahemphreyn5@barnesandnoble.com,Male,$614713.25,146007494,CC
835,Jasper,Godbolt,jgodboltn6@who.int,Male,$718618.54,522031204,PP
836,Phillipe,Bouldstridge,pbouldstridgen7@walmart.com,Male,$975625.64,730397559,CC
837,Brady,Mapholm,bmapholmn8@java.com,Male,$860485.79,223347929,CC
838,Stefano,Clarridge,sclarridgen9@psu.edu,Male,$682931.89,948384596,CC
839,Annice,Broszkiewicz,abroszkiewiczna@ucoz.ru,Female,$218684.47,335652018,IT
840,Lek,Ricciardiello,lricciardiellonb@technorati.com,Male,$916982.84,585849837,CC
841,Mohandas,Dudlestone,mdudlestonenc@woothemes.com,Male,$424352.09,52536633,IT
842,Alica,Collister,acollisternd@indiegogo.com,Female,$957215.84,988946686,IT
843,Kaine,Seagrave,kseagravene@ustream.tv,Male,$763172.14,430796912,IT
844,Bevan,Danet,bdanetnf@is.gd,Male,$228345.83,640403748,CC
845,Celene,Hancox,chancoxng@furl.net,Female,$943432.81,577917112,IT
846,Cornell,Bruyntjes,cbruyntjesnh@un.org,Male,$168893.92,998627447,PP
847,Granthem,Calwell,gcalwellni@live.com,Male,$491816.39,1021039779,IT
848,Joey,Verduin,jverduinnj@hugedomains.com,Male,$408987.66,791903773,IT
849,Tillie,Heineke,theinekenk@tripadvisor.com,Female,$563161.89,694918302,CC
850,Godfree,Wagner,gwagnernl@dailymail.co.uk,Male,$651350.36,324877032,IT
851,Sheeree,Gullivent,sgulliventnm@usda.gov,Female,$809465.68,700061564,CC
852,Alfons,Twigg,atwiggnn@va.gov,Male,$190948.71,790159749,CC
853,Callie,Oldroyde,coldroydeno@slideshare.net,Female,$452713.65,921969028,CC
854,Adelaide,Urry,aurrynp@taobao.com,Female,$658965.30,951121805,CC
855,Bronson,Symms,bsymmsnq@apache.org,Male,$380319.93,54839744,PP
856,Debbi,Cavet,dcavetnr@indiatimes.com,Female,$823140.36,1028631114,IT
857,Adelaida,Breem,abreemns@prweb.com,Female,$235811.20,997643368,CC
858,Kipp,Wollard,kwollardnt@walmart.com,Male,$751971.35,44699754,PP
859,Jehu,Dowe,jdowenu@deviantart.com,Male,$383773.83,37686339,CC
860,Verene,Adriaan,vadriaannv@bloglines.com,Female,$918112.69,124100469,PP
861,Cristine,Hellsdon,chellsdonnw@seattletimes.com,Female,$781295.70,961893156,IT
862,Mikol,Vaudin,mvaudinnx@smugmug.com,Male,$838740.86,318703542,PP
863,Iseabal,Lillico,ilillicony@dmoz.org,Female,$230786.80,602870752,CC
864,Titos,Nancarrow,tnancarrownz@amazon.de,Male,$632504.81,361323171,PP
865,Bearnard,Jacquemard,bjacquemardo0@arstechnica.com,Male,$479839.19,366014672,CC
866,Vincent,Alessandrucci,valessandruccio1@google.ca,Male,$838487.16,178503121,CC
867,Patton,O'Moylane,pomoylaneo2@barnesandnoble.com,Male,$764400.32,365400848,IT
868,Dynah,Olivier,doliviero3@spotify.com,Female,$815667.20,317567257,IT
869,Koenraad,Close,kcloseo4@edublogs.org,Male,$106326.22,703932130,CC
870,Julian,Pountain,jpountaino5@g.co,Male,$813847.36,293523442,IT
871,Holly,Fellowes,hfelloweso6@blogger.com,Male,$957542.66,462476410,IT
872,Ben,Allender,ballendero7@marriott.com,Male,$701409.26,827445108,PP
873,Shauna,Goare,sgoareo8@exblog.jp,Female,$673578.90,782278731,CC
874,Clark,Teaz,cteazo9@arizona.edu,Male,$897494.75,1011437328,CC
875,Drugi,Tenbrug,dtenbrugoa@arizona.edu,Male,$581111.13,622227620,CC
876,Kristofor,Isitt,kisittob@microsoft.com,Male,$282243.86,452776744,CC
877,Randy,Nassi,rnassioc@over-blog.com,Male,$340333.52,727277448,PP
878,Matthiew,Ackerman,mackermanod@photobucket.com,Male,$173728.61,258713707,PP
879,Deane,Farrow,dfarrowoe@wired.com,Male,$393703.09,20507073,IT
880,Wilmar,Lennard,wlennardof@com.com,Male,$518327.76,694625774,CC
881,Bartholomeo,Kitchingman,bkitchingmanog@gmpg.org,Male,$744475.51,770031941,PP
882,Reinhard,Lowater,rlowateroh@ifeng.com,Male,$157538.07,398438128,IT
883,Conney,Duthie,cduthieoi@tiny.cc,Male,$315050.10,730361221,CC
884,Charla,Polglaze,cpolglazeoj@smh.com.au,Female,$981505.62,483176482,CC
885,Harper,Greasley,hgreasleyok@parallels.com,Male,$587274.37,813083633,CC
886,Philippine,Calcraft,pcalcraftol@clickbank.net,Female,$923494.44,437796730,PP
887,Kennith,Llorente,kllorenteom@ucla.edu,Male,$784371.83,478058743,CC
888,Berti,Newbatt,bnewbatton@icio.us,Male,$716745.20,456110215,PP
889,Ramonda,Indgs,rindgsoo@creativecommons.org,Female,$209817.93,401841980,PP
890,Birk,Sholem,bsholemop@admin.ch,Male,$629371.71,526908708,IT
891,Leonora,Gibard,lgibardoq@a8.net,Female,$959518.77,981046955,PP
892,Barnebas,Ducket,bducketor@mlb.com,Male,$706869.25,370821644,PP
893,Maighdiln,Burgon,mburgonos@walmart.com,Female,$783660.65,567228992,IT
894,Alena,Moro,amoroot@1688.com,Female,$350619.16,656942930,IT
895,Hilary,Piotrkowski,hpiotrkowskiou@stanford.edu,Female,$603470.40,765126919,PP
896,Patti,Nortcliffe,pnortcliffeov@vistaprint.com,Female,$838922.43,181745722,CC
897,Niall,Towson,ntowsonow@smh.com.au,Male,$416329.86,853007280,PP
898,Alvin,Tripe,atripeox@homestead.com,Male,$293540.20,179767755,IT
899,Maisey,Baseke,mbasekeoy@ucsd.edu,Female,$831936.43,182625463,CC
900,Brandy,Yitshak,byitshakoz@utexas.edu,Female,$443893.74,813579458,PP
901,Adrianne,Mewhirter,amewhirterp0@japanpost.jp,Female,$577728.27,58910993,CC
902,Saudra,Wesson,swessonp1@twitpic.com,Female,$907472.70,978920657,IT
903,Jaimie,Treat,jtreatp2@cam.ac.uk,Female,$114635.46,129226140,PP
904,Delmore,Kurt,dkurtp3@goo.gl,Male,$443796.02,640565604,IT
905,Janek,Easom,jeasomp4@tumblr.com,Male,$107558.70,672358847,PP
906,Gerek,Dzenisenka,gdzenisenkap5@furl.net,Male,$176076.03,635774628,CC
907,Sapphira,Ord,sordp6@ycombinator.com,Female,$962165.76,396697881,PP
908,Ham,Dagg,hdaggp7@flickr.com,Male,$511847.42,312811297,CC
909,Cristi,Gronowe,cgronowep8@wikipedia.org,Female,$796839.41,52989224,CC
910,Bernadine,Jacobsohn,bjacobsohnp9@tripadvisor.com,Female,$118907.23,262055603,PP
911,Cinda,McElvine,cmcelvinepa@businessinsider.com,Female,$546090.73,379010168,CC
912,Freddy,Galpin,fgalpinpb@accuweather.com,Female,$384464.14,170342322,PP
913,Linn,Lease,lleasepc@nba.com,Female,$972410.94,604590925,CC
914,Roseanna,Benech,rbenechpd@dagondesign.com,Female,$804962.38,86256105,PP
915,Myriam,Lemmen,mlemmenpe@pagesperso-orange.fr,Female,$858583.81,583109533,CC
916,Prentiss,Clashe,pclashepf@liveinternet.ru,Male,$562477.64,482991031,CC
917,Bernadine,Berrill,bberrillpg@army.mil,Female,$862642.57,248156426,IT
918,Belita,Egel,begelph@cafepress.com,Female,$227127.23,962096271,IT
919,Meriel,Jiranek,mjiranekpi@shareasale.com,Female,$193174.11,539929284,IT
920,Aristotle,Stokey,astokeypj@mail.ru,Male,$463561.69,315813477,PP
921,Rowland,Da Costa,rdacostapk@wikispaces.com,Male,$542228.86,751891267,CC
922,Eydie,Veldman,eveldmanpl@oracle.com,Female,$722567.02,753370946,CC
923,Beryl,Duncklee,bdunckleepm@eepurl.com,Female,$150233.42,13602412,CC
924,Angy,Brame,abramepn@cocolog-nifty.com,Female,$347312.73,393358612,PP
925,Glenine,Snooks,gsnookspo@t.co,Female,$125522.20,792774627,CC
926,Brett,Terram,bterrampp@live.com,Male,$602594.15,125671344,CC
927,Renate,Kreutzer,rkreutzerpq@soup.io,Female,$291588.99,131349432,IT
928,Nels,Alves,nalvespr@msu.edu,Male,$376802.40,682295680,IT
929,Agustin,Margrie,amargrieps@macromedia.com,Male,$581246.35,130372511,IT
930,Alfi,Kolakowski,akolakowskipt@twitter.com,Female,$236540.06,798296866,IT
931,Faustina,Masseo,fmasseopu@booking.com,Female,$268461.60,716597164,CC
932,Heather,Garioch,hgariochpv@zdnet.com,Female,$984526.93,1023264257,PP
933,Husein,Ludman,hludmanpw@wordpress.org,Male,$960531.49,197750172,CC
934,Lenna,Veldstra,lveldstrapx@jiathis.com,Female,$207991.01,467064717,CC
935,Ewan,Krzysztof,ekrzysztofpy@fda.gov,Male,$372348.82,10776014,IT
936,Jdavie,Beardsley,jbeardsleypz@google.fr,Male,$457197.74,929865364,IT
937,Karlan,MacGillicuddy,kmacgillicuddyq0@si.edu,Male,$114230.24,984936751,IT
938,Fayina,Lewis,flewisq1@smh.com.au,Female,$178872.37,50444451,IT
939,Natal,Roselli,nroselliq2@loc.gov,Male,$696006.59,584971744,PP
940,Cally,Volleth,cvollethq3@fastcompany.com,Female,$700944.98,314365504,CC
941,Neall,Reavell,nreavellq4@msn.com,Male,$721857.75,433780332,CC
942,Victoria,Khadir,vkhadirq5@list-manage.com,Female,$422473.05,301360195,IT
943,Dud,Barrasse,dbarrasseq6@nih.gov,Male,$837825.06,755936745,IT
944,Cort,Downham,cdownhamq7@businessweek.com,Male,$927749.08,976159154,PP
945,Kelley,Baccus,kbaccusq8@sakura.ne.jp,Male,$644977.22,277166775,PP
946,Arliene,Skerratt,askerrattq9@ovh.net,Female,$671741.87,625614459,PP
947,Gabriele,Mence,gmenceqa@kickstarter.com,Male,$915957.31,979573685,CC
948,Freeland,Dole,fdoleqb@github.io,Male,$583743.90,698299719,CC
949,Isa,Dabourne,idabourneqc@sitemeter.com,Male,$811690.44,380483124,PP
950,Carolin,Pietrowicz,cpietrowiczqd@upenn.edu,Female,$327533.50,391801307,CC
951,Kaile,Gronauer,kgronauerqe@google.ca,Female,$838358.46,512056251,IT
952,Pasquale,Kynnd,pkynndqf@jigsy.com,Male,$839822.17,267761401,CC
953,Kari,Groomebridge,kgroomebridgeqg@skyrock.com,Female,$457851.23,508076629,IT
954,Brnaby,Yon,byonqh@foxnews.com,Male,$551629.84,530657066,CC
955,Bernete,Passey,bpasseyqi@g.co,Female,$780199.21,707317386,CC
956,Corny,Weller,cwellerqj@printfriendly.com,Male,$732465.86,399267743,IT
957,Essy,Bealton,ebealtonqk@google.co.uk,Female,$482671.43,479316165,PP
958,Fifi,Kezar,fkezarql@usnews.com,Female,$860115.96,89175095,PP
959,Paule,Sapey,psapeyqm@mediafire.com,Female,$518941.51,491388092,IT
960,Modestia,Kleuer,mkleuerqn@ucoz.com,Female,$731860.87,879681376,CC
961,Kipp,Sulley,ksulleyqo@twitpic.com,Female,$415322.94,1049211118,PP
962,Broderick,Cammock,bcammockqp@storify.com,Male,$516450.16,577804995,IT
963,Meier,Thuillier,mthuillierqq@youtu.be,Male,$689282.11,429041549,PP
964,Verge,Mason,vmasonqr@spotify.com,Male,$434925.15,268773484,CC
965,Arch,Seals,asealsqs@ca.gov,Male,$204449.41,1038287784,PP
966,Lanie,Vaissiere,lvaissiereqt@upenn.edu,Male,$840624.72,23090236,CC
967,Brod,Stilldale,bstilldalequ@craigslist.org,Male,$547084.83,334320932,CC
968,Davidde,Mowling,dmowlingqv@businessweek.com,Male,$740056.24,192964156,IT
969,Salli,Freeland,sfreelandqw@nbcnews.com,Female,$482553.22,580356368,PP
970,Grant,Simeoli,gsimeoliqx@free.fr,Male,$920758.46,793934702,CC
971,Caressa,Benoy,cbenoyqy@list-manage.com,Female,$741997.32,850922552,PP
972,Ella,Dooley,edooleyqz@linkedin.com,Female,$714415.39,804040650,IT
973,Jehanna,Padefield,jpadefieldr0@prlog.org,Female,$400198.17,150619343,CC
974,Jeremias,Jonah,jjonahr1@spiegel.de,Male,$969272.55,55546455,CC
975,Barron,Stephens,bstephensr2@mtv.com,Male,$322825.13,944908192,PP
976,Agatha,Matyushonok,amatyushonokr3@mozilla.org,Female,$451234.66,545353334,IT
977,Kris,Vinson,kvinsonr4@wiley.com,Male,$823243.28,426258637,CC
978,Lorraine,Nieass,lnieassr5@ox.ac.uk,Female,$759986.43,1039393435,CC
979,Cull,Riddiough,criddioughr6@flickr.com,Male,$402487.65,804391776,IT
980,Hoebart,Everard,heverardr7@barnesandnoble.com,Male,$322462.02,678641383,PP
981,Evita,Bagott,ebagottr8@google.it,Female,$550191.00,1009644032,PP
982,Derward,Likly,dliklyr9@de.vu,Male,$372295.89,230309802,IT
983,Cari,Viveash,cviveashra@un.org,Female,$426297.77,816293922,CC
984,Pru,Whysall,pwhysallrb@nytimes.com,Female,$698192.29,231984606,CC
985,Gauthier,Madge,gmadgerc@yale.edu,Male,$729986.07,456700598,IT
986,Babs,Hiddy,bhiddyrd@delicious.com,Female,$312012.85,194645704,CC
987,Kaila,Wolters,kwoltersre@jiathis.com,Female,$864899.10,729071780,IT
988,Cesya,Iannelli,ciannellirf@ftc.gov,Female,$950335.87,335006319,IT
989,Karia,Davidowsky,kdavidowskyrg@stanford.edu,Female,$502055.18,594872004,PP
990,Niels,Callan,ncallanrh@sfgate.com,Male,$191040.04,47022595,IT
991,Freeland,Mogg,fmoggri@rakuten.co.jp,Male,$435446.57,363051763,CC
992,Ludovika,Phelp,lphelprj@spotify.com,Female,$964419.34,766369314,IT
993,Ulises,Schubbert,uschubbertrk@merriam-webster.com,Male,$674691.03,831934058,CC
994,Garnette,Stanion,gstanionrl@trellian.com,Female,$530160.14,118200599,CC
995,Jarvis,Mordy,jmordyrm@intel.com,Male,$544090.01,560191189,PP
996,Pinchas,Pulfer,ppulferrn@discovery.com,Male,$487568.57,827545028,PP
997,Tyler,Girton,tgirtonro@list-manage.com,Male,$118267.26,963911752,PP
998,Esmaria,Broome,ebroomerp@ameblo.jp,Female,$436510.05,184988857,IT
999,Andromache,Cawood,acawoodrq@mozilla.com,Female,$645163.27,471162189,PP
1000,Rolf,Leake,rleakerr@facebook.com,Male,$412463.57,176810533,CC
