id,nombre,apellido,email,genero,valor_tx,numero_identificacion,tipo_identificacion
1,Jemmie,Llewelyn,jllewelyn0@ameblo.jp,Female,$725134.58,635701370,IT
2,Horton,Gidley,hgidley1@storify.com,Male,$199172.58,708520770,IT
3,Jonis,Heeps,jheeps2@flickr.com,Female,$786979.14,140929350,CC
4,Jonah,Saffin,jsaffin3@symantec.com,Male,$142952.85,331110051,IT
5,Vaughan,Sitlinton,vsitlinton4@gmpg.org,Male,$818257.95,1003913403,PP
6,Christalle,Gadney,cgadney5@merriam-webster.com,Female,$497178.29,314213199,CC
7,Gareth,Morden,gmorden6@youtube.com,Male,$670397.34,486871943,CC
8,Maude,Doyle,mdoyle7@123-reg.co.uk,Female,$470653.42,175973640,CC
9,Jandy,Cumbridge,jcumbridge8@go.com,Female,$899314.70,852924268,CC
10,Doralyn,Szymonwicz,dszymonwicz9@alibaba.com,Female,$908796.85,308939531,CC
11,Dani,Cunningham,dcunninghama@amazon.co.jp,Male,$800932.40,332159514,CC
12,Juieta,Orrell,jorrellb@t.co,Female,$731188.95,802174647,PP
13,Scarface,Powys,spowysc@netvibes.com,Male,$835795.08,584640538,PP
14,Hendrik,Winborn,hwinbornd@dropbox.com,Male,$526531.56,1013293141,CC
15,Travis,Dodding,tdoddinge@twitter.com,Male,$970442.63,741400766,CC
16,Constancy,Braham,cbrahamf@arizona.edu,Female,$113327.78,320954298,CC
17,Arnuad,Filby,afilbyg@simplemachines.org,Male,$243156.18,414164932,IT
18,Chet,Iremonger,ciremongerh@msu.edu,Male,$439402.00,278580064,IT
19,Rock,Dancey,rdanceyi@blog.com,Male,$475760.83,838560937,CC
20,Hugibert,Jelk,hjelkj@cpanel.net,Male,$806714.71,573707517,IT
21,Fidelia,Pinner,fpinnerk@theguardian.com,Female,$115947.67,702395083,CC
22,Anastassia,Teodorski,ateodorskil@123-reg.co.uk,Female,$934888.00,837126612,IT
23,Nil,Hadlow,nhadlowm@elegantthemes.com,Male,$744907.43,803564662,PP
24,Kaitlynn,Carnegie,kcarnegien@vinaora.com,Female,$538688.03,593873798,CC
25,Gilligan,Fleetham,gfleethamo@toplist.cz,Female,$346028.65,488290967,CC
26,Meridith,Mingardi,mmingardip@sfgate.com,Female,$209168.77,304607828,IT
27,Maurine,Thurstan,mthurstanq@theguardian.com,Female,$552120.83,758685233,PP
28,Eldon,Easun,eeasunr@newyorker.com,Male,$908698.48,368836736,CC
29,Candie,Tomankowski,ctomankowskis@etsy.com,Female,$607597.63,765973535,IT
30,Hunter,Breede,hbreedet@friendfeed.com,Male,$649926.83,519419712,CC
31,Crysta,Mariotte,cmariotteu@usgs.gov,Female,$220910.30,546283787,CC
32,Ashbey,Guidone,aguidonev@wsj.com,Male,$942436.21,829180856,IT
33,Stevie,Patley,spatleyw@tumblr.com,Male,$322335.16,395214055,IT
34,Susana,Barca,sbarcax@typepad.com,Female,$627380.78,407872378,PP
35,Paco,Whittlesee,pwhittleseey@nba.com,Male,$739813.18,773269639,CC
36,Max,Goodreid,mgoodreidz@ca.gov,Female,$643859.93,586919268,PP
37,Tracy,Portman,tportman10@huffingtonpost.com,Male,$192135.55,156270071,IT
38,Raeann,Bessant,rbessant11@abc.net.au,Female,$440781.80,424069336,PP
39,Marve,Hardington,mhardington12@surveymonkey.com,Male,$754781.11,502078473,PP
40,Britney,Blues,bblues13@usgs.gov,Female,$420852.52,981751992,CC
41,Christophe,Soloway,csoloway14@craigslist.org,Male,$726130.29,846395190,PP
42,Tadio,Clark,tclark15@wisc.edu,Male,$325350.56,820853382,IT
43,Vivi,Mercer,vmercer16@shareasale.com,Female,$192329.07,742983113,IT
44,Dalt,Sambrook,dsambrook17@abc.net.au,Male,$932532.24,901388629,CC
45,Fayre,Sikorski,fsikorski18@sphinn.com,Female,$876370.40,1025016289,IT
46,Charline,Knappen,cknappen19@yale.edu,Female,$293640.80,1002580784,CC
47,Claribel,Dorward,cdorward1a@unblog.fr,Female,$778431.66,431751875,CC
48,Frazier,Langelay,flangelay1b@prlog.org,Male,$256949.49,920780416,IT
49,Huntlee,Melmar,hmelmar1c@github.com,Male,$954213.87,796522667,PP
50,Noach,Pride,npride1d@typepad.com,Male,$804192.95,478989659,IT
51,Raeann,Balden,rbalden1e@amazon.co.jp,Female,$428198.05,314225201,IT
52,Jo-anne,Armin,jarmin1f@simplemachines.org,Female,$953714.80,327752157,PP
53,Damita,Muneely,dmuneely1g@blogs.com,Female,$545959.76,592296382,IT
54,Almeta,Wilcockes,awilcockes1h@alibaba.com,Female,$864187.21,396127403,CC
55,Noll,Abrahamsen,nabrahamsen1i@cbsnews.com,Male,$487966.00,59028019,CC
56,Elita,Dilger,edilger1j@hao123.com,Female,$856006.93,702108622,PP
57,Peterus,Bodill,pbodill1k@discuz.net,Male,$868564.58,373540115,PP
58,Filberto,Josephs,fjosephs1l@4shared.com,Male,$284846.99,153843015,PP
59,Graham,Swatheridge,gswatheridge1m@g.co,Male,$398707.00,988792133,PP
60,Kata,Simoncelli,ksimoncelli1n@hubpages.com,Female,$695401.94,1038855594,CC
61,Tish,McSorley,tmcsorley1o@themeforest.net,Female,$675753.77,913469668,CC
62,Patin,Moxley,pmoxley1p@mediafire.com,Male,$505876.46,501139036,PP
63,Benoite,Slowey,bslowey1q@myspace.com,Female,$291733.52,253524199,CC
64,Harold,Gillooly,hgillooly1r@earthlink.net,Male,$276372.20,93864113,IT
65,Cash,Cowcha,ccowcha1s@virginia.edu,Male,$974310.77,301188853,IT
66,Gregoire,Marusic,gmarusic1t@technorati.com,Male,$130029.19,1049856759,CC
67,Davine,Haseley,dhaseley1u@imgur.com,Female,$581080.93,241694182,IT
68,Terza,De Bischop,tdebischop1v@illinois.edu,Female,$898039.79,538443236,PP
69,Trever,Ferreiro,tferreiro1w@ihg.com,Male,$550502.09,139975912,CC
70,Taffy,Methley,tmethley1x@hostgator.com,Female,$420950.18,998420809,CC
71,Hermina,Burns,hburns1y@rakuten.co.jp,Female,$337929.08,889827695,IT
72,Sibylle,Elsom,selsom1z@blogs.com,Female,$977073.37,64910635,PP
73,Tiebout,Litherborough,tlitherborough20@hubpages.com,Male,$540311.48,891030026,PP
74,Floria,Flood,fflood21@constantcontact.com,Female,$443354.30,189867566,CC
75,Maxi,Molnar,mmolnar22@comcast.net,Female,$355327.44,262399261,IT
76,Benoit,Raitie,braitie23@dion.ne.jp,Male,$542869.66,945371183,PP
77,Allayne,Garner,agarner24@apple.com,Male,$903748.58,505473684,IT
78,Traver,Potkins,tpotkins25@cnn.com,Male,$339250.30,496006323,PP
79,Case,Barstock,cbarstock26@webeden.co.uk,Male,$517696.62,765118008,IT
80,Krissy,Acum,kacum27@opera.com,Female,$134800.48,109880280,CC
81,Annabella,Balassa,abalassa28@e-recht24.de,Female,$526355.18,54289911,PP
82,Adelle,Alfwy,aalfwy29@ustream.tv,Female,$507659.50,1023327181,CC
83,Kimberli,Tibalt,ktibalt2a@goo.ne.jp,Female,$749097.47,588485088,IT
84,Ellis,Perree,eperree2b@ask.com,Male,$810371.70,266527623,IT
85,Bryant,Whiffen,bwhiffen2c@blogs.com,Male,$180757.71,116951627,CC
86,Robbert,Wrightem,rwrightem2d@dedecms.com,Male,$672348.47,570019739,PP
87,Brit,Mordacai,bmordacai2e@ovh.net,Male,$993547.97,825019431,CC
88,Conrado,Meece,cmeece2f@sbwire.com,Male,$167252.43,808788016,PP
89,Gwennie,Westfalen,gwestfalen2g@icio.us,Female,$399131.09,1034137676,IT
90,Kendell,Giorgi,kgiorgi2h@flickr.com,Male,$350716.12,901348947,PP
91,Gabbey,Diament,gdiament2i@mozilla.com,Female,$128653.97,248367366,CC
92,Gauthier,Platts,gplatts2j@hao123.com,Male,$663092.93,202269204,PP
93,Ches,Brehaut,cbrehaut2k@mozilla.com,Male,$431491.33,388523687,CC
94,Luigi,Bosma,lbosma2l@springer.com,Male,$901905.56,41451558,PP
95,Kippie,Auchterlonie,kauchterlonie2m@ask.com,Female,$826095.45,199910367,PP
96,Lynnet,Zuanazzi,lzuanazzi2n@gnu.org,Female,$895703.13,384796568,IT
97,Jaime,Foulcher,jfoulcher2o@hugedomains.com,Male,$887982.89,906561850,PP
98,Nicol,Alyoshin,nalyoshin2p@sun.com,Male,$533275.68,370680411,CC
99,Maitilde,Mandrier,mmandrier2q@comcast.net,Female,$255602.16,188078415,IT
100,Esmaria,Attewill,eattewill2r@accuweather.com,Female,$549812.11,126943561,IT
101,Kynthia,Michelle,kmichelle2s@amazon.de,Female,$277979.78,423140569,CC
102,Sansone,Deas,sdeas2t@bing.com,Male,$944038.58,445210307,PP
103,Joana,Cunnington,jcunnington2u@cnbc.com,Female,$277222.80,614578289,CC
104,Barnabe,Snawdon,bsnawdon2v@comsenz.com,Male,$325064.31,486707275,IT
105,Fair,Murkin,fmurkin2w@i2i.jp,Male,$140155.24,464018290,CC
106,Rosene,Tsar,rtsar2x@trellian.com,Female,$916129.27,485396074,PP
107,Lezley,Lattka,llattka2y@huffingtonpost.com,Male,$558218.37,1002014702,CC
108,Mic,Blaine,mblaine2z@amazon.com,Male,$756770.61,1011936444,IT
109,Drake,Kullmann,dkullmann30@google.com,Male,$120119.55,727472817,PP
110,Garrett,Kunzel,gkunzel31@wsj.com,Male,$109736.41,245245936,IT
111,Rosamond,Heindle,rheindle32@weibo.com,Female,$464385.68,1008599521,CC
112,Teodora,Chesser,tchesser33@google.nl,Female,$785171.63,845109132,IT
113,Weidar,Hillett,whillett34@telegraph.co.uk,Male,$573626.09,851208225,PP
114,Netta,Ubsdell,nubsdell35@weibo.com,Female,$568893.90,72108273,IT
115,Ansley,Pitchford,apitchford36@marriott.com,Female,$156787.23,19400118,CC
116,Richardo,Boatwright,rboatwright37@shutterfly.com,Male,$389188.70,299726260,PP
117,Keane,D'Alwis,kdalwis38@fotki.com,Male,$664175.35,294008700,IT
118,Federica,Mc Gaughey,fmcgaughey39@a8.net,Female,$325864.59,695397997,CC
119,Doro,Bargery,dbargery3a@storify.com,Female,$343413.58,390004978,IT
120,Ruthanne,Busch,rbusch3b@bluehost.com,Female,$698703.44,678508159,IT
121,Adolphe,Slesser,aslesser3c@dion.ne.jp,Male,$946240.16,234996134,PP
122,Archer,Lockley,alockley3d@rakuten.co.jp,Male,$604041.01,710096620,CC
123,Alric,Blampy,ablampy3e@opera.com,Male,$741797.99,167207494,CC
124,Hillard,Fardo,hfardo3f@yellowpages.com,Male,$552845.52,477638188,IT
125,Pammi,Firpi,pfirpi3g@ow.ly,Female,$985560.89,539609506,IT
126,Karlens,Hallad,khallad3h@constantcontact.com,Male,$698454.05,547220945,IT
127,Mike,Chelley,mchelley3i@nsw.gov.au,Male,$387299.44,1042368465,CC
128,Georgi,Crisford,gcrisford3j@businessweek.com,Male,$477772.08,343620066,PP
129,Charlot,Alphege,calphege3k@microsoft.com,Female,$166995.69,127297291,CC
130,Beauregard,MacBain,bmacbain3l@weather.com,Male,$331025.59,1024154604,CC
131,Alanna,Strephan,astrephan3m@mozilla.com,Female,$478973.88,494891047,IT
132,Quinlan,Marishenko,qmarishenko3n@unesco.org,Male,$194352.66,397799733,IT
133,Mike,Sammes,msammes3o@dedecms.com,Male,$756623.31,370109899,CC
134,Bard,Barthelet,bbarthelet3p@opensource.org,Male,$778313.13,769958049,CC
135,Parker,Twopenny,ptwopenny3q@google.co.uk,Male,$181465.25,707739849,PP
136,Horatio,Hukin,hhukin3r@smugmug.com,Male,$624770.36,275184925,IT
137,Randall,Drover,rdrover3s@godaddy.com,Male,$676794.87,284729506,IT
138,Ad,Baird,abaird3t@cargocollective.com,Male,$664271.07,919306318,PP
139,Lilian,Renackowna,lrenackowna3u@cdc.gov,Female,$294449.69,140001691,PP
140,Holly,Carlsen,hcarlsen3v@geocities.jp,Male,$108015.94,941289107,CC
141,Lenee,Pallas,lpallas3w@cisco.com,Female,$876671.13,169631817,PP
142,Kaiser,Ackermann,kackermann3x@google.co.jp,Male,$244830.84,331615301,CC
143,Jeff,Ferrarotti,jferrarotti3y@360.cn,Male,$193680.50,651899211,IT
144,Catha,Clemas,cclemas3z@goo.gl,Female,$454613.76,598407746,PP
145,Andrew,Osmint,aosmint40@thetimes.co.uk,Male,$251305.87,688060880,IT
146,Kinny,Stepto,kstepto41@nydailynews.com,Male,$453997.03,6475860,PP
147,Weston,Cardillo,wcardillo42@usda.gov,Male,$522416.36,403096536,IT
148,Eugen,Richardin,erichardin43@reddit.com,Male,$544757.49,648103050,IT
149,Jilleen,Cawthery,jcawthery44@usda.gov,Female,$826520.57,1006593981,CC
150,Bonny,Bann,bbann45@livejournal.com,Female,$570649.82,154217295,PP
151,La verne,D'Elia,ldelia46@simplemachines.org,Female,$278698.24,56830745,IT
152,Borden,Seres,bseres47@tmall.com,Male,$863459.83,663369636,PP
153,Matilde,MacAndreis,mmacandreis48@globo.com,Female,$450979.56,734141796,CC
154,Ania,Huerta,ahuerta49@fotki.com,Female,$529616.22,64003962,CC
155,Aguste,Aslen,aaslen4a@mozilla.com,Male,$992711.42,283159648,PP
156,Magdalen,Eldin,meldin4b@webs.com,Female,$583569.64,249466008,IT
157,Philly,Jessup,pjessup4c@washingtonpost.com,Female,$522427.42,588550199,IT
158,Casey,Matuszinski,cmatuszinski4d@ed.gov,Male,$111851.09,926848514,IT
159,Trix,Mullaney,tmullaney4e@slate.com,Female,$505592.76,578287766,IT
160,Ray,Bozward,rbozward4f@ucoz.com,Male,$691498.39,470992078,IT
161,Layne,Wotherspoon,lwotherspoon4g@yandex.ru,Female,$718741.49,363862552,PP
162,Audrey,Garfitt,agarfitt4h@flickr.com,Female,$338427.41,1005804303,PP
163,Rossy,Dosdill,rdosdill4i@independent.co.uk,Male,$960557.08,954271966,IT
164,Marni,Hydes,mhydes4j@youtu.be,Female,$319198.09,138422066,CC
165,Tami,Kember,tkember4k@usgs.gov,Female,$933553.51,676602809,CC
166,Jojo,Rooney,jrooney4l@wunderground.com,Female,$817078.65,88980566,CC
167,Brittni,Pieracci,bpieracci4m@1und1.de,Female,$618704.16,303300187,PP
168,Nancy,Groundwater,ngroundwater4n@elegantthemes.com,Female,$769142.35,42034152,IT
169,Kala,Lynn,klynn4o@free.fr,Female,$794367.31,225709695,IT
170,Nestor,Pesak,npesak4p@sogou.com,Male,$323244.47,97696778,CC
171,Ursa,MacClinton,umacclinton4q@wordpress.org,Female,$853834.83,553372752,PP
172,Rutger,Orringe,rorringe4r@cafepress.com,Male,$441429.11,1030830793,IT
173,Tamra,Dumberell,tdumberell4s@answers.com,Female,$310489.21,793816126,PP
174,Luelle,Forde,lforde4t@skyrock.com,Female,$433420.27,28415076,IT
175,Zachery,Spurden,zspurden4u@nasa.gov,Male,$274204.67,250341229,PP
176,Lynette,Knellen,lknellen4v@a8.net,Female,$635878.58,716125670,PP
177,Bendicty,O'Dunniom,bodunniom4w@csmonitor.com,Male,$953794.08,883890286,PP
178,Adriano,Colthard,acolthard4x@youtube.com,Male,$183956.23,610302585,PP
179,Jennette,Frow,jfrow4y@bing.com,Female,$418655.61,133701642,PP
180,Hewe,Kerkham,hkerkham4z@ebay.co.uk,Male,$542164.64,680633268,CC
181,Glenn,Moody,gmoody50@people.com.cn,Male,$873787.41,329632465,IT
182,Terrance,Whacket,twhacket51@gmpg.org,Male,$698421.32,533405987,CC
183,Henrieta,McLugaish,hmclugaish52@ftc.gov,Female,$664478.92,1029682213,CC
184,Melamie,Garrique,mgarrique53@msn.com,Female,$174521.15,455543940,PP
185,Angelina,Jenny,ajenny54@kickstarter.com,Female,$987149.38,810993893,IT
186,Etti,Callender,ecallender55@blogs.com,Female,$987880.33,592015258,IT
187,Faina,Aymerich,faymerich56@geocities.com,Female,$623989.11,75873384,CC
188,Minnie,Havoc,mhavoc57@qq.com,Female,$602447.98,125745360,CC
189,Vlad,Yankin,vyankin58@google.es,Male,$929057.48,531960895,IT
190,Curcio,Whelband,cwhelband59@reuters.com,Male,$378681.23,101746441,IT
191,Francisco,Corteney,fcorteney5a@geocities.jp,Male,$192890.79,738969774,IT
192,Nikolai,Snowding,nsnowding5b@comcast.net,Male,$134266.92,36605342,PP
193,Jodie,Kinnaird,jkinnaird5c@ft.com,Female,$629431.04,380016885,PP
194,Aubrey,Corp,acorp5d@macromedia.com,Male,$405153.10,43004246,CC
195,Humfrey,Medendorp,hmedendorp5e@fema.gov,Male,$911309.25,221857446,PP
196,Godfry,Kellar,gkellar5f@slideshare.net,Male,$138450.75,747812195,CC
197,Brooke,Geeson,bgeeson5g@imdb.com,Male,$480725.79,753784696,PP
198,Max,Rowet,mrowet5h@google.com.au,Male,$413011.86,409102627,CC
199,Dot,Dooley,ddooley5i@statcounter.com,Female,$212016.49,165139485,PP
200,Suki,Ewings,sewings5j@washington.edu,Female,$442194.95,71663874,IT
201,Berti,MacPake,bmacpake5k@geocities.jp,Male,$797391.25,489721487,CC
202,Liesa,Skirvane,lskirvane5l@dyndns.org,Female,$327218.23,529009635,CC
203,Trudie,Winfred,twinfred5m@hc360.com,Female,$525977.11,376848365,IT
204,Pavia,Raigatt,praigatt5n@craigslist.org,Female,$675675.52,893615520,IT
205,Hashim,Parnaby,hparnaby5o@ucoz.ru,Male,$761684.56,402501971,IT
206,Leicester,Vossing,lvossing5p@over-blog.com,Male,$464644.85,620519897,CC
207,Burnaby,Tschirschky,btschirschky5q@sphinn.com,Male,$814920.02,417851918,IT
208,Nathan,Parfitt,nparfitt5r@macromedia.com,Male,$308802.92,948122639,PP
209,Mickie,Martin,mmartin5s@woothemes.com,Female,$733730.32,926116269,CC
210,Welby,Skerratt,wskerratt5t@harvard.edu,Male,$346514.10,265629904,PP
211,Dory,Guy,dguy5u@harvard.edu,Female,$829961.30,557970464,CC
212,Preston,Pascall,ppascall5v@msn.com,Male,$572708.63,1031654998,CC
213,Amii,Gilbanks,agilbanks5w@ycombinator.com,Female,$291516.10,645287780,PP
214,Anallise,Winram,awinram5x@engadget.com,Female,$567289.11,1046156815,IT
215,Andres,Kenaway,akenaway5y@jiathis.com,Male,$960153.75,17640642,IT
216,Quinn,Laurisch,qlaurisch5z@gov.uk,Male,$906754.83,480233828,IT
217,Aldous,O'Scully,aoscully60@imageshack.us,Male,$427415.26,324131780,IT
218,Emmalynne,Doerrling,edoerrling61@hhs.gov,Female,$153925.53,429463902,CC
219,Vanya,Mattiazzi,vmattiazzi62@symantec.com,Female,$955966.78,632809003,IT
220,Obadias,Firle,ofirle63@youtube.com,Male,$974682.07,593233206,CC
221,Nigel,Brisco,nbrisco64@blogger.com,Male,$105565.30,539409576,CC
222,Huey,Kennerley,hkennerley65@nps.gov,Male,$501165.01,776613008,IT
223,Norry,Tellenbrook,ntellenbrook66@virginia.edu,Male,$624802.88,875907682,CC
224,Rem,Leacock,rleacock67@cnet.com,Male,$693056.67,720744590,IT
225,Pooh,Impy,pimpy68@vimeo.com,Male,$484929.61,861641453,CC
226,Timothee,Walster,twalster69@arstechnica.com,Male,$732231.03,249903415,IT
227,Skelly,Dyneley,sdyneley6a@1688.com,Male,$157728.77,468402420,PP
228,Jermaine,Izzat,jizzat6b@engadget.com,Male,$824034.51,1023455571,CC
229,Neely,Mangion,nmangion6c@geocities.com,Female,$626194.98,323756758,CC
230,Gerry,Brodhead,gbrodhead6d@kickstarter.com,Female,$425136.47,177427686,CC
231,Cleo,Izzett,cizzett6e@vimeo.com,Female,$910175.58,943662659,CC
232,Leilah,Bengoechea,lbengoechea6f@hc360.com,Female,$963336.24,74297480,PP
233,Sigismundo,Pountney,spountney6g@adobe.com,Male,$269629.24,246731536,PP
234,Rodolfo,Sertin,rsertin6h@google.ru,Male,$211159.80,758050903,CC
235,Barnebas,Leithgoe,bleithgoe6i@mapy.cz,Male,$730889.52,480245673,IT
236,Jens,Toupe,jtoupe6j@aboutads.info,Male,$181847.99,708561742,CC
237,Tedd,Crim,tcrim6k@cbslocal.com,Male,$322360.37,527427102,CC
238,Sayre,Gadault,sgadault6l@networkadvertising.org,Female,$358945.00,840825458,PP
239,Gaile,Andriss,gandriss6m@apache.org,Male,$331853.39,691129603,PP
240,Rori,Frankowski,rfrankowski6n@oracle.com,Female,$640115.12,686546489,CC
241,Ardeen,Arno,aarno6o@ovh.net,Female,$518504.35,827249171,IT
242,Bernete,Milroy,bmilroy6p@reuters.com,Female,$947615.69,825512230,CC
243,Arlin,Deniscke,adeniscke6q@ebay.com,Male,$611307.98,603247446,PP
244,Brynna,Antrag,bantrag6r@geocities.jp,Female,$184290.38,163451284,CC
245,Ann,Spadotto,aspadotto6s@mediafire.com,Female,$993325.20,134080273,IT
246,Martita,Seldner,mseldner6t@unesco.org,Female,$469751.91,491161743,IT
247,Elsey,Mottini,emottini6u@free.fr,Female,$501396.53,218923248,PP
248,Port,Phelps,pphelps6v@godaddy.com,Male,$784341.15,172888915,CC
249,Wrennie,Scole,wscole6w@springer.com,Female,$666928.49,54979177,CC
250,Eilis,Syde,esyde6x@wix.com,Female,$422210.32,935376696,IT
251,Rebbecca,Jiru,rjiru6y@flickr.com,Female,$186877.16,532142111,IT
252,Ogdan,Belamy,obelamy6z@ft.com,Male,$940007.75,765996916,IT
253,Welby,Thireau,wthireau70@tiny.cc,Male,$839716.06,96722426,PP
254,Evered,Doohey,edoohey71@va.gov,Male,$664645.07,28774064,IT
255,Haskell,Kelshaw,hkelshaw72@google.cn,Male,$937674.38,555282586,PP
256,Lea,Yokley,lyokley73@hexun.com,Female,$467037.70,994180689,IT
257,Nonah,Carine,ncarine74@reddit.com,Female,$251135.48,263477992,IT
258,Andres,Pretsell,apretsell75@lulu.com,Male,$642131.68,339454494,PP
259,Sandra,Atchly,satchly76@answers.com,Female,$730719.62,623859693,CC
260,Odie,Maynell,omaynell77@wikia.com,Male,$389071.08,668342312,PP
261,Lothario,Beckhouse,lbeckhouse78@google.nl,Male,$682529.58,27542200,CC
262,Wendy,Izod,wizod79@last.fm,Female,$387459.81,214968257,PP
263,Liane,Heales,lheales7a@wordpress.org,Female,$917701.79,470271146,IT
264,Tedie,Iacomettii,tiacomettii7b@feedburner.com,Male,$236788.27,800258681,PP
265,Stevy,Garnsey,sgarnsey7c@washingtonpost.com,Male,$579535.98,113968695,PP
266,Davon,Keers,dkeers7d@noaa.gov,Male,$953309.59,687975911,CC
267,Issiah,Armit,iarmit7e@arizona.edu,Male,$562053.15,678437679,PP
268,Dolores,Townsend,dtownsend7f@ebay.com,Female,$336453.57,107611952,PP
269,Elora,Leeuwerink,eleeuwerink7g@angelfire.com,Female,$455405.69,397452646,CC
270,Allina,Kealey,akealey7h@sohu.com,Female,$705255.55,108914888,CC
271,Tom,McAvaddy,tmcavaddy7i@ebay.com,Male,$197947.91,1047423787,PP
272,Gabbi,Sayton,gsayton7j@businesswire.com,Female,$517508.02,1018971797,CC
273,Junina,Vivian,jvivian7k@networkadvertising.org,Female,$841275.06,419139459,CC
274,Simon,Wrangle,swrangle7l@cbslocal.com,Male,$419664.41,512316141,IT
275,Alta,Chartman,achartman7m@mail.ru,Female,$982229.52,890816182,PP
276,Katti,Espinho,kespinho7n@virginia.edu,Female,$297986.54,830152802,CC
277,Berky,Beccero,bbeccero7o@arizona.edu,Male,$320155.97,892921215,CC
278,Meade,Pollendine,mpollendine7p@seesaa.net,Male,$517373.12,979623536,IT
279,Odetta,Redparth,oredparth7q@plala.or.jp,Female,$407924.01,61338804,CC
280,Emelita,Bright,ebright7r@mail.ru,Female,$963963.57,828798362,IT
281,Brucie,Novak,bnovak7s@blogspot.com,Male,$388909.60,771363341,CC
282,Zolly,Robken,zrobken7t@princeton.edu,Male,$556925.40,960425806,IT
283,Anatole,Hodgen,ahodgen7u@free.fr,Male,$189243.91,98388362,PP
284,Rasla,Pechell,rpechell7v@washington.edu,Female,$262320.34,48377419,PP
285,Davidson,Blundin,dblundin7w@msn.com,Male,$112520.46,912159166,PP
286,Josselyn,Whitby,jwhitby7x@skype.com,Female,$426393.47,618736796,IT
287,Jedd,Yaxley,jyaxley7y@ft.com,Male,$804427.02,710739234,CC
288,Analise,Revell,arevell7z@lulu.com,Female,$909947.63,139440723,CC
289,Noami,Pizzey,npizzey80@army.mil,Female,$683968.26,707188443,IT
290,Godart,Caldron,gcaldron81@sourceforge.net,Male,$911915.81,324202512,CC
291,Darsey,Levinge,dlevinge82@hugedomains.com,Female,$317678.25,615710158,CC
292,Roderic,Endon,rendon83@plala.or.jp,Male,$183014.69,89778522,IT
293,Karrah,Lazar,klazar84@trellian.com,Female,$693016.18,1024959580,IT
294,Samaria,Mewhirter,smewhirter85@zimbio.com,Female,$609528.38,345419921,CC
295,Carlotta,Neame,cneame86@digg.com,Female,$134607.15,848171833,CC
296,Derril,Rain,drain87@columbia.edu,Male,$962188.88,935815236,IT
297,Gwenneth,Romney,gromney88@jalbum.net,Female,$733951.65,26938125,CC
298,Pepi,Millen,pmillen89@infoseek.co.jp,Female,$748304.71,907484557,IT
299,Josepha,Scalia,jscalia8a@1688.com,Female,$543703.64,602647031,CC
300,Glori,Zottoli,gzottoli8b@about.me,Female,$560072.85,553685225,CC
301,Clara,Drei,cdrei8c@shareasale.com,Female,$519515.89,1024394021,PP
302,Charmain,Nurcombe,cnurcombe8d@who.int,Female,$138311.33,43753552,CC
303,Zed,Burgett,zburgett8e@ox.ac.uk,Male,$912621.55,379772209,CC
304,Shirl,Leaming,sleaming8f@fc2.com,Female,$497914.40,135275117,CC
305,Darlene,Garretts,dgarretts8g@uol.com.br,Female,$219352.91,373997894,CC
306,Ramsey,Ludwig,rludwig8h@hugedomains.com,Male,$314877.23,503595728,CC
307,Glennis,MacVicar,gmacvicar8i@bbb.org,Female,$837987.28,723882425,CC
308,Devina,Pozer,dpozer8j@homestead.com,Female,$567138.01,822999454,CC
309,Hollis,Saltmarsh,hsaltmarsh8k@comcast.net,Male,$336508.32,1034314860,CC
310,Allard,Chesterfield,achesterfield8l@prnewswire.com,Male,$258746.26,918907815,CC
311,Troy,Hanburry,thanburry8m@sitemeter.com,Male,$395398.45,1014881123,IT
312,Chrissie,Clapton,cclapton8n@pbs.org,Female,$440810.96,999873328,PP
313,Ninnetta,Olexa,nolexa8o@xrea.com,Female,$372451.67,394705768,CC
314,Yelena,Baldacco,ybaldacco8p@nydailynews.com,Female,$119931.81,828302422,PP
315,Kora,Breakspear,kbreakspear8q@flickr.com,Female,$981830.62,829876231,CC
316,Joachim,Wolfe,jwolfe8r@shutterfly.com,Male,$279869.00,768885702,PP
317,Jo-ann,Hurdedge,jhurdedge8s@techcrunch.com,Female,$942641.96,739632889,IT
318,Tomkin,Hallede,thallede8t@nhs.uk,Male,$924942.88,660268819,IT
319,Maisie,Babcock,mbabcock8u@domainmarket.com,Female,$313005.69,692097177,IT
320,Michele,Byford,mbyford8v@istockphoto.com,Female,$668543.44,310124300,CC
321,Ferdinand,Galbreth,fgalbreth8w@qq.com,Male,$309426.52,652878292,CC
322,Basile,Milsom,bmilsom8x@xinhuanet.com,Male,$604181.07,537366703,IT
323,Ozzie,Streak,ostreak8y@freewebs.com,Male,$789324.27,232538397,IT
324,Normie,Olyfat,nolyfat8z@about.com,Male,$129119.83,354051743,CC
325,Ansel,Luke,aluke90@shinystat.com,Male,$319009.38,136246605,IT
326,Marjie,McIndoe,mmcindoe91@usa.gov,Female,$172771.85,456105984,PP
327,Barnabe,Ambrogioni,bambrogioni92@theatlantic.com,Male,$677704.79,237682650,CC
328,Lark,Krzyzanowski,lkrzyzanowski93@intel.com,Female,$923532.87,614107209,CC
329,Ramonda,Heinicke,rheinicke94@nasa.gov,Female,$103461.83,1042348869,CC
330,Allene,Andrioni,aandrioni95@unesco.org,Female,$907468.16,85227410,CC
331,Oralla,Rands,orands96@yellowbook.com,Female,$920638.94,71859345,CC
332,Izzy,Menichillo,imenichillo97@1und1.de,Male,$671982.01,373969864,IT
333,Dennie,Baignard,dbaignard98@shutterfly.com,Female,$338786.79,89556664,IT
334,Sandy,Sackett,ssackett99@ning.com,Male,$599204.49,558937154,PP
335,Lynn,McKleod,lmckleod9a@ox.ac.uk,Male,$980747.51,568931122,IT
336,Dannye,Isitt,disitt9b@cyberchimps.com,Female,$401103.10,782018600,PP
337,Raphaela,Wadeling,rwadeling9c@noaa.gov,Female,$695408.81,610772509,IT
338,Alyce,Kearn,akearn9d@tinypic.com,Female,$150190.62,490984402,CC
339,Kara-lynn,Brannigan,kbrannigan9e@hostgator.com,Female,$723588.23,734723313,IT
340,Idell,Bleas,ibleas9f@mapy.cz,Female,$108443.45,637727664,PP
341,Mollie,Moncaster,mmoncaster9g@usa.gov,Female,$595150.01,307461728,PP
342,Ed,MacKeig,emackeig9h@ucoz.com,Male,$282919.04,742197667,CC
343,Krishna,Blackmore,kblackmore9i@wunderground.com,Male,$598934.72,908235550,PP
344,Laverne,Bursnoll,lbursnoll9j@deliciousdays.com,Female,$276992.64,53714314,IT
345,Teddie,Roy,troy9k@amazon.co.jp,Female,$896041.05,634326659,PP
346,Katerina,Wabb,kwabb9l@ustream.tv,Female,$348594.92,809569117,CC
347,Flemming,Scandrett,fscandrett9m@sun.com,Male,$252462.52,482669142,CC
348,Rollie,McNellis,rmcnellis9n@whitehouse.gov,Male,$671684.60,598420311,IT
349,Bev,Franz-Schoninger,bfranzschoninger9o@mlb.com,Female,$605914.18,135134312,CC
350,Josee,McKeney,jmckeney9p@google.com.hk,Female,$232289.37,924088285,IT
351,Lynnett,Ninotti,lninotti9q@reverbnation.com,Female,$827191.37,189960199,CC
352,Lulu,Manville,lmanville9r@hao123.com,Female,$752031.60,89057479,IT
353,Caldwell,Synnot,csynnot9s@altervista.org,Male,$715857.26,681916973,PP
354,Curr,Constanza,cconstanza9t@mozilla.com,Male,$419880.64,390436571,CC
355,Theresita,Quemby,tquemby9u@meetup.com,Female,$300906.37,29352881,CC
356,Benedicto,Eveque,beveque9v@phoca.cz,Male,$330501.74,828450764,PP
357,Remy,Sturridge,rsturridge9w@hud.gov,Female,$662893.49,854321253,CC
358,Adore,Rame,arame9x@chicagotribune.com,Female,$105913.37,226885157,IT
359,Antonella,Bulstrode,abulstrode9y@dagondesign.com,Female,$337341.47,801846792,IT
360,Bernadette,Gresly,bgresly9z@thetimes.co.uk,Female,$883677.83,853033088,PP
361,Ninetta,Blount,nblounta0@businessinsider.com,Female,$509541.85,1031388711,IT
362,Devina,Petric,dpetrica1@adobe.com,Female,$110023.03,443489965,PP
363,Austine,Spivey,aspiveya2@vinaora.com,Female,$833919.06,647904146,CC
364,Rosalinde,Hinz,rhinza3@woothemes.com,Female,$687350.12,1033140247,PP
365,Julie,Barrim,jbarrima4@vinaora.com,Female,$546884.14,58526127,IT
366,Rafaela,Cazalet,rcazaleta5@mozilla.org,Female,$773920.03,281497352,CC
367,Noel,Godfree,ngodfreea6@intel.com,Female,$217323.62,1013031218,CC
368,Cecilia,Franciotti,cfranciottia7@xrea.com,Female,$710199.76,681064359,PP
369,Corrie,Tungay,ctungaya8@gizmodo.com,Female,$233930.39,288290137,PP
370,Gordon,Yepiskov,gyepiskova9@canalblog.com,Male,$338182.21,542045676,IT
371,Adelind,Kennett,akennettaa@angelfire.com,Female,$654598.17,353735518,PP
372,Pip,Camili,pcamiliab@deviantart.com,Male,$283392.80,446603978,PP
373,Dugald,McCoish,dmccoishac@marketwatch.com,Male,$366320.59,370078367,IT
374,Rowney,See,rseead@blogspot.com,Male,$471327.00,72232033,CC
375,Leshia,Lyosik,llyosikae@youtu.be,Female,$130536.04,554022762,PP
376,Michele,Hanbury,mhanburyaf@mediafire.com,Female,$811476.68,721567667,PP
377,Opaline,Warland,owarlandag@instagram.com,Female,$782274.37,230131647,IT
378,Vanna,Marron,vmarronah@archive.org,Female,$817851.17,981388529,CC
379,Vivia,Jovanovic,vjovanovicai@bbc.co.uk,Female,$421930.83,687289174,PP
380,Skippy,Broggelli,sbroggelliaj@last.fm,Male,$327667.25,966408783,PP
381,Nelly,Backler,nbacklerak@oracle.com,Female,$907904.95,842333282,PP
382,Sigfrid,Eadmeads,seadmeadsal@xinhuanet.com,Male,$604268.73,196150465,PP
383,Marlee,Hundall,mhundallam@fastcompany.com,Female,$412014.82,26795206,IT
384,Merle,Beckley,mbeckleyan@webs.com,Male,$532177.02,40989389,CC
385,Cart,Bulled,cbulledao@mail.ru,Male,$883554.42,758689648,IT
386,Merrel,Thrussell,mthrussellap@privacy.gov.au,Male,$535355.47,300999671,CC
387,Ulrica,Jeroch,ujerochaq@adobe.com,Female,$194362.62,645827046,PP
388,Gustave,Grimsdell,ggrimsdellar@boston.com,Male,$839561.14,413700958,IT
389,Thorny,Primett,tprimettas@amazon.co.jp,Male,$922660.22,873984319,PP
390,Zared,Pyper,zpyperat@reddit.com,Male,$225220.35,25449215,CC
391,Shirley,Becken,sbeckenau@ycombinator.com,Female,$137425.62,148835934,PP
392,Gerick,Bofield,gbofieldav@blogger.com,Male,$214772.61,925803160,PP
393,Griff,Delgua,gdelguaaw@163.com,Male,$955153.30,435356354,CC
394,Curtis,Shimwell,cshimwellax@dropbox.com,Male,$611632.03,239871131,IT
395,Haydon,Arlidge,harlidgeay@google.co.uk,Male,$702589.00,1014654748,CC
396,Kristi,Renzo,krenzoaz@reverbnation.com,Female,$567888.84,688138671,PP
397,Farr,Atwill,fatwillb0@scribd.com,Male,$392274.82,576473915,CC
398,Obidiah,Poskitt,oposkittb1@dyndns.org,Male,$262153.85,475295481,IT
399,Debby,Guppey,dguppeyb2@uol.com.br,Female,$437469.62,298308002,PP
400,Broderick,Coaker,bcoakerb3@house.gov,Male,$828831.85,228125074,PP
401,Maxim,McConnal,mmcconnalb4@admin.ch,Male,$451442.20,423770003,CC
402,Tobie,Hardesty,thardestyb5@java.com,Male,$481758.38,841215588,IT
403,Rowland,Keaveny,rkeavenyb6@pen.io,Male,$714908.00,1004969573,CC
404,Reggi,Welds,rweldsb7@archive.org,Female,$648036.25,323596449,CC
405,Rahal,Harlowe,rharloweb8@last.fm,Female,$347887.05,234369981,PP
406,Prescott,Jerrom,pjerromb9@smh.com.au,Male,$560378.02,421210216,IT
407,Dareen,Red,dredba@stanford.edu,Female,$964949.62,154091342,CC
408,Trueman,Corley,tcorleybb@psu.edu,Male,$808694.87,871753715,CC
409,Rodney,Breadon,rbreadonbc@tumblr.com,Male,$894849.19,136172350,IT
410,Arlin,Trollope,atrollopebd@techcrunch.com,Male,$410420.39,80807352,PP
411,Irene,Pedican,ipedicanbe@eventbrite.com,Female,$141475.68,715184542,IT
412,Darcy,Hardwick,dhardwickbf@ebay.co.uk,Male,$276840.09,103445475,IT
413,Della,Sherewood,dsherewoodbg@patch.com,Female,$682482.48,122224394,CC
414,Jillana,Henner,jhennerbh@cargocollective.com,Female,$818457.91,628393454,CC
415,Ardys,Laming,alamingbi@themeforest.net,Female,$308212.23,760665375,IT
416,Upton,Querrard,uquerrardbj@rediff.com,Male,$535147.36,654262673,IT
417,Torry,McGunley,tmcgunleybk@abc.net.au,Male,$289287.90,95845784,CC
418,Fredi,McAvinchey,fmcavincheybl@clickbank.net,Female,$392294.95,148489313,PP
419,Orlando,Bamford,obamfordbm@mtv.com,Male,$502723.32,639235511,PP
420,Lonnie,Edds,leddsbn@angelfire.com,Female,$657287.81,656381011,IT
421,Sybila,Wathell,swathellbo@github.com,Female,$340551.09,497773965,CC
422,Iggie,Poyser,ipoyserbp@pinterest.com,Male,$555384.15,267812823,IT
423,Paula,Gowman,pgowmanbq@infoseek.co.jp,Female,$832168.96,161240510,IT
424,Cristabel,McTrustey,cmctrusteybr@slideshare.net,Female,$876889.10,125457134,CC
425,Ric,D'Almeida,rdalmeidabs@mapy.cz,Male,$497767.59,447187162,CC
426,Paolo,Menilove,pmenilovebt@github.io,Male,$384527.73,852754619,PP
427,Tucker,Gason,tgasonbu@businessweek.com,Male,$579595.22,49880347,CC
428,Maisie,Whitbread,mwhitbreadbv@sciencedaily.com,Female,$634117.38,821458974,CC
429,King,Hughson,khughsonbw@php.net,Male,$400719.12,402627069,IT
430,Jordanna,Geffinger,jgeffingerbx@ask.com,Female,$485868.25,996187842,CC
431,Wren,Mathan,wmathanby@homestead.com,Female,$341386.58,573303726,IT
432,Caterina,Motte,cmottebz@ocn.ne.jp,Female,$724346.77,252858884,IT
433,Ronnie,Keneleyside,rkeneleysidec0@elpais.com,Male,$762649.13,244067629,CC
434,Milissent,Yushin,myushinc1@apple.com,Female,$705670.12,431529161,IT
435,Elladine,Leidecker,eleideckerc2@wix.com,Female,$243141.13,704780519,IT
436,Christel,Deverale,cdeveralec3@sakura.ne.jp,Female,$539250.71,190674011,PP
437,Lesya,O' Reagan,loreaganc4@discovery.com,Female,$884145.99,436646303,IT
438,Perice,Dowson,pdowsonc5@huffingtonpost.com,Male,$110635.30,1014483428,IT
439,Creigh,Bernadzki,cbernadzkic6@cornell.edu,Male,$828609.60,755569849,CC
440,Colin,Stegell,cstegellc7@etsy.com,Male,$244082.63,561462515,PP
441,Mylo,Hounsome,mhounsomec8@tumblr.com,Male,$238109.59,153259881,CC
442,Yorker,Magowan,ymagowanc9@plala.or.jp,Male,$822580.79,412627647,PP
443,Falkner,Brunet,fbrunetca@ucsd.edu,Male,$175482.32,959085178,CC
444,Ann,Saill,asaillcb@facebook.com,Female,$500770.61,982954754,CC
445,Peder,Tullot,ptullotcc@dmoz.org,Male,$110763.31,967412332,IT
446,Vincent,Villa,vvillacd@fc2.com,Male,$434308.85,977921709,CC
447,Sal,Hargie,shargiece@feedburner.com,Male,$941602.31,517305426,CC
448,Daryl,Esposito,despositocf@un.org,Female,$230709.57,281565304,CC
449,Lorne,Jakobsson,ljakobssoncg@admin.ch,Male,$286493.23,184204585,PP
450,Griffith,Sawkin,gsawkinch@issuu.com,Male,$918312.54,195266127,CC
451,Les,Laker,llakerci@globo.com,Male,$721652.99,630114166,IT
452,Sylvan,Pardoe,spardoecj@nymag.com,Male,$685564.84,281155442,PP
453,Mallory,Lardnar,mlardnarck@instagram.com,Female,$289746.98,396732689,IT
454,Francisco,Hannant,fhannantcl@cbslocal.com,Male,$114266.74,955296967,IT
455,Adella,Causier,acausiercm@instagram.com,Female,$965697.08,77424938,IT
456,Marianne,Keefe,mkeefecn@skyrock.com,Female,$888093.04,105613679,IT
457,Tadio,Skivington,tskivingtonco@ox.ac.uk,Male,$175619.26,982872575,CC
458,Bord,Stichall,bstichallcp@ucsd.edu,Male,$846126.23,1002122429,IT
459,Ethelin,Fennelly,efennellycq@state.gov,Female,$735794.06,731581346,CC
460,Arlee,Broz,abrozcr@statcounter.com,Female,$823964.93,574106665,IT
461,Euphemia,Mayoral,emayoralcs@xinhuanet.com,Female,$919072.09,57093061,CC
462,Basile,Sterre,bsterrect@topsy.com,Male,$654567.06,724789889,IT
463,Arlina,Hiorn,ahiorncu@constantcontact.com,Female,$879524.81,900798528,IT
464,Mitch,Yellowley,myellowleycv@lycos.com,Male,$571719.04,466182131,PP
465,Farleigh,Gleave,fgleavecw@aboutads.info,Male,$184046.67,184878958,IT
466,Marco,Danelut,mdanelutcx@imdb.com,Male,$753164.57,1045861553,PP
467,Alaster,Extil,aextilcy@xing.com,Male,$111719.90,9613091,IT
468,Carl,Burree,cburreecz@icio.us,Male,$937545.74,363469531,IT
469,Obed,Van der Kruys,ovanderkruysd0@wikispaces.com,Male,$583302.52,529125973,IT
470,Hildy,Mussilli,hmussillid1@epa.gov,Female,$917440.88,155045753,CC
471,Ondrea,Cuesta,ocuestad2@reddit.com,Female,$832542.37,888135624,PP
472,Cazzie,Troke,ctroked3@squarespace.com,Male,$698401.29,891705712,IT
473,Trev,Stutter,tstutterd4@php.net,Male,$390125.68,318782469,PP
474,Cyrille,Giddings,cgiddingsd5@independent.co.uk,Male,$740053.03,22466578,CC
475,Garrard,Seiffert,gseiffertd6@163.com,Male,$540222.18,220439166,PP
476,Ruthie,Farrand,rfarrandd7@auda.org.au,Female,$123336.13,318150246,CC
477,Randa,Wooder,rwooderd8@opera.com,Female,$287875.47,18633573,IT
478,Shell,Beasleigh,sbeasleighd9@fotki.com,Female,$226646.12,432360524,CC
479,Ira,Siflet,isifletda@wp.com,Female,$123373.94,117616776,CC
480,Eleanore,Jopson,ejopsondb@cnet.com,Female,$198940.84,746501018,IT
481,Tremayne,Tyson,ttysondc@scribd.com,Male,$192250.33,52308847,PP
482,Kelly,Pennycock,kpennycockdd@yelp.com,Male,$778252.55,215701472,PP
483,Aggy,Paddefield,apaddefieldde@apple.com,Female,$287463.76,135892215,IT
484,Reinold,Edden,reddendf@dropbox.com,Male,$844600.80,689483983,IT
485,Marcellus,Ratchford,mratchforddg@geocities.jp,Male,$961578.37,586976319,PP
486,Delores,Hendin,dhendindh@forbes.com,Female,$332329.16,945099110,PP
487,Haydon,Wardell,hwardelldi@apple.com,Male,$643558.65,247742847,IT
488,Alden,Rainville,arainvilledj@quantcast.com,Male,$308557.61,616374513,IT
489,Milly,Cahan,mcahandk@twitpic.com,Female,$424331.92,683224327,PP
490,Gertruda,Rushman,grushmandl@goo.gl,Female,$190147.36,863737998,IT
491,Corrina,Greenley,cgreenleydm@google.com,Female,$413061.04,923283301,PP
492,Morgen,Tidcombe,mtidcombedn@mayoclinic.com,Male,$364301.51,838237081,IT
493,Nikaniki,Wallman,nwallmando@skype.com,Female,$333549.69,891159254,CC
494,Caesar,Skingley,cskingleydp@elpais.com,Male,$936757.93,238643032,IT
495,Jamal,Latehouse,jlatehousedq@washingtonpost.com,Male,$882480.20,141131745,CC
496,Cynde,Botten,cbottendr@upenn.edu,Female,$837118.41,749500132,CC
497,Hestia,Thorogood,hthorogoodds@wufoo.com,Female,$992059.11,480886772,IT
498,Emmit,Tregidga,etregidgadt@google.com.hk,Male,$349391.42,780750072,IT
499,Meredith,Peacocke,mpeacockedu@sohu.com,Male,$884673.39,683326740,IT
500,Frederich,Ivashev,fivashevdv@dedecms.com,Male,$937396.26,911714626,IT
501,Ruthie,Odegaard,rodegaarddw@blogs.com,Female,$378856.23,455211073,PP
502,Benita,Dytham,bdythamdx@slashdot.org,Female,$258999.75,442473239,IT
503,Eba,Hampe,ehampedy@wix.com,Female,$485161.40,977913883,PP
504,Quint,Mingardo,qmingardodz@cloudflare.com,Male,$182522.31,586486692,CC
505,Benni,Leas,blease0@odnoklassniki.ru,Female,$732365.13,1003507600,CC
506,Karoly,Espinet,kespinete1@slashdot.org,Male,$145213.62,320667938,PP
507,Dionysus,Miebes,dmiebese2@ehow.com,Male,$676809.43,239159100,CC
508,Margo,Beden,mbedene3@skype.com,Female,$904644.80,736194854,CC
509,Sisely,Deverock,sdeverocke4@hostgator.com,Female,$699810.79,621250229,PP
510,Thaddeus,MacCaughey,tmaccaugheye5@cdbaby.com,Male,$309247.29,1024036333,PP
511,Zared,Fosserd,zfosserde6@cafepress.com,Male,$417654.23,163952832,IT
512,Hamlin,Guillot,hguillote7@multiply.com,Male,$771958.77,210341151,PP
513,Liesa,Hulle,lhullee8@google.it,Female,$595618.28,335561022,IT
514,Darius,Charlet,dcharlete9@sciencedirect.com,Male,$907203.80,989164395,PP
515,Averyl,Fells,afellsea@bbc.co.uk,Female,$877856.73,290387881,IT
516,Chrissie,Seefeldt,cseefeldteb@huffingtonpost.com,Male,$847734.64,519870648,PP
517,Winny,Yushankin,wyushankinec@tumblr.com,Female,$664769.56,431075765,CC
518,Jennie,Scorthorne,jscorthorneed@vimeo.com,Female,$685963.93,865621577,PP
519,Pall,Reading,preadingee@lulu.com,Male,$361963.72,530863024,CC
520,Nathan,Bannester,nbannesteref@tuttocitta.it,Male,$643095.79,161585750,PP
521,Kissiah,Gambie,kgambieeg@foxnews.com,Female,$185608.38,955459067,PP
522,Dayna,Besant,dbesanteh@issuu.com,Female,$362605.74,990420327,PP
523,Tarrah,Rewbottom,trewbottomei@ycombinator.com,Female,$470473.33,728920627,PP
524,Jewelle,Walshe,jwalsheej@nymag.com,Female,$435802.86,523632333,CC
525,Oona,Conybear,oconybearek@indiegogo.com,Female,$255204.59,382363506,IT
526,Emerson,Fish,efishel@sourceforge.net,Male,$358034.00,500118279,PP
527,Beck,Shoemark,bshoemarkem@apache.org,Male,$900961.13,977341438,PP
528,Holt,Tilliards,htilliardsen@mail.ru,Male,$817173.87,726863403,PP
529,Bliss,Valentino,bvalentinoeo@yahoo.co.jp,Female,$530509.80,416524907,IT
530,Juana,Bemlott,jbemlottep@alexa.com,Female,$946061.97,177193762,PP
531,Dwight,Shand,dshandeq@youku.com,Male,$509011.51,25292115,IT
532,Ginger,Chettle,gchettleer@biglobe.ne.jp,Female,$345423.26,327072366,PP
533,Johnnie,Bolt,jboltes@si.edu,Male,$759240.71,418586901,IT
534,Haily,Giovanetti,hgiovanettiet@harvard.edu,Female,$990789.61,704761702,PP
535,Gunner,McCullough,gmccullougheu@goodreads.com,Male,$245005.13,500091120,PP
536,Elwood,Coule,ecouleev@imageshack.us,Male,$193165.27,277870352,IT
537,Dorthea,Mitchall,dmitchallew@japanpost.jp,Female,$159815.58,567259037,PP
538,Humbert,Hoggetts,hhoggettsex@rakuten.co.jp,Male,$932190.82,328600129,IT
539,Burtie,Jancik,bjancikey@samsung.com,Male,$370400.04,938022399,IT
540,Nollie,Spalls,nspallsez@seattletimes.com,Female,$264476.07,941672435,IT
541,Hadley,Chasles,hchaslesf0@ovh.net,Male,$698492.50,628615835,CC
542,Clovis,Found,cfoundf1@discovery.com,Female,$702325.89,367045240,IT
543,Kelly,Mockett,kmockettf2@dagondesign.com,Male,$592946.90,192070828,CC
544,Juan,Blankenship,jblankenshipf3@fda.gov,Male,$960684.08,883810081,IT
545,Bryn,Lamers,blamersf4@flickr.com,Male,$125356.50,324598884,PP
546,Stephen,Beaven,sbeavenf5@google.com.au,Male,$183193.90,900583460,PP
547,Emelina,Denis,edenisf6@usa.gov,Female,$176759.08,357027460,IT
548,Zorana,Dregan,zdreganf7@foxnews.com,Female,$423497.38,479934094,CC
549,Dot,Reymers,dreymersf8@meetup.com,Female,$255372.62,372034729,PP
550,Currie,Marquiss,cmarquissf9@apache.org,Male,$646747.11,401895500,CC
551,Ella,Shirtliff,eshirtlifffa@vinaora.com,Female,$302251.47,366200753,IT
552,Dudley,Hammond,dhammondfb@prnewswire.com,Male,$626354.56,768285686,CC
553,Keriann,Czadla,kczadlafc@ft.com,Female,$326741.92,742712555,CC
554,Luther,Lorand,llorandfd@myspace.com,Male,$492240.12,576319280,IT
555,Maxy,Spender,mspenderfe@goodreads.com,Male,$167770.27,515694201,IT
556,Brooks,Arnefield,barnefieldff@squidoo.com,Female,$636640.85,105461380,CC
557,Mersey,Broker,mbrokerfg@sohu.com,Female,$747891.08,153429729,CC
558,Reginauld,Pallesen,rpallesenfh@dailymail.co.uk,Male,$734915.47,324149720,PP
559,Merrill,Jandera,mjanderafi@wix.com,Female,$662438.26,912680865,PP
560,Burty,Wildman,bwildmanfj@cargocollective.com,Male,$900406.97,254175318,IT
561,Flinn,Villa,fvillafk@vk.com,Male,$185031.83,741821549,CC
562,Serge,Georgiev,sgeorgievfl@stanford.edu,Male,$392883.96,657296694,IT
563,Benedict,Earlam,bearlamfm@flavors.me,Male,$294266.86,559002418,CC
564,Addy,Zywicki,azywickifn@naver.com,Female,$983537.10,623587758,PP
565,Ambrosio,Cawker,acawkerfo@wikipedia.org,Male,$206185.76,432835057,CC
566,Nate,Lanceley,nlanceleyfp@mail.ru,Male,$318579.05,908875730,CC
567,Rae,Bayliss,rbaylissfq@rakuten.co.jp,Female,$404716.00,323966112,PP
568,Teddie,Cassius,tcassiusfr@nbcnews.com,Male,$292346.58,1014817534,CC
569,Nerissa,Bockler,nbocklerfs@si.edu,Female,$961655.32,977663049,CC
570,Marsiella,Bradick,mbradickft@dagondesign.com,Female,$520502.18,987208116,PP
571,Morgen,Stocky,mstockyfu@seesaa.net,Female,$985949.52,310766694,PP
572,Hyatt,Glanton,hglantonfv@aboutads.info,Male,$285589.66,903352632,CC
573,Elaina,Korejs,ekorejsfw@oracle.com,Female,$270968.86,810725838,IT
574,Cleon,Dunseath,cdunseathfx@senate.gov,Male,$162935.59,749678386,PP
575,Cos,Cuffley,ccuffleyfy@ask.com,Male,$869954.21,44579112,CC
576,August,Jobke,ajobkefz@biglobe.ne.jp,Male,$437332.61,369327331,PP
577,Maryanne,McDuffy,mmcduffyg0@gmpg.org,Female,$605626.80,436207397,IT
578,Jasmin,Garton,jgartong1@auda.org.au,Female,$844362.85,913685931,CC
579,Kippar,Stadden,kstaddeng2@odnoklassniki.ru,Male,$228752.21,408344424,IT
580,Itch,Viall,iviallg3@scientificamerican.com,Male,$583853.99,89390477,PP
581,Kile,Drynan,kdrynang4@bloglovin.com,Male,$349062.93,730204854,PP
582,Alyse,Budding,abuddingg5@mtv.com,Female,$334008.98,576432229,PP
583,Ruben,Iozefovich,riozefovichg6@google.com.br,Male,$970472.02,321494094,PP
584,Ralf,Nuemann,rnuemanng7@vkontakte.ru,Male,$352608.18,124251303,IT
585,Lezley,Moakes,lmoakesg8@diigo.com,Male,$679637.86,1000340019,CC
586,Emlen,Pattlel,epattlelg9@moonfruit.com,Male,$263992.86,288549640,PP
587,Buiron,Haszard,bhaszardga@flavors.me,Male,$412739.67,589277735,PP
588,Robby,Glasscoe,rglasscoegb@pcworld.com,Male,$239654.46,331654216,CC
589,Kit,Agate,kagategc@cornell.edu,Male,$823479.95,245319716,PP
590,Shurwood,Cressor,scressorgd@patch.com,Male,$280288.32,961566866,PP
591,Fanya,Silcocks,fsilcocksge@hc360.com,Female,$505223.03,412253393,CC
592,Buckie,Haselhurst,bhaselhurstgf@unesco.org,Male,$265354.48,939551041,PP
593,Orson,Dansey,odanseygg@alibaba.com,Male,$409593.55,707689376,PP
594,Norbert,Jobey,njobeygh@alibaba.com,Male,$201370.33,876587867,CC
595,Tiffanie,Begbie,tbegbiegi@soundcloud.com,Female,$251374.10,15017744,PP
596,Aleda,McKag,amckaggj@barnesandnoble.com,Female,$936066.16,567101663,PP
597,Aldwin,Millwall,amillwallgk@geocities.jp,Male,$369094.38,965074620,CC
598,Selene,Leschelle,sleschellegl@amazon.co.uk,Female,$278664.46,257543762,PP
599,Viva,Diter,vditergm@auda.org.au,Female,$645273.94,807136646,IT
600,Kikelia,Coomber,kcoombergn@weibo.com,Female,$951337.50,642782467,PP
601,Desiree,Cowan,dcowango@livejournal.com,Female,$180450.80,261624906,CC
602,Ches,Cufflin,ccufflingp@hugedomains.com,Male,$498147.53,280487965,PP
603,Carlyle,Worssam,cworssamgq@indiegogo.com,Male,$487619.08,557349040,IT
604,Gwyn,Bransom,gbransomgr@cloudflare.com,Female,$559793.04,271005253,PP
605,Stacy,Sleeford,ssleefordgs@flickr.com,Male,$783629.57,301759030,IT
606,Leonerd,Rosenberger,lrosenbergergt@miibeian.gov.cn,Male,$463599.46,863484616,CC
607,Annabela,Ravenshear,aravensheargu@dailymotion.com,Female,$514511.70,629037369,IT
608,Bobina,Haller,bhallergv@state.gov,Female,$362333.01,437885118,CC
609,Lemmy,Spellissy,lspellissygw@oaic.gov.au,Male,$879867.32,884593603,IT
610,Tommy,McKee,tmckeegx@ft.com,Male,$557736.27,732760115,IT
611,Mohandas,Bartolomeazzi,mbartolomeazzigy@nyu.edu,Male,$159191.51,49712909,IT
612,Holmes,Sirett,hsirettgz@vimeo.com,Male,$264349.97,639713157,PP
613,Nara,Chatenet,nchateneth0@hao123.com,Female,$471569.18,127226984,PP
614,Karisa,Baline,kbalineh1@mozilla.org,Female,$997230.82,308948774,PP
615,Cymbre,Mc Ilory,cmciloryh2@arizona.edu,Female,$198682.36,495052150,CC
616,Adelheid,Whiskin,awhiskinh3@cnbc.com,Female,$493072.03,18149170,CC
617,Cody,D'Orsay,cdorsayh4@shinystat.com,Male,$992713.92,363730980,IT
618,Davide,Bownes,dbownesh5@auda.org.au,Male,$601325.46,636790992,PP
619,Whitman,Buckwell,wbuckwellh6@elegantthemes.com,Male,$350884.12,159589148,IT
620,Kellie,Dunhill,kdunhillh7@wordpress.com,Female,$777283.52,1011842945,CC
621,Frasco,Chominski,fchominskih8@youku.com,Male,$645959.01,926434253,IT
622,Isak,Champain,ichampainh9@angelfire.com,Male,$130647.03,142680023,IT
623,Aubrey,Guille,aguilleha@cnn.com,Female,$460771.48,919540981,CC
624,Nial,Salt,nsalthb@purevolume.com,Male,$457806.25,248223826,IT
625,Jeremy,Wetherell,jwetherellhc@macromedia.com,Male,$137407.09,180932202,IT
626,Lannie,Collumbell,lcollumbellhd@weather.com,Male,$635060.80,61297389,PP
627,Der,Clavering,dclaveringhe@prnewswire.com,Male,$249113.88,629466258,CC
628,Westleigh,Bourchier,wbourchierhf@chicagotribune.com,Male,$909011.06,87978855,PP
629,Verina,Hatrick,vhatrickhg@goodreads.com,Female,$876602.80,60386118,CC
630,Kandace,McAirt,kmcairthh@archive.org,Female,$763087.79,1031515821,IT
631,Lanita,Rickerby,lrickerbyhi@dell.com,Female,$907091.81,576721336,PP
632,Coreen,Stanning,cstanninghj@last.fm,Female,$281321.64,821549395,PP
633,Bryon,Skace,bskacehk@simplemachines.org,Male,$162363.75,774137298,PP
634,Griffin,Oxer,goxerhl@cnet.com,Male,$950811.52,66680428,PP
635,Margarette,Fonteyne,mfonteynehm@cisco.com,Female,$479572.98,1000957069,CC
636,Serene,Santhouse,ssanthousehn@privacy.gov.au,Female,$916158.18,219212837,PP
637,Gare,Gregorowicz,ggregorowiczho@bloglines.com,Male,$966669.01,288362885,IT
638,Cash,Dinsey,cdinseyhp@hao123.com,Male,$723283.86,121648755,PP
639,Carmelle,Antczak,cantczakhq@usda.gov,Female,$250117.19,849851238,PP
640,Caz,Heineken,cheinekenhr@dailymail.co.uk,Male,$948534.04,367680763,PP
641,Nealson,Smewing,nsmewinghs@sogou.com,Male,$815771.74,653145055,CC
642,Ashien,Grewar,agrewarht@unesco.org,Female,$186031.73,249211915,IT
643,Martelle,Bolf,mbolfhu@go.com,Female,$477546.80,445517663,PP
644,Duffy,O'Sherrin,dosherrinhv@who.int,Male,$495089.86,276385767,PP
645,Garik,Marzelo,gmarzelohw@t-online.de,Male,$403297.79,26853303,IT
646,Quinn,Goodredge,qgoodredgehx@miitbeian.gov.cn,Female,$856077.02,809276313,CC
647,Isidoro,Seawell,iseawellhy@shop-pro.jp,Male,$228646.61,283012378,IT
648,Alla,Eadington,aeadingtonhz@samsung.com,Female,$236958.73,392152913,IT
649,Kirk,Yousef,kyousefi0@omniture.com,Male,$494582.14,507129110,IT
650,Bert,De Cruce,bdecrucei1@cnbc.com,Male,$480172.63,570096846,PP
651,Dave,Yetton,dyettoni2@ebay.com,Male,$123182.32,270024675,PP
652,Melicent,Ace,macei3@joomla.org,Female,$751791.10,194429189,CC
653,Lida,Luscott,lluscotti4@oracle.com,Female,$317306.62,781086355,CC
654,Graehme,Antoniewski,gantoniewskii5@purevolume.com,Male,$955395.46,462839715,IT
655,Robinson,Erwin,rerwini6@comsenz.com,Male,$246959.80,301778773,CC
656,Joelynn,Durning,jdurningi7@sfgate.com,Female,$631884.89,688385843,IT
657,Shayla,Gilhooly,sgilhoolyi8@apple.com,Female,$899459.53,869608886,PP
658,Ferrel,Dulanty,fdulantyi9@cnn.com,Male,$330942.29,639409409,CC
659,Lurlene,Redferne,lredferneia@patch.com,Female,$637425.16,413865037,IT
660,Freedman,Kirvell,fkirvellib@apache.org,Male,$857160.84,170520241,CC
661,David,Hacquard,dhacquardic@quantcast.com,Male,$403663.90,1016135426,IT
662,Yancey,Laurie,ylaurieid@tripod.com,Male,$390775.05,416234464,IT
663,Burt,Dymick,bdymickie@oakley.com,Male,$401019.25,793560086,CC
664,Alexandro,Dring,adringif@npr.org,Male,$867398.24,620309810,IT
665,Dahlia,Alcide,dalcideig@histats.com,Female,$585992.01,436286703,IT
666,Felecia,O'Coskerry,focoskerryih@independent.co.uk,Female,$218557.90,289210387,CC
667,Arlina,Malham,amalhamii@amazon.com,Female,$934299.40,102635490,PP
668,Ethelin,Doward,edowardij@bing.com,Female,$748770.36,32001787,PP
669,Jori,Gaddesby,jgaddesbyik@purevolume.com,Female,$608593.16,961442475,PP
670,Annecorinne,Jankowski,ajankowskiil@wordpress.com,Female,$383608.93,461526237,CC
671,Mano,Franklen,mfranklenim@weebly.com,Male,$618840.61,188903658,IT
672,Morrie,Ferneley,mferneleyin@google.pl,Male,$169267.33,301398465,CC
673,Hedi,Finden,hfindenio@apple.com,Female,$223297.06,568323351,PP
674,Wendeline,Kieff,wkieffip@ycombinator.com,Female,$930836.79,16608206,PP
675,Tripp,Buntain,tbuntainiq@printfriendly.com,Male,$283441.51,152263882,IT
676,Guy,Freemantle,gfreemantleir@illinois.edu,Male,$541355.36,562905225,PP
677,Arnold,Dymidowski,adymidowskiis@usgs.gov,Male,$660871.61,563026062,PP
678,Madlen,Iacobassi,miacobassiit@symantec.com,Female,$797095.10,482748802,CC
679,Aurea,Haine,ahaineiu@foxnews.com,Female,$416787.04,437387550,PP
680,Sheeree,Sizzey,ssizzeyiv@mlb.com,Female,$266121.95,83012174,CC
681,Marilyn,Roberds,mroberdsiw@sina.com.cn,Female,$389396.47,802145116,PP
682,Beth,Maddison,bmaddisonix@google.it,Female,$925960.64,139274662,IT
683,Kelsey,Grosier,kgrosieriy@marriott.com,Female,$454502.97,901089979,CC
684,Gleda,Duffer,gdufferiz@state.tx.us,Female,$580645.45,978440357,PP
685,Prue,Boake,pboakej0@wp.com,Female,$871113.41,877471445,CC
686,Adorne,Sanpher,asanpherj1@phoca.cz,Female,$275474.24,605554055,CC
687,Joelle,Imorts,jimortsj2@wordpress.org,Female,$790534.03,913217008,CC
688,Adan,Perrat,aperratj3@ocn.ne.jp,Female,$661873.84,597467407,CC
689,Kai,Breazeall,kbreazeallj4@npr.org,Female,$697257.14,126533871,CC
690,Goldie,Crabtree,gcrabtreej5@google.ca,Female,$275804.66,834980091,PP
691,Carlene,Harrie,charriej6@ehow.com,Female,$679653.81,599901144,CC
692,Etti,Iddons,eiddonsj7@weebly.com,Female,$556695.03,948869104,IT
693,Katrine,Carden,kcardenj8@sciencedirect.com,Female,$672416.58,790477518,IT
694,Skipp,Durgan,sdurganj9@devhub.com,Male,$325043.85,438480414,IT
695,Caro,Ciani,ccianija@ucsd.edu,Female,$214760.46,145343304,PP
696,Herb,Wenn,hwennjb@bing.com,Male,$173442.00,229350135,PP
697,Davina,Lowis,dlowisjc@istockphoto.com,Female,$138906.84,224701566,CC
698,Annnora,Dunn,adunnjd@princeton.edu,Female,$116985.70,774834353,PP
699,Sofia,O'Hone,sohoneje@rakuten.co.jp,Female,$289950.92,256790570,PP
700,Guy,Sharrier,gsharrierjf@blogspot.com,Male,$380617.36,358073754,PP
701,Trumaine,Dearing,tdearingjg@upenn.edu,Male,$714877.61,570695332,CC
702,Grove,Philippsohn,gphilippsohnjh@yale.edu,Male,$414984.91,178500297,IT
703,Dayle,Vidler,dvidlerji@salon.com,Female,$952073.65,392454417,CC
704,Pancho,Villalta,pvillaltajj@shutterfly.com,Male,$435079.53,121272534,PP
705,Earl,Fellos,efellosjk@vistaprint.com,Male,$672119.86,810324688,IT
706,Gasparo,Robertot,grobertotjl@cyberchimps.com,Male,$104688.76,457595266,PP
707,Baxie,Rippin,brippinjm@goodreads.com,Male,$684892.05,665871107,PP
708,Hamish,Cheesley,hcheesleyjn@blogtalkradio.com,Male,$572720.77,797616678,IT
709,Demetrius,Barrass,dbarrassjo@google.ru,Male,$252797.61,184126790,PP
710,Birgit,Alten,baltenjp@webs.com,Female,$440146.99,427661942,PP
711,Barbaraanne,Caban,bcabanjq@photobucket.com,Female,$970202.37,827891792,IT
712,Ashton,Caudray,acaudrayjr@vkontakte.ru,Male,$855724.61,58410935,CC
713,Jaclyn,Sherebrook,jsherebrookjs@flavors.me,Female,$992894.36,755728581,CC
714,Lethia,Tregensoe,ltregensoejt@ameblo.jp,Female,$363575.64,756302542,IT
715,Arlyne,Wedmore,awedmoreju@cnbc.com,Female,$601674.85,535721042,CC
716,Allyn,Basilotta,abasilottajv@ask.com,Female,$891789.97,390520441,CC
717,Broderic,Danovich,bdanovichjw@weebly.com,Male,$598367.15,993772696,PP
718,Phaidra,Romeril,promeriljx@histats.com,Female,$980621.96,255653127,PP
719,Byron,Almack,balmackjy@macromedia.com,Male,$736305.69,778238196,IT
720,Llewellyn,Doctor,ldoctorjz@hubpages.com,Male,$333055.05,1005944106,CC
721,Ham,MacCurtain,hmaccurtaink0@barnesandnoble.com,Male,$689214.65,77546898,IT
722,Laurette,Giovannoni,lgiovannonik1@microsoft.com,Female,$421562.79,499491797,IT
723,Robb,Borzoni,rborzonik2@addthis.com,Male,$233940.78,545851536,PP
724,Cly,Terrett,cterrettk3@latimes.com,Male,$277664.10,598912172,PP
725,Burtie,Swyn,bswynk4@list-manage.com,Male,$567923.20,319485790,CC
726,Giffer,Cuthill,gcuthillk5@usatoday.com,Male,$935850.88,891110475,CC
727,Arlinda,Purvey,apurveyk6@freewebs.com,Female,$722310.79,1049226382,PP
728,Lionello,Kubicka,lkubickak7@newsvine.com,Male,$350188.97,676280433,CC
729,Reynolds,Barmadier,rbarmadierk8@woothemes.com,Male,$921975.82,677044274,CC
730,Cammi,Deport,cdeportk9@bigcartel.com,Female,$350239.20,816124179,PP
731,Northrop,Cauderlie,ncauderlieka@psu.edu,Male,$166597.27,708205250,PP
732,Alyse,Poulney,apoulneykb@tripod.com,Female,$726762.40,250085763,CC
733,Winslow,Radborn,wradbornkc@washingtonpost.com,Male,$392829.29,720436862,PP
734,Edgar,Thorington,ethoringtonkd@apple.com,Male,$552599.26,89806078,IT
735,Rurik,Di Francesco,rdifrancescoke@squarespace.com,Male,$245997.88,306155301,PP
736,Emelda,Ivery,eiverykf@unc.edu,Female,$479530.05,736393193,PP
737,Jehu,Laban,jlabankg@telegraph.co.uk,Male,$544907.14,474787654,IT
738,Estel,Asser,easserkh@geocities.com,Female,$920016.85,547999129,PP
739,Cleve,Goalley,cgoalleyki@tripod.com,Male,$353700.28,380261258,IT
740,Alene,MacGibbon,amacgibbonkj@nhs.uk,Female,$959988.27,398181983,PP
741,Emmanuel,Jancar,ejancarkk@hugedomains.com,Male,$836119.69,495097913,IT
742,Bradly,Harrill,bharrillkl@army.mil,Male,$172227.16,745570692,PP
743,Byron,Trembath,btrembathkm@oakley.com,Male,$279021.41,573069819,CC
744,Vladimir,Wherton,vwhertonkn@reuters.com,Male,$206956.31,128854023,CC
745,Pollyanna,Skeldinge,pskeldingeko@nifty.com,Female,$636666.20,607440547,PP
746,Taylor,Levison,tlevisonkp@macromedia.com,Male,$828269.11,138027668,CC
747,Gussy,Vickerman,gvickermankq@prweb.com,Female,$533375.22,198211665,PP
748,Nickey,Deek,ndeekkr@ebay.co.uk,Male,$506527.29,661441012,IT
749,Clementina,Durkin,cdurkinks@google.co.uk,Female,$752922.83,1023671816,CC
750,Simone,Attewell,sattewellkt@clickbank.net,Male,$579480.70,17887392,PP
751,Kliment,Heelis,kheelisku@cnet.com,Male,$226317.83,291786425,PP
752,Tawsha,Headings,theadingskv@harvard.edu,Female,$777040.32,143897794,IT
753,Nickola,Newlan,nnewlankw@irs.gov,Male,$131712.65,825794602,IT
754,Edward,Humphries,ehumphrieskx@github.io,Male,$934826.88,1048435893,PP
755,Fran,Mucklow,fmucklowky@t.co,Male,$150184.24,432708709,IT
756,Hadley,Heeley,hheeleykz@sciencedaily.com,Male,$803334.18,965603498,PP
757,Sonnie,Dafforne,sdaffornel0@dagondesign.com,Male,$721129.31,1028141149,PP
758,Brion,Adderley,badderleyl1@paginegialle.it,Male,$651833.10,241605190,IT
759,Pru,Alenichev,palenichevl2@cpanel.net,Female,$905105.10,206243746,PP
760,Elmer,Hutchason,ehutchasonl3@imdb.com,Male,$573067.66,134818682,CC
761,Deloria,Beet,dbeetl4@columbia.edu,Female,$729868.67,518426192,CC
762,Christy,Hillan,chillanl5@123-reg.co.uk,Female,$960486.57,346116294,IT
763,Dominique,Couldwell,dcouldwelll6@unblog.fr,Male,$100365.51,294209857,CC
764,Laughton,Ros,lrosl7@spotify.com,Male,$918818.93,588344074,PP
765,Brook,M'cowis,bmcowisl8@apple.com,Male,$979912.56,500288154,PP
766,Erin,Ailsbury,eailsburyl9@amazon.co.uk,Male,$131212.04,189374737,PP
767,Berta,Oliver,boliverla@google.fr,Female,$473346.56,991867279,PP
768,Eberto,Oxlee,eoxleelb@vistaprint.com,Male,$280862.96,1034566444,PP
769,Grenville,Sadry,gsadrylc@usa.gov,Male,$766319.70,54207808,CC
770,Ingra,Hebborn,ihebbornld@shutterfly.com,Male,$267276.61,561605056,PP
771,Alfi,Matanin,amataninle@furl.net,Female,$427030.81,733676052,IT
772,Ardisj,Yanne,ayannelf@nps.gov,Female,$454755.77,76487470,PP
773,Bastian,Hancell,bhancelllg@jimdo.com,Male,$476282.56,272370167,PP
774,Bamby,Goose,bgooselh@cbslocal.com,Female,$712081.68,785776550,CC
775,Dewie,Sellers,dsellersli@walmart.com,Male,$105370.68,753062875,PP
776,Kory,Najera,knajeralj@sciencedaily.com,Male,$405780.98,509731446,IT
777,Ynez,Habishaw,yhabishawlk@go.com,Female,$743713.00,734789565,CC
778,Chev,Deeny,cdeenyll@mapquest.com,Male,$181054.85,900936094,IT
779,Zola,Kenefick,zkeneficklm@uiuc.edu,Female,$770851.46,265615770,IT
780,Shelley,Lisciandri,slisciandriln@umich.edu,Male,$507324.07,555294971,IT
781,Lotte,Whitsun,lwhitsunlo@lycos.com,Female,$511480.31,992831587,CC
782,Lurlene,Tidcombe,ltidcombelp@marriott.com,Female,$434127.24,821622578,CC
783,Ingrid,Risebrow,irisebrowlq@blogtalkradio.com,Female,$222828.15,678324114,CC
784,Madelina,Mumford,mmumfordlr@miibeian.gov.cn,Female,$611237.65,462353397,IT
785,Tammara,Lamping,tlampingls@prnewswire.com,Female,$497882.26,875254764,PP
786,Hestia,Nibley,hnibleylt@nymag.com,Female,$597278.05,829725413,PP
787,Myrtle,Konrad,mkonradlu@cargocollective.com,Female,$119845.78,654656339,PP
788,Oralla,Terlinden,oterlindenlv@studiopress.com,Female,$432633.68,981294411,PP
789,Tricia,Hodge,thodgelw@irs.gov,Female,$321563.05,537274730,PP
790,Rivi,Manwaring,rmanwaringlx@nih.gov,Female,$866028.45,72322241,CC
791,Antonin,Salvage,asalvagely@blogs.com,Male,$195538.05,450362652,PP
792,Lani,Gillis,lgillislz@time.com,Female,$223967.60,134633527,PP
793,Ulises,Millom,umillomm0@wp.com,Male,$818785.40,353062680,IT
794,Kath,Bambrick,kbambrickm1@constantcontact.com,Female,$845690.04,452010769,IT
795,Hugo,Whitehead,hwhiteheadm2@bloomberg.com,Male,$740431.48,414398946,IT
796,Kareem,Pleasance,kpleasancem3@dyndns.org,Male,$362893.76,570462118,PP
797,Briano,Buche,bbuchem4@cbsnews.com,Male,$563454.22,729541669,CC
798,Marion,Bosward,mboswardm5@cafepress.com,Female,$971350.77,252839548,IT
799,Kerk,Paulet,kpauletm6@adobe.com,Male,$332774.88,346635523,IT
800,Alexander,Bravey,abraveym7@eventbrite.com,Male,$842560.74,176374650,PP
801,Tildy,Gyngell,tgyngellm8@amazon.co.jp,Female,$891244.56,623382485,PP
802,Morna,Lauchlan,mlauchlanm9@msu.edu,Female,$310978.38,862629658,CC
803,Nick,Hallt,nhalltma@engadget.com,Male,$705193.96,1047349765,PP
804,Finn,Berthon,fberthonmb@addtoany.com,Male,$441484.34,34630542,IT
805,Haze,Cary,hcarymc@state.gov,Male,$543046.51,73029237,IT
806,Nona,Velten,nveltenmd@facebook.com,Female,$264060.05,180514240,IT
807,Forest,Skeffington,fskeffingtonme@facebook.com,Male,$463636.20,606615848,CC
808,Ulla,Panks,upanksmf@google.co.jp,Female,$472188.79,88601018,IT
809,Shane,Dayer,sdayermg@epa.gov,Male,$126489.86,157501339,PP
810,Jana,Pearsall,jpearsallmh@devhub.com,Female,$598305.79,379219253,PP
811,Jilly,Carabet,jcarabetmi@wunderground.com,Female,$305508.05,40767204,CC
812,Elbertine,Learmonth,elearmonthmj@senate.gov,Female,$956614.47,895668497,CC
813,Cosme,Grewer,cgrewermk@oaic.gov.au,Male,$127048.06,502673548,CC
814,Friederike,Chmarny,fchmarnyml@moonfruit.com,Female,$539199.84,364366261,CC
815,Wit,Buckmaster,wbuckmastermm@japanpost.jp,Male,$977466.50,656445295,IT
816,Starr,Feakins,sfeakinsmn@msu.edu,Female,$653597.51,588188305,IT
817,Farrell,Clendennen,fclendennenmo@ezinearticles.com,Male,$351939.38,452072276,PP
818,Giulio,Osmar,gosmarmp@nytimes.com,Male,$468380.25,916982356,CC
819,Frederich,Antic,fanticmq@youtube.com,Male,$663612.34,433477360,CC
820,Madalena,Mcettrick,mmcettrickmr@nifty.com,Female,$682487.73,891901240,CC
821,Delcina,Scroggins,dscrogginsms@telegraph.co.uk,Female,$176517.99,834574789,CC
822,Mavis,Ortet,mortetmt@google.fr,Female,$454978.61,755880370,IT
823,Georgiana,Perdue,gperduemu@nasa.gov,Female,$471757.83,628118906,CC
824,Eduard,Grzeszczak,egrzeszczakmv@bing.com,Male,$580080.75,609122686,CC
825,Jamison,Zylbermann,jzylbermannmw@nationalgeographic.com,Male,$665026.60,175554036,PP
826,Forest,Hogsden,fhogsdenmx@cornell.edu,Male,$818533.54,229384768,CC
827,Nikolaus,Reame,nreamemy@yellowpages.com,Male,$319781.70,656800610,CC
828,Vachel,Knowling,vknowlingmz@creativecommons.org,Male,$525652.14,954192706,PP
829,Minnie,Frantz,mfrantzn0@fda.gov,Female,$726147.75,1032311967,PP
830,Valentia,Arran,varrann1@economist.com,Female,$438573.70,864901454,PP
831,Zsazsa,McGettrick,zmcgettrickn2@google.com,Female,$369249.83,70417406,PP
832,Cicely,De Francesco,cdefrancescon3@usda.gov,Female,$186670.41,134250021,IT
833,Madison,Athowe,mathowen4@usgs.gov,Male,$784083.34,33769236,PP
834,Tabbi,Losbie,tlosbien5@who.int,Female,$177106.72,565591900,IT
835,Lammond,Silver,lsilvern6@etsy.com,Male,$429816.57,733800782,IT
836,Leda,Collie,lcollien7@mediafire.com,Female,$829290.23,391727722,IT
837,Delmore,Barrand,dbarrandn8@vimeo.com,Male,$480229.47,626733302,IT
838,Angelo,Laddle,aladdlen9@wsj.com,Male,$846215.20,356608451,IT
839,Tawnya,Ormerod,tormerodna@skyrock.com,Female,$545453.92,497053758,CC
840,Udall,Brech,ubrechnb@dion.ne.jp,Male,$676349.90,35310693,PP
841,Ab,Cocozza,acocozzanc@java.com,Male,$833223.54,686742151,PP
842,Ninon,Okker,nokkernd@cbc.ca,Female,$892178.90,401666208,IT
843,Liv,Boddie,lboddiene@house.gov,Female,$936237.42,292362570,PP
844,Curtice,Evenden,cevendennf@feedburner.com,Male,$992983.38,1049383237,CC
845,Augusto,Neising,aneisingng@netvibes.com,Male,$372517.06,567922976,CC
846,Erastus,Dorsey,edorseynh@ca.gov,Male,$111629.87,517516628,IT
847,Valle,Sherston,vsherstonni@netscape.com,Male,$336829.80,292348227,CC
848,Miles,Matthews,mmatthewsnj@jalbum.net,Male,$122179.30,700526485,CC
849,Morlee,Kippin,mkippinnk@utexas.edu,Male,$461468.80,995867651,PP
850,Ebonee,Filson,efilsonnl@tripadvisor.com,Female,$656192.94,472740787,CC
851,Adriana,MacGillreich,amacgillreichnm@yelp.com,Female,$861687.83,1012121130,PP
852,Adrienne,Foxley,afoxleynn@hubpages.com,Female,$960091.57,489419407,PP
853,Kippy,Mapletoft,kmapletoftno@squidoo.com,Female,$392240.87,467264607,IT
854,Casey,Orsi,corsinp@usa.gov,Female,$929259.37,212553005,PP
855,Eugene,Leatt,eleattnq@tuttocitta.it,Male,$840211.53,1007295649,PP
856,Ramon,Stapels,rstapelsnr@chicagotribune.com,Male,$879375.69,29821940,PP
857,Karoly,Cornillot,kcornillotns@oakley.com,Male,$623416.71,591461096,PP
858,Teri,Faust,tfaustnt@globo.com,Female,$259323.47,665651010,CC
859,Kora,Corking,kcorkingnu@vimeo.com,Female,$518787.51,275149808,PP
860,Hermine,Corkitt,hcorkittnv@cdc.gov,Female,$379441.79,589756197,PP
861,Heda,Simmonett,hsimmonettnw@hc360.com,Female,$767309.42,426704250,IT
862,Amble,Gillis,agillisnx@army.mil,Male,$394612.50,286878330,CC
863,Alyda,Ratcliffe,aratcliffeny@miibeian.gov.cn,Female,$301741.47,619129782,PP
864,Louisa,Bithell,lbithellnz@ft.com,Female,$357796.07,36969204,PP
865,Ag,Spellsworth,aspellswortho0@ow.ly,Female,$501114.78,1026604354,CC
866,Debora,Urian,duriano1@newyorker.com,Female,$348138.48,70938715,CC
867,Karil,Seawright,kseawrighto2@ifeng.com,Female,$814633.83,150268599,IT
868,Torrin,D'Cruze,tdcruzeo3@jiathis.com,Male,$774391.45,343272789,IT
869,Anitra,Toman,atomano4@answers.com,Female,$324255.12,863891830,PP
870,Lorilee,Matlock,lmatlocko5@adobe.com,Female,$632647.93,197498986,CC
871,Jarvis,Winkworth,jwinkwortho6@cafepress.com,Male,$289138.35,346676713,CC
872,Jaquenette,Jamieson,jjamiesono7@amazonaws.com,Female,$945796.65,1036566083,PP
873,Johann,Lucia,jluciao8@fda.gov,Male,$287468.41,471334410,IT
874,Mychal,Caulwell,mcaulwello9@state.gov,Male,$626261.15,641386452,CC
875,Niel,Korneluk,nkornelukoa@sitemeter.com,Male,$607803.91,161924341,IT
876,Imelda,Lovel,ilovelob@phpbb.com,Female,$810223.56,576278507,IT
877,Karin,Di Bartolomeo,kdibartolomeooc@google.ru,Female,$392683.05,657493378,PP
878,Gerick,Coutthart,gcoutthartod@hhs.gov,Male,$898420.61,858668683,IT
879,Hurley,Forestall,hforestalloe@bloglovin.com,Male,$916642.45,785247478,IT
880,Sylvia,Balas,sbalasof@geocities.com,Female,$293055.37,490869107,CC
881,Lyell,Matveiko,lmatveikoog@cargocollective.com,Male,$436515.98,588149612,IT
882,Rubi,Willmetts,rwillmettsoh@ocn.ne.jp,Female,$636200.76,623603660,PP
883,Meryl,Finley,mfinleyoi@pagesperso-orange.fr,Male,$905720.66,707881312,PP
884,Mignon,MacAloren,mmacalorenoj@sourceforge.net,Female,$539996.00,761198210,IT
885,Worden,Fensome,wfensomeok@soup.io,Male,$222304.61,1027365522,PP
886,Lemuel,Stoakes,lstoakesol@dyndns.org,Male,$487632.41,671210330,PP
887,Ruby,Trenam,rtrenamom@netscape.com,Female,$745266.93,322095901,CC
888,Concordia,Priest,cprieston@google.com,Female,$219539.00,392392748,CC
889,Buddie,Lettington,blettingtonoo@ted.com,Male,$188094.28,561568294,IT
890,Rik,Cooch,rcoochop@storify.com,Male,$614709.34,117164295,CC
891,Mic,Thridgould,mthridgouldoq@gizmodo.com,Male,$199816.66,726785944,PP
892,Bevin,Joutapaitis,bjoutapaitisor@theglobeandmail.com,Male,$837253.83,277481818,PP
893,Chaddie,Blacktin,cblacktinos@behance.net,Male,$894760.53,281148495,CC
894,Ranique,Eller,rellerot@telegraph.co.uk,Female,$340434.69,425883578,PP
895,Bird,Andrioni,bandrioniou@wikispaces.com,Female,$239052.88,811112447,PP
896,Leeland,Borthwick,lborthwickov@merriam-webster.com,Male,$351251.27,766989597,IT
897,Sosanna,Tash,stashow@reddit.com,Female,$621416.50,367580654,PP
898,Adaline,Benneyworth,abenneyworthox@dailymotion.com,Female,$988219.56,458684437,PP
899,Carie,Konig,ckonigoy@java.com,Female,$147628.43,883944256,CC
900,Gray,Vala,gvalaoz@ask.com,Female,$420540.90,72104189,IT
901,Wolf,Mothersole,wmothersolep0@samsung.com,Male,$192371.40,584631330,IT
902,Wernher,Pagram,wpagramp1@weather.com,Male,$329969.14,674874505,IT
903,Dotty,Huonic,dhuonicp2@cnet.com,Female,$949765.62,261831485,PP
904,Nels,MacArte,nmacartep3@cpanel.net,Male,$515582.32,892058367,CC
905,Nicola,Timmes,ntimmesp4@topsy.com,Male,$782138.86,656294297,IT
906,Berty,Izen,bizenp5@vinaora.com,Male,$226019.92,1017105186,CC
907,Vicky,Flasby,vflasbyp6@webeden.co.uk,Female,$197611.31,187964170,PP
908,Ailyn,Braikenridge,abraikenridgep7@typepad.com,Female,$676619.35,247291523,PP
909,Cristi,Tomalin,ctomalinp8@bing.com,Female,$694409.82,575224979,CC
910,L;urette,Heselwood,lheselwoodp9@hubpages.com,Female,$519268.53,253594174,PP
911,Kaspar,Townby,ktownbypa@huffingtonpost.com,Male,$309862.58,412306484,PP
912,Dynah,Marunchak,dmarunchakpb@berkeley.edu,Female,$972449.05,975028947,PP
913,Miran,Sickamore,msickamorepc@joomla.org,Female,$919149.67,956391251,IT
914,Halsy,Shreeves,hshreevespd@instagram.com,Male,$824462.67,530687479,PP
915,Reinold,Hodgen,rhodgenpe@com.com,Male,$688395.45,755297229,CC
916,Reiko,Loveard,rloveardpf@statcounter.com,Female,$811362.72,458897550,IT
917,Maury,Ilyuchyov,milyuchyovpg@nydailynews.com,Male,$959891.08,353349643,CC
918,Malinde,Critchard,mcritchardph@state.gov,Female,$259823.21,744700714,CC
919,Tobye,Hurrell,thurrellpi@blogspot.com,Female,$694577.95,742932043,IT
920,Christian,Dinesen,cdinesenpj@jimdo.com,Female,$196804.48,403789419,CC
921,Joete,Caswall,jcaswallpk@indiatimes.com,Female,$803465.09,804524581,IT
922,Lonnie,Lankester,llankesterpl@moonfruit.com,Female,$550114.67,203683105,IT
923,Rollie,Pfeffel,rpfeffelpm@psu.edu,Male,$404614.95,915398525,CC
924,Nap,Zorzutti,nzorzuttipn@indiatimes.com,Male,$231056.57,40733233,PP
925,Melloney,Nono,mnonopo@cafepress.com,Female,$198919.53,606514643,IT
926,Nananne,Carous,ncarouspp@economist.com,Female,$478263.17,1037155605,IT
927,Rosalyn,Franiak,rfraniakpq@scientificamerican.com,Female,$935458.29,942440026,PP
928,Bab,Mugridge,bmugridgepr@pcworld.com,Female,$707603.92,39688709,IT
929,Charmain,McCanny,cmccannyps@flickr.com,Female,$710606.08,368107606,PP
930,Andy,Pape,apapept@google.ca,Male,$975333.23,442178234,IT
931,Broddie,Nelthrop,bnelthroppu@ustream.tv,Male,$768096.18,824617272,CC
932,Tammy,Speeks,tspeekspv@bandcamp.com,Male,$710224.35,1033666787,IT
933,Morry,Carluccio,mcarlucciopw@constantcontact.com,Male,$438689.21,679195676,PP
934,Eda,Markus,emarkuspx@moonfruit.com,Female,$997191.22,12926483,CC
935,Cathe,Stent,cstentpy@example.com,Female,$631303.13,612018930,IT
936,Olenolin,Girardet,ogirardetpz@phoca.cz,Male,$481202.69,615358199,CC
937,Cos,Kubecka,ckubeckaq0@ovh.net,Male,$739056.22,346628956,CC
938,Phelia,Zink,pzinkq1@prlog.org,Female,$812492.15,53205407,PP
939,Basia,Roake,broakeq2@oracle.com,Female,$531291.57,24348033,CC
940,Jolee,Massot,jmassotq3@umn.edu,Female,$676553.00,421134763,IT
941,Davy,Gateman,dgatemanq4@admin.ch,Male,$451133.59,658224264,IT
942,Ingelbert,Millmoe,imillmoeq5@pagesperso-orange.fr,Male,$804589.60,326816840,CC
943,Jakob,Gowrich,jgowrichq6@mapy.cz,Male,$412080.66,496350132,IT
944,Heindrick,Essame,hessameq7@bandcamp.com,Male,$875056.23,762410890,IT
945,Margaret,Bulbrook,mbulbrookq8@answers.com,Female,$515216.81,547686205,CC
946,Dorelia,Stapley,dstapleyq9@uol.com.br,Female,$919397.86,612352986,CC
947,Ellynn,Russo,erussoqa@mayoclinic.com,Female,$400756.18,491435554,PP
948,Kale,Clemensen,kclemensenqb@skype.com,Male,$508954.51,61601659,IT
949,Gare,Arran,garranqc@blinklist.com,Male,$826396.76,542193950,PP
950,Tiffie,Attridge,tattridgeqd@opensource.org,Female,$829699.26,458929374,CC
951,Jason,Cardon,jcardonqe@pagesperso-orange.fr,Male,$862154.85,355142730,PP
952,Benn,Daton,bdatonqf@google.com.hk,Male,$115926.11,434737342,PP
953,Ignacius,Berryman,iberrymanqg@google.cn,Male,$924204.51,658130335,IT
954,Ulla,Bollum,ubollumqh@bloglovin.com,Female,$577111.26,562430973,IT
955,Robby,Lugton,rlugtonqi@google.it,Female,$807162.47,326677685,IT
956,Bettine,Lockier,blockierqj@amazon.de,Female,$650409.83,399221843,IT
957,Abbott,Akenhead,aakenheadqk@paginegialle.it,Male,$328798.43,441414210,IT
958,Mindy,Borthwick,mborthwickql@marketwatch.com,Female,$394189.32,93538074,IT
959,Gerhardt,Robbins,grobbinsqm@gizmodo.com,Male,$204117.72,593480931,PP
960,Lew,Jallin,ljallinqn@mlb.com,Male,$181625.78,427456678,CC
961,Percy,Moggle,pmoggleqo@typepad.com,Male,$923364.17,271769800,CC
962,Inga,McGahey,imcgaheyqp@webnode.com,Female,$321316.91,616530688,CC
963,Chrisse,Ruste,crusteqq@businessweek.com,Male,$701089.36,900551037,IT
964,Judas,Torns,jtornsqr@upenn.edu,Male,$692341.26,194833594,PP
965,Nari,Speenden,nspeendenqs@cisco.com,Female,$327967.07,407239619,PP
966,Melesa,Shill,mshillqt@ebay.co.uk,Female,$942215.67,514267335,CC
967,Lindi,Bargh,lbarghqu@surveymonkey.com,Female,$314671.44,1035317358,PP
968,Keir,Pittford,kpittfordqv@google.com.br,Male,$862992.98,443445496,CC
969,Clarita,Fitzsymon,cfitzsymonqw@nyu.edu,Female,$671523.14,133609716,IT
970,Keslie,Circuit,kcircuitqx@wikipedia.org,Female,$660020.37,810574700,CC
971,Erroll,Illiston,eillistonqy@sfgate.com,Male,$820953.11,672735676,CC
972,Maximilian,Jecock,mjecockqz@google.nl,Male,$743240.53,181624018,PP
973,Thedrick,Giraths,tgirathsr0@marriott.com,Male,$784161.86,717297758,IT
974,Christophorus,Nozzolinii,cnozzoliniir1@amazon.de,Male,$907309.28,649649266,PP
975,Ramsey,Bavester,rbavesterr2@hatena.ne.jp,Male,$846545.28,397952303,IT
976,Aleksandr,Caseborne,acaseborner3@t-online.de,Male,$807774.61,242873046,PP
977,Sky,Duggleby,sdugglebyr4@squidoo.com,Male,$338831.43,788628287,CC
978,Parsifal,Shepherd,pshepherdr5@globo.com,Male,$836383.10,793167472,CC
979,Lorine,Giacobo,lgiacobor6@tripod.com,Female,$381322.24,501319126,IT
980,Dallon,McCrostie,dmccrostier7@rambler.ru,Male,$246571.86,17875474,CC
981,Doralynne,Itscovitz,ditscovitzr8@ow.ly,Female,$879669.01,1037645948,IT
982,Siouxie,Cornforth,scornforthr9@xrea.com,Female,$740340.68,121977250,CC
983,Elke,Lyman,elymanra@drupal.org,Female,$441407.17,224492581,CC
984,Wyatan,Mc Cahey,wmccaheyrb@washingtonpost.com,Male,$199118.08,1033453366,PP
985,Damita,Gremane,dgremanerc@nba.com,Female,$235066.34,1023134961,PP
986,Vinny,Durbyn,vdurbynrd@psu.edu,Female,$281038.07,420939650,IT
987,Franny,Jones,fjonesre@devhub.com,Female,$354721.86,875370771,IT
988,Munmro,Covil,mcovilrf@scientificamerican.com,Male,$899932.58,54037768,IT
989,Lou,Shallcross,lshallcrossrg@ocn.ne.jp,Female,$305799.75,92151483,IT
990,Barnie,Lidell,blidellrh@domainmarket.com,Male,$433626.10,948377021,IT
991,Bethanne,Czadla,bczadlari@toplist.cz,Female,$422585.48,470529934,PP
992,Tan,Leatherland,tleatherlandrj@nps.gov,Male,$636445.35,471991480,IT
993,George,Beert,gbeertrk@github.io,Female,$768031.41,784099671,IT
994,Drusi,Occleshaw,doccleshawrl@amazon.co.uk,Female,$722114.24,362343660,PP
995,Vinson,Iglesias,viglesiasrm@cloudflare.com,Male,$897520.02,313696037,IT
996,Rafe,Disbrow,rdisbrowrn@statcounter.com,Male,$460325.69,921886650,CC
997,Zackariah,Cliss,zclissro@storify.com,Male,$771475.63,851795849,IT
998,Hughie,Brosch,hbroschrp@vk.com,Male,$379432.15,272227813,PP
999,Ramona,Rock,rrockrq@google.co.jp,Female,$972044.72,1022820423,PP
1000,Tito,Wissby,twissbyrr@facebook.com,Male,$482148.56,631067530,CC
